date,open,high,low,close,volume,amount,stock_id,name,industry_category,macd,macd_signal,macd_hist,ema20,ema60,ema120,rsi14,adx14,atr14,volume_ma20,amount_ma20,close_20d_high,close_10d_low,lr_slope_20,lr_slope_60,return_5d,day_return,prev_close,prev_volume_ratio,bb_upper,bb_mid,bb_lower,bb_pct_b,bb_bandwidth,stoch_k,stoch_d,sma5,sma10,obv,obv_ma,williams_r,cci20,mfi14,ichi_senkou_a,ichi_senkou_b,market_ma60,market_above_ma60,market_return_5d,foreign_net,foreign_buy_streak,invest_trust_net,invest_trust_streak,dealer_net,dealer_buy_streak,relative_strength_5d,margin_change_5d,short_ratio,revenue_yoy,revenue_mom,revenue_3m_yoy,foreign_holding_pct,foreign_holding_chg5d,insider_net_30d,has_buyback,limit_down_streak,macd_golden_cross,hist_turn_positive,above_ema60,ema60_gt_ema120,volume_ratio,volume_break,rsi_strong,adx_trending,breakout_20d,avoid_chase,liquidity_ok,foreign_buy_3d,stronger_than_market,kd_golden_cross,obv_uptrend,invest_trust_buy_2d,dealer_buy_3d,bb_squeeze_breakout,breakout_volume_confirm,williams_r_recovery,cci_momentum,mfi_strong,ma5_above_ma10,kd_level_score,bb_level_signal,gap_to_20d_high_pct,breakout_proximity_score,obv_strength,foreign_buy_accel,invest_trust_accel,above_ichimoku_cloud,long_upper_shadow,open_high_close_low,gap_chase_after_blowout,earnings_blocked,f_score,f_score_low,condition_count,skip_trade,entry_signal,entry_score,momentum_score,expected_hold_days,momentum_decay_signal,estimated_sl_days,macd_death_cross,close_below_ema20,close_below_swing_low,base_exit_signal,entry_reason,skip_reason,base_exit_reason,sector_rs,sector_rs_rank,market_rs_rank,sector_breadth_60,sector_vol_zscore,is_sector_leader,sector_stock_count,grade
2026-08-25,72.9,73.3,71.9,73.2,441591,31973027,1582,信錦,,-0.6665283645604347,-1.304167605972383,0.6376392414119483,73.2099357281226,78.89828730724246,81.72433585951265,47.57244546176897,21.315638043303487,2.166259635118705,652772.35,45807048.95,75.4,72.8,0.6635911542174366,-0.7020175386891958,0.0054945054945054,0.0027397260273973,73.0,0.3168354912009314,78.78544547878883,71.63000000000011,64.47455452121139,0.6097066566053735,0.1997890682336649,37.254901960784366,41.17647058823544,73.40000000000073,73.7900000000005,-41436683.0,-42826341.3,-50.0,30.87885985748241,61.579127594993466,79.35,95.75,,,,0.0,0.0,0.0,0.0,0.0,0.0,,0.0,0.0,0.2247,0.3907,0.0,4.7,-0.15,0,False,0,False,False,False,False,0.6764854546918233,False,False,True,False,True,False,False,False,False,True,False,False,False,False,False,False,True,False,0.0,0.0,3.0054644808743207,8.0,0.1475448441617763,False,False,False,False,False,False,False,-1.0,False,5,False,False,376.53539267685954,,5,False,3,False,True,False,True,"market_above_ma60, avoid_chase, adx_trending, obv_uptrend, mfi_strong",,close_below_ema20,-45.6,38.7,50.7,29.3,-0.12,False,181,D
2026-08-25,9.95,9.97,9.66,9.89,910823,8938261,1471,首利,,-0.0493672289710698,-0.1565529409087791,0.1071857119377093,9.7016701642819,10.150077600069904,10.50129310762462,52.77435219255909,29.539352470599827,0.3794537927184738,365354.65,3552451.5,10.3,9.36,0.2404556368459644,-0.3833334050513072,0.0566239316239316,-0.0398058252427184,10.3,5.360710942592096,9.99358276447883,9.548000000000002,9.102417235521171,0.8837670880291068,0.0933353088560596,44.53125000000004,61.19791666666666,9.811999999999989,9.63800000000001,11527928.0,10150368.05,-52.20588235294114,168.39309428950995,64.28971373774105,10.53,11.005,,,,0.0,0.0,0.0,0.0,0.0,0.0,,0.0,0.0,-0.4216,-0.1694,0.0,0.61,-0.3,0,False,0,False,False,False,False,2.492983187705425,True,False,True,False,False,False,False,False,False,True,False,False,False,False,False,False,True,True,0.0,-12.0,4.145601617795754,0.0,0.7083059989461643,False,False,False,False,False,False,False,-1.0,False,5,False,False,341.4295038644082,,6,False,3,False,False,False,False,"volume_break, market_above_ma60, adx_trending, obv_uptrend, mfi_strong",,,-80.7,29.8,41.0,29.3,2.11,False,181,D
2026-08-24,44.85,45.8,44.25,45.5,487359,22033759,1569,濱川,,0.072270270392913,-0.5426752258376057,0.6149454962305188,43.29260167451007,45.52524262597396,48.37697958747174,58.07203770523764,17.21498110731682,1.8568602736034003,447406.95,18464465.05,44.85,41.3,0.8023541057580695,-0.3820005824523602,0.0520231213872832,0.0144927536231884,44.85,0.6392140336523118,46.56307499116638,41.997499999999945,37.43192500883351,0.8835770967267825,0.2174212746552267,91.3793103448276,76.43678160919565,44.45999999999985,43.259999999999856,-15066759.0,-16401991.55,-8.620689655172418,116.53410460351893,76.3043592164298,47.3,55.425,103043.8853333332,True,-0.0236780139369595,103000.0,3.0,0.0,0.0,56.0,1.0,0.0757011353242428,0.0,0.0,-0.142,-0.1654,0.0,0.0,0.0,0,False,0,False,False,False,False,1.0892968917894548,False,True,False,True,False,False,True,True,False,True,False,False,False,False,False,False,True,True,-20.0,-12.0,-1.4285714285714255,25.0,0.502549769520986,True,False,False,False,False,False,False,-1.0,False,7,False,False,569.9235661521463,26.8,5,False,3,False,False,False,False,"rsi_strong, breakout_20d, market_above_ma60, foreign_buy_3d, stronger_than_market, obv_uptrend, mfi_strong",,,141.7,82.0,85.6,45.0,0.57,False,100,D
2026-08-25,17.0,17.05,16.8,17.0,111109,1879530,1529,樂事綠能,,-0.6768813307967214,-0.861033922179037,0.1841525913823155,17.445815169319847,19.37757702220647,20.780578009323964,35.77457243454201,42.59137793941508,0.4823295769689175,331599.25,5619254.2,17.4,16.8,-0.0035432596444691,-0.710452677831521,0.0119047619047618,-0.0058479532163743,17.1,0.5337226160404254,17.35134337743684,17.024999999999956,16.69865662256307,0.4616967866847689,0.0383369606386943,62.49999999999994,75.0,17.010000000000037,16.995000000000072,26186125.0,26462080.35,-37.50000000000006,-30.078050637729444,43.44240971256665,21.8125,22.775,,,,0.0,0.0,0.0,0.0,0.0,0.0,,0.0,0.0,-0.586,0.1839,0.0,1.4,0.01,0,False,0,False,False,False,False,0.3350701185240919,False,False,True,False,True,False,False,False,False,False,False,False,False,False,False,False,False,True,0.0,0.0,2.35294117647058,8.0,-0.0564735581742002,False,False,False,False,False,False,False,-1.0,False,3,False,False,200.67301848715053,,10,False,3,False,True,False,True,"market_above_ma60, avoid_chase, adx_trending",,close_below_ema20,-187.6,10.8,10.1,45.9,-0.56,False,37,D
2026-08-25,24.7,24.85,24.4,24.6,26477696,650881316,1101,台泥,,0.1715453324073941,0.1338215603707918,0.0377237720366022,24.3326777640456,24.180930136664315,24.170557432960933,55.2943544535041,23.57735998982195,0.5659588862282132,27669423.3,674516026.75,24.85,24.05,0.1228795526486717,0.0054539975021468,0.0207468879668049,-0.0040485829959513,24.7,1.6231204036950255,24.95555053400485,24.302500000000144,23.64944946599544,0.7277771661677515,0.0537434859791957,40.54054054054059,57.81433607520557,24.600000000000183,24.405000000000108,-313386866.0,-269666284.0,-59.45945945945941,69.94871794871737,63.81116684150964,23.65,24.05,,,,0.0,0.0,0.0,0.0,0.0,0.0,,0.0,0.0,0.0154,0.027,0.0,15.65,0.36,0,False,0,False,False,True,True,0.9569298106766106,False,True,True,False,True,True,False,False,False,False,False,False,False,False,False,False,True,True,0.0,0.0,1.016260162601626,15.0,-0.902611641394954,False,False,True,False,False,False,False,-1.0,False,8,False,False,563.7379584100267,,5,False,3,False,False,False,False,"ema60_gt_ema120, rsi_strong, market_above_ma60, avoid_chase, liquidity_ok, adx_trending, mfi_strong, above_ichimoku_cloud",,,334.4,100.0,84.5,42.9,1.41,True,7,D
2026-08-25,34.8,35.1,34.7,34.9,8903791,310985640,1102,亞泥,,0.241988529301949,-0.0883509594503405,0.3303394887522896,33.72179481895788,34.01470587706756,34.63340730233788,62.64517094332378,23.980505524648727,0.6789914620194972,12351178.7,410778761.5,34.95,31.7,0.3307817615669024,-0.1096360370678952,0.0417910447761193,0.0028735632183909,34.8,0.5308220616474663,35.0892491559752,33.27500000000028,31.460750844025355,0.9478436698311428,0.1090457794725713,92.95774647887325,93.40001360821891,34.629999999999924,33.76000000000022,142697935.0,97853738.35,-7.042253521126766,159.54347739335213,68.41055332125572,34.45,34.55,,,,0.0,0.0,0.0,0.0,0.0,0.0,,0.0,0.0,-0.0751,-0.0829,0.0,13.14,0.67,0,False,0,False,False,True,False,0.7208859345545702,False,True,True,False,True,True,False,False,False,True,False,False,False,False,False,False,True,True,-20.0,-25.0,0.1432664756447113,25.0,0.7665601696193124,False,False,True,False,False,False,False,-1.0,False,8,False,False,541.4075813809775,,5,True,3,False,False,False,False,"rsi_strong, market_above_ma60, avoid_chase, liquidity_ok, adx_trending, obv_uptrend, mfi_strong, above_ichimoku_cloud",,,312.1,85.7,81.8,42.9,0.31,True,7,D
2026-08-25,13.25,13.25,13.15,13.25,201485,2664228,1103,嘉泥,,-0.0344205536872657,-0.0632754498257887,0.028854896138523,13.205626939131289,13.325414335328228,13.445328105223613,51.11069987271316,9.74217539282944,0.1761966641608826,365952.6,4816247.7,13.45,13.05,0.0500241812402182,-0.0632838812501426,0.0153256704980841,0.0,13.25,1.4455339369307318,13.322152442227225,13.142499999999997,12.962847557772765,0.7991888077536847,0.027339158033438,57.142857142857,61.90476190476147,13.210000000000036,13.175000000000043,-8827833.0,-8649166.55,-33.333333333333336,59.275521405051606,67.96600956092522,13.575,13.375,,,,0.0,0.0,0.0,0.0,0.0,0.0,,0.0,0.0,-0.0379,0.0571,0.0,4.51,0.05,0,False,0,False,False,False,False,0.5505767686853434,False,False,False,False,True,False,False,False,False,False,False,False,False,False,False,False,True,True,0.0,0.0,1.5094339622641455,15.0,-0.2614524872925498,False,False,False,False,False,False,False,-1.0,False,3,False,False,192.36833783934284,,3,False,3,False,False,False,False,"market_above_ma60, avoid_chase, mfi_strong",,,-36.9,28.6,8.8,42.9,-0.48,False,7,D
2026-08-25,26.8,26.8,26.6,26.65,626189,16718791,1104,環泥,,-0.0864689523762507,-0.1400494517898142,0.0535804994135635,26.69652309206041,27.19219751816893,27.85079225310412,47.393254203020255,9.245166590194286,0.3575480238133419,748343.55,19949248.4,27.2,26.4,-0.0297586693198087,-0.1657619200600632,0.009469696969697,-0.0055970149253732,26.8,0.5916596508334732,27.07222551788531,26.66249999999991,26.252774482114507,0.4847458854107707,0.030734216062665,66.66666666666627,76.98412698412722,26.7,26.629999999999928,3272332.0,4097755.55,-42.857142857143,11.326860841423985,50.20184115056263,27.525,28.025,,,,0.0,0.0,0.0,0.0,0.0,0.0,,0.0,0.0,0.1533,0.3044,0.0,14.71,-0.14,0,False,0,False,False,False,False,0.8367667497100763,False,False,False,False,True,False,False,False,False,False,False,False,False,False,False,False,True,True,0.0,0.0,2.06378986866792,8.0,-0.1710772716973417,False,False,False,False,False,False,False,-1.0,False,3,False,False,229.31474023673263,,3,False,3,False,True,False,True,"market_above_ma60, avoid_chase, mfi_strong",,close_below_ema20,0.0,57.1,14.1,42.9,0.85,False,7,D
2026-08-25,11.75,11.8,11.7,11.7,200055,2344500,1108,幸福,,-0.2639488541053332,-0.3094342799612618,0.0454854258559286,11.960130736998678,12.724177733480968,13.406834941939929,31.329542468779152,55.1345047589388,0.1682614875440143,309029.65,3665022.15,12.1,11.7,-0.1407991744597114,-0.3765441771379344,-0.0084745762711865,-0.0042553191489361,11.75,0.3027094283171062,12.15404113618,11.877499999999989,11.600958863819974,0.1790712541868543,0.046565545978533,19.999999999999574,36.66666666666666,11.75,11.760000000000035,-8428522.0,-7957026.95,-88.88888888888911,-82.0437239007605,34.15248063603411,13.1375,13.4,,,,0.0,0.0,0.0,0.0,0.0,0.0,,0.0,0.0,-0.1333,0.1677,0.0,1.42,0.01,0,False,0,False,False,False,False,0.6473650667500674,False,False,True,False,True,False,False,False,False,False,False,False,False,False,False,False,False,False,20.0,12.0,3.4188034188034218,8.0,-0.1962432214639851,False,False,False,False,False,False,False,-1.0,False,3,False,False,219.11873200993284,,5,False,3,False,True,False,True,"market_above_ma60, avoid_chase, adx_trending",,close_below_ema20,-10.2,42.9,12.5,42.9,-0.03,False,7,D
2026-08-25,13.6,13.6,13.5,13.5,78609,1065074,1109,信大,,-0.1439723935519481,-0.1707308639875622,0.0267584704356141,13.65456720652029,14.091695960286192,14.526461966107233,35.52447661122554,29.724005788343533,0.1574662172745778,138108.4,1877763.8,13.85,13.5,-0.082797806477516,-0.1860233093494585,-0.0181818181818181,-0.003690036900369,13.55,0.5837609182096191,13.82261624761862,13.60750000000012,13.39238375238162,0.2501350986031379,0.031617306282344,16.666666666666863,27.77777777777798,13.53000000000011,13.570000000000071,-6151097.0,-6009356.85,-83.33333333333313,-68.85758998435273,42.40061354071204,14.3,14.625,,,,0.0,0.0,0.0,0.0,0.0,0.0,,0.0,0.0,-0.2064,-0.0703,0.0,2.42,0.01,0,False,0,False,False,False,False,0.569183337146763,False,False,True,False,True,False,False,False,False,False,False,False,False,False,False,False,False,False,20.0,0.0,2.59259259259259,8.0,-0.1501712654236634,False,False,False,False,False,False,False,-1.0,False,3,False,False,191.8897781863837,,5,False,3,False,True,False,True,"market_above_ma60, avoid_chase, adx_trending",,close_below_ema20,-37.4,14.3,8.7,42.9,-0.39,False,7,D
2026-08-25,12.35,12.35,12.2,12.2,400368,4918309,1201,味全,,-0.0110173097188965,-0.0332851806204251,0.0222678709015285,12.289645703765954,12.417137476211463,12.813751845307996,44.96440073203688,9.64272066956197,0.1682246098690668,340720.9,4163479.7,12.45,12.15,0.0746407563560648,-0.028244714414141,-0.0081300813008131,-0.0121457489878542,12.35,1.2289118589465455,12.467239441898636,12.227499999999964,11.987760558101291,0.4426460665333754,0.0392131575381186,14.285714285713995,52.97619047619022,12.349999999999907,12.294999999999936,-14034809.0,-13742389.7,-50.00000000000015,18.4478371501281,50.04466933992978,12.5875,12.4,,,,0.0,0.0,0.0,0.0,0.0,0.0,,0.0,0.0,0.0762,0.0908,0.0,5.0,0.05,0,False,0,False,False,False,False,1.1750614652637978,False,False,False,False,True,False,False,False,False,False,False,False,False,False,False,False,True,True,20.0,0.0,2.0491803278688527,8.0,-0.2936420695925368,False,False,False,False,False,False,False,-1.0,False,3,False,False,231.2269098175276,,3,True,3,False,True,False,True,"market_above_ma60, avoid_chase, mfi_strong",,close_below_ema20,-59.8,34.8,14.5,26.1,2.62,False,23,D
2026-08-25,15.85,16.05,15.85,15.95,88184,1409433,1110,東泥,,0.0355498656896937,0.0749926305053898,-0.0394427648156961,16.009026421106842,15.792965436170272,15.778276157418505,49.34462174092832,29.31806553500076,0.3347073101355814,302192.35,4837927.4,16.6,15.85,-0.0153409483107242,0.0913034997858096,0.0063091482649841,0.0031446540880502,15.9,0.4523835869728193,16.439119968442043,16.05250000000001,15.665880031557975,0.367440887219231,0.0481694400799917,27.77777777777771,31.48148148148175,15.96999999999989,16.065000000000055,3402040.0,2575128.35,-65.0000000000001,-44.73684210526435,47.53301517697447,15.75,15.575,,,,0.0,0.0,0.0,0.0,0.0,0.0,,0.0,0.0,0.3696,0.2226,0.0,6.1,0.0,0,False,0,False,False,True,True,0.2918141375848859,False,False,True,False,True,False,False,False,False,True,False,False,False,False,False,False,False,False,10.0,0.0,4.075235109717882,0.0,0.7821004317951847,False,False,True,False,False,False,False,-1.0,False,6,False,False,467.3033465573911,,5,False,3,False,True,False,True,"ema60_gt_ema120, market_above_ma60, avoid_chase, adx_trending, obv_uptrend, above_ichimoku_cloud",,close_below_ema20,238.0,71.4,71.1,42.9,-1.68,True,7,X
2026-08-25,44.05,45.45,44.05,44.55,12931,579608,1203,味王,,-0.4536316279218226,-0.1358277750436852,-0.3178038528781374,45.38187935943408,44.84369398003954,43.58829796847442,44.79461662920136,19.77785739309669,1.5631580283069304,29859.9,1411361.9,49.95,42.8,-0.6855860128009663,0.15780703153043,0.0194508009153315,0.0033783783783782,44.4,0.1152776958972568,50.25103955335803,46.29750000000013,42.34396044664223,0.2789955081496644,0.1707884682048874,46.05263157894732,45.4713591206928,44.20999999999985,44.625,1123127.0,1132833.5,-66.34615384615387,-62.52545824847214,35.18893287600882,44.8,43.825,,,,0.0,0.0,0.0,0.0,0.0,0.0,,0.0,0.0,-0.0182,0.0081,0.0,1.86,-0.01,0,False,0,False,False,False,True,0.4330557034685313,False,False,False,False,True,False,False,False,True,False,False,False,False,False,False,False,False,False,0.0,0.0,12.121212121212135,0.0,-0.0408012028059634,False,False,False,False,False,False,False,-1.0,False,4,False,False,233.8409426010137,,3,False,3,False,True,False,True,"ema60_gt_ema120, market_above_ma60, avoid_chase, kd_golden_cross",,close_below_ema20,-57.2,39.1,15.3,26.1,-0.26,False,23,D
2026-08-25,52.8,53.2,52.5,52.6,747439,39512516,1210,大成,,-0.9949594498639344,-0.9526788516079484,-0.0422805982559857,53.7548550178776,54.65989412815737,54.45714998553936,38.466113727778456,31.383623276873514,1.0180809079656103,2838100.25,153541497.6,57.5,51.9,-0.4607634811885313,-0.0404676656606666,-0.0075471698113207,0.0,52.6,0.4811258420832144,57.30351438130716,53.90500000000011,50.506485618693056,0.3080043434304654,0.1260927328191093,57.89473684210538,58.34957764782303,52.740000000000144,52.6,-61882450.0,-57050527.3,-70.27027027027025,-48.333865644628666,31.050102703473712,57.5,55.55,,,,0.0,0.0,0.0,0.0,0.0,0.0,,0.0,0.0,0.215,0.0768,0.0,7.5,0.28,0,False,0,False,False,False,True,0.2633589141186961,False,False,True,False,True,True,False,False,False,False,False,False,False,False,False,False,False,True,0.0,0.0,9.315589353612165,0.0,-0.3479077528936672,False,False,False,True,False,False,False,-1.0,False,5,True,False,363.458696106463,,5,False,3,False,True,False,True,"ema60_gt_ema120, market_above_ma60, avoid_chase, liquidity_ok, adx_trending",long_upper_shadow,close_below_ema20,72.4,65.2,47.3,26.1,-0.92,False,23,X
2026-08-25,109.5,109.5,108.0,109.0,427769,46525469,1215,卜蜂,,-0.2092382384276163,-0.7969489123042214,0.587710673876605,108.89957036836768,114.1246321545141,121.95128604043744,49.0055288601651,25.144304978224017,2.348849698989068,802185.0,85497484.4,112.0,107.0,0.2877821075474875,-0.1763158724571588,-0.009090909090909,0.0,109.0,1.5505633397334138,112.3353609203542,107.625,102.9146390796458,0.6459548454194257,0.087532839402633,50.0,66.66666666666667,109.9,109.1,-22905942.0,-23216529.45,-35.294117647058826,45.92720970537267,59.53114826107644,112.375,127.25,,,,0.0,0.0,0.0,0.0,0.0,0.0,,0.0,0.0,0.0805,0.0591,0.0,37.18,-0.49,0,False,0,False,False,False,False,0.5332547978334174,False,False,True,False,True,True,False,False,False,True,False,False,False,False,False,False,True,True,0.0,0.0,2.752293577981652,8.0,0.1380330050966286,False,False,False,False,False,False,False,-1.0,False,6,False,False,444.9889440394937,,5,True,3,False,False,False,False,"market_above_ma60, avoid_chase, liquidity_ok, adx_trending, obv_uptrend, mfi_strong",,,153.9,78.3,67.0,26.1,0.12,False,23,D
2026-08-25,0.0,0.0,0.0,0.0,101,724,1213,大飲,,-0.6671696393285345,-0.0682224025485787,-0.5989472367799556,5.788562996344292,6.631044897822994,7.4985530613770175,38.260433317223,12.540344619384484,2.0741243886007554,23038.7,173022.35,7.77,0.0,,,-1.0,-1.0,7.17,2.48362721496593,11.632230532799424,6.313999999999988,0.9957694672005512,-0.0936184940704698,1.6845836340828149,0.0,29.875,4.344000000000051,5.901000000000022,-955742.0,-854782.85,-100.0,-222.22222222222223,57.59109108161978,4.285,4.72,,,,0.0,0.0,0.0,0.0,0.0,0.0,,0.0,0.0,0.398,0.2883,0.0,0.01,-0.01,0,False,1,False,False,False,False,0.0043839279125992,False,False,False,False,True,False,False,False,False,False,False,False,False,False,False,False,True,False,20.0,25.0,999.0,0.0,-0.5598892299383358,False,False,False,False,False,False,False,-1.0,False,3,False,False,238.325168519866,,3,False,3,False,True,False,True,"market_above_ma60, avoid_chase, mfi_strong",,close_below_ema20,-52.7,43.5,16.3,26.1,-1.93,False,23,X
2026-08-25,77.6,78.5,77.3,77.9,13129188,1023298100,1216,統一,,0.3624823136342172,0.0678395357879711,0.2946427778462461,76.56365493908565,75.80187333632563,75.21000244062193,57.87712494223091,15.905339179221397,1.5013003843384771,17674279.45,1330542094.3,78.2,75.2,0.232431569115371,0.0508411400800656,0.0223097112860892,0.0064599483204135,77.4,0.7284081807585069,79.13635107723124,75.80500000000029,72.47364892276934,0.8144369883916737,0.0878926476414731,82.50000000000028,75.0,77.70000000000073,76.8300000000003,1430401.0,-12279261.05,-11.475409836065396,122.93080054274095,59.63431633348227,78.175,74.6,,,,0.0,0.0,0.0,0.0,0.0,0.0,,0.0,0.0,0.0885,0.0663,0.0,33.59,0.77,0,False,0,False,False,True,True,0.7428414853992817,False,True,False,False,True,True,False,False,False,True,False,False,False,False,False,True,True,True,-20.0,-12.0,0.3851091142490335,25.0,0.1752537577025671,False,False,False,False,False,False,False,-1.0,False,8,False,False,537.5314599464235,,3,False,3,False,False,False,False,"ema60_gt_ema120, rsi_strong, market_above_ma60, avoid_chase, liquidity_ok, obv_uptrend, cci_momentum, mfi_strong",,,246.5,95.7,81.2,26.1,0.94,True,23,D
2026-08-25,10.0,10.05,9.98,10.0,373655,3739725,1217,愛之味,,0.0263660105053578,0.0089879997538156,0.0173780107515421,9.947104793286258,9.933160249321512,10.010299723563058,55.830242219734686,13.846527190537,0.0944713029357281,519583.0,5154127.75,10.05,9.86,0.0819801905958489,0.0118420061829442,0.006036217303823,-0.0049751243781095,10.05,0.8856520863517093,10.083044372857112,9.914000000000032,9.744955627142954,0.7543710818244037,0.0341021530879724,72.22222222222206,90.74074074074088,10.00600000000004,9.970000000000027,-8874548.0,-9846486.8,-16.12903225806472,94.94640122511294,73.54920431345028,10.015,9.785,,,,0.0,0.0,0.0,0.0,0.0,0.0,,0.0,0.0,0.0389,0.2211,0.0,8.5,-0.02,0,False,0,False,False,True,False,0.7191440058662427,False,True,False,False,True,False,False,False,False,True,False,False,False,False,False,False,True,True,-10.0,0.0,0.5000000000000071,25.0,0.6484868560174253,False,False,False,False,False,False,False,-1.0,False,5,False,False,359.9732823308715,,3,False,3,False,False,False,False,"rsi_strong, market_above_ma60, avoid_chase, obv_uptrend, mfi_strong",,,68.9,60.9,46.3,26.1,0.85,False,23,D
2026-08-25,14.65,14.85,14.5,14.7,1044190,15345265,1218,泰山,,-0.5298651751234402,-0.7718146884009978,0.2419495132775575,14.535041111913548,16.02006630833141,17.044294416187643,49.61542990775435,23.87116481302444,1.5730682182408804,1576609.0,23900856.5,16.25,0.0,,,0.0279720279720279,0.0103092783505154,14.55,0.6703973378024699,21.216347195777985,14.472499999999991,7.728652804221998,0.5168672267769082,0.9319533177789596,97.35099337748343,94.15880841790144,14.61999999999989,13.225,-34793956.0,-32974198.6,-7.255520504731863,9.832174944905884,64.48578074539512,17.1375,17.775,,,,0.0,0.0,0.0,0.0,0.0,0.0,,0.0,0.0,-0.3693,-0.21,0.0,2.86,-0.09,0,False,0,False,False,False,False,0.6623011793031753,False,False,True,False,True,False,False,False,False,False,False,False,False,False,False,False,True,True,-20.0,0.0,10.544217687074834,0.0,-0.1474911759429185,False,False,False,True,False,False,False,-1.0,False,4,True,False,214.85311768171675,,3,False,3,False,False,False,False,"market_above_ma60, avoid_chase, adx_trending, mfi_strong",long_upper_shadow,,-76.2,17.4,11.9,26.1,0.63,False,23,D
2026-08-25,11.15,11.25,11.15,11.15,166040,1855234,1219,福壽,,-0.1628152409512075,-0.2357438962107948,0.0729286552595872,11.203850632726128,11.79507942652928,12.37423706170292,44.55817185626585,18.52436480552105,0.2183086885085783,558291.4,6160164.7,11.65,10.85,-0.01844844771606,-0.3086066593171921,-0.0088888888888888,0.0,11.15,0.2912615102956974,11.636051661411344,11.065000000000031,10.493948338588718,0.5744240895735224,0.1032176523111274,57.14285714285722,74.60317460317431,11.140000000000054,11.120000000000028,-26504564.0,-27455095.3,-18.75000000000003,35.125448028673986,87.00976870421454,12.075,12.525,,,,0.0,0.0,0.0,0.0,0.0,0.0,,0.0,0.0,-0.201,-0.2003,0.0,6.14,0.03,0,False,0,False,False,False,False,0.2974074112551259,False,False,False,False,True,False,False,False,False,True,False,False,False,False,False,False,True,True,0.0,0.0,4.484304932735426,0.0,0.1773233825896343,False,False,False,False,False,False,False,-1.0,False,4,False,False,225.1019547036269,,3,True,3,False,True,False,True,"market_above_ma60, avoid_chase, obv_uptrend, mfi_strong",,close_below_ema20,-66.0,26.1,13.4,26.1,-0.79,False,23,X
2026-08-25,10.9,10.95,10.85,10.85,50739,553339,1220,台榮,,-0.1336474833401855,-0.1314886487166137,-0.0021588346235717,11.069773329969651,11.408748362639152,11.787570708889652,28.979059337885943,33.16569744173954,0.1274686180797438,94342.3,1040742.7,11.25,10.9,-0.1861230699554913,-0.1419898997996293,-0.0091324200913242,-0.0091324200913242,10.95,0.8621697608663825,11.328968501986038,11.075,10.82103149801396,0.0570316825895829,0.0458633863631673,19.999999999999574,35.23809523809541,10.929999999999929,10.95999999999999,-1920833.0,-1662452.75,-88.88888888888911,-109.8901098901097,32.65594293192174,11.537499999999998,11.825,,,,0.0,0.0,0.0,0.0,0.0,0.0,,0.0,0.0,0.0138,0.021,0.0,6.99,0.01,0,False,0,False,False,False,False,0.5378181367212799,False,False,True,False,True,False,False,False,False,False,False,False,False,False,False,False,False,False,20.0,25.0,3.686635944700464,0.0,-0.5273128576671129,False,False,False,False,False,False,False,-1.0,False,3,False,False,254.05042707520744,,5,False,3,True,True,True,True,"market_above_ma60, avoid_chase, adx_trending",,"macd_death_cross, close_below_ema20, close_below_swing_low",-37.0,47.8,19.3,26.1,0.14,False,23,D
2026-08-25,24.65,25.15,24.65,24.65,31804,789080,1225,福懋油,,-0.656176952028904,-0.8101807459446897,0.1540037939157856,25.02585190286749,26.93389710156156,28.3487076602216,41.42286018552672,29.126830471082087,0.6128872231263298,155209.45,3906477.2,27.2,24.0,-0.2406085472493189,-0.4734413313810325,0.0144032921810699,0.0,24.65,0.2304076919616302,26.37444063961049,24.7824999999998,23.19055936038911,0.4583841266744078,0.1284729659728198,51.85185185185175,53.61552028218709,24.509999999999856,24.604999999999745,-2871746.0,-2638652.7,-38.88888888888904,-1.940954132189604,53.50368741615186,28.35,29.675,,,,0.0,0.0,0.0,0.0,0.0,0.0,,0.0,0.0,-0.1026,-0.1027,0.0,1.13,0.0,0,False,0,False,False,False,False,0.204910203599072,False,False,True,False,True,False,False,False,False,False,False,False,False,False,False,False,True,False,0.0,0.0,10.3448275862069,0.0,-0.2862564858508034,False,False,False,False,False,False,False,-1.0,False,4,False,False,228.61402420578105,,5,False,3,False,True,False,True,"market_above_ma60, avoid_chase, adx_trending, mfi_strong",,close_below_ema20,-62.4,30.4,14.0,26.1,-1.15,False,23,X
2026-08-25,41.9,42.0,41.6,41.7,982090,41024063,1229,聯華,,0.1934706527397836,0.0547314831116275,0.138739169628156,41.35339796463718,41.4739586247252,42.29130316052456,53.53001477953953,15.328826790155516,0.8022770188153732,1982730.95,81448672.1,42.4,40.8,0.2251846870833817,-0.0522373756112213,0.0183150183150182,-0.0047732696897373,41.9,0.6968357544411252,42.40519247233942,41.05750000000008,39.70980752766073,0.7383704046683088,0.065649027453661,57.89473684210538,73.68421052631554,41.9,41.51999999999989,-43720602.0,-47493072.6,-31.999999999999886,86.92086920869265,63.53284289311379,41.85,41.45,,,,0.0,0.0,0.0,0.0,0.0,0.0,,0.0,0.0,1.1498,1.0493,0.0,8.9,-0.04,0,False,0,False,False,True,False,0.4953218690614579,False,False,False,False,True,True,False,False,False,True,False,False,False,False,False,False,True,True,0.0,0.0,1.6786570743405171,15.0,0.5883589424850483,False,False,False,False,False,False,False,-1.0,False,5,False,False,377.0135260004352,,3,False,3,False,False,False,False,"market_above_ma60, avoid_chase, liquidity_ok, obv_uptrend, mfi_strong",,,86.0,69.6,50.8,26.1,-0.02,False,23,D
2026-08-25,29.0,29.15,28.8,28.85,584583,16937087,1227,佳格,,-0.0986098351108886,-0.1210707511422903,0.0224609160314017,29.081011994622227,29.20536668919032,29.39390517011784,45.69208121420458,12.993644968581131,0.4154277609815577,1082172.3,31599553.5,29.95,28.6,-0.0700161967415077,0.0230824786720422,-0.0051724137931034,-0.0068846815834767,29.05,0.4140707149917537,29.7275364953943,29.04249999999993,28.35746350460555,0.3594965368311491,0.0471747608087717,35.00000000000014,60.8730158730159,29.06999999999971,28.93999999999996,-13371159.0,-13025493.65,-61.90476190476173,-29.27927927927799,55.415928235920354,29.8375,29.25,,,,0.0,0.0,0.0,0.0,0.0,0.0,,0.0,0.0,0.0774,0.0659,0.0,7.26,0.02,0,False,0,False,False,False,False,0.5401940153153061,False,False,False,False,True,False,False,False,False,False,False,False,False,False,False,False,True,True,0.0,0.0,3.812824956672436,0.0,-0.0820465500688362,False,False,False,False,False,False,False,-1.0,False,3,False,False,199.41738155232704,,3,True,3,False,True,False,True,"market_above_ma60, avoid_chase, mfi_strong",,close_below_ema20,-91.6,13.0,9.8,26.1,0.15,False,23,D
2026-08-25,156.0,157.0,156.0,156.5,63756,9990131,1232,大統益,,1.1285152045784912,1.0841863936979284,0.0443288108805628,155.07343750369978,152.32216220562455,150.590341209105,55.19749358009921,25.66901201847326,3.11373933487531,227667.2,35286848.1,158.0,152.5,0.0654719390781553,0.1500074965456874,0.0096774193548387,-0.0031847133757961,157.0,0.3215672884210993,158.30422801905408,155.05,151.79577198094594,0.7227870929003727,0.0419764981496816,60.0,72.9914529914525,156.6,155.4,3821622.0,3837382.4,-40.0,66.66666666666708,62.16975304079551,160.125,159.25,,,,0.0,0.0,0.0,0.0,0.0,0.0,,0.0,0.0,0.4152,0.3337,0.0,2.94,0.08,0,False,0,False,False,True,True,0.2800403395833918,False,True,True,False,True,False,False,False,False,False,False,False,False,False,False,False,True,True,0.0,0.0,0.9584664536741214,25.0,-0.0061421043113284,False,False,False,False,False,False,False,-1.0,False,6,False,False,462.726698144098,,5,False,3,False,False,False,False,"ema60_gt_ema120, rsi_strong, market_above_ma60, avoid_chase, adx_trending, mfi_strong",,,171.7,87.0,70.5,26.1,-0.86,False,23,X
2026-08-25,81.1,81.2,80.7,80.8,153571,12434552,1231,聯華食,,-1.3576667868908885,-1.578733312831444,0.2210665259405555,82.61049079116829,85.26654073774394,88.7328008899191,40.08537111991052,17.411319558817087,1.7129031168764166,466904.4,38442843.7,91.8,80.1,-0.0785409128825688,-0.1422545883569917,-0.0134310134310134,-0.0036991368680641,81.1,0.6125407877847532,86.0407622666571,81.58000000000011,77.11923773334313,0.4125709964605816,0.1093592122249811,18.604651162790645,33.333333333333336,82.12000000000043,81.53000000000029,-29970381.0,-29788126.75,-68.62745098039224,-37.1608180154379,50.69852592057842,89.05000000000001,88.55,,,,0.0,0.0,0.0,0.0,0.0,0.0,,0.0,0.0,0.0353,0.1502,0.0,2.89,0.04,0,False,0,False,False,False,False,0.328913156526261,False,False,False,False,True,False,False,False,False,False,False,False,False,False,False,False,True,True,20.0,0.0,13.613861386138614,0.0,-0.1060104180426509,False,False,False,False,False,False,False,-1.0,False,3,False,False,217.0170065487508,,3,True,3,False,True,False,True,"market_above_ma60, avoid_chase, mfi_strong",,close_below_ema20,-74.0,21.7,12.2,26.1,-0.67,False,23,D
2026-08-25,28.45,28.5,28.35,28.35,10237,291498,1233,天仁,,-0.121684871584776,-0.1320842855611496,0.0103994139763736,28.23638670843452,28.45584485781606,28.972659222044403,51.45089108065989,24.76515000364896,0.4390327219349394,26522.4,750582.8,29.05,27.55,-0.2169611707581099,0.0384874354835294,0.0197841726618706,0.0,28.35,0.7422050901644092,29.32752204008456,28.33499999999981,27.342477959915065,0.5075565072584743,0.0700562583437271,59.25925925925941,72.83950617283942,28.079999999999927,27.93999999999978,-404856.0,-494297.45,-40.74074074074059,6.385696040869185,62.4814253043869,28.85,28.475,,,,0.0,0.0,0.0,0.0,0.0,0.0,,0.0,0.0,0.0406,-0.1459,0.0,5.53,-0.11,0,False,0,True,True,False,False,0.3859756281482822,False,False,True,False,True,False,False,False,False,True,False,False,False,False,False,False,True,True,0.0,0.0,2.469135802469133,8.0,2.0,False,False,False,False,False,False,False,-1.0,False,7,False,False,535.8597562814828,,5,False,3,False,False,False,False,"macd_golden_cross, market_above_ma60, avoid_chase, hist_turn_positive, adx_trending, obv_uptrend, mfi_strong",,,244.8,91.3,81.0,26.1,-0.45,True,23,D
2026-08-25,25.4,25.55,25.2,25.45,25430,647414,1236,宏亞,,0.2691157731239464,0.2214937053622845,0.0476220677616618,25.12422041238205,24.99928411670803,25.105680768358447,59.06198704577289,21.378351327605674,0.5173494778502985,108763.6,2730722.0,25.55,24.9,0.2937739006564718,-0.0450209442591086,0.0019685039370078,-0.0019607843137254,25.5,0.5220558699022667,26.106839812235545,25.080000000000062,24.05316018776458,0.6801644207748568,0.0818851524908676,64.70588235294115,76.23529411764684,25.48000000000011,25.375,4076966.0,3813740.65,-32.142857142857125,56.65089379600472,64.9043288413371,25.075,25.075000000000003,,,,0.0,0.0,0.0,0.0,0.0,0.0,,0.0,0.0,0.2344,0.5241,0.0,0.65,0.01,0,False,0,False,False,True,False,0.2338098407923239,False,True,True,False,True,False,False,False,False,True,False,False,False,False,False,False,True,True,0.0,0.0,0.3929273084479427,25.0,0.4077716236549563,False,False,True,False,False,False,False,-1.0,False,7,False,False,547.2313578917826,,5,True,3,False,False,False,False,"rsi_strong, market_above_ma60, avoid_chase, adx_trending, obv_uptrend, mfi_strong, above_ichimoku_cloud",,,256.2,100.0,83.0,26.1,-1.04,True,23,X
2026-08-25,56.7,58.5,56.2,57.8,18974759,1093749291,1301,台塑,,0.1881886271951103,0.1527262718947739,0.0354623553003363,57.671660492138365,55.74940729596879,52.56078793011751,50.75703631258309,13.630069616156582,2.6346058720680743,27158870.55,1544182878.75,60.0,55.6,0.3949615527547538,0.3572090875612636,-0.0186757215619695,0.0140350877192982,57.0,1.4746317713017862,60.08620618388306,56.64499999999989,53.20379381611672,0.6678190637645499,0.121500792086969,32.203389830508456,40.92801166393292,57.75999999999949,58.04999999999982,1415468996.0,1393524246.45,-53.333333333333336,31.120564200157016,62.21809884217711,58.74999999999999,55.85,,,,0.0,0.0,0.0,0.0,0.0,0.0,,0.0,0.0,0.0477,0.0943,0.0,33.15,-0.44,0,False,0,False,False,True,True,0.6986578828846032,False,False,False,False,True,True,False,False,False,True,False,False,False,False,False,False,True,False,0.0,0.0,3.806228373702427,0.0,0.069661039955751,False,False,False,False,False,False,False,-1.0,False,6,False,False,382.82251130831503,,3,False,3,False,False,False,False,"ema60_gt_ema120, market_above_ma60, avoid_chase, liquidity_ok, obv_uptrend, mfi_strong",,,103.4,68.4,52.0,42.1,-0.1,False,19,D
2026-08-25,180.5,182.0,179.5,182.0,39729,7185138,1256,鮮活果汁-KY,,-1.1887458125431465,-1.5104595429115135,0.321713730368367,180.2507038110279,180.612093490569,174.99986900725844,51.93212375654214,8.593325281928731,5.079102965922032,90332.95,16107443.65,186.0,175.5,-0.0030707103857609,-0.0817547165801433,0.0370370370370369,0.0196078431372548,178.5,0.28703354346423,185.9309588071233,179.425,172.91904119287673,0.6978955044397652,0.0725200925971662,94.11764705882354,69.38997821350738,179.1,179.15,-920941.0,-916616.55,-25.0,53.535353535353934,24.863241579836966,190.625,190.0,,,,0.0,0.0,0.0,0.0,0.0,0.0,,0.0,0.0,0.2199,0.076,0.0,4.7,-0.12,0,False,0,False,False,True,True,0.439806294380954,False,False,False,False,True,False,False,False,False,False,False,False,False,False,False,False,False,False,-20.0,0.0,2.197802197802198,8.0,-0.0075533756858455,False,False,False,False,False,False,False,-1.0,False,3,False,False,182.3074224355794,,3,False,3,False,False,False,False,"ema60_gt_ema120, market_above_ma60, avoid_chase",,,-108.7,8.7,7.6,26.1,-0.24,False,23,D
2026-08-25,11.85,11.95,11.7,11.85,1841514,21799064,1304,台聚,,-0.2016274398960487,-0.2694521225131606,0.0678246826171118,12.022977586097609,12.566095801138284,12.705536289180426,44.91823995210107,10.213678256998923,0.4251181317099672,2685577.85,31254025.0,12.2,11.8,0.3724569837547203,-0.2686917740035202,-0.004201680672269,0.0,11.85,0.945466504003304,12.412569184657425,11.735000000000014,11.057430815342604,0.5848621827881177,0.1154783442108919,23.07692307692312,37.4902874902873,11.9,11.954999999999972,343920588.0,341337734.2,-55.555555555555536,20.54794520547905,66.73479817563745,13.937499999999998,13.825,,,,0.0,0.0,0.0,0.0,0.0,0.0,,0.0,0.0,-0.0495,0.1604,0.0,28.47,0.03,0,False,0,False,False,False,False,0.6857049405586958,False,False,False,False,True,False,False,False,False,True,False,False,False,False,False,False,True,False,10.0,0.0,2.9535864978902926,8.0,0.2261932300859024,False,False,False,False,False,False,False,-1.0,False,4,False,False,262.5713681666178,,3,False,3,False,True,False,True,"market_above_ma60, avoid_chase, obv_uptrend, mfi_strong",,close_below_ema20,-16.9,42.1,21.2,42.1,-0.12,False,19,D
2026-08-25,177.0,189.5,174.0,188.5,60960591,11078655276,1303,南亞,,4.638573804037065,5.687068572455127,-1.0484947684180614,185.6931460883648,164.39651802405223,136.51440444512906,52.77777911743621,13.553007608504616,13.838007725308978,92349078.65,16790229481.0,207.5,180.0,1.2763201768453531,1.0243542260543663,-0.0574999999999999,0.0472222222222222,180.0,0.8138939261957782,214.6749164809664,181.0,147.32508351903363,0.6113588507968406,0.3720985246515618,35.36585365853659,28.008661459163704,186.8,192.0,5540168542.0,5565332579.65,-58.24175824175824,14.375681509669077,54.075628914077896,179.4,155.2,,,,0.0,0.0,0.0,0.0,0.0,0.0,,0.0,0.0,0.4453,0.1267,0.0,30.66,-0.48,0,False,0,False,False,True,True,0.6601104406362153,False,False,False,False,True,True,False,False,True,False,False,False,False,False,False,False,True,False,0.0,0.0,10.079575596816976,0.0,-0.0685138197288547,False,False,True,False,False,False,False,-1.0,False,7,False,False,485.7789385696159,,3,False,3,False,False,False,False,"ema60_gt_ema120, market_above_ma60, avoid_chase, liquidity_ok, kd_golden_cross, mfi_strong, above_ichimoku_cloud",,,206.4,78.9,73.5,42.1,-0.16,False,19,D
2026-08-25,30.85,30.85,30.55,30.6,549518,16833003,1307,三芳,,-0.4845809310285744,-0.5431797307938699,0.0585987997652954,31.117838730270183,32.074243526270294,32.457044563897924,41.8474991741169,24.08185422623015,0.6508785916246767,677764.0,20923861.75,32.5,30.3,-0.1677519426551802,-0.2866598345054044,0.0099009900990099,-0.0064935064935064,30.8,0.7444276515339024,32.321656583806515,31.047499999999765,29.77334341619302,0.3243936398057188,0.0820778860653358,36.84210526315808,55.82797573644287,30.719999999999708,30.62499999999964,35916279.0,37399010.95,-81.1320754716981,-52.88175876411096,39.480481750191146,33.662499999999994,34.45,,,,0.0,0.0,0.0,0.0,0.0,0.0,,0.0,0.0,0.1102,0.25,0.0,7.03,0.1,0,False,0,False,False,False,False,0.8107807437397088,False,False,True,False,True,False,False,False,False,False,False,False,False,False,False,False,False,True,0.0,0.0,6.209150326797381,0.0,-0.3618439418974223,False,False,False,False,False,False,False,-1.0,False,3,False,False,233.76568013462804,,5,False,3,False,True,False,True,"market_above_ma60, avoid_chase, adx_trending",,close_below_ema20,-45.7,26.3,15.2,42.1,0.1,False,19,D
2026-08-25,11.8,11.9,11.6,11.8,657541,7743582,1305,華夏,,-0.1027800956700417,-0.1887665136840992,0.0859864180140574,11.852864768127883,12.367697509140124,12.656602039654324,47.53644417639072,12.672941597656436,0.4184180356227909,1454798.7,16726950.6,12.25,11.6,0.5070200706535055,-0.2672728264744003,-0.0084033613445377,0.0,11.8,1.2791561577654935,12.320049667237972,11.565000000000008,10.809950332762044,0.6556189017734703,0.1305749532620775,30.76923076923092,55.49450549450557,11.88000000000011,11.865000000000055,-6989410.0,-11339828.45,-40.90909090909086,42.042042042042375,53.31026081877423,13.3875,13.45,,,,0.0,0.0,0.0,0.0,0.0,0.0,,0.0,0.0,-0.2455,0.0063,0.0,3.58,-0.03,0,False,0,False,False,False,False,0.4519807448274459,False,False,False,False,True,False,False,False,False,True,False,False,False,False,False,False,True,True,0.0,0.0,3.813559322033892,0.0,0.6456530027983648,False,False,False,False,False,False,False,-1.0,False,4,False,False,232.26764348185483,,3,True,3,False,True,False,True,"market_above_ma60, avoid_chase, obv_uptrend, mfi_strong",,close_below_ema20,-47.2,21.1,15.0,42.1,-0.53,False,19,D
2026-08-25,13.7,13.8,13.6,13.65,916046,12528963,1308,亞聚,,-0.0208570661413656,-0.1070181186044133,0.0861610524630477,13.5698281761402,13.812139899777629,13.94279990248492,50.73916339519744,17.557624043860123,0.4550910450662639,1633957.4,21594936.35,14.15,13.35,0.509700489710462,-0.0771148678474952,0.0148698884758364,-0.0072727272727272,13.75,0.8587412740357726,14.201344382909678,13.28249999999998,12.363655617090284,0.699979456170946,0.1383541325668659,36.000000000000085,56.82539682539694,13.680000000000016,13.589999999999964,-7319132.0,-11078335.5,-49.99999999999994,67.86923768055846,78.682481173034,15.0,14.875,,,,0.0,0.0,0.0,0.0,0.0,0.0,,0.0,0.0,0.0773,-0.0291,0.0,5.03,0.01,0,False,0,False,False,False,False,0.560630283261975,False,False,False,False,True,False,False,False,False,True,False,False,False,False,False,False,True,True,0.0,0.0,3.6630036630036633,0.0,0.318282644170582,False,False,False,True,False,False,False,-1.0,False,4,True,False,279.4256945626667,,3,False,3,False,False,False,False,"market_above_ma60, avoid_chase, obv_uptrend, mfi_strong",long_upper_shadow,,0.0,52.6,25.9,42.1,-0.34,False,19,D
2026-08-25,13.0,13.15,12.85,13.05,727828,9468220,1309,台達化,,-0.3003137135427103,-0.4146441527349569,0.1143304391922466,13.143859658396789,14.191757736557898,14.648602800430131,45.865184926614425,13.471023641646298,0.5090246240203539,1657205.5,21191416.4,13.4,12.7,0.2344362671310249,-0.425655457294743,0.01953125,0.0,13.05,1.1682130507213464,13.347636238329551,12.820000000000004,12.292363761670456,0.7179531875294974,0.0823145457612398,50.0000000000001,62.9629629629629,12.990000000000055,12.955000000000018,239671992.0,237636593.75,-40.90909090909086,69.03703703703614,60.0385448341816,15.2375,16.45,,,,0.0,0.0,0.0,0.0,0.0,0.0,,0.0,0.0,-0.1061,0.7155,0.0,2.64,-0.13,0,False,0,False,False,False,False,0.4391899495868195,False,False,False,False,True,False,False,False,False,True,False,False,False,False,False,False,True,True,0.0,0.0,2.6819923371647483,8.0,0.2017663450990378,False,False,False,False,False,False,False,-1.0,False,4,False,False,234.81309563705665,,3,False,3,False,True,False,True,"market_above_ma60, avoid_chase, obv_uptrend, mfi_strong",,close_below_ema20,-44.6,31.6,15.4,42.1,-0.55,False,19,D
2026-08-25,11.85,11.85,11.65,11.85,1731240,20381762,1312,國喬,,-0.2294711552095201,-0.2929214508300065,0.0634502956204863,11.982607406011851,12.429405851319135,12.459089493606315,45.22580674694406,9.19491757535132,0.4427318987029169,4727577.3,55118391.0,12.25,11.7,0.2557808487140562,-0.3332216678483826,0.0042372881355932,0.0042372881355932,11.8,0.6189297415369088,12.357060123721691,11.725,11.092939876278308,0.5988829980793409,0.1078140935985828,46.15384615384609,51.28205128205142,11.830000000000018,11.810000000000036,-69717238.0,-63216914.0,-64.70588235294129,15.642458100558706,43.97786600568722,13.75,12.89,,,,0.0,0.0,0.0,0.0,0.0,0.0,,0.0,0.0,-0.0502,0.1132,0.0,2.86,0.09,0,False,0,False,False,False,False,0.3662002522941296,False,False,False,False,True,True,False,False,False,False,False,False,False,False,False,False,False,True,0.0,0.0,3.3755274261603407,8.0,-0.1680098200088416,False,False,False,False,False,False,False,-1.0,False,3,False,False,174.6458846828352,,3,False,3,False,True,False,True,"market_above_ma60, avoid_chase, liquidity_ok",,close_below_ema20,-104.8,10.5,6.5,42.1,-0.68,False,19,D
2026-08-25,8.02,8.07,7.96,8.03,2236100,17915931,1310,台苯,,-0.2748805547515722,-0.3486668437150388,0.0737862889634666,8.27538711386109,8.838781592133804,9.07432750843716,41.658029118519394,13.999033930568096,0.3190757776556809,5842096.3,44854024.65,8.3,8.01,0.593930556036723,-0.2975377255933212,-0.0147239263803682,-0.0037220843672457,8.06,0.7038972421346781,8.610774484109571,7.907500000000004,7.204225515890437,0.5870925952582337,0.1778753042325808,12.96296296296285,24.67150074091175,8.1,8.130000000000019,135007536.0,134710173.6,-77.04918032786891,26.74043337943765,57.23044575036315,10.63,10.075,,,,0.0,0.0,0.0,0.0,0.0,0.0,,0.0,0.0,-0.1452,0.1742,0.0,5.13,0.3,0,False,0,False,False,False,False,0.3827564430938942,False,False,False,False,True,False,False,False,False,True,False,False,False,False,False,False,True,False,20.0,0.0,3.362391033623928,8.0,0.0098968757150627,False,False,False,True,False,False,False,-1.0,False,4,True,False,236.94632693951968,,3,False,3,False,True,False,True,"market_above_ma60, avoid_chase, obv_uptrend, mfi_strong",long_upper_shadow,close_below_ema20,-42.5,36.8,16.1,42.1,-0.65,False,19,D
2026-08-25,7.97,8.0,7.88,7.9,12245468,96979924,1314,中石化,,-0.0600016369096154,-0.111072116926455,0.0510704800168396,7.916022471116067,7.986724526534929,7.932368150629383,48.60142371860872,14.419801620805282,0.2733417779118117,25133249.5,195462080.25,8.23,7.66,0.298840831360524,-0.0352549049230449,0.0050890585241729,-0.0100250626566416,7.98,1.1140133793268148,8.10797245957077,7.758500000000015,7.4090275404292605,0.7024479985830434,0.0900876353859002,44.77611940298519,65.64902758932597,7.946000000000095,7.852000000000044,-324437732.0,-330039395.05,-55.22388059701481,79.59559611018395,37.56608274057208,9.3175,8.695,,,,0.0,0.0,0.0,0.0,0.0,0.0,,0.0,0.0,-0.356,0.0185,0.0,9.32,-0.08,0,False,0,False,False,False,True,0.487221837351354,False,False,False,False,True,True,False,False,False,True,False,False,False,False,False,False,False,True,0.0,0.0,4.177215189873419,0.0,0.0281833611613309,False,False,False,False,False,False,False,-1.0,False,5,False,False,275.2104187074495,,3,True,3,False,True,False,True,"ema60_gt_ema120, market_above_ma60, avoid_chase, liquidity_ok, obv_uptrend",,close_below_ema20,-4.2,47.4,24.6,42.1,-0.46,False,19,D
2026-08-25,11.65,11.75,11.5,11.65,1998621,23265733,1313,聯成,,-0.0024717541377334,-0.0640526704438009,0.0615809163060674,11.564258602326326,11.619952098094757,11.492678145707012,50.97812803100733,12.868909067515691,0.4502787028995818,3273027.2,36697419.55,11.95,11.3,0.6429602174521688,-0.0176256628614389,0.0043103448275862,0.0043103448275862,11.6,0.6419832081055937,12.30960776772299,11.289999999999988,10.270392232276985,0.6765384745959558,0.1806213937507538,53.33333333333338,64.58333333333333,11.63000000000002,11.634999999999993,169103068.0,162967510.75,-34.999999999999964,52.63157894736825,60.12123242864924,12.7,12.4,,,,0.0,0.0,0.0,0.0,0.0,0.0,,0.0,0.0,-0.0078,-0.0325,0.0,6.89,0.02,0,False,0,False,False,True,True,0.6106337888056659,False,False,False,False,True,False,False,False,False,True,False,False,False,False,False,False,True,False,0.0,0.0,2.57510729613733,8.0,0.4849330888787482,False,False,False,False,False,False,False,-1.0,False,5,False,False,314.92553495460163,,3,False,3,False,False,False,False,"ema60_gt_ema120, market_above_ma60, avoid_chase, obv_uptrend, mfi_strong",,,35.5,57.9,35.7,42.1,-0.25,False,19,D
2026-08-25,66.0,66.5,65.8,66.3,45331,3003056,1315,達新,,0.722218542126825,0.5480130692312203,0.1742054728956047,65.0051865349995,63.89431771068478,63.43453469324262,65.86282139926023,34.19813193879867,0.8931069147432388,58619.85,3801958.0,66.3,63.6,0.2791363674726137,0.1127725966257206,0.0075987841945288,0.0015105740181267,66.2,0.2184537326019859,66.87884926449604,64.62000000000043,62.36115073550482,0.8718707632256956,0.0699117692508695,89.65517241379317,89.02484241750123,66.1,65.5,265836.0,-14164.4,-8.571428571428507,108.27168796234008,76.72448097885245,63.400000000000006,62.65,,,,0.0,0.0,0.0,0.0,0.0,0.0,,0.0,0.0,-0.0413,0.0708,0.0,1.24,-0.07,0,False,0,False,False,True,True,0.7733046058630311,False,True,True,False,True,False,False,False,False,True,False,False,False,False,False,False,True,True,-20.0,-12.0,0.0,25.0,1.2872886123689151,False,False,True,False,False,False,False,-1.0,False,8,False,False,566.1805094070572,,5,True,3,False,False,False,False,"ema60_gt_ema120, rsi_strong, market_above_ma60, avoid_chase, adx_trending, obv_uptrend, mfi_strong, above_ichimoku_cloud",,,286.8,84.2,84.8,42.1,0.03,False,19,D
2026-08-25,82.6,83.5,82.1,82.6,2141515,177286636,1319,東陽,,1.767604858697041,1.049999061447447,0.717605797249594,79.62050663118193,80.03891492490158,83.18882902609596,63.19671103332722,32.20106035372581,1.962083591303194,3062958.15,240648540.55,83.9,78.8,0.9986365603727154,-0.4061897228426876,0.0085470085470085,0.0,82.6,0.3504079652986639,87.40534994047326,77.97500000000018,68.5446500595271,0.7452188958625113,0.2418813707078693,56.96202531645566,59.7138139790865,82.53999999999942,82.05,-11506101.0,-19271931.65,-27.64227642276428,78.19684767296602,80.66614435244988,82.44999999999999,89.8,,,,0.0,0.0,0.0,0.0,0.0,0.0,,0.0,0.0,0.2266,0.127,0.0,11.38,0.26,0,False,0,False,False,True,False,0.6991656089065402,False,True,True,False,True,True,False,False,False,True,False,False,False,False,False,False,True,True,0.0,0.0,1.573849878934639,15.0,0.4745217585307204,False,False,False,False,False,False,False,-1.0,False,7,False,False,537.685917191434,,10,True,3,False,False,False,False,"rsi_strong, market_above_ma60, avoid_chase, liquidity_ok, adx_trending, obv_uptrend, mfi_strong",,,224.2,97.5,81.3,35.0,-0.14,True,40,D
2026-08-25,11.1,11.2,10.8,11.05,4379692,48196318,1316,上曜,,0.2079537563724383,0.0735907063246616,0.1343630500477766,10.50578075351472,10.56855726823176,11.202334535870232,61.58057447611786,24.17932494072485,0.3741270440528321,2948149.9,31419636.2,11.3,10.0,0.6992048824997761,-0.0564063477062786,0.0574162679425838,-0.0221238938053097,11.3,3.5879200408309493,11.241075339476822,10.29200000000003,9.342924660523238,0.89933605293013,0.1844297200693333,54.314720812182784,70.12363061494155,10.960000000000036,10.63000000000002,1742927.0,-19074861.6,-45.226130653266296,126.74094707520906,77.85296505595137,10.5875,10.925,,,,0.0,0.0,0.0,0.0,0.0,0.0,,0.0,0.0,1.0204,0.0263,0.0,4.16,-0.34,0,False,0,False,False,True,False,1.4855730368391378,False,True,True,False,False,False,False,False,False,True,False,False,False,False,False,False,True,True,0.0,-12.0,2.262443438914027,8.0,2.0,False,False,True,True,False,False,False,-1.0,False,6,True,False,489.8557303683914,,3,True,3,False,False,False,False,"rsi_strong, market_above_ma60, adx_trending, obv_uptrend, mfi_strong, above_ichimoku_cloud",long_upper_shadow,,155.1,73.5,74.2,42.9,1.16,False,49,D
2026-08-25,32.75,33.15,32.5,33.05,302565,9918544,1321,大洋,,0.2021266607324179,0.1487847299721127,0.0533419307603052,32.11009731534036,31.72954834043301,32.00529323352796,65.11881196486674,12.89792814899518,0.5002722310094704,130155.45,4178620.05,32.6,31.75,0.0597935735169361,0.1407430563308997,0.0409448818897637,0.0232198142414861,32.3,0.4638440516885554,32.79651936471623,32.07999999999993,31.36348063528362,1.176883311021277,0.0446707833364282,93.54838709677408,71.76250584385161,32.35999999999949,32.184999999999675,-4987404.0,-5320979.95,-6.250000000000097,224.0802675585282,71.69122303412225,31.6375,30.6,,,,0.0,0.0,0.0,0.0,0.0,0.0,,0.0,0.0,0.0142,-0.0287,0.0,6.9,0.04,0,False,0,True,True,True,False,2.3246433399446587,True,True,False,True,True,False,False,False,False,True,False,False,True,True,False,True,True,True,-20.0,-25.0,-1.3615733736762354,25.0,0.5605256521718135,False,False,True,False,False,False,False,-1.0,False,13,False,False,929.9727412255083,,3,False,3,False,False,False,False,"macd_golden_cross, volume_break, rsi_strong, breakout_20d, market_above_ma60, avoid_chase, hist_turn_positive, obv_uptrend, bb_squeeze_breakout, breakout_volume_confirm, cci_momentum, mfi_strong, above_ichimoku_cloud",,,650.5,100.0,99.5,42.1,2.74,True,19,D
2026-08-25,21.7,21.7,21.25,21.6,20640,443145,1323,永裕,,0.4217532604652483,0.3708763991904194,0.0508768612748288,21.049525166652025,20.485041018937643,20.21307212756968,67.40242899300573,25.58437128300583,0.403646358518486,70382.0,1477922.65,21.7,21.3,0.5952727324434627,0.1129775034318546,0.0140845070422535,0.0,21.6,0.1192049638600823,22.53686744043544,20.857500000000027,19.178132559564617,0.7210653791785634,0.1610324766089328,58.82352941176485,60.11508951406722,21.56000000000022,21.530000000000108,1594480.0,1348124.7,-20.0,58.78284923928119,72.04125747199573,20.1,19.975,,,,0.0,0.0,0.0,0.0,0.0,0.0,,0.0,0.0,0.2899,0.0444,0.0,1.47,0.0,0,False,0,False,False,True,True,0.2932567986132818,False,True,True,False,True,False,False,False,False,True,False,False,False,False,False,False,True,True,0.0,0.0,0.462962962962953,25.0,0.5726407661868078,False,False,True,False,False,False,False,-1.0,False,8,False,False,624.8042571803745,,5,False,3,False,False,False,False,"ema60_gt_ema120, rsi_strong, market_above_ma60, avoid_chase, adx_trending, obv_uptrend, mfi_strong, above_ichimoku_cloud",,,345.4,89.5,90.2,42.1,-0.8,True,19,X
2026-08-25,10.0,10.15,9.98,9.98,13728,137760,1324,地球,,-0.0598578688133155,-0.0679860536332992,0.0081281848199836,10.083987491253255,10.255634149422132,10.424168436271312,40.45668125005535,14.924043123500375,0.1328985521288827,32108.65,321734.7,10.2,9.99,0.0448536804554699,-0.1059366073813554,-0.002,-0.0069651741293532,10.05,0.1623714484069315,10.16974066451268,10.032500000000027,9.895259335487374,0.3087301595833262,0.0273592154523105,4.347826086956455,24.637681159420023,10.024000000000068,10.067000000000007,623404.0,642855.4,-78.57142857142834,-8.786848072563947,43.56756845603235,10.4375,10.5,,,,0.0,0.0,0.0,0.0,0.0,0.0,,0.0,0.0,0.0657,0.0098,0.0,0.94,0.0,0,False,0,False,False,False,False,0.4275483397775989,False,False,False,False,True,False,False,False,False,False,False,False,False,False,False,False,False,False,20.0,0.0,2.2044088176352594,8.0,-0.0990489129291,False,False,False,True,False,False,False,-1.0,False,2,True,False,141.0868964426268,,3,False,3,False,True,True,True,"market_above_ma60, avoid_chase",long_upper_shadow,"close_below_ema20, close_below_swing_low",-138.3,5.3,3.1,42.1,-0.57,False,19,D
2026-08-25,26.1,26.1,25.75,25.85,143900,3724061,1325,恆大,,0.0207820082507872,0.09250576507672,-0.0717237568259328,26.2301836245008,26.241386369552263,26.810934074990232,46.51338935190663,26.89214062339345,0.7021607346635361,310642.4,8219012.3,27.4,25.9,-0.0270250348880665,0.0336459488759648,-0.0019305019305018,-0.0095785440613026,26.1,0.4385387680448432,27.04868306952857,26.290000000000056,25.53131693047154,0.2100238441636157,0.0577164754300885,8.695652173913178,33.333333333333336,26.22000000000008,26.18500000000004,7636758.0,7668834.45,-95.23809523809516,-111.1111111111111,38.49793670611192,25.15,26.4,,,,0.0,0.0,0.0,0.0,0.0,0.0,,0.0,0.0,-0.0016,-0.0759,0.0,1.03,0.16,0,False,0,False,False,False,False,0.4632336088054946,False,False,True,False,True,False,False,False,False,False,False,False,False,False,False,False,False,True,20.0,0.0,5.99613152804641,0.0,-0.0116414201808519,False,False,False,False,False,False,False,-1.0,False,3,False,False,229.4926390458848,,5,False,3,False,True,True,True,"market_above_ma60, avoid_chase, adx_trending",,"close_below_ema20, close_below_swing_low",-49.9,15.8,14.2,42.1,-0.51,False,19,D
2026-08-25,56.5,58.3,56.1,58.0,10506144,604469877,1326,台化,,-0.7060018899223266,-0.5570167026223594,-0.1489851872999672,59.28694070822905,57.84054249067392,53.10440635861262,46.56645332765508,11.074151317411246,3.178815168621118,26474838.15,1549695507.8,60.9,56.7,0.1040125929338726,0.2652423380333111,-0.0235690235690235,0.0157618213660244,57.1,1.1945351289668131,60.70390972045328,58.4,56.09609027954672,0.4131910429369381,0.0789010178237423,33.928571428571395,39.123612407925975,58.060000000000215,58.86000000000004,1261491754.0,1248125944.75,-66.07142857142861,-89.5597484276735,45.38994013160058,62.6625,58.325,,,,0.0,0.0,0.0,0.0,0.0,0.0,,0.0,0.0,0.3418,0.1301,0.0,37.14,-0.28,0,False,0,False,False,True,True,0.3968350605384154,False,False,False,False,True,True,False,False,False,True,False,False,False,False,False,False,False,False,0.0,0.0,4.999999999999997,0.0,0.0746952661030541,False,False,False,False,False,False,False,-1.0,False,5,False,False,329.8646937986208,,3,False,3,False,True,False,True,"ema60_gt_ema120, market_above_ma60, avoid_chase, liquidity_ok, obv_uptrend",,close_below_ema20,50.4,63.2,38.3,42.1,-0.62,False,19,D
2026-08-25,14.4,14.5,14.25,14.35,87995,1263693,1338,廣華-KY,,-0.4178117428105565,-0.4041292029970478,-0.0136825398135087,15.008467828194629,15.76190537165027,16.559038974364444,29.236062347363216,43.99579693075454,0.360182168120971,98457.3,1473268.55,15.5,14.5,-0.3904301346910664,-0.2896547567810386,-0.0103448275862069,-0.0103448275862069,14.5,0.4662485894869285,15.748149718582074,14.997499999999944,14.246850281417816,0.0687069588043126,0.100103313029789,14.28571428571425,20.63492063492049,14.579999999999927,14.660000000000036,-44738.0,344586.0,-91.6666666666667,-128.6980949872708,24.0005765665324,16.75,16.525,,,,0.0,0.0,0.0,0.0,0.0,0.0,,0.0,0.0,-0.167,-0.1719,0.0,6.31,-0.02,0,False,0,False,False,False,False,0.893737691364683,False,False,True,False,True,False,False,False,False,False,False,False,False,False,False,False,False,False,20.0,25.0,8.013937282229968,0.0,-0.7680320596108575,False,False,False,False,False,False,False,-1.0,False,3,False,False,219.7209921983165,,10,False,3,False,True,True,True,"market_above_ma60, avoid_chase, adx_trending",,"close_below_ema20, close_below_swing_low",-93.8,30.0,12.6,35.0,0.04,False,40,D
2026-08-25,45.3,45.75,45.25,45.35,81867,3717214,1339,昭輝,,0.3048871860611939,0.3276293184562689,-0.022742132395075,45.17330851816738,44.356349040171565,43.830162068936566,53.69303750261776,17.011013954030936,0.8739302716349008,122303.45,5520527.35,46.35,45.0,0.2164450501616768,0.0628740374327295,0.0077777777777778,-0.0054824561403509,45.6,0.6776864098085034,46.54459021034229,45.04250000000002,43.540409789657744,0.6023573677142582,0.0666965736956107,25.531914893617067,31.205673758865185,45.42000000000044,45.59000000000015,122459.0,-145094.6,-63.63636363636363,44.86743711760581,79.44858355691997,44.725,43.5,,,,0.0,0.0,0.0,0.0,0.0,0.0,,0.0,0.0,0.0189,0.1469,0.0,1.93,-0.03,0,False,0,False,False,True,True,0.6693760478547417,False,False,False,False,True,False,False,False,False,True,False,False,False,False,False,False,True,False,10.0,0.0,2.2050716648291067,8.0,0.8975267293780503,False,False,True,True,False,False,False,-1.0,False,6,True,False,430.464081231084,,3,False,3,False,False,False,False,"ema60_gt_ema120, market_above_ma60, avoid_chase, obv_uptrend, mfi_strong, above_ichimoku_cloud",long_upper_shadow,,117.0,77.5,63.7,35.0,-0.17,False,40,D
2026-08-25,58.1,59.9,57.5,59.9,12003,696072,1341,富林-KY,,-5.666230476071739,-2.351874503020058,-3.314355973051681,49.2721957837112,54.5516305931406,56.55222967793206,53.42286830675013,16.288688950483408,10.359464030466857,9010.55,532771.3,60.7,0.0,,,-0.0099173553719008,inf,0.0,0.0003422137809489,88.90063052694035,53.31500000000024,17.72936947306013,0.5925233008730109,1.3349200235183325,98.1967213114754,32.73224043715891,35.58000000000029,47.98000000000029,-387118.0,-402264.35,-2.2838499184339294,37.246049661399546,72.44555183225219,30.7,31.85,,,,0.0,0.0,0.0,0.0,0.0,0.0,,0.0,0.0,0.2254,0.3946,0.0,80.0,0.0,0,False,0,False,False,True,False,1.332105143415219,False,False,False,False,True,False,False,False,False,True,False,False,False,False,True,False,True,False,-20.0,0.0,1.335559265442411,15.0,0.2764730305476281,False,False,True,False,False,False,False,-1.0,False,6,False,False,401.63872780072376,,3,False,3,False,False,False,False,"market_above_ma60, avoid_chase, obv_uptrend, williams_r_recovery, mfi_strong, above_ichimoku_cloud",,,122.2,73.7,55.6,42.1,1.01,False,19,C
2026-08-25,5.15,5.51,5.12,5.33,395347,2108255,1340,勝悅-KY,,-0.0287186502618848,-0.0561826553633127,0.0274640051014279,5.181847979776884,5.3809184547534405,5.717777749319789,57.85514943542747,13.414843161173,0.143824173177162,183246.6,944071.45,5.26,5.07,0.134039782365333,-0.2204492114327628,0.0512820512820513,0.0329457364341085,5.16,0.3677238755201351,5.289200350991357,5.132499999999993,4.975799649008629,1.1301836554625575,0.061061997463756,64.00000000000006,54.66666666666666,5.180000000000018,5.162000000000012,-1498835.0,-1924620.2,-35.99999999999994,208.6643965191058,73.8490105880488,5.6075,5.6850000000000005,,,,0.0,0.0,0.0,0.0,0.0,0.0,,0.0,0.0,1.3888,0.3924,0.0,26.09,-0.01,0,False,0,False,False,False,False,2.157458855989688,True,True,False,True,False,False,False,False,False,True,False,False,True,True,False,True,True,True,0.0,-25.0,-1.3133208255159527,25.0,0.34969858667936,False,False,False,False,False,False,False,-1.0,False,9,False,False,680.7709716000493,,3,False,3,False,False,False,False,"volume_break, rsi_strong, breakout_20d, market_above_ma60, obv_uptrend, bb_squeeze_breakout, breakout_volume_confirm, cci_momentum, mfi_strong",,,401.3,94.7,93.3,42.1,2.45,True,19,D
2026-08-25,102.5,103.5,102.5,103.0,122614,12615360,1342,八貫,,-1.3489963952015245,-1.7160489673641004,0.3670525721625759,103.7418814804571,104.58622491282608,101.50177317947195,45.94697738455272,21.78614765683721,2.6121786741991326,371059.45,37361624.35,105.5,101.0,0.1404332689861003,-0.1155235057858993,0.0147783251231528,0.0,103.0,0.2760077642555577,105.74535420633234,102.075,98.40464579366768,0.626009636672685,0.0719148509690391,55.55555555555556,55.55555555555475,103.0,102.75,8834486.0,8855076.6,-45.45454545454545,43.992817499184106,44.08012803118322,113.5,106.15,,,,0.0,0.0,0.0,0.0,0.0,0.0,,0.0,0.0,0.7692,0.0957,0.0,32.73,0.0,0,False,0,False,False,False,True,0.3304430058310063,False,False,True,False,True,False,False,False,True,False,False,False,False,False,False,False,False,True,0.0,0.0,2.4271844660194173,8.0,-0.0101921903363446,False,False,False,False,False,False,False,-1.0,False,5,False,False,381.1821237742739,,5,False,3,False,True,False,True,"ema60_gt_ema120, market_above_ma60, avoid_chase, adx_trending, kd_golden_cross",,close_below_ema20,74.6,78.1,51.9,34.4,-0.56,False,32,D
2026-08-25,29.35,29.75,28.85,29.0,12738403,372127299,1402,遠東新,,0.4636097190895789,0.196532158483796,0.2670775606057829,28.09321799438152,27.64315044821448,27.55328319260216,59.11602262981551,20.085813766297964,0.8235262745333305,19494439.55,543803887.4,30.35,26.95,0.4548189306891375,0.0194172856835554,0.0431654676258992,-0.0152801358234294,29.45,1.3526659993105057,29.65048443548571,27.714999999999964,25.77951556451422,0.831958236511869,0.1396705347635393,58.75000000000004,74.14029535865,29.2,28.29500000000008,2181330.0,-68109198.1,-40.74074074074073,140.09216589861742,65.71374950419474,27.625,26.6,,,,0.0,0.0,0.0,0.0,0.0,0.0,,0.0,0.0,0.2058,0.0194,0.0,17.37,0.7,0,False,0,False,False,True,True,0.6534377645137277,False,True,True,False,True,True,False,False,False,True,False,False,False,False,False,False,True,True,0.0,-12.0,4.6551724137931085,0.0,1.0452215085909513,False,False,True,False,False,False,False,-1.0,False,9,False,False,652.0770357482287,,5,False,3,False,False,False,False,"ema60_gt_ema120, rsi_strong, market_above_ma60, avoid_chase, liquidity_ok, adx_trending, obv_uptrend, mfi_strong, above_ichimoku_cloud",,,442.1,100.0,91.4,27.8,0.18,True,36,D
2026-08-25,24.35,24.75,24.1,24.45,7036312,171839704,1409,新纖,,0.0923641908830674,-0.0657810622523958,0.1581452531354633,24.12175447682573,23.59142944455519,21.695756513640912,52.36669186039773,10.547175869909363,1.0371855188454886,11556926.15,270739118.3,25.25,24.1,0.9850066678009308,-0.2955190633527825,0.0041067761806981,0.0061728395061728,24.3,0.6974077138743807,26.53979548414486,23.407500000000027,20.2752045158552,0.6664115032053867,0.2676317833296875,27.27272727272725,28.826728826728868,24.35,24.569999999999983,449549143.0,438157946.85,-35.29411764705882,46.94891201513716,51.15478046772549,28.137500000000003,25.35,,,,0.0,0.0,0.0,0.0,0.0,0.0,,0.0,0.0,0.5623,0.3059,0.0,10.23,-0.15,0,False,0,False,False,True,True,0.6088394014700873,False,False,False,False,True,True,False,False,False,True,False,False,False,False,False,False,True,False,10.0,0.0,3.2719836400818028,8.0,0.1540512649566822,False,False,False,True,False,False,False,-1.0,False,6,True,False,420.9370091941811,,3,False,3,False,False,False,False,"ema60_gt_ema120, market_above_ma60, avoid_chase, liquidity_ok, obv_uptrend, mfi_strong",long_upper_shadow,,210.9,83.3,60.7,27.8,0.01,False,36,D
2026-08-25,24.95,25.0,24.7,24.75,25060,620092,1410,南染,,-0.1996537698735103,-0.1076072764257035,-0.0920464934478067,25.637406340915422,26.22239436355139,27.62130268949389,38.92870475842345,13.835202364741583,0.8106002017815463,52459.85,1346152.5,26.4,25.3,-0.0598554002945845,0.0282165145104515,-0.0388349514563106,-0.0217391304347825,25.3,1.179083274404457,26.482649687199128,25.64749999999985,24.812350312800582,-0.037328824853948,0.0651252314805948,2.6315789473684554,10.575468844524949,25.299999999999635,25.599999999999817,-4859965.0,-4582346.25,-97.36842105263156,-202.24719101123785,34.52756175898638,26.575000000000003,26.575,,,,0.0,0.0,0.0,0.0,0.0,0.0,,0.0,0.0,0.3074,0.4139,0.0,19.0,0.01,0,False,0,False,False,False,False,0.4776986590697457,False,False,False,False,True,False,False,False,False,False,False,False,False,False,False,False,False,False,20.0,25.0,6.666666666666661,0.0,-0.4717552827921525,False,False,False,False,False,False,False,-1.0,False,2,False,False,174.11592319719162,,3,False,3,False,True,True,True,"market_above_ma60, avoid_chase",,"close_below_ema20, close_below_swing_low",-35.9,33.3,6.4,27.8,-0.52,False,36,D
2026-08-25,9.22,9.36,9.2,9.3,20360,188656,1413,宏洲,,-0.0504760868115461,-0.0428499503853533,-0.0076261364261927,9.402046280755856,9.457719754046822,9.56775519199586,46.181319041854486,9.35392098290158,0.2465196932957102,48685.6,450858.7,9.92,9.24,-0.0477536507874026,-0.013080806173331,-0.002145922746781,-0.0095846645367412,9.39,0.0170715397178534,9.561801347068805,9.372499999999992,9.18319865293118,0.3085063811679137,0.0403950593905172,33.33333333333373,48.41269841269847,9.32399999999998,9.355000000000018,-1021711.0,-968936.35,-79.5918367346936,-55.15587529975982,41.02922666685648,9.3775,9.44,,,,0.0,0.0,0.0,0.0,0.0,0.0,,0.0,0.0,0.019,0.0424,0.0,0.51,0.0,0,False,0,False,False,False,False,0.4181934699377229,False,False,False,False,True,False,False,False,False,False,False,False,False,False,False,False,False,False,0.0,0.0,6.666666666666658,0.0,-0.1225478535755527,False,False,False,False,False,False,False,-1.0,False,2,False,False,112.7113604564706,,3,False,3,False,True,False,True,"market_above_ma60, avoid_chase",,close_below_ema20,-97.3,5.6,1.5,27.8,-0.76,False,36,D
2026-08-25,19.4,19.6,19.3,19.6,335453,6520808,1414,東和,,0.3744728636715173,0.4050623208693087,-0.0305894571977913,19.51278365124974,18.64031394554291,18.19418265769738,52.86631142414748,25.43306086712309,0.6976305539492753,355793.15,6890415.15,20.5,19.05,0.3707590421813244,0.3311957063425927,-0.0392156862745096,0.0129198966408268,19.35,1.1431382552292109,20.68007135090865,19.49750000000008,18.314928649091502,0.5433377655907061,0.1213049212369349,38.095238095238166,48.41269841269908,19.940000000000147,19.81500000000005,15444943.0,14237426.25,-61.90476190476184,9.099181073703877,59.19683085511815,18.4125,16.85,,,,0.0,0.0,0.0,0.0,0.0,0.0,,0.0,0.0,-0.1462,-0.1416,0.0,1.44,0.13,0,False,0,False,False,True,True,0.9428315300617788,False,False,True,False,True,False,False,False,False,True,False,False,False,False,False,False,True,True,0.0,0.0,4.59183673469387,0.0,0.8846277951310689,False,False,True,False,False,False,False,-1.0,False,7,False,False,480.0438488421906,,3,True,3,True,False,False,True,"ema60_gt_ema120, market_above_ma60, avoid_chase, adx_trending, obv_uptrend, mfi_strong, above_ichimoku_cloud",,macd_death_cross,270.0,88.9,72.8,27.8,1.34,False,36,D
2026-08-25,11.95,11.95,11.75,11.9,396945,4693588,1416,廣豐,,0.2596344067107345,0.1823696039833701,0.0772648027273644,11.498882473991694,11.274258284730502,11.313919160110997,66.36198523783334,32.77691511211243,0.2518499791880839,695357.45,7958195.3,12.05,10.95,0.7268824153522466,0.0392869055360818,0.0170940170940172,-0.012448132780083,12.05,1.3441448631350985,12.334493116987398,11.317499999999995,10.300506883012591,0.7863834524886074,0.1797204536315268,52.63157894736846,73.99972262672479,11.890000000000054,11.805000000000016,9432523.0,4694182.85,-27.272727272727224,78.76672484002354,84.62903550764507,11.0375,11.3,,,,0.0,0.0,0.0,0.0,0.0,0.0,,0.0,0.0,0.7425,-0.0852,0.0,6.84,0.19,0,False,0,False,False,True,False,0.5708502871436842,False,True,True,False,True,False,False,False,False,True,False,False,False,False,False,False,True,True,0.0,0.0,1.2605042016806751,15.0,1.7418397841173503,False,False,True,False,False,False,False,-1.0,False,7,False,False,571.610580280845,,10,False,3,False,False,False,False,"rsi_strong, market_above_ma60, avoid_chase, adx_trending, obv_uptrend, mfi_strong, above_ichimoku_cloud",,,265.0,90.6,85.8,34.4,-0.31,False,32,D
2026-08-25,8.28,8.33,8.22,8.23,84453,698915,1417,嘉裕,,-0.0652536680176893,-0.0772027637818351,0.0119490957641457,8.318021173442636,8.453869217348933,8.534997127783418,41.83128536766409,15.561998813032556,0.1322963296035946,122432.15,1010855.6,8.34,8.18,0.0158880920588555,-0.0556889963651668,-0.0048367593712211,-0.0120048019207682,8.33,0.4726557404675272,8.348955509328137,8.267500000000018,8.186044490671899,0.2698129917218993,0.019704991672965,36.84210526315814,68.42105263157949,8.255999999999949,8.273000000000001,6793285.0,6765152.75,-63.15789473684186,-17.09401709401505,42.71380023829226,8.8325,8.67,,,,0.0,0.0,0.0,0.0,0.0,0.0,,0.0,0.0,-0.0808,-0.1225,0.0,1.39,-0.03,0,False,0,False,False,False,False,0.6897943064791398,False,False,False,False,True,False,False,False,False,True,False,False,False,False,False,False,False,False,0.0,0.0,1.336573511543128,15.0,0.0369361640703615,False,False,False,False,False,False,False,-1.0,False,3,False,False,187.3411770336357,,3,False,3,False,True,False,True,"market_above_ma60, avoid_chase, obv_uptrend",,close_below_ema20,-22.7,36.1,8.0,27.8,0.33,False,36,D
2026-08-25,17.65,17.8,17.6,17.8,14213,250994,1418,東華,,-0.158057714243224,-0.1424591201211077,-0.0155985941221162,17.98100771111234,18.23815148786672,18.528767708361904,43.16777407377357,15.773578895620624,0.3394846711503124,14373.5,258698.4,18.6,17.65,-0.155700619837173,-0.0714446884555416,0.0,-0.0028011204481792,17.85,1.0413882449202236,18.38135842365089,17.985000000000035,17.58864157634918,0.2666253711779354,0.0440765553128557,36.36363636363642,36.36363636363664,17.760000000000037,17.840000000000053,305882.0,382774.25,-66.66666666666667,-107.97101449275404,46.18173759097625,18.675,18.55,,,,0.0,0.0,0.0,0.0,0.0,0.0,,0.0,0.0,45.3333,-0.289,0.0,0.98,0.02,0,False,0,False,False,False,False,0.9888336174209482,False,False,False,False,True,False,False,False,False,False,False,False,False,False,False,False,False,False,0.0,0.0,4.494382022471914,0.0,-0.7730388279329786,False,False,False,False,False,False,False,-1.0,False,2,False,False,130.61187023901374,,3,False,3,False,True,False,True,"market_above_ma60, avoid_chase",,close_below_ema20,-79.4,16.7,2.4,27.8,1.52,False,36,D
2026-08-25,65.5,65.7,65.3,65.3,37248,2440098,1419,新紡,,-0.3314384353603543,-0.4111002652600962,0.0796618298997418,65.46686573375078,65.686226593416,65.44373236535029,48.61403702724757,15.14135780286887,1.4850169505432496,136373.9,9081605.4,70.1,63.4,-0.2644487879289845,-0.0177831441532109,0.0283464566929132,-0.0106060606060606,66.0,0.4415297394301787,69.08491202233918,65.675,62.26508797766082,0.4450132441037649,0.1038420105775159,54.99999999999999,75.83333333333333,65.22000000000044,64.89000000000014,8564239.0,8747001.2,-45.00000000000001,-12.7263827704352,48.651480731532246,66.95,66.3,,,,0.0,0.0,0.0,0.0,0.0,0.0,,0.0,0.0,0.3069,0.3277,0.0,1.37,-0.01,0,False,0,False,False,False,True,0.2731314423067757,False,False,False,False,True,False,False,False,False,False,False,False,False,False,False,False,False,True,0.0,0.0,7.350689127105663,0.0,-0.6138159803104773,False,False,False,False,False,False,False,-1.0,False,3,False,False,200.365522659342,,3,False,3,False,True,False,True,"ema60_gt_ema120, market_above_ma60, avoid_chase",,close_below_ema20,-9.6,50.0,10.0,27.8,-1.33,False,36,X
2026-08-25,35.8,35.8,35.2,35.2,11547,407041,1423,利華,,-0.4352767641966153,-0.5196098288847163,0.0843330646881009,35.65401415672976,37.16261303393055,38.01378511375815,41.00214199439278,10.834252233097985,0.7589038270913254,14574.0,517076.8,36.1,34.8,-0.0478154991807859,-0.402522826988229,-0.0042432814710041,0.0057142857142857,35.0,0.4580398833939581,36.12105198615584,35.51750000000002,34.913948013844205,0.236973775844679,0.0339861750492469,50.00000000000022,53.70370370370377,35.30999999999985,35.4,7210547.0,7195604.2,-55.55555555555542,-36.80981595091978,48.5201318901528,39.075,40.650000000000006,,,,0.0,0.0,0.0,0.0,0.0,0.0,,0.0,0.0,0.1014,1.0635,0.0,1.17,0.0,0,False,0,False,False,False,False,0.7923013585837794,False,False,False,False,True,False,False,False,False,True,False,False,False,False,False,False,False,False,0.0,0.0,2.5568181818181777,8.0,0.0059045992039731,False,False,False,False,True,False,False,-1.0,False,3,True,False,220.99386877628547,,3,False,3,False,True,False,True,"market_above_ma60, avoid_chase, obv_uptrend",open_high_close_low,close_below_ema20,11.0,58.3,12.8,27.8,0.74,False,36,D
2026-08-25,15.0,15.1,15.0,15.05,51386,772841,1432,大魯閣,,-0.0846460470298264,-0.1023780037523499,0.0177319567225234,15.108017794952524,15.5692018425006,16.166680563309143,43.32283438008341,15.442064920027136,0.1573677244757751,123307.95,1862364.55,15.3,15.0,-0.008693041572017,-0.2626350337666277,0.0,0.0033333333333334,15.0,0.4705142856699967,15.26065171716892,15.09250000000011,14.924348282831298,0.3736260303620864,0.0222828182433407,20.000000000000284,12.22222222222202,15.03000000000011,15.070000000000071,-11747737.0,-11812394.7,-87.49999999999983,-53.853296193127726,49.846774816422005,15.75,16.425,,,,0.0,0.0,0.0,0.0,0.0,0.0,,0.0,0.0,-0.4061,0.0632,0.0,0.68,-0.08,0,False,0,False,False,False,False,0.4167290105787988,False,False,False,False,True,False,False,False,True,True,False,False,False,False,False,False,False,False,10.0,0.0,1.661129568106312,15.0,0.0989218689832545,False,False,False,False,False,False,False,-1.0,False,4,False,False,245.35435253358705,,3,False,3,False,True,False,True,"market_above_ma60, avoid_chase, kd_golden_cross, obv_uptrend",,close_below_ema20,-84.3,38.5,17.8,23.1,-0.1,False,13,D
2026-08-25,17.8,17.85,17.65,17.7,1440059,25538284,1434,福懋,,-0.0247623757863664,-0.0495390714322435,0.0247766956458771,17.71980031293611,17.482421473863763,17.0941383074989,49.67078285188842,24.293380787089085,0.5128363829531597,2432338.6,42641943.75,18.1,17.5,0.1630589798644228,0.1525276483563525,0.0085470085470085,-0.0028169014084507,17.75,1.850900120885786,18.014368283752024,17.520000000000117,17.02563171624821,0.6820505136715176,0.0564347355881168,34.99999999999979,56.25,17.75,17.670000000000073,5019889.0,9821645.85,-50.000000000000135,67.48659728792111,53.03939367984661,18.6625,17.625,,,,0.0,0.0,0.0,0.0,0.0,0.0,,0.0,0.0,-0.0154,0.0017,0.0,8.26,0.12,0,False,0,False,False,True,True,0.5920470941011255,False,False,True,False,True,False,False,False,False,False,False,False,False,False,False,False,True,True,0.0,0.0,2.2598870056497296,8.0,-0.2248987404026778,False,False,False,False,False,False,False,-1.0,False,5,False,False,331.2216860561791,,5,False,3,False,True,False,True,"ema60_gt_ema120, market_above_ma60, avoid_chase, adx_trending, mfi_strong",,close_below_ema20,121.2,75.0,38.6,27.8,-0.06,False,36,D
2026-08-25,22.75,22.75,21.85,21.9,17207,381629,1435,中福,,0.1467924169069654,0.4070945796392252,-0.2603021627322598,23.42892938764577,22.05156392274194,21.460383274291683,45.704374299979385,7.498722798080199,1.7412385064788398,31249.95,731386.85,25.5,22.8,0.2616097098307637,,-0.0660980810234541,-0.0394736842105264,22.8,0.2915583081680764,25.78941169199574,23.409999999999947,21.030588308004155,0.1826946750998357,0.2032816481841774,1.3698630136985528,7.657432363592306,23.35,23.84999999999991,-481736.0,-485242.1,-80.37383177570098,-89.30276981852916,67.65040678183172,20.7875,16.525,,,,0.0,0.0,0.0,0.0,0.0,0.0,,0.0,0.0,0.0,0.0,0.0,0.23,0.0,0,False,0,False,False,False,True,0.5506248809998096,False,False,False,False,True,False,False,False,False,True,False,False,False,False,False,False,True,False,20.0,12.0,16.43835616438357,0.0,0.0156219015666642,False,False,True,False,False,False,False,-1.0,False,6,False,False,412.6937116287981,,3,False,3,False,True,True,True,"ema60_gt_ema120, market_above_ma60, avoid_chase, obv_uptrend, mfi_strong, above_ichimoku_cloud",,"close_below_ema20, close_below_swing_low",106.1,84.4,58.1,34.4,-0.33,False,32,D
2026-08-25,38.1,38.35,38.05,38.15,117714,4489860,1436,華友聯,,-0.733530631702024,-1.2451635938988674,0.5116329621968434,38.253156946428206,41.63786753436546,46.859011967663655,45.66320258507943,25.13244330544417,0.8849185489252192,334152.05,12325324.05,38.8,36.55,0.4476620351216208,-0.4869356359379799,0.0159786950732356,-0.0167525773195875,38.8,0.2776523499693558,39.18792923535048,37.03999999999978,34.89207076464908,0.7583884007284312,0.1159789003969068,67.99999999999983,86.62411347517748,38.45999999999985,37.87499999999964,-11985946.0,-12412284.45,-20.5128205128206,90.55044148036852,86.58183553839683,45.7375,46.925,,,,0.0,0.0,0.0,0.0,0.0,0.0,,0.0,0.0,-0.9399,-0.6398,0.0,6.27,0.02,0,False,0,False,False,False,False,0.3522767554471085,False,False,True,False,True,False,False,False,False,True,False,False,False,False,False,False,True,True,0.0,0.0,1.70380078636959,15.0,0.2543684071347037,False,False,False,True,False,False,False,-1.0,False,5,True,False,341.5751884400876,,5,False,3,False,True,False,True,"market_above_ma60, avoid_chase, adx_trending, obv_uptrend, mfi_strong",long_upper_shadow,close_below_ema20,6.8,53.1,41.1,42.9,-0.7,False,49,D
2026-08-25,31.8,31.95,31.65,31.75,42441,1348606,1437,勤益控,,0.3875855998795714,0.2851325427088079,0.1024530571707635,31.31789040140601,30.71715694951112,30.689806021107785,57.79429641256822,20.71040291631736,0.5731875960816302,713312.35,21046905.3,32.4,30.4,0.2389654056172375,0.1504072223982311,0.0111464968152865,-0.0015723270440252,31.8,0.0982927775706662,32.838159696422935,31.13250000000007,29.426840303577205,0.6810150058933094,0.1095742196368978,55.81395348837201,68.45033017513622,32.1,31.66999999999989,3502016.0,10131003.4,-27.941176470588303,69.0252350321624,17.071671000566823,30.5,29.9,,,,0.0,0.0,0.0,0.0,0.0,0.0,,0.0,0.0,-0.3401,-0.083,0.0,8.83,0.13,0,False,0,False,False,True,True,0.0594984791725532,False,True,True,False,True,False,False,False,False,False,False,False,False,False,False,False,False,True,0.0,0.0,2.0472440944881845,8.0,-2.0,False,False,True,True,False,False,False,-1.0,False,6,True,False,344.59498479172555,,5,True,3,False,False,False,False,"ema60_gt_ema120, rsi_strong, market_above_ma60, avoid_chase, adx_trending, above_ichimoku_cloud",long_upper_shadow,,38.0,75.0,42.6,34.4,-0.83,False,32,X
2026-08-25,22.0,22.4,22.0,22.3,41040,907034,1438,三地開發,,0.0507818981162984,0.076959562001943,-0.0261776638856445,22.36930724589651,22.626549418361503,24.468931421375256,49.10764111244698,10.14986000062308,0.5388677093230114,48874.0,1113262.45,23.3,22.2,-0.1225232462397832,0.0993643931962151,-0.0044642857142855,-0.0066815144766146,22.45,0.5094878148229464,23.08868268830908,22.520000000000163,21.951317311691245,0.3065705141698858,0.0505046792459071,56.250000000000114,68.75,22.400000000000365,22.38000000000011,-754333.0,-700919.55,-55.00000000000007,-76.24633431085003,42.27587738590568,22.2625,22.275,,,,0.0,0.0,0.0,0.0,0.0,0.0,,0.0,0.0,0.0,34.6834,0.0,0.48,-0.02,0,False,0,False,False,False,False,0.8397102754020542,False,False,False,False,True,False,False,False,False,False,False,False,False,False,False,False,False,True,0.0,0.0,4.484304932735426,0.0,-0.1898085422109455,False,False,True,False,False,False,False,-1.0,False,3,False,False,191.1194002474892,,3,False,3,False,True,False,True,"market_above_ma60, avoid_chase, above_ichimoku_cloud",,close_below_ema20,-143.7,12.2,8.5,42.9,0.1,False,49,D
2026-08-25,29.7,29.75,29.65,29.65,173091,5140401,1439,雋揚,,0.8709603546661704,0.8853224452686242,-0.0143620906024538,28.55622542593939,27.08392868794711,26.855673391230184,65.29801260193298,10.4699867178273,0.7783127222459298,59454.1,1704515.2,29.65,28.55,0.3738691208406286,0.337211449194656,0.0171526586620927,0.003384094754653,29.55,0.3261355103758651,30.203645743278475,28.69750000000004,27.1913542567216,0.8162044590474519,0.1049670349876077,94.8717948717948,96.48879648879664,29.5,29.16000000000004,1231255.0,886756.45,-4.255319148936228,111.0268722095863,68.40654902584832,25.2,25.3,,,,0.0,0.0,0.0,0.0,0.0,0.0,,0.0,0.0,-0.8515,0.0203,0.0,1.4,0.02,0,False,0,False,False,True,True,2.911338326540979,True,True,False,False,True,False,False,False,False,True,False,False,False,False,False,False,True,True,-20.0,-12.0,0.0,25.0,1.4338395580551533,False,False,True,False,False,False,False,-1.0,False,8,False,False,519.3194579620716,,3,False,3,False,False,False,False,"ema60_gt_ema120, volume_break, rsi_strong, market_above_ma60, avoid_chase, obv_uptrend, mfi_strong, above_ichimoku_cloud",,,184.5,79.6,78.8,42.9,3.5,False,49,D
2026-08-25,13.6,13.65,13.45,13.5,761161,10304954,1440,南紡,,0.1821356432890333,0.1167664462441313,0.0653691970449019,13.31043880679351,13.143824707778446,13.116950692835616,54.931866869182365,20.65324493940143,0.401175260283639,2051393.65,26937600.9,14.0,13.35,0.7405969745881507,-0.087055247299513,0.0112359550561798,-0.0073529411764705,13.6,1.0638585783114587,14.349609315376505,13.070000000000029,11.790390684623553,0.6680200334714905,0.1958086175021382,32.00000000000003,57.333333333333336,13.6,13.570000000000029,-61944813.0,-65044895.55,-39.53488372093021,51.38888888888874,70.99032490992747,13.925,13.55,,,,0.0,0.0,0.0,0.0,0.0,0.0,,0.0,0.0,0.1629,0.243,0.0,7.57,0.12,0,False,0,False,False,True,True,0.371045800985101,False,False,True,False,True,False,False,False,False,True,False,False,False,False,False,False,True,True,0.0,0.0,3.7037037037037033,0.0,0.314888246990621,False,False,False,False,False,False,False,-1.0,False,6,False,False,442.4891169737385,,5,False,3,False,False,False,False,"ema60_gt_ema120, market_above_ma60, avoid_chase, adx_trending, obv_uptrend, mfi_strong",,,232.5,86.1,66.4,27.8,-0.94,False,36,D
2026-08-25,9.02,9.02,8.88,8.88,3706,33190,1441,大東,,-0.0543350295552613,-0.0705707352027386,0.0162357056474772,8.952781674296437,9.171938009250164,9.50864646067348,45.42488837645275,15.419620371061232,0.1579804258857884,14783.35,132036.75,9.11,8.8,-0.0455990769003797,-0.0919171578091524,0.0079455164585697,-0.0252469813391875,9.11,0.9918288515822314,9.097008208748612,8.929500000000008,8.761991791251404,0.352246047015234,0.0375179368942502,20.00000000000009,45.833333333333336,8.910000000000128,8.907000000000016,-722842.0,-735588.35,-79.99999999999991,-13.300083125518098,53.69288449785052,9.3675,9.5,,,,0.0,0.0,0.0,0.0,0.0,0.0,,0.0,0.0,-0.275,-0.0094,0.0,1.49,-0.01,0,False,0,False,False,False,False,0.2506874287627635,False,False,False,False,True,False,False,False,False,True,False,False,False,False,False,False,True,True,10.0,0.0,2.590090090090075,8.0,0.1041402941520303,False,False,False,False,False,False,False,-1.0,False,4,False,False,241.756557817452,,3,False,3,False,True,False,True,"market_above_ma60, avoid_chase, obv_uptrend, mfi_strong",,close_below_ema20,31.8,61.1,16.9,27.8,-1.42,False,36,X
2026-08-25,30.6,30.6,30.1,30.1,70619,2142433,1442,名軒,,0.3508043093697957,0.3467953402619499,0.0040089691078457,29.853077684908627,29.01205333551955,29.63959468464576,55.48261440210207,24.77475099511992,0.635309772872091,286404.4,8514033.7,30.6,29.6,0.1826622205463037,0.2148747868143644,0.0168918918918918,-0.0163398692810458,30.6,0.3541964752901683,30.73622260918496,29.79499999999989,28.853777390814823,0.6620233072515044,0.0631799032847841,51.85185185185201,80.24691358024695,30.289999999999782,30.03499999999985,-6841004.0,-7194355.8,-39.39393939393934,97.50000000000024,81.37347008320062,28.7125,27.85,,,,0.0,0.0,0.0,0.0,0.0,0.0,,0.0,0.0,0.1142,0.0565,0.0,8.57,0.1,0,False,0,False,False,True,False,0.2465709325694716,False,True,True,False,True,False,False,False,False,True,False,False,False,False,False,False,True,True,0.0,0.0,1.661129568106312,15.0,0.1840979842105463,False,False,True,False,False,False,False,-1.0,False,7,False,False,534.6748851362212,,5,False,3,False,False,False,False,"rsi_strong, market_above_ma60, avoid_chase, adx_trending, obv_uptrend, mfi_strong, above_ichimoku_cloud",,,199.9,81.6,80.8,42.9,-0.87,False,49,X
2026-08-25,25.35,25.35,25.1,25.1,3073,77585,1443,立益,,-0.2128155788659214,-0.5469602124985883,0.3341446336326669,24.504715845579227,25.13151892538354,25.40919529213597,50.77139870288266,8.890370881040603,2.396442347131112,13298.95,339912.4,26.5,0.0,,,0.0182555780933064,-0.0039682539682538,25.2,1.4796046891143475,35.373756086979135,24.207500000000028,13.04124391302092,0.5399641559824475,0.9225451688095916,62.79069767441871,75.7789350812606,24.86999999999989,25.04499999999998,80180.0,92212.3,-3.646833013435698,26.921885220504777,32.200292132832445,26.6875,25.25,,,,0.0,0.0,0.0,0.0,0.0,0.0,,0.0,0.0,-0.0516,-0.0059,0.0,0.39,-0.01,0,False,0,False,False,False,False,0.2310708740163697,False,False,False,False,True,False,False,False,False,False,False,False,False,False,False,False,False,False,0.0,0.0,5.577689243027883,0.0,-0.2173556666959624,False,False,False,False,False,False,False,-1.0,False,2,False,False,89.70244073981215,,3,False,3,False,False,False,False,"market_above_ma60, avoid_chase",,,-120.3,2.8,0.5,27.8,-1.5,False,36,X
2026-08-25,7.31,7.31,7.15,7.17,1109944,7979655,1444,力麗,,-0.1074375172269075,-0.1361951708804825,0.028757653653575,7.349842601628357,7.352378782350114,7.077363629606927,43.927014098672856,16.477902563128723,0.279522018406412,1450531.65,10481023.55,7.52,7.13,0.1496214608956246,0.0113235110758275,-0.0178082191780821,-0.0191518467852256,7.31,1.937673144262564,7.425876985834615,7.209500000000025,6.993123014165435,0.4087241190469743,0.0600255179512003,15.624999999999952,48.4272875816993,7.3,7.260000000000014,27147500.0,28073546.3,-81.8181818181818,-10.218866773430417,52.33721525705399,8.5725,8.0,,,,0.0,0.0,0.0,0.0,0.0,0.0,,0.0,0.0,-0.0832,-0.2159,0.0,5.35,-0.06,0,False,0,False,False,False,True,0.765198056864185,False,False,False,False,True,False,False,False,False,False,False,False,False,False,False,False,True,True,20.0,0.0,4.8814504881450445,0.0,-0.0495389191747092,False,False,False,False,False,False,False,-1.0,False,4,False,False,262.0575135385454,,3,False,3,False,True,False,True,"ema60_gt_ema120, market_above_ma60, avoid_chase, mfi_strong",,close_below_ema20,52.1,66.7,21.1,27.8,0.63,False,36,D
2026-08-25,10.35,10.5,10.3,10.45,37169,385851,1445,大宇,,-0.1746276510971629,-0.2283893878529351,0.0537617367557722,10.49907751093939,11.035258154871022,11.712538137438765,45.68871548012701,14.384291665657791,0.3309535535743783,74218.15,770386.85,10.9,10.15,-0.1718017150137746,-0.1987076171813889,0.0245098039215685,-0.0047619047619048,10.5,0.5455991076624898,10.83792156109045,10.42999999999995,10.02207843890945,0.5245145168921485,0.0782208170835095,44.99999999999993,50.0,10.4,10.309999999999944,2727991.0,2865062.75,-55.00000000000007,-10.158730158730387,41.7089753919786,11.75,12.05,,,,0.0,0.0,0.0,0.0,0.0,0.0,,0.0,0.0,0.0864,0.1994,0.0,3.25,0.04,0,False,0,False,False,False,False,0.5008074170536453,False,False,False,False,True,False,False,False,False,False,False,False,False,False,False,False,False,True,0.0,0.0,4.30622009569379,0.0,-0.3460506830206138,False,False,False,False,False,False,False,-1.0,False,2,False,False,125.85546597428907,,3,False,3,False,True,False,True,"market_above_ma60, avoid_chase",,close_below_ema20,-84.1,11.1,2.1,27.8,-0.43,False,36,D
2026-08-25,13.65,13.65,13.55,13.55,112134,1523121,1446,宏和,,-0.3057018752934457,-0.3594712584604003,0.0537693831669545,13.8883997881643,14.76821990788045,15.639966264297122,31.19242872192622,37.45451981468093,0.2614241675577775,171852.1,2359734.85,14.0,13.6,-0.0190486793915597,-0.4711791126978973,-0.0109489051094889,-0.0036764705882351,13.6,0.6223113968941416,14.052923424929434,13.757500000000029,13.46207657507062,0.1488091625611448,0.0429472542147056,0.0,11.111111111111311,13.620000000000072,13.75,-11710731.0,-11418407.75,-100.0,-100.26134473746704,49.279257631628624,15.7875,15.875,,,,0.0,0.0,0.0,0.0,0.0,0.0,,0.0,0.0,-0.8765,-0.0568,0.0,5.94,-0.04,0,False,0,False,False,False,False,0.6525029371186037,False,False,True,False,True,False,False,False,False,False,False,False,False,False,False,False,False,False,20.0,12.0,3.321033210332098,8.0,-0.1583230693169068,False,False,False,False,False,False,False,-1.0,False,3,False,False,219.62515253938315,,5,False,3,False,True,True,True,"market_above_ma60, avoid_chase, adx_trending",,"close_below_ema20, close_below_swing_low",9.6,52.8,12.6,27.8,0.18,False,36,D
2026-08-25,6.97,6.97,6.85,6.85,982489,6769933,1447,力鵬,,-0.1158795877551011,-0.1268578643856131,0.010978276630512,7.047290884999775,6.953675838336387,6.545614840010844,44.66207633576614,11.934257594227608,0.2934936535757713,1896329.8,13179334.15,7.18,6.75,0.067317901956573,0.1534678100034159,-0.0072463768115943,-0.0172166427546628,6.97,0.8464177368872593,7.203483332819857,6.933500000000015,6.663516667180172,0.3453608244481266,0.0778779354784285,17.241379310344765,43.10344827586172,6.953999999999996,6.927000000000021,48273008.0,48351164.2,-84.61538461538468,-34.28042001235346,50.207465194198384,8.477500000000001,7.825,,,,0.0,0.0,0.0,0.0,0.0,0.0,,0.0,0.0,0.213,-0.6156,0.0,3.1,-0.02,0,False,0,False,False,False,True,0.5181002798141968,False,False,False,False,True,False,False,False,False,False,False,False,False,False,False,False,True,True,20.0,0.0,4.817518248175183,0.0,-0.0031577305437581,False,False,False,False,False,False,False,-1.0,False,4,False,False,300.1431100316169,,3,False,3,False,True,False,True,"ema60_gt_ema120, market_above_ma60, avoid_chase, mfi_strong",,close_below_ema20,90.1,72.2,31.7,27.8,-0.36,False,36,D
2026-08-25,17.35,17.35,17.2,17.25,62567,1079052,1451,年興,,0.0033438212854868,0.0418316052256861,-0.0384877839401993,17.380892423767378,17.284630896422247,17.316460764135257,43.52879007131313,17.36930787997877,0.2005654316333702,107002.75,1861550.9,17.75,17.25,-0.0716018681872455,0.0912280383391272,-0.0086206896551723,-0.005763688760807,17.35,1.2198214717205518,17.679307490278827,17.444999999999983,17.210692509721138,0.0838801402210465,0.0268624236490506,16.666666666666863,36.50793650793639,17.31000000000022,17.359999999999946,-2426655.0,-2455475.6,-80.00000000000018,-110.23622047244127,53.9143879750327,17.0875,16.950000000000003,,,,0.0,0.0,0.0,0.0,0.0,0.0,,0.0,0.0,0.1954,0.0458,0.0,5.58,-0.13,0,False,0,False,False,False,False,0.5847232898219905,False,False,False,False,True,False,False,False,False,True,False,False,False,False,False,False,True,False,20.0,25.0,2.898550724637681,8.0,0.063515790893099,False,False,True,False,False,False,False,-1.0,False,5,False,False,414.60942238893705,,3,False,3,False,True,False,True,"market_above_ma60, avoid_chase, obv_uptrend, mfi_strong, above_ichimoku_cloud",,close_below_ema20,204.6,80.6,58.6,27.8,-0.09,False,36,D
2026-08-25,11.5,11.5,11.45,11.45,45042,516477,1452,宏益,,0.0293137654295634,0.0224761752506687,0.0068375901788946,11.437575547150844,11.359228411515495,11.387829673325603,51.06256963098888,13.373638206036668,0.2147717032141858,87509.75,992895.0,11.6,11.3,0.1411614406519548,0.102816286458331,0.0,-0.0043478260869566,11.5,0.7342685982359153,11.666420404265098,11.377500000000008,11.088579595734918,0.6254670818151542,0.0507880297543554,42.85714285714249,61.04497354497349,11.460000000000036,11.48499999999999,1597743.0,1476727.7,-21.05263157894746,69.56956956956911,68.32740029460273,11.575,11.25,,,,0.0,0.0,0.0,0.0,0.0,0.0,,0.0,0.0,-0.0571,-0.1051,0.0,1.69,-0.13,0,False,0,False,False,True,False,0.5147083610683381,False,False,False,False,True,False,False,False,False,True,False,False,False,False,False,False,True,False,0.0,0.0,1.310043668122274,15.0,0.495733029410954,False,False,False,False,False,False,False,-1.0,False,4,False,False,261.09587996361483,,3,False,3,False,False,False,False,"market_above_ma60, avoid_chase, obv_uptrend, mfi_strong",,,51.1,63.9,20.9,27.8,-0.37,False,36,D
2026-08-25,11.35,11.35,11.15,11.25,24092,270428,1453,大將,,0.00756797349589,-0.0098423401358144,0.0174103136317044,11.212133908678943,11.325458293687795,11.610630340739304,51.65752106863086,24.131706387182103,0.2234515947401135,54131.95,601377.7,11.4,11.0,0.0989906808260997,-0.0597937522545558,0.0044642857142858,0.0,11.25,0.5176718697925488,11.38115528128536,11.175000000000022,10.968844718714683,0.6819017187732647,0.0368957997826109,24.999999999999943,29.90196078431412,11.240000000000055,11.25500000000002,-81294.0,-47371.1,-63.15789473684212,70.47619047618865,57.455145307024615,11.3875,11.6,,,,0.0,0.0,0.0,0.0,0.0,0.0,,0.0,0.0,-0.1452,-0.1587,0.0,0.7,0.01,0,False,0,False,False,False,False,0.4450606342465032,False,False,True,False,True,False,False,False,False,False,False,False,False,False,False,False,True,False,10.0,0.0,1.3333333333333366,15.0,-0.0936097108633014,False,False,False,False,False,False,False,-1.0,False,4,False,False,243.3272898121054,,5,False,3,False,False,False,False,"market_above_ma60, avoid_chase, adx_trending, mfi_strong",,,-91.5,20.4,17.5,42.9,-0.55,False,49,D
2026-08-25,12.25,12.3,12.15,12.25,24957,304708,1454,台富,,-0.1340243110015126,-0.0868994585154105,-0.0471248524861021,12.576481848343992,12.772520296356925,12.952418100680656,36.16169661619512,29.40970711909184,0.2462946705613131,25409.2,318305.85,13.0,12.3,-0.2998261518886076,-0.0632000965345308,-0.0040650406504065,-0.0080971659919028,12.35,0.9209258033422756,13.180963007573782,12.677500000000032,12.174036992426284,0.0754405054899589,0.07942622876336,22.22222222222218,31.48148148148175,12.340000000000057,12.475000000000046,3301687.0,3362563.2,-78.94736842105269,-132.35294117647095,16.14556196554527,12.775,13.5,,,,0.0,0.0,0.0,0.0,0.0,0.0,,0.0,0.0,-0.0645,0.2239,0.0,0.47,-0.03,0,False,0,False,False,False,False,0.9822032964438078,False,False,True,False,True,False,False,False,False,False,False,False,False,False,False,False,False,False,10.0,25.0,6.122448979591836,0.0,-1.2109232805718828,False,False,False,False,False,False,False,-1.0,False,3,False,False,220.29095359757548,,5,False,3,False,True,True,True,"market_above_ma60, avoid_chase, adx_trending",,"close_below_ema20, close_below_swing_low",10.3,55.6,12.7,27.8,1.49,False,36,D
2026-08-25,10.0,10.05,9.85,9.94,854286,8487193,1455,集盛,,0.215415716805472,0.1509155174257685,0.0645001993797035,9.669321030757391,9.390286375204662,9.135235982081342,58.8295582104739,25.2846149207618,0.3103491394136928,1348771.25,12998668.7,10.1,9.6,1.0150110445170812,-0.0385850753356373,-0.006,-0.006,10.0,1.1162937510247104,10.648530807265317,9.447499999999968,8.246469192734619,0.7050322094240924,0.2542536771135968,44.59459459459459,57.829257829258495,10.005999999999949,9.959999999999946,-9947867.0,-12943332.9,-25.46583850931679,60.58990760483295,75.19972553391639,10.2225,9.965,,,,0.0,0.0,0.0,0.0,0.0,0.0,,0.0,0.0,0.0165,0.0895,0.0,3.2,0.37,0,False,0,False,False,True,True,0.6333809383911467,False,True,True,False,True,False,False,False,False,True,False,False,False,False,False,False,True,True,0.0,0.0,1.609657947686118,15.0,0.2875660466703091,False,False,False,False,False,False,False,-1.0,False,7,False,False,524.7846019439552,,3,True,3,False,False,False,False,"ema60_gt_ema120, rsi_strong, market_above_ma60, avoid_chase, adx_trending, obv_uptrend, mfi_strong",,,314.8,94.4,80.1,27.8,0.1,True,36,D
2026-08-25,13.65,13.65,13.6,13.6,6000,81750,1456,怡華,,-0.0932083594725821,-0.0653902050088199,-0.0278181544637621,13.796429946510582,13.872874309750356,13.754444416171184,45.59141155140507,23.868917993184933,0.5374537079664415,54401.55,756296.55,14.25,13.45,-0.1924622955008172,-0.0471496047685839,-0.0144927536231884,0.0036900369003689,13.55,0.5227483925219129,14.331477370138442,13.867499999999996,13.40352262986155,0.211731630445492,0.0669157916190295,17.647058823529424,27.34778121775041,13.609999999999946,13.695000000000029,1655540.0,1681504.55,-73.91304347826093,-129.7830374753464,28.29053500299432,14.425,13.95,,,,0.0,0.0,0.0,0.0,0.0,0.0,,0.0,0.0,-0.1813,0.6294,0.0,0.67,0.04,0,False,0,False,False,False,True,0.1102909751652296,False,False,True,False,True,False,False,False,False,False,False,False,False,False,False,False,False,False,20.0,0.0,4.779411764705885,0.0,-0.1019840847095011,False,False,False,False,False,False,False,-1.0,False,4,False,False,224.87910073513828,,3,False,3,False,True,False,True,"ema60_gt_ema120, market_above_ma60, avoid_chase, adx_trending",,close_below_ema20,-109.9,16.3,13.3,42.9,-1.1,False,49,X
2026-08-25,14.45,14.45,14.25,14.3,116951,1678722,1457,宜進,,0.0268790855910552,0.0141952891150779,0.0126837964759773,14.337632035342658,14.388105990332344,14.663991452716624,48.70780237643567,15.517673904273211,0.2280913195560586,112137.65,1599500.75,14.55,14.15,0.0756304803217473,-0.0321700717653811,-0.0034843205574912,-0.0103806228373701,14.45,0.1680004635222069,14.57314175354222,14.30500000000011,14.036858246458,0.4906765732414666,0.0374892350286065,50.00000000000015,61.90476190476147,14.390000000000146,14.40500000000011,-2371621.0,-2382693.25,-49.999999999999886,32.30543318649114,47.48685297843469,14.45,14.95,,,,0.0,0.0,0.0,0.0,0.0,0.0,,0.0,0.0,-0.0164,0.013,0.0,1.97,0.0,0,False,0,False,False,False,False,1.042923585432725,False,False,False,False,True,False,False,False,False,True,False,False,False,False,False,False,False,False,0.0,0.0,1.748251748251748,15.0,0.0223372090464501,False,False,False,False,False,False,False,-1.0,False,3,False,False,190.69728236288464,,3,False,3,False,True,False,True,"market_above_ma60, avoid_chase, obv_uptrend",,close_below_ema20,-19.3,38.9,8.5,27.8,1.74,False,36,D
2026-08-25,14.75,14.95,14.65,14.95,97851,1451585,1459,聯發,,0.6953287833558122,0.5966616770744648,0.0986671062813473,13.697344676045374,12.703420667890937,12.294835082569069,75.626216902603,40.06228210718515,0.4369490823192987,202639.15,2738096.6,14.7,13.7,1.1809944186585828,0.3632276050666307,0.0872727272727271,0.0170068027210883,14.7,0.606600242224346,15.479362861118885,13.53249999999996,11.585637138881037,0.8640472136762005,0.2877314407713178,100.0,87.15434891905473,14.56999999999989,14.309999999999944,581612.0,285342.4,-4.0816326530612805,112.7049180327869,53.64645095879787,11.875,11.8,,,,0.0,0.0,0.0,0.0,0.0,0.0,,0.0,0.0,0.0511,0.2116,0.0,1.99,0.02,0,False,0,False,False,True,True,0.4828829966963442,False,True,True,True,False,False,False,False,False,True,False,False,False,False,False,False,True,True,-20.0,-12.0,-1.6722408026755853,25.0,0.7760690652801742,False,False,True,False,False,False,False,-1.0,False,8,False,False,592.1416587503255,,10,False,3,False,False,False,False,"ema60_gt_ema120, rsi_strong, breakout_20d, market_above_ma60, adx_trending, obv_uptrend, mfi_strong, above_ichimoku_cloud",,,382.1,97.2,87.9,27.8,-0.5,True,36,D
2026-08-25,6.77,6.77,6.62,6.65,202054,1349688,1460,宏遠,,-0.0836888232917294,-0.1120733373317648,0.0283845140400353,6.710997821636287,6.886715998987824,6.877110463978387,44.67668371177927,16.558600592254503,0.1550175291703177,283875.1,1887699.05,6.82,6.52,-0.0085825952818479,-0.1928002991305434,0.0137195121951221,-0.0177252584933529,6.77,0.4454302085886129,6.787113092004503,6.650000000000011,6.512886907995519,0.4999999999999611,0.0412370201517269,48.27586206896571,76.64367816091969,6.659999999999991,6.643000000000006,4796372.0,5079469.25,-51.72413793103429,30.77725612936752,51.14688471753788,7.6975,7.790000000000001,,,,0.0,0.0,0.0,0.0,0.0,0.0,,0.0,0.0,0.0772,0.1702,0.0,1.91,-0.03,0,False,0,False,False,False,True,0.7117707752458741,False,False,False,False,True,False,False,False,False,False,False,False,False,False,False,False,True,True,0.0,0.0,2.556390977443608,8.0,-0.0772715781229518,False,False,False,False,False,False,False,-1.0,False,4,False,False,269.1904488149833,,3,False,3,False,True,False,True,"ema60_gt_ema120, market_above_ma60, avoid_chase, mfi_strong",,close_below_ema20,59.2,69.4,22.7,27.8,0.42,False,36,D
2026-08-25,17.65,17.7,17.5,17.5,12005,211235,1463,強盛新,,-0.053512295553439,-0.0274447720711645,-0.0260675234822745,17.68522318403585,17.757455299276476,17.911590387548042,41.99313780030985,14.219196444944592,0.2556256220603536,66725.75,1179299.8,17.9,17.45,-0.0828807547565422,0.0076124188896916,-0.0112994350282485,-0.008498583569405,17.65,0.2194983516938142,17.95748684173439,17.71999999999998,17.482513158265572,0.0368164434010707,0.0268043839429355,12.50000000000011,33.333333333333336,17.560000000000038,17.639999999999965,-942159.0,-1011283.4,-88.88888888888872,-119.57411957411917,40.74741663682117,17.65,17.75,,,,0.0,0.0,0.0,0.0,0.0,0.0,,0.0,0.0,-0.2207,0.2482,0.0,12.01,0.01,0,False,0,False,False,False,False,0.1799155498439508,False,False,False,False,True,False,False,False,False,True,False,False,False,False,False,False,False,False,20.0,25.0,2.2857142857142776,8.0,0.320944572407308,False,False,False,False,False,False,False,-1.0,False,3,False,False,193.6504903673272,,3,False,3,False,True,False,True,"market_above_ma60, avoid_chase, obv_uptrend",,close_below_ema20,-16.3,44.4,9.0,27.8,-1.71,False,36,X
2026-08-25,10.35,10.4,10.25,10.3,149355,1540493,1464,得力,,-0.0465134285815427,-0.0617525926632955,0.0152391640817528,10.284281343787184,10.362518298302923,10.493165497008256,49.62286603661314,10.77724988974042,0.1754347462667222,306534.9,3149057.2,10.4,10.1,-0.0496249426632584,-0.0334762850920186,0.0198019801980198,-0.004830917874396,10.35,0.4617630362246735,10.435343860172638,10.2625,10.08965613982736,0.6084794101524515,0.0336845525305996,71.4285714285715,77.97619047619021,10.25,10.214999999999964,-21144690.0,-20812624.95,-54.54545454545445,33.33333333333418,36.2867697917891,10.725,10.67,,,,0.0,0.0,0.0,0.0,0.0,0.0,,0.0,0.0,0.041,0.1636,0.0,2.05,0.07,0,False,0,False,False,False,False,0.4872365267380647,False,False,False,False,True,False,False,False,False,False,False,False,False,False,False,False,False,True,-10.0,0.0,0.9708737864077636,25.0,-0.2160004990804407,False,False,False,False,False,False,False,-1.0,False,2,False,False,142.28035927841535,,3,False,3,False,False,False,False,"market_above_ma60, avoid_chase",,,-67.7,22.2,3.3,27.8,-0.48,False,36,D
2026-08-25,12.05,12.05,11.9,12.0,129699,1555101,1465,偉全,,-0.1550923396364147,-0.1369758947041441,-0.0181164449322706,12.281312639850375,12.442394290456964,12.487434304245108,38.136180540999824,23.7411886763372,0.2821882400685647,147318.5,1795663.5,12.7,12.05,-0.22749224622014,-0.0406108304668635,-0.004149377593361,-0.004149377593361,12.05,0.6255157769191848,12.672883794378937,12.290000000000031,11.907116205621126,0.1212950191970721,0.0623081846019372,24.99999999999989,35.0,12.110000000000127,12.1400000000001,-3121697.0,-2266059.2,-81.81818181818184,-118.8524590163942,21.099245196840585,13.125000000000002,13.0,,,,0.0,0.0,0.0,0.0,0.0,0.0,,0.0,0.0,-0.2575,-0.1761,0.0,0.57,-0.01,0,False,0,False,False,False,False,0.8803985921659534,False,False,True,False,True,False,False,False,False,False,False,False,False,False,False,False,False,False,10.0,12.0,5.833333333333327,0.0,-2.0,False,False,False,False,False,False,False,-1.0,False,3,False,False,151.80398592165955,,5,False,3,False,True,True,True,"market_above_ma60, avoid_chase, adx_trending",,"close_below_ema20, close_below_swing_low",-58.2,27.8,4.5,27.8,1.09,False,36,D
2026-08-25,16.25,16.25,15.8,15.8,326659,5174468,1466,聚隆,,-0.0858047882283727,-0.0234281449778918,-0.0623766432504809,16.342795076324855,16.212030454764765,16.041945267933453,43.63405446671534,13.125171045754186,0.6809378157263952,476076.45,7709096.7,17.05,16.15,0.1846594762110705,0.2714715775391253,-0.0306748466257669,-0.0216718266253869,16.15,0.5678260390816645,17.063133825082595,16.2,15.336866174917406,0.2682862214548695,0.1065597314916783,0.0,11.77777777777798,16.160000000000036,16.345000000000073,19244239.0,20213285.25,-100.0,-47.569444444444464,41.27029490942652,17.575000000000003,16.8,,,,0.0,0.0,0.0,0.0,0.0,0.0,,0.0,0.0,0.0787,0.1232,0.0,1.02,0.13,0,False,0,False,False,False,True,0.6861482016176184,False,False,False,False,True,False,False,False,False,False,False,False,False,False,False,False,False,False,20.0,0.0,7.911392405063291,0.0,-0.2361477190523044,False,False,False,False,False,False,False,-1.0,False,3,False,False,194.02770938754853,,3,False,3,False,True,True,True,"ema60_gt_ema120, market_above_ma60, avoid_chase",,"close_below_ema20, close_below_swing_low",-16.0,47.2,9.3,27.8,0.31,False,36,D
2026-08-25,8.39,8.44,8.22,8.3,379853,3164786,1467,南緯,,-0.2007413764189021,-0.062019139069384,-0.1387222373495181,8.83098666937819,8.588605247032735,8.166833474434894,40.874764903553526,14.576067298597955,0.4078741800884063,509543.6,4760881.8,10.25,8.26,-1.0067658149127827,0.4309143830045438,0.0048426150121065,-0.0130796670630201,8.41,0.4097150739870735,10.337200297291922,9.059000000000037,7.780799702708152,0.2030981757678648,0.2821945683390837,11.111111111111263,19.74143955276061,8.38800000000001,8.50900000000006,-9015945.0,-7377166.5,-95.34883720930226,-92.72653312299704,34.30163230677395,8.75,8.594999999999999,,,,0.0,0.0,0.0,0.0,0.0,0.0,,0.0,0.0,-0.0564,0.0544,0.0,19.42,-0.01,0,False,0,False,False,False,True,0.7454769326903528,False,False,False,False,True,False,False,False,False,False,False,False,False,False,False,False,False,False,20.0,0.0,23.493975903614448,0.0,-0.5189001511714317,False,False,False,False,False,False,False,-1.0,False,3,False,False,171.22796751284633,,3,False,3,False,True,False,True,"ema60_gt_ema120, market_above_ma60, avoid_chase",,close_below_ema20,-38.8,30.6,6.2,27.8,0.55,False,36,D
2026-08-25,13.0,13.05,12.75,13.05,68029,878170,1468,昶和,,0.0144858190512255,0.102818714669588,-0.0883328956183624,13.27673799556693,12.943440754764794,12.705194091092087,45.858888758564994,18.719081570435115,0.4627336441457026,52317.75,697490.25,14.05,13.05,-0.3260989394403534,0.2791868346224058,-0.0113636363636362,-0.0113636363636362,13.2,1.1976962042883907,14.077643425756929,13.46750000000002,12.857356574243113,0.1578673289136137,0.0906097532217422,47.05882352941183,60.78431372549009,13.13000000000002,13.235000000000037,-182245.0,-75499.4,-63.63636363636359,-115.34968210717533,28.034646967637983,13.275,13.15,,,,0.0,0.0,0.0,0.0,0.0,0.0,,0.0,0.0,-0.4011,-0.1309,0.0,2.12,-0.01,0,False,0,False,False,True,True,1.3003043900014812,False,False,False,False,True,False,False,False,False,False,False,False,False,False,False,False,False,False,0.0,12.0,7.662835249042145,0.0,-1.425342061618322,False,False,False,False,False,False,False,-1.0,False,3,False,False,127.89893916059494,,3,False,3,False,True,False,True,"ema60_gt_ema120, market_above_ma60, avoid_chase",,close_below_ema20,-82.1,13.9,2.2,27.8,2.76,False,36,D
2026-08-25,87.6,88.8,87.3,88.8,103301,9031137,1472,三洋實業,,0.7594007341250375,0.5325966638823361,0.2268040702427014,87.07703307719693,87.17372315869115,88.2207841474507,51.80860226247277,5.065225067172135,4.910594014454075,39250.2,3474167.8,89.6,87.4,,,0.0033898305084745,0.0148571428571429,87.5,1.1922833097784675,122.83518887405248,84.18500000000003,45.53481112594758,0.559702166204655,0.9182203212936374,59.25925925925899,26.12345679012348,87.75999999999985,88.4,4746180.0,4629044.7,-36.66666666666695,33.571239756806754,72.42559483260666,87.925,46.3,,,,0.0,0.0,0.0,0.0,0.0,0.0,,0.0,0.0,0.1657,0.0753,0.0,0.88,-0.01,0,False,0,False,False,True,False,2.631859200717449,True,False,False,False,True,False,False,False,False,True,False,False,False,False,True,False,True,False,0.0,0.0,0.9009009009008978,25.0,0.0639413288350075,False,False,True,False,False,False,False,-1.0,False,7,False,False,542.0858879531946,,3,False,3,False,False,False,False,"volume_break, market_above_ma60, avoid_chase, obv_uptrend, williams_r_recovery, mfi_strong, above_ichimoku_cloud",,,207.3,83.7,81.9,42.9,3.04,False,49,D
2026-08-25,23.8,24.0,23.6,24.0,7023,167447,1470,大統新創,,0.5110036195611656,0.5645052357230309,-0.0535016161618653,23.319101012140013,22.008899244370305,20.718221004256336,56.385422827984776,8.973139093344818,0.9123127293566532,14862.8,344942.95,24.0,23.3,0.1914402714382206,,0.0169491525423728,0.0084033613445377,23.8,1.6394269606623424,24.12316197318964,23.40999999999999,22.69683802681034,0.9136507709189884,0.0609279772054378,86.4864864864865,77.4774774774778,23.789999999999964,23.665000000000056,498079.0,427673.55,-13.513513513513503,133.1306990881449,72.79097037021165,17.0,11.725,,,,0.0,0.0,0.0,0.0,0.0,0.0,,0.0,0.0,-0.0595,-0.2363,0.0,0.4,0.0,0,False,0,False,False,True,True,0.4725220012379901,False,True,False,False,True,False,False,False,False,True,False,False,False,False,False,True,True,True,-20.0,-25.0,0.0,25.0,0.9070540351812276,False,False,True,False,False,False,False,-1.0,False,8,False,False,520.6098684345545,,3,False,3,False,False,False,False,"ema60_gt_ema120, rsi_strong, market_above_ma60, avoid_chase, obv_uptrend, cci_momentum, mfi_strong, above_ichimoku_cloud",,,310.6,91.7,79.2,27.8,-0.54,False,36,D
2026-08-25,9.98,10.0,9.93,10.0,28387,283394,1474,弘裕,,-0.0715181897097441,-0.076214272960903,0.0046960832511589,10.10057606899304,10.18709059127018,10.29868825437289,42.79594379378733,16.924129105033195,0.172685483849148,59971.75,602497.25,10.25,9.94,-0.068577134797883,-0.0367160107743186,0.001001001001001,-0.0049751243781095,10.05,1.1438232056760251,10.236439541339116,10.069000000000006,9.901560458660898,0.2939554795475005,0.0332584251343943,54.54545454545447,77.27272727272732,10.038000000000013,10.036999999999988,345150.0,383079.4,-45.45454545454553,-83.33333333333272,45.60065028139201,10.675,10.58,,,,0.0,0.0,0.0,0.0,0.0,0.0,,0.0,0.0,-0.0879,0.1418,0.0,0.6,0.02,0,False,0,False,False,False,False,0.4733395306957025,False,False,False,False,True,False,False,False,False,False,False,False,False,False,False,False,False,True,0.0,0.0,2.5,8.0,-0.1510618919873696,False,False,False,False,False,False,False,-1.0,False,2,False,False,115.92065260310858,,3,False,3,False,True,False,True,"market_above_ma60, avoid_chase",,close_below_ema20,-94.1,8.3,1.7,27.8,-0.54,False,36,D
2026-08-25,19.9,20.05,19.75,20.0,38114,759016,1473,台南,,-0.0503607229774054,-0.0742485981516269,0.0238878751742215,19.97713245219564,20.380615403885592,21.36151799505448,49.56993836482183,8.314497643418711,0.2844429348160469,61594.95,1220692.85,20.2,19.7,0.0578702582696903,-0.0861795198448214,0.0050251256281408,0.0,20.0,0.3211288759801076,20.17314175359122,19.904999999999927,19.636858246408632,0.6771451083759114,0.0269421505743577,72.72727272727285,65.9090909090907,19.92999999999993,19.95999999999985,237795.0,255596.5,-28.5714285714285,34.482758620689644,38.60784430908265,20.387500000000003,20.775,,,,0.0,0.0,0.0,0.0,0.0,0.0,,0.0,0.0,0.1231,0.0671,0.0,5.15,0.0,0,False,0,False,False,False,False,0.6187844945080725,False,False,False,False,True,False,False,False,False,False,False,False,False,False,False,False,False,False,-10.0,0.0,0.9999999999999964,25.0,-0.0424007600270075,False,False,False,False,False,False,False,-1.0,False,2,False,False,150.67903582475662,,3,False,3,False,False,False,False,"market_above_ma60, avoid_chase",,,-59.3,25.0,4.2,27.8,0.04,False,36,D
2026-08-25,26.5,26.5,25.3,26.0,7031,183117,1475,業旺,,-0.2678752179428798,-0.2520755399845479,-0.0157996779583318,26.394385867556664,26.85347577847753,27.90001240039964,43.7990865138008,16.03483893795381,0.7076739300894005,34810.75,910312.95,27.3,25.2,-0.3201106173011411,-0.0115065748352115,0.0256410256410255,-0.0188679245283018,26.5,0.0849041607971892,27.96667519988268,26.54250000000011,25.11832480011754,0.3095388825599398,0.107312815287374,41.50943396226417,54.08805031446597,26.129999999999928,25.965000000000146,-3004407.0,-2867897.7,-58.49056603773583,-64.40483036227702,14.501569259290877,27.225,26.125,,,,0.0,0.0,0.0,0.0,0.0,0.0,,0.0,0.0,0.1496,0.018,0.0,0.51,-0.02,0,False,0,False,False,False,False,0.2019778373060046,False,False,False,False,True,False,False,False,False,False,False,False,False,False,False,False,False,True,0.0,0.0,5.000000000000003,0.0,-1.2339377997855878,False,False,False,False,False,False,False,-1.0,False,2,False,False,132.21252477563297,,3,False,3,False,True,False,True,"market_above_ma60, avoid_chase",,close_below_ema20,-77.8,19.4,2.5,27.8,-1.62,False,36,X
2026-08-25,315.0,319.5,314.5,319.0,843192,268362677,1476,儒鴻,,-6.273868731358959,-4.235540142653511,-2.0383285887054488,326.58612749183806,334.3678025203244,346.1346689279625,42.652490172228426,19.071161490806844,9.541986476766184,1751365.1,588254044.25,364.5,310.5,-0.7177284352973012,-0.0719784133485852,0.0273752012882446,0.0126984126984126,315.0,0.4903471197232451,365.44430728593386,332.675,299.90569271406616,0.2913443839279755,0.1970049284492904,68.51851851851852,50.876672258785526,316.1,318.05,-34680211.0,-34163161.95,-72.5925925925926,-69.90928392202265,25.588665491727863,335.0,337.0,,,,0.0,0.0,0.0,0.0,0.0,0.0,,0.0,0.0,0.2326,-0.0027,0.0,29.36,-0.02,0,False,0,False,False,False,False,0.4814484427033518,False,False,False,False,True,True,False,False,False,False,False,False,False,False,False,False,False,False,0.0,0.0,14.263322884012538,0.0,-0.2019655019959064,False,False,False,False,False,False,False,-1.0,False,3,False,False,192.39089840308264,,3,False,3,False,True,False,True,"market_above_ma60, avoid_chase, liquidity_ok",,close_below_ema20,-17.6,41.7,8.9,27.8,-0.5,False,36,D
2026-08-25,201.5,202.5,199.0,201.0,1549510,310233322,1477,聚陽,,-5.386453081920422,-3.6270248802159673,-1.759428201704455,210.1542198127149,218.5621899678441,231.3199915776164,37.01926215054095,21.19685718969028,6.334165479219734,2332419.7,493815809.95,226.0,192.5,-0.6694705348625548,-0.1331458393316324,0.0177215189873418,0.0,201.0,0.5369789091494301,234.5140839722236,213.65,192.7859160277764,0.196847462442133,0.195310872662987,34.48275862068966,33.71647509578543,199.7,205.7,15127998.0,25012709.55,-74.02597402597402,-90.8143516450795,17.430574895535827,222.875,221.0,,,,0.0,0.0,0.0,0.0,0.0,0.0,,0.0,0.0,0.0786,0.052,0.0,14.67,0.15,0,False,0,False,False,False,False,0.6643358397290161,False,False,True,False,True,True,False,False,True,False,False,False,False,False,False,False,False,False,0.0,12.0,12.437810945273633,0.0,-1.2587550558880565,False,False,False,False,False,False,False,-1.0,False,5,False,False,338.5382977266335,,3,False,3,False,True,False,True,"market_above_ma60, avoid_chase, liquidity_ok, adx_trending, kd_golden_cross",,close_below_ema20,128.5,77.8,40.3,27.8,0.23,False,36,D
2026-08-25,197.5,200.0,195.5,199.5,947715,187094963,1503,士電,,-2.184494567298032,-3.4880088765200328,1.3035143092220012,200.4219960255839,206.4252108407504,205.4109485679192,47.14881393531731,19.483314127437136,6.919024239075207,1353765.6,266218080.05,203.5,197.0,0.3167283997076753,-0.4065775118895208,0.0,0.0,199.5,0.5363089816192286,206.11876475049417,196.85,187.58123524950585,0.64295324519153,0.0941708382066972,36.0,45.50537634408587,199.9,200.15,85578605.0,82428177.55,-51.61290322580645,23.17853958991808,47.02769914742565,218.25,225.25,,,,0.0,0.0,0.0,0.0,0.0,0.0,,0.0,0.0,0.151,-0.0442,0.0,30.54,0.12,0,False,0,False,False,False,True,0.7000584148393193,False,False,False,False,True,True,False,False,False,True,False,False,False,False,False,False,False,False,0.0,0.0,2.0050125313283207,8.0,0.3259590064291678,False,False,False,False,False,False,False,-1.0,False,5,False,False,343.91209222554323,,3,False,3,False,True,False,True,"ema60_gt_ema120, market_above_ma60, avoid_chase, liquidity_ok, obv_uptrend",,close_below_ema20,-44.3,37.8,42.3,45.9,-0.02,False,37,D
2026-08-25,71.0,71.0,69.8,70.8,6233032,438582963,1504,東元,,1.206116843512305,0.7276512568125224,0.4784655866997827,69.49497976838687,69.16117929938281,70.70127593994009,55.38613230152246,18.59254345148307,2.604882620217523,9441630.1,652532049.65,73.1,67.3,0.8305656590556671,-0.1694169633186543,-0.0028169014084507,-0.0097902097902098,71.5,1.6386409567222469,75.04010649737862,68.11499999999997,61.18989350262132,0.6938598345755679,0.2033357262681833,34.72222222222221,53.95137548752003,71.85999999999913,71.04999999999964,925654696.0,901569915.75,-46.53465346534659,49.64576975926638,76.789391025818,68.27499999999999,75.69999999999999,,,,0.0,0.0,0.0,0.0,0.0,0.0,,0.0,0.0,0.1381,0.0477,0.0,7.43,-0.12,0,False,0,False,False,True,False,0.660164816242907,False,True,False,False,True,True,False,False,False,True,False,False,False,False,False,False,True,True,0.0,0.0,3.2485875706214653,8.0,0.6173413698539953,False,False,False,False,False,False,False,-1.0,False,6,False,False,432.009744600677,,3,True,3,False,False,False,False,"rsi_strong, market_above_ma60, avoid_chase, liquidity_ok, obv_uptrend, mfi_strong",,,43.8,67.6,64.1,45.9,-0.08,False,37,D
2026-08-25,10.2,10.25,10.1,10.15,70004,711540,1506,正道,,-0.0761249107100781,-0.0623348933910458,-0.0137900173190322,10.312165757040797,10.439559038479786,10.70390868086166,43.32980234007849,14.398263102408368,0.2554969485363382,196455.3,2017719.8,10.6,10.1,-0.1012474656233546,0.0321214589817203,0.0,-0.0097560975609756,10.25,0.6163669276611703,10.56797127904048,10.302500000000007,10.03702872095954,0.2127749552584171,0.0515353126018869,28.5714285714285,34.52380952380978,10.210000000000036,10.235000000000037,-1731505.0,-1157470.35,-83.33333333333339,-99.47299077733948,40.98185307466666,10.7175,10.65,,,,0.0,0.0,0.0,0.0,0.0,0.0,,0.0,0.0,0.2828,0.0521,0.0,0.88,0.01,0,False,0,False,False,False,False,0.3563355124549961,False,False,False,False,True,False,False,False,False,False,False,False,False,False,False,False,False,False,10.0,0.0,4.433497536945805,0.0,-0.6121731021187278,False,False,False,False,False,False,False,-1.0,False,2,False,False,136.21727789912524,,3,False,3,False,True,False,True,"market_above_ma60, avoid_chase",,close_below_ema20,-252.0,2.7,2.8,45.9,-0.53,False,37,D
2026-08-25,6.48,6.54,6.45,6.48,64513,418123,1512,瑞利,,-0.0723035709117585,-0.064719470582342,-0.0075841003294165,6.62336119966604,6.803289284729171,7.030766752150006,37.49041192211794,9.586846952116389,0.1650716707011345,68713.65,454285.15,6.74,6.49,-0.1386304076565322,-0.1176097055581947,-0.0106870229007632,-0.0015408320493065,6.49,1.7248336540166795,6.7766265713608735,6.622500000000014,6.468373428639154,0.0377176085154869,0.0465463409168318,7.500000000000072,10.119047619047706,6.527999999999975,6.59699999999998,-1915904.0,-1683422.85,-92.49999999999991,-159.7796143250691,54.12568905408136,6.96,7.08,,,,0.0,0.0,0.0,0.0,0.0,0.0,,0.0,0.0,-0.1261,0.043,0.0,5.51,-0.01,0,False,0,False,False,False,False,0.9388673138452114,False,False,False,False,True,False,False,False,False,False,False,False,False,False,False,False,True,False,20.0,25.0,4.012345679012342,0.0,-1.0358500072679877,False,False,False,False,False,False,False,-1.0,False,3,False,False,171.95847305123624,,3,False,3,False,True,True,True,"market_above_ma60, avoid_chase, mfi_strong",,"close_below_ema20, close_below_swing_low",-141.6,20.0,6.2,35.0,0.08,False,40,D
2026-08-25,163.5,165.5,162.0,165.5,1812868,296668786,1513,中興電,,0.7914632444999086,0.2414945579090648,0.5499686865908437,164.14066661621376,164.02561372788037,162.67803337311173,52.22349982170346,15.258955094909236,5.073493261353503,3490932.9,571863699.55,171.0,160.5,0.5677315374622205,-0.1639592611706124,-0.0089820359281437,0.0091463414634145,164.0,0.4166736748377108,174.7144593446194,161.675,148.63554065538062,0.6466701915665828,0.1613045844393924,23.33333333333333,28.55769230769268,165.1,167.0,511442202.0,498823457.4,-57.5,31.811023622047305,60.018931303190975,168.625,173.75,,,,0.0,0.0,0.0,0.0,0.0,0.0,,0.0,0.0,0.0383,-0.1493,0.0,11.92,-1.45,0,False,0,False,False,True,True,0.5193076039931905,False,False,False,False,True,True,False,False,False,True,False,False,False,False,False,False,True,False,10.0,0.0,3.3232628398791544,8.0,0.3991271612600408,False,False,False,False,False,False,False,-1.0,False,6,False,False,387.9826019750524,,3,False,3,False,False,False,False,"ema60_gt_ema120, market_above_ma60, avoid_chase, liquidity_ok, obv_uptrend, mfi_strong",,,-0.3,48.6,53.3,45.9,-0.29,False,37,D
2026-08-25,101.0,101.0,99.2,100.5,930283,92986177,1514,亞力,,-2.138549439239484,-2.8588712536509595,0.7203218144114762,102.2764314373546,108.63849901859298,111.30035969356004,43.02567797669814,23.58725899621813,3.2578252232599434,1330438.2,133118218.3,102.5,99.5,0.2239788237346325,-0.5416268291531995,0.0049999999999998,-0.0098522167487684,101.5,0.5915605156137819,104.97943251368606,100.31000000000004,95.640567486314,0.5203450847017365,0.0931000401492579,36.50793650793648,52.38095238095229,101.0,101.25,360685900.0,360445987.7,-63.49206349206352,-5.777254734138899,50.97817865581366,114.525,124.65,,,,0.0,0.0,0.0,0.0,0.0,0.0,,0.0,0.0,0.0651,-0.2399,0.0,12.53,0.04,0,False,0,False,False,False,False,0.6992305241987189,False,False,True,False,True,True,False,False,False,True,False,False,False,False,False,False,True,False,0.0,0.0,1.9900497512437807,15.0,0.0153580451211393,False,False,False,False,False,False,False,-1.0,False,6,False,False,422.1766017834408,,3,False,3,False,True,False,True,"market_above_ma60, avoid_chase, liquidity_ok, adx_trending, obv_uptrend, mfi_strong",,close_below_ema20,33.9,62.2,61.5,45.9,-0.02,False,37,D
2026-08-25,33.25,33.6,32.55,33.25,1298077,43046362,1515,力山,,0.0169208901315727,-0.2871220121391918,0.3040429022707646,32.71669830194398,31.49088425351342,29.622396505921053,51.56403539374534,19.83888291085657,2.347493697702818,2296732.25,74700446.4,34.5,30.5,0.9897745554039864,0.5424453983761363,0.0406885758998434,-0.0029985007496252,33.35,0.7324453640243114,35.350963778597475,31.264999999999965,27.17903622140245,0.7429047475160656,0.2613762212440437,48.22695035460993,50.66064315554286,33.21000000000004,32.75500000000002,44772035.0,43051876.65,-50.00000000000001,74.33457454144255,70.53793203681138,37.6875,33.125,,,,0.0,0.0,0.0,0.0,0.0,0.0,,0.0,0.0,0.0461,0.0238,0.0,3.15,-0.43,0,False,0,False,False,True,True,0.565184296079789,False,False,False,False,True,True,False,False,False,True,False,False,False,False,False,False,True,True,0.0,0.0,3.7593984962406015,0.0,0.0673870905844895,False,False,False,False,False,False,False,-1.0,False,6,False,False,396.4604880478117,,3,True,3,False,False,False,False,"ema60_gt_ema120, market_above_ma60, avoid_chase, liquidity_ok, obv_uptrend, mfi_strong",,,8.2,54.1,54.6,45.9,-0.22,False,37,D
2026-08-25,15.5,15.5,15.0,15.0,7264,110543,1516,川飛,,-0.8236473860225253,-1.102193057267006,0.2785456712444807,14.459861641339948,16.720346452866007,18.178899978307275,50.16672821344533,35.74543879772255,2.033827753232986,43984.25,609776.15,16.05,0.0,,,inf,0.0273972602739727,14.6,0.2799227049279493,21.04722164269705,14.39000000000001,7.7327783573029745,0.5458149084362512,0.9252566563859668,96.7741935483871,96.44987298604548,14.9,13.45,2996268.0,2828407.05,-3.5369774919614194,37.89946383291717,75.02378812905901,17.8625,19.0,,,,0.0,0.0,0.0,0.0,0.0,0.0,,0.0,0.0,0.5984,-0.3388,0.0,5.82,-0.01,0,False,0,False,False,False,False,0.1651500252931447,False,False,True,False,False,False,False,False,False,True,False,False,False,False,False,False,True,True,-20.0,0.0,7.000000000000004,0.0,0.8799123011179061,False,False,False,False,True,False,False,-1.0,False,4,True,False,337.2104478663463,,8,False,3,False,False,False,False,"market_above_ma60, adx_trending, obv_uptrend, mfi_strong",open_high_close_low,,30.6,68.8,40.2,34.4,-0.72,False,32,X
2026-08-25,11.3,11.4,11.25,11.4,206145,2331129,1517,利奇,,0.0524314301757211,0.1125886857056024,-0.0601572555298813,11.47549448019753,11.202079081938043,11.102745011927192,49.51971872417757,39.737655849881165,0.4291067254228222,831968.65,9763054.8,12.3,11.25,-0.0266358426464088,0.2498470775577736,0.0133333333333334,0.0088495575221239,11.3,0.3651602117813864,12.1035601121418,11.540000000000031,10.976439887858264,0.3757896478265902,0.0976707300072386,23.52941176470597,19.50980392156877,11.45,11.50500000000002,31092023.0,30646491.65,-87.49999999999994,-72.91666666666586,59.4152831675806,11.775,11.62,,,,0.0,0.0,0.0,0.0,0.0,0.0,,0.0,0.0,0.3634,0.0352,0.0,2.86,0.07,0,False,0,False,False,True,True,0.2477797691054825,False,False,True,False,True,False,False,False,True,True,False,False,False,False,False,False,True,False,10.0,0.0,7.8947368421052655,0.0,0.0611779365030781,False,False,False,False,False,False,False,-1.0,False,7,False,False,543.2119329290917,,8,False,3,False,True,False,True,"ema60_gt_ema120, market_above_ma60, avoid_chase, adx_trending, kd_golden_cross, obv_uptrend, mfi_strong",,close_below_ema20,155.0,91.9,82.1,45.9,-0.69,False,37,X
2026-08-25,712.0,719.0,703.0,717.0,818327,582260397,1519,華城,,-0.0594529888322767,-5.368560607025727,5.30910761819345,709.6098847353346,742.2872608830683,772.9850318666481,51.36990902468799,14.67720993908913,26.879027305484275,1438847.95,1007824902.5,727.0,703.0,0.4027978921502719,-0.3931683936306895,0.0042016806722688,0.0070224719101124,712.0,0.746284322752585,748.1739205297373,699.25,650.3260794702627,0.6814041046568525,0.139932557825491,51.282051282051285,57.057387057386826,719.4,718.1,25604245.0,23862886.55,-22.09302325581396,43.13280363223582,63.72821366954556,730.0,822.0,,,,0.0,0.0,0.0,0.0,0.0,0.0,,0.0,0.0,-0.0832,0.1851,0.0,17.91,-0.54,0,False,0,False,False,False,False,0.5687376487557285,False,False,False,False,True,True,False,False,False,True,False,False,False,False,False,False,True,True,0.0,0.0,1.394700139470014,15.0,0.1820255998929382,False,False,False,False,False,False,False,-1.0,False,5,False,False,332.87168368627255,,3,True,3,False,False,False,False,"market_above_ma60, avoid_chase, liquidity_ok, obv_uptrend, mfi_strong",,,-55.4,32.4,39.2,45.9,-0.21,False,37,D
2026-08-25,25.6,25.8,25.55,25.55,9036,231420,1521,大億,,0.0257443414202391,-0.0268901295448561,0.0526344709650953,25.484364206863475,25.56482886452953,25.546111159045378,51.06599954488028,13.192888070627388,0.4688361184572572,21500.4,544979.1,25.9,25.0,0.1489089708976465,-0.1238028251402933,0.0039292730844793,-0.0077669902912621,25.75,0.6445895287406597,25.931324886178537,25.357500000000027,24.78367511382152,0.6677340985348008,0.0452587901944994,34.615384615384635,42.490842490842624,25.56000000000004,25.59499999999998,900516.0,833992.65,-56.66666666666652,87.04108922927354,73.97825709636612,25.637500000000003,26.950000000000003,,,,0.0,0.0,0.0,0.0,0.0,0.0,,0.0,0.0,-0.0526,-0.0599,0.0,33.04,0.0,0,False,0,False,False,False,True,0.4202712507674275,False,False,False,False,True,False,False,False,False,True,False,False,False,False,False,False,True,False,0.0,0.0,1.3698630136986218,15.0,0.6852652036304385,False,False,False,True,False,False,False,-1.0,False,5,True,False,322.4258949512395,,3,False,3,False,False,False,False,"ema60_gt_ema120, market_above_ma60, avoid_chase, obv_uptrend, mfi_strong",long_upper_shadow,,8.9,55.0,37.0,35.0,-0.4,False,40,D
2026-08-25,28.5,28.5,28.1,28.25,174496,4926713,1522,堤維西,,-0.2683098326264428,-0.3630871213674455,0.0947772887410026,28.23790777686148,29.53917680502208,32.25348428909023,48.30029533070648,14.378941737197485,0.6499695906551253,516347.55,14501743.55,29.75,27.65,0.0523904267462003,-0.277286551648902,0.0125448028673835,-0.0017667844522968,28.3,0.6377932187647948,29.12119587642499,28.067500000000017,27.01380412357504,0.586599940306864,0.0750829875425295,71.42857142857137,62.93995859213222,28.01999999999971,28.04499999999989,4229572.0,3917204.8,-66.66666666666667,55.81395348837244,47.58157635139722,30.025,31.425,,,,0.0,0.0,0.0,0.0,0.0,0.0,,0.0,0.0,0.0573,0.0154,0.0,2.7,0.05,0,False,0,False,False,False,False,0.3379429223591745,False,False,False,False,True,False,False,False,False,True,False,False,False,False,False,False,False,False,-10.0,0.0,5.3097345132743365,0.0,0.1337026416734139,False,False,False,False,False,False,False,-1.0,False,3,False,False,179.98386092367272,,3,False,3,False,False,False,False,"market_above_ma60, avoid_chase, obv_uptrend",,,-133.5,25.0,7.2,35.0,-0.47,False,40,D
2026-08-25,27.3,27.6,27.2,27.6,232191,6365994,1524,耿鼎,,-0.005681123576732,-0.1641819812158549,0.1585008576391229,27.135073945203644,27.83633765285964,28.53156924036034,57.05810989137451,19.09027913038096,0.5141956682435359,380316.3,10164595.4,27.45,26.9,0.3140682180023725,-0.3205530809126709,0.0260223048327139,0.0054644808743169,27.45,0.541849088634739,28.012540496057856,26.85499999999993,25.697459503942,0.8218029963259236,0.0862067023688648,94.44444444444476,83.33333333333333,27.350000000000183,27.194999999999983,90981195.0,89797406.9,-3.703703703703499,91.83673469387776,72.44569205221327,28.15,30.575,,,,0.0,0.0,0.0,0.0,0.0,0.0,,0.0,0.0,0.1119,0.284,0.0,1.96,0.12,0,False,0,False,False,False,False,0.6105207691597757,False,True,False,True,True,False,False,False,False,True,False,False,False,False,False,False,True,True,-20.0,-12.0,-0.543478260869573,25.0,0.4104916823199173,False,False,False,False,False,False,False,-1.0,False,6,False,False,414.0311078794368,,3,False,3,False,False,False,False,"rsi_strong, breakout_20d, market_above_ma60, avoid_chase, obv_uptrend, mfi_strong",,,100.5,72.5,58.4,35.0,-0.22,False,40,D
2026-08-25,66.5,68.1,66.5,68.1,8009,540410,1525,江申,,0.1014756659187412,0.1928765340196274,-0.0914008681008861,67.57623467563369,66.69768018643579,65.61051664481516,54.16950553894001,24.617918788751087,1.5896729631051447,22777.05,1535148.5,68.8,67.0,-0.091117381193514,0.0414695993029314,0.0118870728083209,0.016417910447761,67.0,2.0077829494544304,69.10309521475092,67.88999999999996,66.676904785249,0.5865554481818425,0.0357370810060676,100.0,83.33333333333333,67.49999999999928,67.44999999999963,2286631.0,2299727.1,-15.55555555555562,-8.99653979238919,44.14613010334004,66.55000000000001,65.15,,,,0.0,0.0,0.0,0.0,0.0,0.0,,0.0,0.0,0.1846,-0.0033,0.0,0.44,0.0,0,False,0,False,False,True,True,0.3516258690216687,False,False,True,False,True,False,False,False,False,False,False,False,False,False,False,False,False,True,-20.0,0.0,1.0279001468428826,15.0,-0.1290986215728332,False,False,True,False,False,False,False,-1.0,False,5,False,False,366.9670752313427,,5,False,3,False,False,False,False,"ema60_gt_ema120, market_above_ma60, avoid_chase, adx_trending, above_ichimoku_cloud",,,53.5,67.5,48.3,35.0,-0.46,False,40,D
2026-08-25,16.55,16.6,16.2,16.3,529274,8645951,1526,日馳,,0.0225631515372732,0.3135205408950698,-0.2909573893577965,17.1158496583051,16.53822402962738,16.55335468228297,44.04716491951794,31.429175601459928,0.8821056197756817,1281764.2,23763906.15,19.15,16.55,-0.6932542284114727,0.4299965770857358,-0.0151057401812688,-0.0180722891566265,16.6,0.0813814556370291,19.46514842001884,17.71750000000002,15.9698515799812,0.0944550449155117,0.1972793475398693,4.081632653061284,11.362989803405071,16.68000000000011,17.05000000000009,2525497.0,4110764.25,-96.92307692307688,-122.23295068483394,51.37069657337121,16.075000000000003,16.075000000000003,,,,0.0,0.0,0.0,0.0,0.0,0.0,,0.0,0.0,-0.1482,-0.0072,0.0,3.11,0.44,0,False,0,False,False,False,False,0.4129261840828446,False,False,True,False,True,False,False,False,False,False,False,False,False,False,False,False,True,False,20.0,25.0,17.4846625766871,0.0,-0.4945024987306475,False,False,True,False,False,False,False,-1.0,False,5,False,False,363.1952318560607,,8,False,3,False,True,True,True,"market_above_ma60, avoid_chase, adx_trending, mfi_strong, above_ichimoku_cloud",,"close_below_ema20, close_below_swing_low",-25.0,43.2,47.0,45.9,-0.44,False,37,D
2026-08-25,32.6,32.75,32.55,32.7,50068,1634757,1527,鑽全,,-0.1610906724462069,-0.169264507692528,0.0081738352463211,32.91039296851922,33.10428801787066,33.19247932591786,44.40823476111516,12.621653332404184,0.4221583860089042,205709.0,6773716.9,33.75,32.6,-0.0566206783851636,-0.0333884184569267,-0.013574660633484,0.0030674846625766,32.6,0.7275051289238901,33.61288173908015,32.83500000000004,32.05711826091992,0.4132258843357874,0.0473812540935047,27.77777777777782,26.579520697167027,32.740000000000144,32.82000000000007,6053779.0,5690168.1,-68.42105263157859,-41.258169934639696,53.8036746996351,33.8625,33.275,,,,0.0,0.0,0.0,0.0,0.0,0.0,,0.0,0.0,-0.0461,0.082,0.0,10.36,0.04,0,False,0,False,False,False,False,0.2433923649427103,False,False,False,False,True,False,False,False,True,True,False,False,False,False,False,False,True,False,10.0,0.0,3.2110091743119176,8.0,0.9847282672965364,False,False,False,False,False,False,False,-1.0,False,5,False,False,347.2506628569856,,3,False,3,False,True,False,True,"market_above_ma60, avoid_chase, kd_golden_cross, obv_uptrend, mfi_strong",,close_below_ema20,-41.0,40.5,43.1,45.9,-0.69,False,37,X
2026-08-25,18.65,18.65,17.95,18.45,623313,11378817,1528,恩德,,-0.5531846314568689,-0.721938439172205,0.1687538077153361,18.981597636263167,21.066197557998848,22.05390464988463,38.298133838718144,30.18598704382936,0.6884488672180593,820495.3,14838894.2,19.4,18.55,0.4898651656756939,-0.8378272479525124,-0.0133689839572193,-0.0107238605898123,18.65,0.4508065353022675,20.034754690684068,18.442499999999928,16.85024530931579,0.5023551508574451,0.1726723264941462,25.0,21.46464646464665,18.579999999999927,18.88999999999988,362994584.0,363179477.1,-75.0,-9.989200863931394,45.29891270123465,22.012500000000003,25.675,,,,0.0,0.0,0.0,0.0,0.0,0.0,,0.0,0.0,0.1966,0.1564,0.0,2.83,0.16,0,False,0,False,False,False,False,0.7596789402693714,False,False,True,False,True,False,False,False,False,False,False,False,False,False,False,False,False,False,10.0,0.0,5.149051490514902,0.0,-0.0199065474275589,False,False,False,False,False,False,False,-1.0,False,3,False,False,247.35791083356293,,8,False,3,False,True,True,True,"market_above_ma60, avoid_chase, adx_trending",,"close_below_ema20, close_below_swing_low",-140.9,21.6,18.5,45.9,0.07,False,37,D
2026-08-25,29.0,29.0,28.75,28.9,16150,466211,1530,亞崴,,0.060290877277179,-0.0768159741188841,0.1371068513960632,28.8773041415004,28.96387834211569,28.759374480584977,50.03325461392008,13.558648047746868,0.8554989778721037,44304.85,1257654.45,30.0,28.55,0.3921857558864696,-0.1927971619038492,0.0122591943957968,-0.0102739726027397,29.2,0.4438025792697034,30.00537061913384,28.419999999999938,26.83462938086604,0.6513841603366815,0.1115672497631178,22.222222222222136,44.50830140485292,29.26999999999989,29.075,2759747.0,2720915.35,-41.17647058823533,40.7328772509244,67.08152952636394,29.8625,31.2,,,,0.0,0.0,0.0,0.0,0.0,0.0,,0.0,0.0,0.2806,0.4258,0.0,0.66,0.0,0,False,0,False,False,False,True,0.3645199114769602,False,False,False,False,True,False,False,False,False,True,False,False,False,False,False,False,True,True,10.0,0.0,3.806228373702427,0.0,0.1268139507369859,False,False,False,False,False,False,False,-1.0,False,5,False,False,365.16696652361344,,3,True,3,False,False,False,False,"ema60_gt_ema120, market_above_ma60, avoid_chase, obv_uptrend, mfi_strong",,,-23.1,45.9,47.9,45.9,-0.51,False,37,D
2026-08-25,13.15,13.25,13.15,13.15,223291,2947327,1531,高林股,,0.0405865136459979,0.0218469407056623,0.0187395729403356,13.012391597666806,12.925706140627067,12.774971311714069,60.182193360695706,9.825136655313813,0.1605924734220774,148378.05,1919970.9,13.15,12.95,0.0923170129858761,0.0284045520134098,0.0115384615384614,0.0,13.15,1.5798516688953137,13.152070902494852,12.97750000000001,12.802929097505167,0.9940685920011408,0.0269036258901702,75.00000000000011,81.34920634920672,13.080000000000108,13.03000000000002,2843994.0,2362043.0,-18.18181818181809,225.55139409071725,87.22828242580161,13.0375,12.675,,,,0.0,0.0,0.0,0.0,0.0,0.0,,0.0,0.0,0.0157,-0.2069,0.0,1.69,0.02,0,False,0,False,False,True,True,1.5048789224551746,True,True,False,False,True,False,False,False,False,True,False,False,False,False,False,False,True,True,-10.0,-25.0,0.0,25.0,0.9950793158535012,False,False,True,False,False,False,False,-1.0,False,8,False,False,546.9897410147937,,3,False,3,False,False,False,False,"ema60_gt_ema120, volume_break, rsi_strong, market_above_ma60, avoid_chase, obv_uptrend, mfi_strong, above_ichimoku_cloud",,,158.7,94.6,82.9,45.9,1.16,True,37,D
2026-08-25,23.0,23.1,22.9,22.9,239446,5502080,1532,勤美,,0.0918095896639741,-0.0648031139113556,0.1566127035753297,22.47756033520237,22.46921562891214,22.7846493344086,57.99163383486173,20.41482352068824,0.4342054959786456,445796.9,9849075.7,23.1,21.8,0.2934787354374167,-0.0466432944025665,0.0200445434298439,-0.0065075921908894,23.05,0.2953943446836107,23.248180313061788,22.15,21.05181968693821,0.8414739779430926,0.0991584932787168,77.4193548387096,88.17204301075314,22.9,22.504999999999928,-12067868.0,-13217447.15,-18.42105263157904,120.95639943741251,70.00268874330136,23.2625,22.225,,,,0.0,0.0,0.0,0.0,0.0,0.0,,0.0,0.0,0.2531,-0.0455,0.0,6.81,0.05,0,False,0,False,False,True,False,0.5371190333535294,False,True,True,False,True,False,False,False,False,True,False,False,False,False,False,False,True,True,-10.0,-12.0,0.8733624454148596,25.0,0.7965172917407453,False,False,False,False,False,False,False,-1.0,False,6,False,False,452.92939783442426,,5,True,3,False,False,False,False,"rsi_strong, market_above_ma60, avoid_chase, adx_trending, obv_uptrend, mfi_strong",,,64.7,73.0,68.7,45.9,-0.26,False,37,D
2026-08-25,31.6,31.65,31.3,31.6,50245,1582392,1533,車王電,,-0.7221195110649852,-0.8062253628565133,0.084105851791528,32.2472960449809,33.63442357182732,33.64561023790622,40.0304703407769,32.46901166365391,1.010270092898401,124478.7,3986400.3,33.55,31.1,-0.1460869485144256,-0.4192379769091041,0.0031746031746031,-0.0078492935635793,31.85,1.3145679501792291,33.386502910242946,32.05500000000002,30.72349708975709,0.3291404410385385,0.0830761447663656,33.33333333333345,35.887445887446425,31.51000000000022,31.655000000000108,7327304.0,7474782.3,-75.86206896551712,-71.19314436387639,39.59280610378015,35.6,37.075,,,,0.0,0.0,0.0,0.0,0.0,0.0,,0.0,0.0,0.2821,-0.1586,0.0,6.42,-0.1,0,False,0,False,False,False,False,0.4036433542445414,False,False,True,False,True,False,False,False,False,False,False,False,False,False,False,False,False,False,0.0,0.0,6.170886075949354,0.0,-0.1998527388286759,False,False,False,False,False,False,False,-1.0,False,3,False,False,231.6382006765013,,8,False,3,False,True,False,True,"market_above_ma60, avoid_chase, adx_trending",,close_below_ema20,-81.9,32.5,14.7,35.0,-0.41,False,40,D
2026-08-25,49.5,49.6,48.85,49.6,541191,26620071,1536,和大,,-0.1357543307566331,0.0145911663049974,-0.1503454970616305,50.20732155629477,50.58250888950938,51.86385302492922,46.92420428806778,12.289853960046072,1.7669008504569546,1572454.55,78405152.2,52.0,49.1,0.3013050886479744,0.0025104855758768,-0.0158730158730158,0.010183299389002,49.1,0.4021530064234029,53.742144226834846,49.877500000000055,46.01285577316526,0.4640976007476721,0.1549654343876412,18.604651162790777,9.777131782945313,49.69000000000015,50.43500000000004,89900478.0,89508127.35,-82.60869565217382,-28.045730618078,42.1237595930325,52.2625,51.875,,,,0.0,0.0,0.0,0.0,0.0,0.0,,0.0,0.0,0.0959,0.1981,0.0,5.82,-0.52,0,False,0,False,False,False,False,0.3441695659820502,False,False,False,False,True,True,False,False,True,True,False,False,False,False,False,False,False,False,20.0,0.0,4.838709677419352,0.0,0.02977980073906,False,False,False,False,False,False,False,-1.0,False,5,False,False,348.7990532686892,,3,False,3,False,True,False,True,"market_above_ma60, avoid_chase, liquidity_ok, kd_golden_cross, obv_uptrend",,close_below_ema20,35.3,65.0,43.2,35.0,-0.47,False,40,D
2026-08-25,45.8,46.1,45.55,46.05,30136,1378903,1535,中宇,,-0.4903693039996355,-0.6378792505725188,0.1475099465728833,46.277911877816585,47.78854874036538,49.25703254395894,42.28080778208552,13.163441765181233,0.7387852079205999,52046.1,2396699.6,46.5,45.75,0.0053334503034803,-0.2146199850736297,0.001086956521739,0.002176278563656,45.95,0.5050684564549673,46.442768739525135,45.977500000000056,45.51223126047498,0.5779119612398043,0.0202389751302301,43.478260869565005,37.68115942028938,45.95,45.98999999999997,-1504841.0,-1521956.95,-53.84615384615418,-77.7491408934699,48.85679508654465,50.50000000000001,51.225,,,,0.0,0.0,0.0,0.0,0.0,0.0,,0.0,0.0,-0.3741,-0.158,0.0,0.89,-0.01,0,False,0,False,False,False,False,0.5790251334874275,False,False,False,False,True,False,False,False,True,True,False,False,False,False,False,False,False,False,0.0,0.0,0.97719869706841,25.0,0.0688391236627591,False,False,False,False,False,False,False,-1.0,False,4,False,False,246.6163208188274,,3,False,3,False,True,False,True,"market_above_ma60, avoid_chase, kd_golden_cross, obv_uptrend",,close_below_ema20,-141.6,18.9,18.2,45.9,-0.2,False,37,D
2026-08-25,120.0,120.0,119.0,119.5,145823,17419599,1537,廣隆,,-1.4976685191340664,-0.622833523855611,-0.8748349952784554,124.19312947141168,125.28447731163476,125.4736309360932,27.178256402700512,22.6197883947849,1.6527012346432606,152564.25,19035947.05,128.0,120.0,-0.261258882918885,-0.0373965043475504,-0.0627450980392156,-0.0041666666666666,120.0,0.7182282666591956,130.91893461039112,125.1,119.28106538960886,0.0188122590345132,0.0930285309415049,5.555555555555555,7.407407407406936,120.2,123.85,-3774039.0,-3442054.4,-94.73684210526316,-153.25410299943314,51.13655987702915,126.0,126.0,,,,0.0,0.0,0.0,0.0,0.0,0.0,,0.0,0.0,0.0708,0.0624,0.0,15.37,-0.39,0,False,0,False,False,False,False,0.9558136981632328,False,False,True,False,True,False,False,False,False,False,False,False,False,False,False,False,True,False,20.0,25.0,7.112970711297072,0.0,-1.5081055620741268,False,False,False,False,False,False,False,-1.0,False,4,False,False,301.4608702367428,,5,False,3,False,True,True,True,"market_above_ma60, avoid_chase, adx_trending, mfi_strong",,"close_below_ema20, close_below_swing_low",-86.8,24.3,32.0,45.9,0.36,False,37,D
2026-08-25,0.0,0.0,0.0,0.0,242,2252,1538,正峰,,-0.9336707423793252,-1.105193063328788,0.1715223209494627,3.611171681279615,6.296712519085659,9.550788885939983,45.94801371816624,11.070955610267314,3.936180171056954,1437.1,13805.6,10.2,0.0,,,-1.0,-1.0,8.96,1.6912199656347708,11.515277389276063,2.8359999999999674,-5.843277389276129,0.3366223434969332,6.120788003720872,0.0,32.463768115942,1.7920000000000074,3.6519999999999526,-145013.0,-147894.35,-100.0,-47.61904761904763,86.09558305045444,5.75,6.475,,,,0.0,0.0,0.0,0.0,0.0,0.0,,0.0,0.0,-0.7551,-0.6905,0.0,0.03,0.0,0,False,1,False,False,False,False,0.1683946837380836,False,False,False,False,True,False,False,False,False,True,False,False,False,False,False,False,True,False,20.0,0.0,999.0,0.0,0.1524079050858734,False,False,False,False,False,False,False,-1.0,False,4,False,False,228.5128416984113,,3,False,3,False,True,False,True,"market_above_ma60, avoid_chase, obv_uptrend, mfi_strong",,close_below_ema20,-159.7,13.5,13.9,45.9,-0.8,False,37,X
2026-08-25,15.75,15.8,15.65,15.65,38201,599955,1539,巨庭,,-0.0652518719756347,-0.0141675087643199,-0.0510843632113148,15.96376389333878,16.03331868376367,16.306705371902254,41.019961728731225,15.01220769398923,0.2829183637606047,66263.65,1064635.2,16.4,15.7,-0.1060414156982005,0.0131667697592591,-0.009493670886076,-0.0126182965299683,15.85,0.3312496858265644,16.42049968788917,16.020000000000028,15.619500312110889,0.0380770432679536,0.0499999610348489,7.692307692307797,22.07167832167882,15.799999999999818,15.914999999999964,-3004176.0,-2932124.35,-95.45454545454538,-128.36021505376195,42.21010352913744,16.325,16.175,,,,0.0,0.0,0.0,0.0,0.0,0.0,,0.0,0.0,-0.0647,0.1425,0.0,1.16,-0.09,0,False,0,False,False,False,False,0.5765000871518547,False,False,False,False,True,False,False,False,False,False,False,False,False,False,False,False,False,False,20.0,25.0,4.792332268370596,0.0,-0.2103175192362527,False,False,False,False,False,False,False,-1.0,False,2,False,False,138.24119064068353,,3,False,3,False,True,True,True,"market_above_ma60, avoid_chase",,"close_below_ema20, close_below_swing_low",-250.0,5.4,2.9,45.9,-0.2,False,37,D
2026-08-25,19.2,19.35,19.1,19.2,66067,1268792,1540,喬福,,-0.5555692381932396,-0.5941932386863575,0.0386240004931179,19.67407414313824,20.71345998098796,21.506498885383603,37.1761080328964,23.470532145474856,0.4593560618050758,242184.85,4702733.05,20.75,18.95,-0.1404750060853137,-0.3047014730656267,0.0131926121372032,0.0,19.2,0.3853571525928541,20.380196646053008,19.44249999999997,18.50480335394694,0.3706937893930253,0.0964584437241131,31.818181818181685,27.99736495388667,19.120000000000072,19.194999999999983,3529889.0,3673874.65,-80.00000000000013,-44.739022369511154,24.911316429528128,22.525,22.025,,,,0.0,0.0,0.0,0.0,0.0,0.0,,0.0,0.0,-0.4121,-0.3342,0.0,1.61,-0.17,0,False,0,False,False,False,False,0.2727957591071448,False,False,True,False,True,False,False,False,False,False,False,False,False,False,False,False,False,False,0.0,0.0,8.072916666666671,0.0,-0.1712343935910251,False,False,False,False,False,False,False,-1.0,False,3,False,False,145.67314486797915,,5,False,3,False,True,False,True,"market_above_ma60, avoid_chase, adx_trending",,close_below_ema20,-242.6,8.1,3.6,45.9,-0.65,False,37,X
2026-08-25,21.4,21.6,21.4,21.6,6121,131965,1541,錩泰,,0.0127360123037298,0.0146840932289124,-0.0019480809251825,21.71418314327312,21.903851489874647,22.57789086493486,48.35119202166325,20.350889330521444,0.7388746906823418,18839.05,404799.1,22.3,21.5,0.1396969404970314,0.0100251536064807,-0.0292134831460673,-0.0068965517241378,21.75,0.633176548589658,22.36715669974949,21.630000000000063,20.89284330025064,0.4796515449087968,0.0681605825011026,37.50000000000006,44.79166666666666,21.690000000000147,21.745000000000164,237955.0,202740.75,-62.49999999999994,-18.46887101578713,30.6779298310975,21.6625,22.0,,,,0.0,0.0,0.0,0.0,0.0,0.0,,0.0,0.0,-0.341,0.1848,0.0,9.97,0.0,0,False,0,False,False,False,False,0.3249102263649175,False,False,True,False,True,False,False,False,False,True,False,False,False,False,False,False,False,False,0.0,0.0,3.240740740740737,8.0,0.8842443315068002,False,False,False,False,False,False,False,-1.0,False,4,False,False,241.8600342417308,,3,True,3,True,True,False,True,"market_above_ma60, avoid_chase, adx_trending, obv_uptrend",,"macd_death_cross, close_below_ema20",-146.4,16.2,16.9,45.9,-0.57,False,37,D
2026-08-25,101.5,104.0,101.0,103.5,114621,11782074,1558,伸興,,2.751514977164604,1.9453794632190973,0.8061355139455064,97.4038265286446,94.27037605953316,93.93390962512709,70.79140305580103,27.925953118370067,2.33852190803809,136166.25,13107495.35,103.0,95.4,0.7297569414775188,0.1448219252465175,0.0465116279069766,0.0097560975609756,102.5,0.8156755323523219,104.52202889248284,96.02500000000036,87.52797110751787,0.9398596317951172,0.1769753479298611,88.23529411764706,73.4362795169139,101.74000000000017,99.78000000000029,2972751.0,2464761.75,-7.042253521126759,126.7715355805242,81.5869883950497,93.0,92.3,,,,0.0,0.0,0.0,0.0,0.0,0.0,,0.0,0.0,0.2512,0.2048,0.0,7.08,0.17,0,False,0,False,False,True,True,0.8417724656440198,False,True,True,True,True,False,False,False,False,True,False,False,False,False,False,False,True,True,-20.0,-25.0,-0.4830917874396135,25.0,0.8617834793493679,False,False,True,False,False,False,False,-1.0,False,9,False,False,648.7591264086326,,5,True,3,False,False,False,False,"ema60_gt_ema120, rsi_strong, breakout_20d, market_above_ma60, avoid_chase, adx_trending, obv_uptrend, mfi_strong, above_ichimoku_cloud",,,260.5,100.0,91.2,45.9,0.19,True,37,D
2026-08-25,668.0,678.0,656.0,677.0,714927,475187124,1560,中砂,,2.1410530029342,3.7667380951826006,-1.6256850922484007,690.7939037259937,674.1294570356163,620.3717590088734,47.353151519829424,9.22096495011902,34.84913949938996,1443935.5,983381969.4,742.0,679.0,0.6372847913565723,-0.033511213447015,-0.0437853107344632,-0.0044117647058823,680.0,0.4006391350328093,758.6542579475486,681.15,603.6457420524514,0.4732272773786924,0.2275688407767704,22.580645161290324,14.30588294387538,688.2,705.1,127173257.0,126852041.85,-77.41935483870968,-30.53725291434321,56.37655359555263,687.5,676.0,,,,0.0,0.0,0.0,0.0,0.0,0.0,,0.0,0.0,0.2656,0.0641,0.0,38.06,0.28,0,False,0,False,False,True,True,0.4951239165461338,False,False,False,False,True,True,False,False,True,True,False,False,False,False,False,False,True,False,10.0,0.0,9.601181683899556,0.0,0.0983981296513265,False,False,False,False,False,False,False,-1.0,False,7,False,False,491.1320167212773,,3,False,3,False,True,True,True,"ema60_gt_ema120, market_above_ma60, avoid_chase, liquidity_ok, kd_golden_cross, obv_uptrend, mfi_strong",,"close_below_ema20, close_below_swing_low",102.9,81.1,74.5,45.9,-0.32,False,37,D
2026-08-25,63.0,65.9,62.7,65.1,2014345,130157893,1563,巧新,,0.8525097439431661,0.2688477160831839,0.5836620278599822,61.73864255593679,59.72784455603147,56.004260617451,58.32262565882751,16.708515974771377,3.113285468568156,1441850.25,86855374.55,65.3,61.0,1.0016066724391497,-0.160011515942409,0.0499999999999998,0.0333333333333332,63.0,0.906947873483034,67.584946532543,59.86999999999998,52.15505346745696,0.8389524462638167,0.2577232848686495,85.18518518518499,69.70755775787195,63.22000000000007,63.18999999999996,21074435.0,17372418.45,-7.339449541284504,92.57721551962764,65.30598701477997,65.425,56.875,,,,0.0,0.0,0.0,0.0,0.0,0.0,,0.0,0.0,0.1193,-0.1323,0.0,4.27,-0.1,0,False,0,False,False,True,True,1.397055623494881,False,True,False,False,True,True,False,False,False,True,False,False,False,False,False,False,True,True,-20.0,-12.0,0.3072196620583761,25.0,0.9555202068370248,False,False,False,False,False,False,False,-1.0,False,7,False,False,488.4367987169931,,3,False,3,False,False,False,False,"ema60_gt_ema120, rsi_strong, market_above_ma60, avoid_chase, liquidity_ok, obv_uptrend, mfi_strong",,,174.9,90.0,73.7,35.0,0.5,False,40,D
2026-08-25,28.65,28.65,28.1,28.35,170956,4844504,1568,倉佑,,-0.7029776994603871,-0.9900419688713366,0.2870642694109494,29.13540807615924,31.01184822365911,30.27419889878559,42.1085579132012,14.514986266971864,1.087992473642775,386060.2,10755575.95,30.1,28.5,0.4765820010271229,-0.9701773296550892,-0.0240963855421686,-0.0104712041884815,28.65,0.2672317303799572,30.45823735549635,28.359999999999992,26.26176264450364,0.4976170474770655,0.1479716047599689,11.363636363636369,22.90252587070184,28.780000000000108,29.10000000000009,22108335.0,21988245.45,-76.47058823529407,-1.270695518930064,45.9903300988569,35.475,38.7,,,,0.0,0.0,0.0,0.0,0.0,0.0,,0.0,0.0,0.182,-0.0726,0.0,4.03,-0.01,0,False,0,False,False,False,True,0.4428221298129152,False,False,False,False,True,False,False,False,False,True,False,False,False,False,False,False,False,False,20.0,0.0,6.172839506172839,0.0,0.0309974475626264,False,False,False,False,False,False,False,-1.0,False,4,False,False,289.8001906688807,,3,False,3,False,True,True,True,"ema60_gt_ema120, market_above_ma60, avoid_chase, obv_uptrend",,"close_below_ema20, close_below_swing_low",-23.7,47.5,29.6,35.0,-0.38,False,40,D
