date,open,high,low,close,volume,amount,stock_id,name,industry_category,macd,macd_signal,macd_hist,ema20,ema60,ema120,rsi14,adx14,atr14,volume_ma20,amount_ma20,close_20d_high,close_10d_low,lr_slope_20,lr_slope_60,return_5d,day_return,prev_close,prev_volume_ratio,bb_upper,bb_mid,bb_lower,bb_pct_b,bb_bandwidth,stoch_k,stoch_d,sma5,sma10,obv,obv_ma,williams_r,cci20,mfi14,ichi_senkou_a,ichi_senkou_b,market_ma60,market_above_ma60,market_return_5d,foreign_net,foreign_buy_streak,invest_trust_net,invest_trust_streak,dealer_net,dealer_buy_streak,relative_strength_5d,margin_change_5d,short_ratio,revenue_yoy,revenue_mom,revenue_3m_yoy,foreign_holding_pct,foreign_holding_chg5d,insider_net_30d,has_buyback,limit_down_streak,macd_golden_cross,hist_turn_positive,above_ema60,ema60_gt_ema120,volume_ratio,volume_break,rsi_strong,adx_trending,breakout_20d,avoid_chase,liquidity_ok,foreign_buy_3d,stronger_than_market,kd_golden_cross,obv_uptrend,invest_trust_buy_2d,dealer_buy_3d,bb_squeeze_breakout,breakout_volume_confirm,williams_r_recovery,cci_momentum,mfi_strong,ma5_above_ma10,kd_level_score,bb_level_signal,gap_to_20d_high_pct,breakout_proximity_score,obv_strength,foreign_buy_accel,invest_trust_accel,above_ichimoku_cloud,long_upper_shadow,open_high_close_low,gap_chase_after_blowout,earnings_blocked,f_score,f_score_low,condition_count,skip_trade,entry_signal,entry_score,momentum_score,expected_hold_days,momentum_decay_signal,estimated_sl_days,macd_death_cross,close_below_ema20,close_below_swing_low,base_exit_signal,entry_reason,skip_reason,base_exit_reason
2026-08-17,50.3,54.3,50.3,52.6,321440,17040901,8045,達運光電,,-2.22222443134676,-2.055946211075224,-0.1662782202715358,54.95637351402779,60.24707159570656,65.88659052649855,42.476218797296,19.508081954356665,3.132641663757028,315754.65,18774839.1,66.5,50.8,-1.0863945151656542,-0.4285707135374347,-0.0401459854014597,0.0354330708661418,50.8,0.6629389660603151,64.61142433513018,55.940000000000325,47.26857566487047,0.3074134149755972,0.3100258968584128,33.802816901408455,18.84641180415808,52.12000000000044,53.39000000000051,8698177.0,9455550.75,-65.27777777777776,-73.6121770273729,36.07436632500182,62.45,67.5,,,,0.0,0.0,0.0,0.0,0.0,0.0,,0.0,0.0,-0.004,0.1692,0.0,1.43,-0.04,0,False,0,False,False,False,False,1.0180055939002006,False,False,False,False,True,False,False,False,True,False,False,False,False,False,False,False,False,False,0.0,0.0,26.425855513307983,0.0,-1.0293509336560716,False,False,False,False,False,False,False,-1,False,3,False,False,167.82784473512916,,3,False,3,False,True,False,True,"market_above_ma60, avoid_chase, kd_golden_cross",,close_below_ema20
2026-08-17,50.0,51.6,49.1,49.5,2732076,137233104,8070,長華*,,-0.4464545713542094,-1.102690988912477,0.6562364175582676,48.42891526810172,49.70079082780384,48.91847103895169,52.80897268981792,14.943190466921434,2.221478645142423,2699793.05,126461255.6,49.65,46.9,0.3238354542057718,-0.333726480999221,0.014344262295082,-0.0030211480362537,49.65,1.6352871146870922,51.501633093971215,47.14749999999994,42.79336690602867,0.7701456236210746,0.1847026075177379,62.16216216216217,71.33914991057827,49.07000000000007,48.28999999999997,275290347.0,271392717.1,-19.53488372093025,113.9139445208854,68.08518735204365,57.75,54.2,,,,0.0,0.0,0.0,0.0,0.0,0.0,,0.0,0.0,0.3363,0.0593,0.0,11.55,0.2,0,False,0,False,False,False,True,1.0119575646733368,False,False,False,False,True,True,False,False,False,True,False,False,False,False,False,False,True,True,0.0,0.0,0.3030303030303001,25.0,0.1143276937387365,False,False,False,True,False,False,False,-1,False,6,True,False,446.4915079715982,,3,False,3,False,False,False,False,"ema60_gt_ema120, market_above_ma60, avoid_chase, liquidity_ok, obv_uptrend, mfi_strong",long_upper_shadow,
2026-08-17,26.55,27.0,26.55,26.95,163879,4382865,8072,陞泰,,-0.4005898849088751,-0.5262411375940172,0.1256512526851421,26.76244712289529,27.655164339863223,28.669339581326373,49.70382499718336,18.49421273053979,0.7092892822409083,131882.1,3475530.05,27.4,25.95,-0.1108195495837577,-0.1852754614541501,0.0247148288973384,0.015065913370998,26.55,0.4942643056517879,27.44494444271452,26.545000000000165,25.645055557285808,0.7250138901787637,0.0678051944030402,77.77777777777774,54.32098765432056,26.460000000000218,26.44500000000007,-33653726.0,-33623289.65,-13.333333333333364,54.31157694139997,51.44387757314271,29.5875,29.275,,,,0.0,0.0,0.0,0.0,0.0,0.0,,0.0,0.0,-0.001,-0.1625,0.0,1.86,0.04,0,False,0,False,False,False,False,1.2426174590789802,False,False,False,False,True,False,False,False,False,False,False,False,False,False,False,False,True,True,-10.0,0.0,1.669758812615953,15.0,-0.0201231905876567,False,False,False,False,False,False,False,-1,False,3,False,False,192.18469630373792,,3,False,3,False,False,False,False,"market_above_ma60, avoid_chase, mfi_strong",,
2026-08-17,257.5,257.5,249.0,256.0,580909,147475642,8081,致新,,-2.7473115416621567,-4.985834562924072,2.2385230212619147,261.1926542058926,266.94321046212843,260.86169155444986,45.71092189922507,19.51763208285533,12.058555644127376,1193672.2,305923760.15,270.0,250.0,0.3529069645376154,-0.2753329423042494,-0.044776119402985,-0.0077519379844961,258.0,0.8041380432066522,274.5298821917765,255.325,236.12011780822348,0.5175736563562219,0.1504347963714991,25.0,45.31778228532797,264.2,261.8,20307845.0,18019361.4,-46.15384615384615,-11.790878754171702,58.53501766314851,304.875,296.0,,,,0.0,0.0,0.0,0.0,0.0,0.0,,0.0,0.0,0.1001,0.128,0.0,19.05,1.98,0,False,0,False,False,False,True,0.4866570571049573,False,False,False,False,True,True,False,False,False,True,False,False,False,False,False,False,True,True,10.0,0.0,5.46875,0.0,0.5413581846813953,False,False,False,False,False,False,False,-1,False,6,False,False,451.3628687872263,,3,False,3,False,True,False,True,"ema60_gt_ema120, market_above_ma60, avoid_chase, liquidity_ok, obv_uptrend, mfi_strong",,close_below_ema20
2026-08-17,12.05,12.05,10.9,10.9,12498,140302,8101,華冠,,-0.6806866333841857,-0.9095339713596412,0.2288473379754554,11.039579822812764,12.38876729596956,13.171528885517706,49.24101720177235,12.495479453511669,2.662071094845261,6419.5,77169.55,13.9,0.0,,,-0.0723404255319148,-0.0521739130434781,11.5,1.5945978166459458,18.72974422962629,11.142499999999997,3.555255770373699,0.4840192306547156,1.361856716109724,82.57575757575758,85.10101010101,11.35,9.409999999999991,934233.0,927600.65,-17.424242424242415,3.8096660939716975,57.52334940685432,13.6875,14.25,,,,0.0,0.0,0.0,0.0,0.0,0.0,,0.0,0.0,0.3617,0.0903,0.0,0.05,0.0,0,False,0,False,False,False,False,1.946880598177428,True,False,False,False,True,False,False,False,False,True,False,False,False,False,False,False,True,True,-20.0,0.0,27.522935779816518,0.0,0.1249462610443644,False,False,False,False,True,True,False,-1,False,5,True,False,350.96816111430667,,3,False,3,False,True,False,True,"volume_break, market_above_ma60, avoid_chase, obv_uptrend, mfi_strong","open_high_close_low, gap_chase_after_blowout",close_below_ema20
2026-08-17,79.6,82.9,78.9,80.0,852185,69027456,8103,瀚荃,,-2.102500240614887,-3.33762373460238,1.2351234939874924,80.13444564116672,87.46193916010698,89.31309661579246,47.36962885276636,22.86520346834159,4.141438992896262,832542.3,63734828.55,84.5,73.9,0.3201127152229003,-0.6615681635857947,-0.0037359900373599,0.0139416983523446,78.9,0.785749845572075,85.55625529416834,77.43999999999978,69.32374470583123,0.6577081983756443,0.2096140313576595,38.27160493827156,50.29036914194391,80.03999999999942,79.80999999999986,115224505.0,115685065.1,-26.7379679144385,59.759331021823726,46.97121022438813,99.075,113.4,,,,0.0,0.0,0.0,0.0,0.0,0.0,,0.0,0.0,0.343,0.0528,0.0,18.52,-0.28,0,False,0,False,False,False,False,1.0235936360230584,False,False,True,False,True,True,False,False,False,False,False,False,False,False,False,False,False,True,0.0,0.0,5.625,0.0,-0.1018583258809578,False,False,False,True,False,False,False,-1,False,4,True,False,299.0136364496591,,3,False,3,False,True,False,True,"market_above_ma60, avoid_chase, liquidity_ok, adx_trending",long_upper_shadow,close_below_ema20
2026-08-17,31.85,31.85,31.25,31.45,234218,7365357,8104,錸寶,,-1.2424324750089468,-1.6103478663582549,0.3679153913493078,32.31245067931633,34.73182136172307,35.39297396175459,41.67520253709112,28.889363789543847,1.3909665350547102,430914.65,13393623.65,34.3,30.0,-0.2283838968217157,-0.5314489982141006,-0.0063191153238546,-0.0125588697017269,31.85,0.7592036527001075,34.57376393389439,31.489999999999963,28.40623606610553,0.4935144192523439,0.1958567122193986,39.0243902439024,61.10247883968744,31.78000000000029,31.420000000000076,138564777.0,138596109.0,-26.881720430107592,-5.929088106249523,42.59994787284028,41.025,40.375,,,,0.0,0.0,0.0,0.0,0.0,0.0,,0.0,0.0,-0.3912,0.3539,0.0,1.87,0.13,0,False,0,False,False,False,False,0.5435368697722391,False,False,True,False,True,False,False,False,False,False,False,False,False,False,False,False,False,True,0.0,0.0,9.062003179650231,0.0,-0.003269129140822,False,False,False,False,False,False,False,-1,False,3,False,False,180.3961391480325,,3,False,3,False,True,False,True,"market_above_ma60, avoid_chase, adx_trending",,close_below_ema20
2026-08-17,15.1,15.1,15.1,15.1,2497790,37716535,8105,凌巨,,-0.6365299013749528,-0.7498470034839451,0.1133171021089922,16.817203229898407,17.52269476936838,16.628008925551562,35.63495028960135,24.918807983834977,0.9286551644863956,2883976.0,47506895.6,17.8,15.75,-0.1582400405701278,-0.4198069532120153,-0.093093093093093,-0.0985074626865671,16.75,0.3882829345696671,18.102394891576008,16.43750000000002,14.772605108424036,0.0983229912087884,0.2025727624731235,0.0,43.20134087575934,16.58000000000002,16.54000000000001,29706089.0,31937967.35,-79.66101694915255,-134.04537175028932,50.89063136168655,21.9625,19.25,,,,0.0,0.0,0.0,0.0,0.0,0.0,,0.0,0.0,0.1187,0.0423,0.0,39.39,0.28,0,False,1,False,False,False,True,0.8660925056241799,False,False,True,False,True,False,False,False,False,False,False,False,False,False,False,False,True,True,20.0,25.0,17.880794701986762,0.0,-0.0691433236648288,False,False,False,False,False,False,False,-1,False,5,False,False,412.8312051722639,,3,False,3,False,True,True,True,"ema60_gt_ema120, market_above_ma60, avoid_chase, adx_trending, mfi_strong",,"close_below_ema20, close_below_swing_low"
2026-08-17,46.85,47.1,45.8,46.05,3583286,165640291,8110,華東,,-0.4361765026894844,-1.478467191156275,1.0422906884667906,45.05800087937537,48.3268973159117,49.37688384867271,51.1047151196439,15.785907392813987,2.6512235996284863,6467490.1,279449703.8,46.85,40.8,0.9735800008309428,-0.6824152888658251,-0.0032467532467533,-0.017075773745998,46.85,1.6176614109348648,50.83219239050093,42.69499999999989,34.55780760949886,0.7061521860977853,0.381177767443544,45.05494505494502,68.74452778342857,46.429999999999566,45.909999999999854,2679954395.0,2654836485.35,-16.18122977346279,69.5187165775399,68.33279712865361,55.55,57.0,,,,0.0,0.0,0.0,0.0,0.0,0.0,,0.0,0.0,0.1851,0.0422,0.0,1.72,0.61,0,False,0,False,False,False,False,0.5540458422966894,False,False,False,False,True,True,False,False,False,True,False,False,False,False,False,False,True,True,0.0,0.0,1.7372421281216164,15.0,0.3285128390937682,False,False,False,False,False,False,False,-1,False,5,False,False,384.4826124920921,,3,False,3,False,False,False,False,"market_above_ma60, avoid_chase, liquidity_ok, obv_uptrend, mfi_strong",,
2026-08-17,96.2,96.2,93.0,93.5,15462674,1451199138,8112,至上,,2.377748080410157,0.932857591572383,1.4448904888377745,90.18556011123351,88.25423986646157,84.74365808333273,56.01915204588087,15.05566391011595,4.568593150905835,21294555.5,1929117337.1,100.0,81.4,0.8592243142192636,-0.0710804122354669,0.0119047619047618,-0.0240083507306888,95.8,0.9749709083900304,101.525907740593,87.75500000000011,73.9840922594072,0.7085919137728731,0.3138489599588145,52.38095238095238,69.87279434944503,96.8,92.80000000000037,1395419045.0,1329524959.25,-28.571428571428573,74.51206614748577,68.66783382098778,92.15,91.55,,,,0.0,0.0,0.0,0.0,0.0,0.0,,0.0,0.0,3.3348,0.2474,0.0,22.53,4.52,0,False,0,False,False,True,True,0.726132743179354,False,True,False,False,True,True,False,False,False,True,False,False,False,False,False,False,True,True,0.0,0.0,6.951871657754011,0.0,0.579166750495595,False,False,True,False,False,False,False,-1,False,8,False,False,584.2113284377406,,3,True,3,False,False,False,False,"ema60_gt_ema120, rsi_strong, market_above_ma60, avoid_chase, liquidity_ok, obv_uptrend, mfi_strong, above_ichimoku_cloud",,
2026-08-17,65.2,65.8,63.6,64.0,1618057,103917139,8131,福懋科,,-1.363590474229298,-2.035335459026739,0.6717449847974413,64.80045323974797,67.02676568966503,65.05929581003903,47.54802490220703,10.305224770045404,4.114718293558227,5238490.5,332867339.05,71.8,60.0,0.0148050688544332,-0.2407169278263328,-0.0092879256965943,-0.0184049079754601,65.2,0.8157288007792904,72.92138057592547,63.11500000000024,53.308619424075005,0.5451236821346934,0.3107464335237327,26.666666666666668,53.96825396825383,64.50000000000037,64.61000000000021,663640122.0,665295704.25,-29.411764705882348,22.97571006694801,58.4679867016454,75.825,72.5,,,,0.0,0.0,0.0,0.0,0.0,0.0,,0.0,0.0,0.2883,-0.017,0.0,4.29,0.44,0,False,0,False,False,False,True,0.3088784832195458,False,False,False,False,True,True,False,False,False,False,False,False,False,False,False,False,True,False,10.0,0.0,12.187499999999996,0.0,-0.0604186958908276,False,False,False,False,False,False,False,-1,False,5,False,False,342.36376048150555,,3,False,3,False,True,False,True,"ema60_gt_ema120, market_above_ma60, avoid_chase, liquidity_ok, mfi_strong",,close_below_ema20
2026-08-17,204.0,206.0,202.0,203.5,404302,82472702,8114,振樺電,,1.028874677747865,2.594836683947951,-1.565962006200086,212.07938022505223,208.8840412864592,205.65271948676292,45.25091538666996,13.346812441156366,12.012949107610202,1617710.0,354369203.2,232.0,204.0,-0.0912673669000175,-0.2108945359320625,-0.0894854586129754,-0.0024509803921568,204.0,0.4930668721725793,237.89564039590388,215.175,192.4543596040961,0.2430750234904292,0.2111829013212861,4.3478260869565215,17.11192596472817,209.7,217.7,3211317.0,5634819.15,-69.47368421052632,-79.60979008797152,49.07411126491496,211.5,226.25,,,,0.0,0.0,0.0,0.0,0.0,0.0,,0.0,0.0,0.4137,-0.0117,0.0,16.17,-0.47,0,False,0,False,False,False,True,0.2499224212003387,False,False,False,False,True,True,False,False,False,False,False,False,False,False,False,False,False,False,20.0,0.0,14.004914004914005,0.0,-0.8130252340713467,False,False,False,True,False,False,False,-1,False,4,True,False,262.7429214031472,,3,False,3,False,True,True,True,"ema60_gt_ema120, market_above_ma60, avoid_chase, liquidity_ok",long_upper_shadow,"close_below_ema20, close_below_swing_low"
2026-08-17,92.5,94.0,90.0,91.5,30736479,2828043143,8150,南茂,,-1.5788574933895063,-2.985906147303043,1.4070486539135367,91.13847621756992,91.50111284171614,83.15061234432575,49.51498437612047,14.666054275058272,7.571198837631082,49971793.2,4593257835.4,104.0,77.6,0.0703379015801618,-0.1609698998754269,-0.0150699677072121,-0.0043525571273123,91.9,0.7851852545223736,107.12720651670548,87.77999999999993,68.43279348329438,0.5961379100592118,0.4408112671839956,50.31446540880501,63.710347102008505,93.5,90.25999999999983,1156499604.0,1116474420.5,-23.442136498516334,29.81350426982731,60.9201495551368,102.975,91.35,,,,0.0,0.0,0.0,0.0,0.0,0.0,,0.0,0.0,0.436,0.1121,0.0,35.7,-2.28,0,False,0,False,False,False,True,0.6150765668341075,False,False,False,False,True,True,False,False,False,True,False,False,False,False,False,False,True,True,0.0,0.0,13.661202185792352,0.0,0.379896680575342,False,False,False,False,False,False,False,-1,False,6,False,False,405.7095258352452,,3,True,3,False,False,False,False,"ema60_gt_ema120, market_above_ma60, avoid_chase, liquidity_ok, obv_uptrend, mfi_strong",,
2026-08-17,59.8,60.9,59.0,60.8,137218,8255338,8162,微矽電子-創,,-2.3096860112864093,-3.904133726160232,1.5944477148738223,58.21447938443203,61.45736885985086,57.42548400686728,52.24833862330103,28.15745968327406,3.504835780209215,227571.35,12386344.3,64.5,49.8,-0.0736298902861734,-0.624407388593863,0.1176470588235294,0.0201342281879193,59.6,0.7779123302967276,65.57303525730693,55.48999999999978,45.40696474269264,0.7633135690045353,0.3634181026241551,99.01960784313724,94.2108819361268,58.71999999999971,55.91999999999971,14735708.0,13842014.15,-0.6172839506172929,72.82255389718061,64.9462539261734,78.975,68.575,,,,0.0,0.0,0.0,0.0,0.0,0.0,,0.0,0.0,0.0377,0.1,0.0,1.72,0.0,0,False,0,False,False,False,True,0.602966937621981,False,False,True,False,False,False,False,False,False,True,False,False,False,False,False,False,True,True,-20.0,0.0,6.085526315789479,0.0,0.7920995012487103,False,False,False,False,False,False,False,-1,False,5,False,False,365.53486339120434,,3,False,3,False,False,False,False,"ema60_gt_ema120, market_above_ma60, adx_trending, obv_uptrend, mfi_strong",,
2026-08-17,31.85,31.95,31.5,31.7,435888,13791028,8163,達方,,-1.1118824313276612,-1.5389124596935635,0.4270300283659025,32.29770105276474,34.18927364970971,33.908411264303794,42.91844597930328,21.92835702321349,1.3662486245124164,1093414.65,33979424.8,32.85,30.8,0.0215841472223761,-0.5836371752788957,0.0015797788309637,-0.0078247261345852,31.95,0.4611456653765202,33.59460369141438,31.34750000000004,29.10039630858569,0.5784342977466469,0.143367330180355,51.78571428571432,62.137681159420026,31.920000000000076,31.639999999999965,27431261.0,27732516.5,-26.21359223300967,25.18923333019241,51.82929014384357,41.31249999999999,37.2,,,,0.0,0.0,0.0,0.0,0.0,0.0,,0.0,0.0,0.1617,0.0787,0.0,9.55,0.38,0,False,0,False,False,False,True,0.3986483993057895,False,False,True,False,True,False,False,False,False,False,False,False,False,False,False,False,True,True,0.0,0.0,3.627760252365938,0.0,-0.0378055708042756,False,False,False,False,False,False,False,-1,False,5,False,False,373.5328171434066,,3,False,3,False,True,False,True,"ema60_gt_ema120, market_above_ma60, avoid_chase, adx_trending, mfi_strong",,close_below_ema20
2026-08-17,11.85,11.85,11.45,11.7,62115,718986,8201,無敵,,-0.2011348798441563,-0.2512964008208075,0.0501615209766511,11.969789287285728,12.482300503376251,12.881916453274338,38.737555611578415,23.565032880722363,0.33101508488922,37450.4,442393.85,12.4,11.5,-0.1014898222933982,-0.3030786304343146,-0.025,-0.0126582278481013,11.85,0.2767528939173276,12.29599173310335,11.857499999999982,11.419008266896617,0.320407104501951,0.0739602332875172,35.71428571428566,55.95238095238104,11.879999999999928,11.824999999999957,4096889.0,4145234.55,-39.13043478260877,-64.59054209919218,22.48877019822791,13.4875,13.55,,,,0.0,0.0,0.0,0.0,0.0,0.0,,0.0,0.0,-0.1919,-0.0203,0.0,0.83,-0.02,0,False,0,False,False,False,False,1.6585937666887405,True,False,True,False,True,False,False,False,False,False,False,False,False,False,False,False,False,True,0.0,0.0,5.982905982905992,0.0,-0.2737143940733371,False,False,False,False,False,False,False,-1,False,4,False,False,233.3013649380073,,5,False,3,False,True,False,True,"volume_break, market_above_ma60, avoid_chase, adx_trending",,close_below_ema20
2026-08-17,1005.0,1015.0,996.0,1010.0,619641,624702545,8210,勤誠,,-47.86011732330008,-44.18447040287531,-3.675646920424761,1080.1077075551357,1155.673511836463,1125.1094481664934,41.39306447234852,22.81730320138325,69.2305717882793,1496904.75,1613635911.2,1235.0,990.0,-0.5155207898942741,-0.6455358688041608,-0.0604651162790698,0.01,1000.0,1.2823008733078427,1235.1381054161975,1078.35,921.5618945838024,0.2820306590906138,0.2907926098506007,8.602150537634408,5.0179211469530856,1004.0,1076.5,104878115.0,108863034.95,-78.94736842105263,-74.95671656991541,34.5709954083094,1307.5,1347.5,,,,0.0,0.0,0.0,0.0,0.0,0.0,,0.0,0.0,0.4151,-0.2395,0.0,8.87,0.27,0,False,0,False,False,False,True,0.4139481820737091,False,False,True,False,True,True,False,False,False,False,False,False,False,False,False,False,False,False,20.0,0.0,22.27722772277228,0.0,-0.8631875317982355,False,False,False,False,False,False,False,-1,False,5,False,False,348.78123143915826,,3,False,3,False,True,False,True,"ema60_gt_ema120, market_above_ma60, avoid_chase, liquidity_ok, adx_trending",,close_below_ema20
2026-08-17,32.85,34.15,32.85,33.95,694892,23418183,8213,志超,,-0.1566061755457681,-0.7896452657397409,0.6330390901939728,32.032793785799186,33.61445242509143,34.42255916788465,60.4634559942042,28.056927689992047,1.0823526230017622,650535.1,20220611.45,33.3,29.7,0.3622357516955832,-0.4514654388241172,0.1058631921824104,0.0287878787878788,33.0,0.6912317470033642,34.14273808592944,31.09750000000004,28.052261914070638,0.9683541843870952,0.1958509903323031,95.4022988505748,84.99941948217808,33.21999999999971,31.735000000000035,15246413.0,13892340.65,-3.3057851239668734,132.98746217034173,60.55220130145985,35.925,38.725,,,,0.0,0.0,0.0,0.0,0.0,0.0,,0.0,0.0,0.3839,0.2376,0.0,21.11,0.07,0,False,0,False,False,True,False,1.0681852524175868,False,True,True,True,False,False,False,False,False,True,False,False,False,False,False,False,True,True,-20.0,-25.0,-1.9145802650957453,25.0,0.3764306227583207,False,False,False,False,False,False,False,-1,False,6,False,False,445.1990199972757,,3,True,3,False,False,False,False,"rsi_strong, breakout_20d, market_above_ma60, adx_trending, obv_uptrend, mfi_strong",,
2026-08-17,24.5,25.0,24.5,24.9,488711,12096255,8215,明基材,,-0.4787603925167971,-0.834372000285947,0.3556116077691499,24.810624629617585,26.031851414083352,25.650891237472603,48.4616942156796,26.944134949136103,1.0703584953905996,627643.35,14896300.7,25.55,22.85,0.267255033300584,-0.5066484805600305,-0.025440313111546,0.0121951219512193,24.6,0.6773384883241953,26.32442552953939,24.040000000000056,21.75557447046072,0.688231130513886,0.1900520407270656,65.95744680851058,73.32196187569146,24.970000000000077,24.62500000000009,21131184.0,19787492.95,-17.0212765957447,52.75282193043067,51.87558457615023,29.85,28.7,,,,0.0,0.0,0.0,0.0,0.0,0.0,,0.0,0.0,0.1138,0.0151,0.0,1.82,0.11,0,False,0,False,False,False,True,0.7786444323834547,False,False,True,False,True,False,False,False,False,True,False,False,False,False,False,False,True,True,0.0,0.0,2.610441767068282,8.0,0.1470556297156749,False,False,False,False,False,False,False,-1,False,6,False,False,467.5511118804226,,3,False,3,False,False,False,False,"ema60_gt_ema120, market_above_ma60, avoid_chase, adx_trending, obv_uptrend, mfi_strong",,
2026-08-17,42.55,42.9,41.9,42.0,179218,7573247,8249,菱光,,-1.131055840944299,-1.4660219664930192,0.3349661255487202,42.89737335831737,46.12641120087626,48.61467067950497,41.71170652652691,22.52313521110699,1.361344584892162,274486.75,11503633.2,44.4,41.3,-0.1185893843631175,-0.5635259141440575,-0.0129259694477085,-0.0011890606420926,42.05,0.8257741821651686,44.61283514988108,42.23499999999986,39.85716485011864,0.4505853044498067,0.1126002201908952,26.92307692307702,42.41900580698408,42.35,42.23999999999978,67728781.0,67789014.7,-34.23423423423423,-1.4696955174284254,56.24651172048464,49.875,52.475,,,,0.0,0.0,0.0,0.0,0.0,0.0,,0.0,0.0,0.4521,0.0045,0.0,1.85,0.33,0,False,0,False,False,False,False,0.6529204050833055,False,False,True,False,True,False,False,False,False,False,False,False,False,False,False,False,True,True,10.0,0.0,5.714285714285711,0.0,-0.0293326819161202,False,False,False,False,False,False,False,-1,False,4,False,False,326.1772118678396,,3,False,3,False,True,False,True,"market_above_ma60, avoid_chase, adx_trending, mfi_strong",,close_below_ema20
2026-08-17,187.0,197.5,180.5,195.5,7579776,1448270199,8261,富鼎,,-14.103101125761953,-16.333283339529295,2.2301822137673426,199.77935733068827,203.72468735575995,178.32509911884586,46.75661436658633,26.2727016581838,19.235024597395352,6919829.15,1285990357.95,254.0,171.0,-1.1665153126156558,0.1806336893854723,0.0921787709497206,0.0567567567567568,185.0,1.8301624525519495,245.56113340789972,193.825,142.08886659210023,0.5161879124865587,0.5338437601743816,78.78787878787878,77.16352716352715,190.1,184.75,201525792.0,183482993.45,-14.893617021276595,-11.770129905350911,68.64648683608823,286.375,246.25,,,,0.0,0.0,0.0,0.0,0.0,0.0,,0.0,0.0,0.1026,-0.0111,0.0,7.86,-1.32,0,False,0,False,False,False,True,1.095370396536452,False,False,True,False,False,True,False,False,True,True,False,False,False,False,False,False,True,True,-10.0,0.0,29.923273657289,0.0,0.992993448222107,False,False,False,False,False,False,False,-1,False,7,False,False,527.8696253440298,,3,False,3,False,True,False,True,"ema60_gt_ema120, market_above_ma60, liquidity_ok, adx_trending, kd_golden_cross, obv_uptrend, mfi_strong",,close_below_ema20
2026-08-17,233.5,233.5,227.5,228.0,3195900,733337269,8271,宇瞻,,8.45919297955217,8.056632610871485,0.4025603686806853,222.1803090352241,210.2358098547081,192.0363027032205,55.30578989046024,27.588918914233705,12.634691744946,8504833.75,1893860063.65,247.0,219.5,0.9144883134269234,-0.0527976198981936,-0.0318471337579617,-0.0214592274678111,233.0,0.992985705611488,249.4700976108119,221.425,193.3799023891881,0.6172219132777275,0.2533146447854749,23.214285714285715,41.07142857142875,231.4,232.6,746632835.0,737091711.8,-43.87755102040816,52.06556404361018,62.78043279712996,202.375,222.5,,,,0.0,0.0,0.0,0.0,0.0,0.0,,0.0,0.0,1.6499,-0.042,0.0,9.99,-2.99,0,False,0,False,False,True,True,0.3757745411543171,False,True,True,False,True,True,False,False,False,True,False,False,False,False,False,False,True,False,10.0,0.0,8.333333333333332,0.0,0.3912580917000939,False,False,True,False,False,False,False,-1,False,9,False,False,638.4528425119443,,3,False,3,False,False,False,False,"ema60_gt_ema120, rsi_strong, market_above_ma60, avoid_chase, liquidity_ok, adx_trending, obv_uptrend, mfi_strong, above_ichimoku_cloud",,
2026-08-17,76.2,76.6,75.8,75.8,109097,8301615,8341,日友,,-0.1709220868049215,-0.2146098318479482,0.0436877450430267,76.26789105505024,76.66432306019148,76.95866502168876,45.70187957922905,10.209640505070322,1.023286491427966,182137.75,13886619.1,77.4,75.3,-0.0247106114204649,-0.0475212606266619,-0.0181347150259068,-0.0013175230566535,75.9,0.7972948932789204,77.47859483086134,76.22500000000018,74.97140516913902,0.33048749502731,0.0328919601406666,30.434782608695624,43.478260869565325,76.32000000000043,76.07000000000008,2549214.0,3152584.95,-64.00000000000034,-26.71660424469324,38.46007377160185,77.45,78.05,,,,0.0,0.0,0.0,0.0,0.0,0.0,,0.0,0.0,0.1755,0.0454,0.0,5.43,-0.01,0,False,0,False,False,False,False,0.5989807165181298,False,False,False,False,True,False,False,False,False,False,False,False,False,False,False,False,False,True,0.0,0.0,2.110817941952518,8.0,-0.5346748036975421,False,False,False,False,False,False,False,-1,False,2,False,False,152.5737095208108,,3,False,3,False,True,False,True,"market_above_ma60, avoid_chase",,close_below_ema20
2026-08-17,67.4,67.5,66.0,67.5,164749,10993240,8438,昶昕,,-3.632427670494863,-5.272591419439712,1.6401637489448486,68.39396043150633,76.18433950193962,74.10921783129913,44.427627166556206,25.687579936963605,3.955090469858816,561459.05,34338997.2,71.1,60.9,0.2716409442463257,-0.6914798653880264,0.0135135135135135,0.0044642857142855,67.2,0.4993172240855711,74.00382526148549,64.21500000000023,54.42617473851497,0.6677933721487912,0.3048765946113905,62.66666666666671,75.68386243386279,67.66000000000022,66.24000000000015,47320522.0,46878769.25,-15.909090909090898,42.86287318778282,46.82811624890796,97.5,93.7,,,,0.0,0.0,0.0,0.0,0.0,0.0,,0.0,0.0,0.4796,0.0707,0.0,5.86,0.08,0,False,0,False,False,False,True,0.2934301263823247,False,False,True,False,True,False,False,False,False,True,False,False,False,False,False,False,False,True,0.0,0.0,5.333333333333325,0.0,0.1168856880765955,False,False,False,False,False,False,False,-1,False,5,False,False,384.3369295207424,,3,False,3,False,True,False,True,"ema60_gt_ema120, market_above_ma60, avoid_chase, adx_trending, obv_uptrend",,close_below_ema20
2026-08-17,26.3,26.5,26.15,26.45,2577106,67856910,8422,可寧衛*,,-0.0718187248389057,-0.2218020426192295,0.1499833177803238,26.34023066346121,27.503254475627333,36.423057634471,50.19198199608699,11.94922883410767,0.7592649545754239,6076315.95,156549280.35,26.9,26.0,0.2097376241309897,-0.1619508560035865,-0.0130597014925373,0.0018939393939394,26.4,0.4579492514300651,27.458775476788787,26.01750000000029,24.576224523211792,0.6500407128841954,0.1107927723100591,48.275862068965495,54.3678160919541,26.57000000000117,26.43500000000058,945357299.0,941150638.1,-23.80952380952382,45.02024291497933,61.01779877784816,28.5125,28.525,,,,0.0,0.0,0.0,0.0,0.0,0.0,,0.0,0.0,0.5987,-0.0585,0.0,5.18,0.06,0,False,0,False,False,False,False,0.4241231070283631,False,False,False,False,True,True,False,False,False,True,False,False,False,False,False,False,True,True,0.0,0.0,1.701323251417767,15.0,0.1490053551783315,False,False,False,False,False,False,False,-1,False,5,False,False,371.0292953324236,,3,False,3,False,False,False,False,"market_above_ma60, avoid_chase, liquidity_ok, obv_uptrend, mfi_strong",,
2026-08-17,45.6,46.05,45.0,45.7,721906,32978975,8473,山林水,,-0.2736447253602776,-0.9545406102625862,0.6808958849023086,43.47322965617148,43.98849380888907,42.58398541301582,58.53108856355955,22.68279214106864,1.6224078416905077,717117.05,30714812.75,45.55,40.3,0.0635845009485484,-0.3340605412748005,0.0803782505910166,0.0121816168327797,45.15,1.6736615887176178,46.28644015595338,42.67499999999991,39.063559844046445,0.9188079920157852,0.1692532000446854,86.95652173913044,84.31844304442832,44.259999999999856,42.88999999999978,50149235.0,48353503.65,-11.11111111111111,120.67031271911355,47.77299683597656,49.525000000000006,45.375,,,,0.0,0.0,0.0,0.0,0.0,0.0,,0.0,0.0,0.4218,0.0929,0.0,4.42,0.26,0,False,0,False,False,True,True,1.0066780590421047,False,True,True,True,False,False,False,False,False,True,False,False,False,False,False,False,False,True,-20.0,-25.0,-0.3282275711159861,25.0,0.2275830529587939,False,False,False,True,False,False,False,-1,False,6,True,False,417.79777722592655,,3,False,3,False,False,False,False,"ema60_gt_ema120, rsi_strong, breakout_20d, market_above_ma60, adx_trending, obv_uptrend",long_upper_shadow,
2026-08-17,20.1,20.15,19.9,20.0,355214,7106672,8476,台境*,,-0.5283233927861524,-0.465589958711797,-0.0627334340743553,20.73271842615882,20.65415593947271,20.035749338023944,42.56614754996604,16.490644223867257,1.0137658598093526,721729.1,15634231.25,24.55,19.2,-0.8038653538403325,0.4616315566226718,-0.0291262135922331,-0.0049751243781095,20.1,0.2601412456714305,23.975354696112262,20.84750000000004,17.71964530388781,0.3645237579204946,0.3000700032245805,21.95121951219508,34.114458791647245,20.039999999999964,20.25,53441720.0,55470752.9,-60.377358490566046,-46.85638649900735,50.84036328172144,21.9625,20.075,,,,0.0,0.0,0.0,0.0,0.0,0.0,,0.0,0.0,-0.9604,-0.9825,0.0,1.39,-0.01,0,False,0,False,False,False,True,0.4921708158920016,False,False,False,False,True,False,False,False,False,False,False,False,False,False,False,False,True,False,10.0,0.0,22.750000000000004,0.0,-0.1591336413654783,False,False,False,False,False,False,False,-1,False,4,False,False,203.01210446253427,,3,False,3,False,True,False,True,"ema60_gt_ema120, market_above_ma60, avoid_chase, mfi_strong",,close_below_ema20
2026-08-17,258.5,263.5,258.5,263.5,12158,3190115,8499,鼎炫-KY,,-5.277204073744599,-8.402528300631925,3.125324226887326,262.3932419374357,275.3484439300842,279.73400818957487,48.55900767782808,19.043640171521044,10.930609310770114,49526.35,12614398.55,269.5,243.0,0.0357311103609007,-0.3974342178836807,0.0019011406844107,0.0057251908396946,262.0,0.5696696370146953,279.56786554940663,256.05,232.5321344505934,0.658390224324332,0.1836974461972788,63.04347826086956,66.72289957314085,263.4,258.95,8427767.0,8313772.5,-18.88888888888889,34.82587064676601,56.060121831210594,306.0,295.0,,,,0.0,0.0,0.0,0.0,0.0,0.0,,0.0,0.0,1.359,0.063,0.0,71.97,0.1,0,False,0,False,False,False,False,0.2454854839898357,False,False,False,False,True,False,False,False,False,True,False,False,False,False,False,False,True,True,0.0,0.0,2.2770398481973437,8.0,0.6559536294684504,False,False,False,False,False,False,False,-1,False,4,False,False,308.3262983935198,,3,False,3,False,False,False,False,"market_above_ma60, avoid_chase, obv_uptrend, mfi_strong",,
2026-08-17,12.5,12.9,12.5,12.85,55477,710704,9912,偉聯,,0.0334588858134559,0.015584729389897,0.0178741564235588,12.665221903716589,12.591483019210589,12.469854069034293,58.47567022753064,11.615280889436448,0.2561615328998333,331430.25,4118339.85,12.9,12.4,0.0490045100882696,0.02758723283802,0.036290322580645,0.00390625,12.8,0.1181092763694375,12.9694779172065,12.652500000000032,12.335522082793563,0.8115358977378291,0.0501051835141617,84.61538461538464,84.61538461538476,12.710000000000036,12.660000000000036,-2881303.0,-1410383.75,-15.384615384615364,76.3606823720551,39.29815051674891,12.475,12.325,,,,0.0,0.0,0.0,0.0,0.0,0.0,,0.0,0.0,0.0432,-0.2298,0.0,20.41,-0.06,0,False,0,False,False,True,True,0.1673866522443259,False,True,False,False,True,False,False,False,False,False,False,False,False,False,False,False,False,True,-20.0,-12.0,0.3891050583657643,25.0,-0.755730123820428,False,False,True,False,False,False,False,-1,False,5,False,False,310.6051050365981,,3,False,3,False,False,False,False,"ema60_gt_ema120, rsi_strong, market_above_ma60, avoid_chase, above_ichimoku_cloud",,
2026-08-17,62.7,63.0,62.3,62.9,60998,3825163,9930,中聯資源,,-0.6484444198041857,-0.8098296480495567,0.161385228245371,63.02227599097678,65.1076179392077,66.96196189605458,43.50259097604201,44.277996274525655,0.7819363293686784,149968.25,9442335.05,64.1,62.2,-0.1148027431681976,-0.2243385890824401,0.0096308186195825,0.0015923566878981,62.8,0.6236744838134081,64.13475204076248,62.925,61.71524795923752,0.489667304059995,0.0384506012161297,94.73684210526308,83.69534948482335,62.54000000000015,62.42000000000007,-7590231.0,-7809461.25,-43.750000000000014,-18.683651804672937,24.66081156648241,65.575,66.75,,,,0.0,0.0,0.0,0.0,0.0,0.0,,0.0,0.0,0.1194,0.1305,0.0,2.02,-0.01,0,False,0,False,False,False,False,0.406739426511945,False,False,True,False,True,False,False,False,False,True,False,False,False,False,False,False,False,True,-20.0,0.0,1.907790143084254,15.0,0.3214452780144151,False,False,False,False,False,False,False,-1,False,4,False,False,337.9247376012924,,5,False,3,False,True,False,True,"market_above_ma60, avoid_chase, adx_trending, obv_uptrend",,close_below_ema20
2026-08-17,25.1,25.25,24.75,24.75,194824,4867477,9955,佳龍,,-0.1883671797886137,-0.4829965722395939,0.2946293924509802,24.33287210532408,25.82996596503985,27.57145845028041,52.4013742270409,25.83278852577013,0.7942584580340146,299629.85,7191902.5,25.1,22.75,0.1976598989779707,-0.3601525444191077,0.0081466395112015,0.0081466395112015,24.55,0.8389885482105484,25.50482196579012,23.87249999999999,22.240178034209865,0.7687888842980962,0.1367533325617451,75.00000000000004,76.41242937853106,24.789999999999782,24.204999999999927,56504054.0,55347650.8,-18.57142857142853,91.12544142484252,59.512143453489855,27.2625,28.475,,,,0.0,0.0,0.0,0.0,0.0,0.0,,0.0,0.0,-0.0562,-0.2041,0.0,3.36,0.09,0,False,0,False,False,False,False,0.6502155910033663,False,False,True,False,True,False,False,False,False,True,False,False,False,False,False,False,True,True,-10.0,0.0,1.41414141414142,15.0,1.0081341708909124,False,False,False,False,True,False,False,-1,False,5,True,False,373.5997659607246,,3,True,3,False,False,False,False,"market_above_ma60, avoid_chase, adx_trending, obv_uptrend, mfi_strong",open_high_close_low,
2026-08-14,156.0,157.0,146.0,146.0,3816193,579430585,8043,蜜望實,,-4.106588157739111,-7.469639273514937,3.363051115775826,143.810052144127,145.69960759148427,128.87325642278603,49.85313704878323,19.23875184617928,12.485633969738071,6854474.75,971766054.6,154.0,126.0,0.2050096714209983,-0.2827958298514535,0.1587301587301588,-0.0519480519480519,154.0,2.0010930637054205,157.15451602049777,137.5,117.84548397950223,0.7162352914499476,0.2858838693890583,56.75675675675676,72.82282282282297,145.9,140.25,671077709.0,663893090.25,-32.98969072164948,104.3997017151379,74.9647877766766,192.25,159.45,102463.60816666656,True,0.036506918197924,119919.0,1.0,0.0,0.0,-40977.0,0.0,0.1222232405322347,0.0,0.0,0.6324,0.2255,0.0,0.0,0.0,0,False,0,False,False,True,True,0.5567447746452053,False,False,False,False,False,True,False,True,False,True,False,False,False,False,False,False,True,True,0.0,0.0,5.47945205479452,0.0,0.1639651736557872,False,False,False,False,False,False,False,-1,False,6,False,False,557.5350298303215,38.7,5,False,3,False,False,False,False,"ema60_gt_ema120, market_above_ma60, liquidity_ok, stronger_than_market, obv_uptrend, mfi_strong",,
2026-08-14,26.3,26.65,26.15,26.45,198263,5220376,8044,網家,,-0.1792361481715971,-0.2447779012355248,0.0655417530639277,26.863146723809447,27.11517898117817,27.30925335957611,45.34874083524211,13.22190650645839,0.9603241968701192,389705.95,10417959.1,28.0,25.6,0.0833514103842048,-0.2407540635840197,-0.0553571428571428,0.0018939393939394,26.4,0.7080419962550182,27.888038460939484,26.640000000000008,25.39196153906053,0.4238805509819851,0.0936965811516123,14.285714285714231,25.274725274724915,26.83000000000011,26.930000000000017,4431624.0,4198945.4,-59.2592592592593,-36.077057793345055,55.36907372731431,29.375,28.025,102463.60816666656,True,0.036506918197924,-9930.0,0.0,0.0,0.0,-12079.0,0.0,-0.0918640610550669,0.0,0.0,0.0303,-0.1292,0.0,0.0,0.0,0,False,0,False,False,False,False,0.5087502513112772,False,False,False,False,True,False,False,False,False,True,False,False,False,False,False,False,True,False,20.0,0.0,5.860113421550097,0.0,0.0417311501704175,False,False,False,False,False,False,False,-1,False,4,False,False,280.58827631515777,5.4,3,False,3,False,True,False,True,"market_above_ma60, avoid_chase, obv_uptrend, mfi_strong",,close_below_ema20
2026-08-14,45.6,45.6,42.0,45.1,20124,870855,8047,星雲,,0.1884814620714365,-0.1092116916531204,0.297693153724557,45.14557608273756,46.20340894236964,46.38233237583815,49.61906992893739,11.803200533220714,2.0967093218841453,21402.1,945433.85,48.75,44.0,0.5205675157180542,-0.1261249151828333,-0.0701030927835051,-0.0131291028446389,45.7,0.8720745801552017,48.02695663063154,44.3925000000002,40.758043369368856,0.5973322936414989,0.1637419217494543,43.35664335664338,48.01864801864758,46.22000000000007,45.62000000000025,5438059.0,5395616.2,-56.64335664335661,8.241758241757772,54.01697850918093,47.62500000000001,29.3,102463.60816666656,True,0.036506918197924,0.0,0.0,0.0,0.0,0.0,0.0,-0.1066100109814291,0.0,0.0,1.9365,-0.0914,0.0,0.0,0.0,0,False,0,False,False,False,False,0.9402815611552138,False,False,False,False,True,False,False,False,False,True,False,False,False,False,False,False,True,True,0.0,0.0,8.093126385809308,0.0,0.0264356675794071,False,False,False,False,False,False,False,-1,False,4,False,False,299.720043622505,7.0,3,False,3,False,True,False,True,"market_above_ma60, avoid_chase, obv_uptrend, mfi_strong",,close_below_ema20
2026-08-14,53.3,53.3,51.5,51.5,82270,4266257,8048,德勝,,-1.772331588010502,-2.119977559745802,0.3476459717353002,53.48027610364244,57.18379395844265,57.78509243947444,39.918424669398185,19.36114633173072,2.358872898862141,212433.25,11149887.65,57.0,50.4,-0.1834318167709984,-0.4383556083665162,-0.0134099616858237,-0.0171755725190839,52.4,0.2791576371398853,56.897963331677765,52.479999999999926,48.06203666832209,0.3890891654789103,0.1683675050182105,3.773584905660428,25.62557328144188,52.119999999999706,52.639999999999965,52213276.0,52074432.9,-50.0,-18.812930577636017,51.21106769646478,62.875,63.3,102463.60816666656,True,0.036506918197924,-5000.0,0.0,0.0,0.0,-1669.0,0.0,-0.0499168798837478,0.0,0.0,0.4578,-0.0169,0.0,0.0,0.0,0,False,0,False,False,False,False,0.3872745909597485,False,False,False,False,True,False,False,False,False,True,False,False,False,False,False,False,True,False,20.0,0.0,10.679611650485436,0.0,0.1345113188216393,False,False,False,False,False,False,False,-1,False,4,False,False,300.48688173545713,6.9,3,False,3,False,True,False,True,"market_above_ma60, avoid_chase, obv_uptrend, mfi_strong",,close_below_ema20
2026-08-14,59.0,59.2,57.1,58.0,2825190,163705187,8050,廣積,,0.8627899594734956,1.3313467110514696,-0.468556751577974,60.35432659277146,56.915805503672026,53.270933675120105,47.07038421401571,19.132162537912865,3.9210759354437306,6002227.45,372307350.55,69.0,54.6,0.2320443411355293,0.1651547615341853,-0.1594202898550725,-0.0102389078498293,58.6,0.5206729986248779,68.03871111147102,60.46499999999996,52.891288888528905,0.3372660401407112,0.2505155416016227,7.317073170731693,26.24717371434114,61.07999999999993,61.93999999999996,-11584973.0,8206246.5,-67.45562130177515,-54.20254202542007,48.17419247415336,55.725,53.625,102463.60816666656,True,0.036506918197924,-86245.0,0.0,0.0,0.0,-2340.0,0.0,-0.1959272080529965,0.0,0.0,0.1218,-0.4608,0.0,0.0,0.0,0,False,0,False,False,True,True,0.4706902601633332,False,False,False,False,True,True,False,False,False,False,False,False,False,False,False,False,False,False,20.0,0.0,18.96551724137931,0.0,-2.0,False,False,True,False,False,False,False,-1,False,5,False,False,330.7069026016333,10.1,3,False,3,False,True,False,True,"ema60_gt_ema120, market_above_ma60, avoid_chase, liquidity_ok, above_ichimoku_cloud",,close_below_ema20
2026-08-14,26.5,26.55,26.2,26.45,490269,12932776,8049,晶采,,0.0094392487493522,-0.0971306469821932,0.1065698957315454,26.271301534121143,26.34897000681593,26.25422931561382,53.026896282988325,12.409604151671244,0.4157668978589256,163653.65,4264957.0,26.6,25.8,0.1775386375799477,-0.0801805951671806,0.0018939393939394,0.0018939393939394,26.4,2.0209665543528645,26.917528248143235,26.03249999999993,25.147471751856635,0.7358681775841265,0.0679941033817959,61.11111111111104,65.27777777777737,26.51000000000004,26.360000000000035,637950.0,196231.0,-16.666666666666725,70.88076208928807,40.05113359373934,27.575,27.225,102463.60816666656,True,0.036506918197924,-153464.0,0.0,0.0,0.0,26.0,1.0,-0.0346129788039846,0.0,0.0,0.0106,-0.0508,0.0,0.0,0.0,0,False,0,False,False,True,True,2.995771863322328,True,False,False,False,True,False,False,False,False,True,False,False,False,False,False,False,False,True,0.0,0.0,0.5671077504725979,25.0,0.4701909230102645,False,False,False,False,False,False,False,-1,False,5,False,False,380.60000970934647,44.6,3,False,3,False,False,False,False,"ema60_gt_ema120, volume_break, market_above_ma60, avoid_chase, obv_uptrend",,
2026-08-14,85.0,85.9,82.4,82.6,961319,80366237,8054,安國,,-4.304173902079711,-5.195424655491905,0.8912507534121943,86.79488684439154,95.98632423716404,102.36166162168894,39.25544703826469,20.731688139134526,4.764462226252601,1214921.05,105931439.8,96.5,79.4,-0.6150083330495616,-0.5362760171271806,-0.002415458937198,-0.0259433962264151,84.8,0.9206223409770636,97.00047302201511,85.50499999999992,74.00952697798472,0.3736459128547165,0.2688842295074022,45.55555555555549,62.4400871459693,84.35999999999986,83.17000000000007,184308939.0,185533662.1,-53.50318471337582,-34.39922480620165,48.74334377212835,115.275,115.35,102463.60816666656,True,0.036506918197924,-183000.0,0.0,0.0,0.0,-7626.0,0.0,-0.0389223771351221,0.0,0.0,0.9788,1.4219,0.0,0.0,0.0,0,False,0,False,False,False,False,0.7912604691473574,False,False,True,False,True,True,False,False,False,False,False,False,False,False,False,False,False,True,0.0,0.0,16.828087167070226,0.0,-0.1386130877681766,False,False,False,False,False,False,False,-1,False,4,False,False,296.24924763825544,10.3,3,False,3,False,True,False,True,"market_above_ma60, avoid_chase, liquidity_ok, adx_trending",,close_below_ema20
2026-08-14,14.3,14.95,13.9,14.1,530827,7506191,8059,凱碩,,-0.4972066149948375,-0.5208394523859425,0.023632837391105,15.1630566845602,16.528637139403852,18.020859217937677,33.86949840087618,22.933052496232765,0.6565200935720853,157820.0,2360637.35,15.9,14.5,-0.3313655792385943,-0.55683920680112,-0.0662251655629139,-0.0408163265306121,14.7,0.732759882187983,16.129753452069682,15.052500000000055,13.975246547930428,0.0579034821517137,0.1431328287088022,9.75609756097558,24.20441347270632,14.78000000000011,14.955000000000018,-18712571.0,-17693018.3,-90.24390243902442,-128.40466926070056,29.791208288063885,17.712500000000002,19.575,102463.60816666656,True,0.036506918197924,-10000.0,0.0,0.0,0.0,-3170.0,0.0,-0.1027320837608379,0.0,0.0,0.1819,-0.3488,0.0,0.0,0.0,0,False,0,False,False,False,False,3.3634963882904576,True,False,True,False,True,False,False,False,False,False,False,False,False,False,False,False,False,False,20.0,25.0,12.765957446808516,0.0,-0.5200782274260839,False,False,False,True,False,False,False,-1,False,4,True,False,297.3940251537916,47.0,3,False,3,False,True,True,True,"volume_break, market_above_ma60, avoid_chase, adx_trending",long_upper_shadow,"close_below_ema20, close_below_swing_low"
2026-08-14,12.8,13.05,12.4,12.5,16165,205141,8067,志旭,,0.0009550422723503,0.0556452241333282,-0.0546901818609779,13.198454172420613,12.934594599236014,12.695583613604477,43.29824227392135,8.712179346148865,0.8317792035568491,16747.9,225093.05,14.1,13.1,-0.0424512656534073,-0.029602645492733,-0.0636704119850186,-0.0494296577946767,13.15,1.6772656237911774,14.032155499271852,13.224999999999977,12.4178445007281,0.0508919900477727,0.122065103859641,3.999999999999986,25.407407407407543,13.159999999999943,13.314999999999964,625480.0,603115.9,-80.00000000000001,-141.37410343525892,65.13061608866226,13.425,7.475,102463.60816666656,True,0.036506918197924,0.0,0.0,0.0,0.0,0.0,0.0,-0.1001773301829427,0.0,0.0,-0.0475,-0.2539,0.0,0.0,0.0,0,False,0,False,False,False,True,0.9651956364678556,False,False,False,False,True,False,False,False,False,True,False,False,False,False,False,False,True,False,20.0,25.0,12.799999999999995,0.0,0.7391864215644638,False,False,False,False,False,False,False,-1,False,5,False,False,358.5221934234521,10.0,3,False,3,True,True,True,True,"ema60_gt_ema120, market_above_ma60, avoid_chase, obv_uptrend, mfi_strong",,"macd_death_cross, close_below_ema20, close_below_swing_low"
2026-08-14,105.5,105.5,102.0,102.5,1786982,184238735,8064,東捷,,-5.8138966335061895,-7.704830823168431,1.8909341896622407,106.53301378160486,114.4879533130304,104.40776306260676,43.36345889539158,20.452959973158816,7.832133729847921,3179678.5,323832911.75,116.0,91.9,-0.1834822188843679,-0.841567437414519,-0.0048543689320388,-0.0284360189573459,105.5,0.8499806447753873,117.50271962878833,102.14999999999982,86.79728037121133,0.5113986319187345,0.3005916716356048,44.444444444444464,66.58025361226707,103.4,103.10999999999986,146412524.0,147191297.5,-28.07017543859649,10.214667624291812,48.96001967068074,147.875,133.25,102463.60816666656,True,0.036506918197924,190224.0,1.0,0.0,0.0,-32481.0,0.0,-0.0413612871299629,0.0,0.0,-0.4068,-0.3007,0.0,0.0,0.0,0,False,0,False,False,False,True,0.5620008437960001,False,False,True,False,True,True,False,False,False,False,False,False,False,False,False,False,False,True,0.0,0.0,13.170731707317074,0.0,-0.0237353556638637,False,False,False,False,False,False,False,-1,False,5,False,False,285.3351841699936,12.8,3,False,3,False,True,False,True,"ema60_gt_ema120, market_above_ma60, avoid_chase, liquidity_ok, adx_trending",,close_below_ema20
2026-08-14,17.65,17.65,17.4,17.6,86979,1523263,8068,全達,,-0.2579098674286335,-0.3202231063068435,0.0623132388782099,17.984632893969614,18.96989080253896,19.94879657333653,44.308067352661794,12.856340401747898,0.7148505334195804,200362.95,3584090.65,19.1,17.2,-0.1983423804812124,-0.2392785969901374,-0.0167597765363126,-0.0028328611898015,17.65,0.992243819533934,19.291402170473404,17.9,16.508597829526593,0.3921950797669353,0.155463929661833,17.241379310344836,34.76829045794511,17.95,17.875,9029058.0,9275412.2,-38.7096774193548,-48.56912535267999,50.64942963175137,19.25,21.825,102463.60816666656,True,0.036506918197924,-10000.0,0.0,0.0,0.0,0.0,0.0,-0.0532666947342367,0.0,0.0,1.1641,-0.2582,0.0,0.0,0.0,0,False,0,False,False,False,False,0.4341072039516288,False,False,False,False,True,False,False,False,False,False,False,False,False,False,False,False,True,True,20.0,0.0,8.522727272727272,0.0,-0.2651407969180618,False,False,False,False,False,False,False,-1,False,3,False,False,236.1593824764996,6.1,3,False,3,False,True,False,True,"market_above_ma60, avoid_chase, mfi_strong",,close_below_ema20
2026-08-14,160.5,168.5,158.5,165.5,19726289,3217020473,8069,元太,,-6.430766116724215,-4.323931634129129,-2.1068344825950858,182.52670885246516,188.59499984782607,188.08705363818024,36.43826042775427,13.280023726324105,11.969215060013582,10660674.9,1946891393.5,197.5,165.0,-0.4724374025997411,-0.4266672841509119,-0.1556122448979592,-0.0321637426900585,171.0,1.27403417879329,205.6119575940056,183.575,161.53804240599436,0.0898934795582523,0.2400866958355509,14.0,16.35051546391757,168.8,181.8,21038141.0,30446833.85,-86.0,-132.6051710896835,51.144330446632246,210.875,193.0,102463.60816666656,True,0.036506918197924,-2556425.0,0.0,-19539.0,0.0,-608497.0,0.0,-0.1921191630958832,0.0,0.0,-0.2618,-0.2882,0.0,0.0,0.0,0,False,0,False,False,False,True,1.8503790036782757,True,False,False,False,True,True,False,False,False,False,False,False,False,False,False,False,True,False,20.0,25.0,19.335347432024168,0.0,-0.4562651775362641,False,False,False,False,False,False,False,-1,False,6,False,False,368.0286079063476,27.9,3,False,3,False,True,False,True,"ema60_gt_ema120, volume_break, market_above_ma60, avoid_chase, liquidity_ok, mfi_strong",,close_below_ema20
2026-08-14,25.15,25.15,24.1,24.4,874016,21324908,8071,能率網通,,-0.4283630161979204,-0.8424805664853567,0.4141175502874363,24.0376057290638,23.91777853729947,22.24568499707885,50.54491832002903,18.65049011492546,1.57127981200629,1150123.9,26816604.0,25.55,20.95,0.2127098694859034,0.1092209469828228,0.0539956803455723,-0.0298210735586481,25.15,2.2101101874155726,26.206671529616788,23.06500000000001,19.92332847038323,0.7124665146268224,0.272418949023783,62.79069767441858,82.44538407329067,24.289999999999964,23.629999999999928,92242235.0,94050270.45,-23.529411764705905,77.23275532465198,63.04299040077195,29.35,25.175,102463.60816666656,True,0.036506918197924,-119000.0,0.0,0.0,0.0,-698.0,0.0,0.0174887621476482,0.0,0.0,0.3915,0.0867,0.0,0.0,0.0,0,False,0,False,False,True,True,0.7599320386264472,False,False,False,False,False,False,False,True,False,False,False,False,False,False,False,False,True,True,0.0,0.0,4.7131147540983696,0.0,-0.1736000894356159,False,False,False,False,False,False,False,-1,False,4,False,False,335.5161193130371,19.8,3,False,3,False,False,False,False,"ema60_gt_ema120, market_above_ma60, stronger_than_market, mfi_strong",,
2026-08-14,57.6,57.9,55.1,56.7,687912,39088108,8074,鉅橡,,-1.6830144139293497,-2.900844865707148,1.2178304517777985,55.97207268135541,61.68328507862575,61.81173205077927,48.98082873243072,25.772943658157093,3.483341943151286,814876.15,44253852.55,58.1,49.5,0.1937750511363522,-0.7814514962221557,0.0617977528089888,0.0035398230088496,56.5,0.5414568694323157,60.93660265471333,53.88500000000003,46.833397345286734,0.6996000156161961,0.2617278520817777,60.00000000000002,67.33370463803233,56.54000000000015,55.12999999999992,223150956.0,220676403.4,-23.97476340694004,60.30501610860082,47.28445579333169,69.275,79.35,102463.60816666656,True,0.036506918197924,124538.0,3.0,0.0,0.0,10219.0,1.0,0.0252908346110647,0.0,0.0,0.2802,-0.0313,0.0,0.0,0.0,0,False,0,False,False,False,False,0.8441920898040763,False,False,True,False,False,False,True,True,False,True,False,False,False,False,False,False,False,True,0.0,0.0,2.469135802469133,8.0,0.4352604931388214,True,False,False,False,False,False,False,-1,False,5,False,False,531.6650468157065,20.5,3,False,3,False,False,False,False,"market_above_ma60, foreign_buy_3d, adx_trending, stronger_than_market, obv_uptrend",,
2026-08-14,23.7,23.7,23.2,23.6,367969,8614327,8076,伍豐,,-0.2344945773367577,-0.405661431975939,0.1711668546391813,23.52124184886093,24.07838145398345,24.19144923235937,49.0688567785011,10.878893558710809,0.7010239449777651,647786.75,14955320.75,24.15,22.35,0.0403552300749173,-0.2013367796263586,0.0194384449244062,-0.0042194092827003,23.7,0.6225815134394843,24.368733071385027,23.214999999999964,22.061266928614906,0.6668496854033328,0.0993954832121528,63.15789473684218,70.32799389778727,23.639999999999965,23.329999999999927,19357447.0,18607090.2,-26.415094339622595,41.63845633039912,44.13956135484332,26.2875,25.975,102463.60816666656,True,0.036506918197924,-100072.0,0.0,0.0,0.0,-6998.0,0.0,-0.0170684732735177,0.0,0.0,0.9393,0.6263,0.0,0.0,0.0,0,False,0,False,False,False,False,0.5680403311738006,False,False,False,False,True,False,False,False,False,True,False,False,False,False,False,False,False,True,0.0,0.0,2.330508474576259,8.0,0.1291715720648829,False,False,False,False,False,False,False,-1,False,3,False,False,235.23046217651665,9.4,3,False,3,False,False,False,False,"market_above_ma60, avoid_chase, obv_uptrend",,
2026-08-14,28.05,28.2,28.05,28.05,13307,373695,8080,永利聯合,,0.0529591680382104,0.0259607929484528,0.0269983750897576,27.92267837314301,28.076803229177138,28.489895985764385,51.19058625668695,47.03556817540731,0.9448456370736358,27020.15,759838.5,29.5,27.25,0.0579121918350087,-0.0095907358532282,0.02,-0.0157894736842104,28.5,1.7215850771993544,29.3114485151427,27.930000000000064,26.548551484857427,0.543432671824019,0.0989221994373529,33.870967741935495,36.02150537634407,28.00000000000018,27.97500000000009,976923.0,959974.05,-66.1290322580645,14.84540136656293,52.700352666534776,28.275,28.575000000000003,102463.60816666656,True,0.036506918197924,0.0,0.0,0.0,0.0,1.0,2.0,-0.016506918197924,0.0,0.0,-0.6658,-0.3543,0.0,0.0,0.0,0,False,0,False,False,False,False,0.4924843126333495,False,False,True,False,True,False,False,False,False,True,False,False,False,False,False,False,True,True,0.0,0.0,5.169340463458108,0.0,0.1818784972063115,False,False,False,False,False,False,False,-1,False,5,False,False,342.10738509280924,10.1,8,False,3,False,False,False,False,"market_above_ma60, avoid_chase, adx_trending, obv_uptrend, mfi_strong",,
2026-08-14,11.45,11.5,11.25,11.25,108146,1224625,8085,福華,,-0.1444211597564511,-0.1855170393368488,0.0410958795803977,11.425452363239891,12.08517679616673,13.280231479513075,45.13709687083573,10.448608925076428,0.4510122353082574,325953.75,3709119.8,12.45,11.1,-0.0466542899585854,-0.2261361159978581,-0.004424778761062,-0.0131578947368421,11.4,0.3844040543393264,11.981882341624082,11.370000000000072,10.758117658376062,0.4019419324297075,0.1076310187553221,50.0,69.04761904761897,11.370000000000072,11.329999999999927,-12030804.0,-11224240.8,-74.07407407407409,-15.87301587301597,26.40749436570293,13.2875,14.2,102463.60816666656,True,0.036506918197924,-7000.0,0.0,0.0,0.0,-231.0,0.0,-0.0409316969589861,0.0,0.0,0.0382,0.1358,0.0,0.0,0.0,0,False,0,False,False,False,False,0.3317832667978202,False,False,False,False,True,False,False,False,False,False,False,False,False,False,False,False,False,True,0.0,0.0,10.66666666666666,0.0,-0.2504771354773011,False,False,False,False,False,False,False,-1,False,2,False,False,125.31210704225062,7.4,3,False,3,False,True,False,True,"market_above_ma60, avoid_chase",,close_below_ema20
2026-08-14,118.0,118.5,113.5,114.0,2047121,235710580,8086,宏捷科,,-4.74974281285003,-5.957079331368496,1.2073365185184652,119.69382958745295,130.97953367166542,132.11532677542792,42.46936877894127,26.779313539892183,7.396943858769989,2921670.9,340955373.5,124.0,110.0,-0.035465264978689,-0.7640108701137723,0.0224215246636771,-0.0256410256410256,117.0,0.8241124297605525,128.00825690852233,116.65,105.2917430914777,0.3833447763445257,0.194740795688338,13.88888888888889,34.183893195520795,116.9,118.15,335092744.0,339770368.4,-53.44827586206897,-27.64976958525387,41.46220949627308,149.375,156.75,102463.60816666656,True,0.036506918197924,-491485.0,0.0,0.0,0.0,-9991.0,0.0,-0.0140853935342468,0.0,0.0,0.1839,0.0266,0.0,0.0,0.0,0,False,0,False,False,False,False,0.7006678952102374,False,False,True,False,True,True,False,False,False,False,False,False,False,False,False,False,False,False,20.0,0.0,8.771929824561402,0.0,-0.4329609705851232,False,False,False,False,False,False,False,-1,False,4,False,False,311.81114730508085,15.1,3,False,3,False,True,False,True,"market_above_ma60, avoid_chase, liquidity_ok, adx_trending",,close_below_ema20
2026-08-14,53.7,53.8,50.0,52.0,601625,30904180,8084,巨虹,,1.432858910595499,0.0820485273700213,1.3508103832254776,46.979652934746426,46.595558834364965,47.16148944600646,65.06996916863974,25.123593594381926,2.8230017143343265,328581.85,15794058.3,54.3,41.5,0.8970680739443935,-0.0584038570595394,0.1711711711711712,0.0,52.0,1.639432214271615,53.49866786426256,45.19499999999998,36.8913321357374,0.9097586820209572,0.3674595802306707,73.82550335570471,78.97091722595117,51.81999999999971,47.07999999999993,1050604.0,-418058.95,-24.683544303797465,134.92764225591355,67.765346939866,49.15,47.15,102463.60816666656,True,0.036506918197924,-233000.0,0.0,0.0,0.0,-1460.0,0.0,0.1346642529732471,0.0,0.0,0.7808,0.8886,0.0,0.0,0.0,0,False,0,False,False,True,False,1.8309745349598587,True,True,True,False,False,False,False,True,False,True,False,False,False,False,False,False,True,True,-10.0,-25.0,4.423076923076918,0.0,2.0,False,False,True,False,True,True,False,-1,False,8,True,False,737.3097453495986,52.5,8,True,3,False,False,False,False,"volume_break, rsi_strong, market_above_ma60, adx_trending, stronger_than_market, obv_uptrend, mfi_strong, above_ichimoku_cloud","open_high_close_low, gap_chase_after_blowout",
2026-08-14,27.2,27.2,26.55,26.55,36687,980460,8087,華鎂鑫,,-0.0395778740820169,-1.01040646759994,0.970828593517923,26.215889283757527,28.691311679619805,30.700613801106616,49.98762399324638,14.102181029783363,4.682661698575777,19794.6,540628.45,29.5,0.0,,,-0.0999999999999999,-0.0238970588235293,27.2,6.772570639678745,44.28495480064075,24.027499999999964,3.7700451993591777,0.5622610299473615,1.6861891416619137,10.227272727272714,64.82985593641327,28.33000000000029,25.78500000000004,439772.0,610129.55,-12.950819672131146,25.677537364405698,19.507683344195044,33.9375,35.15,102463.60816666656,True,0.036506918197924,-1000.0,0.0,0.0,0.0,511.0,1.0,-0.136506918197924,0.0,0.0,1.3345,0.3795,0.0,0.0,0.0,0,False,0,False,False,False,False,1.853384256312328,True,False,False,False,True,False,False,False,False,False,False,False,False,False,False,False,False,True,20.0,0.0,11.111111111111107,0.0,-0.6721541422827679,False,False,False,False,False,False,False,-1,False,3,False,False,235.46799285573005,43.5,3,False,3,False,False,False,False,"volume_break, market_above_ma60, avoid_chase",,
2026-08-14,49.65,50.6,48.1,48.25,1286456,63495123,8088,品安,,-1.367854605673941,-2.2916472952149154,0.9237926895409748,48.48027247345936,52.29772480472669,52.64002033098026,46.690282562181565,19.49616836443329,2.77971786537335,1255369.8,60342294.3,49.2,43.8,0.393158182780659,-0.6475007380850705,0.0244161358811039,-0.0153061224489795,49.0,0.8445330712480249,51.4254768592845,46.47749999999997,41.52952314071543,0.6791136105127555,0.2129192344375038,46.45161290322582,58.74628231525943,48.83000000000029,47.96000000000004,491077185.0,487291313.8,-32.93650793650792,74.5294720379656,68.14306296647119,62.675,61.25,102463.60816666656,True,0.036506918197924,-163000.0,0.0,0.0,0.0,1268.0,1.0,-0.0120907823168201,0.0,0.0,0.4486,0.7505,0.0,0.0,0.0,0,False,0,False,False,False,False,1.0247625839015722,False,False,False,False,True,True,False,False,False,True,False,False,False,False,False,False,True,True,0.0,0.0,1.968911917098452,15.0,0.2017915303730039,False,False,False,False,False,False,False,-1,False,5,False,False,377.6691242034918,14.8,3,False,3,False,True,False,True,"market_above_ma60, avoid_chase, liquidity_ok, obv_uptrend, mfi_strong",,close_below_ema20
2026-08-14,18.05,18.05,17.75,17.9,98118,1756844,8089,康全電訊,,-0.4432893449465283,-0.4501855503618566,0.0068962054153283,18.586617416357782,19.73697881726551,21.86622344453704,40.44023374878545,11.914984392265048,0.685731234873296,157487.65,2904494.55,20.2,17.85,-0.2755177620285969,-0.2529568782140253,-0.0137741046831956,-0.0083102493074793,18.05,0.5636305896771097,19.59382009803181,18.534999999999947,17.476179901968084,0.2001379171115622,0.1142508872977464,30.434782608695503,48.24879227053104,18.159999999999677,18.184999999999853,-10652762.0,-10748938.6,-75.40983606557377,-124.34417628541496,38.154354411860815,20.8125,21.05,102463.60816666656,True,0.036506918197924,-1000.0,0.0,0.0,0.0,0.0,0.0,-0.0502810228811196,0.0,0.0,-0.4771,0.0118,0.0,0.0,0.0,0,False,0,False,False,False,False,0.623020281272849,False,False,False,False,True,False,False,False,False,True,False,False,False,False,False,False,False,False,0.0,0.0,12.84916201117319,0.0,0.134377406679615,False,False,False,False,False,False,False,-1,False,3,False,False,142.8427316928839,5.7,3,False,3,False,True,False,True,"market_above_ma60, avoid_chase, obv_uptrend",,close_below_ema20
2026-08-14,235.0,235.5,228.5,230.0,356643,82435043,8091,翔名,,-6.341717028637618,-8.341198227007425,1.999481198369807,235.17833309884855,237.21506070097516,215.385093845338,45.95755485207704,13.095696528484362,14.381085740507784,701120.45,162915960.85,268.0,210.5,-0.2043525390145625,-0.2389397779004451,0.0222222222222221,-0.0128755364806867,233.0,0.785862916536078,259.76075967267246,229.55,199.33924032732756,0.5074476776631184,0.2632172482916355,45.90163934426229,58.89029003783071,234.9,229.95,38219184.0,38390174.3,-28.695652173913043,3.80219427838489,50.18668127989474,266.0,236.5,102463.60816666656,True,0.036506918197924,-26330.0,0.0,0.0,0.0,-7735.0,0.0,-0.0142846959757019,0.0,0.0,0.8483,0.0514,0.0,0.0,0.0,0,False,0,False,False,False,True,0.5086757917273701,False,False,False,False,True,True,False,False,False,False,False,False,False,False,False,False,True,True,0.0,0.0,16.52173913043478,0.0,-0.0407148230010148,False,False,False,False,False,False,False,-1,False,5,False,False,339.5981800412615,14.7,3,False,3,False,True,False,True,"ema60_gt_ema120, market_above_ma60, avoid_chase, liquidity_ok, mfi_strong",,close_below_ema20
2026-08-14,12.9,12.9,12.5,12.5,49008,615450,8092,建暐,,-0.357839675620264,-0.3273578352741287,-0.0304818403461352,13.282812663049524,14.08032040434805,14.541713366314111,33.750270929484415,19.022868251946207,0.5226097700894599,54896.75,719623.75,14.0,12.8,-0.3906772169710686,-0.5349911629520234,-0.0494296577946767,-0.0272373540856031,12.85,0.8388020097005024,14.151930943817565,13.31750000000002,12.483069056182472,0.0101452037121658,0.1253134512960458,0.0,9.508881922674846,12.850000000000184,13.105000000000018,-235093.0,43414.55,-76.19047619047619,-136.3992683564154,25.68911555956608,14.725,17.025,102463.60816666656,True,0.036506918197924,2000.0,1.0,0.0,0.0,-6.0,0.0,-0.0859365759926008,0.0,0.0,-0.3825,0.3156,0.0,0.0,0.0,0,False,0,False,False,False,False,0.892730443969816,False,False,False,False,True,False,False,False,False,False,False,False,False,False,False,False,False,False,20.0,25.0,12.0,0.0,-0.5741483442576942,False,False,False,False,False,False,False,-1,False,2,False,False,107.03752430860582,6.3,3,False,3,False,True,True,True,"market_above_ma60, avoid_chase",,"close_below_ema20, close_below_swing_low"
2026-08-14,24.0,26.5,24.0,25.4,141495,3641512,8093,保銳,,1.4896491848659927,0.7644192279458543,0.7252299569201385,20.554911263458024,19.220577543004467,18.656380369324683,57.67911758249279,12.46383324875744,3.0880030446041435,34775.3,775999.2,24.1,20.15,,,0.2095238095238094,0.0539419087136927,24.1,4.692343298041301,31.93124128521702,18.932499999999983,5.933758714782945,0.7487740873554908,1.3731669124750612,83.07692307692307,82.33711643547758,23.2,22.0,-470779.0,-878149.05,-13.253012048192788,113.10840102467546,89.1211214124407,15.2,10.575,102463.60816666656,True,0.036506918197924,0.0,0.0,0.0,0.0,0.0,0.0,0.1730168913258853,0.0,0.0,1.0444,0.0776,0.0,0.0,0.0,0,False,0,False,False,True,True,4.068836214209511,True,True,False,True,False,False,False,True,False,True,False,False,False,True,False,True,True,True,-20.0,0.0,-5.118110236220462,25.0,2.0,False,False,True,False,False,False,False,-1,False,11,False,False,934.6883621420952,88.2,5,False,3,False,False,False,False,"ema60_gt_ema120, volume_break, rsi_strong, breakout_20d, market_above_ma60, stronger_than_market, obv_uptrend, breakout_volume_confirm, cci_momentum, mfi_strong, above_ichimoku_cloud",,
2026-08-14,127.0,127.5,114.5,116.5,8271638,990398591,8096,擎亞,,-4.766638410666786,-4.631030767763576,-0.13560764290321,127.97760581489744,127.97086476237442,113.6154253301558,41.08816169940731,20.515067739099813,10.147841241831337,4605276.95,574067128.65,140.5,112.5,-0.5590481821739087,-0.0200290545827378,-0.1140684410646387,-0.0717131474103586,125.5,1.3482936098521363,148.06211600005946,126.7,105.33788399994054,0.2612596055565934,0.3372078295194863,10.909090909090908,34.67084639498413,122.4,125.0,372818414.0,379593859.25,-63.63636363636363,-62.23508735655952,60.1977280802429,151.25,129.8,102463.60816666656,True,0.036506918197924,1268853.0,1.0,0.0,0.0,-88157.0,0.0,-0.1505753592625628,0.0,0.0,5.2378,0.1592,0.0,0.0,0.0,0,False,0,False,False,False,True,1.7961217294434375,True,False,True,False,True,True,False,False,False,False,False,False,False,False,False,False,True,False,20.0,0.0,20.600858369098717,0.0,-0.2406555769660092,False,False,False,False,False,False,False,-1,False,7,False,False,500.0733503708423,29.0,3,False,3,True,True,False,True,"ema60_gt_ema120, volume_break, market_above_ma60, avoid_chase, liquidity_ok, adx_trending, mfi_strong",,"macd_death_cross, close_below_ema20"
2026-08-14,50.8,51.0,50.3,50.6,77098,3906055,8097,常珵,,-1.2007159900887814,-1.2592292503284104,0.0585132602396289,52.2768890757681,54.39542390334205,55.81935941863352,34.26079431718159,15.80121195567908,1.4533167161243894,93223.65,4839981.45,54.4,51.0,-0.1206317646421283,-0.2903456440170275,-0.0231660231660231,-0.0078431372549019,51.0,0.8203066927291248,53.41591512697097,51.789999999999694,50.164084873028415,0.1340522391791754,0.062788767212639,14.545454545454623,19.393939393939338,50.99999999999928,51.71999999999971,-905375.0,-497904.55,-85.45454545454537,-115.91418507844976,34.46131448717391,57.925,56.75,102463.60816666656,True,0.036506918197924,-2000.0,0.0,0.0,0.0,-1000.0,0.0,-0.0596729413639471,0.0,0.0,4.0444,-0.1578,0.0,0.0,0.0,0,False,0,False,False,False,False,0.8270218984131174,False,False,False,False,True,False,False,False,False,False,False,False,False,False,False,False,False,False,20.0,12.0,7.509881422924895,0.0,-0.9313841345928258,False,False,False,False,False,False,False,-1,False,2,False,False,159.0936093690173,4.3,3,False,3,False,True,True,True,"market_above_ma60, avoid_chase",,"close_below_ema20, close_below_swing_low"
2026-08-14,69.3,71.7,68.6,71.4,83208,5901415,8102,傑霖科技,,-0.3598044684366783,-1.300006931710618,0.9402024632739396,67.43815462425925,67.59443008088505,66.44451277326549,52.18360404639738,11.396784206582003,7.833785112207668,15445.05,1090854.05,75.6,0.0,,,0.0453879941434847,0.0408163265306125,68.6,1.446673786422474,98.61934781928832,67.33999999999996,36.060652180711614,0.5648990513398181,0.9289975592304236,95.52238805970154,95.80800932652284,69.25999999999985,62.0,375905.0,309117.75,-2.325581395348822,33.48629542353976,50.30340526753575,69.875,70.25,102463.60816666656,True,0.036506918197924,15000.0,2.0,0.0,0.0,0.0,0.0,0.0088810759455606,0.0,0.0,-0.0169,-0.0877,0.0,0.0,0.0,0,False,0,False,False,True,True,5.387357114415298,True,False,False,False,True,False,False,True,False,True,False,False,False,False,False,False,True,True,-20.0,0.0,5.882352941176454,0.0,0.5630082943034358,True,False,True,False,False,False,False,-1,False,8,False,False,621.7560995316412,65.3,3,False,3,False,False,False,False,"ema60_gt_ema120, volume_break, market_above_ma60, avoid_chase, stronger_than_market, obv_uptrend, mfi_strong, above_ichimoku_cloud",,
2026-08-14,131.0,134.0,128.5,131.0,255610,33646264,8109,博大,,0.4518023809394833,-0.1793886751711336,0.6311910561106169,129.20216237515024,126.38062157101687,120.45983203585112,53.12110911484801,15.47916740687098,5.420887623853954,317875.75,40388159.4,132.5,118.5,0.2321141309376641,0.1279533533850563,-0.0113207547169811,0.0076923076923076,130.0,0.3864549740705267,137.71114121756548,127.075,116.43885878243454,0.6845124053786488,0.1673994289603065,67.74193548387096,68.41703099767619,131.3,129.85,10524996.0,9946331.75,-22.727272727272727,54.14111379545295,54.56647886892303,140.375,139.0,102463.60816666656,True,0.036506918197924,-7656.0,0.0,-2000.0,0.0,-2539.0,0.0,-0.0478276729149051,0.0,0.0,0.4535,0.0982,0.0,0.0,0.0,0,False,0,False,False,True,True,0.8041192195378226,False,False,False,False,True,False,False,False,False,True,False,False,False,False,False,False,True,True,0.0,0.0,1.1450381679389312,15.0,0.4012819089602363,False,False,False,False,False,False,False,-1,False,5,False,False,377.8565751029011,6.5,3,False,3,False,False,False,False,"ema60_gt_ema120, market_above_ma60, avoid_chase, obv_uptrend, mfi_strong",,
2026-08-14,58.4,58.7,55.3,55.5,2909310,163928018,8111,立碁,,0.896757139139261,1.342629157440696,-0.4458720183014348,57.902915150841935,58.17672773407344,60.0190928596458,46.17465683508279,20.07320526544285,3.893959511541684,11834402.45,728833558.25,65.5,56.3,0.7367316302010076,-0.1833555842427818,-0.0656565656565656,-0.0447504302925989,58.1,0.1602131440581114,68.68235690537212,58.11249999999982,47.54264309462752,0.3764174376536748,0.3637722316325174,1.4598540145985606,19.30747968287021,57.71999999999971,60.14999999999982,33200223.0,55964866.95,-91.83673469387752,-32.683421616138865,56.05295464108769,55.825,61.5,102463.60816666656,True,0.036506918197924,234254.0,3.0,0.0,0.0,-85098.0,0.0,-0.1021634838544897,0.0,0.0,-0.2091,-0.1471,0.0,0.0,0.0,0,False,0,False,False,False,False,0.2458349724282023,False,False,True,False,True,True,True,False,False,False,False,False,False,False,False,False,True,False,20.0,0.0,18.01801801801802,0.0,-2.0,True,False,False,False,False,False,False,-1,False,6,False,False,383.458349724282,10.5,3,False,3,False,True,True,True,"market_above_ma60, avoid_chase, liquidity_ok, foreign_buy_3d, adx_trending, mfi_strong",,"close_below_ema20, close_below_swing_low"
2026-08-14,30.6,30.6,29.3,29.6,1030769,30550669,8121,越峰,,-2.608772785679111,-3.1610624701313865,0.5522896844522753,31.68236897642424,35.32624906095258,34.194551724124416,37.826140150323305,31.513872790207397,2.1448085409312845,1094976.85,33722790.25,35.55,28.05,-0.6609058179368785,-0.7766403215607274,0.0440917107583773,-0.0295081967213114,30.5,1.3410272125605804,34.73516094430909,30.32750000000005,25.919839055691018,0.4174732347619246,0.2906709055681494,32.58426966292139,59.156223469002725,30.030000000000108,29.58000000000011,56849213.0,56795147.9,-47.61904761904761,-23.883975103487288,55.44705502662898,47.8625,41.45,102463.60816666656,True,0.036506918197924,-247422.0,0.0,0.0,0.0,-31.0,0.0,0.0075847925604533,0.0,0.0,0.3221,0.0494,0.0,0.0,0.0,0,False,0,False,False,False,True,0.9413614543540348,False,False,True,False,True,False,False,True,False,True,False,False,False,False,False,False,True,True,0.0,0.0,20.101351351351333,0.0,0.0053114718964144,False,False,False,False,False,False,False,-1,False,7,False,False,574.4773522062973,19.5,8,False,3,False,True,False,True,"ema60_gt_ema120, market_above_ma60, avoid_chase, adx_trending, stronger_than_market, obv_uptrend, mfi_strong",,close_below_ema20
2026-08-14,128.0,128.0,121.0,121.0,289260,35341859,8147,正淩,,-3.9492218274984903,-5.502986707565048,1.5537648800665576,126.48407072629392,137.1947181131689,138.14453371184104,41.59136819789446,27.42109565356841,6.696210039206882,250758.2,30409939.85,131.0,112.0,-0.0247954209040827,-0.6601218056152258,-0.0358565737051792,-0.0358565737051792,125.5,1.7304671970918877,137.06392164955977,123.05,109.03607835044023,0.4268584465054291,0.2277760528168996,35.714285714285715,71.07142857142874,125.9,124.65,15899999.0,16216516.7,-36.0,2.1558361564519024,40.66907968628563,153.125,167.0,102463.60816666656,True,0.036506918197924,-36073.0,0.0,0.0,0.0,-1416.0,0.0,-0.0723634919031033,0.0,0.0,0.4961,0.1273,0.0,0.0,0.0,0,False,0,False,False,False,False,1.153541539219854,False,False,True,False,True,False,False,False,False,False,False,False,False,False,False,False,False,True,0.0,0.0,8.264462809917356,0.0,-0.2677869225035651,False,False,False,False,False,False,False,-1,False,3,False,False,253.3219723221557,11.4,3,False,3,False,True,False,True,"market_above_ma60, avoid_chase, adx_trending",,close_below_ema20
2026-08-14,320.0,336.0,314.0,320.5,851898,275314725,8155,博智,,-6.031579154597409,-13.322047254292936,7.290468099695527,309.2276191736521,329.49064222964057,314.87066132100114,52.35526948390747,20.12471021718312,19.87013048779596,991181.35,292438484.6,324.5,272.5,0.3971884429906241,-0.6525172420185632,0.0846023688663282,0.0047021943573668,319.0,0.763190616767204,338.4654550887721,296.825,255.18454491122787,0.7842788335229279,0.2805724254275894,71.29629629629629,79.88403438961662,317.1,305.3,66907443.0,64327540.25,-16.939890710382514,107.90681562310571,63.87822076067327,373.125,407.0,102463.60816666656,True,0.036506918197924,75644.0,1.0,0.0,0.0,16746.0,4.0,0.0480954506684041,0.0,0.0,0.5201,0.0341,0.0,0.0,0.0,0,False,0,False,False,False,True,0.8594774306437465,False,False,True,False,False,True,False,True,False,True,False,True,False,False,False,False,True,True,-10.0,0.0,1.24804992199688,15.0,1.0794510633979892,False,False,False,True,False,False,False,-1,False,8,True,False,676.5481870672133,24.0,3,True,3,False,False,False,False,"ema60_gt_ema120, market_above_ma60, liquidity_ok, adx_trending, stronger_than_market, obv_uptrend, dealer_buy_3d, mfi_strong",long_upper_shadow,
2026-08-14,20.5,20.5,19.45,19.7,182534,3630507,8171,天宇,,-0.2639500424415928,-0.3924903610242824,0.1285403185826896,20.04174226405986,21.204716491092576,22.71409965825699,43.38518105534438,14.351029743689752,0.7418537810119081,96422.35,1928366.85,20.9,19.25,-0.1866019784021664,-0.3788600137506289,0.0102564102564102,-0.0223325062034739,20.15,0.6238468384379953,21.1889511693316,19.950000000000045,18.71104883066849,0.3991082109656803,0.1242056310106821,29.999999999999893,47.82520325203223,20.16999999999989,19.805000000000017,-8409640.0,-8314585.35,-51.85185185185188,-15.229450327785656,30.733783677691942,22.137500000000003,23.2,102463.60816666656,True,0.036506918197924,-33000.0,0.0,0.0,0.0,-16197.0,0.0,-0.0262505079415138,0.0,0.0,2.8776,0.5078,0.0,0.0,0.0,0,False,0,False,False,False,False,1.8930673230843265,True,False,False,False,True,False,False,False,False,False,False,False,False,False,False,False,False,True,10.0,0.0,6.091370558375632,0.0,-0.1029114987440922,False,False,False,False,False,False,False,-1,False,3,False,False,232.69573524591416,27.1,3,False,3,False,True,False,True,"volume_break, market_above_ma60, avoid_chase",,close_below_ema20
2026-08-14,10.35,10.4,10.0,10.1,131633,1326060,8176,智捷,,-0.0328477300076013,-0.0755417651530652,0.0426940351454639,9.970696232815564,10.14268037950229,10.349804742316328,53.692591960411534,12.728683948334346,0.2526008733261475,112474.9,1113145.25,10.2,9.78,0.0120869729762352,-0.053290936175677,0.0327198364008181,-0.0098039215686274,10.2,2.13969845039657,10.174158955421628,9.913000000000013,9.651841044578394,0.8580195052053533,0.0526901957876762,53.84615384615376,58.4249084249083,9.997999999999957,9.922000000000024,1345452.0,1316007.15,-36.14457831325309,171.5328467153284,42.86668831606444,10.5975,10.57,102463.60816666656,True,0.036506918197924,-16000.0,0.0,0.0,0.0,-272.0,0.0,-0.0037870817971059,0.0,0.0,0.3024,0.0696,0.0,0.0,0.0,0,False,0,False,False,False,False,1.1703322252342525,False,False,False,False,True,False,False,False,False,True,False,False,False,False,False,False,False,True,0.0,-12.0,0.9900990099009866,25.0,0.0695868880882517,False,False,False,False,False,False,False,-1,False,3,False,False,245.5383649094016,14.1,3,False,3,False,False,False,False,"market_above_ma60, avoid_chase, obv_uptrend",,
2026-08-14,42.6,42.6,39.95,40.1,902794,36818126,8182,加高,,-1.2644845651378986,-1.9592405252966223,0.6947559601587239,40.75353626732744,42.19730975458079,39.5022749959964,46.67568868824473,15.722186550606308,3.1373074240806,1594482.65,63384349.0,42.4,36.45,0.1807721355149911,-0.3700142589464168,0.0402075226977951,-0.0520094562647752,42.3,1.772186627010558,43.21338522801423,39.06499999999992,34.916614771985614,0.6247473345786044,0.2123837311155414,29.85074626865673,65.41753597603444,40.77999999999993,39.78499999999967,94986645.0,88803324.0,-41.59292035398227,60.96185036316215,70.39695573510019,52.2375,46.6,102463.60816666656,True,0.036506918197924,-196900.0,0.0,0.0,0.0,-3429.0,0.0,0.003700604499871,0.0,0.0,0.1248,0.0545,0.0,0.0,0.0,0,False,0,False,False,False,True,0.566198697740612,False,False,False,False,True,True,False,True,False,True,False,False,False,False,False,False,True,True,10.0,0.0,5.735660847880292,0.0,0.2729455284946404,False,False,False,False,False,False,False,-1,False,7,False,False,543.9373333193417,19.8,3,False,3,False,True,False,True,"ema60_gt_ema120, market_above_ma60, avoid_chase, liquidity_ok, stronger_than_market, obv_uptrend, mfi_strong",,close_below_ema20
2026-08-14,30.6,31.2,30.05,30.05,240698,7368234,8183,精星,,-0.4740015783685933,-0.7241132284744669,0.2501116501058735,30.171786982006164,31.413396130219187,32.06902928169483,47.25433097926784,21.736032533609105,1.132808839370607,248043.55,7340403.75,31.25,28.9,-0.0462055197662047,-0.1693974811246878,0.0397923875432526,-0.0147540983606556,30.5,0.8750863415721029,31.59324788468367,29.68750000000009,27.781752115316515,0.5951070188542007,0.1283872259155248,52.08333333333336,75.16078270388668,30.31999999999971,29.7,20318564.0,20663383.2,-25.842696629213457,59.1452991452996,53.62225069217967,33.737500000000004,33.650000000000006,102463.60816666656,True,0.036506918197924,-8000.0,0.0,0.0,0.0,-637.0,0.0,0.0032854693453285,0.0,0.0,0.5575,0.1087,0.0,0.0,0.0,0,False,0,False,False,False,False,0.9703860471276112,False,False,True,False,True,False,False,True,False,False,False,False,False,False,False,False,True,True,0.0,0.0,3.993344425956737,0.0,-0.1255575273998179,False,False,False,False,False,False,False,-1,False,5,False,False,423.1971701424784,13.6,3,False,3,False,True,False,True,"market_above_ma60, avoid_chase, adx_trending, stronger_than_market, mfi_strong",,close_below_ema20
2026-08-14,157.5,157.5,151.0,151.5,406099,62446917,8227,巨有科技,,-5.016309539736199,-8.09308973501077,3.076780195274571,153.4871295440067,165.5834033610126,165.60392253711177,46.4110346244803,25.124253881812365,9.80176264256243,625253.45,93168677.0,159.0,140.0,0.2675717655209128,-0.7894887960898642,0.0448275862068965,-0.038095238095238,157.5,1.3778282424451007,161.88125928086242,147.15,132.4187407191376,0.6476452188188399,0.2002209892064209,51.02040816326531,71.39276763336966,154.0,149.9,18000521.0,17341577.4,-33.80281690140845,74.30025445292598,59.28408884613776,199.125,200.0,102463.60816666656,True,0.036506918197924,-21090.0,0.0,0.0,0.0,-3493.0,0.0,0.0083206680089724,0.0,0.0,-0.1354,-0.1758,0.0,0.0,0.0,0,False,0,False,False,False,False,0.6494950167807951,False,False,True,False,True,True,False,True,False,True,False,False,False,False,False,False,True,True,0.0,0.0,4.950495049504951,0.0,0.2045051822201665,False,False,False,False,False,False,False,-1,False,7,False,False,503.9490123544499,18.5,3,True,3,False,True,False,True,"market_above_ma60, avoid_chase, liquidity_ok, adx_trending, stronger_than_market, obv_uptrend, mfi_strong",,close_below_ema20
2026-08-14,70.5,70.8,69.0,69.4,502850,35096126,8234,新漢,,1.1770996761999868,0.268567956299781,0.9085317199002058,67.02888211079821,66.78312456849514,67.99883089011314,55.07553809764397,18.479530910902657,3.706379579511706,856865.5,56828538.45,73.8,60.3,0.927287542098705,-0.1107559861507844,-0.0085714285714284,-0.0057306590257878,69.8,0.6385229456390253,74.34588053672618,64.82000000000008,55.294119463273965,0.7403977239868894,0.2939179431263837,54.13533834586469,61.73406662436113,70.7,68.56000000000022,111339459.0,110514049.95,-30.96446700507611,78.0573593073594,62.91578787832811,69.5,69.1,102463.60816666656,True,0.036506918197924,10980.0,3.0,0.0,0.0,-1134.0,0.0,-0.0450783467693525,0.0,0.0,0.7455,0.1054,0.0,0.0,0.0,0,False,0,False,False,True,False,0.5868482276389935,False,True,False,False,True,True,True,False,False,True,False,False,False,False,False,False,True,True,0.0,0.0,6.340057636887596,0.0,0.3536608592164285,True,False,False,False,False,False,False,-1,False,7,False,False,530.1124125869871,8.7,3,True,3,False,False,False,False,"rsi_strong, market_above_ma60, avoid_chase, liquidity_ok, foreign_buy_3d, obv_uptrend, mfi_strong",,
2026-08-14,43.2,43.2,42.25,42.65,148921,6335632,8240,華宏,,-1.535900199288477,-2.443297705555788,0.9073975062673107,42.86169941241757,48.37611641633878,49.66724733417607,45.181720336009576,33.5590878540775,1.914353704404516,268562.25,10880653.8,43.5,38.65,0.2248036955844101,-0.9512794754273436,0.0070838252656433,-0.0104408352668213,43.1,0.7833776005106526,45.33049633821716,41.19999999999991,37.06950366178266,0.6755236999708755,0.2005095309814202,66.05504587155961,80.19570062581806,42.979999999999926,42.12999999999992,63785598.0,63614040.15,-20.55555555555557,60.38002116828769,52.86845429887971,53.975,64.925,102463.60816666656,True,0.036506918197924,38000.0,3.0,0.0,0.0,-81.0,0.0,-0.0294230929322807,0.0,0.0,-0.0772,0.0923,0.0,0.0,0.0,0,False,0,False,False,False,False,0.5545120358501614,False,False,True,False,True,False,True,False,False,True,False,False,False,False,False,False,True,True,0.0,0.0,1.9929660023446691,15.0,0.0952574013723866,True,False,False,False,False,False,False,-1,False,6,False,False,481.6882091749703,9.8,8,False,3,False,True,False,True,"market_above_ma60, avoid_chase, foreign_buy_3d, adx_trending, obv_uptrend, mfi_strong",,close_below_ema20
2026-08-14,8.11,8.16,8.1,8.11,43652,354299,8277,商丞,,-0.1770880168489395,-0.2398835509058439,0.0627955340569044,8.181099190294065,8.509783091457601,8.753786321488697,45.18339321333689,14.177415038744948,0.3486993181066916,122521.15,980780.9,8.2,7.98,0.0545309994316707,-0.2895343055427468,0.0012345679012344,0.0,8.11,0.8459694203054656,8.36854788492478,8.036999999999988,7.705452115075198,0.6100896783228915,0.0825053838309796,35.227272727272684,37.169059011163576,8.066000000000077,8.1,10070321.0,10332079.4,-48.30508474576275,45.58823529411789,47.51425917223502,10.0125,9.42,102463.60816666656,True,0.036506918197924,2000.0,4.0,0.0,0.0,0.0,0.0,-0.0352723502966896,0.0,0.0,-0.3435,0.1097,0.0,0.0,0.0,0,False,0,False,False,False,False,0.3562813440781449,False,False,False,False,True,False,True,False,False,False,False,False,False,False,False,False,False,False,0.0,0.0,1.109741060419234,15.0,-0.0841073373572864,True,False,False,False,False,False,False,-1,False,3,False,False,187.553525392494,8.7,3,False,3,False,True,False,True,"market_above_ma60, avoid_chase, foreign_buy_3d",,close_below_ema20
2026-08-14,48.0,49.4,46.7,47.1,656013,31136589,8289,泰藝,,-2.023919378190932,-3.4572626048745807,1.4333432266836486,45.82706641396934,50.31098852074528,47.40549112141499,49.84652718832062,25.707565054021966,3.2908604174510363,823829.7,35752689.1,47.8,39.85,0.3390345784653727,-1.0740474242834026,0.1241050119331743,-0.0146443514644351,47.8,1.720119183407435,48.9832361240934,43.10750000000007,37.23176387590675,0.8397446648113394,0.2726085309560198,69.79166666666669,77.72171288694274,46.3,44.20499999999993,113445397.0,111108236.35,-20.714285714285705,122.55491847761948,64.54533330266848,64.675,59.95,102463.60816666656,True,0.036506918197924,-159191.0,0.0,0.0,0.0,3039.0,1.0,0.0875980937352503,0.0,0.0,0.616,0.1749,0.0,0.0,0.0,0,False,0,False,False,False,True,0.7962968560128386,False,False,True,False,False,False,False,True,False,True,False,False,False,False,False,False,True,True,0.0,-12.0,1.486199575371541,15.0,0.3333845282543979,False,False,False,False,False,False,False,-1,False,6,False,False,574.9635828991811,31.1,5,False,3,False,False,False,False,"ema60_gt_ema120, market_above_ma60, adx_trending, stronger_than_market, obv_uptrend, mfi_strong",,
2026-08-14,35.95,36.05,34.6,35.0,33391,1189112,8291,尚茂,,-0.8781340606319077,-1.0046875472086887,0.126553486576781,38.790145440333184,40.86922019864284,35.663026512903244,42.700650408400655,12.884105214853024,3.5448508848349585,65056.9,2689261.8,44.0,33.95,-0.0920878881611965,-1.7625354085162337,-0.1463414634146341,-0.0384615384615384,36.4,1.1771758329218254,45.50340998170481,39.26999999999996,33.03659001829511,0.1574908426902392,0.3174642211206956,11.111111111111086,30.86419753086436,38.84999999999982,38.51999999999994,223383.0,344066.1,-92.65734265734268,-101.88806189815377,49.97493517340273,52.0,73.375,102463.60816666656,True,0.036506918197924,-4000.0,0.0,0.0,0.0,0.0,0.0,-0.1828483816125582,0.0,0.0,3.5932,0.1938,0.0,0.0,0.0,0,False,0,False,False,False,True,0.5132583938060374,False,False,False,False,True,False,False,False,False,False,False,False,False,False,False,False,False,True,20.0,12.0,25.71428571428571,0.0,-0.1280499868427458,False,False,False,False,False,False,False,-1,False,3,False,False,240.5959840959474,15.2,3,False,3,False,True,False,True,"ema60_gt_ema120, market_above_ma60, avoid_chase",,close_below_ema20
2026-08-14,2325.0,2325.0,2065.0,2080.0,16635708,36269760565,8299,群聯,,17.34458339664161,-48.54420318328388,65.8887865799255,1992.3958028362683,2064.213454409477,1982.3399476939005,53.30677960538318,19.26508637357969,144.50284653658562,5575116.8,10639635793.0,2280.0,1640.0,1.1614937074505145,-0.623034331285215,0.0297029702970297,-0.087719298245614,2280.0,1.4430870059076202,2292.046985292027,1877.0,1461.9530147079731,0.7445506258251331,0.4422450562514937,59.16666666666666,84.46051423324145,2140.0,2017.0,188642053.0,187983743.35,-27.84090909090909,112.63287343542054,59.13081747128361,2378.75,2260.0,102463.60816666656,True,0.036506918197924,-2576028.0,0.0,-610888.0,0.0,-1107997.0,0.0,-0.0068039479008943,0.0,0.0,3.7755,0.0929,0.0,0.0,0.0,0,False,0,False,False,True,True,2.9839209826061404,True,False,False,False,True,True,False,False,False,True,False,False,False,False,False,False,True,True,0.0,0.0,9.615384615384617,0.0,0.0376863170082856,False,False,False,False,False,False,False,-1,False,7,False,False,500.2914456301608,56.6,3,True,3,False,False,False,False,"ema60_gt_ema120, volume_break, market_above_ma60, avoid_chase, liquidity_ok, obv_uptrend, mfi_strong",,
2026-08-14,427.0,462.0,413.0,428.5,45126332,19719151911,8358,金居,,-19.43149395749032,-37.3250871419345,17.893593184444185,392.81941126721176,435.87203234477255,409.868796206109,53.77835610500543,21.462845667537337,37.1541716953113,19071646.8,7175591937.15,421.0,298.0,0.3448216740538268,-1.106210933177174,0.2173295454545454,0.017814726840855,421.0,2.8267318623643147,449.3768065502852,363.75,278.12319344971485,0.8780942125990355,0.4708003109294029,76.73611111111111,86.80319349962217,398.9,374.85,1235527492.0,1131554273.35,-17.539267015706805,140.95238095238096,69.78216209272652,606.5,541.25,102463.60816666656,True,0.036506918197924,-1104517.0,0.0,160000.0,2.0,-94623.0,0.0,0.1808226272566213,0.0,0.0,0.5487,0.0482,0.0,0.0,0.0,0,False,0,False,False,False,True,2.3661476365009024,True,False,True,True,False,True,False,True,False,True,True,False,False,True,False,False,True,True,-10.0,-12.0,-1.7502917152858808,25.0,1.5647142965701986,False,True,False,True,False,False,False,-1,False,11,True,False,945.4380479238514,70.3,5,False,3,False,False,False,False,"ema60_gt_ema120, volume_break, breakout_20d, market_above_ma60, liquidity_ok, adx_trending, stronger_than_market, obv_uptrend, invest_trust_buy_2d, breakout_volume_confirm, mfi_strong",long_upper_shadow,
2026-08-14,71.3,77.0,70.3,75.1,5952312,443413926,8383,千附,,-0.2698896596486975,0.2535400466593127,-0.5234297063080102,72.31740265793847,68.29251547108046,61.80843975576173,54.11052138709204,19.38025517075997,5.145680140032055,2737990.65,205278052.1,90.4,68.3,-1.1077965080926229,0.5093708098200677,0.0728571428571427,0.060734463276836,70.8,0.5846739878003383,89.90784016148874,74.63000000000002,59.35215983851131,0.5153817553735348,0.4094289203132442,83.76068376068372,75.37120831238462,70.82000000000008,70.5,73093383.0,68550200.0,-34.35897435897437,-7.8795206487857055,65.97502116541622,62.3,62.0,102463.60816666656,True,0.036506918197924,-1085130.0,0.0,0.0,0.0,-575.0,0.0,0.0363502246592186,0.0,0.0,0.7753,-0.2513,0.0,0.0,0.0,0,False,0,False,False,True,True,2.1739709008867507,True,False,False,False,False,True,False,True,False,True,False,False,False,False,False,False,True,True,-20.0,0.0,20.37283621837552,0.0,0.2865898365196341,False,False,True,False,False,False,False,-1,False,8,False,False,635.1787870471031,46.7,3,False,3,False,False,False,False,"ema60_gt_ema120, volume_break, market_above_ma60, liquidity_ok, stronger_than_market, obv_uptrend, mfi_strong, above_ichimoku_cloud",,
2026-08-14,101.0,101.0,99.2,99.4,367575,36745446,8390,金益鼎,,-0.617662238799312,-1.9870020393920755,1.3693398005927635,97.86698827335536,101.0960382444971,99.4268090204754,51.50587453869381,23.77777097978167,3.736181142525036,444811.1,42295002.75,102.0,90.2,0.4346918150781163,-0.5277486761815816,0.0247422680412372,-0.0109452736318407,100.5,0.8247350908278913,102.96788259438716,95.19999999999982,87.43211740561249,0.7703439417992034,0.1631908108064568,61.32075471698116,72.16438950336185,100.2,97.99999999999964,39852851.0,39795777.35,-22.777777777777747,97.2105115233272,50.6316775305862,111.375,107.4,102463.60816666656,True,0.036506918197924,-41000.0,0.0,0.0,0.0,-12825.0,0.0,-0.0117646501566868,0.0,0.0,0.7562,-0.013,0.0,0.0,0.0,0,False,0,False,False,False,True,0.8263620219909081,False,False,True,False,True,False,False,False,False,True,False,False,False,False,False,False,True,True,0.0,0.0,2.6156941649899337,8.0,0.0220975019585615,False,False,False,False,False,False,False,-1,False,6,False,False,451.5287902434118,11.4,3,False,3,False,False,False,False,"ema60_gt_ema120, market_above_ma60, avoid_chase, adx_trending, obv_uptrend, mfi_strong",,
2026-08-14,31.35,31.9,31.1,31.9,29004,911177,8410,森田,,-0.2082666296915576,-0.4192547183167877,0.2109880886252301,31.597219516430734,32.77529204647464,34.252450065751376,51.73880243921749,23.43469925848818,0.7246593359360936,33514.9,1038006.45,32.0,30.15,0.0297237903785681,-0.2173805457726798,0.0094936708860757,0.0015698587127157,31.85,0.5358296302367157,32.450818484745305,31.305000000000017,30.15918151525473,0.7596397282472921,0.0732035447848769,88.88888888888873,90.96296296296288,31.81000000000022,31.33000000000011,-2074960.0,-2055343.45,-8.000000000000114,45.80238577537757,27.304744446970176,33.7375,34.975,102463.60816666656,True,0.036506918197924,0.0,0.0,0.0,0.0,0.0,0.0,-0.0270132473118482,0.0,0.0,-0.1787,0.019,0.0,0.0,0.0,0,False,0,False,False,False,False,0.8654061327946674,False,False,True,False,True,False,False,False,False,False,False,False,False,False,False,False,False,True,-20.0,0.0,0.3134796238244559,25.0,-0.0391656718333937,False,False,False,False,False,False,False,-1,False,3,False,False,173.18407326594593,6.9,5,False,3,False,False,False,False,"market_above_ma60, avoid_chase, adx_trending",,
2026-08-14,17.7,17.8,17.7,17.8,5115,90649,8423,保綠-KY,,0.0399420528277723,0.032582704756013,0.0073593480717592,17.790202098130372,17.798754057348805,17.880869492996936,50.6891205360797,18.826703071737192,0.2233067719201898,16475.2,293196.65,18.15,17.55,0.0624385538908666,0.0040663523638148,-0.011111111111111,0.0056497175141243,17.7,0.8233690655817605,18.19677264063715,17.767499999999973,17.338227359362797,0.5378547302150296,0.0483211077120784,25.00000000000022,37.22222222222202,17.85,17.889999999999965,-91239.0,-76206.75,-35.29411764705885,-10.6788710907698,47.33547519083229,17.837500000000002,17.85,102463.60816666656,True,0.036506918197924,1000.0,2.0,0.0,0.0,0.0,0.0,-0.0476180293090351,0.0,0.0,0.3286,-0.0961,0.0,0.0,0.0,0,False,0,False,False,True,False,0.310466640769156,False,False,False,False,True,False,False,False,False,False,False,False,False,False,False,False,False,False,10.0,0.0,1.9662921348314484,15.0,-0.3459094280213775,True,False,False,False,False,False,False,-1,False,2,False,False,173.95375327143503,2.2,3,False,3,False,False,False,False,"market_above_ma60, avoid_chase",,
2026-08-14,20.7,20.7,19.8,20.1,115688,2322631,8440,綠電,,-0.2815107813878157,-0.4627553250074037,0.1812445436195879,19.855057177954297,20.89528551355792,22.16568470676937,50.88965151342677,18.85451077204501,0.532627190254542,85994.0,1675856.25,20.4,18.95,-0.033658466111986,-0.359041882889394,0.0281329923273656,0.0125944584382871,19.85,0.5711184360081837,20.66994239478183,19.58500000000013,18.500057605218423,0.7373397898712835,0.1107931983438034,68.42105263157903,81.14035087719276,19.910000000000217,19.60500000000011,-14963629.0,-15002711.35,-23.999999999999915,95.99575709360889,42.304019543371616,22.15,22.9,102463.60816666656,True,0.036506918197924,-3000.0,0.0,0.0,0.0,27.0,1.0,-0.0083739258705584,0.0,0.0,0.1722,0.0847,0.0,0.0,0.0,0,False,0,False,False,False,False,1.3453031606856292,False,False,False,False,True,False,False,False,False,True,False,False,False,False,False,False,False,True,0.0,0.0,1.4925373134328217,15.0,0.0512273192509413,False,False,False,False,True,False,False,-1,False,3,True,False,249.0677594378676,17.1,3,False,3,False,False,False,False,"market_above_ma60, avoid_chase, obv_uptrend",open_high_close_low,
2026-08-14,48.0,48.1,47.3,47.8,179906,8585232,8431,匯鑽科,,-0.5155067498793429,-0.7535306573853732,0.2380239075060303,48.67109968692795,51.68086742596306,54.3190593765372,46.081188658850095,13.176954300780295,2.2746643979182384,342555.9,16514457.25,51.5,45.9,0.1233506507939904,-0.3391050290433826,-0.0052029136316337,-0.0062370062370062,48.1,0.3940114451182421,52.07350741620999,48.179999999999744,44.2864925837895,0.4512008120984111,0.161623387970538,22.123893805309716,39.23415428982662,48.64999999999964,49.054999999999744,65229081.0,65717426.65,-50.57471264367821,-22.26545611759653,50.15064483805961,52.837500000000006,57.925,102463.60816666656,True,0.036506918197924,20071.0,1.0,0.0,0.0,-433.0,0.0,-0.0417098318295577,0.0,0.0,-0.1848,0.254,0.0,0.0,0.0,0,False,0,False,False,False,False,0.5251872760037121,False,False,False,False,True,False,False,False,False,False,False,False,False,False,False,False,True,False,10.0,0.0,7.740585774058584,0.0,-0.3527181856032687,False,False,False,False,False,False,False,-1,False,3,False,False,141.0192545327979,8.4,3,False,3,False,True,False,True,"market_above_ma60, avoid_chase, mfi_strong",,close_below_ema20
2026-08-14,25.6,26.95,25.45,26.0,12323,323008,8455,大拓-KY,,-0.6640044288124152,-0.9893056850262608,0.3253012562138455,25.25014892386825,26.795047126934588,25.829660117567204,51.711922206693856,15.47780458611174,1.082549691088041,7206.4,179496.3,27.3,23.95,-0.2402868854530007,-0.949743965494808,0.0833333333333332,0.0420841683366732,24.95,0.126266572487639,27.192692735341,24.9875,22.782307264659003,0.7295717702524157,0.176503670662611,68.85245901639347,85.45081967213143,25.079999999999927,24.64499999999989,672988.0,664211.05,-24.05063291139239,97.26118904475632,36.79041961441789,31.275,35.075,102463.60816666656,True,0.036506918197924,-1000.0,0.0,0.0,0.0,0.0,0.0,0.0468264151354091,0.0,0.0,0.0315,0.0522,0.0,0.0,0.0,0,False,0,False,False,False,True,1.7100077708703376,True,False,False,False,False,False,False,True,False,True,False,False,False,False,False,False,False,True,0.0,0.0,5.000000000000003,0.0,0.0488457503861439,False,False,False,True,False,False,False,-1,False,5,True,False,417.68622671333713,35.0,3,False,3,False,False,False,False,"ema60_gt_ema120, volume_break, market_above_ma60, stronger_than_market, obv_uptrend",long_upper_shadow,
2026-08-14,68.5,69.2,67.2,69.2,9266,627138,8472,夠麻吉,,-2.145482379890055,-2.672528076584426,0.5270456966943713,71.14077616243779,74.654436584054,74.14261163320815,41.127499554931006,16.078904485749426,2.9668767288522955,19783.25,1390844.1,78.6,68.0,-0.1510063045960506,-0.334680760744075,0.004354136429608,0.0,69.2,0.759674587670928,74.50161095682276,69.69000000000014,64.87838904317752,0.4490815025989017,0.138086123025473,46.3768115942029,52.65700483091738,70.3800000000003,69.34000000000015,2435432.0,2423397.95,-58.97435897435892,-67.08431219002794,43.85944798587629,86.25,82.9,102463.60816666656,True,0.036506918197924,2000.0,1.0,0.0,0.0,0.0,0.0,-0.032152781768316,0.0,0.0,0.0557,0.0142,0.0,0.0,0.0,0,False,0,False,False,False,True,0.4683760251728103,False,False,False,False,True,False,False,False,False,True,False,False,False,False,False,False,False,True,0.0,0.0,13.58381502890172,0.0,0.0589973328026303,False,False,False,False,False,False,False,-1,False,4,False,False,265.3917282453597,9.1,3,False,3,False,True,False,True,"ema60_gt_ema120, market_above_ma60, avoid_chase, obv_uptrend",,close_below_ema20
2026-08-14,16.0,16.15,15.9,15.95,31154,498334,8477,創業家,,0.0890768224597398,-0.1012003042795427,0.1902771267392825,15.48801418921236,15.627109941636418,15.139736434834148,51.6470152010727,7.785016733773117,1.283786100776432,25729.7,397397.45,15.95,15.4,,,0.0191693290734824,0.0,15.95,1.327694375056678,21.75100093018152,14.897499999999969,8.043999069818417,0.5767855735865604,0.920087387841123,66.66666666666667,66.66666666666606,15.86999999999998,15.794999999999982,102433.0,121716.9,-16.666666666666668,51.50648039050663,39.26505594326829,17.1,17.975,102463.60816666656,True,0.036506918197924,0.0,0.0,0.0,0.0,46.0,2.0,-0.0173375891244416,0.0,0.0,-0.0975,-0.4564,0.0,0.0,0.0,0,False,0,False,False,True,True,1.2108186259458913,False,False,False,False,True,False,False,False,False,False,False,False,False,False,False,False,False,True,0.0,0.0,0.0,25.0,-0.0455978287287241,False,False,False,True,False,False,False,-1,False,3,True,False,201.56101231471425,21.2,3,False,3,False,False,False,False,"ema60_gt_ema120, market_above_ma60, avoid_chase",long_upper_shadow,
2026-08-17,262.0,263.0,258.0,262.0,347642,90688794,8454,富邦媒,,-1.1833319387181973,-3.5408764956064545,2.357544556888257,263.1971613479553,261.30686435691763,247.70529499587812,48.536413087611706,16.659872223575995,12.569550031630568,942460.5,241335979.25,283.5,247.5,0.6253787955386071,-0.1570398677763469,-0.0455373406193078,-0.0019047619047618,262.5,0.4216395011907233,280.0010287848074,255.7,231.3989712151926,0.6296241417552386,0.1900745309722908,17.28395061728395,35.39094650205758,265.8,266.0,10767648.0,14182342.4,-51.14503816793893,34.21974850546259,60.75178222281728,330.625,317.5,,,,0.0,0.0,0.0,0.0,0.0,0.0,,0.0,0.0,0.0523,-0.1293,0.0,11.76,-0.25,0,False,0,False,False,True,True,0.3688663875037734,False,False,False,False,True,True,False,False,False,False,False,False,False,False,False,False,True,False,20.0,0.0,8.206106870229007,0.0,-0.2799325743364705,False,False,False,False,False,False,False,-1,False,5,False,False,320.3294729830001,,3,False,3,False,True,False,True,"ema60_gt_ema120, market_above_ma60, avoid_chase, liquidity_ok, mfi_strong",,close_below_ema20
2026-08-14,105.0,109.5,105.0,108.0,2817435,305478376,8932,智通*,,-1.0757831522951875,-2.103219871779012,1.0274367194838243,104.1059621415666,106.09721125074635,114.46525467810096,53.75733395975536,16.69583311875838,6.326336298546026,3490043.25,357160733.0,118.5,88.7,-0.5144711116305749,0.0632881135753208,0.1020408163265305,0.0285714285714284,105.0,0.5951456290304984,122.35807871017124,103.48499999999986,84.61192128982847,0.619614824622303,0.3647500354673896,91.07142857142856,88.95960234455804,105.5,101.8300000000003,31521130.0,26114340.4,-5.725190839694656,34.19210507324797,51.97039033092952,110.975,105.5,102463.60816666656,True,0.036506918197924,888916.0,1.0,0.0,0.0,142982.0,1.0,0.0655338981286064,0.0,0.0,0.1067,-0.208,0.0,0.0,0.0,0,False,0,False,False,True,False,0.8072779613834299,False,False,False,False,False,True,False,True,False,True,False,False,False,False,False,False,True,True,-20.0,0.0,9.722222222222223,0.0,0.4600598783690744,False,False,False,False,False,False,False,-1,False,5,False,False,453.5934981542632,26.1,5,True,3,False,False,False,False,"market_above_ma60, liquidity_ok, stronger_than_market, obv_uptrend, mfi_strong",,
2026-08-17,72.1,72.2,71.8,72.0,18914,1360853,8487,愛爾達-創,,-1.3104037780942832,-1.212876951457361,-0.0975268266369222,73.84242094380274,76.21720684613562,77.48754793272805,30.679005139655672,18.77038486168413,1.2047555886949812,26412.8,1950884.3,75.6,72.1,-0.2805146887746142,-0.2057932426323107,-0.0082644628099173,-0.0027700831024931,72.2,0.3383874187736268,76.65148107525144,73.95000000000019,71.24851892474894,0.1390868664851136,0.0730623684990194,36.17021276595749,32.821764911056256,72.18000000000029,72.87000000000043,-105629.0,26620.2,-72.1311475409836,-97.79813564770184,34.73793215305447,79.64999999999999,80.65,,,,0.0,0.0,0.0,0.0,0.0,0.0,,0.0,0.0,2.0749,-0.0652,0.0,1.58,0.0,0,False,0,False,False,False,False,0.7160921977223165,False,False,False,False,True,False,False,False,True,False,False,False,False,False,False,False,False,False,0.0,12.0,4.999999999999992,0.0,-0.7362521244716579,False,False,False,False,False,False,False,-1,False,3,False,False,220.32589648356327,,3,False,3,False,True,True,True,"market_above_ma60, avoid_chase, kd_golden_cross",,"close_below_ema20, close_below_swing_low"
2026-08-17,41.2,42.6,39.45,40.8,1883305,76569821,8222,寶一,,0.4492696505486862,-0.0115504463495919,0.4608200968982781,38.55489237498271,38.02158244481813,38.50590894243427,59.149883291829234,22.891022710915536,2.1667721819929184,1593791.45,62471807.45,41.55,35.9,0.1584886751884745,0.1595965524610801,0.0736842105263158,-0.0121065375302663,41.3,3.0052205995275068,41.91964779187873,38.04249999999983,34.165352208120936,0.8556093484205121,0.2038324396072242,72.30769230769224,80.44726107226113,39.87999999999956,38.57999999999974,81772920.0,76034519.9,-20.930232558139583,125.0114061501961,84.32325707390815,40.1625,39.8,,,,0.0,0.0,0.0,0.0,0.0,0.0,,0.0,0.0,0.4682,0.3363,0.0,2.16,-0.12,0,False,0,False,False,True,False,1.181650836437854,False,True,True,False,False,True,False,False,False,True,False,False,False,False,False,False,True,True,-10.0,-12.0,1.8382352941176472,15.0,1.26080235439546,False,False,True,True,False,False,False,-1,False,7,True,False,534.946136617124,,3,False,3,False,False,False,False,"rsi_strong, market_above_ma60, liquidity_ok, adx_trending, obv_uptrend, mfi_strong, above_ichimoku_cloud",long_upper_shadow,
2026-08-17,40.25,40.5,40.1,40.5,19337,782094,8367,建新國際,,-0.0504572075547642,-0.052666911006353,0.0022097034515887,40.38365683857156,40.77078449463438,41.58672729206658,51.75420303959533,33.11167195402517,0.4979474687656072,24518.5,989023.3,40.7,40.05,-0.0390669613520742,-0.0131731373808958,0.0012360939431395,0.0062111801242235,40.25,1.2167115273972329,40.801313519253945,40.42000000000007,40.0386864807462,0.6049005555277265,0.0188675665142935,68.74999999999989,46.52777777777798,40.33000000000029,40.32000000000007,-1004813.0,-966960.6,-47.61904761904775,-18.991964937906307,54.663987143347256,40.5625,41.475,,,,0.0,0.0,0.0,0.0,0.0,0.0,,0.0,0.0,0.1332,0.0938,0.0,1.64,-0.03,0,False,0,True,True,False,False,0.7886697799620694,False,False,True,False,True,False,False,False,False,False,False,False,False,False,False,False,True,True,0.0,0.0,0.4938271604938342,25.0,-0.2949848591322135,False,False,False,False,False,False,False,-1,False,6,False,False,489.34687949003415,,5,False,3,False,False,False,False,"macd_golden_cross, market_above_ma60, avoid_chase, hist_turn_positive, adx_trending, mfi_strong",,
2026-08-17,85.7,91.0,85.7,85.7,1560465,137735599,8374,羅昇,,0.6724027178299821,-0.9529932410889912,1.6253959589189733,81.8412339338188,84.1203764549453,85.28834344628342,55.45601869293117,20.436156874183784,5.01956055121242,537483.0,44251303.35,88.9,74.7,0.7870002036099486,-0.5427166785742137,-0.0359955005624297,0.0,85.7,1.2055999551354055,90.57882568203593,78.94500000000008,67.31117431796424,0.7903172260192336,0.294732425917685,55.844155844155885,64.9112674133127,85.25999999999985,83.18000000000029,65595334.0,63603926.85,-25.27881040892192,116.80037204976148,74.05638342546055,92.9,96.25,,,,0.0,0.0,0.0,0.0,0.0,0.0,,0.0,0.0,0.3977,0.032,0.0,2.59,0.06,0,False,0,False,False,True,False,2.903282522423965,True,True,True,False,True,False,False,False,False,True,False,False,False,False,False,False,True,True,0.0,0.0,3.733955659276549,0.0,0.6031844970102775,False,False,False,False,False,False,False,-1,False,7,False,False,531.271039188363,,3,True,3,False,False,False,False,"volume_break, rsi_strong, market_above_ma60, avoid_chase, adx_trending, obv_uptrend, mfi_strong",,
2026-08-17,16.05,16.2,16.05,16.15,217992,3516183,8404,百和興業-KY,,-0.1746552276262676,-0.1536957606120617,-0.0209594670142058,16.371915712898478,16.853934971492922,17.96177110871455,39.84393712807534,17.810966338476508,0.3874171601224706,230879.3,3802478.05,17.15,16.1,-0.2941534506218093,-0.0633198191805817,0.0,0.0031055900621115,16.1,1.2716989842036424,17.058353066903656,16.44249999999988,15.826646933096104,0.2625245243395173,0.0749099062677548,18.18181818181777,21.872571872571523,16.159999999999854,16.184999999999853,9180119.0,9308037.5,-78.57142857142875,-96.3199621346595,39.256652093267896,16.9625,17.15,,,,0.0,0.0,0.0,0.0,0.0,0.0,,0.0,0.0,0.1916,0.1911,0.0,52.86,0.06,0,False,0,False,False,False,False,0.9441816568224176,False,False,False,False,True,False,False,False,False,False,False,False,False,False,False,False,False,False,20.0,0.0,6.191950464396285,0.0,-0.20101969050502,False,False,False,False,False,False,False,-1,False,2,False,False,157.02958028216392,,3,False,3,False,True,False,True,"market_above_ma60, avoid_chase",,close_below_ema20
2026-08-17,13.0,13.0,12.75,13.0,72617,935352,8411,福貞-KY,,0.1127053175478334,0.1451421355258503,-0.0324368179780168,12.90667971538743,12.616244583517028,12.476508190134638,54.80258875303094,23.32470916270424,0.265398580570261,124285.85,1604768.6,13.3,12.8,-0.0099270805172787,0.1702293666518842,-0.0038314176245211,0.0038610038610038,12.95,0.2573801310894197,13.261270539109292,12.995000000000005,12.728729460890715,0.5093889470775121,0.0409804600399057,62.49999999999994,48.61111111111071,12.980000000000018,12.960000000000036,1001169.0,1279698.05,-54.54545454545461,-21.59244264507317,29.17081322597961,11.95,11.825,,,,0.0,0.0,0.0,0.0,0.0,0.0,,0.0,0.0,0.2817,0.0781,0.0,54.0,0.06,0,False,0,False,False,True,True,0.5842740746432518,False,False,True,False,True,False,False,False,False,False,False,False,False,False,False,False,False,True,0.0,0.0,2.307692307692313,8.0,-0.7705519753972869,False,False,True,False,False,False,False,-1,False,5,False,False,374.5961170416651,,5,False,3,False,False,False,False,"ema60_gt_ema120, market_above_ma60, avoid_chase, adx_trending, above_ichimoku_cloud",,
2026-08-17,6.03,6.06,6.02,6.05,92501,558405,8429,金麗-KY,,-0.0546460331039195,-0.06611026589389,0.0114642327899704,6.074949054889265,6.255764966389439,6.5329724404803935,44.57467914086254,10.961916990177198,0.0984303317927939,207576.4,1255242.25,6.18,5.98,-0.0760545265166548,-0.1410403303388344,0.0016556291390728,0.0016556291390728,6.04,0.9370661459833166,6.159594454925375,6.054999999999973,5.950405545074571,0.4760981592975492,0.03454812714299,34.782608695652144,27.536231884058,6.027999999999975,6.040999999999985,-5840607.0,-6000980.4,-65.21739130434786,-27.210884353743385,56.16764116065652,6.47,6.55,,,,0.0,0.0,0.0,0.0,0.0,0.0,,0.0,0.0,0.2147,0.0236,0.0,28.67,0.04,0,False,0,False,False,False,False,0.4456238763173463,False,False,False,False,True,False,False,False,False,True,False,False,False,False,False,False,True,False,0.0,0.0,2.1487603305785106,8.0,0.142074932068799,False,False,False,False,False,False,False,-1,False,4,False,False,289.16113794799907,,3,False,3,False,True,False,True,"market_above_ma60, avoid_chase, obv_uptrend, mfi_strong",,close_below_ema20
2026-08-17,44.0,44.15,43.7,43.8,77289,3398597,8442,威宏-KY,,0.0099666185612932,0.1762858318995084,-0.1663192133382151,44.08717953477076,44.752162284525866,48.981209736485965,47.63350159034714,19.23877601202026,0.9455058356412884,59364.4,2635491.95,46.05,43.7,-0.215253810547848,0.2425707762374123,-0.0045454545454546,0.0022883295194506,43.7,0.3554198125035117,45.97751628654044,44.44249999999992,42.90748371345941,0.2907188328770312,0.0690787550898582,37.93103448275835,29.78653530377717,43.85,44.02999999999993,-5099075.0,-5045318.55,-70.909090909091,-60.87275394206166,35.62487007077266,44.125,44.9,,,,0.0,0.0,0.0,0.0,0.0,0.0,,0.0,0.0,0.13,-0.0124,0.0,56.33,0.07,0,False,0,False,False,False,False,1.3019419045758065,False,False,False,False,True,False,False,False,True,False,False,False,False,False,False,False,False,False,0.0,0.0,5.136986301369864,0.0,-0.2335711873707971,False,False,False,False,False,False,False,-1,False,3,False,False,220.2165647973085,,3,False,3,False,True,False,True,"market_above_ma60, avoid_chase, kd_golden_cross",,close_below_ema20
2026-08-17,11.2,11.4,11.2,11.4,16695,188235,8443,阿瘦,,0.0053166187395312,0.0068418224376936,-0.0015252036981623,11.446073976749927,11.467211451704944,11.5213897253368,46.52438057167769,36.1317937496301,0.1808239384068384,23306.55,265111.35,11.55,11.4,0.024368708791043,0.0276146117933322,0.0,-0.0086956521739129,11.5,0.903872898877582,11.554087121153492,11.444999999999984,11.335912878846472,0.2937428381822569,0.0190628433645276,66.66666666666667,81.48148148148114,11.460000000000036,11.45,1906784.0,1856029.55,-33.333333333333336,-89.58696916811888,58.32299712705224,11.3125,11.475,,,,0.0,0.0,0.0,0.0,0.0,0.0,,0.0,0.0,-0.0699,0.1182,0.0,3.73,0.02,0,False,0,False,False,False,False,0.7163222355947149,False,False,True,False,True,False,False,False,False,True,False,False,False,False,False,False,True,True,0.0,0.0,1.3157894736842135,15.0,0.2160407461594816,False,False,False,False,False,False,False,-1,False,5,False,False,389.75571130986094,,5,False,3,True,True,False,True,"market_above_ma60, avoid_chase, adx_trending, obv_uptrend, mfi_strong",,"macd_death_cross, close_below_ema20"
2026-08-17,21.75,21.8,21.45,21.6,142348,3069030,8463,潤泰材,,-0.0940563596958199,-0.1553893455354744,0.0613329858396544,21.12777212623274,21.5760082212392,22.41542503284713,59.34580350991844,27.53385107726946,0.3430161250157156,74548.5,1568083.55,21.55,20.65,-0.1120933260436665,-0.0741914891996326,0.0384615384615385,0.0093457943925234,21.4,2.7387545841062777,21.700830952383683,21.11749999999997,20.53416904761626,0.9135731166230354,0.0552462130823925,83.33333333333339,57.22222222222202,21.039999999999964,20.96999999999998,-1122642.0,-944577.25,-16.666666666666618,150.5061592877174,33.725383095041565,21.675,21.85,,,,0.0,0.0,0.0,0.0,0.0,0.0,,0.0,0.0,-0.081,0.1216,0.0,0.47,0.01,0,False,0,False,False,True,False,1.9094683326961643,True,True,True,True,True,False,False,False,False,False,False,False,False,True,False,True,False,True,-20.0,-25.0,-0.2314814814814847,25.0,-0.4977880381492661,False,False,False,False,False,False,False,-1,False,8,False,False,533.1212268691705,,8,False,3,False,False,False,False,"volume_break, rsi_strong, breakout_20d, market_above_ma60, avoid_chase, adx_trending, breakout_volume_confirm, cci_momentum",,
2026-08-17,173.5,178.5,173.5,177.5,90844,16070836,8462,柏文,,6.293189054144875,5.549517277311461,0.7436717768334145,167.78568632759172,156.91105840803564,151.86753295569366,66.49886459308071,42.71501851247447,5.404230046481509,211826.8,35482311.8,179.5,164.0,0.7330238182799065,0.4444870739309049,0.0349854227405248,0.0085227272727272,176.0,0.6589726188753332,181.8600734580113,166.375,150.8899265419887,0.8592168945845204,0.186146638112833,82.05128205128206,82.90598290598246,176.3,171.65,4320241.0,3740043.65,-16.666666666666668,112.46684350132654,72.55282643356878,147.875,147.25,,,,0.0,0.0,0.0,0.0,0.0,0.0,,0.0,0.0,0.1828,0.0403,0.0,5.97,0.23,0,False,0,False,False,True,True,0.4288598043307079,False,True,True,False,True,False,False,False,False,True,False,False,False,False,False,False,True,True,-20.0,-12.0,1.1267605633802815,15.0,0.5226571372744362,False,False,True,False,False,False,False,-1,False,8,False,False,598.5604836906003,,8,True,3,False,False,False,False,"ema60_gt_ema120, rsi_strong, market_above_ma60, avoid_chase, adx_trending, obv_uptrend, mfi_strong, above_ichimoku_cloud",,
2026-08-17,378.0,378.0,367.0,371.5,689877,256442696,8464,億豐,,4.816536889161284,6.445894604693505,-1.6293577155322208,375.3724311174111,364.0934474674834,364.5651691192917,49.32044064741623,31.862917787264795,12.91729547769208,572311.8,215948091.45,398.0,368.0,0.1913513012226676,0.3370078049923999,-0.0197889182058047,-0.0145888594164456,377.0,0.5554168527792827,393.7038612032536,376.625,359.54613879674645,0.3499607222341124,0.0906942513282631,26.666666666666668,28.14814814814781,381.1,379.85,-38199898.0,-36048328.1,-73.33333333333333,-42.71123491179253,54.83346845648461,354.0,341.5,,,,0.0,0.0,0.0,0.0,0.0,0.0,,0.0,0.0,0.1643,0.1052,0.0,40.53,-0.06,0,False,0,False,False,True,False,1.205421590119232,False,False,True,False,True,True,False,False,False,False,False,False,False,False,False,False,True,True,10.0,0.0,7.133243606998654,0.0,-1.0391417623071757,False,False,True,False,False,False,False,-1,False,6,False,False,464.5845147535062,,8,False,3,False,True,False,True,"market_above_ma60, avoid_chase, liquidity_ok, adx_trending, mfi_strong, above_ichimoku_cloud",,close_below_ema20
2026-08-17,16.3,16.3,16.15,16.15,4011,65066,8466,美吉吉-KY,,-0.1615580900429698,-0.0545095709610754,-0.1070485190818943,16.62920099669678,16.76823734685926,17.663687007143757,39.90581613464894,21.18970114194593,0.474802212781618,38422.95,646682.5,17.5,16.1,-0.3849724715116889,0.1388863777109565,-0.032934131736527,0.0031055900621115,16.1,0.9473110984969104,17.631226851531864,16.7875,15.943773148468138,0.1222118575208537,0.1005184633247193,13.043478260869458,12.008281573499213,16.270000000000074,16.53000000000002,-358155.0,-236543.15,-91.66666666666676,-128.1221922731355,33.10029087362396,16.85,15.45,,,,0.0,0.0,0.0,0.0,0.0,0.0,,0.0,0.0,-0.2162,0.0491,0.0,50.56,0.19,0,False,0,False,False,False,False,0.1043907352246509,False,False,True,False,True,False,False,False,True,False,False,False,False,False,False,False,False,False,20.0,12.0,8.359133126934994,0.0,-0.3237955920918449,False,False,False,False,False,False,False,-1,False,4,False,False,254.15836024714437,,5,False,3,False,True,False,True,"market_above_ma60, avoid_chase, adx_trending, kd_golden_cross",,close_below_ema20
2026-08-17,100.0,102.5,99.0,99.2,14273,1425961,8467,波力-KY,,-2.387349322443171,-3.1444405196968,0.7570911972536285,102.77766366705184,113.073817334836,126.59314341268896,42.68183807184521,13.956217133800411,5.175604739817794,21856.4,2256469.75,106.0,96.5,-0.104068835168174,,-0.0641509433962264,-0.0226600985221674,101.5,0.9645439701422908,107.05973873259344,101.50999999999983,95.96026126740628,0.2918820946981494,0.1093436850082472,18.446601941747563,29.12621359223279,102.53999999999942,101.05999999999986,-1328670.0,-1275775.05,-81.55339805825244,-43.107769423559,40.740942889073445,90.625,74.25,,,,0.0,0.0,0.0,0.0,0.0,0.0,,0.0,0.0,0.2692,1.0164,0.0,46.57,-0.03,0,False,0,False,False,False,False,0.6530352665580791,False,False,False,False,True,False,False,False,False,False,False,False,False,False,False,False,False,True,20.0,0.0,6.854838709677416,0.0,-0.5293333573810352,False,False,True,True,False,False,False,-1,False,3,True,False,245.1783523770084,,3,True,3,False,True,False,True,"market_above_ma60, avoid_chase, above_ichimoku_cloud",long_upper_shadow,close_below_ema20
2026-08-17,143.5,143.5,141.0,141.5,177491,25241862,8478,東哥遊艇,,-2.446190371716227,-1.6807707411390664,-0.7654196305771608,148.66176882986642,153.3886413575906,160.1281739705013,30.57259026469403,9.99580729656748,3.3533235333250824,162375.3,24224183.8,153.0,143.5,-0.2696781666077152,-0.0816493166794844,-0.0374149659863946,-0.0139372822299651,143.5,1.6513159888923323,155.27045283663685,149.225,143.17954716336314,-0.1389099550313825,0.0810246652589962,4.166666666666667,3.611111111110707,144.8,147.5,24526513.0,25081624.1,-96.15384615384616,-208.2745651151853,31.0429641610792,158.25,160.0,,,,0.0,0.0,0.0,0.0,0.0,0.0,,0.0,0.0,0.3574,-0.4436,0.0,39.38,-0.25,0,False,0,False,False,False,False,1.093091129007922,False,False,False,False,True,False,False,False,True,False,False,False,False,False,False,False,False,False,20.0,25.0,8.12720848056537,0.0,-0.7110329627571592,False,False,False,False,False,False,False,-1,False,3,False,False,257.3985157369933,,3,False,3,False,True,True,True,"market_above_ma60, avoid_chase, kd_golden_cross",,"close_below_ema20, close_below_swing_low"
2026-08-17,47.15,50.0,47.15,50.0,5102,247047,8482,商億-KY,,0.6451198498500119,0.2353133509469671,0.4098064989030447,46.72292035056032,45.94502157413793,46.27938714497696,52.06820524309116,4.888861508967424,7.096862357668387,6566.65,323873.35,53.0,0.0,,,0.0080645161290322,0.0471204188481675,47.75,0.3028226144851316,68.5900673530728,46.92250000000004,25.254932646927276,0.5710162786124565,0.9235470127581756,99.009900990099,95.459963472075,48.939999999999785,44.179999999999744,-327864.0,-314701.6,-6.3670411985018704,30.165269687929246,46.0675825900521,36.7125,25.25,,,,0.0,0.0,0.0,0.0,0.0,0.0,,0.0,0.0,-0.012,0.0289,0.0,91.81,0.0,0,False,0,False,False,True,False,0.776956286691083,False,False,False,False,True,False,False,False,False,False,False,False,False,False,False,False,False,True,-20.0,0.0,6.0,0.0,-0.913497338238092,False,False,True,False,False,False,False,-1,False,3,False,False,161.80759480805372,,3,False,3,False,False,False,False,"market_above_ma60, avoid_chase, above_ichimoku_cloud",,
2026-08-17,40.9,41.5,40.9,41.2,14152,584647,8481,政伸,,-0.0951968386031438,-0.2520598070667839,0.15686296846364,40.75647546197771,41.06690137275246,41.306206645051226,55.37181738235839,16.752840494471602,0.4955620943727297,13776.1,555280.5,41.1,40.0,0.1120036878731578,-0.0316782764218466,0.0198019801980198,0.0048780487804878,41.0,0.2098675593072333,41.1413729238613,40.385000000000126,39.62862707613896,1.0387554037758404,0.0374581118663448,81.2500000000002,91.18589743589716,40.97000000000007,40.59500000000007,-705368.0,-744238.45,-17.647058823529214,189.0209394453904,52.559989969581615,41.6375,41.025,,,,0.0,0.0,0.0,0.0,0.0,0.0,,0.0,0.0,0.1411,0.0628,0.0,0.48,-0.01,0,False,0,False,False,True,False,1.0272863872939366,False,True,False,True,True,False,False,False,False,True,False,False,True,False,False,False,True,True,-20.0,-25.0,-0.2427184466019452,25.0,0.5020116776508083,False,False,False,False,False,False,False,-1,False,7,False,False,496.29700400474906,,3,False,3,False,False,False,False,"rsi_strong, breakout_20d, market_above_ma60, avoid_chase, obv_uptrend, bb_squeeze_breakout, mfi_strong",,
2026-08-17,10.05,10.35,9.8,10.0,309000,3117270,8488,吉源-KY,,0.0155072163150666,0.0499923918123148,-0.0344851754972481,10.03007005520362,9.888852929641647,9.752975558430366,49.841483809808736,10.879787182155232,0.4922089076904553,65119.15,668335.35,10.3,9.91,-0.1480854053855394,,0.0,0.006036217303823,9.94,0.0620258647856156,10.34882295873082,10.10250000000001,9.8561770412692,0.2919398164747903,0.0487647530276286,21.05263157894731,15.528182157521464,10.002000000000043,10.017000000000053,-344268.0,-475765.55,-78.94736842105269,-50.29239766081908,76.33831080234636,5.3375,5.725,,,,0.0,0.0,0.0,0.0,0.0,0.0,,0.0,0.0,0.387,-0.1434,0.0,69.75,-0.01,0,False,0,False,False,True,True,4.745147932674183,True,False,False,False,True,False,False,False,True,True,False,False,False,False,False,False,True,False,10.0,0.0,3.000000000000007,8.0,0.8281987728390249,False,False,True,True,False,False,False,-1,False,8,True,False,580.3898646008101,,3,False,3,False,True,False,True,"ema60_gt_ema120, volume_break, market_above_ma60, avoid_chase, kd_golden_cross, obv_uptrend, mfi_strong, above_ichimoku_cloud",long_upper_shadow,close_below_ema20
2026-08-17,56.7,57.5,56.2,56.6,2576457,146007308,8926,台汽電,,-3.2504858928163856,-3.0017420623596185,-0.248743830456767,60.91221087183884,63.39123227159073,59.66749794580406,34.33053716950833,30.937683762582733,2.507629027232417,4817322.95,289741937.85,65.2,55.8,-0.764660635949515,-0.3716025663150433,-0.0070175438596491,-0.0017636684303351,56.7,0.7874541108809312,67.24857895397008,60.739999999999874,54.23142104602967,0.1819582254990934,0.2143094815268428,19.791666666666664,17.361111111111313,56.33999999999978,59.009999999999856,81428552.0,95446034.8,-80.20833333333333,-94.34250764525966,37.428025837009855,75.65,64.225,,,,0.0,0.0,0.0,0.0,0.0,0.0,,0.0,0.0,14.5906,-0.0855,0.0,7.1,-0.44,0,False,0,False,False,False,True,0.5348316952675967,False,False,True,False,True,True,False,False,False,False,False,False,False,False,False,False,False,False,20.0,12.0,15.194346289752652,0.0,-0.3789640474570556,False,False,False,True,False,False,False,-1,False,5,True,False,382.8007483831913,,8,False,3,False,True,False,True,"ema60_gt_ema120, market_above_ma60, avoid_chase, liquidity_ok, adx_trending",long_upper_shadow,close_below_ema20
2026-08-17,15.8,15.9,15.6,15.65,41547,654051,8940,新天地,,-0.2345567116860927,-0.2723358833969961,0.0377791717109034,15.6264197412435,16.282950036347362,17.156137375881666,46.48814007056251,20.2123934486628,0.2879806433952489,56394.6,881376.55,16.1,15.15,-0.2787409279721498,-0.1655966909490473,0.019543973941368,0.0032051282051281,15.6,2.14570320125976,16.25454034680264,15.622500000000082,14.990459653197526,0.5217549402811376,0.0809141106484305,63.15789473684212,40.3508771929822,15.4,15.37500000000018,-2203593.0,-2174995.25,-50.0,17.33296058149343,40.73305321093343,16.6875,17.65,,,,0.0,0.0,0.0,0.0,0.0,0.0,,0.0,0.0,0.0659,-0.2001,0.0,8.59,0.01,0,False,0,False,False,False,False,0.7367194731410455,False,False,True,False,True,False,False,False,False,False,False,False,False,False,False,False,False,True,0.0,0.0,2.875399361022371,8.0,-0.185375574077925,False,False,False,False,False,False,False,-1,False,3,False,False,223.1426878424753,,5,False,3,False,False,False,False,"market_above_ma60, avoid_chase, adx_trending",,
2026-08-17,1270.0,1290.0,1195.0,1215.0,2877863,3529987060,8996,高力,,13.904912339100749,-28.86204636682157,42.76695870592232,1115.0780168976285,1131.4521573033844,1054.4861462781196,56.05064422046794,20.39355720266669,92.08176404255248,3178699.75,3388156630.95,1285.0,940.0,1.3367744174568617,-0.3181813709225912,0.1302325581395349,-0.05078125,1280.0,1.9194373868726955,1304.776777598335,1040.55,776.3232224016649,0.8301141572130714,0.5078598387359282,61.66666666666666,82.32026143790851,1203.0,1133.5,166565827.0,167529268.85,-20.68345323741007,132.60087358654516,66.96496239243703,1383.75,1330.0,,,,0.0,0.0,0.0,0.0,0.0,0.0,,0.0,0.0,0.5763,0.2731,0.0,30.75,-4.48,0,False,0,False,False,True,True,0.9053585510868084,False,True,True,False,False,True,False,False,False,False,False,False,False,False,False,False,True,True,0.0,-12.0,5.761316872427984,0.0,-0.1167610594427921,False,False,False,False,False,False,False,-1,False,6,False,False,400.6524527975545,,3,False,3,False,False,False,False,"ema60_gt_ema120, rsi_strong, market_above_ma60, liquidity_ok, adx_trending, mfi_strong",,
2026-08-17,5.17,5.21,5.14,5.2,564886,2926648,9103,美德醫療-DR,,-0.0135467929628472,-0.0096117030747287,-0.0039350898881184,5.207803839830363,5.206978137757817,5.150777674627285,49.4098204438596,15.97783614547122,0.1830141946689777,1675251.95,9100052.55,5.73,5.12,-0.2525922149791843,-0.1137550268422638,-0.0151515151515151,0.0077519379844961,5.16,0.5153390088081791,5.56238815893301,5.249499999999989,4.936611841066967,0.4208982529591591,0.1192068421499274,50.0,38.207747977863015,5.1760000000000215,5.208999999999992,14936733.0,14563451.6,-54.54545454545455,-47.75413711583919,39.16440809725156,5.475,5.565,,,,0.0,0.0,0.0,0.0,0.0,0.0,,0.0,0.0,0.0,0.0,0.0,2.83,-0.06,0,False,0,False,False,False,True,0.337194653019207,False,False,False,False,True,False,False,False,True,True,False,False,False,False,False,False,False,False,0.0,0.0,10.192307692307695,0.0,0.0493926957906554,False,False,False,False,False,False,False,-1,False,5,False,False,308.9646588796799,,3,False,3,False,True,False,True,"ema60_gt_ema120, market_above_ma60, avoid_chase, kd_golden_cross, obv_uptrend",,close_below_ema20
2026-08-17,8.74,9.09,8.42,8.82,37949777,330967088,9105,泰金寶-DR,,-0.0509241088476404,-0.1470460787921395,0.096121969944499,8.3971481027375,8.298003576309325,7.728057601704372,57.9318861631432,14.389972244778088,0.4129486120511481,21070841.55,173967505.55,8.76,8.08,0.0550386415005775,-0.2779326969298112,0.0652173913043479,0.024390243902439,8.61,1.6234331013315433,9.021374494219629,8.264499999999998,7.507625505780368,0.8669696919650768,0.1831628033685354,73.26732673267331,71.74963118431636,8.46599999999994,8.337999999999965,553767314.0,503464771.65,-13.989637305699462,122.10299985527897,64.1964083498504,10.2175,9.7,,,,0.0,0.0,0.0,0.0,0.0,0.0,,0.0,0.0,0.6795,0.1346,0.0,2.38,0.67,0,False,0,False,False,True,True,1.8010565410948192,True,True,False,True,False,True,False,False,False,True,False,False,False,True,False,True,True,True,-10.0,-12.0,-0.680272108843543,25.0,0.2754694633234016,False,False,False,True,False,False,False,-1,False,10,True,False,719.316198970829,,3,False,3,False,False,False,False,"ema60_gt_ema120, volume_break, rsi_strong, breakout_20d, market_above_ma60, liquidity_ok, obv_uptrend, breakout_volume_confirm, cci_momentum, mfi_strong",long_upper_shadow,
2026-08-17,2.91,3.05,2.91,3.05,2000,5960,9110,越南控-DR,,-0.0771269094928488,-0.1477067564063037,0.0705798469134548,2.519397819731858,2.7262904327739155,2.839483641805327,51.43679118291016,7.306340861684582,1.3578515861537697,25309.25,77942.0,3.43,0.0,,,inf,-0.0192926045016077,3.11,0.6574049904772954,5.120280393550544,2.373999999999989,-0.3722803935505649,0.6230755609637583,2.3136313340779835,91.04477611940298,90.503749474204,2.475999999999999,2.5309999999999944,-1346918.0,-1226335.3,-11.07871720116619,36.92365835222981,22.223572917214568,2.6,1.98,,,,0.0,0.0,0.0,0.0,0.0,0.0,,0.0,0.0,0.0,0.0,0.0,0.04,0.0,0,False,0,False,False,True,False,0.0790224917767219,False,False,False,False,False,False,False,False,False,False,False,False,False,False,False,False,False,False,-20.0,0.0,12.459016393442637,0.0,-0.6128526843270568,False,False,True,False,False,False,False,-1,False,2,False,False,43.43599270584254,,3,False,3,False,False,False,False,"market_above_ma60, above_ichimoku_cloud",,
2026-08-17,11.5,11.85,11.25,11.65,190254,2223452,9136,巨騰-DR,,-0.2648583943300977,-0.3760277542474733,0.1111693599173755,11.619690832871887,11.53825833941211,10.471661876695498,48.19621408202816,10.353016913075328,0.5965441943581208,522835.25,5990557.2,11.9,11.3,0.1378810263310075,-0.4506076858418302,0.0264317180616739,0.0130434782608694,11.5,0.774578886336485,11.95636803066912,11.32750000000001,10.6986319693309,0.7564130980365257,0.111033861075985,75.00000000000006,67.08333333333333,11.50000000000009,11.440000000000008,69666090.0,70129840.7,-26.66666666666669,81.48148148148093,39.53212668553384,14.5375,9.45,,,,0.0,0.0,0.0,0.0,0.0,0.0,,0.0,0.0,0.0,0.0,0.0,3.44,0.04,0,False,0,False,False,True,True,0.3638890071011853,False,False,False,False,True,False,False,False,True,False,False,False,False,False,False,False,False,True,-10.0,0.0,2.145922746781116,8.0,-0.0658792998125921,False,False,False,False,False,False,False,-1,False,4,False,False,245.84833847326072,,3,False,3,False,False,False,False,"ema60_gt_ema120, market_above_ma60, avoid_chase, kd_golden_cross",,
2026-08-17,71.4,71.4,70.6,71.1,414713,29426949,9802,鈺齊-KY,,-0.6531522190710746,-0.8019713444253159,0.1488191253542413,72.27845290706388,74.64707248450011,79.29566522386239,44.79417205037012,12.810684742027997,2.0104526537305327,876790.65,62904999.2,74.9,69.3,-0.1543479371769063,-0.1497713946379596,-0.0028050490883591,-0.0069832402234636,71.6,0.8147811788519328,75.35462047821895,72.16000000000004,68.96537952178113,0.3340960988594449,0.0885426961812335,37.87878787878783,48.48484848484865,72.6199999999997,71.33999999999978,-32395992.0,-31105654.85,-62.12121212121217,-55.555555555556,36.76277123690151,75.75,78.80000000000001,,,,0.0,0.0,0.0,0.0,0.0,0.0,,0.0,0.0,0.3087,0.0593,0.0,42.88,0.31,0,False,0,False,False,False,False,0.4729897610107954,False,False,False,False,True,True,False,False,False,False,False,False,False,False,False,False,False,True,0.0,0.0,5.344585091420551,0.0,-0.3822967252102049,False,False,False,False,False,False,False,-1,False,3,False,False,215.1423369075855,,3,False,3,False,True,False,True,"market_above_ma60, avoid_chase, liquidity_ok",,close_below_ema20
2026-08-17,13.8,14.05,13.8,13.9,115033,1603002,9902,台火,,0.0174362247736947,-0.00700403382415,0.0244402585978448,13.751211211248208,13.891465105749228,14.385153714193985,54.47046339116336,10.315853114132617,0.3072143663393218,125072.5,1714881.5,13.9,13.65,0.0332667067186023,-0.0190127481396894,0.0036101083032491,0.0145985401459853,13.7,0.8630397916783874,14.00040108099379,13.727499999999916,13.454598919006044,0.81604858319333,0.0397597641222179,72.72727272727269,57.57575757575736,13.820000000000071,13.769999999999982,16677679.0,16784342.95,-23.52941176470581,121.6216216216183,58.73537716936973,14.0,14.025,,,,0.0,0.0,0.0,0.0,0.0,0.0,,0.0,0.0,-0.0864,-0.7376,0.0,1.65,0.09,0,False,0,False,False,True,False,0.9197305562773592,False,False,False,False,True,False,False,False,True,False,False,False,False,False,False,True,True,True,-10.0,-12.0,0.0,25.0,-0.1878920658030508,False,False,False,False,False,False,False,-1,False,5,False,False,339.942600773137,,3,False,3,False,False,False,False,"market_above_ma60, avoid_chase, kd_golden_cross, cci_momentum, mfi_strong",,
2026-08-17,25.25,25.3,24.65,24.8,22058223,549073090,9904,寶成,,-0.0752919290118327,-0.2324734173009038,0.157181488289071,24.280631219960448,25.021756689963784,26.169841484723708,56.10431952847741,17.584213183061603,0.4967966710405899,20194381.65,488572427.95,25.25,23.45,0.0183388262053598,-0.1770906551755177,0.0290456431535268,-0.0178217821782178,25.25,2.7152282466898225,24.904539334065536,24.144999999999985,23.385460665934428,0.9311824092730182,0.0629148340497456,73.17073170731705,76.09756097561028,24.389999999999965,24.089999999999964,-292145994.0,-275584628.0,-26.82926829268295,186.30475015422647,48.08032242961664,25.025,25.35,,,,0.0,0.0,0.0,0.0,0.0,0.0,,0.0,0.0,-0.0064,0.0323,0.0,29.15,0.78,0,False,0,False,False,False,False,1.0922950443496249,False,True,False,False,True,True,False,False,False,False,False,False,False,False,False,False,False,True,-10.0,-25.0,1.8145161290322551,15.0,-0.1295380558187628,False,False,False,False,False,False,False,-1,False,4,False,False,224.36849377367108,,3,False,3,False,False,False,False,"rsi_strong, market_above_ma60, avoid_chase, liquidity_ok",,
2026-08-17,21.4,21.55,21.25,21.5,253395,5425467,9905,大華,,0.1775026177856773,0.088220684195767,0.0892819335899103,21.093915163580323,20.95839293522772,20.901869826398546,64.67451336578762,22.94472460602637,0.295982220484994,188190.15,3901687.3,21.65,20.6,0.2722869211435788,0.025110608762819,0.0070257611241217,0.0046728971962617,21.4,1.0155689111242847,21.69401251636748,20.93499999999999,20.175987483632507,0.8721941257991439,0.0725113462018136,82.35294117647071,81.07416879795407,21.509999999999856,21.22999999999993,-2130713.0,-2873388.4,-13.043478260869458,110.75152822725715,64.60078413599481,20.8,20.875,,,,0.0,0.0,0.0,0.0,0.0,0.0,,0.0,0.0,0.4536,0.0451,0.0,2.53,0.01,0,False,0,False,False,True,True,1.346483862200014,False,True,True,False,True,False,False,False,False,True,False,False,False,False,False,False,True,True,-20.0,-12.0,0.6976744186046445,25.0,0.8772707298674539,False,False,True,False,False,False,False,-1,False,8,False,False,591.9920873804095,,5,False,3,False,False,False,False,"ema60_gt_ema120, rsi_strong, market_above_ma60, avoid_chase, adx_trending, obv_uptrend, mfi_strong, above_ichimoku_cloud",,
