date,open,high,low,close,volume,amount,stock_id,name,industry_category,macd,macd_signal,macd_hist,ema20,ema60,ema120,rsi14,adx14,atr14,volume_ma20,amount_ma20,close_20d_high,close_10d_low,lr_slope_20,lr_slope_60,return_5d,day_return,prev_close,prev_volume_ratio,bb_upper,bb_mid,bb_lower,bb_pct_b,bb_bandwidth,stoch_k,stoch_d,sma5,sma10,obv,obv_ma,williams_r,cci20,mfi14,ichi_senkou_a,ichi_senkou_b,market_ma60,market_above_ma60,market_return_5d,foreign_net,foreign_buy_streak,invest_trust_net,invest_trust_streak,dealer_net,dealer_buy_streak,relative_strength_5d,margin_change_5d,short_ratio,revenue_yoy,revenue_mom,revenue_3m_yoy,foreign_holding_pct,foreign_holding_chg5d,insider_net_30d,has_buyback,limit_down_streak,macd_golden_cross,hist_turn_positive,above_ema60,ema60_gt_ema120,volume_ratio,volume_break,rsi_strong,adx_trending,breakout_20d,avoid_chase,liquidity_ok,foreign_buy_3d,stronger_than_market,kd_golden_cross,obv_uptrend,invest_trust_buy_2d,dealer_buy_3d,bb_squeeze_breakout,breakout_volume_confirm,williams_r_recovery,cci_momentum,mfi_strong,ma5_above_ma10,kd_level_score,bb_level_signal,gap_to_20d_high_pct,breakout_proximity_score,obv_strength,foreign_buy_accel,invest_trust_accel,above_ichimoku_cloud,long_upper_shadow,open_high_close_low,gap_chase_after_blowout,earnings_blocked,f_score,f_score_low,condition_count,skip_trade,entry_signal,entry_score,momentum_score,expected_hold_days,momentum_decay_signal,estimated_sl_days,macd_death_cross,close_below_ema20,close_below_swing_low,base_exit_signal,entry_reason,skip_reason,base_exit_reason
2026-09-29,53.6,54.5,53.2,53.4,85861,4619873,8045,達運光電,,0.1739601081821362,-0.3444571338083192,0.5184172419904556,52.29407578592205,54.98283883215807,60.77880420543283,53.89594764954536,20.625205130281447,2.37260305344236,232341.75,12105803.25,54.6,47.2,0.3990046228484293,-0.3113546076346905,-0.021978021978022,0.0018761726078799,53.3,0.3461832113339587,56.008237293486886,51.36249999999964,46.716762706512384,0.7192870443682521,0.1808999676217974,42.307692307692285,53.11301017822674,53.37999999999956,52.93499999999913,-9606554.0,-10193102.15,-35.57312252964427,66.9522449627157,69.79139363776243,56.15,58.900000000000006,104561.64533333312,True,0.0096358201195023,3000.0,2.0,0.0,0.0,0.0,0.0,-0.0316138420975243,0.0,0.0,0.2341,-0.044,0.0,1.42,0.0,0,False,0,False,False,False,False,0.369546153457138,False,False,True,False,True,False,False,False,False,True,False,False,False,False,False,False,True,True,0.0,0.0,2.2471910112359605,8.0,0.8718015347591274,True,False,False,True,False,False,False,-1,False,5,True,False,417.15707995168094,9.4,3,False,3,False,False,False,False,"market_above_ma60, avoid_chase, adx_trending, obv_uptrend, mfi_strong",long_upper_shadow,
2026-09-29,257.5,273.5,256.5,273.5,14052899,3760015064,8039,台虹,,-1.302223346395806,3.546984766168448,-4.849208112564254,273.24670686855654,245.93628768592868,205.91792006571748,50.78629280072436,18.22806860890436,18.601679770525056,22771213.85,6705571316.4,343.5,256.0,-1.1804419192649085,1.0844278478148195,0.0148423005565863,0.058027079303675,258.5,0.280201857278177,328.40102252593124,283.4749999999998,238.54897747406835,0.3889841628619338,0.316966381698079,64.0625,30.20833333333333,263.1,266.15,397806073.0,436048381.15,-72.48322147651007,-58.16186556927305,30.547735418100302,241.375,212.5,104561.64533333312,True,0.0096358201195023,-1009153.0,0.0,70000.0,1.0,187669.0,1.0,0.0052064804370839,0.0,0.0,-0.1383,-0.0478,0.0,15.04,0.17,0,False,0,False,False,True,True,0.6171343825836495,False,False,False,False,True,True,False,True,False,False,False,False,False,False,False,False,False,False,0.0,0.0,25.59414990859232,0.0,-0.4624982577488852,False,False,True,False,False,False,False,-1,False,6,False,False,375.6213647328499,18.5,3,False,3,False,False,False,False,"ema60_gt_ema120, market_above_ma60, avoid_chase, liquidity_ok, stronger_than_market, above_ichimoku_cloud",,
2026-09-29,1210.0,1280.0,1200.0,1270.0,9218794,11492652550,8046,南電,,16.777187561916207,-3.464790002427738,20.241977564343944,1144.9394022661288,1102.0367301800704,980.1792395459782,61.70418136150886,14.2111340116314,82.75291876613157,11970699.85,13662467825.05,1240.0,1055.0,0.1999059379167486,-0.0073998990649756,0.1545454545454545,0.0241935483870967,1240.0,1.1279855151197635,1274.2531197679436,1124.0,973.7468802320564,0.9858468171093142,0.2673543056369103,95.65217391304348,91.9690919846198,1189.0,1135.5,249560435.0,210489746.75,-3.7735849056603774,129.14255654918497,68.48619297771384,1166.75,1088.0,104561.64533333312,True,0.0096358201195023,1587749.0,4.0,-91000.0,0.0,18654.0,7.0,0.1449096344259521,0.0,0.0,0.4059,-0.016,0.0,12.71,1.24,0,False,0,False,False,True,True,0.770113202696332,False,True,False,True,False,True,True,True,False,True,False,True,False,False,False,False,True,True,-20.0,-25.0,-2.3622047244094486,25.0,0.6363829776373602,True,False,True,False,False,False,False,-1,False,11,False,False,950.3377277586115,39.0,5,False,3,False,False,False,False,"ema60_gt_ema120, rsi_strong, breakout_20d, market_above_ma60, liquidity_ok, foreign_buy_3d, stronger_than_market, obv_uptrend, dealer_buy_3d, mfi_strong, above_ichimoku_cloud",,
2026-09-29,49.75,50.0,49.4,49.7,667296,33166257,8070,長華*,,0.0125785040550923,0.0539425776133666,-0.0413640735582743,49.807819567227696,49.89993849972279,49.3667332957273,49.39066398761783,13.946214799410727,1.3533180348614176,1597776.1,79862555.95,51.4,49.0,-0.0402837912762268,-0.0085682533845497,-0.019723865877712,0.0,49.7,0.8553417803000599,50.788728683194485,49.872500000000215,48.956271316805946,0.4058641127677744,0.0367428415737837,44.18604651162807,49.31987713909621,49.75,49.845000000000255,253286894.0,251668297.0,-45.28301886792439,-47.31620452810743,45.57809118062807,49.4625,51.625,104561.64533333312,True,0.0096358201195023,1001.0,1.0,0.0,0.0,6916.0,9.0,-0.0293596859972143,0.0,0.0,0.3757,0.0003,0.0,10.9,-0.09,0,False,0,False,False,False,True,0.4176404941843853,False,False,False,False,True,True,False,False,False,True,False,True,False,False,False,False,False,False,0.0,0.0,3.4205231388329893,8.0,0.134101398231377,False,False,False,True,False,False,False,-1,False,6,True,False,413.7856217206203,7.2,3,False,3,False,True,False,True,"ema60_gt_ema120, market_above_ma60, avoid_chase, liquidity_ok, obv_uptrend, dealer_buy_3d",long_upper_shadow,close_below_ema20
2026-09-29,28.35,28.35,27.7,27.8,148699,4139351,8072,陞泰,,0.3319119110874879,0.1365846570126009,0.195327254074887,26.955402991948763,27.05224954842937,27.831427991266725,60.09582979320681,34.98511964123651,0.7797121141088876,248643.85,6810666.95,28.35,26.1,0.3928031267466593,-0.0922582973067571,0.0,-0.0194003527336861,28.35,2.9956900040469447,28.11535185707,26.66749999999993,25.219648142929856,0.8910966424050616,0.108585495983506,59.615384615384606,63.114750746330174,27.61999999999971,27.254999999999928,4019075.0,2931799.55,-33.333333333333336,120.82514734774074,68.62671317796257,26.8,28.6,104561.64533333312,True,0.0096358201195023,-64000.0,0.0,0.0,0.0,0.0,0.0,-0.0096358201195023,0.0,0.0,0.1453,0.0256,0.0,1.96,0.4,0,False,0,False,False,True,False,0.5980401284809578,False,True,True,False,True,False,False,False,False,True,False,False,False,False,False,False,True,True,0.0,-12.0,1.978417266187053,15.0,1.4597899266858652,False,False,False,False,False,False,False,-1,False,6,False,False,486.49788040504,10.3,10,False,3,False,False,False,False,"rsi_strong, market_above_ma60, avoid_chase, adx_trending, obv_uptrend, mfi_strong",,
2026-09-29,254.0,257.0,253.0,255.5,360523,92082550,8081,致新,,-1.3520763799836004,-2.3441598966313064,0.992083516647706,252.47154380518555,258.1254886029194,257.7608646197585,52.75895013012085,17.18672279802927,5.593198830892831,279304.05,70339870.8,260.0,246.0,-0.0711608877607609,-0.1561636101228437,0.0098814229249011,0.0059055118110236,254.0,0.7964605535242709,258.9593477971899,251.6,244.2406522028101,0.7649691322843305,0.0585003799458655,87.5,82.19696969696997,252.5,250.65,20280214.0,19822407.65,-11.11111111111111,83.38467857876277,63.15327120048546,257.5,288.25,104561.64533333312,True,0.0096358201195023,97483.0,2.0,10400.0,3.0,2000.0,1.0,0.0002456028053987,0.0,0.0,0.1057,-0.0406,0.0,18.72,-0.18,0,False,0,False,False,False,True,1.290790448616839,False,False,False,False,True,True,False,True,False,True,True,False,False,False,False,False,True,True,-20.0,0.0,1.761252446183953,15.0,0.1758446369130029,True,True,False,False,False,False,False,-1,False,8,False,False,650.0180401291244,16.6,3,False,3,False,False,False,False,"ema60_gt_ema120, market_above_ma60, avoid_chase, liquidity_ok, stronger_than_market, obv_uptrend, invest_trust_buy_2d, mfi_strong",,
2026-09-29,10.95,11.0,10.7,10.7,6828,73993,8101,華冠,,-0.2110302230843128,-0.0615024036032515,-0.1495278194810613,11.655526942227874,12.081090197924818,12.557761310806962,43.67307014590956,8.183101713687186,0.7473043127970723,5345.75,62035.25,12.55,10.95,-0.4607880574709215,,-0.0932203389830509,-0.0228310502283105,10.95,1.3256445566521309,12.76372952140492,11.809999999999992,10.856270478595064,-0.0819259942613839,0.1615121966816135,0.0,6.138306138305779,11.139999999999873,11.64000000000001,1079494.0,1078024.95,-100.0,-185.22088353413668,43.89379744733619,9.0025,8.3,104561.64533333312,True,0.0096358201195023,0.0,0.0,0.0,0.0,0.0,0.0,-0.1028561591025533,0.0,0.0,-0.6035,-0.4402,0.0,0.05,0.0,0,False,0,False,False,False,False,1.277276341018566,False,False,False,False,True,False,False,False,False,True,False,False,False,False,False,False,False,False,20.0,25.0,17.28971962616824,0.0,0.0247193624941364,False,False,True,False,False,False,False,-1,False,4,False,False,273.0693957601153,16.0,3,False,3,False,True,True,True,"market_above_ma60, avoid_chase, obv_uptrend, above_ichimoku_cloud",,"close_below_ema20, close_below_swing_low"
2026-09-29,122.5,122.5,117.0,117.0,3898756,464530415,8103,瀚荃,,6.120718920282059,7.314392837998291,-1.1936739177162323,117.44072178905654,105.33869923485204,99.22166803997342,52.884623792274674,39.439931366050544,7.268474027811975,6045682.1,741431430.15,132.0,113.0,0.1204111302192489,0.8453029029890206,-0.0965250965250965,-0.048780487804878,123.0,0.4819305978692461,132.35085466963642,120.65,108.94914533036358,0.3440284875312696,0.1939636082824106,28.571428571428573,51.36778115501571,122.9,122.3,164073786.0,179506817.6,-63.82978723404256,-24.524524524524622,35.42618695183438,82.15,87.65,104561.64533333312,True,0.0096358201195023,119368.0,4.0,0.0,0.0,-34279.0,0.0,-0.1061609166445989,0.0,0.0,0.516,0.0193,0.0,20.08,-0.73,0,False,0,False,False,True,True,0.6448827337447995,False,False,True,False,True,True,True,False,False,False,False,False,False,False,False,False,False,True,10.0,0.0,12.82051282051282,0.0,-0.5309914699102548,True,False,True,False,False,False,False,-1,False,7,False,False,580.0769296985249,9.3,8,False,3,False,True,False,True,"ema60_gt_ema120, market_above_ma60, avoid_chase, liquidity_ok, foreign_buy_3d, adx_trending, above_ichimoku_cloud",,close_below_ema20
2026-09-29,31.1,31.7,31.0,31.4,414116,13023141,8104,錸寶,,-0.1442867271194181,-0.3924866896203446,0.2481999625009265,30.692446767199797,32.16554216800069,33.57047477420712,55.2573020050034,18.142809877984963,0.7990013391950342,283443.25,8694309.4,31.5,28.9,0.0379628064775421,-0.3965206759557488,0.0129032258064516,0.0112721417069241,31.05,0.6853668817061258,31.728316017196768,30.444999999999983,29.1616839828032,0.8720829426278309,0.0843038933944349,89.28571428571426,78.57142857142814,31.05,30.43999999999996,118123689.0,116880839.5,-10.714285714285737,102.55659640905508,53.77628689409354,32.3125,36.125,104561.64533333312,True,0.0096358201195023,215456.0,5.0,0.0,0.0,0.0,0.0,0.0032674056869492,0.0,0.0,0.1569,-0.1668,0.0,2.47,0.08,0,False,0,False,False,False,False,1.4610190928872004,False,True,False,False,True,False,True,True,False,True,False,False,False,False,False,True,True,True,-20.0,-12.0,0.3184713375796223,25.0,0.4213901283662353,True,False,False,False,False,False,False,-1,False,8,False,False,662.6668724692669,21.0,3,False,3,False,False,False,False,"rsi_strong, market_above_ma60, avoid_chase, foreign_buy_3d, stronger_than_market, obv_uptrend, cci_momentum, mfi_strong",,
2026-09-29,14.9,15.0,14.7,14.9,988490,14713786,8105,凌巨,,-0.3833464772912371,-0.5004184320039435,0.1170719547127063,15.109597507682638,16.166341788229325,16.134973151478487,44.979326851374566,23.75867956809884,0.5720992254922552,2939051.05,45287592.7,16.65,14.15,-0.3118405315340066,-0.715841546660432,0.0067567567567567,0.0033670033670034,14.85,0.3123713669135161,15.998844260388651,15.0125,14.026155739611347,0.4429712299660616,0.1314030654972392,48.38709677419358,47.31182795698927,15.010000000000035,14.750000000000046,-19390438.0,-22300971.9,-51.61290322580641,-30.873334743075077,53.4626168428336,17.3375,20.125,104561.64533333312,True,0.0096358201195023,591770.0,2.0,0.0,0.0,184.0,1.0,-0.0028790633627455,0.0,0.0,-0.1043,-0.0031,0.0,40.1,-0.03,0,False,0,False,False,False,True,0.3363296462645656,False,False,True,False,True,False,False,False,True,True,False,False,False,False,False,False,True,True,0.0,0.0,11.744966442953007,0.0,0.0682826179399589,True,False,False,False,False,False,False,-1,False,7,False,False,469.1826878779252,12.8,3,False,3,False,True,False,True,"ema60_gt_ema120, market_above_ma60, avoid_chase, adx_trending, kd_golden_cross, obv_uptrend, mfi_strong",,close_below_ema20
2026-09-29,48.5,48.9,48.0,48.4,4399510,213095541,8110,華東,,1.0846445800613085,0.3428606589252179,0.7417839211360904,46.02626972172814,46.47639450871223,47.770387990613735,57.744189323199,20.824900023862742,2.158316468704179,8607411.45,415803078.2,52.1,40.5,0.5960913902243711,-0.0288862988990844,0.021097046413502,-0.0122448979591837,49.0,0.7666533237050666,51.2257443032733,45.03249999999999,38.83925569672667,0.7718688166572234,0.2750566503424557,62.69841269841268,67.72486772486809,49.63000000000029,46.25500000000011,2700684513.0,2691311944.8,-37.30158730158732,89.06753872007984,36.96602906825687,43.425,48.5,104561.64533333312,True,0.0096358201195023,457944.0,1.0,0.0,0.0,-67027.0,0.0,0.0114612262939997,0.0,0.0,0.2485,0.1606,0.0,0.96,-1.0,0,False,0,False,False,True,False,0.5111304398025495,False,True,True,False,True,True,False,True,False,True,False,False,False,False,False,False,False,True,0.0,0.0,7.64462809917356,0.0,0.4741385847179546,False,False,False,True,False,False,False,-1,False,7,True,False,550.8009674146409,15.9,3,True,3,False,False,False,False,"rsi_strong, market_above_ma60, avoid_chase, liquidity_ok, adx_trending, stronger_than_market, obv_uptrend",long_upper_shadow,
2026-09-29,83.5,83.6,82.6,82.7,3568622,296211505,8112,至上,,-2.0679895034507325,-1.829928364416228,-0.2380611390345048,85.33740156331842,87.42835540019398,85.75378260660948,36.90877930589818,22.29624272694931,1.994916510567737,5958682.25,515237244.25,91.3,82.2,-0.6363288548000539,-0.0063431916529113,-0.0048134777376653,-0.0095808383233532,83.5,0.4660050178545917,92.90386647886382,85.93499999999968,78.96613352113553,0.2678962561694146,0.1621892471953027,39.99999999999986,42.17345872518248,82.81999999999971,82.86999999999935,1339992743.0,1359116554.45,-91.11111111111114,-63.80546607087204,16.662487959380087,91.2,88.75,104561.64533333312,True,0.0096358201195023,-2065656.0,0.0,-27000.0,0.0,-14671.0,0.0,-0.0144492978571677,0.0,0.0,1.5483,-0.47,0.0,13.61,-1.26,0,False,0,False,False,False,True,0.5988944955069554,False,False,True,False,True,True,False,False,False,False,False,False,False,False,False,False,False,False,0.0,0.0,10.399032648125749,0.0,-0.3782144019047742,False,False,False,False,False,False,False,-1,False,5,False,False,321.45037213221224,9.0,5,False,3,False,True,False,True,"ema60_gt_ema120, market_above_ma60, avoid_chase, liquidity_ok, adx_trending",,close_below_ema20
2026-09-29,177.5,181.0,177.5,179.0,213036,38220269,8114,振樺電,,-6.0060031814958,-6.550178777463401,0.5441755959676016,182.7983370421213,193.8974732328193,197.9375899055404,40.82615214594231,25.98858233776845,5.214779070645877,406210.1,74468657.1,198.5,175.0,-0.5659267209615298,-0.3079601985011465,0.0,0.0084507042253521,177.5,0.5560296467548363,197.27449151665868,182.525,167.77550848334133,0.3805043551495071,0.1616161240011908,69.23076923076923,41.02564102564126,177.0,177.5,-643371.0,-32578.2,-64.0,-37.59398496240603,24.954801076606813,211.75,213.75,104561.64533333312,True,0.0096358201195023,17990.0,2.0,-2000.0,0.0,912.0,1.0,-0.0096358201195023,0.0,0.0,0.3875,-0.216,0.0,13.91,0.02,0,False,0,False,False,False,False,0.5244478165363196,False,False,True,False,True,True,False,False,False,False,False,False,False,False,False,False,False,False,0.0,0.0,10.893854748603353,0.0,-0.1809756571100858,True,False,False,False,False,False,False,-1,False,4,False,False,313.07277028004216,10.4,5,False,3,False,True,False,True,"market_above_ma60, avoid_chase, liquidity_ok, adx_trending",,close_below_ema20
2026-09-29,61.4,61.8,60.9,61.6,607921,37379801,8131,福懋科,,-0.5779924737026789,-0.8682122696963859,0.2902197959937069,61.33868216187226,63.5367107873024,63.683714440441086,49.52473345976252,8.246039718465303,2.0633050432319453,1951786.2,121081908.15,63.7,57.5,-0.1720992252600459,-0.3505596144319451,0.00489396411093,0.003257328990228,61.4,0.3914434129267762,64.4081126474673,61.229999999999926,58.05188735253255,0.5582106490616252,0.1038090036736038,65.07936507936513,62.9629629629629,61.5,60.32999999999993,664977176.0,660592820.85,-49.382716049382665,-0.8063432334367788,70.71516301417275,65.525,68.94999999999999,104561.64533333312,True,0.0096358201195023,161762.0,1.0,0.0,0.0,188.0,2.0,-0.0047418560085723,0.0,0.0,0.2925,0.0437,0.0,2.89,-0.17,0,False,0,False,False,False,False,0.3114690533215165,False,False,False,False,True,True,False,False,False,True,False,False,False,False,False,False,True,True,0.0,0.0,3.409090909090912,8.0,0.3200207408921586,False,False,False,False,False,False,False,-1,False,5,False,False,364.954939423921,11.8,3,False,3,False,False,False,False,"market_above_ma60, avoid_chase, liquidity_ok, obv_uptrend, mfi_strong",,
2026-09-29,65.6,66.5,64.5,65.4,412662,27013375,8162,微矽電子-創,,0.7041820934740031,0.1930388952262813,0.5111431982477218,61.50027037730724,61.40846799728335,58.908859654216194,61.98952896334623,15.350104141083197,2.8897609737442087,208292.75,13124448.8,65.1,58.8,0.116063408720113,-0.1800554357967758,0.0721311475409836,0.0046082949308756,65.1,5.511657253808084,64.73640372915119,61.24500000000008,57.753596270848966,1.0950328753601577,0.1140143270193847,67.59259259259261,67.80730005367695,62.73999999999978,61.36999999999989,17309390.0,15225752.55,-32.4074074074074,205.12820512820616,87.75450713040149,58.075,67.30000000000001,104561.64533333312,True,0.0096358201195023,-72946.0,0.0,0.0,0.0,-14679.0,0.0,0.0624953274214812,0.0,0.0,0.0526,0.0015,0.0,1.53,0.44,0,False,0,False,False,True,True,1.981163530655772,True,True,False,True,False,False,False,True,False,True,False,False,True,True,False,False,True,True,0.0,-25.0,-0.4587155963302926,25.0,2.0,False,False,False,True,False,False,False,-1,False,10,True,False,843.8116353065577,43.1,5,False,3,False,False,False,False,"ema60_gt_ema120, volume_break, rsi_strong, breakout_20d, market_above_ma60, stronger_than_market, obv_uptrend, bb_squeeze_breakout, breakout_volume_confirm, mfi_strong",long_upper_shadow,
2026-09-29,112.0,112.0,104.5,104.5,53281367,5692988965,8150,南茂,,4.035758040886307,1.7485921103183624,2.287165930567945,96.0727988223448,92.6965651933027,86.82366753809829,61.30518833505442,23.567254257895048,6.291095087751876,38128049.5,3822060282.9,112.0,84.4,0.8940243880793801,-0.1671884470301661,0.1117021276595744,-0.0669642857142857,112.0,2.293308049986691,109.34724322498796,93.66000000000012,77.9727567750123,0.8455036632163995,0.3349827722611104,63.60759493670886,74.19937707143738,106.4,97.07999999999991,1524328283.0,1237424931.05,-36.2776025236593,139.4798428047864,81.22429770887676,93.875,95.35,104561.64533333312,True,0.0096358201195023,-20626616.0,0.0,1000.0,2.0,-676573.0,0.0,0.102066307540072,0.0,0.0,0.3327,-0.0132,0.0,45.74,8.31,0,False,0,False,False,True,True,1.3974322762039006,False,True,True,False,False,True,False,True,False,True,True,False,False,False,False,False,True,True,0.0,-12.0,7.177033492822966,0.0,2.0,False,True,True,False,False,False,False,-1,False,10,False,False,935.974322762039,39.8,5,False,3,False,False,False,False,"ema60_gt_ema120, rsi_strong, market_above_ma60, liquidity_ok, adx_trending, stronger_than_market, obv_uptrend, invest_trust_buy_2d, mfi_strong, above_ichimoku_cloud",,
2026-09-29,30.2,30.3,29.8,30.15,385982,11608164,8163,達方,,-0.4515885633402021,-0.558159837386455,0.1065712740462528,30.32420285367,31.86768744423499,32.62139530516083,45.3048955888128,15.309529820402531,0.7088149052721747,547991.1,16630579.95,31.85,29.05,-0.2632263324771782,-0.3334826674522972,0.0100502512562812,0.0033277870216306,30.05,1.0091344585294957,31.715392802048083,30.31499999999996,28.91460719795184,0.4410879576934965,0.0923894311098876,70.9677419354837,61.29032258064459,30.139999999999414,29.87499999999964,27709002.0,27223069.5,-45.00000000000011,-29.102305798075022,38.48968278556327,31.9625,37.85,104561.64533333312,True,0.0096358201195023,180016.0,5.0,0.0,0.0,5751.0,1.0,0.0004144311367788,0.0,0.0,0.1118,-0.0829,0.0,9.14,0.05,0,False,0,False,False,False,False,0.7043581547218559,False,False,False,False,True,False,True,True,False,True,False,False,False,False,False,False,False,True,-10.0,0.0,5.638474295190723,0.0,0.1251367870126185,True,False,False,False,False,False,False,-1,False,5,False,False,443.54522299136994,11.1,3,False,3,False,True,False,True,"market_above_ma60, avoid_chase, foreign_buy_3d, stronger_than_market, obv_uptrend",,close_below_ema20
2026-09-29,14.6,14.6,14.2,14.6,843746,12317382,8201,無敵,,0.3255117577331496,0.070952232552215,0.2545595251809346,12.276674668546196,12.229415080606156,12.557856862694486,80.17426801936705,43.78500690570456,0.4774822069161303,91078.1,1225083.0,13.3,11.6,0.5631021423202645,-0.0633203589601307,0.2116182572614107,0.0977443609022554,13.3,8.31192884699503,13.434557691105136,12.050000000000022,10.665442308894908,1.4208717037874536,0.2298021064074873,100.0,88.88888888888869,12.860000000000037,12.325000000000044,5342865.0,4147726.15,-0.0,432.1423320099981,91.15549670891409,11.8125,12.5,104561.64533333312,True,0.0096358201195023,46000.0,1.0,0.0,0.0,3728.0,1.0,0.2019824371419083,0.0,0.0,0.1983,-0.113,0.0,0.75,-0.05,0,False,0,False,False,True,False,9.263983328593811,True,True,True,True,False,False,False,True,False,True,False,False,False,True,False,False,True,True,-20.0,-25.0,-8.904109589041088,25.0,2.0,False,False,True,False,False,True,False,-1,False,10,True,False,899.0,74.9,10,False,3,False,False,False,False,"volume_break, rsi_strong, breakout_20d, market_above_ma60, adx_trending, stronger_than_market, obv_uptrend, breakout_volume_confirm, mfi_strong, above_ichimoku_cloud",gap_chase_after_blowout,
2026-09-29,894.0,894.0,876.0,877.0,1137156,1002390547,8210,勤誠,,-33.30095458664323,-37.46896449869069,4.168009912047459,917.9030219855224,1012.5555480533136,1050.2193832851497,36.60157682416163,18.904973379880364,30.89995980708087,1189979.75,1102137700.7,990.0,874.0,-0.5484680404312022,-0.5589520069485542,-0.0277161862527716,-0.0222965440356744,897.0,0.444930927993597,987.729983141332,916.55,845.3700168586679,0.2221831317277,0.1553215495964913,8.51063829787234,33.333333333333336,892.8,890.0,73921483.0,78024466.2,-93.84615384615384,-80.88888888888881,36.53875724904894,1066.75,1253.5,104561.64533333312,True,0.0096358201195023,-633198.0,0.0,0.0,0.0,-9225.0,0.0,-0.0373520063722739,0.0,0.0,0.4054,-0.0022,0.0,8.94,0.16,0,False,0,False,False,False,False,0.9556095387337472,False,False,False,False,True,True,False,False,False,False,False,False,False,False,False,False,False,True,20.0,0.0,12.884834663625996,0.0,-0.61193963150961,False,False,False,False,False,False,False,-1,False,3,False,False,227.21281980922217,7.2,3,False,3,False,True,False,True,"market_above_ma60, avoid_chase, liquidity_ok",,close_below_ema20
2026-09-29,33.1,33.1,32.8,32.8,529799,17417309,8213,志超,,0.0987467481913526,0.076388365275437,0.0223583829159155,32.827046291688305,33.143710416766275,33.8339920881114,50.03467381054272,13.36755891163596,0.6289725753530814,322173.05,10558795.1,33.5,32.25,-0.009648030227965,0.0086609536515619,-0.0060606060606061,-0.0090634441087614,33.1,0.5849108453482424,33.55920167568908,32.85499999999983,32.150798324310585,0.4609486870746195,0.0428672455144879,40.740740740740485,59.32980599647272,33.1,32.86999999999989,13731971.0,13588692.6,-45.71428571428596,2.8629856850707167,45.42690035027525,31.762500000000003,33.1,104561.64533333312,True,0.0096358201195023,-105000.0,0.0,0.0,0.0,-305.0,0.0,-0.0156964261801084,0.0,0.0,0.3505,-0.0405,0.0,21.07,0.06,0,False,0,False,False,False,False,1.644454742567698,True,False,False,False,True,False,False,False,False,True,False,False,False,False,False,False,False,True,0.0,0.0,2.134146341463424,8.0,0.0798726496819476,False,False,False,False,False,False,False,-1,False,4,False,False,305.40301922186035,20.9,3,False,3,False,True,False,True,"volume_break, market_above_ma60, avoid_chase, obv_uptrend",,close_below_ema20
2026-09-29,27.85,28.4,27.6,28.0,1185197,33269449,8215,明基材,,0.8376317329154865,0.575780130802274,0.2618516021132125,26.609078104777595,26.048545383198736,25.733400458854355,59.8831938644884,32.637614283274004,1.1509138087566126,2282786.55,63651584.15,30.05,24.5,0.6541522635742784,0.0233162822677245,0.0237659963436929,0.0035842293906811,27.9,0.4701780665709106,29.19739556228487,26.29500000000012,23.392604437715367,0.793722885700961,0.2207564603373066,53.84615384615385,52.56410256410224,28.43000000000011,27.18000000000011,29616255.0,25413816.0,-46.15384615384615,92.52733351405084,87.2642035798492,24.5625,27.075,104561.64533333312,True,0.0096358201195023,234711.0,1.0,0.0,0.0,-14.0,0.0,0.0141301762241905,0.0,0.0,0.0488,-0.0394,0.0,2.0,0.48,0,False,0,False,False,True,True,0.519188708204015,False,True,True,False,True,True,False,True,True,True,False,False,False,False,False,False,True,True,0.0,0.0,7.321428571428575,0.0,1.024318406779728,False,False,True,True,False,False,False,-1,False,11,True,False,852.4837079633969,15.8,8,True,3,False,False,False,False,"ema60_gt_ema120, rsi_strong, market_above_ma60, avoid_chase, liquidity_ok, adx_trending, stronger_than_market, kd_golden_cross, obv_uptrend, mfi_strong, above_ichimoku_cloud",long_upper_shadow,
2026-09-29,39.3,39.65,38.05,39.05,384513,14906930,8249,菱光,,-0.6446582613827587,-0.8555412947894981,0.2108830334067394,39.440214992187286,42.05225250669497,45.20550189803816,44.18260273436664,19.982677909604877,0.9258328217728112,198367.1,7836791.5,41.65,37.1,-0.315177728175342,-0.341733698166536,-0.003826530612245,-0.0076238881829734,39.35,0.3511471031230672,41.93099685782038,39.38500000000003,36.839003142179685,0.434210445120731,0.1292876403615765,73.58490566037723,83.64779874213794,39.30999999999985,38.675,20820649.0,21205031.95,-36.06557377049188,-30.85478997887736,33.57187445571154,42.2,46.825,104561.64533333312,True,0.0096358201195023,138891.0,10.0,0.0,0.0,4000.0,1.0,-0.0134623507317473,0.0,0.0,-0.0382,-0.2131,0.0,1.82,0.14,0,False,0,False,False,False,False,1.938390993264508,True,False,False,False,True,False,True,False,False,False,False,False,False,False,False,False,False,True,-10.0,0.0,6.658130601792578,0.0,-0.3472884507836615,True,False,False,False,False,False,False,-1,False,4,False,False,280.2164485232412,27.8,3,False,3,False,True,False,True,"volume_break, market_above_ma60, avoid_chase, foreign_buy_3d",,close_below_ema20
2026-09-29,174.5,181.5,174.5,176.5,1003785,178031703,8261,富鼎,,-3.269691438997512,-5.318187799409399,2.048496360411887,176.1043518659444,186.31311750967964,177.43171784953606,48.45783650451536,10.17134060021715,9.769599659261193,2651743.45,465531213.05,187.5,162.0,-0.0652171388294511,-0.9824579448594424,-0.0028248587570621,0.0028409090909091,176.0,0.8142018610892848,184.9859777298632,173.85,162.71402227013678,0.6189837149590167,0.1281101838350671,60.0,72.05327413984439,176.6,173.4,183664524.0,178853160.9,-30.18867924528302,39.47990543735262,57.34901977669414,209.125,265.25,104561.64533333312,True,0.0096358201195023,30995.0,1.0,5000.0,3.0,-31580.0,0.0,-0.0124606788765645,0.0,0.0,-0.03,-0.0256,0.0,6.8,1.0,0,False,0,False,False,False,True,0.3785377503242253,False,False,False,False,True,True,False,False,False,True,True,False,False,False,False,False,True,True,0.0,0.0,6.232294617563739,0.0,0.5046000747520785,False,True,False,True,False,False,False,-1,False,7,True,False,504.8405784002672,13.9,3,False,3,False,False,False,False,"ema60_gt_ema120, market_above_ma60, avoid_chase, liquidity_ok, obv_uptrend, invest_trust_buy_2d, mfi_strong",long_upper_shadow,
2026-09-29,200.0,201.5,199.0,199.5,564200,112897167,8271,宇瞻,,-5.887241308172776,-4.70196212467195,-1.1852791835008256,209.1132549989464,212.37788781180333,200.9517147148017,37.212991735369606,14.12289789252058,7.151186953943586,1615014.4,347054161.6,232.5,199.5,-0.7180098975302662,0.1770086773482456,-0.0291970802919707,-0.0024999999999999,200.0,0.5345566382649994,229.93348376046535,210.775,191.61651623953463,0.2057439372298706,0.1817908552766255,14.285714285714286,14.642857142856885,201.1,202.65,717869761.0,724916410.25,-91.66666666666669,-87.29942063275419,14.4885201948361,219.75,207.75,104561.64533333312,True,0.0096358201195023,-103000.0,0.0,0.0,0.0,9001.0,1.0,-0.0388329004114731,0.0,0.0,1.771,-0.0007,0.0,8.89,-0.19,0,False,0,False,False,False,True,0.3493467302830241,False,False,False,False,True,True,False,False,False,False,False,False,False,False,False,False,False,False,20.0,0.0,16.541353383458645,0.0,-0.3578790818522862,False,False,False,True,False,False,False,-1,False,4,True,False,269.19891832060284,7.1,3,False,3,False,True,False,True,"ema60_gt_ema120, market_above_ma60, avoid_chase, liquidity_ok",long_upper_shadow,close_below_ema20
2026-09-29,74.5,74.6,74.3,74.3,101431,7553639,8341,日友,,-0.3895198402828583,-0.4135190310630693,0.0239991907802109,74.88943429124875,75.70135227229123,76.3079047985845,39.891741426663735,14.709956943873856,0.6289589773527778,148236.6,11106255.95,76.7,74.1,-0.074792715686504,-0.0497086681142215,-0.0132802124833997,-0.0026845637583893,74.5,0.6894388878350682,75.77365291563268,74.79999999999981,73.82634708436694,0.2432349906358477,0.0260335004179912,16.666666666666863,33.760683760683605,74.57999999999956,74.51999999999971,91462.0,732169.4,-76.92307692307709,-79.4790005316345,26.556645163907604,76.42500000000001,78.5,104561.64533333312,True,0.0096358201195023,-24000.0,0.0,0.0,0.0,0.0,0.0,-0.022916032602902,0.0,0.0,0.0397,0.035,0.0,5.35,0.08,0,False,0,False,False,False,False,0.6842507181087532,False,False,False,False,True,False,False,False,False,False,False,False,False,False,False,False,False,True,20.0,0.0,3.230148048452228,8.0,-0.7168617928144393,False,False,False,False,False,False,False,-1,False,2,False,False,151.24016566731424,5.3,3,False,3,False,True,False,True,"market_above_ma60, avoid_chase",,close_below_ema20
2026-09-29,25.75,25.75,25.45,25.5,2697535,68970484,8422,可寧衛*,,-0.2512767423445901,-0.1816833077433655,-0.0695934346012245,26.07006135867525,26.747617086922723,32.67599455887825,39.342301256145504,10.132311362202866,0.4615637064462019,4230723.5,110882516.65,27.1,25.55,-0.2016377389269396,-0.0383820553631891,-0.0395480225988701,-0.0019569471624266,25.55,0.7516525806234273,26.882797954524435,26.12749999999978,25.372202045475127,0.0846010198751976,0.0578163203157332,4.5454545454546045,3.102453102452879,25.68000000000029,25.884999999999856,920116924.0,933207576.55,-96.29629629629623,-139.77879481311984,38.646192211014494,26.175,27.85,104561.64533333312,True,0.0096358201195023,63100.0,1.0,1000.0,1.0,-51000.0,0.0,-0.0491838427183725,0.0,0.0,1.0585,0.2235,0.0,5.3,-0.22,0,False,0,False,False,False,False,0.6376060737601973,False,False,False,False,True,True,False,False,False,False,False,False,False,False,False,False,False,False,20.0,25.0,6.274509803921574,0.0,-0.7257550853472161,False,False,False,False,False,False,False,-1,False,3,False,False,232.66699971343536,2.8,3,False,3,False,True,True,True,"market_above_ma60, avoid_chase, liquidity_ok",,"close_below_ema20, close_below_swing_low"
2026-09-29,76.9,83.4,76.6,80.0,682528,55141134,8438,昶昕,,1.7848809897937483,0.4613186716310652,1.3235623181626832,71.55703342807087,72.63912099940943,72.60296682803406,71.6603916411239,21.15063331385693,3.301734424053543,341331.5,25210733.05,78.0,67.0,0.4270424576494624,-0.2712706003260013,0.167883211678832,0.0443864229765014,76.6,3.1491739552964044,77.94345757470478,70.61000000000004,63.2765424252953,1.1402164261772538,0.20771725179733,79.8816568047337,81.08782499551732,75.64000000000014,71.88000000000011,49305971.0,47610350.55,-19.653179190751462,221.9600904354664,90.58034236708828,69.375,81.6,104561.64533333312,True,0.0096358201195023,159888.0,1.0,0.0,0.0,434.0,1.0,0.1582473915593296,0.0,0.0,0.4448,0.0174,0.0,4.79,-0.51,0,False,0,False,False,True,True,1.999604490063179,True,True,True,True,False,False,False,True,False,True,False,False,True,True,False,False,True,True,-10.0,-25.0,-2.5,25.0,0.6751499553498201,False,False,False,False,False,False,False,-1,False,11,False,False,943.0978443648296,56.2,5,False,3,False,False,False,False,"ema60_gt_ema120, volume_break, rsi_strong, breakout_20d, market_above_ma60, adx_trending, stronger_than_market, obv_uptrend, bb_squeeze_breakout, breakout_volume_confirm, mfi_strong",,
2026-09-29,39.4,39.8,39.25,39.5,286371,11330904,8473,山林水,,-1.4303127146827848,-1.4505367108257563,0.0202239961429717,40.40696966272374,42.47577341965911,42.35761790140418,39.93324352063607,29.671430599246893,0.9626120713098872,585547.25,24035697.15,46.3,37.75,-1.0792078915473438,-0.2236345642646767,0.0193548387096773,0.0025380710659899,39.4,0.4600448014237869,47.55576507861251,40.94250000000002,34.329234921387524,0.3909388945662327,0.3230513563467052,86.95652173913054,84.81884057971001,39.02000000000008,38.6,46669197.0,46649083.45,-34.42622950819666,-32.77510639473832,44.89256768284076,43.6625,47.45,104561.64533333312,True,0.0096358201195023,1087.0,3.0,0.0,0.0,-1000.0,0.0,0.0097190185901749,0.0,0.0,0.0498,-0.1878,0.0,2.96,0.07,0,False,0,True,True,False,True,0.4890655707118426,False,False,True,False,True,False,True,True,False,True,False,False,False,False,False,False,False,True,-20.0,0.0,17.215189873417714,0.0,0.0131594779845567,True,False,False,True,False,False,False,-1,False,9,True,False,715.0485694429331,12.6,5,False,3,False,True,False,True,"macd_golden_cross, ema60_gt_ema120, market_above_ma60, avoid_chase, hist_turn_positive, foreign_buy_3d, adx_trending, stronger_than_market, obv_uptrend",long_upper_shadow,close_below_ema20
2026-09-29,254.5,258.0,254.5,257.0,17191,4401388,8499,鼎炫-KY,,-3.6432546580034,-8.021894201766234,4.378639543762834,244.15330865851092,258.0221459723935,268.7575241860189,51.565457878110806,10.08370607756085,28.69951574782409,20482.95,5244619.3,271.0,0.0,,,0.0058708414872798,0.0098231827111985,254.5,0.3878861441404991,353.34634462413226,242.125,130.90365537586771,0.5668711570169801,0.918710125960824,99.03660886319844,98.20166987796983,254.4,228.15,4195604.0,4164104.05,-3.745318352059925,36.21748761160966,54.527536132307546,264.5,280.5,104561.64533333312,True,0.0096358201195023,9000.0,3.0,0.0,0.0,0.0,0.0,-0.0037649786322224,0.0,0.0,0.9124,-0.0118,0.0,72.21,0.06,0,False,0,False,False,False,False,0.839283404001865,False,False,False,False,True,False,True,False,False,True,False,False,False,False,False,False,True,True,-20.0,0.0,5.447470817120623,0.0,0.2280606201497851,True,False,False,False,False,False,False,-1,False,5,False,False,391.1295614818161,23.7,3,False,3,False,False,False,False,"market_above_ma60, avoid_chase, foreign_buy_3d, obv_uptrend, mfi_strong",,
2026-09-29,19.5,20.35,19.5,19.85,247315,4941849,8476,台境*,,-0.1376821887731552,-0.1996994377968842,0.062017249023729,19.68680539203004,20.03378049824932,19.890185988330018,51.25015881192777,9.17153297174514,0.5929862545401815,245630.6,4771073.9,19.9,19.5,0.0972966499140925,-0.3552462178619071,0.0050632911392405,0.0179487179487181,19.5,1.245561382279997,20.063340666615726,19.54249999999997,19.021659333384218,0.7951958436714053,0.0533033815137014,61.53846153846156,52.091767881241445,19.57000000000007,19.619999999999983,50594126.0,50657851.35,-30.303030303030265,167.11590296496166,53.42746594052586,21.1125,20.225,104561.64533333312,True,0.0096358201195023,81240.0,8.0,0.0,0.0,-1000.0,0.0,-0.0045725289802618,0.0,0.0,-0.9433,0.9441,0.0,1.62,0.2,0,False,0,False,False,False,True,1.006857451799572,False,False,False,False,True,False,True,False,True,False,False,False,False,False,False,True,True,False,0.0,0.0,0.2518891687657287,25.0,-0.0283042076664458,True,False,False,False,False,False,False,-1,False,7,False,False,489.7289240259984,11.4,3,False,3,False,False,False,False,"ema60_gt_ema120, market_above_ma60, avoid_chase, foreign_buy_3d, kd_golden_cross, cci_momentum, mfi_strong",,
2026-09-29,12.8,12.95,12.8,12.95,12357,159117,9912,偉聯,,0.032109877399062,0.0472097639228949,-0.0150998865238329,12.944716961256862,12.818441812667356,12.65852592200101,50.76839080162618,30.779082227795318,0.2720959557559784,81057.35,1048019.5,14.1,12.9,0.1009344430147161,0.0588541857317366,-0.0114503816793893,0.003875968992248,12.9,0.056874129848251,13.195121655229904,12.912499999999977,12.629878344770049,0.5663431115522879,0.0437748933560392,23.07692307692291,17.948717948718087,12.939999999999964,12.999999999999954,-2364186.0,-2295700.2,-58.82352941176473,-16.260162601625062,52.523926956530126,12.675,12.325,104561.64533333312,True,0.0096358201195023,2000.0,1.0,0.0,0.0,0.0,0.0,-0.0210862017988917,0.0,0.0,-0.0236,-0.0439,0.0,20.53,0.03,0,False,0,False,False,True,True,0.1524476188772517,False,False,True,False,True,False,False,False,True,False,False,False,False,False,False,False,True,False,10.0,0.0,8.880308880308883,0.0,-0.0302640458442481,False,False,True,False,False,False,False,-1,False,7,False,False,491.1613076386415,7.5,10,False,3,False,False,False,False,"ema60_gt_ema120, market_above_ma60, avoid_chase, adx_trending, kd_golden_cross, mfi_strong, above_ichimoku_cloud",,
2026-09-29,60.5,60.6,60.2,60.2,99688,6014099,9930,中聯資源,,-0.7275842298900059,-0.6026798556134114,-0.1249043742765945,61.54517563635605,63.188632062370274,65.12715473070052,27.03214566328755,25.514033538053837,0.6895781691619929,114468.55,7046810.7,63.2,60.4,-0.269327297999033,-0.0692591436536022,-0.0179445350734093,-0.0033112582781456,60.4,1.1141623227876782,63.80942299429888,61.79500000000007,59.78057700570127,0.1041049956949907,0.0651969574981407,0.0,5.882352941176578,60.58000000000029,60.86000000000022,-7001564.0,-6515794.1,-100.0,-108.53582554517033,6.099293121908346,62.85,65.7,104561.64533333312,True,0.0096358201195023,0.0,0.0,0.0,0.0,257.0,1.0,-0.0275803551929116,0.0,0.0,0.0603,-0.039,0.0,1.91,-0.02,0,False,0,False,False,False,False,0.8708767604726364,False,False,True,False,True,False,False,False,False,False,False,False,False,False,False,False,False,False,20.0,12.0,4.983388704318937,0.0,-1.5737255143155469,False,False,False,False,False,False,False,-1,False,3,False,False,231.8240614329398,5.1,5,False,3,False,True,True,True,"market_above_ma60, avoid_chase, adx_trending",,"close_below_ema20, close_below_swing_low"
2026-09-29,32.5,32.7,32.25,32.45,89920,2911311,8038,長園科,,0.0469632324268971,-0.2200575358401331,0.2670207682670303,31.894558759428783,33.64289639282294,36.57832221890549,53.44630946584007,21.957321666777844,1.0783065993146357,188601.3,5993026.15,33.0,29.8,0.229167854018519,-0.4371891947000664,0.0172413793103449,-0.004601226993865,32.6,0.5051521165819309,33.37089864954402,31.589999999999964,29.80910135045591,0.7414511348582965,0.1127507850296964,48.52941176470592,61.60130718954255,32.46000000000022,32.11499999999997,16093652.0,16345535.75,-34.31372549019607,79.99999999999996,43.33278110619955,33.2625,38.5,104561.64533333312,True,0.0096358201195023,30000.0,1.0,0.0,0.0,25.0,1.0,0.0076055591908426,0.0,0.0,-0.4086,-0.1574,0.0,0.0,0.0,0,False,0,False,False,False,False,0.4767729596773723,False,False,True,False,True,False,False,True,False,False,False,False,False,False,False,False,False,True,0.0,0.0,1.6949152542372792,15.0,-0.1738231462013766,False,False,False,True,False,False,False,-1,False,4,True,False,292.6818518423572,13.6,3,False,3,False,False,False,False,"market_above_ma60, avoid_chase, adx_trending, stronger_than_market",long_upper_shadow,
2026-09-29,93.0,102.5,92.5,100.0,8763123,869194690,8040,九暘,,4.578351283118749,2.397898899222323,2.1804523838964265,82.92628345103837,80.2962789546427,77.8395762688404,75.9476913685942,24.650969202209303,5.257525816136762,3124085.55,272301310.3,94.5,77.2,1.1357604313356875,-0.0187136596947973,0.2091898428053205,0.0582010582010581,94.5,3.901537033419154,95.28682104515488,81.17999999999992,67.07317895484496,1.1670531914936242,0.3475442484640298,90.1185770750988,88.41142829889577,90.83999999999942,84.90999999999948,52251375.0,18595605.45,-9.25925925925926,231.0096017271753,93.93069998505172,72.3,93.5,104561.64533333312,True,0.0096358201195023,119250.0,1.0,0.0,0.0,33302.0,8.0,0.1995540226858181,0.0,0.0,0.5412,0.0338,0.0,0.0,0.0,0,False,0,False,False,True,True,2.805020176224048,True,True,True,True,False,True,False,True,False,True,False,True,False,True,False,False,True,True,-20.0,-25.0,-5.5,25.0,2.0,False,False,True,False,False,False,False,-1,False,13,False,False,1042.0502017622405,74.0,5,False,3,False,False,False,False,"ema60_gt_ema120, volume_break, rsi_strong, breakout_20d, market_above_ma60, liquidity_ok, adx_trending, stronger_than_market, obv_uptrend, dealer_buy_3d, breakout_volume_confirm, mfi_strong, above_ichimoku_cloud",,
2026-09-29,23.0,23.0,22.0,22.7,378978,8586818,9955,佳龍,,-0.3542640240837187,-0.3031077134658281,-0.0511563106178906,23.53091416597814,24.548635942701868,26.140697432649336,32.657598486524606,10.473076069889318,0.53212732669945,166053.25,3910722.8,24.85,23.0,-0.2339553589962927,-0.131685041390111,-0.0340425531914894,-0.0130434782608696,23.0,0.893659418827158,24.254493767295276,23.53249999999998,22.81050623270469,-0.0765285226205378,0.0613614165341797,36.84210526315788,16.44736842105279,23.11999999999989,23.264999999999965,55017256.0,55978340.55,-65.00000000000003,-223.9510975270908,17.636809420313824,24.2875,25.3,104561.64533333312,True,0.0096358201195023,-42000.0,0.0,0.0,0.0,1000.0,1.0,-0.0436783733109917,0.0,0.0,0.4863,0.7238,0.0,3.06,-0.12,0,False,0,False,False,False,False,2.282267886957949,True,False,False,False,True,False,False,False,True,False,False,False,False,False,False,False,False,False,0.0,25.0,9.47136563876653,0.0,-1.1396116322452168,False,False,False,False,False,False,False,-1,False,4,False,False,304.1473392826369,30.1,3,False,3,False,True,True,True,"volume_break, market_above_ma60, avoid_chase, kd_golden_cross",,"close_below_ema20, close_below_swing_low"
2026-09-29,113.0,113.0,110.5,111.5,2180640,243385902,8042,金山電,,-0.1429251154937389,-0.5794760584887555,0.4365509429950165,111.82870564134684,116.52058189137492,111.62004641123264,49.14662268489154,16.129328610519416,7.419453244869346,5359791.5,605817895.95,121.5,110.0,0.2118129026841648,-0.5709878363695043,-0.0132743362831858,-0.0219298245614034,114.0,0.6350891145931218,120.58110583629546,111.775,102.96889416370456,0.4843858338116629,0.1575684336621866,18.75,33.24055330634292,112.4,112.05,130437358.0,134084084.8,-75.0,-15.883376849433544,41.41443776485902,116.0,157.5,104561.64533333312,True,0.0096358201195023,-689760.0,0.0,0.0,0.0,-73957.0,0.0,-0.0229101564026882,0.0,0.0,0.3875,0.1032,0.0,0.0,0.0,0,False,0,False,False,False,True,0.4068516471209747,False,False,False,False,True,True,False,False,False,False,False,False,False,False,False,False,False,True,20.0,0.0,8.968609865470851,0.0,-0.2924961370793523,False,False,False,False,False,False,False,-1,False,4,False,False,285.5585628262575,14.0,3,False,3,False,True,False,True,"ema60_gt_ema120, market_above_ma60, avoid_chase, liquidity_ok",,close_below_ema20
2026-09-29,133.0,133.0,130.5,131.5,619204,81351887,8043,蜜望實,,-2.8887404425005627,-2.789923581298292,-0.098816861202271,134.9951923841709,139.8166024279203,132.0555181070737,44.36769113682152,9.860159355327992,7.20861783119416,2215570.8,311239081.8,148.0,128.5,-0.5503516718809238,-0.3295770239958122,-0.0112781954887217,-0.0112781954887217,133.0,0.3889335063921308,146.8244103609596,136.225,125.62558963904038,0.2771102429714675,0.1556162284596749,33.333333333333336,35.77777777777798,131.9,131.6,697545932.0,695782300.0,-82.85714285714286,-78.9189189189192,37.87432234791414,141.5,176.5,104561.64533333312,True,0.0096358201195023,-64630.0,0.0,0.0,0.0,-8576.0,0.0,-0.0209140156082241,0.0,0.0,0.5448,-0.1845,0.0,0.0,0.0,0,False,0,False,False,False,True,0.2794783177319362,False,False,False,False,True,True,False,False,False,True,False,False,False,False,False,False,False,True,0.0,0.0,12.547528517110266,0.0,0.0979580868565623,False,False,False,False,False,False,False,-1,False,5,False,False,343.97028021959807,12.6,3,False,3,False,True,False,True,"ema60_gt_ema120, market_above_ma60, avoid_chase, liquidity_ok, obv_uptrend",,close_below_ema20
2026-09-29,24.05,24.1,23.85,24.1,147297,3529482,8044,網家,,-0.3725794429701672,-0.5232951153310842,0.1507156723609169,24.064110836900493,25.2088311367642,26.07760073687967,47.839043626310215,15.558214802231852,0.6251675712090808,529061.75,12584267.45,24.4,23.1,-0.0217102394237604,-0.297893330038003,0.025531914893617,0.0104821802935011,23.85,0.2395428548505835,24.447610143962997,23.795000000000027,23.14238985603706,0.7336770297101621,0.05485271224736,53.33333333333338,53.74269005847964,23.93000000000011,23.840000000000053,-3078375.0,-578648.55,-36.84210526315782,44.2505453412283,23.61786230905919,26.8125,29.35,104561.64533333312,True,0.0096358201195023,29084.0,1.0,0.0,0.0,-1.0,0.0,0.0158960947741146,0.0,0.0,0.1131,0.0238,0.0,0.0,0.0,0,False,0,False,False,False,False,0.2784117354921235,False,False,False,False,True,False,False,True,False,False,False,False,False,False,False,False,False,True,0.0,0.0,1.2448132780082868,15.0,-1.041650425218186,False,False,False,False,False,False,False,-1,False,3,False,False,265.28431225230304,13.8,3,False,3,False,False,False,False,"market_above_ma60, avoid_chase, stronger_than_market",,
2026-09-29,49.2,51.0,49.2,51.0,288315,14479906,8047,星雲,,-0.4933275777695201,-1.6574396007157874,1.1641120229462674,40.22950036957684,42.67695891408926,44.24475090351649,53.2596991494034,10.983120909724876,12.898568404787111,44257.45,2088171.2,49.2,0.0,,,0.130820399113082,0.0365853658536585,49.2,3.242721414875198,71.66748898176115,38.76750000000002,5.867511018238893,0.6859043175786678,1.6972974260275286,100.0,97.31993299832476,38.35,37.54000000000015,6492646.0,5993098.7,-0.0,68.5043779638082,91.93133664094292,46.4125,47.375,104561.64533333312,True,0.0096358201195023,1000.0,3.0,0.0,0.0,606.0,2.0,0.1211845789935797,0.0,0.0,2.3185,-0.018,0.0,0.0,0.0,0,False,0,False,False,True,False,6.514496429414709,True,False,False,True,False,False,True,True,False,True,False,False,False,True,False,False,True,True,-20.0,0.0,-3.529411764705877,25.0,2.0,True,False,True,False,False,False,False,-1,False,9,False,False,839.0,95.7,5,False,3,False,False,False,False,"volume_break, breakout_20d, market_above_ma60, foreign_buy_3d, stronger_than_market, obv_uptrend, breakout_volume_confirm, mfi_strong, above_ichimoku_cloud",,
2026-09-29,50.1,50.4,49.5,50.4,89827,4476637,8048,德勝,,-0.6822053386833815,-0.9395974331506216,0.2573920944672402,50.11647140607237,52.86727580556122,54.91224141647715,49.14088309109832,14.617287504129855,1.3979054167454594,102423.9,5090947.65,52.9,47.5,-0.256011403083315,-0.3218103903823792,0.0161290322580645,0.0059880239520957,50.1,0.5436892434893971,52.77872232986522,50.03999999999987,47.301277670134525,0.5657240779896492,0.1094613241353059,83.99999999999997,78.22492127755322,49.82000000000007,49.33999999999996,53877159.0,53638747.1,-15.384615384615426,4.8645660585957256,67.9797905552593,53.05,58.1,104561.64533333312,True,0.0096358201195023,-9030.0,0.0,0.0,0.0,290.0,1.0,0.0064932121385621,0.0,0.0,0.1714,-0.1697,0.0,0.0,0.0,0,False,0,False,False,False,False,0.8770121036203464,False,False,False,False,True,False,False,True,False,True,False,False,False,False,False,False,True,True,-20.0,0.0,4.9603174603174605,0.0,0.4799286689513065,False,False,False,False,False,False,False,-1,False,5,False,False,399.5292650636192,12.6,3,False,3,False,False,False,False,"market_above_ma60, avoid_chase, stronger_than_market, obv_uptrend, mfi_strong",,
2026-09-29,24.3,24.7,24.3,24.5,152388,3739047,8049,晶采,,-0.1675290794538604,-0.2273872285615306,0.0598581491076702,24.56821398838003,25.16882196223656,25.55848951690886,42.39432405021238,18.109977416542087,0.2496643006900006,114723.85,2805029.55,24.65,24.45,-0.0036208707442163,-0.1777038114202748,-0.0020366598778004,0.0,24.5,0.2746056498663073,24.63937377450646,24.47999999999997,24.320626225493484,0.5627455805133542,0.0130207332113143,50.0,45.833333333333336,24.46999999999989,24.489999999999963,-277691.0,-95362.55,-44.44444444444436,26.14379084967284,46.03908961307359,25.55,26.875,104561.64533333312,True,0.0096358201195023,9000.0,2.0,0.0,0.0,-254.0,0.0,-0.0116724799973028,0.0,0.0,0.1828,0.1473,0.0,0.0,0.0,0,False,0,False,False,False,False,1.3283027025330827,False,False,False,False,True,False,False,False,False,False,False,False,False,False,False,False,False,False,0.0,0.0,0.6122448979591778,25.0,-0.4408557239522589,True,False,False,False,False,False,False,-1,False,2,False,False,182.99275833790367,13.8,3,False,3,False,True,False,True,"market_above_ma60, avoid_chase",,close_below_ema20
2026-09-29,61.7,66.2,61.6,65.7,6037266,390444093,8050,廣積,,1.08689559706972,0.214127261554044,0.872768335515676,58.80426044959302,57.48073341225553,54.97087222453346,73.84675916046194,17.03691784892108,1.9205802809455048,1294614.85,76746589.3,61.2,56.1,0.5952462185995042,-0.0517682261199304,0.1079258010118044,0.0735294117647058,61.2,2.206221100290863,62.68896439127239,57.61999999999998,52.55103560872758,1.2970069797601984,0.1759446161496842,94.6236559139785,89.23797789725177,60.92000000000007,59.389999999999965,-1160282.0,-13319459.4,-4.424778761061945,252.64635001982865,88.36986134828182,61.625,60.35,104561.64533333312,True,0.0096358201195023,2333199.0,13.0,0.0,0.0,51443.0,2.0,0.0982899808923021,0.0,0.0,0.9448,0.3454,0.0,0.0,0.0,0,False,0,False,False,True,True,4.663368414165803,True,True,False,True,False,True,True,True,False,True,False,False,True,True,False,False,True,True,-20.0,-25.0,-6.849315068493151,25.0,1.023426527535756,True,False,True,False,False,False,False,-1,False,13,False,False,1098.914802472087,66.6,5,False,3,False,False,False,False,"ema60_gt_ema120, volume_break, rsi_strong, breakout_20d, market_above_ma60, liquidity_ok, foreign_buy_3d, stronger_than_market, obv_uptrend, bb_squeeze_breakout, breakout_volume_confirm, mfi_strong, above_ichimoku_cloud",,
2026-09-29,85.0,87.6,84.3,87.2,1175822,102092302,8054,安國,,0.2811248517430584,-0.4026157395195332,0.6837405912625917,83.86033460974355,87.78263122147736,94.6993880424078,58.53661149953765,15.275558111308868,2.960316101929664,850802.95,72332707.1,86.1,80.0,0.2024437948879002,-0.3046239322388716,0.0331753554502369,0.0307328605200947,84.6,0.4376415564543019,86.78695171218608,83.225,79.66304828781391,1.0579806130443612,0.0855981186467068,58.26086956521741,46.19448340345965,85.45999999999985,84.02000000000007,110190229.0,104256841.1,-38.39999999999998,134.34697855750508,74.29672319171897,85.675,106.9,104561.64533333312,True,0.0096358201195023,164207.0,1.0,20000.0,2.0,4251.0,1.0,0.0235395353307346,0.0,0.0,1.5745,0.0792,0.0,0.0,0.0,0,False,0,False,False,False,False,1.38201448408236,False,True,False,True,True,True,False,True,True,True,True,False,True,False,False,True,True,True,0.0,-25.0,-1.2614678899082667,25.0,1.645752511778004,False,True,False,False,False,False,False,-1,False,12,False,False,1003.5691749821596,23.8,3,False,3,False,False,False,False,"rsi_strong, breakout_20d, market_above_ma60, avoid_chase, liquidity_ok, stronger_than_market, kd_golden_cross, obv_uptrend, invest_trust_buy_2d, bb_squeeze_breakout, cci_momentum, mfi_strong",,
2026-09-29,17.5,17.7,17.2,17.3,120630,2093883,8059,凱碩,,0.7566244438827674,0.2231574648354276,0.5334669790473398,15.48439220760038,15.650139240227375,16.963770669311153,60.78014339425765,24.77070554141497,1.1274644120293875,220503.5,3417936.25,20.15,13.3,1.4938081019796725,-0.225351495845438,0.291044776119403,-0.022598870056497,17.7,0.8319893985992698,18.887450965311164,14.74499999999989,10.602549034688618,0.8083923046278136,0.5618787338502955,45.76271186440678,48.49446666243481,18.17999999999993,15.779999999999928,-13236300.0,-12703770.7,-53.93258426966292,94.5611200861606,27.180787464185656,15.425,17.825,104561.64533333312,True,0.0096358201195023,-23800.0,0.0,0.0,0.0,-1.0,0.0,0.2814089559999007,0.0,0.0,-0.4634,-0.2609,0.0,0.0,0.0,0,False,0,False,False,True,False,0.5470661463423483,False,True,True,False,False,False,False,True,False,False,False,False,False,False,False,False,False,True,0.0,-12.0,16.473988439306346,0.0,-0.3471198476026106,False,False,False,False,False,False,False,-1,False,4,False,False,349.3052232921922,39.8,5,True,3,False,False,False,False,"rsi_strong, market_above_ma60, adx_trending, stronger_than_market",,
2026-09-29,139.0,148.5,138.0,141.5,22141270,3190071709,8064,東捷,,7.956915950048383,5.956432935009075,2.0004830150393085,124.67928764537332,117.25055567207627,109.34177225506082,65.66077942994849,20.142258752892392,9.113579663957584,11589013.75,1477767264.9,139.0,108.0,1.5357734107569294,0.0824738157415555,0.0404411764705883,0.0179856115107914,139.0,1.3387293689012316,149.4930290581745,122.375,95.25697094182549,0.8526251845031292,0.443195571941565,82.71604938271605,82.47397724521943,137.1,129.15,184138906.0,143321051.55,-17.28395061728395,112.89234040586145,56.579548661842,105.025,126.75,104561.64533333312,True,0.0096358201195023,-868521.0,0.0,0.0,0.0,151110.0,2.0,0.0308053563510859,0.0,0.0,-0.435,0.0141,0.0,0.0,0.0,0,False,0,False,False,True,True,1.9105396263767485,True,True,True,True,True,True,False,True,False,True,False,False,False,True,False,True,True,True,-20.0,-12.0,-1.76678445229682,25.0,2.0,False,False,True,True,False,False,False,-1,False,14,True,False,1016.1053962637676,40.0,3,True,3,False,False,False,False,"ema60_gt_ema120, volume_break, rsi_strong, breakout_20d, market_above_ma60, avoid_chase, liquidity_ok, adx_trending, stronger_than_market, obv_uptrend, breakout_volume_confirm, cci_momentum, mfi_strong, above_ichimoku_cloud",long_upper_shadow,
2026-09-29,11.45,12.3,11.45,12.3,4040,47845,8067,志旭,,-0.2182849897453866,-0.237774660076289,0.0194896703309023,12.044849973089844,12.414542058689776,12.487793458735338,51.89662620278017,17.051169595200406,0.5614363607269244,11197.05,132448.45,12.6,11.25,-0.1526835757544641,-0.2444065872063583,0.0649350649350648,0.042372881355932,11.8,0.8672114889065011,12.686303117307586,11.995000000000005,11.303696882692424,0.7205978769399157,0.1152652133901761,77.77777777777786,39.506172839506085,11.75000000000009,11.900000000000045,437790.0,473362.0,-22.22222222222215,11.111111111110972,31.6015104763664,13.3,13.4,104561.64533333312,True,0.0096358201195023,0.0,0.0,0.0,0.0,0.0,0.0,0.0552992448155624,0.0,0.0,-0.1019,0.2204,0.0,0.0,0.0,0,False,0,True,True,False,False,0.3608093203120465,False,False,False,False,False,False,False,True,False,False,False,False,False,False,False,False,False,False,-10.0,0.0,2.439024390243893,8.0,-0.6049610403849014,False,False,False,False,False,False,False,-1,False,4,False,False,309.34856071850163,22.6,5,False,3,False,False,False,False,"macd_golden_cross, market_above_ma60, hist_turn_positive, stronger_than_market",,
2026-09-29,17.65,17.85,17.55,17.6,196740,3478605,8068,全達,,0.0560150648531383,-0.1847056374654128,0.2407207023185512,16.966318768562708,17.62354124743382,18.741233421422844,56.98210238064463,25.32490244170681,0.5390220347677935,198728.75,3500230.2,18.5,15.75,0.1511392509409528,-0.2365085422285168,0.0897832817337462,-0.0140056022408963,17.85,2.362406059829026,18.146748907616235,16.744999999999983,15.343251092383731,0.8049761606213737,0.167422980903703,60.86956521739136,71.98067632850264,17.530000000000108,16.764999999999965,8869228.0,7814816.45,-39.13043478260864,114.29456403902756,69.19211198293664,17.825,18.1,104561.64533333312,True,0.0096358201195023,-14000.0,0.0,0.0,0.0,-150.0,0.0,0.0801474616142439,0.0,0.0,0.7674,-0.0695,0.0,0.0,0.0,0,False,0,False,False,False,False,0.989992640722593,False,True,True,False,False,False,False,True,False,True,False,False,False,False,False,False,True,True,0.0,-12.0,5.113636363636355,0.0,1.633275103343954,False,False,False,True,False,False,False,-1,False,6,True,False,577.4992276473533,24.1,5,False,3,False,False,False,False,"rsi_strong, market_above_ma60, adx_trending, stronger_than_market, obv_uptrend, mfi_strong",long_upper_shadow,
2026-09-29,141.0,144.5,138.5,142.5,8504753,1213152089,8069,元太,,-5.746839104949515,-6.5617865964795365,0.8149474915300212,149.25169179233023,164.34490515691203,173.58411084810783,34.17678195614006,32.59202508055924,5.488803833497388,6102956.75,909038431.25,160.5,144.0,-0.3794052256636682,-0.6453395641835382,-0.0273037542662115,-0.023972602739726,146.0,0.9161167786870856,155.90374912150446,147.9,139.89625087849555,0.1626580919752158,0.108231901575449,32.0,28.558823529412013,144.4,145.35,-32090529.0,-28654457.15,-73.33333333333333,-138.8595564941923,19.13858498840673,173.25,192.5,104561.64533333312,True,0.0096358201195023,-1171878.0,0.0,13000.0,2.0,-7408.0,0.0,-0.0369395743857139,0.0,0.0,0.0329,0.1981,0.0,0.0,0.0,0,False,0,False,False,False,False,1.39354633309502,False,False,True,False,True,True,False,False,False,False,True,False,False,False,False,False,False,False,0.0,12.0,12.63157894736842,0.0,-0.178554720791531,False,True,False,False,False,False,False,-1,False,5,False,False,408.7928066814519,15.6,8,False,3,False,True,True,True,"market_above_ma60, avoid_chase, liquidity_ok, adx_trending, invest_trust_buy_2d",,"close_below_ema20, close_below_swing_low"
2026-09-29,21.65,22.15,21.65,21.85,177725,3883163,8071,能率網通,,-0.5355496989759985,-0.576659047782356,0.0411093488063575,22.30643590129677,23.111621983817376,22.460378760451977,41.934957298572094,13.77272181719222,0.7137349574452106,311939.2,7059651.45,24.5,21.1,-0.5403133821996322,-0.411978426972896,-0.0068181818181817,-0.0022831050228309,21.9,0.5547481738671958,24.129017710887474,22.357500000000076,20.58598228911267,0.3567612401273,0.1584718963110719,61.29032258064532,61.2903225806452,21.900000000000183,21.665000000000056,67386897.0,67399637.7,-63.461538461538375,-45.94748858447478,27.330379741887143,23.9875,27.125,104561.64533333312,True,0.0096358201195023,92000.0,2.0,0.0,0.0,0.0,0.0,-0.016454001937684,0.0,0.0,0.2859,-0.0556,0.0,0.0,0.0,0,False,0,False,False,False,True,0.5697424369877206,False,False,False,False,True,False,False,False,False,False,False,False,False,False,False,False,False,True,0.0,0.0,12.128146453089238,0.0,-0.0024240552049085,True,False,False,False,False,False,False,-1,False,3,False,False,230.66833570741832,9.9,3,False,3,False,True,False,True,"ema60_gt_ema120, market_above_ma60, avoid_chase",,close_below_ema20
2026-09-29,21.5,21.8,21.4,21.5,452486,9757588,8076,伍豐,,-0.4219424865557393,-0.4710260253570152,0.0490835388012759,21.871355336235457,22.83200373236715,23.422330800602573,39.27502939620947,23.98821349442353,0.4035873350300236,537110.9,11769673.3,23.3,21.05,-0.3332074896934227,-0.2627867712619961,0.0046728971962617,-0.0092165898617511,21.7,0.9397689835009752,22.94976333808068,21.827499999999965,20.70523666191925,0.3540895042690902,0.1028302222499796,59.99999999999991,65.95238095238103,21.539999999999964,21.444999999999983,16233786.0,16535677.1,-55.00000000000007,-47.36554736554725,33.851103143302495,23.3625,24.9,104561.64533333312,True,0.0096358201195023,-104425.0,0.0,0.0,0.0,0.0,0.0,-0.0049629229232406,0.0,0.0,1.2448,-0.0837,0.0,0.0,0.0,0,False,0,False,False,False,False,0.842444269889142,False,False,True,False,True,False,False,False,False,False,False,False,False,False,False,False,False,True,0.0,0.0,8.372093023255816,0.0,-0.2211658377996428,False,False,False,False,False,False,False,-1,False,3,False,False,235.7704526452957,9.6,5,False,3,False,True,False,True,"market_above_ma60, avoid_chase, adx_trending",,close_below_ema20
2026-09-29,51.8,51.8,50.4,50.8,151285,7708652,8074,鉅橡,,-1.2635439104922526,-1.4139940940353732,0.1504501835431206,51.79605285179929,55.88743670189492,58.34512974680399,43.04546377364986,17.74895622341554,1.819177848593849,315830.65,16633668.85,58.1,48.85,-0.5380847510078549,-0.3123547201224985,0.0139720558882234,-0.003921568627451,51.0,0.5276458726983252,56.15833986415793,51.90499999999993,47.65166013584193,0.3701020803308554,0.1638894081170602,61.9047619047618,61.90476190476147,51.0,50.389999999999965,198997187.0,199173919.3,-66.08695652173921,-39.64568283453723,35.36865674360476,55.0625,62.025000000000006,104561.64533333312,True,0.0096358201195023,-21000.0,0.0,0.0,0.0,-666.0,0.0,0.0043362357687211,0.0,0.0,0.1476,-0.0284,0.0,0.0,0.0,0,False,0,False,False,False,False,0.479006708183642,False,False,False,False,True,False,False,True,True,False,False,False,False,False,False,False,False,True,0.0,0.0,14.37007874015749,0.0,-0.076240215026025,False,False,False,False,False,False,False,-1,False,4,False,False,343.87518450152413,13.5,3,False,3,False,True,False,True,"market_above_ma60, avoid_chase, stronger_than_market, kd_golden_cross",,close_below_ema20
2026-09-29,28.05,28.05,27.95,28.0,23103,646884,8080,永利聯合,,-0.0133098049238391,0.133595815755245,-0.1469056206790841,28.513388621604275,28.362527174895845,28.50951764646953,41.89446611730403,41.222565683208046,0.5464432293681104,20947.9,604146.15,29.5,28.05,-0.1508033131532628,0.082241485586859,-0.026086956521739,-0.0017825311942959,28.05,0.3932362014188735,29.60510478383017,28.770000000000078,27.934895216169977,0.0389800089106354,0.0580538605373719,2.941176470588278,5.02079619726707,28.239999999999963,28.590000000000053,997495.0,1028856.35,-97.99999999999996,-157.04628185127515,49.21328511875115,28.475,28.575,104561.64533333312,True,0.0096358201195023,0.0,0.0,0.0,0.0,0.0,0.0,-0.0357227766412414,0.0,0.0,-0.3035,0.7348,0.0,0.0,0.0,0,False,0,False,False,False,False,1.1028790475417585,False,False,True,False,True,False,False,False,False,False,False,False,False,False,False,False,False,False,20.0,25.0,5.357142857142857,0.0,-0.6784657864894134,False,False,False,False,False,False,False,-1,False,3,False,False,222.88720103754463,7.1,5,False,3,False,True,True,True,"market_above_ma60, avoid_chase, adx_trending",,"close_below_ema20, close_below_swing_low"
2026-09-29,29.8,29.8,29.8,29.8,541516,16137355,8084,巨虹,,-3.172458676547649,-1.9049184242903725,-1.2675402522572763,40.91007405246498,44.336108475479136,45.87407387063848,14.407873118449912,29.33368983735771,2.1479734695694823,667642.4,27380775.65,47.55,33.1,-1.716238007584033,-0.2416162842099738,-0.2862275449101796,-0.0996978851963746,33.1,1.523174251089526,51.25474347943858,42.23999999999978,33.22525652056098,-0.1899808091252651,0.4268344450491877,0.0,0.0,36.20999999999985,38.81499999999996,-8481968.0,-4513085.55,-100.0,-249.57858205255337,9.183474009447847,49.475,48.0,104561.64533333312,True,0.0096358201195023,8100.0,6.0,0.0,0.0,217.0,1.0,-0.295863365029682,0.0,0.0,1.4513,0.3522,0.0,0.0,0.0,0,False,3,False,False,False,False,0.8110868932230787,False,False,True,False,True,False,True,False,False,False,False,False,False,False,False,False,False,False,20.0,25.0,59.563758389261736,0.0,-2.0,True,False,False,False,False,False,False,-1,False,4,False,False,369.1108689322308,10.8,3,False,3,False,True,True,True,"market_above_ma60, avoid_chase, foreign_buy_3d, adx_trending",,"close_below_ema20, close_below_swing_low"
2026-09-29,14.5,14.5,14.1,14.25,103129,1464807,8085,福華,,0.2170260700177806,0.384752089590351,-0.1677260195725704,14.305288952057944,13.558023900030726,13.7065748020125,51.99572381342036,16.77615577657023,0.5090778367248292,328393.6,5003879.7,16.1,14.05,-0.6146800009978746,0.567778700407617,-0.0104166666666667,0.0035211267605634,14.2,0.3036550859683092,16.008952394534106,14.777500000000009,13.54604760546591,0.2858220088972339,0.1666658629042933,30.00000000000007,26.666666666666668,14.31999999999989,14.269999999999982,-2305676.0,-2374781.1,-81.81818181818178,-68.12425699074807,29.317087193947657,11.8375,12.675,104561.64533333312,True,0.0096358201195023,-13000.0,0.0,0.0,0.0,-530.0,0.0,-0.0200524867861691,0.0,0.0,-0.1278,-0.1723,0.0,0.0,0.0,0,False,0,False,False,True,False,0.3140408339261179,False,False,False,False,True,False,False,False,True,True,False,False,False,False,False,False,False,True,0.0,0.0,12.982456140350887,0.0,0.020827019326329,False,False,True,False,True,False,False,-1,False,5,True,False,313.3903325711771,9.9,3,False,3,False,True,False,True,"market_above_ma60, avoid_chase, kd_golden_cross, obv_uptrend, above_ichimoku_cloud",open_high_close_low,close_below_ema20
2026-09-29,110.0,111.0,109.0,110.0,737197,81024451,8086,宏捷科,,-2.0473170865963084,-2.5487790197071467,0.5014619331108383,110.92644281088825,118.82110706660364,124.43166563893044,46.04795136324776,17.3835905996784,4.401157311130577,2917298.5,333475923.95,123.0,105.5,-0.4039619145471516,-0.3276177633353216,-0.009009009009009,-0.004524886877828,110.5,0.4868624888069669,119.46367933783054,111.05000000000018,102.63632066216982,0.437601615307641,0.1515295693440854,64.28571428571429,67.72486772486748,109.8,108.7,280543214.0,278086402.4,-40.90909090909091,-31.547928583810265,60.00128740031381,116.75,136.0,104561.64533333312,True,0.0096358201195023,1378.0,1.0,0.0,0.0,-11769.0,0.0,-0.0186448291285113,0.0,0.0,0.1256,0.0071,0.0,0.0,0.0,0,False,0,False,False,False,False,0.2526985154244586,False,False,False,False,True,True,False,False,False,True,False,False,False,False,False,False,True,True,0.0,0.0,11.818181818181818,0.0,0.3485813677964904,False,False,False,False,False,False,False,-1,False,5,False,False,356.70996156780245,10.7,3,False,3,False,True,False,True,"market_above_ma60, avoid_chase, liquidity_ok, obv_uptrend, mfi_strong",,close_below_ema20
2026-09-29,23.4,23.4,23.0,23.0,26209,605763,8087,華鎂鑫,,-0.2343128033216359,-0.5302946154372737,0.2959818121156378,23.51529332214176,25.47130741901137,27.946222956883982,48.79632720204691,6.833089681034402,2.6952743903552725,20190.2,495462.55,27.0,23.25,,,-0.0212765957446808,-0.010752688172043,23.25,3.345345107511979,37.84465945920202,22.575,7.305340540797975,0.513916485863209,1.3527937505383854,0.0,15.488721804511442,23.95999999999985,24.04999999999982,248627.0,397478.75,-13.85767790262172,8.181091222242832,16.156307327832565,21.5125,19.65,104561.64533333312,True,0.0096358201195023,0.0,0.0,0.0,0.0,97.0,1.0,-0.0309124158641832,0.0,0.0,0.0929,0.0389,0.0,0.0,0.0,0,False,0,False,False,False,False,1.298105021247932,False,False,False,False,True,False,False,False,False,False,False,False,False,False,False,False,False,False,20.0,0.0,17.391304347826086,0.0,-0.7082109476551071,False,False,True,False,False,False,False,-1,False,3,False,False,214.48251884061804,26.4,3,False,3,False,True,True,True,"market_above_ma60, avoid_chase, above_ichimoku_cloud",,"close_below_ema20, close_below_swing_low"
2026-09-29,19.25,19.4,18.9,19.15,90972,1734429,8089,康全電訊,,0.3180462874937255,0.125070014448397,0.1929762730453285,18.512456613598943,18.773108760153217,20.37269077214244,58.173509533200026,23.331766686392974,0.6060424540144578,181505.45,3323886.15,19.95,17.95,0.6997714427904879,-0.1481356575807104,0.029569892473118,-0.0051948051948053,19.25,0.5206724268611933,19.86557236880877,18.140000000000008,16.41442763119124,0.7926565174131861,0.1902505368036125,53.84615384615376,61.80836707152472,19.399999999999817,18.78500000000004,-9615968.0,-10180062.7,-34.28571428571437,102.15929499227344,74.3048398693004,18.35,19.85,104561.64533333312,True,0.0096358201195023,1000.0,1.0,0.0,0.0,22.0,1.0,0.0199340723536156,0.0,0.0,0.6873,1.4964,0.0,0.0,0.0,0,False,0,False,False,True,False,0.501208090445769,False,True,True,False,True,False,False,True,False,True,False,False,False,False,False,False,True,True,0.0,0.0,4.177545691906009,0.0,1.427386714800355,False,False,False,False,False,False,False,-1,False,7,False,False,572.140721482062,15.2,3,True,3,False,False,False,False,"rsi_strong, market_above_ma60, avoid_chase, adx_trending, stronger_than_market, obv_uptrend, mfi_strong",,
2026-09-29,41.9,42.55,41.75,42.25,181476,7665856,8088,品安,,-1.1106735796158702,-1.299592432016755,0.1889188524008844,43.04358881668033,46.67957262361881,49.05428455385357,41.13993194628886,12.49256313241817,1.2789691869607,381840.35,16527222.4,45.75,40.8,-0.292856788663983,-0.409598149676654,-0.0105386416861826,0.0095579450418159,41.85,0.5723249928578833,44.85992046665275,42.77750000000015,40.69507953334754,0.3733445025998815,0.0973605501327847,49.152542372881406,44.06779661016966,42.37000000000044,42.055000000000106,500790977.0,501070777.35,-61.33333333333326,-57.56457564575653,44.10637729312322,46.875,56.15,104561.64533333312,True,0.0096358201195023,30240.0,1.0,0.0,0.0,442.0,1.0,-0.020174461805685,0.0,0.0,0.7294,0.0652,0.0,0.0,0.0,0,False,0,False,False,False,False,0.4752666919564682,False,False,False,False,True,False,False,False,True,False,False,False,False,False,False,False,False,True,0.0,0.0,8.284023668639055,0.0,-0.1090207180068409,False,False,False,False,False,False,False,-1,False,3,False,False,228.4444183034826,9.0,3,False,3,False,True,False,True,"market_above_ma60, avoid_chase, kd_golden_cross",,close_below_ema20
2026-09-29,216.0,220.0,216.0,220.0,234842,51409371,8091,翔名,,-2.003196929837628,-3.7818301334831945,1.7786332036455663,215.67136638811104,223.2952088522568,215.41769739196783,53.97205867872307,12.153677823598883,6.182737742216291,282788.9,60656320.7,221.0,204.0,-0.0376181520910713,-0.4597934005817632,0.0232558139534884,0.0161662817551964,216.5,0.5217884528449944,223.0330075071737,213.975,204.9169924928263,0.832578660109763,0.0846641664416282,100.0,88.54166666666667,216.7,213.4,37769812.0,37124485.1,-10.526315789473683,74.3295019157086,63.10129607679307,235.5,246.25,104561.64533333312,True,0.0096358201195023,78542.0,4.0,0.0,0.0,-15000.0,0.0,0.013619993833986,0.0,0.0,0.7152,-0.0875,0.0,0.0,0.0,0,False,0,False,False,False,True,0.830449851461638,False,False,False,False,True,True,True,True,False,True,False,False,False,False,False,False,True,True,-20.0,-12.0,0.4545454545454545,25.0,0.456832347335933,True,False,False,False,False,False,False,-1,False,8,False,False,641.7864866826476,13.8,3,False,3,False,False,False,False,"ema60_gt_ema120, market_above_ma60, avoid_chase, liquidity_ok, foreign_buy_3d, stronger_than_market, obv_uptrend, mfi_strong",,
2026-09-29,22.55,25.0,22.55,23.85,20344,492386,8093,保銳,,0.1209270502699055,0.2469247265013765,-0.1259976762314709,23.925187837610626,22.530161826483543,20.97657706187375,50.12847434307017,13.550960408405013,3.056243501831025,36889.9,958453.8,28.05,23.25,,,-0.0516898608349899,0.0258064516129032,23.25,1.4457635618490448,35.68547113152747,24.25,12.81452886847253,0.482510558795553,0.943131639713606,30.23255813953489,11.410852713178125,23.910000000000217,24.46000000000004,-16121.0,74185.45,-12.316176470588228,-14.136597255338293,40.85342836064165,18.5,13.25,104561.64533333312,True,0.0096358201195023,0.0,0.0,0.0,0.0,0.0,0.0,-0.0613256809544923,0.0,0.0,1.0956,-0.0273,0.0,0.0,0.0,0,False,0,False,False,True,True,0.5514788600673897,False,False,False,False,True,False,False,False,True,False,False,False,False,False,False,False,False,False,0.0,0.0,17.610062893081757,0.0,-0.1930663729251044,False,False,True,False,False,False,False,-1,False,5,False,False,353.1979921255727,19.2,3,False,3,False,True,False,True,"ema60_gt_ema120, market_above_ma60, avoid_chase, kd_golden_cross, above_ichimoku_cloud",,close_below_ema20
2026-09-29,12.75,12.85,12.5,12.55,67642,858560,8092,建暐,,-0.1041070985416592,-0.116843854463175,0.0127367559215158,12.83681932651193,13.306228119505144,13.847870790629765,40.08700846426464,14.92083619656817,0.3975173286806933,43626.65,562886.6,13.15,12.65,-0.1235482529032436,-0.1770213855412865,-0.0156862745098038,-0.0271317829457363,12.9,0.7997761087847904,13.108208554864069,12.829999999999997,12.55179144513592,-0.0032196082841436,0.0433684419117808,4.347826086956582,26.08695652173871,12.78000000000002,12.74499999999998,1340810.0,1108606.35,-95.65217391304344,-145.32520325203149,55.43135126031235,12.925,13.925,104561.64533333312,True,0.0096358201195023,-12000.0,0.0,0.0,0.0,405.0,1.0,-0.0253220946293062,0.0,0.0,-0.2389,-0.1571,0.0,0.0,0.0,0,False,0,False,False,False,False,1.5504743087080946,True,False,False,False,True,False,False,False,False,True,False,False,False,False,False,False,True,True,20.0,25.0,4.780876494023902,0.0,1.1794124366995282,False,False,False,False,False,False,False,-1,False,5,False,False,354.6576923274753,19.5,3,False,3,False,True,True,True,"volume_break, market_above_ma60, avoid_chase, obv_uptrend, mfi_strong",,"close_below_ema20, close_below_swing_low"
2026-09-29,84.6,89.2,84.4,88.7,4618928,405806462,8096,擎亞,,-7.684268143990835,-8.008523838744168,0.324255694753333,93.76353734355318,108.1532203103782,107.44276772296809,36.21723904630869,36.12714627550134,5.271752996429613,3526807.5,329356374.45,111.5,83.9,-1.5585272434306847,-1.0601879842823851,0.0056689342403628,0.0484633569739954,84.6,0.7889698979822034,113.50476067204248,94.65000000000018,75.79523932795787,0.3422149158110824,0.398410156831321,76.04166666666669,38.26992753623199,85.5800000000003,86.61000000000021,337557324.0,349676446.95,-71.484375,-58.1389627005216,27.88709167420268,124.0,139.75,104561.64533333312,True,0.0096358201195023,-342523.0,0.0,0.0,0.0,242634.0,1.0,-0.0039668858791395,0.0,0.0,2.6956,-0.302,0.0,0.0,0.0,0,False,0,True,True,False,True,1.3096626339827169,False,False,True,False,True,True,False,False,False,False,False,False,False,False,False,False,False,False,-10.0,0.0,25.70462232243517,0.0,-0.4406248537307557,False,False,False,False,False,False,False,-1,False,7,False,False,507.8091280950581,22.0,8,False,3,False,True,False,True,"macd_golden_cross, ema60_gt_ema120, market_above_ma60, avoid_chase, liquidity_ok, hist_turn_positive, adx_trending",,close_below_ema20
2026-09-29,49.2,49.2,47.6,48.15,267077,12900241,8097,常珵,,-0.5048820852145184,-0.6109284143366008,0.1060463291220824,48.93674383190434,50.93748137968642,53.14537702846883,35.81790083235899,27.149248494112147,1.119036940634644,169797.3,8316497.7,49.65,48.15,-0.0411858638299988,-0.2712333509866496,-0.0203458799593082,0.0,48.15,0.3141820252078131,49.56408485524826,48.7449999999998,47.925915144751336,0.1367897683694129,0.0336069281053837,13.095238095238042,16.153697251257956,48.77999999999993,48.67499999999982,-1156984.0,-1582872.3,-86.90476190476197,-74.84848484848546,68.22598113657409,51.225,55.7,104561.64533333312,True,0.0096358201195023,-14000.0,0.0,0.0,0.0,-88817.0,0.0,-0.0299817000788106,0.0,0.0,1.8912,-0.3515,0.0,0.0,0.0,0,False,0,False,False,False,False,1.572916648262369,True,False,True,False,True,False,False,False,False,True,False,False,False,False,False,False,True,True,20.0,12.0,3.115264797507788,8.0,0.689049500406057,False,False,False,False,True,False,False,-1,False,6,True,False,513.9977604874964,17.9,5,False,3,False,True,False,True,"volume_break, market_above_ma60, avoid_chase, adx_trending, obv_uptrend, mfi_strong",open_high_close_low,close_below_ema20
2026-09-29,0.0,0.0,0.0,0.0,0,0,8102,傑霖科技,,-5.864561471336458,-2.7014254129326325,-3.163136058403825,54.05724485244949,60.87436863156,63.101154366048725,32.13041294829725,7.522978739857191,12.52328891507265,7479.8,468215.75,67.5,0.0,,,-1.0,-1.0,59.5,1.323697974993742,95.27856659628335,57.00499999999975,18.73143340371613,-0.2447045711900673,1.3428143705388575,0.0,63.330473330473374,48.31999999999971,48.909999999999854,263475.0,288524.0,-100.0,-333.33333333333314,29.42348381095852,54.025,39.5,104561.64533333312,True,0.0096358201195023,0.0,0.0,0.0,0.0,0.0,0.0,-1.0096358201195024,0.0,0.0,0.0967,-0.2006,0.0,0.0,0.0,0,False,1,False,False,False,False,0.0,False,False,False,False,True,False,False,False,False,False,False,False,False,False,False,False,False,False,20.0,25.0,999.0,0.0,-0.2824139994393871,False,False,False,False,False,False,False,-1,False,2,False,False,151.61103200672736,0.0,3,False,3,True,True,False,True,"market_above_ma60, avoid_chase",,"macd_death_cross, close_below_ema20"
2026-09-29,133.0,135.0,131.5,134.5,171040,22798012,8109,博大,,0.7424316546934904,0.2842540665680025,0.4581775881254878,130.9887368056559,129.17091186960124,124.52997428933838,58.119958999031546,23.29364499718123,3.507337179607092,228343.75,29951258.55,136.0,126.5,0.0817788515539307,-0.1010550270874187,0.0037313432835821,0.018939393939394,132.0,1.2872638438038495,135.6676166327684,130.55,125.4323833672316,0.8859218346591169,0.078400867602733,88.88888888888889,74.07407407407361,132.6,131.15,11770919.0,11564201.4,-9.523809523809524,102.6455026455022,60.76271624765654,131.625,139.75,104561.64533333312,True,0.0096358201195023,91139.0,10.0,0.0,0.0,33528.0,1.0,-0.0059044768359202,0.0,0.0,0.5612,0.074,0.0,0.0,0.0,0,False,0,False,False,True,True,0.7490461201587518,False,True,True,False,True,False,True,False,False,True,False,False,False,False,False,True,True,True,-20.0,-12.0,1.1152416356877324,15.0,0.1704151952196544,True,False,False,False,False,False,False,-1,False,9,False,False,672.5354435442234,10.5,5,False,3,False,False,False,False,"ema60_gt_ema120, rsi_strong, market_above_ma60, avoid_chase, foreign_buy_3d, adx_trending, obv_uptrend, cci_momentum, mfi_strong",,
2026-09-29,76.4,81.5,76.2,79.7,12593145,998418172,8111,立碁,,3.7248076192251176,3.5522575816895587,0.1725500375355588,72.88135755729978,66.35430927670913,64.06576995214111,62.22388338110251,31.96989494996685,4.613789884746093,17079055.35,1283009327.45,80.6,68.1,0.4479104007061145,0.787947246837401,0.0217948717948719,0.0431937172774867,76.4,0.3901962669513295,80.63518439475423,73.58500000000004,66.53481560524584,0.9336766003276404,0.1916201507033823,74.23312883435584,56.03271983640055,77.65999999999985,75.13999999999979,197302990.0,149920297.05,-25.76687116564417,123.1398809523805,70.3829780945352,56.875,56.55,104561.64533333312,True,0.0096358201195023,324575.0,1.0,0.0,0.0,32402.0,2.0,0.0121590516753695,0.0,0.0,-0.088,0.116,0.0,0.0,0.0,0,False,0,False,False,True,True,0.7373443520106631,False,True,True,False,True,True,False,True,False,True,False,False,False,False,False,True,True,True,-10.0,-25.0,1.1292346298619718,15.0,1.226534578564862,False,False,True,False,False,False,False,-1,False,11,False,False,802.091858462885,18.0,8,True,3,False,False,False,False,"ema60_gt_ema120, rsi_strong, market_above_ma60, avoid_chase, liquidity_ok, adx_trending, stronger_than_market, obv_uptrend, cci_momentum, mfi_strong, above_ichimoku_cloud",,
2026-09-29,30.65,32.75,30.0,31.9,3623181,114067052,8121,越峰,,0.0611863094039044,-0.6191827213242246,0.680369030728129,28.318897471439445,30.5855393690758,31.66503299298588,68.3542290232615,21.421822565846327,1.2459630895648,617659.3,17815027.4,30.65,26.05,0.3595414254454555,-0.7113107061639162,0.1433691756272401,0.0407830342577488,30.65,2.749849862432089,30.35941142252232,27.704999999999927,25.050588577477534,1.2901940076820704,0.1916196659463923,87.40740740740739,87.30573710965837,29.21999999999989,28.059999999999945,58898806.0,54122844.4,-12.592592592592611,345.7371291937531,79.62015793273284,31.6,41.75,104561.64533333312,True,0.0096358201195023,-1666403.0,0.0,0.0,0.0,4405.0,3.0,0.1337333555077378,0.0,0.0,0.2576,-0.0237,0.0,0.0,0.0,0,False,0,False,False,True,False,5.8659863131664975,True,True,True,True,False,False,False,True,False,True,False,True,True,True,False,False,True,True,-20.0,-25.0,-3.918495297805643,25.0,0.9474671434338968,False,False,False,False,False,False,False,-1,False,11,False,False,981.3696057212068,73.4,5,False,3,False,False,False,False,"volume_break, rsi_strong, breakout_20d, market_above_ma60, adx_trending, stronger_than_market, obv_uptrend, dealer_buy_3d, bb_squeeze_breakout, breakout_volume_confirm, mfi_strong",,
2026-09-29,137.5,150.0,137.5,148.0,738201,107165119,8147,正淩,,3.2621363838479454,2.0853169677512837,1.176819416096662,133.91555900787955,133.55448624533105,135.1641033573367,69.57679180880525,24.336695085323623,5.2034478540412685,246553.2,33641290.4,142.0,129.5,0.3551445180377947,-0.0525239861747212,0.1044776119402985,0.0842490842490841,136.5,0.3750016215985811,143.9754606775317,133.8,123.62453932246832,1.1977571065335082,0.1520995616970356,90.2439024390244,70.08130081300806,139.0,135.25,18712744.0,17468184.15,-9.090909090909092,211.6961753659845,58.9014564166978,124.5,135.0,104561.64533333312,True,0.0096358201195023,89596.0,1.0,0.0,0.0,123551.0,1.0,0.0948417918207962,0.0,0.0,0.9598,0.2169,0.0,0.0,0.0,0,False,0,False,False,True,False,2.9940840354130467,True,True,True,True,False,False,False,True,False,True,False,False,True,True,False,True,True,True,-20.0,-25.0,-4.054054054054054,25.0,1.8719906304648697,False,False,True,False,False,False,False,-1,False,12,False,False,1022.404727919709,66.9,5,False,3,False,False,False,False,"volume_break, rsi_strong, breakout_20d, market_above_ma60, adx_trending, stronger_than_market, obv_uptrend, bb_squeeze_breakout, breakout_volume_confirm, cci_momentum, mfi_strong, above_ichimoku_cloud",,
2026-09-29,331.0,331.0,306.0,306.0,2027409,636926390,8155,博智,,-1.5273041923165351,0.4105892024090255,-1.9378933947255603,331.21597188705186,332.95637773114555,322.99263594156247,39.90516464678783,16.25522989566335,16.185502675731552,652710.45,221511817.55,372.0,313.5,-0.6391747302273268,0.1024709827818962,-0.0526315789473684,-0.0892857142857143,336.0,1.6097905480923012,373.6700501113236,337.75,301.8299498886764,0.0580462735770104,0.2127019991788224,0.0,46.27450980392132,332.2,325.4,54433163.0,56655786.95,-100.0,-115.65177124334312,39.40117498422546,305.875,329.25,104561.64533333312,True,0.0096358201195023,-986378.0,0.0,0.0,0.0,17121.0,4.0,-0.0622673990668708,0.0,0.0,0.3514,0.0069,0.0,0.0,0.0,0,False,0,False,False,False,True,3.1061384109906625,True,False,False,False,True,True,False,False,False,False,False,True,False,False,False,False,False,True,20.0,25.0,21.568627450980397,0.0,-0.7780658905884041,False,False,False,False,False,False,False,-1,False,6,False,False,466.72459342284577,47.9,3,False,3,False,True,True,True,"ema60_gt_ema120, volume_break, market_above_ma60, avoid_chase, liquidity_ok, dealer_buy_3d",,"close_below_ema20, close_below_swing_low"
2026-09-29,20.55,20.75,20.45,20.6,199428,4095167,8171,天宇,,0.1551102254673928,0.0614856090047744,0.0936246164626183,20.14243801506048,20.4453204585806,21.64081996823828,60.02330981863901,19.43857257789207,0.443263148693748,150599.9,3034604.7,20.65,19.8,0.2131663837601655,-0.0430060455894005,0.0274314214463839,0.0073349633251835,20.45,0.633829631568883,20.76628267212245,20.025000000000045,19.283717327877635,0.8878412524831053,0.0740357225590419,60.00000000000014,58.7096774193548,20.520000000000078,20.230000000000015,-6064073.0,-6811945.4,-33.3333333333332,115.78947368421083,81.47916774470097,19.9125,21.35,104561.64533333312,True,0.0096358201195023,-1000.0,0.0,0.0,0.0,0.0,0.0,0.0177956013268816,0.0,0.0,5.8129,-0.0017,0.0,0.0,0.0,0,False,0,False,False,True,False,1.3242239868685173,False,True,False,False,True,False,False,True,True,True,False,False,False,False,False,True,True,True,0.0,-12.0,0.2427184466019279,25.0,2.0,False,False,False,True,False,False,False,-1,False,8,True,False,670.2422398686851,19.9,3,False,3,False,False,False,False,"rsi_strong, market_above_ma60, avoid_chase, stronger_than_market, kd_golden_cross, obv_uptrend, cci_momentum, mfi_strong",long_upper_shadow,
2026-09-29,9.78,9.8,9.69,9.78,95316,928367,8176,智捷,,-0.0341341397749435,-0.0330177253490119,-0.0011164144259315,9.832816486803694,9.956367798778606,10.156844392218716,44.807630405483785,23.056978878173705,0.1709426007397986,65393.75,640086.1,9.94,9.77,-0.0308977235055411,-0.0778484756243102,-0.005086469989827,0.0,9.78,0.1275646995738436,9.95312343275673,9.828500000000076,9.703876567243425,0.3054138016933748,0.0253596037557414,55.99999999999987,56.0,9.796000000000095,9.827000000000044,1096368.0,1088295.3,-44.00000000000013,-65.20926756352746,47.898122608810674,10.03,10.435,104561.64533333312,True,0.0096358201195023,-3000.0,0.0,0.0,0.0,-45.0,0.0,-0.0147222901093294,0.0,0.0,2.8183,-0.2563,0.0,0.0,0.0,0,False,0,False,False,False,False,1.457570486476154,False,False,True,False,True,False,False,False,False,True,False,False,False,False,False,False,False,False,0.0,0.0,1.6359918200409014,15.0,0.0245628707346512,False,False,False,False,False,False,False,-1,False,4,False,False,319.8704593135773,17.1,5,False,3,False,True,False,True,"market_above_ma60, avoid_chase, adx_trending, obv_uptrend",,close_below_ema20
2026-09-29,41.25,42.6,41.0,41.2,1576692,65729987,8182,加高,,0.0032655883324963,-0.3692128889925962,0.3724784773250925,39.6189229710103,40.52948020611517,39.53972844461302,58.07070362343923,12.37985339034929,1.7929792347747209,615980.4,24696195.65,40.8,37.1,0.1034410572280915,-0.318411870624959,0.0430379746835443,0.0185414091470952,40.45,1.5188554247086763,41.34076988392575,39.21750000000011,37.09423011607447,0.9668506851174572,0.1082817560489899,72.54901960784318,72.50104934940343,40.27000000000044,39.38000000000029,103298737.0,97837054.5,-22.95081967213112,167.8271387009252,78.21142993638084,41.5625,47.1,104561.64533333312,True,0.0096358201195023,368025.0,2.0,0.0,0.0,4328.0,1.0,0.0334021545640419,0.0,0.0,0.1368,0.0021,0.0,0.0,0.0,0,False,0,False,False,True,True,2.559646378358792,True,True,False,True,True,False,False,True,True,True,False,False,False,True,False,True,True,True,-10.0,-25.0,-0.9708737864077808,25.0,0.9701849277397464,True,False,False,True,False,False,False,-1,False,12,True,False,902.2386829164648,50.2,3,False,3,False,False,False,False,"ema60_gt_ema120, volume_break, rsi_strong, breakout_20d, market_above_ma60, avoid_chase, stronger_than_market, kd_golden_cross, obv_uptrend, breakout_volume_confirm, cci_momentum, mfi_strong",long_upper_shadow,
2026-09-29,313.0,337.0,308.0,337.0,2527034,820490458,8227,巨有科技,,40.69725206328795,30.83532019793433,9.861931865353618,249.44787991898784,202.0283660456473,185.13559283859576,84.98336984989925,50.65708856307718,17.38904473851797,3139236.75,746092909.9,310.0,239.0,4.482184312725232,0.8447408572255869,0.2078853046594981,0.099510603588907,306.5,0.3241168937880656,351.350743608911,232.0,112.649256391089,0.9398799572797988,1.028885720766474,100.0,93.77839625110028,309.2,284.55,63609715.0,38415897.8,-0.0,124.34809827733476,97.99201591436622,149.25,178.75,104561.64533333312,True,0.0096358201195023,-180082.0,0.0,0.0,0.0,44807.0,1.0,0.1982494845399958,0.0,0.0,0.4225,0.142,0.0,0.0,0.0,0,False,0,False,False,True,True,0.8049835680599751,False,True,True,True,False,True,False,True,False,True,False,False,False,False,False,False,True,True,-20.0,-25.0,-8.011869436201781,25.0,1.3347734176407746,False,False,True,False,False,False,False,-1,False,10,False,False,809.067116692289,37.7,10,False,3,False,False,False,False,"ema60_gt_ema120, rsi_strong, breakout_20d, market_above_ma60, liquidity_ok, adx_trending, stronger_than_market, obv_uptrend, mfi_strong, above_ichimoku_cloud",,
2026-09-22,28.6,29.0,28.1,28.2,832967,23732039,8183,精星,,-0.3731400970091023,-0.4417607075571317,0.0686206105480294,28.54156249938862,29.74472283951487,30.842329538068796,44.90268848966928,19.14537599682686,0.9056080159430456,445242.55,12911729.95,29.65,27.55,-0.2073175702523593,-0.320263027948897,0.0235934664246824,-0.0242214532871971,28.9,7.104897331332199,29.681206269356466,28.520000000000078,27.358793730643686,0.3622122492597983,0.0814310146813734,19.69696969696965,27.9539581865162,28.22999999999993,28.309999999999853,21005283.0,18886652.1,-79.10447761194034,-26.01473123334849,61.67155898379325,30.6375,31.7,104363.58016666643,True,0.0515964274126714,-21001.0,0.0,0.0,0.0,7023.0,1.0,-0.028002960987989,0.0,0.0,0.5607,0.0745,0.0,0.0,0.0,0,False,0,False,False,False,False,1.870816255095116,True,False,False,False,True,False,False,False,False,True,False,False,False,False,False,False,True,False,20.0,0.0,5.141843971631204,0.0,1.8462702010474077,False,False,False,False,False,False,False,-1,False,5,False,False,395.86340496352005,25.5,3,False,3,False,True,False,True,"volume_break, market_above_ma60, avoid_chase, obv_uptrend, mfi_strong",,close_below_ema20
2026-09-29,61.7,62.5,61.6,62.1,283856,17611999,8234,新漢,,-1.5117924623999812,-1.284771920676588,-0.2270205417233932,63.53951657433771,65.44260527034933,67.08709651391031,41.93380271101088,21.399381956096285,1.9407446233124868,396934.0,25877456.65,68.3,60.7,-0.6620337029153028,-0.0906352492048441,-0.0063999999999999,0.0147058823529411,61.2,0.4644478450351711,69.52727542693692,64.16999999999989,58.81272457306285,0.3068047808787585,0.166971339471312,62.50000000000004,26.893939393939338,61.51999999999971,61.82999999999993,-7570126.0,-7150034.8,-80.76923076923079,-62.03090507726274,17.210777494837544,68.275,66.19999999999999,104561.64533333312,True,0.0096358201195023,40990.0,1.0,0.0,0.0,277.0,1.0,-0.0160358201195023,0.0,0.0,0.4796,-0.1857,0.0,0.0,0.0,0,False,0,False,False,False,False,0.7151214055737226,False,False,True,False,True,False,False,False,False,False,False,False,False,False,False,False,False,False,0.0,0.0,9.983896940418672,0.0,-0.2045805730463225,False,False,False,False,False,False,False,-1,False,3,False,False,219.69624717918137,9.8,3,False,3,False,True,False,True,"market_above_ma60, avoid_chase, adx_trending",,close_below_ema20
2026-09-29,53.6,57.0,53.6,54.5,4472780,247321632,8240,華宏,,1.7574034752911842,1.6629959658799196,0.0944075094112646,50.35481032877885,48.98975842295925,49.42650731892777,66.62069828866413,33.650175686424326,2.5135854941697344,1433187.5,74741324.4,56.0,49.0,0.2608362599492644,0.284036022297702,0.0686274509803921,0.0480769230769231,52.0,0.9532313968758288,55.041930497581056,51.04749999999994,47.05306950241883,0.932164234937968,0.1564985747619812,68.75,62.13235294117597,52.3,51.14500000000008,64960479.0,58083395.15,-31.25,170.8434384263001,54.499123367454416,42.0625,48.65,104561.64533333312,True,0.0096358201195023,-436000.0,0.0,0.0,0.0,-9792.0,0.0,0.0589916308608897,0.0,0.0,-0.1259,-0.0755,0.0,0.0,0.0,0,False,0,True,True,True,False,3.120861715581527,True,True,True,False,False,True,False,True,False,True,False,False,False,False,False,True,True,True,0.0,-25.0,2.752293577981652,8.0,2.0,False,False,True,True,False,False,False,-1,False,12,True,False,898.2086171558153,63.3,10,False,3,False,False,False,False,"macd_golden_cross, volume_break, rsi_strong, market_above_ma60, liquidity_ok, hist_turn_positive, adx_trending, stronger_than_market, obv_uptrend, cci_momentum, mfi_strong, above_ichimoku_cloud",long_upper_shadow,
2026-09-29,15.8,15.8,14.65,15.6,118349,1815536,8277,商丞,,1.888303260646156,0.9856760148352712,0.9026272458108848,11.162925272820376,9.475985596139816,9.165477178271557,82.97241639335633,30.640111022358354,1.063861780031141,173009.2,1766823.0,16.85,7.99,3.832734752985901,0.2273755999478815,0.937888198757764,-0.0095238095238096,15.75,0.308481538430994,16.926897363076996,10.03249999999998,3.1381026369229668,0.9037698805857054,1.3744126315628264,61.5686274509804,62.5447296035533,15.989999999999965,12.005999999999949,5872947.0,6670175.0,-37.837837837837846,115.75107609250765,42.66479423610137,8.239999999999998,9.85,104561.64533333312,True,0.0096358201195023,-18000.0,0.0,0.0,0.0,0.0,0.0,0.9282523786382616,0.0,0.0,-0.188,0.104,0.0,0.0,0.0,0,False,0,False,False,True,True,0.6840618880383239,False,True,True,False,False,False,False,True,False,False,False,False,False,False,False,False,False,True,0.0,-25.0,8.012820512820525,0.0,-0.7953922326498963,False,False,True,False,False,False,False,-1,False,6,False,False,427.2959120885845,40.2,10,True,3,False,False,False,False,"ema60_gt_ema120, rsi_strong, market_above_ma60, adx_trending, stronger_than_market, above_ichimoku_cloud",,
2026-09-29,46.0,47.4,45.3,46.05,718771,33094223,8289,泰藝,,-0.3438477110990234,-0.7701497674787039,0.4263020563796804,44.326846881451935,46.70032955568331,46.36055386618274,56.347114864608486,19.994388419890956,2.04951478331393,381301.35,16959387.6,47.4,40.85,-0.1527963482644428,-0.3217095745245035,0.0418552036199093,0.0290502793296087,44.75,1.4229856452456988,47.477798385875175,44.042499999999926,40.60720161412468,0.7921871369681033,0.1559992455412501,78.90624999999997,67.2216235632186,44.759999999999856,43.66999999999989,117193413.0,114605729.45,-18.620689655172438,99.44934376681974,60.46304219819047,46.35,55.65,104561.64533333312,True,0.0096358201195023,21352.0,2.0,0.0,0.0,1342.0,3.0,0.0322193835004069,0.0,0.0,0.6715,-0.0148,0.0,0.0,0.0,0,False,0,False,False,False,True,1.885047089395304,True,True,False,False,True,False,False,True,False,True,False,True,False,False,False,False,True,True,-10.0,0.0,2.9315960912052152,8.0,0.6760922864399991,True,False,False,True,False,False,False,-1,False,9,True,False,729.963578331233,36.7,3,False,3,False,False,False,False,"ema60_gt_ema120, volume_break, rsi_strong, market_above_ma60, avoid_chase, stronger_than_market, obv_uptrend, dealer_buy_3d, mfi_strong",long_upper_shadow,
2026-09-29,28.8,28.9,28.8,28.9,10031,289621,8291,尚茂,,-1.54810397843422,-1.6958675230932705,0.1477635446590504,30.91384989065206,34.97790357243804,35.624587760061544,40.8086645431449,6.965091677561971,1.8590326090017515,16528.85,501340.55,35.75,28.85,-0.597982418605553,-0.2907535845077109,-0.0883280757097791,-0.0285714285714285,29.75,0.0601210228381807,33.539095423505586,30.609999999999992,27.6809045764944,0.2081010085438872,0.1913816023198688,22.36842105263152,37.719298245614176,29.46999999999989,29.875,-51594.0,-42137.1,-77.63157894736848,-95.39640762801896,27.014470673165377,37.3,43.95,104561.64533333312,True,0.0096358201195023,1000.0,1.0,0.0,0.0,0.0,0.0,-0.0979638958292815,0.0,0.0,-0.7235,-0.2288,0.0,0.0,0.0,0,False,0,False,False,False,False,0.6068782764681149,False,False,False,False,True,False,False,False,False,False,False,False,False,False,False,False,False,False,10.0,0.0,23.702422145328725,0.0,-0.0480428840328038,False,False,False,False,False,False,False,-1,False,2,False,False,75.4922681562875,9.6,3,False,3,False,True,False,True,"market_above_ma60, avoid_chase",,close_below_ema20
2026-09-29,2105.0,2135.0,2080.0,2115.0,2235777,4722897060,8299,群聯,,24.734990452863254,12.928777394626035,11.806213058237224,2082.732816827607,2072.2376468186926,2018.9645305147549,53.16873121878708,13.63408448814868,101.14951270394585,4493505.25,9466167049.75,2215.0,1920.0,0.133326760817929,0.1296919499348684,-0.0116822429906542,-0.0047058823529412,2125.0,0.9492122845521752,2236.427256692155,2071.5,1906.572743307845,0.6318763219386925,0.1592346190607337,47.77777777777778,55.92592592592579,2158.0,2074.0,223623901.0,217021989.05,-52.22222222222222,32.45291957834894,62.62600405470268,2000.0,2057.5,104561.64533333312,True,0.0096358201195023,-45423.0,0.0,1330.0,1.0,36512.0,1.0,-0.0213180631101566,0.0,0.0,3.7652,0.041,0.0,0.0,0.0,0,False,0,False,False,True,True,0.4975574469396692,False,False,False,False,True,True,False,False,False,True,False,False,False,False,False,False,True,True,0.0,0.0,4.728132387706856,0.0,0.5392318311685448,False,False,True,False,False,False,False,-1,False,7,False,False,501.4463564434192,11.5,3,True,3,False,False,False,False,"ema60_gt_ema120, market_above_ma60, avoid_chase, liquidity_ok, obv_uptrend, mfi_strong, above_ichimoku_cloud",,
2026-09-29,500.0,519.0,495.5,498.0,13842988,6964094650,8358,金居,,11.87860742328371,15.33327950126147,-3.45467207797776,491.4866757498049,469.9787781239358,440.63101525164063,52.70205867657349,22.254953846330167,26.727193939021348,13518940.05,6906169364.2,543.0,478.5,-0.2253131796727606,0.3535396248761562,-0.003003003003003,-0.025440313111546,511.0,0.2168997022357052,539.6367580936898,504.15,468.6632419063102,0.4133479594872662,0.1407785702417526,49.397590361445786,50.42812760475863,497.8,497.7,557736872.0,577951439.55,-63.793103448275865,-5.213006879459534,44.93563995002343,384.375,514.5,104561.64533333312,True,0.0096358201195023,-2708654.0,0.0,-3700.0,0.0,-1132103.0,0.0,-0.0126388231225054,0.0,0.0,0.5971,0.0472,0.0,0.0,0.0,0,False,0,False,False,True,True,1.023969922849092,False,False,True,False,True,True,False,False,False,False,False,False,False,False,False,False,False,True,0.0,0.0,9.036144578313252,0.0,-0.3461178543238966,False,False,False,True,False,False,False,-1,False,5,True,False,356.08628497660413,14.1,3,False,3,False,False,False,False,"ema60_gt_ema120, market_above_ma60, avoid_chase, liquidity_ok, adx_trending",long_upper_shadow,
2026-09-29,68.5,68.5,67.3,67.6,561865,38052566,8383,千附,,-0.2878898462619901,-0.7389348133258258,0.4510449670638357,66.66127289435325,67.0208456553377,63.5552655102033,51.77630905552542,11.501814431209343,2.5287821326121342,1099406.5,73205925.65,68.5,63.3,0.1319148929782714,-0.3137991421748455,-0.0131386861313869,-0.0044182621502211,67.9,0.903921945478976,68.72325262189274,65.97000000000007,63.21674737810739,0.7960135199797638,0.0834698384687788,72.13114754098353,65.57377049180347,67.0,66.25,66208270.0,64984575.45,-37.14285714285727,101.94124364164855,59.06836295217993,74.9,74.05,104561.64533333312,True,0.0096358201195023,28100.0,2.0,0.0,0.0,-63196.0,0.0,-0.0227745062508892,0.0,0.0,0.736,0.0307,0.0,0.0,0.0,0,False,0,False,False,True,True,0.5110621048720377,False,False,False,False,True,True,False,False,False,True,False,False,False,False,False,True,True,True,-10.0,0.0,1.3313609467455707,15.0,0.1304959463362733,True,False,False,False,False,False,False,-1,False,7,False,False,516.6765724047557,9.7,3,False,3,False,False,False,False,"ema60_gt_ema120, market_above_ma60, avoid_chase, liquidity_ok, obv_uptrend, cci_momentum, mfi_strong",,
2026-09-29,89.0,91.1,89.0,89.4,285136,25593392,8390,金益鼎,,-2.16349496950518,-1.848879184591184,-0.3146157849139963,93.05558142120356,96.94654419842114,97.70149122253564,31.98607482847889,19.48804384900464,2.0366325804214225,324480.75,30463720.55,99.8,90.0,-0.5592091921489076,-0.132777391424395,-0.0261437908496731,-0.0066666666666665,90.0,0.896578083115382,100.49837738694906,93.72000000000024,86.94162261305145,0.1813396663102555,0.1446516727902003,10.256410256410389,10.167042202636972,90.40000000000072,90.91000000000022,31572616.0,33754620.0,-95.87628865979376,-86.07674564898315,23.395608990390187,97.05,108.75,104561.64533333312,True,0.0096358201195023,-19000.0,0.0,0.0,0.0,-4597.0,0.0,-0.0357796109691754,0.0,0.0,0.4944,-0.1079,0.0,0.0,0.0,0,False,0,False,False,False,False,0.8787455033927283,False,False,False,False,True,False,False,False,True,False,False,False,False,False,False,False,False,False,20.0,12.0,11.63310961968679,0.0,-1.150153413513054,False,False,False,True,False,False,False,-1,False,3,True,False,236.9856140717706,5.6,3,False,3,False,True,True,True,"market_above_ma60, avoid_chase, kd_golden_cross",long_upper_shadow,"close_below_ema20, close_below_swing_low"
2026-09-29,28.0,28.0,27.55,28.0,29677,822276,8410,森田,,-0.7643709202832127,-0.657290498673483,-0.1070804216097297,29.331894502826188,30.888298538279507,32.61268337089635,29.92957951173908,40.98577942394262,0.5787373890385621,46715.9,1340662.7,30.5,27.8,-0.4335174920588064,-0.2139350720195889,-0.0508474576271186,0.0071942446043165,27.8,3.649309215180266,31.0159792244537,29.39750000000004,27.77902077554637,0.0682675505236166,0.1101099906082941,19.999999999999968,13.333333333333334,28.340000000000146,28.82000000000007,-5269522.0,-4757141.8,-81.25000000000003,-162.2000350324052,5.954113366729516,31.6625,31.975,104561.64533333312,True,0.0096358201195023,0.0,0.0,0.0,0.0,445.0,1.0,-0.0604832777466209,0.0,0.0,-0.4093,-0.2925,0.0,0.0,0.0,0,False,0,False,False,False,False,0.6352655091735362,False,False,True,False,True,False,False,False,True,False,False,False,False,False,False,False,False,False,20.0,25.0,8.928571428571429,0.0,-1.8354296994015624,False,False,False,False,False,False,False,-1,False,4,False,False,284.3274986989166,3.1,10,False,3,False,True,False,True,"market_above_ma60, avoid_chase, adx_trending, kd_golden_cross",,close_below_ema20
2026-09-29,18.05,18.1,18.05,18.05,7118,128496,8423,保綠-KY,,0.0247721979329504,0.0270529067771344,-0.0022807088441839,17.968116729830747,17.904625704631133,17.912579561299474,53.52631453450378,23.330609437613287,0.2846031426318929,24059.45,436152.5,18.35,17.65,-0.0331129199493213,0.0372856256434007,0.011204481792717,0.0,18.05,0.4103483784851667,18.36704832777483,18.007499999999983,17.647951672225133,0.5591019297225488,0.0399331753741329,66.66666666666667,66.89068100358357,18.010000000000037,17.894999999999982,84379.0,59156.85,-60.41666666666668,4.269293924466665,43.91210140846314,17.9625,18.075,104561.64533333312,True,0.0096358201195023,-1000.0,0.0,0.0,0.0,0.0,0.0,0.0015686616732146,0.0,0.0,0.1696,0.0191,0.0,0.0,0.0,0,False,0,False,False,True,False,0.2958504870227706,False,False,True,False,True,False,False,True,False,True,False,False,False,False,False,False,False,True,0.0,0.0,1.6620498614958488,15.0,0.3523819885870514,False,False,False,False,False,False,False,-1,False,5,False,False,442.18708873327233,10.1,5,False,3,False,False,False,False,"market_above_ma60, avoid_chase, adx_trending, stronger_than_market, obv_uptrend",,
2026-09-29,62.3,68.5,62.3,66.3,2595935,172233232,8431,匯鑽科,,3.2493191188936734,3.347126990209332,-0.0978078713156587,61.02408392226738,56.278903461489406,55.8062517396168,62.70616934017094,32.86541895402601,4.003794806727571,3202990.55,205612095.75,68.8,56.9,0.5013299069105278,0.5453870634573887,0.0607999999999999,0.04739336492891,63.3,0.2089355531113578,69.91856779548183,62.26499999999987,54.61143220451791,0.7636025516349418,0.2458385222992685,73.2558139534884,64.46835589494367,64.23999999999978,63.60999999999986,76315509.0,76168703.3,-17.1641791044776,75.08496176720482,65.3464540346383,47.975,51.65,104561.64533333312,True,0.0096358201195023,673211.0,1.0,0.0,0.0,771.0,1.0,0.0511641798804975,0.0,0.0,-0.1341,0.0673,0.0,0.0,0.0,0,False,0,False,False,True,True,0.8104722631791718,False,True,True,False,False,True,False,True,True,True,False,False,False,False,False,False,True,True,-10.0,0.0,3.770739064856712,0.0,0.0237308034370271,False,False,True,False,False,False,False,-1,False,10,False,False,768.389492273036,24.2,10,False,3,False,False,False,False,"ema60_gt_ema120, rsi_strong, market_above_ma60, liquidity_ok, adx_trending, stronger_than_market, kd_golden_cross, obv_uptrend, mfi_strong, above_ichimoku_cloud",,
2026-09-29,21.5,21.5,20.65,20.95,112884,2371922,8440,綠電,,0.0545940442613073,-0.0296248810900124,0.0842189253513197,20.168372491617752,20.450566959280117,21.355190336420872,67.56954125712245,14.894740152450415,0.4213460036620918,55307.3,1110255.0,20.55,19.8,0.0380032449115001,-0.0388430975778829,0.0448877805486283,0.0345679012345678,20.25,0.6877823844440697,20.60497524692474,20.1,19.59502475307526,1.3416254115191106,0.0502462932263423,71.0526315789473,86.42930856553114,20.32000000000007,20.120000000000072,-12367149.0,-12516286.9,-27.50000000000004,333.3333333333327,63.06711968771008,19.8,20.85,104561.64533333312,True,0.0096358201195023,-3000.0,0.0,0.0,0.0,241.0,1.0,0.0352519604291259,0.0,0.0,0.1386,-0.0579,0.0,0.0,0.0,0,False,0,False,False,True,False,2.0410325580890767,True,True,False,True,True,False,False,True,False,True,False,False,True,True,False,True,True,True,-10.0,-25.0,-1.9093078758949813,25.0,0.5337395335287529,False,False,True,False,True,False,False,-1,False,12,True,False,951.815199983236,36.6,3,False,3,False,False,False,False,"volume_break, rsi_strong, breakout_20d, market_above_ma60, avoid_chase, stronger_than_market, obv_uptrend, bb_squeeze_breakout, breakout_volume_confirm, cci_momentum, mfi_strong, above_ichimoku_cloud",open_high_close_low,
2026-09-29,22.1,22.1,22.1,22.1,1100,24349,8455,大拓-KY,,-0.4680645647319217,-0.8025297782240155,0.3344652134920938,21.4267297297321,23.40188139580683,24.26596802881998,50.40131479909326,9.136360958495985,3.6076668443337367,5273.05,119793.5,23.95,0.0,,,-0.0264317180616738,0.0,22.1,1.362856786976976,31.68455499009822,21.68500000000004,11.685445009901857,0.5207509234366383,0.9222554752223348,91.32231404958678,91.66666666666669,22.320000000000256,20.535000000000128,602847.0,610005.85,-8.677685950413213,10.676065691007077,44.28099075572491,25.0375,27.85,104561.64533333312,True,0.0096358201195023,0.0,0.0,0.0,0.0,0.0,0.0,-0.0360675381811762,0.0,0.0,0.2322,-0.0686,0.0,0.0,0.0,0,False,0,False,False,False,False,0.2086079214117067,False,False,False,False,True,False,False,False,False,False,False,False,False,False,False,False,False,True,-20.0,0.0,8.37104072398189,0.0,-0.3363911513108497,False,False,False,False,False,False,False,-1,False,2,False,False,123.04938539838686,26.6,3,False,3,False,False,False,False,"market_above_ma60, avoid_chase",,
2026-09-29,76.6,76.7,73.1,73.1,17669,1312137,8472,夠麻吉,,1.5205631157331538,1.7975503932272685,-0.2769872774941144,75.34625197481778,74.15373026937864,74.19181786103839,46.092481082053226,30.271705712197917,3.3443604546037413,20179.9,1527943.45,81.0,76.0,0.7400845274420217,-0.0352131286023296,-0.0381578947368421,-0.0506493506493507,77.0,0.1014843986670705,84.63552360765638,75.10999999999986,65.58447639234333,0.3944939888457027,0.2536419546706575,0.0,23.015873015872785,76.89999999999927,77.65999999999985,851873.0,859473.35,-99.00990099009908,-13.64023870417727,41.06312389557413,72.125,79.4,104561.64533333312,True,0.0096358201195023,0.0,0.0,0.0,0.0,-232.0,0.0,-0.0477937148563445,0.0,0.0,1.213,0.1561,0.0,0.0,0.0,0,False,0,False,False,False,False,0.8755742099812188,False,False,True,False,True,False,False,False,False,False,False,False,False,False,False,False,False,False,20.0,0.0,10.807113543091663,0.0,-0.0782147347427585,False,False,False,False,False,False,False,-1,False,3,False,False,257.8171652828991,7.2,8,False,3,True,True,True,True,"market_above_ma60, avoid_chase, adx_trending",,"macd_death_cross, close_below_ema20, close_below_swing_low"
2026-09-29,13.9,14.1,13.9,14.1,9645,135137,8477,創業家,,-0.2931158170443648,-0.1795796637303428,-0.113536153314022,14.945481949410642,15.316284577295187,15.160464852636489,34.372480502472484,19.38306480964786,0.360400356648595,15556.55,230980.9,15.45,14.25,-0.381679203803,,-0.06,-0.0174216027874564,14.35,0.3903558381112108,15.86364083497891,15.055000000000016,14.246359165021126,-0.0904970159124764,0.1074248867457842,14.814814814814769,18.574635241301923,14.429999999999929,14.784999999999991,-104419.0,-28130.9,-87.09677419354843,-216.6117819246272,35.22202759284096,11.9375,9.5,104561.64533333312,True,0.0096358201195023,0.0,0.0,0.0,0.0,-320.0,0.0,-0.0696358201195024,0.0,0.0,-0.0378,-0.0964,0.0,0.0,0.0,0,False,0,False,False,False,True,0.619996078822104,False,False,False,False,True,False,False,False,False,False,False,False,False,False,False,False,False,False,20.0,25.0,9.57446808510638,0.0,-0.702816188563063,False,False,True,False,False,False,False,-1,False,4,False,False,272.76616652546426,3.8,3,False,3,False,True,True,True,"ema60_gt_ema120, market_above_ma60, avoid_chase, above_ichimoku_cloud",,"close_below_ema20, close_below_swing_low"
2026-09-29,239.0,240.0,236.0,236.0,339721,80852963,8454,富邦媒,,-3.42966426548162,-3.6300013555265296,0.2003370900449099,244.29279900823872,251.1005882087925,246.89321080926257,39.78660391421684,10.772628721558506,6.7504386001770165,360350.6,87434189.25,250.0,239.0,-0.0273157746013108,-0.174861543950301,-0.0522088353413654,-0.0125523012552301,239.0,0.6874965859140107,250.6853527718725,242.5,234.31464722812757,0.1029493058420084,0.0675080640979172,0.0,23.268095681888852,241.4,243.5,9118835.0,9696211.4,-86.48648648648648,-136.32532659081303,42.44359104615995,268.75,348.5,104561.64533333312,True,0.0096358201195023,-81100.0,0.0,0.0,0.0,-866.0,0.0,-0.0618446554608678,0.0,0.0,0.078,0.0696,0.0,11.98,-0.05,0,False,0,False,False,False,True,0.9427513094192156,False,False,False,False,True,True,False,False,False,False,False,False,False,False,False,False,False,False,20.0,12.0,5.932203389830509,0.0,-0.1555497162244634,False,False,False,False,False,False,False,-1,False,4,False,False,269.5609164994986,4.3,3,False,3,False,True,True,True,"ema60_gt_ema120, market_above_ma60, avoid_chase, liquidity_ok",,"close_below_ema20, close_below_swing_low"
2026-09-29,70.3,70.4,70.0,70.4,15023,1054713,8487,愛爾達-創,,-0.4090240860000449,-0.5375994277977258,0.1285753417976809,70.97390609532138,72.90187588330906,74.99726577962518,43.96321614483867,10.982638269392003,0.9432077326973012,9897.95,699401.55,71.9,70.0,0.0058373811620172,-0.1821500071205868,-0.0028328611898015,-0.0098452883263008,71.1,0.4941303244122554,71.665423399359,70.74999999999982,69.83457660064063,0.3088316290337253,0.0258776932681042,21.052631578947604,28.07017543859668,70.9199999999997,70.68999999999942,-431001.0,-428862.15,-78.94736842105239,-99.29078014184124,48.85454884928294,72.77499999999999,77.75,104561.64533333312,True,0.0096358201195023,-3000.0,0.0,0.0,0.0,-41.0,0.0,-0.0124686813093038,0.0,0.0,0.0491,-0.6587,0.0,1.57,-0.01,0,False,0,False,False,False,False,1.5177890371238487,True,False,False,False,True,False,False,False,False,False,False,False,False,False,False,False,False,True,10.0,0.0,2.130681818181818,8.0,-0.0141410423461121,False,False,False,False,False,False,False,-1,False,3,False,False,218.00819786308517,18.0,3,False,3,False,True,False,True,"volume_break, market_above_ma60, avoid_chase",,close_below_ema20
2026-09-29,92.2,93.9,92.1,93.4,717838,66716175,8932,智通*,,-2.249567633324176,-2.9927067158166007,0.7431390824924247,93.98826390187386,99.4535554841112,107.75416724493488,46.85158850216721,20.113305802902897,4.162527627343829,1979260.45,182054920.8,96.0,85.8,-0.0130644667703215,-0.441714960447276,0.0053821313240043,0.0086393088552916,92.6,0.2756028258529526,96.62514864623869,92.0,87.37485135376133,0.6513464871165312,0.1005467097008406,72.80701754385971,69.88304093567179,93.55999999999912,91.55,-13890516.0,-14589718.55,-27.19298245614029,44.08817635270466,54.41300308258548,105.975,106.65,104561.64533333312,True,0.0096358201195023,370380.0,3.0,0.0,0.0,-109633.0,0.0,-0.004253688795498,0.0,0.0,0.1276,0.0737,0.0,0.0,0.0,0,False,0,False,False,False,False,0.3626799090539095,False,False,True,False,True,True,True,False,True,True,False,False,False,False,False,False,True,True,-10.0,0.0,2.7837259100642333,8.0,0.1008623447895009,True,False,False,False,False,False,False,-1,False,8,False,False,627.8371472280132,13.5,3,False,3,False,True,False,True,"market_above_ma60, avoid_chase, liquidity_ok, foreign_buy_3d, adx_trending, kd_golden_cross, obv_uptrend, mfi_strong",,close_below_ema20
2026-09-29,35.25,35.6,35.25,35.3,101144,3580160,8222,寶一,,-0.8205050163481573,-0.8688336096315362,0.0483285932833789,35.9858687056347,37.1285426554728,37.8594060781731,41.36694197996189,11.807218306551356,0.9996992326267986,337662.6,12312067.95,39.1,34.25,-0.484467205306698,-0.2444806764606933,-0.0070323488045006,0.0042674253200567,35.15,0.2304158707798676,38.65382347756315,35.94250000000011,33.23117652243707,0.3815154286611356,0.1508700550914952,63.63636363636352,58.58585858585866,35.32999999999993,35.07999999999993,64399994.0,64936007.15,-63.79310344827594,-37.86170612551673,24.48435956620061,39.425,39.8,104561.64533333312,True,0.0096358201195023,-3710.0,0.0,0.0,0.0,0.0,0.0,-0.016668168924003,0.0,0.0,-0.1748,-0.3208,0.0,2.34,0.24,0,False,0,False,False,False,False,0.2995416134330542,False,False,False,False,True,False,False,False,True,False,False,False,False,False,False,False,False,True,0.0,0.0,10.76487252124647,0.0,-0.1480348726463712,False,False,False,True,False,False,False,-1,False,3,True,False,156.2189976625741,9.2,3,False,3,False,True,False,True,"market_above_ma60, avoid_chase, kd_golden_cross",long_upper_shadow,close_below_ema20
2026-09-29,40.6,40.6,40.05,40.05,7068,283892,8367,建新國際,,-0.0623067197893689,0.0026242632745989,-0.0649309830639679,40.56856899339008,40.68686425190643,41.22366095669216,42.16551518431637,18.33268176086685,0.4755420853010328,16066.0,651652.95,41.2,40.2,-0.0712985023151817,0.0107970768570113,-0.0171779141104295,-0.0135467980295567,40.6,0.5495948264807,41.26027121397787,40.67250000000004,40.0847287860222,-0.0295427754850113,0.028902635145508,0.0,30.892448512585663,40.409999999999854,40.55999999999985,-1437590.0,-1323987.85,-84.00000000000034,-152.15686274509795,17.2200060156801,40.5,40.95,104561.64533333312,True,0.0096358201195023,-3000.0,0.0,0.0,0.0,0.0,0.0,-0.0268137342299319,0.0,0.0,-0.0501,-0.1503,0.0,1.62,0.0,0,False,0,False,False,False,False,0.4399352670235279,False,False,False,False,True,False,False,False,False,False,False,False,False,False,False,False,False,False,20.0,25.0,2.87141073657929,8.0,-1.457498680181767,False,False,False,False,False,False,False,-1,False,2,False,False,129.90936850805406,5.3,3,False,3,False,True,True,True,"market_above_ma60, avoid_chase",,"close_below_ema20, close_below_swing_low"
2026-09-29,75.4,76.7,75.4,76.0,105764,8037497,8374,羅昇,,-1.4914249799499544,-1.2494789110458082,-0.2419460689041461,78.10551320069678,80.96855839800497,83.09810378402017,40.56298577859548,9.524409777482232,2.424743737152764,244469.85,19751008.95,82.9,75.3,-0.4306208723057243,-0.0962180933279727,-0.0129870129870129,0.0092961487383798,75.3,0.5825787599634195,82.98323162980849,78.54500000000007,74.10676837019166,0.2132867082795841,0.1130111816107558,24.99999999999989,10.32738095238104,76.25999999999985,76.55,56486295.0,56559627.0,-90.90909090909092,-90.05704971475083,28.703970421095093,82.9,82.35,104561.64533333312,True,0.0096358201195023,-16000.0,0.0,0.0,0.0,-16045.0,0.0,-0.0226228331065153,0.0,0.0,0.3541,-0.0772,0.0,2.42,0.02,0,False,0,False,False,False,False,0.4326259454898017,False,False,False,False,True,False,False,False,True,False,False,False,False,False,False,False,False,False,10.0,0.0,9.07894736842106,0.0,-0.0535689541959658,False,False,False,False,False,False,False,-1,False,3,False,False,223.6834320045464,8.9,3,False,3,False,True,False,True,"market_above_ma60, avoid_chase, kd_golden_cross",,close_below_ema20
2026-09-29,13.6,13.6,13.15,13.15,378530,5038741,8404,百和興業-KY,,-0.7370833262600769,-0.6618632141819433,-0.0752201120781336,14.369731731706612,15.588735090032406,16.82140332621169,21.111166489863123,43.86775404436092,0.3466169400930628,418162.95,6149159.75,16.45,13.55,-1.2836345406464436,-0.3658766264078036,-0.029520295202952,-0.029520295202952,13.55,0.5310955820293388,16.986305136705354,14.61999999999998,12.253694863294609,0.1893891710756556,0.3237079530376712,0.0,6.25,13.560000000000036,13.614999999999965,2343420.0,5034275.4,-100.0,-84.89407430150449,15.8817741152576,16.4875,16.925,104561.64533333312,True,0.0096358201195023,-187000.0,0.0,0.0,0.0,595.0,1.0,-0.0391561153224544,0.0,0.0,-0.036,-0.0274,0.0,52.89,-0.01,0,False,0,False,False,False,False,0.9052212779730964,False,False,True,False,True,False,False,False,False,False,False,False,False,False,False,False,False,False,20.0,12.0,25.095057034220524,0.0,-1.4854188364439462,False,False,False,False,False,False,False,-1,False,3,False,False,228.2271867424036,5.6,10,False,3,False,True,True,True,"market_above_ma60, avoid_chase, adx_trending",,"close_below_ema20, close_below_swing_low"
2026-09-29,5.85,5.88,5.82,5.85,149803,877053,8429,金麗-KY,,-0.0451777353326852,-0.0411177633207186,-0.0040599720119665,5.9333890945429255,6.067949147157816,6.313582806644208,33.764605079428776,7.710547717777523,0.068257010677411,127706.0,759049.0,6.04,5.87,-0.1431140336073535,-0.1059495694361736,-0.0101522842639594,-0.0067911714770797,5.89,0.7314112182093602,6.048117233429667,5.942500000000029,5.836882766570391,0.0620979787278135,0.0355463974521286,18.749999999999584,20.95085470085481,5.8800000000000185,5.896000000000049,-7830248.0,-7147903.55,-86.9565217391307,-140.99883855981423,22.68909800521421,6.1,6.4,104561.64533333312,True,0.0096358201195023,-2000.0,0.0,0.0,0.0,0.0,0.0,-0.0197881043834617,0.0,0.0,0.0738,-0.0667,0.0,28.71,-0.01,0,False,0,False,False,False,False,1.1730302413355675,False,False,False,False,True,False,False,False,False,False,False,False,False,False,False,False,False,False,20.0,25.0,3.247863247863255,8.0,-1.3952746384486103,False,False,False,False,False,False,False,-1,False,2,False,False,157.98700675197233,9.7,3,False,3,False,True,True,True,"market_above_ma60, avoid_chase",,"close_below_ema20, close_below_swing_low"
2026-09-29,11.9,11.95,11.65,11.9,435221,5120773,8411,福貞-KY,,-0.1880211557692792,-0.0927088531057411,-0.095312302663538,12.568892273658095,12.655160993328124,12.566494955908803,25.81487415400637,20.56922358154396,0.2487878940220773,107363.6,1333147.4,13.0,12.1,-0.3741040245188202,-0.0121104066115451,-0.0555555555555554,-0.0165289256198346,12.1,2.7432105197481045,13.31827333488418,12.6875,12.05672666511582,-0.1242337432864048,0.0994322498339592,22.727272727272734,15.512265512265005,12.229999999999928,12.439999999999964,-518784.0,467175.15,-83.87096774193547,-226.36815920398035,10.045733261357183,12.85,12.25,104561.64533333312,True,0.0096358201195023,-26000.0,0.0,0.0,0.0,-100000.0,0.0,-0.0651913756750578,0.0,0.0,0.4241,0.2144,0.0,53.99,0.0,0,False,0,False,False,False,True,4.053710941138337,True,False,True,False,True,False,False,False,False,False,False,False,False,False,False,False,False,False,10.0,25.0,9.243697478991592,0.0,-2.0,False,False,False,False,False,False,False,-1,False,5,False,False,386.53710941138337,43.1,5,False,3,False,True,True,True,"ema60_gt_ema120, volume_break, market_above_ma60, avoid_chase, adx_trending",,"close_below_ema20, close_below_swing_low"
2026-09-29,44.55,44.8,44.05,44.8,39185,1742602,8442,威宏-KY,,-0.0351385050659445,0.1603144212760586,-0.1954529263420031,45.58006952685685,45.421823102367625,47.73733121537781,43.44202912801833,11.743771428741308,0.9215600968653992,42936.15,1957013.1,46.65,44.45,-0.0247080656845902,0.0645479857718895,-0.0303030303030303,0.0078740157480312,44.45,1.639268796293905,46.78021491120448,45.675,44.56978508879552,0.1041493870877955,0.0483947415962551,34.090909090909044,24.32079414838093,45.35000000000037,45.5850000000004,-3860091.0,-3869533.15,-75.4098360655738,-179.61063428930362,44.73143306077596,44.6375,44.025000000000006,104561.64533333312,True,0.0096358201195023,-6000.0,0.0,1184.0,1.0,0.0,0.0,-0.0399388504225327,0.0,0.0,0.3695,-0.0469,0.0,55.93,-0.06,0,False,0,False,False,False,False,0.912634225472009,False,False,False,False,True,False,False,False,True,True,False,False,False,False,False,False,False,False,0.0,12.0,4.129464285714289,0.0,0.0334022511283929,False,False,True,False,False,False,False,-1,False,5,False,False,386.5271692682608,4.6,3,False,3,False,True,False,True,"market_above_ma60, avoid_chase, kd_golden_cross, obv_uptrend, above_ichimoku_cloud",,close_below_ema20
2026-09-29,11.1,11.15,11.1,11.15,3566,39691,8443,阿瘦,,-0.0422469198680879,-0.0473374285096954,0.0050905086416074,11.23847638717415,11.33580629715284,11.421237517086308,39.00086027528876,50.59184137558583,0.0979975896339393,61334.0,645246.55,11.4,11.15,-0.0465862504984386,-0.0436590234098394,-0.0044642857142855,-0.0044642857142855,11.2,0.1325957316254722,11.36101470513332,11.224999999999932,11.088985294866545,0.2242945168083868,0.0242342459034993,33.33333333333373,66.66666666666667,11.21999999999998,11.2099999999999,4212916.0,3832076.95,-66.66666666666627,-88.14589665653507,92.2638184758814,11.325,11.275,104561.64533333312,True,0.0096358201195023,-1000.0,0.0,0.0,0.0,0.0,0.0,-0.0141001058337879,0.0,0.0,-0.1459,0.1536,0.0,3.73,0.01,0,False,0,False,False,False,False,0.0581406723839958,False,False,True,False,True,False,False,False,False,True,False,False,False,False,False,False,True,True,0.0,0.0,2.242152466367713,8.0,0.3981563831896583,False,False,False,False,False,False,False,-1,False,5,False,False,348.35928332211586,6.7,5,False,3,False,True,False,True,"market_above_ma60, avoid_chase, adx_trending, obv_uptrend, mfi_strong",,close_below_ema20
2026-09-29,158.0,158.0,156.5,157.0,55925,8784294,8462,柏文,,-2.6248687189086297,-1.936952654414472,-0.687916064494158,162.50017899689894,161.84193170128412,157.32475547067432,36.35796509532871,26.98089210276494,3.224592428461803,72392.55,11790628.8,171.5,158.0,-0.3726391926481886,0.0700446384805233,-0.0308641975308642,-0.0063291139240506,158.0,0.7153699446212035,170.69207795763535,162.925,155.15792204236467,0.1185824300774844,0.095345440633854,15.384615384615383,18.41491841491855,158.9,159.9,2929379.0,3272783.55,-91.30434782608695,-113.04491960881784,19.58513169407783,170.125,158.0,104561.64533333312,True,0.0096358201195023,-23082.0,0.0,0.0,0.0,-30.0,0.0,-0.0405000176503665,0.0,0.0,0.1675,-0.0056,0.0,5.41,-0.08,0,False,0,False,False,False,True,0.7725242445527889,False,False,True,False,True,False,False,False,False,False,False,False,False,False,False,False,False,False,20.0,12.0,9.235668789808916,0.0,-0.6056722554075943,False,False,False,False,False,False,False,-1,False,4,False,False,322.4571753806368,4.5,5,False,3,False,True,True,True,"ema60_gt_ema120, market_above_ma60, avoid_chase, adx_trending",,"close_below_ema20, close_below_swing_low"
2026-09-29,21.0,21.1,20.9,20.95,101166,2122104,8463,潤泰材,,-0.0617197618257492,-0.0302282910305009,-0.0314914707952483,21.21024924469156,21.38835009878327,21.987956030555715,41.71316876050816,22.68427961430004,0.2958241905055052,40832.9,862430.25,21.5,20.9,-0.1023169949532899,-0.0150375850307939,-0.0164319248826291,-0.0117924528301887,21.2,0.681370007962677,21.618425027827712,21.26999999999989,20.921574972172067,0.0407907376877341,0.032762108869565,50.0,62.9629629629629,21.11999999999989,21.124999999999908,-1518742.0,-1220916.4,-55.00000000000007,-115.08379888268163,14.872894897296618,21.225,21.625,104561.64533333312,True,0.0096358201195023,-5000.0,0.0,0.0,0.0,0.0,0.0,-0.0260677450021314,0.0,0.0,-0.0161,0.0369,0.0,0.48,0.01,0,False,0,False,False,False,False,2.477560986361488,True,False,True,False,True,False,False,False,False,False,False,False,False,False,False,False,False,False,0.0,25.0,2.625298329355612,8.0,-0.9281336847342704,False,False,False,False,False,False,False,-1,False,4,False,False,281.6380056468036,35.3,5,False,3,False,True,False,True,"volume_break, market_above_ma60, avoid_chase, adx_trending",,close_below_ema20
2026-09-29,16.1,16.1,15.25,15.25,33002,512330,8466,美吉吉-KY,,-0.1001708941790493,-0.3091228866741214,0.2089519924950721,15.13553910544522,15.730364373446804,16.70494238734831,50.1470111883809,37.34240394478636,0.5235532984489526,42226.35,649567.75,16.05,13.6,-0.0355549922501507,-0.3436383174379394,0.0627177700348431,-0.0224358974358974,15.6,1.0393839373386675,16.508521325000814,14.92000000000012,13.331478674999424,0.6038701825421628,0.212938515415641,53.03030303030302,64.64646464646528,15.730000000000109,14.810000000000128,-797907.0,-1071795.35,-46.969696969696976,56.82859761686505,62.80271520405112,16.6125,16.675,104561.64533333312,True,0.0096358201195023,-12000.0,0.0,0.0,0.0,0.0,0.0,0.0530819499153407,0.0,0.0,-0.1206,-0.0912,0.0,50.49,-0.04,0,False,0,False,False,False,False,0.7815499090023174,False,False,True,False,False,False,False,True,False,True,False,False,False,False,False,False,True,True,0.0,0.0,5.245901639344267,0.0,1.7848242537721355,False,False,False,False,True,False,False,-1,False,5,True,False,474.2333901352888,20.6,10,True,3,False,False,False,False,"market_above_ma60, adx_trending, stronger_than_market, obv_uptrend, mfi_strong",open_high_close_low,
2026-09-29,372.5,375.0,371.0,372.5,525038,195838725,8464,億豐,,0.5086312748624096,0.5550943131993278,-0.0464630383369182,372.6108810621552,368.86370378384,367.5605625830067,50.21235901966063,14.81895121498463,8.880808404455438,370890.4,138071164.7,382.0,370.0,0.0387545073155118,0.0321380303024504,0.0067567567567567,0.0,372.5,0.4737584346274077,380.4488776309776,372.375,364.3011223690224,0.5077410140277829,0.043364230310722,30.952380952380956,37.301587301587766,372.9,374.05,-44584848.0,-43677029.45,-53.7037037037037,10.932475884241732,38.90895131071549,379.875,358.25,104561.64533333312,True,0.0096358201195023,65974.0,14.0,30000.0,1.0,-176.0,0.0,-0.0028790633627455,0.0,0.0,0.1776,-0.0627,0.0,40.88,0.12,0,False,0,False,False,True,True,1.4156149633422703,False,False,False,False,True,True,True,False,False,False,False,False,False,False,False,False,False,False,0.0,0.0,2.5503355704697985,8.0,-0.5577830821746786,True,False,False,False,False,False,False,-1,False,5,False,False,375.46275264732657,19.0,3,False,3,True,True,False,True,"ema60_gt_ema120, market_above_ma60, avoid_chase, liquidity_ok, foreign_buy_3d",,"macd_death_cross, close_below_ema20"
2026-09-29,89.0,89.0,88.0,88.0,5340,471900,8467,波力-KY,,-2.225881050127498,-2.884510249470671,0.658629199343173,89.66450689371023,98.77948435273504,112.66620753100558,42.64708898891151,8.766598973161274,2.891206192528798,13600.7,1197154.15,93.4,83.2,-0.2073958949723672,-0.4498746803787842,-0.0222222222222222,-0.0112359550561798,89.0,0.2162697450883984,94.23164443096124,88.73499999999949,83.23835556903774,0.4331410272911827,0.123888982497589,60.86956521739132,63.40579710144933,88.95999999999913,87.48999999999941,-1383839.0,-1367068.9,-47.16981132075474,-12.043600884213602,46.895047513169466,105.725,67.0,104561.64533333312,True,0.0096358201195023,-1000.0,0.0,0.0,0.0,0.0,0.0,-0.0318580423417246,0.0,0.0,-0.2698,-0.3309,0.0,46.47,0.0,0,False,0,False,False,False,False,0.3926268500885984,False,False,False,False,True,False,False,False,False,False,False,False,False,False,False,False,False,True,0.0,0.0,6.136363636363643,0.0,-0.1643624575466494,False,False,False,False,False,False,False,-1,False,2,False,False,76.95391901032619,7.6,3,False,3,False,True,False,True,"market_above_ma60, avoid_chase",,close_below_ema20
2026-09-29,139.5,140.0,139.0,139.0,48714,6790715,8478,東哥遊艇,,-1.388084716187393,-1.3605346187230674,-0.0275500974643256,141.33194113456744,145.89954670236932,153.30897060931494,38.23345788547776,8.46886563006059,2.081659208050693,71535.6,10109686.65,144.5,139.5,-0.0986721009928321,-0.2141818158004247,-0.0176678445229682,-0.003584229390681,139.5,0.8931317648877506,143.97207784317465,141.3,138.62792215682538,0.069623316574596,0.0378213424370082,15.384615384615383,15.850815850816312,139.5,140.8,3643773.0,3747148.0,-84.61538461538461,-145.59386973179852,37.99390425809728,144.875,153.75,104561.64533333312,True,0.0096358201195023,3783.0,1.0,0.0,0.0,0.0,0.0,-0.0273036646424705,0.0,0.0,-0.168,0.3999,0.0,39.61,-0.03,0,False,0,False,False,False,False,0.680975626121819,False,False,False,False,True,False,False,False,False,False,False,False,False,False,False,False,False,False,20.0,25.0,3.956834532374101,0.0,-0.2931594965456993,False,False,False,False,False,False,False,-1,False,2,False,False,108.2918423026698,5.7,3,False,3,True,True,True,True,"market_above_ma60, avoid_chase",,"macd_death_cross, close_below_ema20, close_below_swing_low"
2026-09-29,40.8,40.8,40.6,40.7,23000,936600,8481,政伸,,-0.002513022913007,0.0328920684456308,-0.0354050913586378,40.96858670760351,41.00931484391207,41.1678032377112,44.69644806757653,10.624404883088546,0.3732924594987423,10373.05,425131.05,41.5,40.8,-0.0081446822242927,-0.0272840001384696,-0.0085261875761265,-0.006105006105006,40.95,0.4367841844436976,41.46563143004035,41.00999999999995,40.55436856995955,0.1598127570211086,0.0222205037815361,8.333333333333481,17.92929292929269,40.94000000000051,40.95,-597151.0,-572521.8,-91.66666666666652,-129.2096219931271,33.91747686278484,41.275,41.8,104561.64533333312,True,0.0096358201195023,-3000.0,0.0,0.0,0.0,0.0,0.0,-0.0181620076956289,0.0,0.0,0.0555,-0.0065,0.0,0.48,0.0,0,False,0,False,False,False,False,2.217284212454389,True,False,False,False,True,False,False,False,False,False,False,False,False,False,False,False,False,False,20.0,12.0,1.9656019656019583,15.0,-0.6431248412032794,False,False,False,False,False,False,False,-1,False,3,False,False,231.45534403010453,30.5,3,False,3,False,True,True,True,"volume_break, market_above_ma60, avoid_chase",,"close_below_ema20, close_below_swing_low"
2026-09-29,47.05,47.05,47.05,47.05,1000,47050,8482,商億-KY,,-0.0914477764034771,0.0938370308761068,-0.185284807279584,47.75651634117315,47.22848874897976,46.99512085549642,48.07242038295151,4.399902702850285,1.6702256804571416,7136.9,338877.05,50.9,47.05,-0.0666032459403482,,-0.0167189132706374,0.0,47.05,0.2683088038008233,50.12764672202671,47.91249999999991,45.69735327797311,0.305317636203631,0.0924663385140331,28.84615384615383,30.769230769231097,47.53999999999978,47.45499999999974,-479281.0,-513020.65,-84.04255319148938,-66.39839034205245,42.731587317372025,37.75,26.7,104561.64533333312,True,0.0096358201195023,0.0,0.0,0.0,0.0,0.0,0.0,-0.0263547333901398,0.0,0.0,-0.2904,-0.2115,0.0,91.79,0.0,0,False,0,False,False,False,True,0.1401168574591209,False,False,False,False,True,False,False,False,False,True,False,False,False,False,False,False,False,True,10.0,0.0,8.182784272051013,0.0,1.5956333783466583,False,False,True,False,False,False,False,-1,False,5,False,False,320.5487691147511,8.9,3,False,3,False,True,False,True,"ema60_gt_ema120, market_above_ma60, avoid_chase, obv_uptrend, above_ichimoku_cloud",,close_below_ema20
2026-09-29,59.2,59.2,58.3,58.3,1273804,74668831,8926,台汽電,,-0.076161600392254,-0.3120916324334588,0.2359300320412047,58.37922958867904,59.95034276559368,58.920083609037405,48.4157747578865,14.066060063461624,1.2831852834757782,2732986.85,159195546.75,59.8,57.4,0.2371581896264355,-0.3977779124368781,-0.0250836120401337,-0.0085034013605441,58.8,0.4210493135108956,60.10657960021704,57.98499999999986,55.86342039978268,0.5742371391504457,0.0731768422942894,37.93103448275844,44.82758620689674,58.73999999999978,58.55999999999968,76384723.0,79228034.1,-60.00000000000014,44.01041666666777,66.65891870248862,58.875,69.5,104561.64533333312,True,0.0096358201195023,-321865.0,0.0,1000.0,3.0,6954.0,1.0,-0.0347194321596361,0.0,0.0,12.6362,0.1443,0.0,6.63,0.02,0,False,0,False,False,False,True,0.4660849356080875,False,False,False,False,True,True,False,False,False,False,True,False,False,False,False,False,True,True,0.0,0.0,2.5728987993138936,8.0,-0.1244066320336802,False,True,False,False,False,False,False,-1,False,6,False,False,461.1679697716767,5.6,3,False,3,False,True,False,True,"ema60_gt_ema120, market_above_ma60, avoid_chase, liquidity_ok, invest_trust_buy_2d, mfi_strong",,close_below_ema20
2026-09-29,9.8,9.81,9.8,9.8,8000,78410,8488,吉源-KY,,-0.0384449067507759,-0.0070399971918366,-0.0314049095589392,9.983756622880549,9.95708145559306,9.861584685523082,45.26998482119173,35.31738876555331,0.3144750942314311,114426.4,1171587.4,10.75,9.82,-0.1308395541035221,-0.0350390208775343,-0.0392156862745096,-0.0050761421319796,9.85,3.23385898973558,10.52195435468628,10.039999999999988,9.558045645313692,0.2510137654465196,0.096006843563007,0.0,9.444444444444647,9.89399999999996,9.923999999999978,-1434528.0,-819820.65,-100.0,-97.25906277630448,39.78674068285824,10.255,5.4,104561.64533333312,True,0.0096358201195023,-2000.0,0.0,0.0,0.0,1000.0,2.0,-0.048851506394012,0.0,0.0,0.2498,0.217,0.0,69.79,0.01,0,False,0,False,False,False,True,0.0699139359448518,False,False,True,False,True,False,False,False,False,False,False,False,False,False,False,False,False,False,20.0,0.0,9.6938775510204,0.0,-2.0,False,False,False,False,False,False,False,-1,False,4,False,False,301.6991393594485,5.0,8,False,3,False,True,True,True,"ema60_gt_ema120, market_above_ma60, avoid_chase, adx_trending",,"close_below_ema20, close_below_swing_low"
2026-09-29,1505.0,1625.0,1480.0,1585.0,5083158,7976371390,8996,高力,,99.5792709095058,72.11343515399071,27.465835755515087,1379.478538343989,1253.1790693685198,1152.8972182568405,64.12601622715711,35.77266925262782,109.4001806359749,4185151.65,5607281405.0,1655.0,1220.0,1.529576161680034,0.4601881765020758,0.1083916083916083,0.0359477124183007,1530.0,0.6970144872042183,1628.311019697112,1342.0,1055.688980302888,0.92436368718373,0.4266930248839224,84.61538461538461,77.28937728937733,1563.0,1430.0,148308406.0,146241212.5,-15.384615384615383,136.62514382910598,54.71924399045446,1119.75,1227.0,104561.64533333312,True,0.0096358201195023,-727813.0,0.0,189000.0,1.0,11930.0,2.0,0.0987557882721059,0.0,0.0,1.1284,0.3048,0.0,23.84,0.61,0,False,0,False,False,True,True,1.214569608248246,False,True,True,False,False,True,False,True,False,True,False,False,False,False,False,False,True,True,-20.0,-25.0,4.416403785488959,0.0,0.2770218494134879,False,False,True,False,False,False,False,-1,False,9,False,False,755.4699582754444,37.0,10,True,3,False,False,False,False,"ema60_gt_ema120, rsi_strong, market_above_ma60, liquidity_ok, adx_trending, stronger_than_market, obv_uptrend, mfi_strong, above_ichimoku_cloud",,
2026-09-29,15.1,15.1,15.0,15.0,13923,209173,8940,新天地,,-0.1099725706687682,-0.1560624993563501,0.0460899286875819,14.998721703857235,15.499968664841388,16.3523995898124,47.42784314278963,9.923435735730134,0.311672033852458,44947.6,673476.3,15.5,14.65,-0.0941434008067914,-0.1858432048445947,-0.0066225165562913,0.0,15.0,0.3103001592981505,15.347724294472268,14.957499999999982,14.567275705527695,0.5544558611573536,0.0521777428677635,44.444444444444464,44.63937621832398,14.96999999999989,14.884999999999945,-2742473.0,-2668586.3,-52.63157894736846,17.378443335182027,41.59990644439939,15.675,16.225,104561.64533333312,True,0.0096358201195023,0.0,0.0,0.0,0.0,0.0,0.0,-0.0162583366757936,0.0,0.0,-0.0376,-0.1474,0.0,8.62,0.02,0,False,0,False,False,False,False,0.3097606991252036,False,False,False,False,True,False,False,False,False,False,False,False,False,False,False,False,False,True,0.0,0.0,3.333333333333333,8.0,-0.4281413552820636,False,False,False,False,False,False,False,-1,False,2,False,False,110.95991072786728,8.2,3,False,3,False,False,False,False,"market_above_ma60, avoid_chase",,
2026-09-29,4.97,5.01,4.96,4.96,524463,2613871,9103,美德醫療-DR,,-0.0494246730497165,-0.0502483687956092,0.0008236957458926,5.021584200039262,5.106714875671496,5.114603248737812,40.58584697704292,10.916500353688832,0.07865163369994,459430.85,2310280.55,5.15,4.96,-0.1818703054132402,-0.0763816846374073,-0.0060120240480961,-0.0020120724346075,4.97,0.5838453257311198,5.157837916585364,5.024500000000012,4.8911620834146605,0.2581333140197793,0.0530750986507518,11.111111111110892,29.62962962962956,4.974000000000023,4.970000000000027,11532632.0,12917854.65,-94.73684210526324,-65.81740976645422,39.17720095788562,5.36,5.595000000000001,104561.64533333312,True,0.0096358201195023,-58000.0,0.0,0.0,0.0,-320.0,0.0,-0.0156478441675985,0.0,0.0,0.0,0.0,0.0,2.33,-0.09,0,False,0,False,False,False,False,1.141549375711274,False,False,False,False,True,False,False,False,False,False,False,False,False,False,False,False,False,True,20.0,0.0,3.83064516129033,0.0,-0.5852851204453995,False,False,False,True,False,False,False,-1,False,2,True,False,129.39207231176798,10.4,3,False,3,False,True,False,True,"market_above_ma60, avoid_chase",long_upper_shadow,close_below_ema20
2026-09-29,8.42,8.72,8.38,8.66,22593426,193126289,9105,泰金寶-DR,,-0.0098452100991366,-0.0055891336165976,-0.0042560764825389,8.479834704639208,8.418938661921038,8.025468571620566,56.141868016061046,15.056986260339652,0.2388791107841994,17459092.55,149896666.05,8.89,8.33,-0.1880850057650741,-0.0261524239146313,0.0346475507765831,0.0272835112692764,8.43,0.5661568193279873,8.867022726473103,8.542500000000029,8.217977273526955,0.6810350869366933,0.0759783965989049,85.7142857142856,45.25262589778746,8.430000000000017,8.419000000000029,489625724.0,490530374.45,-42.85714285714285,21.37335152341965,34.2947650194165,8.3725,9.055,104561.64533333312,True,0.0096358201195023,2144301.0,2.0,0.0,0.0,743714.0,3.0,0.0250117306570807,0.0,0.0,0.4217,-0.1542,0.0,1.71,-0.16,0,False,0,False,False,True,True,1.2940779101374316,False,True,False,False,True,True,False,True,False,False,False,True,False,False,False,False,False,True,-20.0,0.0,2.6558891454965408,8.0,-0.0248633330918629,True,False,False,False,False,False,False,-1,False,7,False,False,560.642419104272,21.3,3,False,3,False,False,False,False,"ema60_gt_ema120, rsi_strong, market_above_ma60, avoid_chase, liquidity_ok, stronger_than_market, dealer_buy_3d",,
2026-09-29,2.91,2.91,2.57,2.85,13000,35760,9110,越南控-DR,,0.090914589474897,-0.0243352879294649,0.115249877404362,2.436344031650917,2.5096253340326973,2.642639150267161,51.73573868739748,5.4522338927552,1.0250247831802508,14841.35,41519.5,3.1,0.0,,,-0.0499999999999999,0.0106382978723404,2.82,1.5025936815935688,4.7165546372330525,2.355500000000012,-0.0055546372330277,0.6047201517918918,2.004716312658058,91.93548387096774,92.36559139784974,2.8360000000000127,2.3170000000000077,-1450025.0,-1387783.15,-8.064516129032258,31.61001618585167,31.907103583793457,1.6425,1.94,104561.64533333312,True,0.0096358201195023,0.0,0.0,0.0,0.0,0.0,0.0,-0.0596358201195023,0.0,0.0,0.0,0.0,0.0,0.04,0.0,0,False,0,False,False,True,False,0.8759310979122519,False,False,False,False,True,False,False,False,False,False,False,False,False,False,False,False,False,True,-20.0,0.0,8.771929824561402,0.0,-0.5128959504505588,False,False,True,False,True,True,False,-1,False,3,True,False,127.60455957371582,30.0,3,False,3,False,False,False,False,"market_above_ma60, avoid_chase, above_ichimoku_cloud","open_high_close_low, gap_chase_after_blowout",
2026-09-29,9.19,9.3,9.05,9.13,331515,3018547,9136,巨騰-DR,,-0.5653332880081834,-0.5201521180214466,-0.0451811699867368,9.94478874374842,10.745188241741012,10.437749268759116,27.68998074762605,19.33346023238549,0.4185856485353792,250324.5,2424891.35,11.7,9.19,-1.2137587898102395,-0.4748999948321153,-0.058762886597938,-0.0065288356909682,9.19,0.7000221883848787,11.594464075345496,10.0635,8.532535924654502,0.195126745613109,0.3042607592478756,8.695652173913052,10.3891874287577,9.302000000000044,9.436000000000012,67027756.0,68299114.65,-95.67567567567566,-87.85221893961024,29.55378365672533,11.6125,14.725,104561.64533333312,True,0.0096358201195023,-206000.0,0.0,0.0,0.0,0.0,0.0,-0.0683987067174404,0.0,0.0,0.0,0.0,0.0,2.79,-0.13,0,False,0,False,False,False,True,1.3243410053750233,False,False,False,False,True,False,False,False,False,False,False,False,False,False,False,False,False,False,20.0,12.0,28.14895947426066,0.0,-0.567760500144099,False,False,False,False,False,False,False,-1,False,3,False,False,188.43028405202105,13.4,3,False,3,False,True,True,True,"ema60_gt_ema120, market_above_ma60, avoid_chase",,"close_below_ema20, close_below_swing_low"
