date,open,high,low,close,volume,amount,stock_id,name,industry_category,macd,macd_signal,macd_hist,ema20,ema60,ema120,rsi14,adx14,atr14,volume_ma20,amount_ma20,close_20d_high,close_10d_low,lr_slope_20,lr_slope_60,return_5d,day_return,prev_close,prev_volume_ratio,bb_upper,bb_mid,bb_lower,bb_pct_b,bb_bandwidth,stoch_k,stoch_d,sma5,sma10,obv,obv_ma,williams_r,cci20,mfi14,ichi_senkou_a,ichi_senkou_b,market_ma60,market_above_ma60,market_return_5d,foreign_net,foreign_buy_streak,invest_trust_net,invest_trust_streak,dealer_net,dealer_buy_streak,relative_strength_5d,margin_change_5d,short_ratio,revenue_yoy,revenue_mom,revenue_3m_yoy,foreign_holding_pct,foreign_holding_chg5d,insider_net_30d,has_buyback,limit_down_streak,macd_golden_cross,hist_turn_positive,above_ema60,ema60_gt_ema120,volume_ratio,volume_break,rsi_strong,adx_trending,breakout_20d,avoid_chase,liquidity_ok,foreign_buy_3d,stronger_than_market,kd_golden_cross,obv_uptrend,invest_trust_buy_2d,dealer_buy_3d,bb_squeeze_breakout,breakout_volume_confirm,williams_r_recovery,cci_momentum,mfi_strong,ma5_above_ma10,kd_level_score,bb_level_signal,gap_to_20d_high_pct,breakout_proximity_score,obv_strength,foreign_buy_accel,invest_trust_accel,above_ichimoku_cloud,long_upper_shadow,open_high_close_low,gap_chase_after_blowout,earnings_blocked,f_score,f_score_low,condition_count,skip_trade,entry_signal,entry_score,momentum_score,expected_hold_days,momentum_decay_signal,estimated_sl_days,macd_death_cross,close_below_ema20,close_below_swing_low,base_exit_signal,entry_reason,skip_reason,base_exit_reason,sector_rs,sector_rs_rank,market_rs_rank,sector_breadth_60,sector_vol_zscore,is_sector_leader,sector_stock_count,grade
2026-09-14,70.3,70.3,68.9,70.0,320042,22235471,1582,信錦,,-0.9401029419344552,-0.4710591081347237,-0.4690438337997316,72.85335099865985,76.81655742715743,80.00620404270026,36.47267540720443,19.649380999227667,1.7323252005349048,431214.9,31997079.05,76.8,70.1,-0.2222705696469238,-0.2568933817212551,-0.0476190476190476,-0.0014265335235377,70.1,0.7323327593984116,77.42052173210456,73.51500000000014,69.60947826789572,0.0499961028118322,0.1062510163124372,15.492957746478806,8.275430359937673,70.9,72.62999999999992,-42580607.0,-41409280.05,-87.50000000000006,-166.6666666666658,46.506019456506166,70.275,92.5,,,,0.0,0.0,0.0,0.0,0.0,0.0,,0.0,0.0,0.016,-0.166,0.0,5.06,0.03,0,False,0,False,False,False,False,0.7421867843620431,False,False,False,False,True,False,False,False,False,False,False,False,False,False,False,False,False,False,20.0,25.0,9.71428571428571,0.0,-0.3074216824524274,False,False,False,False,False,False,False,-1.0,False,2,False,False,158.73280765419128,,3,False,3,False,True,True,True,"market_above_ma60, avoid_chase",,"close_below_ema20, close_below_swing_low",-201.3,4.5,7.1,28.1,-0.1,False,178,D
2026-09-14,9.5,9.59,9.35,9.5,139326,1314994,1471,首利,,-0.0572638818185282,-0.0279443836558921,-0.0293194981626361,9.709946072733295,10.002304432994135,10.344920868270105,42.3134998425829,23.08391382454838,0.2511961148570132,371322.1,3675397.0,10.3,9.48,-0.0687668326036488,-0.2046922054828181,-0.0196078431372548,0.00210970464135,9.48,0.728816102782233,10.2167229032171,9.7635,9.310277096782896,0.2093041877080759,0.092840252617832,25.000000000000075,12.962962962962896,9.603999999999996,9.703999999999995,11639752.0,11621362.55,-81.24999999999996,-114.21092512227092,49.2779680761462,9.6825,10.64,,,,0.0,0.0,0.0,0.0,0.0,0.0,,0.0,0.0,-0.5922,-0.3448,0.0,0.79,0.05,0,False,0,False,False,False,False,0.3752160186533471,False,False,True,False,True,False,False,False,True,True,False,False,False,False,False,False,False,False,10.0,0.0,8.421052631578956,0.0,0.0138349511254215,False,False,False,False,False,False,False,-1.0,False,5,False,False,313.9181796000385,,5,False,3,False,True,False,True,"market_above_ma60, avoid_chase, adx_trending, kd_golden_cross, obv_uptrend",,close_below_ema20,-46.1,32.6,45.0,28.1,-0.56,False,178,D
2026-09-14,49.6,50.1,48.4,49.0,928920,45463570,1569,濱川,,1.5710868331730978,1.2388372392559217,0.3322495939171763,47.074655207506,46.37616903955655,48.187554006495446,58.17003853319672,34.138349262132046,2.179594445396586,726727.2,34974983.7,50.6,45.4,0.7389068333201354,0.020818803701272,-0.0239043824701196,-0.0316205533596838,50.6,4.095106762791307,51.09154518322956,46.68999999999996,42.28845481677036,0.7624078481349467,0.18854337902033,46.10778443113773,57.51142343412357,49.34000000000015,48.52500000000018,-4262033.0,-7734624.25,-49.18032786885247,89.21430251705462,72.75181275344673,42.325,45.875,,,,-357386.0,0.0,0.0,0.0,-2011.0,0.0,,0.0,0.0,0.0,0.0,0.0,0.0,0.0,0,False,0,False,False,True,False,1.2782237956691316,False,True,True,False,True,False,False,False,False,True,False,False,False,False,False,False,True,True,0.0,0.0,3.2653061224489828,8.0,1.966592666253749,False,False,True,False,False,False,False,-1.0,False,7,False,False,534.3813499517363,,8,False,3,False,False,False,False,"rsi_strong, market_above_ma60, avoid_chase, adx_trending, obv_uptrend, mfi_strong, above_ichimoku_cloud",,,223.4,91.8,85.3,27.8,0.71,False,97,D
2026-09-14,15.7,15.85,15.55,15.7,195202,3064290,1529,樂事綠能,,-0.5699299683867913,-0.5433523146875299,-0.0265776536992614,16.584086779207,18.28361003010652,19.882901453475817,29.30144155366453,36.75870030500392,0.4561503577056768,351927.4,5886131.3,17.6,15.8,-0.4483304806039414,-0.6705147828448801,-0.0278637770897832,-0.0094637223974763,15.85,0.5652076587829373,17.742612063191157,16.65500000000002,15.567387936808885,0.0609647813219459,0.1306048709926311,9.999999999999906,9.5382395382397,15.860000000000037,16.239999999999963,23911992.0,25774152.45,-94.23076923076928,-140.92237933297486,30.469025663516675,18.475,20.9,,,,0.0,0.0,0.0,0.0,0.0,0.0,,0.0,0.0,0.0801,0.1169,0.0,1.25,-0.01,0,False,0,False,False,False,False,0.5546655361304632,False,False,True,False,True,False,False,False,True,False,False,False,False,False,False,False,False,False,20.0,25.0,12.101910828025492,0.0,-0.4942182022309269,False,False,False,False,False,False,False,-1.0,False,4,False,False,349.6160369345335,,10,False,3,False,True,True,True,"market_above_ma60, avoid_chase, adx_trending, kd_golden_cross",,"close_below_ema20, close_below_swing_low",25.4,62.2,55.9,21.6,-0.45,False,37,D
2026-09-14,24.4,24.4,23.9,23.9,35778533,859181968,1101,台泥,,0.0442774004801371,0.1023092048031768,-0.0580318043230396,24.43851522407352,24.293833731991988,24.215190246057105,43.33748806522951,32.08395132950081,0.5364522329465704,58464989.05,1436189124.45,25.3,24.3,0.0052386029438048,0.0738562674244723,-0.0164609053497942,-0.0244897959183674,24.5,0.2527472314546985,25.159755594158103,24.49500000000012,23.830244405842134,0.052467098262047,0.0542768396944667,0.0,17.458279845955985,24.45,24.57000000000007,454631975.0,213045684.35,-100.0,-119.26702679801052,75.67597654460826,23.9875,23.9,,,,0.0,0.0,0.0,0.0,0.0,0.0,,0.0,0.0,0.1065,-0.0166,0.0,13.22,-0.06,0,False,0,False,False,False,True,0.6119651022153061,False,False,True,False,True,True,False,False,False,True,False,False,False,False,False,False,True,False,20.0,25.0,5.857740585774067,0.0,1.1381695957801334,False,False,False,False,False,False,False,-1.0,False,7,False,False,559.7776861715146,,10,False,3,False,True,True,True,"ema60_gt_ema120, market_above_ma60, avoid_chase, liquidity_ok, adx_trending, obv_uptrend, mfi_strong",,"close_below_ema20, close_below_swing_low",322.0,100.0,87.1,14.3,-0.46,True,7,D
2026-09-14,35.3,35.3,34.85,35.0,5772878,202045174,1102,亞泥,,0.4025415351159083,0.400232964743394,0.0023085703725142,34.788491214098684,34.42138613891438,34.69847467968605,55.69771391823821,25.34975118466832,0.572803159273474,9019713.85,313734833.5,35.45,34.55,0.1708388755394521,-0.0329899723519886,-0.0014265335235377,-0.008498583569405,35.3,0.5709649156695419,35.857756459346334,34.89499999999998,33.93224354065363,0.5545309247113783,0.0551801954060095,52.63157894736826,78.94736842105219,35.270000000000074,35.18500000000004,279365875.0,269472202.1,-39.13043478260875,45.72803850782265,48.96201056176815,33.725,34.55,,,,0.0,0.0,0.0,0.0,0.0,0.0,,0.0,0.0,-0.013,0.0356,0.0,13.75,0.3,0,False,0,False,False,True,False,0.6400289516945152,False,True,True,False,True,True,False,False,False,True,False,False,False,False,False,False,False,True,0.0,0.0,1.2857142857142938,15.0,0.2924066846390761,False,False,True,False,False,False,False,-1.0,False,7,False,False,504.9091697326141,,5,False,3,False,False,False,False,"rsi_strong, market_above_ma60, avoid_chase, liquidity_ok, adx_trending, obv_uptrend, above_ichimoku_cloud",,,267.1,85.7,82.7,14.3,-0.31,True,7,D
2026-09-14,13.0,13.15,13.0,13.05,213653,2782076,1103,嘉泥,,-0.033917473936027,-0.0203707074183615,-0.0135467665176655,13.179755457562386,13.273426657089136,13.389956172104169,40.19816322029614,19.707941864550108,0.1534387260060164,290046.8,3827207.5,13.3,13.05,-0.0170667862344533,-0.0628462850003012,-0.0113636363636362,0.0,13.05,0.752743151871366,13.356132477237542,13.190000000000031,13.02386752276252,0.0786495141468335,0.0251906713021244,12.500000000000169,13.888888888888689,13.120000000000072,13.185000000000036,-8197213.0,-8058440.75,-87.49999999999983,-148.25724104074612,40.38960850164534,13.275,13.4,,,,0.0,0.0,0.0,0.0,0.0,0.0,,0.0,0.0,-0.0254,-0.0473,0.0,4.5,0.02,0,False,0,False,False,False,False,0.7366156082397738,False,False,False,False,True,False,False,False,False,False,False,False,False,False,False,False,False,False,20.0,25.0,1.9157088122605364,15.0,-0.2327399405582043,False,False,False,False,False,False,False,-1.0,False,2,False,False,154.5732767956993,,3,False,3,False,True,False,True,"market_above_ma60, avoid_chase",,close_below_ema20,-83.2,14.3,6.5,14.3,0.23,False,7,D
2026-09-14,27.0,27.1,26.75,26.85,500283,13425047,1104,環泥,,0.1205243215125548,0.1148141774016735,0.0057101441108813,27.071088229152185,27.17921085426139,27.70068368745672,46.25685346879418,16.384023025360698,0.3755953225217113,1184142.2,31776828.3,27.8,26.65,0.1840426607176411,-0.0150150570822674,-0.0236363636363635,-0.0128676470588234,27.2,0.4405460203991469,27.822889130880075,26.9875,26.152110869119927,0.4177030231078393,0.0619093380920851,8.695652173913178,36.6739707069543,27.239999999999963,27.33500000000004,10695527.0,8378332.8,-69.99999999999982,-12.430487405952723,70.5215584995496,27.0,27.975,,,,0.0,0.0,0.0,0.0,0.0,0.0,,0.0,0.0,-0.1418,-0.2197,0.0,14.25,-0.06,0,False,0,False,False,False,False,0.422485576478906,False,False,False,False,True,False,False,False,False,True,False,False,False,False,False,False,True,False,20.0,0.0,3.538175046554932,0.0,0.7142907802254664,False,False,False,False,False,False,False,-1.0,False,4,False,False,237.79634512749465,,3,False,3,False,True,False,True,"market_above_ma60, avoid_chase, obv_uptrend, mfi_strong",,close_below_ema20,0.0,57.1,24.2,14.3,-1.52,False,7,D
2026-09-14,11.1,11.1,11.0,11.1,247541,2736032,1108,幸福,,-0.227232258171611,-0.2036173011969861,-0.0236149569746249,11.611453611120483,12.28618472680148,13.02219100644862,18.627438137830723,54.088670436137285,0.1600263583899833,242188.55,2795820.05,11.8,11.2,-0.2382616747476194,-0.3734113951079743,-0.0472103004291846,-0.0089285714285713,11.2,1.8465162231297576,12.016522961803805,11.629999999999972,11.243477038196142,-0.1855996310368749,0.066469984832989,13.333333333333286,14.444444444444647,11.349999999999907,11.504999999999928,-10185006.0,-8433894.35,-88.2352941176471,-254.9575070821521,14.373991869535445,12.4625,12.975,,,,0.0,0.0,0.0,0.0,0.0,0.0,,0.0,0.0,-0.157,-0.0635,0.0,1.32,-0.11,0,False,0,False,False,False,False,1.0221003428939972,False,False,True,False,True,False,False,False,False,False,False,False,False,False,False,False,False,False,20.0,25.0,6.306306306306316,0.0,-0.7439974312019001,False,False,False,False,False,False,False,-1.0,False,3,False,False,221.2930342545172,,5,False,3,False,True,True,True,"market_above_ma60, avoid_chase, adx_trending",,"close_below_ema20, close_below_swing_low",-16.5,42.9,19.9,14.3,1.81,False,7,D
2026-09-14,13.4,13.45,13.35,13.4,68702,919653,1109,信大,,-0.0944619659461274,-0.100028866551316,0.0055669006051885,13.510281965135285,13.863541435452422,14.301067604659474,39.89204269184864,26.031452208634207,0.1304786948620113,97426.55,1315821.7,13.75,13.35,-0.0864078713279615,-0.16879851564601,-0.011070110701107,0.0037453183520599,13.35,1.2387625327002258,13.709667441530897,13.512499999999978,13.31533255846906,0.2147094897452023,0.0291829700693312,20.000000000000284,6.666666666666667,13.419999999999892,13.454999999999927,-6281312.0,-5929617.15,-87.49999999999983,-132.20815752461326,32.995925000426496,13.925,14.2,,,,0.0,0.0,0.0,0.0,0.0,0.0,,0.0,0.0,-0.2647,-0.0802,0.0,2.35,-0.02,0,False,0,False,False,False,False,0.7051671233354768,False,False,True,False,True,False,False,False,True,False,False,False,False,False,False,False,False,False,10.0,0.0,2.61194029850746,8.0,-0.4210132857585323,False,False,False,False,False,False,False,-1.0,False,4,False,False,259.9995118042524,,5,False,3,False,True,False,True,"market_above_ma60, avoid_chase, adx_trending, kd_golden_cross",,close_below_ema20,22.2,71.4,31.0,14.3,0.05,True,7,D
2026-09-14,15.65,15.85,15.55,15.55,147000,2292650,1110,東泥,,-0.0329781525430519,0.0133479660232048,-0.0463261185662567,15.96797166835608,15.861433093554862,15.805467216417156,38.04442806092335,19.6239077585361,0.2956376866534387,201229.2,3204830.85,16.3,15.85,-0.01519250136277,0.0559521454893585,-0.0220125786163521,-0.0189274447949525,15.85,2.041249109656089,16.260482048466685,15.975000000000046,15.689517951533407,-0.2443550343756735,0.0357411015294695,0.0,21.36752136752148,15.890000000000146,15.995000000000164,3708875.0,4237797.0,-100.0,-266.39061421670084,27.984824642929738,15.9125,15.575,,,,0.0,0.0,0.0,0.0,0.0,0.0,,0.0,0.0,-0.2818,-0.35,0.0,6.12,0.0,0,False,0,False,False,False,True,0.730510283795791,False,False,False,False,True,False,False,False,False,False,False,False,False,False,False,False,False,False,20.0,25.0,4.823151125401929,0.0,-0.441799467505143,False,False,False,False,False,False,False,-1.0,False,3,False,False,167.0035092278962,,3,False,3,False,True,True,True,"ema60_gt_ema120, market_above_ma60, avoid_chase",,"close_below_ema20, close_below_swing_low",-70.8,28.6,8.7,14.3,0.19,False,7,D
2026-09-14,12.05,12.05,11.95,12.0,347797,4172712,1201,味全,,-0.0625341849305449,-0.0419610129831758,-0.0205731719473691,12.17552221876184,12.320565081235094,12.678798744668176,38.07817753071186,12.709771335948346,0.1326818720660738,354612.45,4330961.5,12.45,12.05,-0.1409591598527267,-0.0519766539574593,-0.0163934426229507,-0.004149377593361,12.05,1.2940316066732802,12.453238075793278,12.21999999999998,11.986761924206684,0.0283788908570998,0.0381731711609324,16.666666666666863,12.22222222222202,12.070000000000071,12.14000000000001,-14548130.0,-13834621.65,-88.88888888888876,-179.38144329897017,29.877743561308648,12.2875,12.4,,,,0.0,0.0,0.0,0.0,0.0,0.0,,0.0,0.0,0.0131,0.0046,0.0,4.86,-0.02,0,False,0,False,False,False,False,0.9807805676309448,False,False,False,False,True,False,False,False,False,False,False,False,False,False,False,False,False,False,20.0,25.0,3.749999999999994,0.0,-1.00055412416988,False,False,False,False,False,False,False,-1.0,False,2,False,False,152.80115618627087,,3,False,3,False,True,True,True,"market_above_ma60, avoid_chase",,"close_below_ema20, close_below_swing_low",-84.2,9.1,6.2,9.1,0.2,False,22,D
2026-09-14,43.0,43.7,42.5,43.2,25749,1110350,1203,味王,,-0.4059059176805348,-0.3153464526332464,-0.0905594650472884,44.7346235096493,44.77296600651272,43.81055671816768,41.70437921714243,11.778751435495767,1.4575580385305298,18891.2,840633.65,46.9,43.2,-0.0007867504059948,0.0446214610749502,-0.043189368770764,-0.0114416475972539,43.7,1.1804057679042623,46.49048194541383,44.545000000000165,42.5995180545865,0.1543272983923324,0.0873490602946976,20.00000000000008,35.09803921568649,44.450000000000365,44.39500000000025,1218901.0,1218982.55,-84.44444444444439,-140.7560471617844,41.68480068788763,47.125,45.95,,,,0.0,0.0,0.0,0.0,0.0,0.0,,0.0,0.0,-0.0211,0.0684,0.0,1.86,0.0,0,False,0,False,False,False,True,1.3630155839756075,False,False,False,False,True,False,False,False,False,False,False,False,False,False,False,False,False,True,10.0,12.0,8.564814814814804,0.0,-0.0003540060054756,False,False,False,True,False,False,False,-1.0,False,3,True,False,200.6259077676904,,3,False,3,False,True,False,True,"ema60_gt_ema120, market_above_ma60, avoid_chase",long_upper_shadow,close_below_ema20,-36.4,31.8,15.1,9.1,1.16,False,22,D
2026-09-14,52.0,52.3,51.7,51.8,1310319,68006721,1210,大成,,-0.5806540879320252,-0.7165980780474627,0.1359439901154374,52.50758791040552,53.70286768344212,53.933213032639735,38.20557703086404,27.398829542251107,0.7353511251340926,1258266.75,65884645.7,53.1,51.4,-0.0851497557204468,-0.1946263489349824,-0.0057581573896353,-0.0057581573896353,52.1,0.5909064922564986,53.19442719100663,52.3,51.40557280899337,0.2204915028146237,0.0342037166732936,23.07692307692291,44.505494505494426,52.23999999999978,52.07999999999993,-47686727.0,-45240288.5,-75.00000000000011,-76.07067984426314,43.06692966043137,55.45,55.55,,,,0.0,0.0,0.0,0.0,0.0,0.0,,0.0,0.0,0.1342,0.0067,0.0,7.53,0.15,0,False,0,False,False,False,False,1.0413682154439827,False,False,True,False,True,True,False,False,False,False,False,False,False,False,False,False,False,True,10.0,0.0,2.509652509652518,8.0,-0.2484512629698961,False,False,False,False,False,False,False,-1.0,False,4,False,False,330.4322669988011,,5,False,3,False,True,False,True,"market_above_ma60, avoid_chase, liquidity_ok, adx_trending",,close_below_ema20,93.4,86.4,50.8,9.1,0.35,False,22,D
2026-09-14,0.0,0.0,0.0,0.0,0,0,1213,大飲,,-0.2850209023796743,0.1307616684907724,-0.4157825708704468,6.37012705932957,6.710039183675721,7.376759695101688,33.7048987651814,11.469588327312376,1.6415472670060454,21337.45,159538.45,7.7,7.3,,,-1.0,-1.0,7.49,0.6860985008747756,11.647105860303768,6.324000000000001,1.000894139696234,-0.0940141118703129,1.6834616889006218,0.0,7.0,5.994000000000051,6.792999999999983,-893560.0,-951070.85,-100.0,-222.2222222222222,80.36152598131376,3.9375,4.72,,,,0.0,0.0,0.0,0.0,0.0,0.0,,0.0,0.0,0.1712,0.2295,0.0,0.01,0.0,0,False,1,False,False,False,False,0.0,False,False,False,False,True,False,False,False,False,True,False,False,False,False,False,False,True,False,20.0,25.0,999.0,0.0,0.4904757723885513,False,False,False,False,False,False,False,-1.0,False,4,False,False,325.8857092686626,,3,False,3,True,True,True,True,"market_above_ma60, avoid_chase, obv_uptrend, mfi_strong",,"macd_death_cross, close_below_ema20, close_below_swing_low",88.9,81.8,48.8,9.1,-2.27,False,22,X
2026-09-14,110.0,110.0,107.5,107.5,1119388,121250472,1215,卜蜂,,0.1368601107401446,0.1028905411269522,0.0339695696131923,109.42832942038775,112.3986111908582,119.3327114072188,42.26790419529024,15.082433262992035,1.971190941909193,667213.05,72955978.45,112.0,107.5,0.0111708118335689,-0.0766985661228319,-0.0315315315315315,-0.0271493212669683,110.5,1.3240171044019142,111.96821958875351,109.575,107.18178041124648,0.0664835751489193,0.0436818542323253,0.0,48.88888888888869,109.9,109.85,-23774072.0,-23720419.25,-90.0,-94.10990457387378,50.49786551038554,105.875,122.5,,,,0.0,0.0,0.0,0.0,0.0,0.0,,0.0,0.0,0.0131,-0.0777,0.0,36.98,-0.07,0,False,0,False,False,False,False,1.6777069932909734,True,False,False,False,True,True,False,False,False,False,False,False,False,False,False,False,True,True,20.0,25.0,4.186046511627907,0.0,-0.0418388904257542,False,False,False,False,False,False,False,-1.0,False,5,False,False,376.2750032478007,,3,False,3,False,True,False,True,"volume_break, market_above_ma60, avoid_chase, liquidity_ok, mfi_strong",,close_below_ema20,139.3,95.5,61.7,9.1,1.96,True,22,D
2026-09-14,74.6,75.3,74.6,74.6,9395978,702812079,1216,統一,,-0.2966608158128849,-0.1020923622196023,-0.1945684535932826,75.95332011375812,75.84109077636128,75.40346084809124,41.18437602141356,8.894575691752161,1.2253047159206127,10740283.05,821062090.45,78.2,75.0,-0.1799913312613369,-0.0118948845167829,-0.0079787234042554,-0.0053333333333334,75.0,0.7114811143829776,78.4516968199471,76.425,74.39830318005289,0.0497599882631597,0.0530375353600812,0.0,16.471734892787328,75.57999999999956,75.7099999999995,-126588384.0,-98439491.9,-100.0,-126.59673160636518,35.269722427811075,75.92500000000001,75.35,,,,0.0,0.0,0.0,0.0,0.0,0.0,,0.0,0.0,0.0379,0.015,0.0,34.21,0.08,0,False,0,False,False,False,True,0.8748352307158236,False,False,False,False,True,True,False,False,False,False,False,False,False,False,False,False,False,False,20.0,25.0,4.825737265415561,0.0,-0.4664038836657496,False,False,False,False,False,False,False,-1.0,False,4,False,False,278.1515057031693,,3,False,3,False,True,True,True,"ema60_gt_ema120, market_above_ma60, avoid_chase, liquidity_ok",,"close_below_ema20, close_below_swing_low",41.2,68.2,35.9,9.1,-0.06,False,22,D
2026-09-14,9.97,9.98,9.93,9.96,232673,2313829,1217,愛之味,,0.0071015797695359,0.011201391680242,-0.004099811910706,9.961598185329628,9.94639297155682,10.002213139688836,50.47732626803989,12.137777765474096,0.0710560948806395,360462.6,3595556.1,10.05,9.93,-0.0194560761063162,0.0091598952623437,0.0030211480362538,0.0,9.96,1.266431081385237,10.042576877628864,9.977499999999964,9.912423122371065,0.365543641324065,0.0130447261596393,55.55555555555643,51.32275132275208,9.965999999999983,9.962999999999964,-9317855.0,-8890947.65,-64.28571428571392,-57.08756652153086,39.70427509173713,9.945,9.835,,,,0.0,0.0,0.0,0.0,0.0,0.0,,0.0,0.0,0.1488,0.3442,0.0,8.67,0.07,0,False,0,False,False,True,False,0.6454844413817135,False,False,False,False,True,False,False,False,False,False,False,False,False,False,False,False,False,True,0.0,0.0,0.903614457831324,25.0,-0.3198624990695302,False,False,True,False,False,False,False,-1.0,False,3,False,False,252.6164944249828,,3,False,3,False,True,False,True,"market_above_ma60, avoid_chase, above_ichimoku_cloud",,close_below_ema20,15.6,63.6,28.8,9.1,-0.64,False,22,D
2026-09-14,14.25,14.35,14.2,14.3,880932,12572945,1218,泰山,,-0.1612221494762167,-0.2247872348947526,0.0635650854185359,14.458839093005896,15.435891013081465,16.495119027469446,48.04851946184392,9.102907110466406,0.6756318874834841,1149758.65,16693356.35,14.9,14.25,-0.0756508411286358,,-0.0137931034482757,0.0035087719298245,14.25,0.5937351783603004,14.818882694821804,14.49499999999998,14.17111730517816,0.1989650834737311,0.0446888851082197,28.57142857142886,25.396825396825687,14.4,14.419999999999982,-37323417.0,-34159966.75,-84.6153846153844,-128.55007473841508,27.77827801397804,16.05,17.424999999999997,,,,0.0,0.0,0.0,0.0,0.0,0.0,,0.0,0.0,-0.4801,-0.0581,0.0,2.9,-0.04,0,False,0,False,False,False,False,0.7661886257607194,False,False,False,False,True,False,False,False,True,False,False,False,False,False,False,False,False,False,10.0,12.0,4.195804195804193,0.0,-0.3057387678999495,False,False,False,False,False,False,False,-1.0,False,3,False,False,165.9930210428078,,3,False,3,False,True,False,True,"market_above_ma60, avoid_chase, kd_golden_cross",,close_below_ema20,-71.0,18.2,8.6,9.1,-0.34,False,22,D
2026-09-14,11.4,11.45,11.25,11.25,284968,3212485,1219,福壽,,0.0165354332186442,0.0204588014936384,-0.0039233682749942,11.45125000235461,11.705878684140304,12.20492690873103,43.55262266350256,18.535849159541176,0.2249201306467895,356832.65,4088248.7,11.9,11.4,0.1623496031898641,-0.178189025395714,-0.0343347639484978,-0.0131578947368421,11.4,0.6863310167772844,11.916062628526698,11.44500000000005,10.973937371473404,0.2930211523996759,0.082317628401336,0.0,25.925925925925792,11.50000000000009,11.530000000000063,-25716648.0,-25764331.8,-92.85714285714276,-41.1985018726583,69.56793176502318,11.325,11.775,,,,0.0,0.0,0.0,0.0,0.0,0.0,,0.0,0.0,-0.1437,0.1156,0.0,5.94,-0.07,0,False,0,False,False,False,False,0.7986040515070579,False,False,False,False,True,False,False,False,False,True,False,False,False,False,False,False,True,False,20.0,0.0,5.777777777777781,0.0,0.011099707999133,False,False,False,False,False,False,False,-1.0,False,4,False,False,233.1192370110602,,3,False,3,True,True,True,True,"market_above_ma60, avoid_chase, obv_uptrend, mfi_strong",,"macd_death_cross, close_below_ema20, close_below_swing_low",-3.9,50.0,22.9,9.1,-0.26,False,22,D
2026-09-14,10.8,10.8,10.7,10.75,90889,976159,1220,台榮,,-0.0893966940610404,-0.1100621158436758,0.0206654217826354,10.871325758620074,11.184067559783127,11.578870843729336,39.38051843613252,24.09482415382524,0.13258225073923,103624.2,1125376.8,11.0,10.7,-0.0825008216743436,-0.1588135285252288,0.0046728971962617,-0.0092165898617511,10.85,0.584422506379386,11.047237484168162,10.844999999999937,10.642762515831713,0.2651276162016693,0.0372959860153484,22.22222222222218,37.03703703703771,10.859999999999946,10.7849999999999,-2502089.0,-2264334.25,-77.77777777777783,-83.33333333333279,34.720152787043986,11.325,11.525,,,,0.0,0.0,0.0,0.0,0.0,0.0,,0.0,0.0,0.2883,0.2929,0.0,7.05,0.01,0,False,0,False,False,False,False,0.8771020668917107,False,False,True,False,True,False,False,False,False,False,False,False,False,False,False,False,False,True,10.0,0.0,2.3255813953488373,8.0,-0.4665901916642673,False,False,False,False,False,False,False,-1.0,False,3,False,False,251.17193836894592,,5,False,3,False,True,False,True,"market_above_ma60, avoid_chase, adx_trending",,close_below_ema20,14.2,59.1,28.2,9.1,-0.06,False,22,D
2026-09-14,24.3,25.05,24.1,24.95,122021,3000514,1225,福懋油,,-0.2623325010316364,-0.2782343802003499,0.0159018791687135,24.96986279145529,26.23458819887797,27.65023386400744,47.70747538431167,18.257704206532065,0.6440698764066138,115398.7,2910214.45,26.0,24.3,0.0251503700728379,-0.3398518815415255,-0.002,0.0267489711934156,24.3,0.4142075852406429,25.98164563596531,24.924999999999955,23.8683543640346,0.5118298884456209,0.0847860089039404,58.62068965517229,25.82677959265978,24.65,24.864999999999963,-1612675.0,-1396280.3,-70.68965517241385,-39.436619718309046,31.075186155079336,25.8625,28.275,,,,0.0,0.0,0.0,0.0,0.0,0.0,,0.0,0.0,-0.2383,-0.2078,0.0,1.17,-0.01,0,False,0,True,True,False,False,1.0573862617169865,False,False,False,False,True,False,False,False,False,False,False,False,False,False,False,False,False,False,0.0,0.0,4.2084168336673375,0.0,-0.2634863532230449,False,False,False,False,False,False,False,-1.0,False,4,False,False,212.41202637849327,,3,False,3,False,True,False,True,"macd_golden_cross, market_above_ma60, avoid_chase, hist_turn_positive",,close_below_ema20,-24.6,40.9,17.8,9.1,0.39,False,22,D
2026-09-14,28.3,28.35,28.2,28.3,471785,13329917,1227,佳格,,-0.1949280743634567,-0.1759799888474714,-0.0189480855159853,28.655019607468024,28.96241604333469,29.20786599879828,40.22595173975732,11.355865178449212,0.3357827111749409,627865.25,18024979.55,29.4,28.35,-0.1527194377705248,-0.0764184632351511,-0.0035211267605632,-0.0052724077328646,28.45,0.7901431726394524,29.297408001379484,28.7199999999998,28.14259199862012,0.1363056980538607,0.0402094708481676,15.384615384615552,19.2696192696197,28.43999999999978,28.474999999999635,-13097401.0,-12031762.85,-89.47368421052616,-118.24324324324324,17.351338052780946,29.4625,29.25,,,,0.0,0.0,0.0,0.0,0.0,0.0,,0.0,0.0,0.107,0.263,0.0,6.9,-0.02,0,False,0,False,False,False,False,0.751411230355558,False,False,False,False,True,False,False,False,False,False,False,False,False,False,False,False,False,False,20.0,12.0,3.886925795052996,0.0,-0.4288230471192737,False,False,False,False,False,False,False,-1.0,False,2,False,False,164.3682357381243,,3,False,3,False,True,True,True,"market_above_ma60, avoid_chase",,"close_below_ema20, close_below_swing_low",-72.6,13.6,8.2,9.1,-0.37,False,22,D
2026-09-14,40.5,40.5,40.3,40.35,1516270,61229718,1229,聯華,,-0.0524633826505862,0.1135588345541445,-0.1660222172047308,41.48923014659258,41.53619404966267,42.19925737883358,37.50055504926466,17.649428362537833,0.6656395073830356,1672667.75,69779531.35,42.4,40.7,-0.0708351908405641,-0.0184209393025062,-0.0312124849939975,-0.0085995085995086,40.7,1.6067461034561652,42.69489898473977,41.7050000000002,40.71510101526062,-0.1844132688734255,0.0474714775081918,2.4390243902441053,13.82888114595456,41.29000000000051,41.5600000000004,-57346328.0,-54949134.3,-97.72727272727252,-257.40966301258527,37.82797822414637,41.3,42.025,,,,0.0,0.0,0.0,0.0,0.0,0.0,,0.0,0.0,-0.1313,-0.58,0.0,9.11,0.12,0,False,0,False,False,False,False,0.9064980179118058,False,False,False,False,True,True,False,False,False,False,False,False,False,False,False,False,False,False,20.0,25.0,5.080545229244106,0.0,-0.552922961442277,False,False,False,False,False,False,False,-1.0,False,3,False,False,167.42990464181074,,3,False,3,False,True,True,True,"market_above_ma60, avoid_chase, liquidity_ok",,"close_below_ema20, close_below_swing_low",-69.6,22.7,8.9,9.1,0.02,False,22,D
2026-09-14,80.4,80.4,79.8,80.0,250436,20036024,1231,聯華食,,-0.8871782523392397,-1.0386579821875164,0.1514797298482766,80.88154803521952,83.44199619028645,86.98120326398184,39.37125948668306,11.578523247633512,0.9873626049668088,264872.35,21483685.15,83.9,80.0,-0.1690394871154985,-0.2234054871567653,-0.0012484394506865,-0.0012484394506865,80.1,0.9690482468872084,82.89181734772245,80.91000000000004,78.92818265227763,0.2704127474093792,0.0489881929977113,23.07692307692291,27.0396270396274,80.24000000000015,80.23999999999978,-31489420.0,-30386238.35,-83.33333333333347,-80.64019698368736,33.23145877924236,85.95,86.25,,,,0.0,0.0,0.0,0.0,0.0,0.0,,0.0,0.0,0.0689,0.0539,0.0,2.8,-0.05,0,False,0,False,False,False,False,0.9454969535325224,False,False,False,False,True,False,False,False,False,False,False,False,False,False,False,False,False,True,10.0,0.0,4.875000000000007,0.0,-0.5548195753694105,False,False,False,False,False,False,False,-1.0,False,2,False,False,137.79713463089232,,3,False,3,False,True,False,True,"market_above_ma60, avoid_chase",,close_below_ema20,-99.2,4.5,4.4,9.1,0.11,False,22,D
2026-09-14,155.0,155.0,153.5,153.5,128103,19754767,1232,大統益,,0.3201307655960477,0.7192736176216724,-0.3991428520256247,155.96543615307638,153.8516129898375,151.79809419316825,41.84781935970702,21.96853491600961,2.08974351454411,112459.7,17578084.35,158.0,155.5,-0.0159685350595111,0.1557858303840565,-0.0253968253968254,-0.016025641025641,156.0,0.8479419997407575,158.4723748416184,156.45,154.42762515838157,-0.229340560239376,0.0258533057413667,0.0,33.333333333333336,155.9,156.3,3561562.0,3861180.75,-100.0,-217.05426356588825,34.43877259664397,157.625,159.25,,,,0.0,0.0,0.0,0.0,0.0,0.0,,0.0,0.0,0.3456,-0.0375,0.0,2.91,-0.04,0,False,0,False,False,False,True,1.1391013847627194,False,False,True,False,True,False,False,False,False,False,False,False,False,False,False,False,False,False,20.0,25.0,2.931596091205212,8.0,-0.1299634913503691,False,False,False,False,False,False,False,-1.0,False,4,False,False,337.8314519514227,,5,False,3,False,True,True,True,"ema60_gt_ema120, market_above_ma60, avoid_chase, adx_trending",,"close_below_ema20, close_below_swing_low",100.8,90.9,52.5,9.1,0.6,True,22,D
2026-09-14,28.05,28.2,27.9,27.95,18015,504919,1233,天仁,,-0.0767271385143502,-0.057052647924717,-0.0196744905896331,28.20412755352837,28.37506093946315,28.81347901565993,43.60260495389371,15.297161290418057,0.3589623619056926,25825.6,726672.1,28.9,28.0,0.0110388958436987,-0.0095371414208083,-0.0053380782918149,-0.0088652482269503,28.2,0.9496904843010348,28.77456880520132,28.195000000000164,27.615431194799008,0.2886359671177175,0.0411114598475724,15.38461538461509,22.43899417812463,28.090000000000508,28.150000000000183,-326408.0,-351475.75,-91.30434782608714,-61.47248034310245,42.799608228282985,29.075,28.55,,,,0.0,0.0,0.0,0.0,0.0,0.0,,0.0,0.0,0.0848,0.1598,0.0,5.51,-0.01,0,False,0,False,False,False,False,0.6975636577659378,False,False,False,False,True,False,False,False,False,True,False,False,False,False,False,False,False,False,20.0,0.0,3.3989266547406056,8.0,0.5066579134150931,False,False,False,False,False,False,False,-1.0,False,3,False,False,226.05553153864048,,3,False,3,False,True,True,True,"market_above_ma60, avoid_chase, obv_uptrend",,"close_below_ema20, close_below_swing_low",-10.9,45.5,21.2,9.1,-0.51,False,22,D
2026-09-14,25.55,25.9,25.55,25.85,32684,838030,1236,宏亞,,0.2950679480939797,0.3176150769761556,-0.0225471288821758,25.79788268511324,25.36507332379577,25.28303354897592,55.59570595161434,27.82909287271444,0.4356645692362562,67391.45,1733241.85,26.25,25.7,0.1809506282438667,0.0746349552503145,-0.0133587786259541,-0.0095785440613026,26.1,0.3876942093528031,26.41794736613164,25.81000000000004,25.20205263386844,0.532897584748566,0.0471094433267415,40.00000000000009,68.45315904139413,26.13000000000011,26.08500000000004,4673308.0,4379901.35,-44.99999999999993,3.750000000001024,79.40836629663033,24.8125,25.075000000000003,,,,0.0,0.0,0.0,0.0,0.0,0.0,,0.0,0.0,0.0159,-0.0114,0.0,0.74,0.0,0,False,0,False,False,True,True,0.484987338898332,False,True,True,False,True,False,False,False,False,True,False,False,False,False,False,False,True,True,0.0,0.0,1.5473887814313292,15.0,0.3815293390788909,False,False,True,False,False,False,False,-1.0,False,8,False,False,594.42822545793,,5,False,3,True,False,False,True,"ema60_gt_ema120, rsi_strong, market_above_ma60, avoid_chase, adx_trending, obv_uptrend, mfi_strong, above_ichimoku_cloud",,macd_death_cross,357.4,100.0,89.8,9.1,-1.05,True,22,D
2026-09-14,171.5,173.0,171.5,172.0,13838,2381741,1256,鮮活果汁-KY,,-2.5297679736684984,-1.8675735493127184,-0.66219442435578,176.46002466413964,179.01940240478078,175.28825662826134,40.05022238219034,11.491723764098214,4.610680376203225,76843.55,13792839.5,188.0,171.0,-0.2652625915516388,-0.1142533047177813,-0.0086455331412104,0.0058479532163742,171.0,0.7925510948338739,186.8019664604272,177.425,168.04803353957283,0.2107273432780911,0.1057006223522861,18.181818181818183,9.830447330446988,172.8,173.9,-1411677.0,-1175633.85,-92.15686274509804,-98.14020028612308,27.94888231197608,184.5,194.25,,,,0.0,0.0,0.0,0.0,0.0,0.0,,0.0,0.0,0.2555,0.0477,0.0,4.29,0.0,0,False,0,False,False,False,True,0.1800801758898437,False,False,False,False,True,False,False,False,True,False,False,False,False,False,False,False,False,False,20.0,0.0,9.30232558139535,0.0,-0.5315027049648032,False,False,False,False,False,False,False,-1.0,False,4,False,False,285.4227692993208,,3,False,3,False,True,False,True,"ema60_gt_ema120, market_above_ma60, avoid_chase, kd_golden_cross",,close_below_ema20,48.4,72.7,37.9,9.1,-1.81,False,22,X
2026-09-14,63.7,63.8,61.5,62.9,23847845,1489165943,1301,台塑,,1.8404241236366872,2.021922857769222,-0.1814987341325347,63.284263961905445,59.22238908776453,55.18558941471129,51.31333368577105,26.4243835231648,2.9488753218730173,33376463.0,2131212523.9,67.8,64.6,0.8007463992003718,0.2345576110840063,-0.0555555555555554,-0.0263157894736841,64.6,0.3755901234937644,70.24086951385351,62.88000000000002,55.51913048614652,0.5013585351541924,0.2341243484050094,14.43298969072163,20.42006314946957,64.98000000000029,65.78000000000011,1328927955.0,1326317988.2,-62.8787878787879,-4.784128736555305,68.36087385833832,58.85,56.45,,,,0.0,0.0,0.0,0.0,0.0,0.0,,0.0,0.0,0.0679,-0.0851,0.0,34.77,0.2,0,False,0,False,False,True,True,0.7145108515542824,False,False,True,False,True,True,False,False,False,True,False,False,False,False,False,False,True,False,20.0,0.0,7.7901430842607295,0.0,0.0138686036157869,False,False,True,False,False,False,False,-1.0,False,8,False,False,582.3115317589322,,3,False,3,True,True,True,True,"ema60_gt_ema120, market_above_ma60, avoid_chase, liquidity_ok, adx_trending, obv_uptrend, mfi_strong, above_ichimoku_cloud",,"macd_death_cross, close_below_ema20, close_below_swing_low",196.1,73.7,88.9,52.6,0.02,False,19,D
2026-09-14,232.0,236.5,220.5,234.0,54948757,12568462523,1303,南亞,,13.592944480648612,13.397903804351929,0.1950406762966849,221.0565306696543,189.39328715997183,156.21647342281625,59.444540069948445,23.43646894981876,15.017348565139324,91267786.3,20180578333.4,244.0,221.0,1.425083648448131,0.56305382338526,0.0151843817787418,-0.0021321961620469,234.5,0.5093511077608346,260.164808058693,218.225,176.285191941307,0.6880671458715734,0.3843721668799907,53.333333333333336,62.04861111111131,236.8,233.3,5813631795.0,5634080426.95,-25.19685039370079,43.02494390919887,80.69193370600176,173.5,158.9,,,,0.0,0.0,0.0,0.0,0.0,0.0,,0.0,0.0,0.4675,0.0009,0.0,30.7,-0.17,0,False,0,False,False,True,True,0.6020608062014539,False,True,True,False,True,True,False,False,False,True,False,False,False,False,False,False,True,True,0.0,0.0,4.273504273504273,0.0,0.743557091237505,False,False,True,False,False,False,False,-1.0,False,9,False,False,649.9432931568646,,3,False,3,False,False,False,False,"ema60_gt_ema120, rsi_strong, market_above_ma60, avoid_chase, liquidity_ok, adx_trending, obv_uptrend, mfi_strong, above_ichimoku_cloud",,,263.8,94.7,93.4,52.6,-0.16,True,19,D
2026-09-14,12.4,12.4,12.05,12.25,2067764,25161243,1304,台聚,,0.045707816942949,0.0259483655091639,0.019759451433785,12.318966055718713,12.510974550337902,12.653276490296358,48.7551436555464,20.81629319507429,0.4543418934321037,2933425.9,36273777.2,12.8,12.2,0.2746359537610205,-0.2447305331514918,0.0040983606557376,-0.0080971659919028,12.35,0.914569837426829,12.857373936223825,12.2625,11.667626063776176,0.4894935723026062,0.0970232719631108,19.99999999999993,24.97330282227267,12.439999999999964,12.444999999999936,332374057.0,336302403.5,-78.26086956521739,-18.043025676612853,54.42242053636989,12.3875,13.35,,,,0.0,0.0,0.0,0.0,0.0,0.0,,0.0,0.0,0.0872,0.0989,0.0,28.68,0.05,0,False,0,False,False,False,False,0.7048973011385766,False,False,True,False,True,False,False,False,False,False,False,False,False,False,False,False,True,False,20.0,0.0,4.489795918367353,0.0,-0.3624772793563952,False,False,False,False,False,False,False,-1.0,False,4,False,False,287.69924565910907,,3,False,3,False,True,False,True,"market_above_ma60, avoid_chase, adx_trending, mfi_strong",,close_below_ema20,-98.5,31.6,38.4,52.6,0.01,False,19,D
2026-09-14,12.15,12.15,11.85,11.9,1460709,17441963,1305,華夏,,0.0383160074405406,0.0568034899123872,-0.0184874824718466,12.150811169631885,12.332922161968762,12.588216135160948,45.25285500750991,13.526243272008,0.4275950163884019,1920446.6,23606354.95,12.6,12.15,0.1548164298016529,-0.1873154070627893,-0.0205761316872428,-0.0205761316872428,12.15,0.8381632986110609,12.691402887525372,12.165000000000031,11.63859711247469,0.2482916542823166,0.0865438368311286,4.347826086956582,15.942028985507326,12.190000000000056,12.275,-18653877.0,-15257960.3,-95.99999999999994,-74.60317460317431,50.56944631019274,12.0,12.8,,,,0.0,0.0,0.0,0.0,0.0,0.0,,0.0,0.0,-0.1124,0.2015,0.0,3.75,0.04,0,False,0,False,False,False,False,0.7606090166735174,False,False,False,False,True,False,False,False,False,False,False,False,False,False,False,False,True,False,20.0,0.0,5.882352941176464,0.0,-0.5689007353673301,False,False,False,False,False,False,False,-1.0,False,3,False,False,150.77928134232724,,3,False,3,True,True,True,True,"market_above_ma60, avoid_chase, mfi_strong",,"macd_death_cross, close_below_ema20, close_below_swing_low",-235.4,10.5,6.1,52.6,0.1,False,19,D
2026-09-14,30.55,30.55,30.05,30.3,370496,11204350,1307,三芳,,-0.2455986898987454,-0.3001983668304758,0.0545996769317303,30.713274723174983,31.52333016297368,32.045847707883624,40.43976015381915,17.501680997215992,0.479642612552445,482045.1,14765649.95,31.15,30.35,-0.0211589084131795,-0.24828351862695,-0.0065573770491803,-0.0081833060556464,30.55,0.7076779341637328,31.07431266767555,30.619999999999983,30.165687332324417,0.1478196374787188,0.0296742434797887,26.31578947368423,42.105263157895024,30.61999999999971,30.54500000000008,14427012.0,14895743.7,-78.26086956521736,-131.7941317941321,36.4615195060952,32.325,34.15,,,,0.0,0.0,0.0,0.0,0.0,0.0,,0.0,0.0,0.1083,-0.0121,0.0,7.07,0.0,0,False,0,False,False,False,False,0.7685919844429495,False,False,False,False,True,False,False,False,False,False,False,False,False,False,False,False,False,True,10.0,12.0,2.805280528052798,8.0,-0.165114977405148,False,False,False,False,False,False,False,-1.0,False,2,False,False,180.7045401155677,,3,False,3,False,True,True,True,"market_above_ma60, avoid_chase",,"close_below_ema20, close_below_swing_low",-205.5,21.1,11.3,52.6,0.11,False,19,D
2026-09-14,14.35,14.35,14.05,14.15,1282420,18110897,1308,亞聚,,0.1767613020333307,0.1689605952217468,0.0078007068115839,14.118836048546216,13.98906623019433,14.018666401355302,51.54400153210459,29.07408373444798,0.4944066570916923,1804742.05,25625731.95,14.8,13.95,0.3415647707398537,-0.045348137229734,0.0143369175627241,-0.0104895104895105,14.3,0.6514501106368734,14.862661273544443,14.0875,13.312338726455556,0.5403141914676782,0.1100495153213051,18.18181818181825,27.855477855477755,14.370000000000072,14.345000000000027,-5375530.0,-7242671.95,-75.86206896551725,11.199853116679645,65.93946175819099,13.75,14.625,,,,0.0,0.0,0.0,0.0,0.0,0.0,,0.0,0.0,0.128,0.034,0.0,5.17,0.14,0,False,0,False,False,True,False,0.7105835429500853,False,False,True,False,True,False,False,False,False,True,False,False,False,False,False,False,True,True,20.0,0.0,4.593639575971734,0.0,0.1693886222544958,False,False,False,False,False,False,False,-1.0,False,5,False,False,419.1384988965549,,3,False,3,False,False,False,False,"market_above_ma60, avoid_chase, adx_trending, obv_uptrend, mfi_strong",,,33.0,57.9,69.2,52.6,0.02,False,19,D
2026-09-14,14.2,14.2,13.6,13.75,2351381,32346664,1309,台達化,,0.1242804953676479,0.0378290101241286,0.0864514852435193,13.590776056212611,14.004510487631515,14.453052230140871,52.60601134718203,22.65114910911264,0.5527383390872431,2525263.4,34555222.4,14.2,13.45,0.4698428489872386,-0.2331194458471776,0.0185185185185186,-0.0213523131672598,14.05,1.9796588807819453,14.290041043767664,13.45250000000001,12.614958956232355,0.6776032364107766,0.1245182744869212,26.92307692307692,46.33068081343905,13.9,13.79000000000001,239647508.0,236595885.9,-55.88235294117645,64.16629010393045,70.69640195605798,13.575,15.125,,,,0.0,0.0,0.0,0.0,0.0,0.0,,0.0,0.0,0.0637,0.1121,0.0,3.19,0.21,0,False,0,False,False,False,False,0.9311428661263612,False,False,True,False,True,False,False,False,False,True,False,False,False,False,False,False,True,True,10.0,0.0,3.272727272727268,8.0,0.3217250115929999,False,False,False,False,False,False,False,-1.0,False,5,False,False,386.1721288003796,,3,False,3,False,False,False,False,"market_above_ma60, avoid_chase, adx_trending, obv_uptrend, mfi_strong",,,0.0,52.6,63.5,52.6,0.37,False,19,D
2026-09-14,8.6,8.7,8.51,8.65,1330470,11460515,1310,台苯,,0.0469273739195621,0.0088627058151908,0.0380646681043713,8.588115771599137,8.780623823278393,8.996827357117693,51.32821052117145,24.06043265940617,0.3128925764816498,3352082.25,28556629.05,8.97,8.57,0.4747843408843238,-0.4616847679034522,0.0058139534883721,0.0023174971031285,8.63,0.4757220346413693,9.117175915756844,8.505999999999972,7.8948240842430994,0.6178056892357259,0.1437046592421524,20.00000000000005,25.181159420289987,8.688000000000011,8.739999999999963,139326955.0,138879007.15,-53.33333333333327,27.64582530919634,65.6397572675086,8.7075,9.745,,,,0.0,0.0,0.0,0.0,0.0,0.0,,0.0,0.0,0.1538,0.2368,0.0,5.98,0.52,0,False,0,False,False,False,False,0.3969085185782658,False,False,True,False,True,False,False,False,False,True,False,False,False,False,False,False,True,False,10.0,0.0,3.699421965317922,0.0,0.0256377081148562,False,False,False,False,False,False,False,-1.0,False,5,False,False,384.27673768316095,,3,False,3,False,False,False,False,"market_above_ma60, avoid_chase, adx_trending, obv_uptrend, mfi_strong",,,-1.9,47.4,63.3,52.6,-0.48,False,19,D
2026-09-14,14.1,14.55,14.05,14.45,9453345,135058400,1312,國喬,,0.5708564152946796,0.5573902159724318,0.0134661993222477,13.928281352622829,13.225462049279264,12.90165654272914,57.516631708122354,37.14197647211821,0.7688205089965375,37996932.9,571466969.55,15.65,13.9,1.3586224635127335,-0.0034027440116158,0.0248226950354608,0.0069686411149825,14.35,0.648047448600687,16.483019076604123,13.737500000000022,10.99198092339592,0.6297568838751724,0.3997116035092405,24.999999999999964,29.32098765432117,14.459999999999946,14.679999999999971,-140554998.0,-119592512.35,-58.57142857142859,30.78584931136908,81.46952280589763,12.35,12.89,,,,0.0,0.0,0.0,0.0,0.0,0.0,,0.0,0.0,0.8923,0.6744,0.0,3.7,-0.07,0,False,0,False,False,True,True,0.2487923176557232,False,True,True,False,True,True,False,False,False,False,False,False,False,False,False,False,True,False,10.0,0.0,8.304498269896202,0.0,-0.4466964078697081,False,False,True,False,False,False,False,-1.0,False,8,False,False,582.1275662821207,,8,False,3,False,False,False,False,"ema60_gt_ema120, rsi_strong, market_above_ma60, avoid_chase, liquidity_ok, adx_trending, mfi_strong, above_ichimoku_cloud",,,196.0,68.4,88.8,52.6,-0.72,False,19,X
2026-09-14,12.0,12.0,11.65,11.75,1348275,15895111,1313,聯成,,0.0674252539916864,0.0819948605061523,-0.0145696065144659,11.839326506906511,11.74147690933746,11.600719514686087,48.85172380685768,17.73434989152888,0.4103600389718889,2600534.25,31131246.9,12.15,11.8,0.1424784890193968,-0.111637428373193,-0.0042372881355933,-0.0167364016736401,11.95,0.5972097931259027,12.27914620120121,11.85500000000004,11.430853798798871,0.3762219257149012,0.0715556644793195,11.764705882352905,18.73638344226553,11.9,11.930000000000064,139332840.0,138300344.65,-89.47368421052636,-36.15257048092981,53.179074174314685,11.725,12.35,,,,0.0,0.0,0.0,0.0,0.0,0.0,,0.0,0.0,0.0604,0.03,0.0,7.18,0.05,0,False,0,False,False,True,True,0.5184607739736556,False,False,False,False,True,False,False,False,False,True,False,False,False,False,False,False,True,False,20.0,0.0,3.404255319148939,8.0,0.1014532667579594,False,False,False,False,False,False,False,-1.0,False,5,False,False,349.40204694083207,,3,False,3,True,True,True,True,"ema60_gt_ema120, market_above_ma60, avoid_chase, obv_uptrend, mfi_strong",,"macd_death_cross, close_below_ema20, close_below_swing_low",-36.8,42.1,55.8,52.6,-0.29,False,19,D
2026-09-14,8.15,8.27,8.06,8.22,15174574,123898762,1314,中石化,,0.0479763635096581,0.0328286421284678,0.0151477213811903,8.09196955023052,8.045742252610685,7.982395398076522,55.73268430949928,29.11479634325509,0.2214335530905457,20344759.95,165107605.9,8.26,8.1,0.1992113659367956,-0.1511819274930487,0.0148148148148148,0.0123152709359608,8.12,0.4097294158931449,8.355325894551505,8.078999999999997,7.802674105448489,0.7551335267164413,0.068405964736108,37.7358490566039,26.746712407089944,8.157999999999992,8.160999999999968,-341988851.0,-357142789.7,-54.098360655737686,61.06442577030808,62.829661957563175,8.365,8.774999999999999,,,,0.0,0.0,0.0,0.0,0.0,0.0,,0.0,0.0,-0.2441,-0.1248,0.0,10.0,0.12,0,False,0,False,False,True,True,0.7458713711684762,False,True,True,False,True,True,False,False,True,True,False,False,False,False,False,False,True,False,0.0,0.0,0.4866180048661696,25.0,0.0826687742001475,False,False,False,False,False,False,False,-1.0,False,9,False,False,598.4507390020865,,5,False,3,False,False,False,False,"ema60_gt_ema120, rsi_strong, market_above_ma60, avoid_chase, liquidity_ok, adx_trending, kd_golden_cross, obv_uptrend, mfi_strong",,,212.3,78.9,90.0,52.6,0.07,False,19,D
2026-09-14,65.9,66.3,65.8,66.3,9317,615634,1315,達新,,0.4429150621097619,0.4814227289316767,-0.0385076668219147,65.7916060874517,64.67890517536482,63.99063479588352,61.19084216804402,30.667617220082548,0.7838118143107132,48281.1,3188594.35,66.3,65.7,0.0215709781468489,0.105504039587861,0.0045454545454544,0.0,66.3,0.5695945068488085,66.61620849970816,65.99499999999952,65.37379150029088,0.745489236016189,0.0188259261977012,72.72727272727285,74.67532467532449,66.21999999999898,66.06999999999934,629426.0,325967.0,-14.285714285714189,65.3377630121727,83.14511544885819,63.625,62.65,,,,0.0,0.0,0.0,0.0,0.0,0.0,,0.0,0.0,0.0975,0.0027,0.0,1.26,0.03,0,False,0,False,False,True,True,0.1929740623142389,False,True,True,False,True,False,False,False,False,True,False,False,False,False,False,False,True,True,-10.0,0.0,0.0,25.0,0.9705394582473016,False,False,True,False,False,False,False,-1.0,False,8,False,False,598.57621412211,,5,False,3,False,False,False,False,"ema60_gt_ema120, rsi_strong, market_above_ma60, avoid_chase, adx_trending, obv_uptrend, mfi_strong, above_ichimoku_cloud",,,212.4,84.2,90.0,52.6,-0.81,False,19,X
2026-09-14,10.7,10.8,10.55,10.7,1078023,11468591,1316,上曜,,0.0925905019407462,0.1430476089295492,-0.050457106988803,10.81150258141574,10.71293574916986,11.15766067244912,48.85524412994156,26.176284156151848,0.3893227574658326,4462199.15,50317325.9,11.75,10.6,-0.056777642647591,0.1151222339111069,-0.0046511627906977,0.0,10.7,0.3765737396777123,11.614078308636389,10.949999999999978,10.285921691363567,0.3117691868950533,0.1212928417600752,21.42857142857125,38.09523809523731,10.889999999999963,10.829999999999972,-26269338.0,-30130457.1,-92.30769230769236,-68.81463802704901,63.74746614831799,10.045,10.495,,,,0.0,0.0,0.0,0.0,0.0,0.0,,0.0,0.0,0.9305,-0.0076,0.0,3.83,-0.08,0,False,0,False,False,False,False,0.2415900688789293,False,False,True,False,True,True,False,False,False,True,False,False,False,False,False,False,True,True,10.0,0.0,9.81308411214954,0.0,0.279215849755336,False,False,True,False,False,False,False,-1.0,False,7,False,False,545.7664908858533,,3,False,3,False,True,False,True,"market_above_ma60, avoid_chase, liquidity_ok, adx_trending, obv_uptrend, mfi_strong, above_ichimoku_cloud",,close_below_ema20,248.5,95.9,86.0,34.7,-1.1,True,49,X
2026-09-14,78.3,78.6,77.7,78.3,714900,55893372,1319,東陽,,0.0413402532950328,0.6972727881871175,-0.6559325348920846,80.2598311810521,80.34897652022195,82.75123311985153,42.675633855718026,25.10617164580333,1.7387964878980098,1614523.55,131987942.4,83.6,78.4,-0.2507347456097281,0.1300493151299382,-0.0416156670746634,-0.0088607594936709,79.0,0.5017166189153868,84.67367159928912,81.47499999999982,78.27632840071053,0.0037002234450593,0.0785190941832293,10.344827586206804,12.771392081736847,78.85999999999986,80.62000000000008,-19614628.0,-17417209.5,-90.909090909091,-168.10126582278423,47.13370020057358,73.625,88.4,,,,0.0,0.0,0.0,0.0,0.0,0.0,,0.0,0.0,0.074,-0.0439,0.0,11.47,-0.27,0,False,0,False,False,False,False,0.4427931695390878,False,False,True,False,True,True,False,False,False,False,False,False,False,False,False,False,False,False,20.0,25.0,6.768837803320558,0.0,-0.2258451575776852,False,False,False,False,False,False,False,-1.0,False,4,False,False,316.7177898044586,,5,False,3,False,True,True,True,"market_above_ma60, avoid_chase, liquidity_ok, adx_trending",,"close_below_ema20, close_below_swing_low",67.7,71.8,46.1,17.9,-0.74,False,39,D
2026-09-14,31.8,32.3,31.75,32.3,43020,1377748,1321,大洋,,0.0472538974733538,0.146713422952176,-0.0994595254788222,32.41694271188644,32.05929236386201,32.131933529489594,49.108280451037984,10.138332790482703,0.514284297174651,111221.05,3651175.4,33.75,32.0,-0.0086535305119222,0.0859279339962701,-0.0076804915514593,0.0093749999999999,32.0,0.4227570098396694,33.59376117397915,32.5449999999998,31.49623882602045,0.383195523404917,0.0644499108298882,40.740740740740485,19.57497682135363,32.27999999999993,32.444999999999894,-4320472.0,-4352286.0,-76.5957446808512,-70.51282051282092,59.773746321208186,31.8625,30.6,,,,0.0,0.0,0.0,0.0,0.0,0.0,,0.0,0.0,0.0559,-0.0885,0.0,6.93,-0.05,0,False,0,False,False,True,False,0.3867972834279122,False,False,False,False,True,False,False,False,True,True,False,False,False,False,False,False,True,False,0.0,0.0,4.489164086687316,0.0,0.0641900212052545,False,False,True,False,False,False,False,-1.0,False,6,False,False,419.63825308874215,,3,False,3,False,True,False,True,"market_above_ma60, avoid_chase, kd_golden_cross, obv_uptrend, mfi_strong, above_ichimoku_cloud",,close_below_ema20,33.5,63.2,69.4,52.6,-0.5,False,19,D
2026-09-14,21.85,21.9,21.45,21.7,106464,2310761,1323,永裕,,0.1830079319317974,0.2045393504365138,-0.0215314185047164,21.30404453907137,20.81596577855323,20.45409528313186,64.64470029607374,18.353829750308154,0.3519233983212605,34159.05,732408.0,21.65,21.15,-0.0263378036384906,0.1727337390365489,0.0211764705882353,0.0023094688221709,21.65,5.249324545472048,21.74246211900858,21.41250000000009,21.0825378809916,0.9356560699510372,0.0308195791251359,77.77777777777783,70.86056644880107,21.41999999999989,21.34499999999998,1738855.0,1516909.25,-22.22222222222218,148.71794871794822,66.69445217058852,19.875,20.15,,,,0.0,0.0,0.0,0.0,0.0,0.0,,0.0,0.0,0.3408,0.1287,0.0,1.56,0.09,0,False,0,False,False,True,True,3.116714311434305,True,True,False,True,True,False,False,False,False,True,False,False,False,True,False,False,True,True,-10.0,-25.0,-0.2304147465437821,25.0,0.7359124321372219,False,False,True,False,False,False,False,-1.0,False,10,False,False,719.9980922999897,,3,False,3,False,False,False,False,"ema60_gt_ema120, volume_break, rsi_strong, breakout_20d, market_above_ma60, avoid_chase, obv_uptrend, breakout_volume_confirm, mfi_strong, above_ichimoku_cloud",,,333.8,100.0,96.6,52.6,3.84,True,19,D
2026-09-14,25.55,25.65,25.3,25.5,101358,2581519,1325,恆大,,-0.1118063485096314,-0.0755030241651144,-0.036303324344517,25.943732372313445,26.104785906658226,26.59312671672457,44.225110828425805,18.927434566527324,0.5631302400071059,165671.05,4311694.75,26.65,25.4,-0.1019825368385046,0.0838535994953084,-0.0267175572519083,-0.0019569471624266,25.55,1.0782866290066129,26.648868982145306,25.972499999999947,25.29613101785459,0.1507084058606312,0.0520834715291448,29.629629629629573,43.20987654320985,25.879999999999928,25.77999999999984,9554875.0,9574368.8,-75.00000000000006,-130.9370988446712,45.95559033282999,26.700000000000003,26.575000000000003,,,,0.0,0.0,0.0,0.0,0.0,0.0,,0.0,0.0,-0.2358,-0.2182,0.0,1.55,0.3,0,False,0,False,False,False,False,0.6118027259439716,False,False,False,False,True,False,False,False,False,False,False,False,False,False,False,False,False,True,10.0,12.0,4.509803921568622,0.0,-0.0067733527250922,False,False,False,False,False,False,False,-1.0,False,2,False,False,103.0367470267386,,3,False,3,False,True,False,True,"market_above_ma60, avoid_chase",,close_below_ema20,-283.1,5.3,1.3,52.6,-0.14,False,19,D
2026-09-14,10.05,10.1,9.97,10.05,15154,152147,1324,地球,,-0.0268893856313123,-0.0227617283926292,-0.0041276572386831,10.08461313457411,10.197282448091782,10.361891371362258,47.2697628123009,14.102162905634447,0.1394134805881805,22508.4,227088.7,10.25,9.99,0.0085749464558871,-0.0784563317362182,-0.014705882352941,0.0,10.05,1.3269409970539476,10.249907792020252,10.080500000000006,9.91109220797976,0.4099805279430117,0.0336109899350719,28.57142857142886,21.98879551820756,10.018000000000027,10.078999999999995,474730.0,468861.25,-71.42857142857113,-47.9873091413838,52.67114740560661,10.2475,10.435,,,,0.0,0.0,0.0,0.0,0.0,0.0,,0.0,0.0,-0.3605,-0.2901,0.0,0.97,0.01,0,False,0,False,False,False,False,0.6732597608004123,False,False,False,False,True,False,False,False,False,True,False,False,False,False,False,False,True,False,10.0,0.0,1.9900497512437736,15.0,0.0322445388405446,False,False,False,False,False,False,False,-1.0,False,4,False,False,237.11953207409064,,3,False,3,False,True,False,True,"market_above_ma60, avoid_chase, obv_uptrend, mfi_strong",,close_below_ema20,-149.1,26.3,23.9,52.6,-0.04,False,19,D
2026-09-14,14.45,14.6,14.3,14.6,47137,683052,1338,廣華-KY,,-0.2192064789013628,-0.285272736272236,0.0660662573708732,14.566547780239205,15.26098024771304,16.098083772160194,47.06986883478306,44.5907479545634,0.2927493693994399,64054.5,922804.8,14.7,14.15,-0.0666507905477914,-0.358025865876055,0.0103806228373701,0.0138888888888888,14.4,1.1559712829559934,14.745121655237726,14.462499999999954,14.179878344762182,0.7432580756849035,0.0390833749680585,100.0,75.75757575757598,14.379999999999928,14.434999999999944,170148.0,128304.3,-15.384615384615364,30.16120644825715,60.15712572738018,15.825,16.425,,,,0.0,0.0,0.0,0.0,0.0,0.0,,0.0,0.0,0.1019,0.3581,0.0,6.27,0.05,0,False,0,False,False,False,False,0.7358889695493681,False,False,True,False,True,False,False,False,False,True,False,False,False,False,False,False,True,False,-20.0,0.0,0.6849315068493127,25.0,0.0859304235714276,False,False,False,False,False,False,False,-1.0,False,5,False,False,403.3900547783508,,10,False,3,False,False,False,False,"market_above_ma60, avoid_chase, adx_trending, obv_uptrend, mfi_strong",,,154.4,79.5,66.3,17.9,-0.18,False,39,D
2026-09-14,70.5,70.5,66.2,67.6,27922318,1884480420,1326,台化,,2.69927514453876,2.546115148377188,0.1531599961615719,67.03165486413016,62.05289121634871,56.43752363432911,53.4223644360133,32.60045635758845,3.770351496495125,39722399.85,2697513719.65,74.3,68.3,1.3335705261335289,0.2027496987414953,-0.0598052851182199,-0.0370370370370372,70.2,0.4724429225117541,77.56084172102425,65.67999999999992,53.7991582789756,0.5808023558045742,0.3617795895561613,11.666666666666597,31.98029430342104,70.3,70.99999999999982,1307483731.0,1270494088.65,-51.70731707317078,28.870364240071343,66.37366755777461,62.74999999999999,60.9,,,,0.0,0.0,0.0,0.0,0.0,0.0,,0.0,0.0,0.317,-0.0227,0.0,38.87,0.14,0,False,0,False,False,True,True,0.7029363307715659,False,False,True,False,True,True,False,False,False,True,False,False,False,False,False,False,True,False,20.0,0.0,9.9112426035503,0.0,0.2773165909513978,False,False,True,False,False,False,False,-1.0,False,8,False,False,605.3571623991323,,8,False,3,False,False,True,True,"ema60_gt_ema120, market_above_ma60, avoid_chase, liquidity_ok, adx_trending, obv_uptrend, mfi_strong, above_ichimoku_cloud",,close_below_swing_low,219.2,89.5,90.8,52.6,0.01,True,19,D
2026-09-14,42.6,42.8,42.4,42.45,31601,1344931,1339,昭輝,,-0.5528404716381914,-0.4372599097154551,-0.1155805619227362,43.56965705406821,43.90695458620125,43.68779459761535,37.75381110553198,19.53297157172755,0.7656695758503069,98826.3,4378857.3,46.3,42.6,-0.3959151647954044,-0.0260326445006708,-0.0081775700934577,-0.0116414435389988,42.95,0.4829861077201602,46.32661890264205,43.8550000000002,41.38338109735835,0.2157733341296202,0.1127177700440925,4.761904761905148,33.06878306878267,42.89000000000051,42.950000000000365,359869.0,341427.7,-98.74999999999989,-83.30787249210731,49.68223195371717,44.275,44.025,,,,0.0,0.0,0.0,0.0,0.0,0.0,,0.0,0.0,0.1555,-0.0088,0.0,1.41,0.01,0,False,0,False,False,False,True,0.3197630590237619,False,False,False,False,True,False,False,False,False,True,False,False,False,False,False,False,False,False,20.0,0.0,9.069493521790326,0.0,0.0531645113384363,False,False,False,False,False,False,False,-1.0,False,4,False,False,288.83560472629887,,3,False,3,False,True,True,True,"ema60_gt_ema120, market_above_ma60, avoid_chase, obv_uptrend",,"close_below_ema20, close_below_swing_low",39.9,61.5,38.8,17.9,-0.97,False,39,D
2026-09-14,5.19,5.2,5.15,5.16,55079,284970,1340,勝悅-KY,,-0.0069934891209495,-0.0083566536226754,0.0013631645017258,5.200142659853212,5.317964135632832,5.611165914737865,46.53246890146434,14.88308060196789,0.1107866344763173,112228.9,585979.25,5.33,5.11,0.0413157002642475,-0.1063740855740356,0.009784735812133,-0.011494252873563,5.22,0.6005682166261801,5.331177636671744,5.199500000000012,5.06782236332828,0.3500124964329211,0.0506501150771157,31.25000000000004,56.25,5.20600000000004,5.196000000000026,-1805987.0,-1746757.85,-82.75862068965523,-42.72300469483291,44.57317040756969,5.362500000000001,5.6,,,,0.0,0.0,0.0,0.0,0.0,0.0,,0.0,0.0,1.1424,-0.0219,0.0,26.17,0.01,0,False,0,False,False,False,False,0.4907737668283303,False,False,False,False,True,False,False,False,False,False,False,False,False,False,False,False,False,True,0.0,0.0,3.294573643410851,8.0,-0.0614970146589314,False,False,False,False,False,False,False,-1.0,False,2,False,False,157.16977349237612,,3,False,3,False,True,False,True,"market_above_ma60, avoid_chase",,close_below_ema20,-229.0,15.8,6.9,52.6,-0.33,False,19,D
2026-09-14,0.0,0.0,0.0,0.0,75,4517,1341,富林-KY,,-3.258171254093277,-0.0348915730251422,-3.223279681068135,51.32552499934416,54.478319203886976,56.21324745162218,24.6311013318808,13.51042477391617,8.231121051568756,4141.8,245374.1,60.5,57.9,,,-1.0,-1.0,57.9,0.4458357470700949,93.2761312797313,50.67999999999984,8.08386872026837,-0.0948897056775073,1.680983870549787,0.0,29.62962962963017,47.49999999999964,53.509999999999856,-363335.0,-368056.75,-100.0,-222.2222222222224,62.36653030733928,44.15,31.85,,,,0.0,0.0,0.0,0.0,0.0,0.0,,0.0,0.0,0.0457,-0.3156,0.0,80.01,0.02,0,False,1,False,False,False,False,0.0181080689555265,False,False,False,False,True,False,False,False,False,True,False,False,False,False,False,False,True,False,20.0,25.0,999.0,0.0,0.3181924531046564,False,False,False,False,False,False,False,-1.0,False,4,False,False,303.9993901268112,,3,False,3,True,True,True,True,"market_above_ma60, avoid_chase, obv_uptrend, mfi_strong",,"macd_death_cross, close_below_ema20, close_below_swing_low",-82.2,36.8,42.7,52.6,-1.08,False,19,X
2026-09-14,99.1,101.0,98.4,99.8,98443,9790867,1342,八貫,,-1.118141442488593,-0.933562219316738,-0.1845792231718548,102.29041006487674,103.68125121046398,101.65697887147437,37.6253915763771,16.681727935597625,2.008453755851952,134024.55,13749537.25,104.0,99.3,-0.122569663714819,-0.2564014589937831,-0.0357487922705314,0.0050352467270895,99.3,1.0897714841057835,105.02363777129229,102.45499999999991,99.88636222870755,-0.0168109006401708,0.0501417748532011,21.2121212121211,11.34912341808922,100.81999999999972,101.75999999999983,8647901.0,9013555.3,-78.7878787878789,-181.7091781120576,41.913329238558994,104.325,106.15,,,,0.0,0.0,0.0,0.0,0.0,0.0,,0.0,0.0,0.6283,-0.0902,0.0,31.76,-0.42,0,False,0,False,False,False,True,0.7345146840634795,False,False,False,False,True,False,False,False,True,False,False,False,False,False,False,False,False,False,10.0,25.0,4.2084168336673375,0.0,-0.2364048969667566,False,False,False,False,False,False,False,-1.0,False,4,False,False,309.50828807703374,,3,False,3,False,True,False,True,"ema60_gt_ema120, market_above_ma60, avoid_chase, kd_golden_cross",,close_below_ema20,29.6,64.5,44.1,16.1,-0.3,False,31,D
2026-09-14,28.4,28.45,28.05,28.1,8417098,236849107,1402,遠東新,,0.1844810173312154,0.2893134556187798,-0.1048324382875643,28.524867059046,28.030626507064056,27.75194035206206,46.12898749040509,22.51051198740764,0.6471216788496914,14034010.5,405972378.0,30.35,28.35,-0.0305098335919543,0.0367073423891055,-0.0209059233449476,-0.019197207678883,28.65,0.6138542731944425,29.93636186494742,28.769999999999985,27.603638135052545,0.2127821047071979,0.0810818119532455,3.7037037037037615,27.508527695531185,28.54999999999982,28.81999999999989,60587459.0,76294415.25,-87.0967741935482,-77.92207792207866,38.7035281477678,27.5,26.6,,,,0.0,0.0,0.0,0.0,0.0,0.0,,0.0,0.0,0.152,-0.0229,0.0,17.36,0.18,0,False,0,False,False,True,True,0.5997642655319376,False,False,True,False,True,True,False,False,False,False,False,False,False,False,False,False,False,False,20.0,0.0,8.00711743772242,0.0,-0.2985968415096152,False,False,True,False,False,False,False,-1.0,False,6,False,False,437.414480557204,,5,False,3,False,True,True,True,"ema60_gt_ema120, market_above_ma60, avoid_chase, liquidity_ok, adx_trending, above_ichimoku_cloud",,"close_below_ema20, close_below_swing_low",186.5,97.2,73.2,22.2,-0.33,True,36,D
2026-09-14,24.2,24.65,23.9,24.35,9954614,241316806,1409,新纖,,0.1831742466493011,0.2181151877005623,-0.0349409410512611,24.701577284479388,24.077298314194813,22.36444894131869,48.32784704012577,11.226673676534258,1.2010417923502357,21056984.95,534779785.2,26.85,24.35,0.1446452845062813,-0.2034653047491329,0.0,-0.0040899795501021,24.45,0.7127784255580112,25.96709336753019,24.73000000000011,23.49290663247003,0.3464141794087867,0.1000479876692336,15.254237288135675,24.43063924611488,25.05,24.97500000000009,470105138.0,469377461.55,-80.59701492537309,-64.40677966101674,45.23531635983488,24.25,25.75,,,,0.0,0.0,0.0,0.0,0.0,0.0,,0.0,0.0,-0.0856,-0.2619,0.0,9.13,-0.3,0,False,0,False,False,True,True,0.4727464080749129,False,False,False,False,True,True,False,False,False,True,False,False,False,False,False,False,False,True,20.0,0.0,10.26694045174538,0.0,0.0120385955615208,False,False,False,False,False,False,False,-1.0,False,5,False,False,324.8719272274874,,3,False,3,True,True,False,True,"ema60_gt_ema120, market_above_ma60, avoid_chase, liquidity_ok, obv_uptrend",,"macd_death_cross, close_below_ema20",74.0,77.8,48.5,22.2,-0.53,False,36,D
2026-09-14,24.4,24.65,24.05,24.2,101570,2465057,1410,南染,,-0.3369438096285257,-0.3219870745579288,-0.0149567350705969,24.804403761385565,25.602111068231054,26.979076993622243,36.75463179911461,8.991759277642359,0.6273182100081114,114226.75,2832134.85,25.85,24.3,-0.2517990463927839,-0.0819340299842186,-0.0222222222222222,-0.0081967213114754,24.4,0.1538561310997359,25.69333766952176,24.812499999999773,23.931662330477785,0.1523195923647518,0.0709995098859039,12.499999999999888,24.45652173913004,24.45,24.579999999999742,-5220520.0,-4803208.85,-87.50000000000011,-104.03255641879358,41.27511386514849,25.9,26.3,,,,0.0,0.0,0.0,0.0,0.0,0.0,,0.0,0.0,0.3632,0.0375,0.0,19.04,-0.01,0,False,0,False,False,False,False,0.8891962697003986,False,False,False,False,True,False,False,False,False,False,False,False,False,False,False,False,False,False,20.0,12.0,6.818181818181827,0.0,-0.6034741263526133,False,False,False,False,False,False,False,-1.0,False,2,False,False,163.6502731807726,,3,False,3,False,True,True,True,"market_above_ma60, avoid_chase",,"close_below_ema20, close_below_swing_low",-87.2,22.2,8.0,22.2,0.11,False,36,D
2026-09-14,9.28,9.28,9.14,9.2,13521,125031,1413,宏洲,,-0.0331010445794124,-0.0435409852066242,0.0104399406272118,9.314192126103222,9.39228100296397,9.506558323948743,45.01490621309431,7.932878566975559,0.2381261205883832,20878.9,192695.9,9.52,9.08,-0.0222060141603512,-0.0347568165839765,-0.0096878363832076,-0.0086206896551723,9.28,1.3734308207121997,9.502652821700662,9.293999999999984,9.085347178299305,0.2747454378191206,0.0449005426513191,35.71428571428566,50.47619047619082,9.34399999999996,9.259999999999945,170365.0,248689.0,-64.28571428571433,-76.96688633959843,42.727097885921424,9.875,10.1,,,,0.0,0.0,0.0,0.0,0.0,0.0,,0.0,0.0,0.2767,0.0614,0.0,0.51,0.01,0,False,0,False,False,False,False,0.6475915876794275,False,False,False,False,True,False,False,False,False,False,False,False,False,False,False,False,False,True,0.0,0.0,3.478260869565221,8.0,-0.1870965171479808,False,False,False,False,False,False,False,-1.0,False,2,False,False,157.2307576710185,,3,False,3,False,True,False,True,"market_above_ma60, avoid_chase",,close_below_ema20,-93.6,13.9,7.0,22.2,-0.26,False,36,D
2026-09-14,17.5,17.6,17.25,17.6,423587,7360562,1414,東和,,-0.448988924543066,-0.2595416718962763,-0.1894472526467897,18.3977554756262,18.476057430155585,18.198563904888008,37.37516763270968,26.31966894753986,0.5487603872921937,332534.05,6325945.05,20.5,17.3,-0.905609628278248,0.0247755003268914,-0.0084507042253519,0.0173410404624276,17.3,0.5247966244875086,20.864506319875115,18.807499999999983,16.75049368012485,0.2064909358000218,0.2187431949887155,22.22222222222233,15.899303108605332,17.579999999999927,17.909999999999947,14834852.0,14796934.2,-84.313725490196,-99.4414430912921,31.69086166176895,18.725,16.9,,,,0.0,0.0,0.0,0.0,0.0,0.0,,0.0,0.0,-0.0564,0.0515,0.0,1.57,0.1,0,False,0,False,False,False,True,1.2738154183007726,False,False,True,False,True,False,False,False,True,True,False,False,False,False,False,False,False,False,10.0,0.0,16.47727272727272,0.0,0.0402851334186218,False,False,False,False,False,False,False,-1.0,False,6,False,False,428.2215757840312,,3,False,3,False,True,False,True,"ema60_gt_ema120, market_above_ma60, avoid_chase, adx_trending, kd_golden_cross, obv_uptrend",,close_below_ema20,177.3,94.4,71.1,22.2,0.7,True,36,D
2026-09-14,11.2,11.3,11.15,11.25,239221,2686343,1416,廣豐,,0.003308360157602,0.0891823966256614,-0.0858740364680593,11.53480757935907,11.394397137884534,11.373815269063105,37.40833317309384,21.34391044398426,0.2122520448515724,339996.1,3988206.15,12.05,11.3,-0.2493241226119354,0.1433957322550233,-0.0301724137931034,-0.004424778761062,11.3,0.9059900092193436,12.10876313792983,11.692499999999995,11.27623686207016,-0.0315147555469859,0.0712017340910559,13.333333333333286,17.53968253968257,11.389999999999963,11.539999999999916,7488483.0,8300369.95,-86.6666666666667,-190.67501739735604,12.574465055136542,10.9,11.25,,,,0.0,0.0,0.0,0.0,0.0,0.0,,0.0,0.0,0.4599,0.007,0.0,6.84,-0.09,0,False,0,False,False,False,True,0.7035992471678352,False,False,True,False,True,False,False,False,False,False,False,False,False,False,False,False,False,False,20.0,25.0,7.111111111111118,0.0,-0.2159096690984172,False,False,False,False,False,False,False,-1.0,False,4,False,False,324.44507644249734,,5,False,3,False,True,True,True,"ema60_gt_ema120, market_above_ma60, avoid_chase, adx_trending",,"close_below_ema20, close_below_swing_low",44.6,67.7,48.3,16.1,-0.36,False,31,D
2026-09-14,8.14,8.14,8.03,8.08,93662,755708,1417,嘉裕,,-0.0630466496924579,-0.0494763639084122,-0.0135702857840457,8.232386060663858,8.368196081116338,8.471740955975926,30.74978505391641,21.02464340676893,0.1135606889098818,121293.2,999207.75,8.33,8.08,-0.0868060405020063,-0.1231415009452708,-0.0182260024301337,0.0,8.08,0.7771214100782471,8.385761873436381,8.241000000000009,8.096238126563636,-0.056085646649125,0.035132113441663,16.666666666666863,12.22222222222202,8.139999999999963,8.20999999999999,5647597.0,6181138.5,-84.37499999999979,-197.15956558061555,34.43787682342062,8.504999999999999,8.67,,,,0.0,0.0,0.0,0.0,0.0,0.0,,0.0,0.0,-0.1731,-0.0378,0.0,1.29,-0.03,0,False,0,False,False,False,False,0.7721949787786949,False,False,True,False,True,False,False,False,True,False,False,False,False,False,False,False,False,False,20.0,25.0,3.094059405940594,8.0,-0.7550049560258988,False,False,False,False,False,False,False,-1.0,False,4,False,False,276.6618903154761,,5,False,3,False,True,False,True,"market_above_ma60, avoid_chase, adx_trending, kd_golden_cross",,close_below_ema20,25.8,66.7,35.4,22.2,-0.07,False,36,D
2026-09-14,17.5,17.5,17.25,17.4,17866,311291,1418,東華,,-0.1463099855860576,-0.1368160925945046,-0.009493892991553,17.71594249506282,18.022297721041664,18.35326774679467,38.15154863122461,11.558964775799597,0.2799644142532169,15544.4,274891.95,17.95,17.45,-0.0879803757385995,-0.0716117291745267,-0.0252100840336135,-0.0057142857142857,17.5,2.6837686535874927,18.00329062484932,17.702500000000008,17.401709375150695,-0.0028414701281873,0.0339828413895565,23.07692307692291,31.93473193473256,17.57000000000007,17.605000000000018,124861.0,207605.25,-78.57142857142875,-175.13304305757035,35.12298278249298,18.625,18.55,,,,0.0,0.0,0.0,0.0,0.0,0.0,,0.0,0.0,1.2353,-0.9544,0.0,0.99,-0.01,0,False,0,False,False,False,False,1.1493528215949151,False,False,False,False,True,False,False,False,False,False,False,False,False,False,False,False,False,False,10.0,25.0,3.160919540229889,8.0,-0.8645379627861601,False,False,False,False,False,False,False,-1.0,False,2,False,False,174.1190726625152,,3,False,3,False,True,True,True,"market_above_ma60, avoid_chase",,"close_below_ema20, close_below_swing_low",-76.8,27.8,10.0,22.2,0.51,False,36,D
2026-09-14,66.2,66.5,65.2,66.5,88431,5825751,1419,新紡,,0.3313529391549679,0.2936414639101471,0.0377114752448207,66.61535354256955,66.1587393661033,65.7259344503937,50.03997382483544,18.115021919792348,1.4596208729251825,93033.25,6147084.25,68.3,65.7,0.2399796238013434,0.005545943434037,-0.0263543191800877,-0.0089418777943367,67.1,0.5728002825185555,68.86779431786128,66.33000000000047,63.792205682139645,0.5334936521062972,0.0765202568328298,38.23529411764707,43.04812834224564,67.1,67.1300000000003,10592227.0,10451089.45,-52.49999999999986,-9.960159362549796,61.74477023694385,67.025,66.8,,,,0.0,0.0,0.0,0.0,0.0,0.0,,0.0,0.0,0.0594,0.189,0.0,1.38,0.0,0,False,0,False,False,True,True,0.9505311273120094,False,False,False,False,True,False,False,False,False,True,False,False,False,False,False,False,True,False,0.0,0.0,2.706766917293229,8.0,0.5659286876618863,False,False,False,False,False,False,False,-1.0,False,5,False,False,339.2964555250627,,3,False,3,False,True,False,True,"ema60_gt_ema120, market_above_ma60, avoid_chase, obv_uptrend, mfi_strong",,close_below_ema20,88.4,83.3,53.0,22.2,0.21,False,36,D
2026-09-14,34.1,34.8,34.1,34.8,4002,137719,1423,利華,,-0.3897120164306926,-0.9216386353962984,0.5319266189656058,33.71911771337513,35.56513763142284,36.96285042283749,50.88491953703697,14.945698854763611,3.8358019030301658,11115.55,391288.65,35.8,0.0,,,-0.021097046413502,-0.0014347202295553,34.85,0.5441844777391182,48.99189008847048,33.575,18.15810991152952,0.5397291539658868,0.9183553291717338,96.66666666666666,97.26851851851823,35.229999999999926,31.825,7196743.0,7195239.05,-3.333333333333341,21.004816021352973,51.0415202414648,36.425,40.025000000000006,,,,0.0,0.0,0.0,0.0,0.0,0.0,,0.0,0.0,1.4024,0.8187,0.0,1.21,0.02,0,False,0,False,False,False,False,0.3600361655518621,False,False,False,False,True,False,False,False,False,True,False,False,False,False,False,False,True,True,-20.0,0.0,2.873563218390805,8.0,0.0017886552374452,False,False,False,False,False,False,False,-1.0,False,4,False,False,281.6218255183679,,3,False,3,False,False,False,False,"market_above_ma60, avoid_chase, obv_uptrend, mfi_strong",,,30.7,69.4,36.9,22.2,-0.7,False,36,D
2026-09-14,15.05,15.05,14.95,14.95,64471,966295,1432,大魯閣,,-0.0496198333866448,-0.0550466593688399,0.005426825982195,15.036307479171636,15.36386812407518,15.927183872440402,38.06220618833629,16.166718982749465,0.1283718170043276,74588.05,1122166.7,15.15,15.0,-0.0165297186918304,-0.067005825355696,-0.0066445182724252,-0.0033333333333334,15.0,1.6442426689079634,15.084160797785229,15.025000000000093,14.965839202214951,-0.1338656915385013,0.0078749814023477,0.0,13.333333333333334,15.0,15.015000000000054,-11796757.0,-11687234.1,-100.0,-226.29969418957344,34.78428200626448,15.1625,16.425,,,,0.0,0.0,0.0,0.0,0.0,0.0,,0.0,0.0,-0.3571,0.1719,0.0,0.64,0.02,0,False,0,False,False,False,False,0.8643609800765671,False,False,False,False,True,False,False,False,False,False,False,False,False,False,False,False,False,False,20.0,25.0,1.3377926421404756,15.0,-0.1787661368236446,False,False,False,False,False,False,False,-1.0,False,2,False,False,126.49841615888192,,3,False,3,False,True,True,True,"market_above_ma60, avoid_chase",,"close_below_ema20, close_below_swing_low",-131.7,16.7,3.1,16.7,-0.09,False,12,D
2026-09-14,17.7,17.8,17.45,17.65,1288759,22668747,1434,福懋,,0.0296006693266868,0.0670210134941252,-0.0374203441674384,17.92275665479162,17.681006351381804,17.294311329020204,45.24743158182448,27.55980618297764,0.4255158724111046,2015503.75,36215303.0,18.35,17.8,0.0845542638555371,0.0201504886316093,-0.0248618784530387,-0.0084269662921349,17.8,0.4753935051092566,18.410281330733728,17.932500000000026,17.454718669266324,0.2043626635994672,0.053286639423806,17.391304347825994,20.61191626409042,17.879999999999928,18.040000000000056,-1558257.0,1761034.05,-82.608695652174,-110.20776874435408,45.0638940638514,18.2,17.9,,,,0.0,0.0,0.0,0.0,0.0,0.0,,0.0,0.0,-0.0717,-0.0584,0.0,8.51,-0.01,0,False,0,False,False,False,True,0.6394227745793081,False,False,True,False,True,False,False,False,False,False,False,False,False,False,False,False,False,False,20.0,0.0,3.966005665722396,0.0,-0.2166864743963534,False,False,False,False,False,False,False,-1.0,False,4,False,False,273.7939900530368,,5,False,3,False,True,True,True,"ema60_gt_ema120, market_above_ma60, avoid_chase, adx_trending",,"close_below_ema20, close_below_swing_low",22.9,63.9,34.4,22.2,-0.27,False,36,D
2026-09-14,22.1,22.4,22.1,22.35,8033,178537,1435,中福,,-0.1072179568918869,-0.135222750621297,0.0280047937294101,22.75236419796768,22.212614761011608,21.73577952820076,47.88306830861519,6.086555495171386,1.3883972169497625,14738.8,333376.75,24.4,21.05,-0.2406295936813186,-0.0861965383209484,-0.0175824175824175,-0.0132450331125826,22.65,0.7708930510035993,24.523989966523697,22.730000000000064,20.936010033476432,0.3940908235020897,0.157852174793104,41.42857142857151,62.47619047619022,22.990000000000144,22.42500000000009,-500977.0,-491208.75,-58.57142857142849,-45.06768972968208,63.13124494470968,24.5,16.525,,,,0.0,0.0,0.0,0.0,0.0,0.0,,0.0,0.0,0.0,0.0,0.0,0.28,0.03,0,False,0,False,False,True,True,0.5450240182375771,False,False,False,False,True,False,False,False,False,False,False,False,False,False,False,False,True,True,0.0,0.0,9.172259507829963,0.0,-0.0850136678534779,False,False,False,False,False,False,False,-1.0,False,4,False,False,239.43007616813404,,3,True,3,False,True,False,True,"ema60_gt_ema120, market_above_ma60, avoid_chase, mfi_strong",,close_below_ema20,-40.5,38.7,25.0,16.1,-0.63,False,31,D
2026-09-14,36.6,36.6,36.0,36.45,139259,5048513,1436,華友聯,,-0.5790572891034245,-0.4779169858743634,-0.101140303229061,37.74239610420072,40.20186081929964,44.624803711606745,34.45336622651448,20.120655524443016,0.7002238957512346,159856.2,6068298.55,39.15,36.6,-0.240959140561053,-0.4102030816596534,-0.0382585751978891,-0.0040983606557376,36.6,0.4847466531206787,39.59736464384748,38.02749999999996,36.45763535615245,-0.0024318517466984,0.0825647041665909,15.51724137931045,15.86423769247449,36.83000000000029,37.57500000000018,-10842241.0,-10329774.15,-87.14285714285707,-162.10889381621016,22.148293739615383,38.3625,41.725,,,,0.0,0.0,0.0,0.0,0.0,0.0,,0.0,0.0,-0.879,-0.3864,0.0,6.25,0.05,0,False,0,False,False,False,False,0.8711516975882073,False,False,True,False,True,False,False,False,False,False,False,False,False,False,False,False,False,False,20.0,25.0,7.407407407407394,0.0,-0.4021066588281272,False,False,False,False,False,False,False,-1.0,False,3,False,False,193.8862370699445,,5,False,3,False,True,True,True,"market_above_ma60, avoid_chase, adx_trending",,"close_below_ema20, close_below_swing_low",-103.4,24.5,13.8,34.7,0.63,False,49,D
2026-09-14,31.85,32.1,31.8,32.05,110491,3532093,1437,勤益控,,0.2047536851219646,0.2685327220340147,-0.06377903691205,31.78791240252485,31.18102319926144,30.956091069439807,56.927584414554,12.381694535364112,0.4403924154338101,602490.5,17677696.85,32.4,31.55,-0.0217776784232371,0.107545779387424,-0.0046583850931678,0.0062794348508632,31.85,0.0758015991373861,32.451969600707,31.975,31.498030399293,0.5786213627543836,0.0298339077846444,74.99999999999967,47.54901960784324,31.839999999999783,31.93500000000004,3717340.0,3616047.45,-27.77777777777782,22.15508559919426,50.88496650980535,30.55,29.9,,,,0.0,0.0,0.0,0.0,0.0,0.0,,0.0,0.0,0.1572,-0.2546,0.0,8.88,0.03,0,False,0,False,False,True,True,0.1833904435007688,False,True,False,False,True,False,False,False,False,True,False,False,False,False,False,False,True,False,-10.0,0.0,1.0920436817472745,15.0,0.0228109062196512,False,False,True,False,False,False,False,-1.0,False,7,False,False,482.1076353096435,,3,False,3,False,False,False,False,"ema60_gt_ema120, rsi_strong, market_above_ma60, avoid_chase, obv_uptrend, mfi_strong, above_ichimoku_cloud",,,202.2,96.8,79.3,16.1,-1.26,True,31,X
2026-09-14,21.05,21.35,21.05,21.35,12479,263724,1438,三地開發,,-0.167995714926306,-0.0320463654585726,-0.1359493494677334,22.14981037980628,22.455179747082195,23.974558243493288,36.26363132157847,11.618709700647386,0.5453356727286282,51249.35,1145985.3,23.3,21.35,-0.1669474098416822,0.0002645557549074,-0.0594713656387664,0.0,21.35,0.7096876010708149,23.16616591149548,22.26499999999988,21.363834088504262,-0.0076756612338481,0.0809491050074657,11.764705882352963,12.084833933573464,21.839999999999783,22.13999999999978,-918579.0,-994916.95,-88.23529411764703,-202.8610823853816,69.3450548789353,22.7125,22.475,,,,0.0,0.0,0.0,0.0,0.0,0.0,,0.0,0.0,414.2055,9.2061,0.0,0.52,0.0,0,False,0,False,False,False,False,0.2434957711658782,False,False,False,False,True,False,False,False,False,True,False,False,False,False,False,False,True,False,20.0,25.0,9.13348946135831,0.0,0.4070266187883114,False,False,False,False,False,False,False,-1.0,False,4,False,False,327.3192771371185,,3,False,3,False,True,False,True,"market_above_ma60, avoid_chase, obv_uptrend, mfi_strong",,close_below_ema20,30.0,65.3,49.7,34.7,-1.1,False,49,X
2026-09-14,28.65,28.9,28.4,28.9,10248,293197,1439,雋揚,,0.321138362861511,0.4615386068740006,-0.1404002440124896,29.064556947471345,27.889218476216666,27.34430619918896,50.79852746761968,13.280230853681577,0.6171843836641782,30813.2,904452.9,29.65,28.9,-0.0465883305241185,0.4342904013023682,-0.0203389830508474,-0.0136518771331058,29.3,0.0569080244379316,29.718930431554643,29.307499999999937,28.89606956844523,0.0047765445301593,0.0280768016074183,31.24999999999997,45.97222222222263,29.239999999999963,29.214999999999964,1304087.0,1227073.1,-68.75000000000003,-195.9287531806617,66.62701557000605,27.15,26.5,,,,0.0,0.0,0.0,0.0,0.0,0.0,,0.0,0.0,-0.7082,0.5974,0.0,1.41,0.02,0,False,0,False,False,True,True,0.3325847364116677,False,False,False,False,True,False,False,False,False,True,False,False,False,False,False,False,True,True,0.0,25.0,2.595155709342561,8.0,0.2164158241233824,False,False,True,False,False,False,False,-1.0,False,6,False,False,398.92283725359727,,3,False,3,False,True,False,True,"ema60_gt_ema120, market_above_ma60, avoid_chase, obv_uptrend, mfi_strong, above_ichimoku_cloud",,close_below_ema20,101.6,79.6,65.2,34.7,-0.85,False,49,D
2026-09-14,13.3,13.35,13.2,13.25,908353,12046499,1440,南紡,,0.0588536223918829,0.1466636551008702,-0.0878100327089872,13.579208382875834,13.357475929625942,13.2397401974519,44.14565799730101,20.25592621840147,0.4408042379452064,2880043.55,39891888.7,14.2,13.4,-0.0048369383406324,0.0438409024761217,-0.0185185185185184,-0.0111940298507462,13.4,0.9266747391774772,14.217071423781476,13.684999999999969,13.152928576218462,0.0912202943466098,0.0777597988719776,3.030303030303073,10.258838383838642,13.5,13.714999999999964,-62431872.0,-59170977.5,-96.96969696969693,-130.38130381303816,57.37844434938534,13.0125,13.775,,,,0.0,0.0,0.0,0.0,0.0,0.0,,0.0,0.0,-0.0423,-0.1922,0.0,7.77,0.01,0,False,0,False,False,False,True,0.3153955779592291,False,False,True,False,True,False,False,False,False,False,False,False,False,False,False,False,True,False,20.0,25.0,7.169811320754711,0.0,-0.4977203752394956,False,False,False,False,False,False,False,-1.0,False,5,False,False,347.1813112767184,,3,False,3,False,True,True,True,"ema60_gt_ema120, market_above_ma60, avoid_chase, adx_trending, mfi_strong",,"close_below_ema20, close_below_swing_low",96.3,88.9,55.0,22.2,-0.77,False,36,D
2026-09-14,8.68,8.75,8.58,8.75,29347,253563,1441,大東,,-0.073608812338314,-0.0633082691362823,-0.0103005432020316,8.83618101445488,9.042045967567145,9.368852992305806,43.740580866620746,13.24197274681459,0.1361435183984376,27564.85,241189.95,9.15,8.66,-0.132496855317849,-0.0932974680986803,-0.0056818181818182,0.0069044879171462,8.69,1.2639311838759302,9.112374000222491,8.854500000000098,8.596625999777704,0.2973816671902258,0.0582469931046114,70.83333333333324,50.827721661054966,8.732000000000061,8.769000000000096,-680253.0,-793219.45,-71.66666666666666,-103.03536619326104,54.790461961658885,9.1975,9.37,,,,0.0,0.0,0.0,0.0,0.0,0.0,,0.0,0.0,-0.1326,0.2091,0.0,1.5,0.01,0,False,0,False,False,False,False,1.0646529910374989,False,False,False,False,True,False,False,False,False,True,False,False,False,False,False,False,True,False,-10.0,0.0,4.571428571428576,0.0,2.0,False,False,False,False,False,False,False,-1.0,False,4,False,False,229.646529910375,,3,False,3,False,True,False,True,"market_above_ma60, avoid_chase, obv_uptrend, mfi_strong",,close_below_ema20,-21.2,41.7,21.9,22.2,0.38,False,36,D
2026-09-14,29.8,30.0,29.65,29.85,110905,3311009,1442,名軒,,0.1293066670955553,0.1482000218533412,-0.0188933547577858,29.93418403668272,29.355496175314915,29.68836865830362,49.975122929946586,14.92052376188036,0.5754681056927159,159968.95,4798785.9,30.6,29.3,-0.0183387255280711,0.1592261008308768,-0.0016722408026754,-0.0099502487562188,30.15,1.815913685784476,30.697839203564545,29.997499999999853,29.29716079643516,0.3946938860133175,0.0466931713352576,45.83333333333342,68.36419753086496,30.13999999999978,29.92499999999982,-6861270.0,-6723397.2,-48.14814814814799,-36.72580143168391,55.21776111569855,29.075,27.975,,,,0.0,0.0,0.0,0.0,0.0,0.0,,0.0,0.0,0.6457,-0.0214,0.0,8.67,0.06,0,False,0,False,False,True,False,0.6932907917442728,False,False,False,False,True,False,False,False,False,False,False,False,False,False,False,False,True,True,0.0,0.0,2.5125628140703515,8.0,-0.0877759924351565,False,False,True,True,False,False,False,-1.0,False,4,True,False,308.87959600822086,,3,False,3,True,True,False,True,"market_above_ma60, avoid_chase, mfi_strong, above_ichimoku_cloud",long_upper_shadow,"macd_death_cross, close_below_ema20",11.6,57.1,44.0,34.7,0.14,False,49,D
2026-09-14,23.0,23.4,22.5,23.3,25260,577891,1443,立益,,-0.3235019909652372,-0.2802787766484563,-0.0432232143167808,24.008452696469675,24.69405973861231,25.110640794540952,46.18196092060416,4.366318813350498,1.1640545250376428,15796.65,380255.25,25.2,23.5,-0.3618192262574188,,-0.0210084033613445,-0.0085106382978723,23.5,1.6918723122836818,25.53429114076161,24.264999999999965,22.99570885923832,0.1198665660657999,0.104619092582868,34.04255319148937,22.84177060406,23.620000000000072,23.69000000000005,-86839.0,-7708.55,-71.42857142857142,-140.85041761579356,21.42146332365164,26.175,26.3,,,,0.0,0.0,0.0,0.0,0.0,0.0,,0.0,0.0,0.0387,0.0339,0.0,0.4,0.01,0,False,0,False,False,False,False,1.599073221220955,True,False,False,False,True,False,False,False,True,False,False,False,False,False,False,False,False,False,0.0,12.0,8.154506437768234,0.0,-2.0,False,False,False,False,False,False,False,-1.0,False,4,False,False,253.9907322122096,,3,False,3,False,True,True,True,"volume_break, market_above_ma60, avoid_chase, kd_golden_cross",,"close_below_ema20, close_below_swing_low",3.1,52.8,29.2,22.2,1.2,False,36,D
2026-09-14,6.76,6.76,6.7,6.73,788614,5310428,1444,力麗,,-0.1463394689879091,-0.1216651652364337,-0.0246743037514754,7.080992901008352,7.231258437091856,7.070065696636728,33.18130594762806,16.033138272009833,0.2025796756458858,1647205.0,11760255.05,7.52,6.76,-0.3734469295849884,-0.3334476297176421,-0.0426742532005689,-0.004437869822485,6.76,1.2118415691924704,7.480716555082322,7.120999999999992,6.761283444917663,-0.0434834656282402,0.1010297865699563,3.89610389610393,6.854256854256771,6.8980000000000015,6.998999999999978,13985293.0,22551686.6,-96.10389610389606,-193.777357151307,44.18732626750781,7.9425,8.0,,,,0.0,0.0,0.0,0.0,0.0,0.0,,0.0,0.0,-0.1456,-0.1414,0.0,5.2,-0.08,0,False,0,False,False,False,True,0.4787588672933848,False,False,False,False,True,False,False,False,False,False,False,False,False,False,False,False,False,False,20.0,25.0,11.738484398216926,0.0,-0.5185732490964459,False,False,False,False,False,False,False,-1.0,False,3,False,False,163.5647096837765,,3,False,3,False,True,True,True,"ema60_gt_ema120, market_above_ma60, avoid_chase",,"close_below_ema20, close_below_swing_low",-87.3,19.4,8.0,22.2,-0.52,False,36,D
2026-09-14,10.55,10.65,10.2,10.2,15077,155685,1445,大宇,,-0.0926437292766486,-0.1140215414948667,0.021377812218218,10.341483763303168,10.758829783113612,11.411110117681517,42.75088284646463,10.580474574139709,0.2845014507955045,69276.1,713292.2,10.55,10.15,-0.0384838845260318,-0.2308487274637357,-0.0192307692307693,-0.0097087378640777,10.3,1.4627372800063478,10.554723523269336,10.317500000000042,10.080276476730749,0.252343278649778,0.0459846907233907,24.999999999999776,50.0,10.300000000000091,10.285000000000082,2419271.0,2672800.35,-75.00000000000023,25.242718446601085,29.671232857582822,11.25,11.875,,,,0.0,0.0,0.0,0.0,0.0,0.0,,0.0,0.0,-0.1569,-0.183,0.0,3.39,0.02,0,False,0,False,False,False,False,0.2176363854200799,False,False,False,False,True,False,False,False,False,False,False,False,False,False,False,False,False,True,10.0,0.0,3.431372549019622,8.0,-0.5296892753260396,False,False,False,False,True,False,False,-1.0,False,2,True,False,88.82009255028832,,3,False,3,False,True,False,True,"market_above_ma60, avoid_chase",open_high_close_low,close_below_ema20,-162.1,2.8,0.5,22.2,-0.92,False,36,X
2026-09-14,13.25,13.45,13.25,13.35,46059,612902,1446,宏和,,-0.2091851989895925,-0.2298835199243027,0.0206983209347101,13.533461060022296,14.274702880461351,15.145084211452236,30.48777229456097,32.19918111310485,0.1898500008636097,102046.15,1380163.35,13.75,13.3,-0.1546377292110866,-0.428125353335118,-0.0037313432835821,0.0037593984962405,13.3,0.6929610735556505,13.776838797742164,13.512500000000092,13.248161202258018,0.1926293049145022,0.0391250764465601,24.99999999999989,15.740740740740875,13.330000000000291,13.40500000000011,-8857633.0,-8530010.35,-80.00000000000007,-98.50606909430586,25.240422623522576,14.6375,15.625,,,,0.0,0.0,0.0,0.0,0.0,0.0,,0.0,0.0,-0.2702,7.108,0.0,5.79,-0.05,0,False,0,False,False,False,False,0.4513546076946558,False,False,True,False,True,False,False,False,True,False,False,False,False,False,False,False,False,False,10.0,12.0,2.996254681647943,8.0,-0.18424167017506,False,False,False,False,False,False,False,-1.0,False,4,False,False,272.30264603484585,,5,False,3,False,True,False,True,"market_above_ma60, avoid_chase, adx_trending, kd_golden_cross",,close_below_ema20,21.4,61.1,33.7,22.2,-0.56,False,36,D
2026-09-14,6.49,6.49,6.25,6.43,904376,5783746,1447,力鵬,,-0.1470204104801613,-0.1233704687085243,-0.023649941771637,6.780741760371922,6.8705332325222095,6.5868491927624495,33.99200326591236,10.19810439290225,0.211226318700366,1163171.0,7959451.2,7.18,6.49,-0.3488343077142349,-0.2611777529072432,-0.0374251497005988,-0.0092449922958398,6.49,0.99298230929233,7.143058203897491,6.808000000000038,6.472941796102585,-0.0640810993479333,0.0984307296996036,21.4285714285714,12.597402597402228,6.602000000000044,6.693000000000052,40762093.0,45377973.15,-80.00000000000003,-210.3343465045589,30.464273325096983,7.8175,8.055,,,,0.0,0.0,0.0,0.0,0.0,0.0,,0.0,0.0,-0.3408,0.7015,0.0,3.06,0.0,0,False,0,False,False,False,True,0.7775090678842578,False,False,False,False,True,False,False,False,True,False,False,False,False,False,False,False,False,False,10.0,25.0,11.66407465007776,0.0,-0.2471761481006388,False,False,False,False,False,False,False,-1.0,False,4,False,False,239.8089769016349,,3,False,3,False,True,True,True,"ema60_gt_ema120, market_above_ma60, avoid_chase, kd_golden_cross",,"close_below_ema20, close_below_swing_low",-11.1,44.4,25.3,22.2,-0.06,False,36,D
2026-09-14,16.95,17.05,16.9,17.05,96981,1642873,1451,年興,,-0.0632166474143538,-0.0311712786803451,-0.0320453687340086,17.260180320440565,17.26995932924903,17.30136872935183,35.95356632949388,21.40444580856401,0.1696727262547466,79405.5,1367434.4,17.4,17.0,-0.0692074793136052,0.0219004690161215,-0.0144508670520231,0.0029411764705882,17.0,1.996530285798336,17.47618316482148,17.2775000000001,17.078816835178717,-0.0725195695483885,0.0229990640800325,33.3333333333336,31.85185185185219,17.160000000000036,17.220000000000073,-2653451.0,-2426335.4,-72.72727272727238,-272.9306487695761,26.08427387807785,17.4375,17.075000000000003,,,,0.0,0.0,0.0,0.0,0.0,0.0,,0.0,0.0,0.368,-0.0242,0.0,5.51,0.02,0,False,0,False,False,False,False,1.2213385722651453,False,False,True,False,True,False,False,False,True,False,False,False,False,False,False,False,False,False,0.0,25.0,2.052785923753653,8.0,-0.7532552380480527,False,False,False,False,False,False,False,-1.0,False,4,False,False,331.1743228660748,,5,False,3,False,True,False,True,"market_above_ma60, avoid_chase, adx_trending, kd_golden_cross",,close_below_ema20,80.3,80.6,51.0,22.2,0.62,False,36,D
2026-09-14,10.9,10.95,10.9,10.9,14747,161300,1453,大將,,-0.0658432497096104,-0.0341511849480218,-0.0316920647615885,11.123306375680052,11.253442707141875,11.507373521824944,39.78397652687589,14.67166840101315,0.1820702742333347,31655.6,354423.55,11.7,10.95,-0.163388137331555,-0.0371276932300161,-0.0135746606334842,-0.004566210045662,10.95,0.8178733399798238,11.523151558657888,11.177499999999986,10.831848441342084,0.0985841911469109,0.0618477403100698,0.0,11.111111111111311,11.009999999999945,11.055000000000016,231010.0,316970.65,-100.0,-162.1621621621623,28.36801252420877,11.1875,11.55,,,,0.0,0.0,0.0,0.0,0.0,0.0,,0.0,0.0,0.019,0.0094,0.0,0.69,-0.06,0,False,0,False,False,False,False,0.4658575417935531,False,False,False,False,True,False,False,False,False,False,False,False,False,False,False,False,False,False,20.0,25.0,7.339449541284393,0.0,-0.3372771705421467,False,False,False,False,False,False,False,-1.0,False,2,False,False,155.61124937142978,,3,False,3,False,True,True,True,"market_above_ma60, avoid_chase",,"close_below_ema20, close_below_swing_low",-141.7,12.2,6.8,34.7,-0.48,False,49,D
2026-09-14,11.0,11.2,11.0,11.1,9061,100066,1452,宏益,,-0.0630680973110724,-0.0295969228449874,-0.0334711744660849,11.317840564554718,11.33978886620278,11.370789279592351,36.954389819504,22.38886049550301,0.1842358943203076,73311.6,833126.8,11.6,11.15,-0.1509714296231883,0.0062453710117469,-0.0133333333333334,-0.0089285714285713,11.2,0.223756829314083,11.60307223448304,11.362499999999978,11.121927765516917,-0.0455741818336464,0.0423449477637954,22.22222222222218,16.931216931217325,11.2,11.275,1389266.0,1604294.1,-80.00000000000007,-196.547144754316,28.26251764951482,11.275,11.25,,,,0.0,0.0,0.0,0.0,0.0,0.0,,0.0,0.0,-0.3393,-0.3863,0.0,1.66,-0.03,0,False,0,False,False,False,False,0.1235957201861642,False,False,True,False,True,False,False,False,False,False,False,False,False,False,False,False,False,False,10.0,25.0,4.504504504504505,0.0,-0.8895723349062861,False,False,False,False,False,False,False,-1.0,False,3,False,False,170.56108918298622,,5,False,3,False,True,True,True,"market_above_ma60, avoid_chase, adx_trending",,"close_below_ema20, close_below_swing_low",-80.3,25.0,9.3,22.2,-1.06,False,36,X
2026-09-14,12.5,12.5,12.45,12.45,7001,87310,1454,台富,,-0.0494973714995126,-0.0922673234094843,0.0427699519099716,12.435642400563792,12.624571256223376,12.830187503139497,49.48045847797855,24.98190627160272,0.2538641809563321,38410.35,472864.9,12.85,12.1,0.0354429859559095,-0.0837933952213409,0.0080971659919029,-0.004,12.5,1.579719151908617,12.683419232576297,12.360000000000014,12.03658076742373,0.6391382931730225,0.0523332091547383,49.999999999999886,68.75,12.46999999999998,12.34499999999998,3303160.0,3292407.4,-50.000000000000114,70.93253968253977,42.09481601885373,12.725,13.3,,,,0.0,0.0,0.0,0.0,0.0,0.0,,0.0,0.0,-0.4051,-0.4065,0.0,0.49,0.03,0,False,0,False,False,False,False,0.182268581254792,False,False,True,False,True,False,False,False,False,True,False,False,False,False,False,False,False,True,0.0,0.0,3.212851405622493,8.0,0.2446672186467029,False,False,False,False,False,False,False,-1.0,False,4,False,False,247.7586924363084,,5,False,3,False,False,False,False,"market_above_ma60, avoid_chase, adx_trending, obv_uptrend",,,-3.1,50.0,27.0,22.2,-0.97,False,36,X
2026-09-14,9.81,9.82,9.7,9.7,449168,4380815,1455,集盛,,0.0760876837757233,0.1305115848028869,-0.0544239010271635,9.86672108364565,9.600074614125557,9.306555516380854,46.14577563128467,31.574083738659468,0.2560612169183695,1246718.7,12509994.15,10.25,9.8,-0.0899433441270793,0.0696563843721245,-0.0102040816326531,-0.0142276422764228,9.84,0.7913300228801289,10.20225757981266,9.975499999999965,9.74874242018727,-0.1074769368846072,0.045462900067705,0.0,14.606741573034014,9.881999999999971,9.953999999999995,-12129953.0,-9892402.65,-100.0,-200.7523262720252,48.57975141759778,9.535,10.04,,,,0.0,0.0,0.0,0.0,0.0,0.0,,0.0,0.0,-0.008,-0.0828,0.0,3.62,0.09,0,False,0,False,False,True,True,0.3602801498044427,False,False,True,False,True,False,False,False,False,False,False,False,False,False,False,False,False,False,20.0,25.0,5.6701030927835125,0.0,-0.2750032761053327,False,False,False,False,False,False,False,-1.0,False,4,False,False,295.3027621847804,,10,False,3,False,True,True,True,"ema60_gt_ema120, market_above_ma60, avoid_chase, adx_trending",,"close_below_ema20, close_below_swing_low",44.4,75.0,40.1,22.2,-0.7,False,36,D
2026-09-14,14.0,14.55,13.9,14.3,140028,1989098,1456,怡華,,0.0959159057350973,0.0495051275972753,0.0464107781378219,14.044062497098494,13.95610709255547,13.82254671057231,54.48564225946284,17.76348229878351,0.6467066541125491,158354.35,2308347.9,14.4,13.6,0.259499978999364,-0.0456699391350112,0.0514705882352941,-0.0034843205574912,14.35,2.9090083689778883,14.55909769331141,13.950000000000022,13.340902306688635,0.7873102326961603,0.0873258341665069,39.47368421052634,40.52631578947391,14.260000000000035,14.15500000000002,3876212.0,2170884.9,-57.49999999999993,83.68307261859381,75.68233638059175,14.0375,13.95,,,,0.0,0.0,0.0,0.0,0.0,0.0,,0.0,0.0,65.2608,23.5603,0.0,0.71,0.04,0,False,0,False,False,True,True,0.8842699932145849,False,False,False,False,False,False,False,False,False,True,False,False,False,False,False,False,True,True,0.0,0.0,0.6993006993006968,25.0,2.0,False,False,True,False,False,False,False,-1.0,False,5,False,False,427.8426999321458,,3,False,3,False,False,False,False,"ema60_gt_ema120, market_above_ma60, obv_uptrend, mfi_strong, above_ichimoku_cloud",,,130.6,81.6,71.0,34.7,0.67,False,49,D
2026-09-14,14.5,14.5,14.35,14.45,153986,2221802,1457,宜進,,0.0323449987848469,0.0291753713020027,0.0031696274828442,14.409792020041468,14.403669489490277,14.614911421000452,52.36856153354245,9.741783330118182,0.1925518015670234,86646.95,1247261.5,14.5,14.3,0.0255623421887861,0.0247217302369105,0.0104895104895104,-0.0034482758620689,14.5,0.6935790564090245,14.549536240500714,14.414999999999964,14.280463759499211,0.6300764755643681,0.0186661450573362,66.66666666666627,72.22222222222202,14.45,14.429999999999929,-2487087.0,-2425200.9,-33.33333333333373,68.19763395963366,59.48556263561248,14.2875,15.0,,,,0.0,0.0,0.0,0.0,0.0,0.0,,0.0,0.0,0.0819,-0.0301,0.0,1.82,-0.02,0,False,0,False,False,True,False,1.7771658436909783,True,False,False,False,True,False,False,False,False,False,False,False,False,False,False,False,True,True,0.0,0.0,0.3460207612456797,25.0,-0.2888461165318511,False,False,False,False,False,False,False,-1.0,False,4,False,False,294.30550503852754,,3,False,3,False,False,False,False,"volume_break, market_above_ma60, avoid_chase, mfi_strong",,,43.4,72.2,40.0,22.2,1.48,False,36,D
2026-09-14,6.49,6.49,6.39,6.42,289122,1853775,1460,宏遠,,-0.0756390015922106,-0.0697412556253183,-0.0058977459668922,6.588962847537195,6.767036184258678,6.809475657466645,34.06142869380173,12.811385015770108,0.1072180823596726,205790.95,1354557.6,6.77,6.47,-0.1310217098647476,-0.237177027341173,-0.0257966616084976,-0.007727975270479,6.47,0.9003984987765735,6.758401346385756,6.59499999999997,6.431598653614185,-0.0354913036848581,0.0495530997379184,12.500000000000092,20.63725490196096,6.503999999999996,6.5479999999999565,6186670.0,7091771.3,-90.90909090909084,-206.75105485232285,16.43413922005294,7.1825,7.67,,,,0.0,0.0,0.0,0.0,0.0,0.0,,0.0,0.0,0.1344,0.3878,0.0,1.9,-0.02,0,False,0,False,False,False,False,1.4049305861117798,False,False,False,False,True,False,False,False,False,False,False,False,False,False,False,False,False,False,20.0,25.0,5.451713395638624,0.0,-0.2582714557212917,False,False,False,False,False,False,False,-1.0,False,2,False,False,185.9500483924623,,3,False,3,False,True,True,True,"market_above_ma60, avoid_chase",,"close_below_ema20, close_below_swing_low",-64.9,30.6,12.1,22.2,0.91,False,36,D
2026-09-14,15.6,15.6,15.25,15.25,38356,593907,1459,聯發,,0.5482881088061937,0.6566192791694366,-0.1083311703632429,15.0364026713208,13.741374241330636,12.958670399443392,59.93671348868034,47.87997894867528,0.4077041930348251,244869.7,3880676.25,15.65,15.3,0.4681063403234003,0.6278654386349442,-0.006514657980456,-0.0161290322580645,15.5,0.517079870068317,16.267016483390464,15.175,14.082983516609538,0.5343401409872227,0.1439230950102751,6.250000000000084,29.166666666666668,15.46999999999998,15.470000000000027,-1135813.0,-616985.05,-65.2173913043478,29.47845804988664,74.38280225694061,12.2875,12.175,,,,0.0,0.0,0.0,0.0,0.0,0.0,,0.0,0.0,-0.1425,-0.1863,0.0,2.01,0.04,0,False,0,False,False,True,True,0.156638408100308,False,True,True,False,True,False,False,False,False,False,False,False,False,False,False,False,True,False,20.0,0.0,2.6229508196721336,8.0,-0.9435726315706374,False,False,True,False,False,False,False,-1.0,False,7,False,False,463.24351250215545,,10,False,3,False,False,True,True,"ema60_gt_ema120, rsi_strong, market_above_ma60, avoid_chase, adx_trending, mfi_strong, above_ichimoku_cloud",,close_below_swing_low,212.4,100.0,77.2,22.2,-1.01,True,36,X
2026-09-14,16.95,17.45,16.9,17.05,167015,2860505,1463,強盛新,,-0.1492988042675698,-0.1195085792198149,-0.0297902250477548,17.365932501407517,17.585580019647832,17.78547585583154,36.36097950731648,15.179194218845064,0.2701082941717798,45727.45,792698.55,17.7,17.05,-0.1635765014637953,-0.0318360843243894,-0.0144508670520231,-0.008720930232558,17.2,1.7322834645669292,17.76364617180855,17.395000000000028,17.026353828191507,0.0320716361877426,0.0423853028811176,17.647058823529633,16.299019607843245,17.15,17.270000000000074,-555575.0,-325773.75,-86.36363636363619,-116.00279524807964,54.49404101429491,17.7375,17.55,,,,0.0,0.0,0.0,0.0,0.0,0.0,,0.0,0.0,0.034,-0.2136,0.0,12.08,0.02,0,False,0,False,False,False,False,3.652401347549448,True,False,False,False,True,False,False,False,False,False,False,False,False,False,False,False,True,False,20.0,25.0,3.8123167155425137,0.0,-1.1501842055767166,False,False,False,True,False,False,False,-1.0,False,4,True,False,257.7218030085739,,3,False,3,False,True,False,True,"volume_break, market_above_ma60, avoid_chase, mfi_strong",long_upper_shadow,close_below_ema20,6.8,55.6,30.2,22.2,4.36,False,36,D
2026-09-14,9.98,9.98,9.94,9.95,220313,2193049,1464,得力,,-0.0862858807522517,-0.0747830874603828,-0.0115027932918688,10.113472473262668,10.25715814547533,10.412727167787034,33.751387859228004,17.568840752946382,0.1333825682648432,258326.9,2607734.6,10.35,9.99,-0.1470339551366547,-0.0872709135993937,-0.009950248756219,-0.0040040040040041,9.99,0.6454236042020594,10.376589451935788,10.13200000000004,9.88741054806429,0.1279479786236876,0.0482805866434559,4.761904761904641,10.10179434092485,10.007999999999992,10.03400000000006,-22579604.0,-21759646.85,-97.8260869565218,-122.62790563534608,11.512765357235594,10.5875,10.725,,,,0.0,0.0,0.0,0.0,0.0,0.0,,0.0,0.0,0.0178,0.0333,0.0,2.09,-0.04,0,False,0,False,False,False,False,0.8528457547394406,False,False,False,False,True,False,False,False,False,False,False,False,False,False,False,False,False,False,20.0,12.0,4.020100502512566,0.0,-0.5665608338283878,False,False,False,False,False,False,False,-1.0,False,2,False,False,143.72972754145374,,3,False,3,False,True,True,True,"market_above_ma60, avoid_chase",,"close_below_ema20, close_below_swing_low",-107.1,8.3,5.3,22.2,0.06,False,36,D
2026-09-14,11.9,11.95,11.75,11.9,78804,933029,1465,偉全,,-0.121104277743246,-0.126888187645188,0.005783909901942,12.04755517168122,12.272863730157043,12.381982069168934,41.83798190201797,12.641159636284264,0.2506379598936827,198555.3,2386472.45,12.35,11.85,-0.1016042479651995,-0.1502188694070767,0.0,0.0,11.9,0.4829021671614394,12.285327461678667,12.027500000000032,11.769672538321396,0.2527416219166142,0.042872993004138,23.07692307692312,28.20512820512885,11.919999999999982,11.98499999999999,-3098402.0,-2718212.35,-78.5714285714285,-109.70464135020924,34.05779052168472,12.85,13.05,,,,0.0,0.0,0.0,0.0,0.0,0.0,,0.0,0.0,0.2499,-0.4054,0.0,0.59,-0.03,0,False,0,False,False,False,False,0.3968869126132619,False,False,False,False,True,False,False,False,False,False,False,False,False,False,False,False,False,False,10.0,0.0,3.781512605042011,0.0,-0.6027767055356646,False,False,False,False,False,False,False,-1.0,False,2,False,False,136.73554865970465,,3,False,3,False,True,False,True,"market_above_ma60, avoid_chase",,close_below_ema20,-114.1,5.6,4.1,22.2,-0.64,False,36,D
2026-09-14,14.8,14.9,14.65,14.85,174021,2573877,1466,聚隆,,-0.35102056052928,-0.2333643676149847,-0.1176561929142952,15.67587483271486,15.972775656195168,15.952882888047514,34.62166897819972,11.29059395513059,0.4782165526330661,257171.9,4060349.15,16.4,14.8,-0.4568887303224012,-0.0710052188316343,-0.0480769230769231,0.0033783783783782,14.8,0.966777868935106,16.725385309131394,15.792500000000064,14.859614690868732,-0.0051532009211757,0.1181428284478488,12.121212121212077,6.89754689754712,15.090000000000146,15.490000000000146,18036611.0,19213829.15,-88.5714285714286,-192.52262888626504,11.919347635039358,16.6375,16.8,,,,0.0,0.0,0.0,0.0,0.0,0.0,,0.0,0.0,-0.0775,-0.1122,0.0,0.73,-0.23,0,False,0,False,False,False,True,0.676671907000726,False,False,False,False,True,False,False,False,False,False,False,False,False,False,False,False,False,False,20.0,25.0,10.43771043771043,0.0,-0.4121648905779133,False,False,False,False,False,False,False,-1.0,False,3,False,False,196.82074038307232,,3,False,3,False,True,False,True,"ema60_gt_ema120, market_above_ma60, avoid_chase",,close_below_ema20,-54.1,36.1,14.3,22.2,-0.21,False,36,D
2026-09-14,7.96,8.0,7.92,7.95,84741,673175,1467,南緯,,-0.2202625745424757,-0.2106705411970626,-0.0095920333454131,8.327460169516671,8.4401758898868,8.172281695273957,36.9633206714553,9.751262163208716,0.2595800692660914,211276.95,1748518.75,8.65,7.96,-0.2199454936250383,0.0377607898577419,-0.0124223602484472,-0.0012562814070351,7.96,1.8983894253390647,8.552739887230077,8.253000000000043,7.953260112770008,-0.0054382364658488,0.0726378013401267,6.521739130434825,12.51874062968515,8.109999999999946,8.158000000000039,-10075899.0,-9256023.75,-95.77464788732392,-221.75829273950384,30.15780040711656,9.5775,8.745000000000001,,,,0.0,0.0,0.0,0.0,0.0,0.0,,0.0,0.0,-0.0804,-0.0256,0.0,19.35,-0.05,0,False,0,False,False,False,True,0.4010896598043468,False,False,False,False,True,False,False,False,False,False,False,False,False,False,False,False,False,False,20.0,25.0,8.805031446540882,0.0,-0.2748176266942422,False,False,False,True,False,False,False,-1.0,False,3,True,False,195.7130850777125,,3,False,3,False,True,True,True,"ema60_gt_ema120, market_above_ma60, avoid_chase",long_upper_shadow,"close_below_ema20, close_below_swing_low",-55.2,33.3,14.2,22.2,-0.64,False,36,D
2026-09-14,13.0,13.25,12.7,13.25,73000,942950,1468,昶和,,0.0175913864134216,0.0096773354950524,0.0079140509183691,13.249431978807523,13.048462770191216,12.811587043947316,50.43167292839627,13.87178569780454,0.4794607262056551,73215.0,949296.65,13.5,12.9,0.0676101148319161,0.1712344830121707,-0.0185185185185184,0.0076045627376426,13.15,0.6406560148268932,13.549823899978463,13.195000000000029,12.840176100021589,0.5775032347078584,0.0537815687727832,68.1818181818182,69.69696969696997,13.35,13.205000000000018,-468329.0,-338759.45,-31.818181818181795,-4.444444444444717,33.4584345955158,13.4625,13.15,,,,0.0,0.0,0.0,0.0,0.0,0.0,,0.0,0.0,-0.5263,-0.4749,0.0,2.15,0.02,0,False,0,False,False,True,True,0.9970634432834802,False,False,False,False,True,False,False,False,False,False,False,False,False,False,False,False,False,True,0.0,0.0,1.8867924528301887,15.0,-0.9891448022822448,False,False,False,False,False,False,False,-1.0,False,3,False,False,148.10089680544786,,3,True,3,False,False,False,False,"ema60_gt_ema120, market_above_ma60, avoid_chase",,,-102.8,11.1,5.7,22.2,0.28,False,36,D
2026-09-14,23.85,23.85,23.8,23.8,3025,72048,1470,大統新創,,0.1443864789187223,-0.1012739428023084,0.2456604217210308,22.754327113128344,22.167126685551967,20.876534006994795,51.66006699649421,11.259073941853948,2.849111762333185,13389.8,317445.35,24.85,0.0,,,-0.0285714285714285,-0.0062630480167014,23.95,2.2388737173429374,33.304142004949924,22.81500000000001,12.325857995050097,0.5469533160832011,0.9194952447907,95.77464788732394,96.10999329309196,23.94999999999981,21.72999999999993,559446.0,518927.0,-4.225352112676059,31.35990621336454,59.20814375940528,22.762500000000003,11.925,,,,0.0,0.0,0.0,0.0,0.0,0.0,,0.0,0.0,-0.3132,-0.2584,0.0,0.43,0.02,0,False,0,False,False,True,True,0.2259182362693991,False,False,False,False,True,False,False,False,False,True,False,False,False,False,False,False,True,True,-20.0,0.0,4.411764705882356,0.0,0.579699794805324,False,False,True,False,False,False,False,-1.0,False,6,False,False,349.21557990035785,,3,False,3,False,False,False,False,"ema60_gt_ema120, market_above_ma60, avoid_chase, obv_uptrend, mfi_strong, above_ichimoku_cloud",,,98.3,91.7,55.7,22.2,-0.91,False,36,X
2026-09-14,0.0,0.0,0.0,0.0,995,88560,1472,三洋實業,,-11.25057125055433,-3.342621098658819,-7.907950151895511,69.78836624676048,80.1911210998836,84.26784213545542,29.220419840211093,11.740940676683394,14.197832770139586,31959.05,2819653.35,90.5,0.0,,,-1.0,,0.0,0.0181434645273408,138.93057588989095,75.48500000000004,12.039424110109104,-0.0948799340319913,1.6810114828082638,0.0,19.60784313725465,53.8,71.47000000000007,5003375.0,5011880.5,-100.0,-222.2222222222221,51.39422905600964,45.5,46.3,,,,0.0,0.0,0.0,0.0,0.0,0.0,,0.0,0.0,0.0795,-0.0072,0.0,0.92,0.0,0,False,0,False,False,False,False,0.0311335912675752,False,False,False,False,True,False,False,False,False,False,False,False,False,False,False,False,True,False,20.0,25.0,999.0,0.0,-0.0738498175590763,False,False,False,False,False,False,False,-1.0,False,3,False,False,224.42513810196684,,3,False,3,False,True,False,True,"market_above_ma60, avoid_chase, mfi_strong",,close_below_ema20,-72.9,28.6,21.0,34.7,-1.68,False,49,X
2026-09-14,19.7,19.9,19.7,19.75,33401,659577,1473,台南,,-0.0249906029721849,-0.0056213330636567,-0.0193692699085281,20.001678292161067,20.24824181785995,21.08669078183832,37.036984896274,10.69851916840446,0.2293964473730995,34433.7,686774.75,20.15,19.9,0.0199203233582681,-0.0146663797670496,-0.0174129353233831,-0.007537688442211,19.9,0.6280583467845184,20.22803508503313,20.00000000000005,19.77196491496696,-0.0481612620351262,0.0228035085033084,11.111111111111288,32.27513227513191,19.97000000000008,20.030000000000108,70846.0,107570.7,-89.99999999999986,-159.42028985507594,50.73877175773572,20.05,20.625,,,,0.0,0.0,0.0,0.0,0.0,0.0,,0.0,0.0,0.0479,-0.1566,0.0,5.12,-0.05,0,False,0,False,False,False,False,0.9700090318496124,False,False,False,False,True,False,False,False,False,False,False,False,False,False,False,False,True,False,20.0,25.0,2.025316455696195,8.0,-0.2162984372343953,False,False,False,True,False,False,False,-1.0,False,3,True,False,240.1045090716834,,3,False,3,False,True,True,True,"market_above_ma60, avoid_chase, mfi_strong",long_upper_shadow,"close_below_ema20, close_below_swing_low",-10.8,47.2,25.4,22.2,0.24,False,36,D
2026-09-14,9.9,9.91,9.81,9.88,41000,404679,1474,弘裕,,-0.0514220062023138,-0.053873772221651,0.0024517660193371,10.005334190035825,10.110032385492474,10.23278814581044,37.956857361339786,8.87023179445236,0.1277154394097822,63259.55,631355.65,10.1,9.95,-0.0467343586026943,-0.0913564269980962,-0.0110110110110109,-0.0119999999999999,10.0,1.8958298571843504,10.08395808234829,9.997499999999944,9.9110419176516,-0.1795200449075963,0.0172959404547828,24.13793103448293,31.06185002736736,9.959999999999946,9.97199999999989,-31971.0,-18974.6,-79.41176470588226,-310.9987357775009,49.79285697405673,10.5,10.58,,,,0.0,0.0,0.0,0.0,0.0,0.0,,0.0,0.0,0.0066,0.0563,0.0,0.6,0.0,0,False,0,False,False,False,False,0.6481234849125547,False,False,False,False,True,False,False,False,False,False,False,False,False,False,False,False,False,False,10.0,25.0,2.226720647773268,8.0,-0.0499931556037006,False,False,False,False,False,False,False,-1.0,False,2,False,False,158.88131698188113,,3,False,3,False,True,True,True,"market_above_ma60, avoid_chase",,"close_below_ema20, close_below_swing_low",-92.0,16.7,7.2,22.2,-0.26,False,36,D
2026-09-14,26.05,26.05,25.8,26.05,30050,778040,1475,業旺,,-0.1314191504812463,-0.1340727180293441,0.0026535675480978,26.257508251895803,26.62850048803029,27.5241115113026,44.98074522929957,12.33485679210266,0.6694848759135157,19413.0,505958.95,26.6,26.0,0.0351849645204974,-0.0915901735673794,-0.0113851992409867,0.0,26.05,0.6530950733672041,26.83000000000561,26.18999999999996,25.54999999999432,0.3906250000009955,0.0488736158843566,20.58823529411774,22.699849170436817,26.089999999999417,26.179999999999744,-2909078.0,-2845447.9,-79.41176470588225,-48.97119341563801,40.51126718689477,26.887500000000003,26.125,,,,0.0,0.0,0.0,0.0,0.0,0.0,,0.0,0.0,0.2428,0.0178,0.0,0.56,0.04,0,False,0,False,False,False,False,1.5479317982795031,True,False,False,False,True,False,False,False,False,False,False,False,False,False,False,False,False,False,10.0,0.0,2.1113243761996188,8.0,-0.4193870154927681,False,False,False,False,False,False,False,-1.0,False,3,False,False,218.4466737968818,,3,False,3,False,True,False,True,"volume_break, market_above_ma60, avoid_chase",,close_below_ema20,-32.4,38.9,19.4,22.2,1.13,False,36,D
2026-09-14,291.0,291.0,285.0,288.0,783272,224885198,1476,儒鴻,,-10.003797380774529,-7.952240121330815,-2.051557259443713,307.636331857898,323.04152566086015,337.3730806062065,25.78287093992114,26.588442788689896,7.24812334104243,1186150.5,364207847.1,319.0,288.5,-0.4486290612502828,-0.1371997752181884,-0.0588235294117647,-0.0017331022530329,288.5,0.6000202734716441,327.94168075513574,308.225,288.5083192448643,-0.012890588714632,0.1279369340912366,9.375,9.13592896174911,292.4,302.3,-47963281.0,-38759456.75,-91.17647058823528,-178.17339701838154,15.839044309951817,343.875,337.75,,,,0.0,0.0,0.0,0.0,0.0,0.0,,0.0,0.0,-0.0113,-0.1176,0.0,28.26,-1.01,0,False,0,False,False,False,False,0.6603479069477272,False,False,True,False,True,True,False,False,True,False,False,False,False,False,False,False,False,False,20.0,25.0,10.76388888888889,0.0,-2.0,False,False,False,False,False,False,False,-1.0,False,5,False,False,342.60347906947726,,5,False,3,False,True,True,True,"market_above_ma60, avoid_chase, liquidity_ok, adx_trending, kd_golden_cross",,"close_below_ema20, close_below_swing_low",91.7,86.1,53.8,22.2,-0.24,False,36,D
2026-09-14,195.0,195.5,193.0,194.5,683737,132633229,1477,聚陽,,-4.357485883358805,-5.002501860737266,0.6450159773784607,199.6206459071332,210.21536818348096,224.2116093020635,37.05277340764967,23.62190479173485,4.655134983958058,1592091.45,313125407.0,204.5,194.0,-0.08417923312584,-0.253199695368474,-0.0025641025641025,-0.010178117048346,196.5,0.4363624782460728,202.40586167211484,197.125,191.8441383278852,0.2514610149834922,0.0535788121457434,23.07692307692308,49.450549450549566,196.8,196.1,6418003.0,9888854.15,-77.77777777777777,-94.41565918249816,24.70666003551358,220.875,222.0,,,,0.0,0.0,0.0,0.0,0.0,0.0,,0.0,0.0,-0.0512,0.1849,0.0,14.83,-0.01,0,False,0,False,False,False,False,0.4294583706231197,False,False,True,False,True,True,False,False,False,False,False,False,False,False,False,False,False,True,10.0,0.0,5.141388174807198,0.0,-0.4171650588254402,False,False,False,False,False,False,False,-1.0,False,4,False,False,259.2886030003259,,5,False,3,False,True,False,True,"market_above_ma60, avoid_chase, liquidity_ok, adx_trending",,close_below_ema20,8.4,58.3,30.5,22.2,-0.59,False,36,D
2026-09-14,201.0,205.0,197.0,197.0,2304098,458442944,1503,士電,,-0.1870134963650116,0.1210211301541107,-0.3080346265191223,203.1326359388539,205.6895992036341,205.2682717875354,43.41744402144676,14.161900247418442,7.031297670558499,1777960.45,364576910.9,212.5,200.0,0.0965882820692742,-0.2929338171103509,-0.0506024096385542,-0.0247524752475247,202.0,0.7249312097723412,211.17119815335235,203.2,195.22880184664763,0.1110998697609517,0.0784566747377201,0.0,19.101834282100143,202.9,204.5,84157582.0,88915651.4,-100.0,-78.60696517412967,54.45595142835764,202.375,225.25,,,,0.0,0.0,0.0,0.0,0.0,0.0,,0.0,0.0,-0.0038,-0.0421,0.0,30.68,0.12,0,False,0,False,False,False,True,1.295921964968343,False,False,False,False,True,True,False,False,False,False,False,False,False,False,False,False,True,False,20.0,12.0,7.868020304568528,0.0,-0.9078112753876476,False,False,False,False,False,False,False,-1.0,False,5,False,False,314.0654843450316,,3,False,3,True,True,True,True,"ema60_gt_ema120, market_above_ma60, avoid_chase, liquidity_ok, mfi_strong",,"macd_death_cross, close_below_ema20, close_below_swing_low",-10.1,48.6,45.0,21.6,0.18,False,37,D
2026-09-14,70.4,72.3,69.8,70.3,8281276,586508383,1504,東元,,0.3484897800978075,0.7562004099205356,-0.4077106298227281,70.80744714338704,70.0294200403867,70.88540199609174,48.99840657766458,21.194168518929267,2.02132664268786,8291601.75,599384629.1,73.5,69.5,-0.1212993685688099,0.0712031516010648,-0.0195258019525802,0.0115107913669063,69.5,0.5413461022628184,73.78833851737792,71.6449999999999,69.50166148262187,0.1862371508059177,0.0598321869600957,23.25581395348839,11.862609921254869,70.34000000000015,71.27000000000007,915652934.0,921631511.35,-81.81818181818181,-76.82775712515492,60.42620214751892,65.675,74.8,,,,0.0,0.0,0.0,0.0,0.0,0.0,,0.0,0.0,0.1683,-0.0218,0.0,7.43,0.02,0,False,0,False,False,True,False,0.998754673667244,False,False,True,False,True,True,False,False,True,False,False,False,False,False,False,False,True,False,10.0,12.0,4.55192034139403,0.0,-0.2275824238528781,False,False,False,True,False,False,False,-1.0,False,6,True,False,454.2565576504379,,5,False,3,False,True,False,True,"market_above_ma60, avoid_chase, liquidity_ok, adx_trending, kd_golden_cross, mfi_strong",long_upper_shadow,close_below_ema20,130.0,86.5,75.9,21.6,-0.08,False,37,D
2026-09-14,9.9,9.9,9.73,9.85,293717,2883172,1506,正道,,-0.1105747155005065,-0.0961326144520384,-0.0144421010484681,10.085549127279506,10.288068509171069,10.5646159942866,33.481628653868114,14.27503432307281,0.1568114953073167,187445.85,1883868.35,10.3,9.92,-0.1616613790749835,-0.0621089967416764,-0.0247524752475247,-0.0070564516129032,9.92,1.4562106316862604,10.312711524287828,10.091000000000008,9.869288475712189,-0.0434990372605743,0.0439424287558852,32.43243243243229,15.158636897767186,9.94399999999996,10.007000000000016,-3247980.0,-2159423.0,-76.92307692307705,-189.1059798697461,12.244209901347148,10.525,10.65,,,,0.0,0.0,0.0,0.0,0.0,0.0,,0.0,0.0,0.4781,-0.0603,0.0,0.85,0.01,0,False,0,False,False,False,False,1.566943199862787,True,False,False,False,True,False,False,False,True,False,False,False,False,False,False,False,False,False,0.0,25.0,4.5685279187817365,0.0,-1.172610110272581,False,False,False,False,False,False,False,-1.0,False,4,False,False,296.59811067535685,,3,False,3,False,True,True,True,"volume_break, market_above_ma60, avoid_chase, kd_golden_cross",,"close_below_ema20, close_below_swing_low",-27.6,43.2,40.5,21.6,0.41,False,37,D
2026-09-14,6.19,6.27,6.08,6.11,46005,283810,1512,瑞利,,-0.1218616784209274,-0.1080942668643385,-0.0137674115565888,6.3671614053022125,6.61857507986125,6.891693875023235,29.95098455498685,9.836748252931454,0.1560718858103397,60320.65,385727.2,6.69,6.19,-0.3442752574246218,-0.1820141806862454,-0.0208333333333333,-0.0129240710823909,6.19,0.5953010449324359,6.660506781111422,6.383999999999992,6.107493218888561,0.0045329468980161,0.0866249314258867,12.500000000000092,19.72222222222202,6.248000000000047,6.2690000000000055,-2691079.0,-2529038.9,-89.47368421052623,-133.92363032650815,32.97771212653771,6.8125,7.04,,,,0.0,0.0,0.0,0.0,0.0,0.0,,0.0,0.0,-0.2054,0.2153,0.0,5.47,0.0,0,False,0,False,False,False,False,0.7626741422713449,False,False,False,False,True,False,False,False,False,False,False,False,False,False,False,False,False,False,20.0,25.0,9.492635024549918,0.0,-0.6031973022087386,False,False,False,False,False,False,False,-1.0,False,2,False,False,105.38837379620858,,3,False,3,False,True,True,True,"market_above_ma60, avoid_chase",,"close_below_ema20, close_below_swing_low",-143.6,2.6,1.5,17.9,-0.13,False,39,D
2026-09-14,164.0,165.5,163.5,163.5,1280629,210175958,1513,中興電,,0.2293061992590139,0.4949889456804828,-0.2656827464214688,165.13121302181983,164.62947320310977,163.29261057408678,47.28274056390968,11.330982899155194,4.105453633281725,2206025.95,367113517.8,171.0,162.5,-0.0316936952620558,-0.1144800347740011,-0.0209580838323353,-0.009090909090909,165.0,0.6214454353487993,169.0865680554876,165.65,162.21343194451242,0.1871879204360814,0.0414919173617577,14.285714285714286,27.678571428571257,165.2,165.2,499325952.0,500074572.1,-90.47619047619048,-90.83119108826097,52.33360629443134,159.0,173.25,,,,0.0,0.0,0.0,0.0,0.0,0.0,,0.0,0.0,0.0893,0.0382,0.0,12.88,0.88,0,False,0,False,False,False,True,0.5805140234184462,False,False,False,False,True,True,False,False,False,False,False,False,False,False,False,False,True,False,20.0,12.0,4.587155963302752,0.0,-0.0619550945288863,False,False,False,True,False,False,False,-1.0,False,5,True,False,347.0616790998378,,3,False,3,False,True,False,True,"ema60_gt_ema120, market_above_ma60, avoid_chase, liquidity_ok, mfi_strong",long_upper_shadow,close_below_ema20,22.8,59.5,54.8,21.6,-0.43,False,37,D
2026-09-14,100.0,101.5,99.6,100.0,932667,93575330,1514,亞力,,-0.7996794387526762,-0.8617577044387863,0.06207826568611,102.09392592008716,106.26439980387764,109.39867944655032,42.97994841434115,14.587423115078302,3.08528090835085,1453183.25,150380053.25,105.0,100.5,0.0310745751577955,-0.3825316822283087,-0.024390243902439,-0.0049751243781094,100.5,0.5638136635781449,104.96268003581817,101.925,98.88731996418184,0.1831463522652533,0.0596061817182861,6.250000000000084,12.156593406593553,101.6,101.95,373077294.0,373824338.5,-96.63865546218484,-93.98963286638376,71.9168104654654,103.475,119.85,,,,0.0,0.0,0.0,0.0,0.0,0.0,,0.0,0.0,-0.2652,-0.1356,0.0,12.58,0.19,0,False,0,False,False,False,False,0.6418096272441897,False,False,False,False,True,True,False,False,False,False,False,False,False,False,False,False,True,False,20.0,12.0,5.0,0.0,-0.1400984595516795,False,False,False,False,False,False,False,-1.0,False,4,False,False,226.7369147578217,,3,False,3,False,True,True,True,"market_above_ma60, avoid_chase, liquidity_ok, mfi_strong",,"close_below_ema20, close_below_swing_low",-97.5,16.2,21.4,21.6,-0.38,False,37,D
2026-09-14,30.45,30.85,29.8,29.85,880449,26453967,1515,力山,,-0.7527056308283768,-0.4496845983241903,-0.3030210325041865,31.668757721483576,31.595547289458565,30.108903729894426,42.36230589557789,13.389646851446594,1.83209846988118,2493331.75,84727771.25,36.3,29.75,-0.6720038787251881,-0.2128532146627058,-0.0229132569558101,-0.0339805825242717,30.9,0.6054426264870462,36.1030205912862,32.31499999999996,28.52697940871372,0.1746321805020919,0.2344434839106449,15.584415584415616,17.912778695671175,30.239999999999963,30.85,26393294.0,35837412.3,-94.14634146341464,-93.78306878306852,49.63342288088281,33.15,33.125,,,,0.0,0.0,0.0,0.0,0.0,0.0,,0.0,0.0,-0.0759,0.0596,0.0,2.31,-0.13,0,False,0,False,False,False,True,0.3531214809260741,False,False,False,False,True,True,False,False,False,False,False,False,False,False,False,False,False,False,20.0,12.0,21.60804020100501,0.0,-0.5806797163777297,False,False,False,False,False,False,False,-1.0,False,4,False,False,238.563058212728,,3,False,3,False,True,False,True,"ema60_gt_ema120, market_above_ma60, avoid_chase, liquidity_ok",,close_below_ema20,-85.6,24.3,24.5,21.6,-0.63,False,37,D
2026-09-14,13.9,14.15,13.9,14.0,16371,229466,1516,川飛,,-0.2740112117592446,-0.3462078623340086,0.0721966505747639,14.34437871017738,15.842730102422482,17.37763663491768,47.59212827134738,16.04643091521134,1.0686526240753769,18614.1,265801.95,15.2,13.8,,,-0.0508474576271186,0.0035842293906811,13.95,0.9907575103816546,20.18762485189248,13.805000000000016,7.4223751481075615,0.5152758468909673,0.924683064381376,28.57142857142862,42.021720969089074,14.109999999999854,14.235000000000037,3100397.0,3152297.35,-79.99999999999996,11.203804457340857,46.17898781835018,15.85,18.2,,,,0.0,0.0,0.0,0.0,0.0,0.0,,0.0,0.0,-0.0205,0.2966,0.0,5.43,-0.12,0,False,0,False,False,False,False,0.8794945766918627,False,False,False,False,True,False,False,False,False,False,False,False,False,False,False,False,False,False,10.0,0.0,8.571428571428566,0.0,-0.2893067143027564,False,False,False,False,False,False,False,-1.0,False,2,False,False,105.32326519528556,,3,False,3,False,True,False,True,"market_above_ma60, avoid_chase",,close_below_ema20,-174.6,3.2,1.5,16.1,-0.05,False,31,D
2026-09-14,708.0,725.0,697.0,697.0,1792604,1268262116,1519,華城,,0.038453492016174,4.170805944764198,-4.132352452748024,723.7866429647902,738.4270996329554,765.0851739490117,43.2581687612176,13.020685205827707,27.699548653624863,2070936.3,1533153998.2,770.0,712.0,-0.0086004335459613,-0.1025395191964341,-0.0568335588633288,-0.0210674157303371,712.0,0.4267199806628808,764.8185616149171,729.05,693.2814383850828,0.0519808659759806,0.0981237545159239,0.0,5.535137543156452,718.0,729.9,-21756726.0,-15806260.9,-100.0,-113.86973180076572,68.58657556645751,699.25,816.5,,,,0.0,0.0,0.0,0.0,0.0,0.0,,0.0,0.0,0.125,-0.0651,0.0,18.15,0.21,0,False,0,False,False,False,False,0.8656007430069191,False,False,False,False,True,True,False,False,False,False,False,False,False,False,False,False,True,False,20.0,25.0,10.473457675753227,0.0,-1.6357387347197363,False,False,False,False,False,False,False,-1.0,False,4,False,False,294.0271426134323,,3,False,3,False,True,True,True,"market_above_ma60, avoid_chase, liquidity_ok, mfi_strong",,"close_below_ema20, close_below_swing_low",-30.2,40.5,39.9,21.6,-0.19,False,37,D
2026-09-14,10.55,10.55,10.3,10.5,256199,2677104,1517,利奇,,-0.2145830615566399,-0.1371230664359415,-0.0774599951206984,10.995613788324372,11.093775235509028,11.066119768995804,36.8003753250561,23.11666178806975,0.3013795011232351,293148.45,3248045.85,11.6,10.45,-0.4861553847803085,0.0595441789928024,-0.0186915887850466,0.0047846889952154,10.45,1.5871376982812957,11.766461381011254,11.089999999999986,10.413538618988715,0.0639071079579061,0.1219948387757023,21.05263157894731,16.276803118907992,10.659999999999943,10.799999999999956,29395020.0,30415739.25,-83.33333333333339,-150.5376344086014,17.53943112983488,11.7875,11.62,,,,0.0,0.0,0.0,0.0,0.0,0.0,,0.0,0.0,0.0872,-0.1962,0.0,2.01,-0.28,0,False,0,False,False,False,True,0.8739565227105925,False,False,True,False,True,False,False,False,True,False,False,False,False,False,False,False,False,False,10.0,25.0,10.476190476190473,0.0,-0.1566348525307085,False,False,False,False,False,False,False,-1.0,False,5,False,False,376.8599469967374,,5,False,3,False,True,False,True,"ema60_gt_ema120, market_above_ma60, avoid_chase, adx_trending, kd_golden_cross",,close_below_ema20,52.6,70.3,62.1,21.6,-0.18,False,37,D
2026-09-14,24.7,24.7,24.3,24.45,31013,756117,1521,大億,,-0.1667759987113548,-0.0243736661047438,-0.1424023326066109,25.38272018667399,25.529594384972427,25.53492813764519,28.737522222743934,19.01003625535836,0.3719998081080136,16967.0,430720.6,26.0,24.85,-0.1412201649013319,-0.0415522036415016,-0.0467836257309941,-0.0160965794768612,24.85,1.08009246794723,26.332046746604764,25.53249999999993,24.732953253395102,-0.1769460351109117,0.0626297265528115,9.374999999999924,4.6401515151513495,24.95,25.374999999999908,726008.0,876427.95,-91.66666666666676,-239.6894711305193,16.24206724969514,25.35,27.0,,,,0.0,0.0,0.0,0.0,0.0,0.0,,0.0,0.0,-0.0607,-0.1751,0.0,33.11,0.04,0,False,0,False,False,False,False,1.8278422820769729,True,False,False,False,True,False,False,False,True,False,False,False,False,False,False,False,False,False,20.0,25.0,6.3394683026584895,0.0,-1.6830999286113473,False,False,False,False,False,False,False,-1.0,False,4,False,False,273.0812236774336,,3,False,3,False,True,True,True,"volume_break, market_above_ma60, avoid_chase, kd_golden_cross",,"close_below_ema20, close_below_swing_low",24.1,56.4,34.0,17.9,1.88,False,39,D
2026-09-14,25.4,25.4,25.0,25.1,571863,14352240,1522,堤維西,,-0.680302854851849,-0.4689815740951477,-0.2113212807567013,27.10278279616412,28.579589588358168,31.12382459539916,22.475221871614764,24.70482896257172,0.5599202698685241,449634.7,12203388.8,28.35,25.5,-0.4795383671982727,-0.2376198789419475,-0.0720887245841035,-0.0156862745098038,25.5,1.7312279494722396,29.13386583483097,27.360000000000035,25.58613416516909,-0.1370267569349238,0.1296685551777003,3.5087719298246096,4.667759141443336,26.140000000000143,26.665000000000145,6118782.0,8890180.3,-97.29729729729723,-206.08736059479537,10.249466783195317,28.4625,30.525,,,,0.0,0.0,0.0,0.0,0.0,0.0,,0.0,0.0,-0.0304,-0.0822,0.0,2.58,-0.12,0,False,0,False,False,False,False,1.2718391173990795,False,False,True,False,True,False,False,False,False,False,False,False,False,False,False,False,False,False,20.0,25.0,12.94820717131474,0.0,-0.9972448316968424,False,False,False,False,False,False,False,-1.0,False,3,False,False,220.7514531936287,,5,False,3,False,True,True,True,"market_above_ma60, avoid_chase, adx_trending",,"close_below_ema20, close_below_swing_low",-28.2,35.9,19.8,17.9,0.83,False,39,D
2026-09-14,25.95,26.2,25.7,25.85,141463,3669783,1524,耿鼎,,-0.2822356154472381,-0.1496351332320745,-0.1326004822151635,26.758168425252155,27.439753629097112,28.179300687904835,27.96678257768613,23.52062836262204,0.4080369721415903,273069.2,7380734.1,27.6,26.05,-0.2524718831623602,-0.139671317272708,-0.033644859813084,-0.0076775431861804,26.05,0.7481354501352908,27.98318046384088,26.97250000000004,25.96181953615919,-0.0553189361819885,0.0749415488991264,9.090909090909207,4.105571847507842,26.25000000000018,26.59500000000008,83500667.0,85137120.9,-92.85714285714276,-179.88980716253326,19.07447965709426,26.9375,30.025,,,,0.0,0.0,0.0,0.0,0.0,0.0,,0.0,0.0,0.0089,-0.0202,0.0,1.84,-0.02,0,False,0,False,False,False,False,0.5180481724046505,False,False,True,False,True,False,False,False,True,False,False,False,False,False,False,False,False,False,20.0,25.0,6.769825918762089,0.0,-0.8255907286777787,False,False,False,True,False,False,False,-1.0,False,4,True,False,315.2733929799132,,5,False,3,False,True,True,True,"market_above_ma60, avoid_chase, adx_trending, kd_golden_cross",long_upper_shadow,"close_below_ema20, close_below_swing_low",66.3,69.2,45.5,17.9,-0.59,False,39,D
2026-09-14,64.5,64.6,64.5,64.5,4200,270998,1525,江申,,-0.5893643040848815,-0.3138895807453186,-0.2754747233395628,66.41946662906852,66.53457454243191,65.76373267861779,32.737803943477275,18.32335520220656,1.1237364281725897,16399.7,1092503.85,68.1,64.9,-0.1982433033426787,0.0191397870145757,-0.0286144578313254,-0.0061633281972265,64.9,0.1207433098379074,68.58017903664118,66.6949999999999,64.8098209633586,-0.0821728221396396,0.0565313452774958,0.0,7.101806239737319,65.3800000000003,66.1,2082109.0,2128162.2,-100.0,-200.3605459696105,19.661103765126725,67.725,67.5,,,,0.0,0.0,0.0,0.0,0.0,0.0,,0.0,0.0,-0.2145,-0.244,0.0,0.45,0.01,0,False,0,False,False,False,True,0.2561022457727885,False,False,False,False,True,False,False,False,False,False,False,False,False,False,False,False,False,False,20.0,25.0,5.581395348837201,0.0,-0.6028892399765139,False,False,False,False,False,False,False,-1.0,False,3,False,False,160.32635157800974,,3,False,3,False,True,True,True,"ema60_gt_ema120, market_above_ma60, avoid_chase",,"close_below_ema20, close_below_swing_low",-88.7,5.1,7.3,17.9,-1.09,False,39,X
2026-09-14,15.4,15.4,14.95,15.0,129719,1950393,1526,日馳,,-0.4575129084090346,-0.3362529535077967,-0.1212599549012378,15.98486160735989,16.235775866484815,16.38670548880943,35.72388516443978,20.38475066926953,0.5964499349888076,207363.75,3371615.55,17.2,15.15,-0.5877037294652618,0.2059210105134632,-0.0353697749196142,-0.0099009900990099,15.15,0.4583385571793716,17.198358375300494,16.047500000000035,14.896641624699576,0.0449049064240591,0.1434314846923765,2.941176470588278,10.206582633052676,15.320000000000071,15.555000000000016,1390263.0,2224816.8,-97.29729729729723,-130.48245614035054,22.353619533967816,18.1,17.25,,,,0.0,0.0,0.0,0.0,0.0,0.0,,0.0,0.0,-0.2941,-0.3085,0.0,3.36,0.05,0,False,0,False,False,False,False,0.6255625681923673,False,False,True,False,True,False,False,False,False,False,False,False,False,False,False,False,False,False,20.0,25.0,14.66666666666666,0.0,-0.2313785698574705,False,False,False,False,False,False,False,-1.0,False,3,False,False,193.479082843634,,3,False,3,False,True,True,True,"market_above_ma60, avoid_chase, adx_trending",,"close_below_ema20, close_below_swing_low",-130.7,10.8,13.6,21.6,-0.39,False,37,D
2026-09-14,32.4,32.4,32.1,32.3,132283,4256257,1527,鑽全,,-0.132348989973245,-0.1199853823538345,-0.0123636076194105,32.687173851762736,32.93074572328827,33.08992260147267,35.58397943238205,8.547056944519987,0.3074976100207354,108709.8,3550918.1,33.15,32.45,-0.0578187637798773,-0.0654113744974032,-0.0137404580152672,-0.00462249614792,32.45,1.206820374260312,33.02685543104272,32.697500000000126,32.36814456895753,-0.1034514122658005,0.0201456032444432,23.52941176470534,20.8061002178644,32.57000000000007,32.615000000000144,5231061.0,5470989.3,-80.9523809523813,-252.5252525252508,51.78024661435165,33.15,33.35,,,,0.0,0.0,0.0,0.0,0.0,0.0,,0.0,0.0,0.02,-0.142,0.0,10.27,-0.04,0,False,0,False,False,False,False,1.21684521542676,False,False,False,False,True,False,False,False,True,False,False,False,False,False,False,False,True,False,10.0,25.0,2.6315789473684257,8.0,-0.5545131042857675,False,False,False,False,False,False,False,-1.0,False,4,False,False,308.5142949028384,,3,False,3,True,True,True,True,"market_above_ma60, avoid_chase, kd_golden_cross, mfi_strong",,"macd_death_cross, close_below_ema20, close_below_swing_low",-15.7,45.9,43.9,21.6,0.11,False,37,D
2026-09-14,21.55,23.3,21.4,23.3,15628482,355295373,1528,恩德,,0.4538024718468136,0.0376054540637419,0.4161970177830717,19.902945032243903,20.655786638551906,21.60991647618285,69.29756093074641,22.541286681822346,0.9595645369803838,2339089.1,49373759.95,21.2,18.7,0.7144226195976758,-0.3808614844912995,0.2167101827676241,0.0990566037735849,21.2,6.038091913381623,21.78204257128252,19.48000000000001,17.177957428717523,1.329697949041797,0.2363493399674017,100.0,66.66666666666667,21.02000000000008,20.055000000000017,386978683.0,367809006.8,-0.0,298.2680460304544,91.93891182495028,18.95,24.450000000000003,,,,0.0,0.0,0.0,0.0,0.0,0.0,,0.0,0.0,0.7084,0.2053,0.0,2.19,-0.62,0,False,0,False,False,True,False,6.681439368855166,True,True,True,True,False,False,False,False,False,True,False,False,True,True,False,False,True,True,-20.0,-25.0,-9.012875536480692,25.0,2.0,False,False,False,False,False,False,False,-1.0,False,9,False,False,679.0,,3,False,3,False,False,False,False,"volume_break, rsi_strong, breakout_20d, market_above_ma60, adx_trending, obv_uptrend, bb_squeeze_breakout, breakout_volume_confirm, mfi_strong",,,354.8,100.0,95.4,21.6,4.77,True,37,C
2026-09-14,27.35,27.45,27.3,27.35,17749,485934,1530,亞崴,,-0.2669175297063972,-0.1180815933864344,-0.1488359363199627,28.47578802108141,28.78036011548845,28.69077884261582,37.15544338658128,12.915314249032033,0.5852681488043446,23970.7,689867.75,30.0,27.45,-0.2684502518570804,-0.0502178310587806,-0.0568965517241378,-0.0036429872495445,27.45,3.0908489071442107,29.93918005232203,28.72000000000008,27.50081994767812,-0.0618530246582019,0.0849011178497181,2.7027027027027444,4.519948519948836,28.030000000000108,28.315000000000147,2718406.0,2834861.4,-97.72727272727268,-220.88353413654627,18.047237337168,28.575,31.9,,,,0.0,0.0,0.0,0.0,0.0,0.0,,0.0,0.0,-0.4295,-0.6343,0.0,0.7,0.03,0,False,0,False,False,False,True,0.7404456273700809,False,False,False,False,True,False,False,False,False,False,False,False,False,False,False,False,False,False,20.0,25.0,9.689213893967088,0.0,-0.6691619976939253,False,False,False,False,False,False,False,-1.0,False,3,False,False,164.37451230137373,,3,False,3,False,True,True,True,"ema60_gt_ema120, market_above_ma60, avoid_chase",,"close_below_ema20, close_below_swing_low",-159.8,8.1,8.2,21.6,-0.3,False,37,D
2026-09-14,11.65,11.75,11.5,11.55,87259,1010327,1531,高林股,,-0.3589949827298984,-0.2656195869678026,-0.0933753957620957,12.230625659362447,12.616328113339073,12.643006189659967,29.59961283621432,26.108780711237,0.2906002413638867,263437.7,3344497.45,13.7,11.65,-0.8099278707719842,-0.1236904806889416,-0.0253164556962024,-0.0085836909871244,11.65,0.2823332823681265,13.817425404857849,12.435000000000036,11.052574595142223,0.1799103962896783,0.2223442549027433,6.250000000000084,4.464285714285627,11.710000000000036,11.805000000000016,2525871.0,2948514.25,-97.72727272727268,-92.94012511170676,49.79405690168949,12.925,12.675,,,,0.0,0.0,0.0,0.0,0.0,0.0,,0.0,0.0,0.083,-0.1013,0.0,1.23,-0.09,0,False,0,False,False,False,False,0.3312320142485301,False,False,True,False,True,False,False,False,False,False,False,False,False,False,False,False,False,False,20.0,12.0,18.6147186147186,0.0,-0.6920833477458305,False,False,False,False,False,False,False,-1.0,False,3,False,False,237.00731996953533,,5,False,3,False,True,True,True,"market_above_ma60, avoid_chase, adx_trending",,"close_below_ema20, close_below_swing_low",-87.2,21.6,23.7,21.6,-0.65,False,37,D
2026-09-14,22.6,22.75,22.45,22.55,219795,4965780,1532,勤美,,0.0487576312084172,0.1017757007264148,-0.0530180695179975,22.73486844158104,22.614684181685533,22.79968502750053,45.331015697837685,18.29926884220405,0.3413470535579478,298877.3,6829624.75,23.2,22.6,-0.0233053656413545,-0.0297794255495113,-0.0109649122807017,-0.002212389380531,22.6,1.5794575827941475,23.273444035119503,22.8625,22.45155596488049,0.1197779097716737,0.0359491774844835,11.76470588235309,11.271995977878154,22.68000000000011,22.84500000000008,-7973964.0,-7224276.65,-88.23529411764692,-114.17664410897044,41.66652261635023,22.2125,22.5,,,,0.0,0.0,0.0,0.0,0.0,0.0,,0.0,0.0,-0.4264,0.3557,0.0,6.76,-0.07,0,False,0,False,False,False,False,0.7354021198665808,False,False,False,False,True,False,False,False,True,False,False,False,False,False,False,False,False,False,20.0,12.0,2.882483370288242,8.0,-0.7198534395383309,False,False,True,True,False,False,False,-1.0,False,4,True,False,258.71577992420583,,3,False,3,False,True,True,True,"market_above_ma60, avoid_chase, kd_golden_cross, above_ichimoku_cloud",long_upper_shadow,"close_below_ema20, close_below_swing_low",-65.5,32.4,30.4,21.6,-0.3,False,37,D
2026-09-14,45.0,45.0,44.6,44.65,79608,3565669,1535,中宇,,-0.421015886077285,-0.3929074239676777,-0.0281084621096072,45.6205073606321,46.93459238495332,48.46117400629883,31.3659163713112,10.181105694459234,0.5514299558136623,41080.35,1872870.75,46.2,45.05,-0.1211116758469897,-0.20776846218632,-0.0293478260869565,-0.0088790233074361,45.05,1.7683277883356343,46.47024996094642,45.66999999999998,44.86975003905354,-0.1373008745877665,0.0350448855242583,3.12499999999982,2.4305555555553533,45.16999999999971,45.36999999999989,-1713082.0,-1438932.8,-97.36842105263172,-196.69277632724203,17.278782785826508,47.175,49.45,,,,0.0,0.0,0.0,0.0,0.0,0.0,,0.0,0.0,-0.2854,0.0438,0.0,0.9,0.04,0,False,0,False,False,False,False,1.9378608020623,True,False,False,False,True,False,False,False,True,False,False,False,False,False,False,False,False,False,20.0,25.0,3.4714445688689906,8.0,-1.5076530827062586,False,False,False,False,False,False,False,-1.0,False,4,False,False,254.2867710281479,,3,False,3,True,True,True,True,"volume_break, market_above_ma60, avoid_chase, kd_golden_cross",,"macd_death_cross, close_below_ema20, close_below_swing_low",-69.9,29.7,29.3,21.6,0.73,False,37,D
2026-09-14,30.4,30.4,30.0,30.3,171581,5159861,1533,車王電,,-0.5702259264643601,-0.5696421282476541,-0.0005837982167059,31.29673539012109,32.688501323243656,33.12056512529217,33.72160550359075,17.187221070643005,0.7846917215802293,91120.05,2842403.6,32.2,30.65,-0.184551284381237,-0.3419981005602092,-0.0162337662337662,-0.0114192495921695,30.65,0.6198773919560892,32.21164435150377,31.26250000000018,30.31335564849659,-0.0070356255481219,0.060720950116183,15.384615384615426,15.544871794871748,30.740000000000144,30.905000000000108,6831664.0,7096837.45,-87.49999999999996,-180.62827225130928,31.00908671102671,33.275,36.1,,,,0.0,0.0,0.0,0.0,0.0,0.0,,0.0,0.0,0.2006,0.1913,0.0,6.27,-0.03,0,False,0,False,False,False,False,1.88302135479513,True,False,False,False,True,False,False,False,False,False,False,False,False,False,False,False,False,False,20.0,25.0,6.270627062706277,0.0,-0.4043140044891564,False,False,False,False,False,False,False,-1.0,False,3,False,False,248.97844549408143,,3,False,3,True,True,True,True,"volume_break, market_above_ma60, avoid_chase",,"macd_death_cross, close_below_ema20, close_below_swing_low",0.0,51.3,27.4,17.9,1.98,False,39,D
2026-09-14,47.15,47.4,46.7,46.85,740053,34753692,1536,和大,,-0.7413563527171689,-0.4503711139499445,-0.2909852387672244,48.95244444397304,49.93229082657006,51.2520082647765,35.30403569788349,12.007463776245451,1.3580571437922402,1064703.9,52681900.9,51.4,47.35,-0.3122408235804164,-0.0500252383016845,-0.0429009193054137,-0.010559662090813,47.35,0.7464981824235009,51.43456813943413,49.23500000000004,47.035431860565936,-0.0421518790987857,0.0893497771680348,3.1914893617021005,4.81840854181246,47.57999999999993,48.475,81302639.0,86614851.95,-97.22222222222224,-184.4162501601961,27.404605102229013,50.05,51.0,,,,0.0,0.0,0.0,0.0,0.0,0.0,,0.0,0.0,0.1373,0.0463,0.0,5.43,-0.37,0,False,0,False,False,False,False,0.6950786974669672,False,False,False,False,True,True,False,False,False,False,False,False,False,False,False,False,False,False,20.0,25.0,9.71184631803628,0.0,-0.4837166130077407,False,False,False,False,False,False,False,-1.0,False,3,False,False,236.1461876185768,,3,False,3,False,True,True,True,"market_above_ma60, avoid_chase, liquidity_ok",,"close_below_ema20, close_below_swing_low",-12.8,46.2,23.5,17.9,-0.26,False,39,D
2026-09-14,115.0,115.0,114.0,115.0,76601,8777850,1537,廣隆,,-2.62336054665127,-2.476979591431551,-0.146380955219719,118.07541713149664,122.00415927414512,123.6242030286138,27.930725511726337,45.70556967955722,1.3318856083385453,174490.3,20820815.8,127.5,114.0,-0.3986304414274102,-0.1556887192637354,-0.0043290043290042,0.0043668122270741,114.5,0.3134548503592669,124.22315545882525,118.125,112.02684454117475,0.2437749807216287,0.1032491929536547,28.571428571428573,23.227513227513555,114.9,115.75,-4854058.0,-4071254.9,-83.33333333333333,-94.61626575028583,8.465796910377449,126.75,127.0,,,,0.0,0.0,0.0,0.0,0.0,0.0,,0.0,0.0,0.1098,-0.0001,0.0,15.27,-0.08,0,False,0,False,False,False,False,0.4389986148227151,False,False,True,False,True,False,False,False,True,False,False,False,False,False,False,False,False,False,10.0,0.0,10.869565217391305,0.0,-1.264771098370642,False,False,False,False,False,False,False,-1.0,False,4,False,False,324.21273296777946,,5,False,3,False,True,False,True,"market_above_ma60, avoid_chase, adx_trending, kd_golden_cross",,close_below_ema20,0.0,51.4,48.3,21.6,-0.55,False,37,D
2026-09-14,0.0,0.0,0.0,0.0,91,809,1538,正峰,,0.5045163658447818,-0.0073196982345779,0.5118360640793598,3.954348617642191,5.225594813365346,8.26894664997578,44.08268723972101,11.93907874333722,2.58219411727533,7116.75,61356.35,9.2,0.0,,,-1.0,-1.0,8.85,2.747843323375862,11.393250416004548,3.0550000000000184,-5.283250416004511,0.3168080923705398,5.458756409822899,0.0,63.94927536231929,6.796000000000094,4.298000000000047,-124433.0,-144885.55,-100.0,-51.28205128205129,61.006130513445385,5.3,6.0,,,,0.0,0.0,0.0,0.0,0.0,0.0,,0.0,0.0,-0.5808,0.21,0.0,0.02,-0.01,0,False,1,False,False,False,False,0.0127867355183194,False,False,False,False,True,False,False,False,False,True,False,False,False,False,False,False,True,True,20.0,0.0,999.0,0.0,1.1437810327440845,False,False,False,False,False,False,False,-1.0,False,4,False,False,253.8532397481122,,3,False,3,False,True,False,True,"market_above_ma60, avoid_chase, obv_uptrend, mfi_strong",,close_below_ema20,-70.4,27.0,29.1,21.6,-0.92,False,37,X
2026-09-14,19.3,19.3,19.05,19.2,132834,2545156,1540,喬福,,-0.1859494429314772,-0.2319150558590263,0.0459656129275491,19.506268605061724,20.24769254129419,21.077153495205035,39.10248322096101,13.540588585081364,0.3469302853159676,114495.35,2220155.1,19.85,19.3,0.1239229989006893,-0.3172774899100695,-0.0153846153846154,-0.005181347150259,19.3,1.2757772657155853,19.82072524087701,19.355000000000064,18.889274759123115,0.3335928715091715,0.0481245405194469,15.789473684210389,7.4853801169586704,19.370000000000072,19.51000000000004,2656355.0,2630882.25,-84.21052631578961,-68.38340486409172,56.67114761587491,20.425,21.025,,,,0.0,0.0,0.0,0.0,0.0,0.0,,0.0,0.0,-0.5094,0.2463,0.0,1.44,-0.16,0,False,0,False,False,False,False,1.160169386791691,False,False,False,False,True,False,False,False,True,True,False,False,False,False,False,False,True,False,20.0,0.0,3.385416666666678,8.0,0.0321470062805424,False,False,False,False,False,False,False,-1.0,False,5,False,False,324.9874579432834,,3,False,3,False,True,True,True,"market_above_ma60, avoid_chase, kd_golden_cross, obv_uptrend, mfi_strong",,"close_below_ema20, close_below_swing_low",0.8,54.1,48.5,21.6,0.06,False,37,D
2026-09-14,15.5,15.7,15.45,15.65,20118,312448,1539,巨庭,,-0.1000519178326726,-0.100906494379529,0.0008545765468564,15.70262260977433,15.880127934684838,16.16685071034426,46.21031631420485,11.833415805453264,0.2014757816506374,24610.4,385604.4,15.95,15.5,-0.0816155457363547,-0.0207437750103697,-0.0063492063492063,0.0096774193548387,15.5,0.5359897251224444,15.893080611393335,15.677499999999965,15.46191938860659,0.4362187540377112,0.0275019118345875,66.66666666666687,33.333333333332725,15.589999999999964,15.620000000000072,-3426774.0,-3418500.35,-42.85714285714278,-68.14814814814964,21.95579648790149,16.2375,16.3,,,,0.0,0.0,0.0,0.0,0.0,0.0,,0.0,0.0,0.0173,-0.0857,0.0,1.14,-0.01,0,False,0,True,True,False,False,0.8174592855053148,False,False,False,False,True,False,False,False,True,False,False,False,False,False,True,False,False,False,0.0,0.0,1.916932907348236,15.0,-0.0274456269180823,False,False,False,False,False,False,False,-1.0,False,6,False,False,432.8452453320362,,3,False,3,False,True,False,True,"macd_golden_cross, market_above_ma60, avoid_chase, hist_turn_positive, kd_golden_cross, williams_r_recovery",,close_below_ema20,108.6,73.0,72.0,21.6,-0.23,False,37,D
2026-09-14,20.65,20.9,20.55,20.65,17000,350950,1541,錩泰,,-0.1746052916914102,-0.0826058138950377,-0.0919994777963725,21.43980583813393,21.727195955386485,22.304069708179565,34.38056270807179,28.00695561743235,0.5711205478313217,12271.1,263281.95,22.25,21.1,-0.2188823128625446,-0.0241184775662179,-0.0372960372960373,-0.0213270142180096,21.1,1.1644735747675212,22.23514923711269,21.56499999999996,20.89485076288724,-0.1826837585775304,0.0621515638407353,6.249999999999875,13.194444444444647,21.15999999999985,21.34499999999989,913552.0,944539.2,-94.28571428571442,-220.2420242024204,44.220574573932616,21.625,21.6,,,,0.0,0.0,0.0,0.0,0.0,0.0,,0.0,0.0,-0.4525,-0.1664,0.0,9.99,0.01,0,False,0,False,False,False,False,1.385368874835997,False,False,True,False,True,False,False,False,False,False,False,False,False,False,False,False,False,False,20.0,25.0,7.748184019370467,0.0,-0.9041533614313648,False,False,False,False,False,False,False,-1.0,False,3,False,False,208.0038484111836,,5,False,3,False,True,True,True,"market_above_ma60, avoid_chase, adx_trending",,"close_below_ema20, close_below_swing_low",-116.2,13.5,16.9,21.6,0.25,False,37,D
2026-09-14,108.5,108.5,107.0,107.5,118918,12774879,1558,伸興,,3.043881418484105,2.991915389944155,0.0519660285399501,103.8447195328777,98.4476985307902,96.30552034740133,66.72829965336278,38.83964055007293,2.2318722708941587,152207.7,15859359.2,108.5,103.0,0.4192620524918038,0.3117237613598404,0.0093896713615022,-0.0092165898617511,108.5,2.4932949123878303,109.45184470451414,104.03000000000011,98.60815529548609,0.8200017880548008,0.1042361761898303,66.66666666666667,70.9401709401706,107.1,106.3,3429438.0,2939707.55,-22.22222222222222,104.56978180321084,71.41138492744773,91.65,92.3,,,,0.0,0.0,0.0,0.0,0.0,0.0,,0.0,0.0,0.1863,-0.0499,0.0,7.08,-0.06,0,False,0,False,False,True,True,0.7812876746708609,False,True,True,False,True,False,False,False,False,True,False,False,False,False,False,False,True,True,0.0,-12.0,0.9302325581395348,25.0,0.6732736988364167,False,False,True,False,False,False,False,-1.0,False,8,False,False,633.8921611327455,,10,False,3,False,False,False,False,"ema60_gt_ema120, rsi_strong, market_above_ma60, avoid_chase, adx_trending, obv_uptrend, mfi_strong, above_ichimoku_cloud",,,309.7,94.6,92.4,21.6,-0.26,True,37,D
2026-09-14,775.0,776.0,740.0,753.0,2027263,1530277596,1560,中砂,,16.173532144182445,9.79666033565838,6.376871808524065,718.6666172122733,691.7992581053678,641.3672744895287,56.99229122482582,11.392236409666204,34.967644821726665,1246376.55,901383913.6,790.0,683.0,0.4812512460871916,-0.008666630478065,0.0315068493150685,-0.0468354430379747,790.0,3.263856305145986,767.3757391542182,710.3,653.2242608457817,0.8740643628339613,0.1607088248746114,63.06306306306306,80.62539374356129,744.6,730.7,116164721.0,112468668.8,-31.29770992366412,152.97372060857583,60.129770521947385,652.25,679.0,,,,0.0,0.0,0.0,0.0,0.0,0.0,,0.0,0.0,0.3038,0.0144,0.0,39.93,1.87,0,False,0,False,False,True,True,1.6265253064974623,True,True,False,False,True,True,False,False,False,True,False,False,False,False,False,False,True,True,0.0,-12.0,4.913678618857902,0.0,1.2683921188321474,False,False,True,False,False,False,False,-1.0,False,9,False,False,649.4859584909605,,3,False,3,False,False,False,False,"ema60_gt_ema120, volume_break, rsi_strong, market_above_ma60, avoid_chase, liquidity_ok, obv_uptrend, mfi_strong, above_ichimoku_cloud",,,325.3,97.3,93.3,21.6,0.46,True,37,D
2026-09-14,75.4,75.4,73.6,74.8,398591,29706233,1563,巧新,,4.284044169128279,2.9808319386415896,1.3032122304866895,68.88444209460738,63.06823281003167,58.18012211819418,63.57608165182172,30.144548688784493,4.180271596352019,1472764.0,96616184.6,79.5,63.0,1.5366292013379717,0.1028534234749358,-0.0591194968553459,-0.0157894736842105,76.0,0.4064358618395344,81.20062739931078,66.95500000000001,52.70937260068925,0.7753476480923382,0.4255284115991564,47.76119402985074,53.81818181818198,76.86000000000021,72.14000000000014,24938280.0,21620104.55,-49.46996466431096,78.4010448889806,66.00710984035825,61.85,58.9,,,,0.0,0.0,0.0,0.0,0.0,0.0,,0.0,0.0,0.0246,-0.1542,0.0,4.22,-0.27,0,False,0,False,False,True,True,0.2706414605462925,False,True,True,False,True,True,False,False,False,True,False,False,False,False,False,False,True,True,0.0,0.0,6.283422459893052,0.0,0.8256335064445849,False,False,True,False,False,False,False,-1.0,False,9,False,False,642.6140166827979,,8,True,3,False,False,False,False,"ema60_gt_ema120, rsi_strong, market_above_ma60, avoid_chase, liquidity_ok, adx_trending, obv_uptrend, mfi_strong, above_ichimoku_cloud",,,393.6,97.4,92.9,17.9,-1.06,True,39,X
2026-09-14,28.15,29.1,27.9,28.95,215433,6202652,1568,倉佑,,-0.2171185985231929,-0.3021039574571652,0.0849853589339722,29.03884388801421,30.269762661342952,30.01040700450063,48.1106962308955,7.915385578989943,0.9384064926186022,198365.1,5728607.4,29.7,28.2,0.0213909287046036,-0.5437034652102662,-0.0102564102564103,0.0265957446808511,28.2,2.5493830206625017,29.66626677082436,28.967499999999973,28.268733229175584,0.4874779391846815,0.0482448793181592,52.50000000000004,49.091591591591474,28.95999999999985,29.02999999999984,22128812.0,22305283.1,-47.499999999999964,-96.61062183079648,59.01087609585856,30.4125,37.875,,,,0.0,0.0,0.0,0.0,0.0,0.0,,0.0,0.0,0.0641,-0.0632,0.0,3.74,-0.42,0,False,0,False,False,False,True,1.0860428573373038,False,False,False,False,True,False,False,False,True,False,False,False,False,False,True,False,True,False,0.0,0.0,2.590673575129534,8.0,-0.0552542679969336,False,False,False,False,False,False,False,-1.0,False,6,False,False,413.1973773574098,,3,False,3,False,True,False,True,"ema60_gt_ema120, market_above_ma60, avoid_chase, kd_golden_cross, williams_r_recovery, mfi_strong",,close_below_ema20,164.2,82.1,68.1,17.9,0.48,False,39,D
