date,open,high,low,close,volume,amount,stock_id,name,industry_category,macd,macd_signal,macd_hist,ema20,ema60,ema120,rsi14,adx14,atr14,volume_ma20,amount_ma20,close_20d_high,close_10d_low,lr_slope_20,lr_slope_60,return_5d,day_return,prev_close,prev_volume_ratio,bb_upper,bb_mid,bb_lower,bb_pct_b,bb_bandwidth,stoch_k,stoch_d,sma5,sma10,obv,obv_ma,williams_r,cci20,mfi14,ichi_senkou_a,ichi_senkou_b,market_ma60,market_above_ma60,market_return_5d,foreign_net,foreign_buy_streak,invest_trust_net,invest_trust_streak,dealer_net,dealer_buy_streak,relative_strength_5d,margin_change_5d,short_ratio,revenue_yoy,revenue_mom,revenue_3m_yoy,foreign_holding_pct,foreign_holding_chg5d,insider_net_30d,has_buyback,limit_down_streak,macd_golden_cross,hist_turn_positive,above_ema60,ema60_gt_ema120,volume_ratio,volume_break,rsi_strong,adx_trending,breakout_20d,avoid_chase,liquidity_ok,foreign_buy_3d,stronger_than_market,kd_golden_cross,obv_uptrend,invest_trust_buy_2d,dealer_buy_3d,bb_squeeze_breakout,breakout_volume_confirm,williams_r_recovery,cci_momentum,mfi_strong,ma5_above_ma10,kd_level_score,bb_level_signal,gap_to_20d_high_pct,breakout_proximity_score,obv_strength,foreign_buy_accel,invest_trust_accel,above_ichimoku_cloud,long_upper_shadow,open_high_close_low,gap_chase_after_blowout,earnings_blocked,f_score,f_score_low,condition_count,skip_trade,entry_signal,entry_score,momentum_score,expected_hold_days,momentum_decay_signal,estimated_sl_days,macd_death_cross,close_below_ema20,close_below_swing_low,base_exit_signal,entry_reason,skip_reason,base_exit_reason,sector_rs,sector_rs_rank,market_rs_rank,sector_breadth_60,sector_vol_zscore,is_sector_leader,sector_stock_count,grade
2026-09-04,93.0,96.3,92.4,92.8,306930,28774894,6854,錼創科技-KY創,,-1.6458110519603792,-2.714091064690685,1.0682800127303065,94.05819761809822,105.34062342561737,117.83877064573026,45.60685651074743,20.15794628747116,5.067913804472157,218224.0,20522235.45,99.5,89.5,0.0583415040831126,-0.7151047210229072,0.0231532524807056,0.0010787486515642,92.7,3.002741413427248,97.47078641965166,92.84499999999971,88.21921358034777,0.4951359622000119,0.0996453534310293,34.19354838709676,48.3870967741938,94.83999999999942,93.18999999999942,-4305155.0,-4962631.75,-65.80645161290325,25.80994495081688,53.35801162530206,99.375,130.5,103637.6351666665,True,0.0048652983961492,-7000.0,0.0,0.0,0.0,-2379.0,0.0,0.0182879540845564,0.0,0.0,-0.4674,0.1647,0.0,31.16,-0.38,0,False,0,False,False,False,False,1.406490578488159,False,False,True,False,True,False,False,True,False,True,False,False,False,False,False,False,True,True,0.0,0.0,7.2198275862068995,0.0,0.2391294531898821,False,False,False,True,False,False,False,-1.0,False,6,True,False,436.93445922316016,26.6,3,True,3,False,True,False,True,"market_above_ma60, avoid_chase, adx_trending, stronger_than_market, obv_uptrend, mfi_strong",long_upper_shadow,close_below_ema20,54.4,66.7,55.3,33.3,-0.18,True,6,D
2026-09-04,141.0,143.5,139.5,140.0,206724,29214256,6862,三集瑞-KY,,-2.932002513277069,-4.051944569271024,1.1199420559939544,141.2143480529416,154.36512147433413,163.92918426070992,45.18060542688036,13.668636617648197,7.061602115584237,163397.1,23433514.4,149.0,137.0,-0.2508746383853549,-0.8046395034571685,-0.024390243902439,0.0071942446043165,139.0,0.7508287159667769,148.65506368360224,141.0,133.34493631639776,0.4346837569658577,0.1085824635971948,45.71428571428572,42.85714285714312,139.8,139.75,8825611.0,8285070.4,-51.35135135135136,-12.811607625222312,46.15643580531744,149.875,181.75,103637.6351666665,True,0.0048652983961492,21000.0,1.0,0.0,0.0,-1389.0,0.0,-0.0292555422985882,0.0,0.0,0.2786,0.1404,0.0,64.77,-0.02,0,False,0,False,False,False,False,1.2651632128109984,False,False,False,False,True,False,False,False,True,True,False,False,False,False,False,False,False,True,0.0,0.0,6.428571428571428,0.0,0.1743473528029043,False,False,False,True,False,False,False,-1.0,False,4,True,False,314.7438003617449,16.0,3,False,3,False,True,False,True,"market_above_ma60, avoid_chase, kd_golden_cross, obv_uptrend",long_upper_shadow,close_below_ema20,-104.1,27.5,30.3,39.6,0.47,False,182,D
2026-09-04,104.5,105.0,103.0,104.5,87350,9087537,6863,永道-KY,,-2.350898312875131,-1.1504875171607645,-1.2004107957143666,110.78828852583014,109.93619860531176,109.2602630685687,37.33017922015448,16.417091035283864,4.145725722214868,187564.6,21604399.95,132.5,104.0,-0.6595296717307502,0.4232970012553098,-0.045662100456621,0.0048076923076922,104.0,0.5718938787624347,123.98578160310608,111.575,99.16421839689392,0.2149655748422275,0.2224652763272433,15.0,8.508771929824434,106.7,108.45,-184085.0,542.35,-88.0,-116.2559123724172,56.19857210280757,111.525,109.25,103637.6351666665,True,0.0048652983961492,17048.0,1.0,0.0,0.0,-176.0,0.0,-0.0505273988527702,0.0,0.0,1.1616,-0.0144,0.0,69.72,-0.16,0,False,0,False,False,False,True,0.4657062153519374,False,False,False,False,True,False,False,False,True,False,False,False,False,False,False,False,True,False,20.0,0.0,26.794258373205743,0.0,-0.0862864892823495,False,False,False,False,False,False,False,-1.0,False,5,False,False,363.6216242821312,6.0,3,False,3,False,True,False,True,"ema60_gt_ema120, market_above_ma60, avoid_chase, kd_golden_cross, mfi_strong",,close_below_ema20,-60.4,36.9,41.0,37.6,-0.71,False,255,D
2026-09-04,65.3,65.6,64.5,64.5,313785,20348941,6869,雲豹能源,,-0.7133476146797904,-0.6449164932060729,-0.0684311214737174,66.88507540503191,70.68461276552532,78.24083841006227,41.37390030347555,13.83430762897185,2.1234525518715928,457435.3,30632720.95,70.2,65.0,-0.0793692596777866,-0.2727914190805769,-0.0514705882352941,-0.0076923076923076,65.0,0.6725419858018508,70.21318813135849,66.87499999999928,63.53681186864006,0.1442681019550205,0.0998336637415851,0.0,6.25,66.13999999999942,66.8799999999992,-13660434.0,-13230083.2,-100.0,-136.99241410084923,44.0579541306734,68.25,76.9,103637.6351666665,True,0.0048652983961492,-104958.0,0.0,0.0,0.0,1452.0,1.0,-0.0563358866314434,0.0,0.0,-0.2198,-0.2277,0.0,2.84,-0.19,0,False,0,False,False,False,False,0.6859658622760422,False,False,False,False,True,False,False,False,False,False,False,False,False,False,False,False,False,False,20.0,12.0,8.837209302325585,0.0,-0.3737329874704202,False,False,False,False,False,False,False,-1.0,False,2,False,False,94.37486277311538,4.9,3,False,3,True,True,True,True,"market_above_ma60, avoid_chase",,"macd_death_cross, close_below_ema20, close_below_swing_low",-230.9,3.7,0.9,22.2,-0.23,False,27,D
2026-09-04,68.2,68.3,67.2,68.1,204206,13833638,6873,泓德能源,,-2.7162360440372595,-3.0673479529940004,0.3511119089567409,70.89647301118535,77.48931863120632,85.89109819470889,34.92685361538179,24.08484781716925,2.488119914599248,495286.75,34869905.85,79.0,68.1,-0.4232542703394941,-0.390385249356272,-0.0312944523470839,0.0,68.1,0.3701223697869743,75.68782100463285,70.08999999999978,64.4921789953667,0.3222522658055032,0.1597323727959222,41.2698412698412,45.50264550264546,68.6199999999997,68.9199999999997,-47578093.0,-46697483.25,-61.19402985074637,-74.40527371739759,47.66666687434129,83.25,89.25,103637.6351666665,True,0.0048652983961492,34000.0,1.0,0.0,0.0,0.0,0.0,-0.0361597507432331,0.0,0.0,-0.0865,-0.7045,0.0,6.68,-0.17,0,False,0,False,False,False,False,0.4122985321129628,False,False,True,False,True,False,False,False,False,False,False,False,False,False,False,False,False,False,0.0,0.0,16.005873715124828,0.0,-0.4757758535847362,False,False,False,False,False,False,False,-1.0,False,3,False,False,173.4136750781128,7.6,3,False,3,False,True,False,True,"market_above_ma60, avoid_chase, adx_trending",,close_below_ema20,-151.9,14.8,5.5,22.2,-0.76,False,27,D
2026-09-04,37.6,38.05,37.6,38.05,15020,568872,6887,寶綠特-KY,,0.308805065696923,0.274680231770448,0.0341248339264749,37.26409079191082,37.12084155349267,39.88030668053762,54.09055280979389,28.19666617359609,1.7653219536471412,36140.3,1351295.7,39.45,36.55,0.3150468083540476,0.1283221830599204,-0.0039267015706807,0.0242261103633916,37.15,0.2070430882547043,39.00519899512174,36.99500000000008,34.98480100487841,0.7624118315052859,0.1086740908296612,34.25925925925916,29.523201362282027,37.33999999999978,37.71500000000015,-2482535.0,-2606594.0,-55.468750000000085,70.43407043407008,68.90164466707597,36.9375,20.425,103637.6351666665,True,0.0048652983961492,1000.0,5.0,0.0,0.0,3000.0,2.0,-0.00879199996683,0.0,0.0,0.3555,-0.6327,0.0,53.34,0.03,0,False,0,False,False,True,False,0.4156025268190911,False,False,True,False,True,False,True,False,True,True,False,False,False,False,False,False,True,False,0.0,0.0,3.6793692509855607,0.0,0.2580401107176789,True,False,True,False,False,False,False,-1.0,False,8,False,False,652.2525065968031,13.1,3,False,3,False,False,False,False,"market_above_ma60, avoid_chase, foreign_buy_3d, adx_trending, kd_golden_cross, obv_uptrend, mfi_strong, above_ichimoku_cloud",,,327.0,92.6,80.1,22.2,-0.75,True,27,D
2026-09-04,30.1,30.35,30.0,30.1,35350,1063801,6908,宏碁遊戲-創,,-1.1242258406035577,-1.2063063629509885,0.082080522347431,31.25065178528933,34.46960650288812,38.77667670664364,32.045857216226324,32.46986331686183,0.8094071554215266,16248.85,502934.8,33.7,30.0,-0.5874983966486774,-0.4966592180983132,0.0033333333333334,0.0,30.1,0.4754285103440443,33.709717808042896,31.2625,28.815282191957102,0.2624853831605452,0.15655931598835,8.333333333333456,13.888888888889293,30.20999999999985,30.35499999999993,-1245682.0,-1210082.2,-94.99999999999991,-67.41573033707873,48.087835429948456,35.0875,36.85,103637.6351666665,True,0.0048652983961492,1000.0,3.0,0.0,0.0,-801.0,0.0,-0.0015319650628158,0.0,0.0,0.0199,0.174,0.0,0.72,0.01,0,False,0,False,False,False,False,2.1755385765761885,True,False,True,False,True,False,True,False,False,False,False,False,False,False,False,False,False,False,20.0,0.0,11.960132890365454,0.0,-0.3358933034581461,True,False,False,False,False,False,False,-1.0,False,5,False,False,417.72466612426416,34.8,10,False,3,False,True,False,True,"volume_break, market_above_ma60, avoid_chase, foreign_buy_3d, adx_trending",,close_below_ema20,114.7,76.5,52.1,26.5,1.79,False,34,D
2026-09-04,40.1,40.7,39.85,40.7,143880,5795869,6909,創控,,-0.7514347505946972,-1.0439625889156834,0.2925278383209861,40.950081042168,44.17263166384871,45.92551290245903,46.04046378498762,16.03585397567105,1.5256119822105132,180145.0,7345681.9,41.9,39.6,-0.0560264421549762,-0.6111652681346517,-0.0180940892641736,0.0277777777777779,39.6,1.2475334140181016,42.11554113651257,40.659999999999854,39.20445886348714,0.5137405941325655,0.0715957273247771,50.0,41.42857142857186,40.62999999999992,40.67999999999993,25207679.0,25396726.45,-47.29729729729726,-33.456269757639205,53.03055342621658,45.6875,50.55,103637.6351666665,True,0.0048652983961492,58095.0,1.0,0.0,0.0,0.0,0.0,-0.0229593876603229,0.0,0.0,-0.1281,0.2677,0.0,9.27,0.16,0,False,0,False,False,False,False,0.7986899442116073,False,False,False,False,True,False,False,False,True,False,False,False,False,False,False,False,True,False,0.0,0.0,2.9484029484029377,8.0,-0.0272995908465647,False,False,False,False,False,False,False,-1.0,False,4,False,False,225.6593043519573,9.7,3,False,3,False,True,False,True,"market_above_ma60, avoid_chase, kd_golden_cross, mfi_strong",,close_below_ema20,-198.4,9.8,12.7,37.6,-0.16,False,255,D
2026-09-04,18.8,18.8,18.55,18.7,18088,336267,6916,華凌,,-0.1153395353612438,-0.1560090678006022,0.0406695324393583,18.60611452552956,18.910370803290903,18.92208739850605,50.32579262827253,8.421526717857873,0.4859004361054099,20531.15,383316.1,19.0,18.2,-0.1017059163596264,-0.2848864886201009,0.0274725274725273,0.0108108108108107,18.5,1.3133312817580225,19.032617907036443,18.63500000000004,18.23738209296363,0.5817367614105102,0.0426743125340922,66.66666666666667,48.88888888888869,18.52000000000008,18.505000000000017,3764976.0,3746048.5,-37.50000000000006,5.012531328319757,46.45976181682567,19.0375,20.175,103637.6351666665,True,0.0048652983961492,2000.0,2.0,0.0,0.0,0.0,0.0,0.0226072290763781,0.0,0.0,0.4722,0.1711,0.0,0.67,0.02,0,False,0,False,False,False,False,0.8810027689632582,False,False,False,False,True,False,False,True,True,True,False,False,False,False,False,False,False,True,0.0,0.0,1.604278074866314,15.0,0.0506990129722323,True,False,False,False,False,False,False,-1.0,False,5,False,False,484.41841584529936,14.8,3,False,3,False,False,False,False,"market_above_ma60, avoid_chase, stronger_than_market, kd_golden_cross, obv_uptrend",,,60.4,60.4,62.0,37.6,-0.02,False,255,D
2026-09-04,63.3,63.6,62.6,63.6,3011,190203,6921,嘉雨思-創,,-0.5326552882228555,0.032229291515486,-0.5648845797383415,65.85207734559467,67.66954158929411,69.59498850092183,42.4637108683812,19.69812640206492,2.2676979918788924,24698.0,1697803.9,75.3,63.7,-0.3190185466139935,-0.1047389360956288,-0.0349013657056146,-0.0015698587127158,63.7,0.1475276683445406,73.31095681582887,67.10500000000002,60.89904318417116,0.2176100234004049,0.1849625755406856,32.05128205128204,23.75393612235712,64.04000000000015,65.59999999999982,-1103386.0,-1083012.15,-75.96153846153847,-96.24519096438586,28.133174642764004,63.125,67.45,103637.6351666665,True,0.0048652983961492,1000.0,1.0,0.0,0.0,-1005.0,0.0,-0.0397666641017638,0.0,0.0,0.3437,0.996,0.0,29.57,0.01,0,False,0,False,False,False,False,0.1219127054822252,False,False,False,False,True,False,False,False,False,False,False,False,False,False,False,False,False,False,0.0,0.0,18.396226415094333,0.0,-0.178922691521062,False,False,False,False,False,False,False,-1.0,False,2,False,False,129.07205475656951,6.9,3,False,3,False,True,True,True,"market_above_ma60, avoid_chase",,"close_below_ema20, close_below_swing_low",-295.0,0.8,2.0,37.6,-1.29,False,255,X
2026-09-04,74.3,75.7,74.3,75.3,16230,1220756,6923,中台,,-0.2100902289990358,-0.0944391442075287,-0.1156510847915071,76.2294401875302,77.19076403701739,80.15309344058483,44.36065771930706,8.717311667792092,1.5664494748743163,48681.55,3716556.85,77.4,75.4,-0.0264320273317046,-0.0357654928577906,-0.0208062418725618,-0.0013262599469496,75.4,0.5719366892704647,77.81628782972858,76.35000000000055,74.88371217027252,0.1419529717452178,0.0384096353563332,31.24999999999997,21.990740740740875,75.80000000000072,76.31000000000094,-9202291.0,-9143488.45,-70.5882352941177,-153.2407407407394,49.26201510163335,76.65,77.1,103637.6351666665,True,0.0048652983961492,3000.0,2.0,0.0,0.0,-1000.0,0.0,-0.0256715402687111,0.0,0.0,0.1485,-0.1711,0.0,1.25,-0.05,0,False,0,False,False,False,False,0.3333911923511063,False,False,False,False,True,False,False,False,True,False,False,False,False,False,False,False,False,False,0.0,12.0,2.7888446215139555,8.0,-0.3424524396657568,True,False,False,False,False,False,False,-1.0,False,3,False,False,249.224482647522,6.8,3,False,3,False,True,True,True,"market_above_ma60, avoid_chase, kd_golden_cross",,"close_below_ema20, close_below_swing_low",-76.1,37.0,17.0,22.2,-0.91,False,27,D
2026-09-04,113.0,123.0,112.5,123.0,57652,6824834,6924,榮惠-KY創,,0.9190269304325084,0.2843465820371784,0.63468034839533,114.43739271810212,114.73382895427746,107.88272245460382,60.04927727846536,20.3911340628514,5.712863150749743,35272.55,4040511.15,119.5,110.0,0.0484825111402061,-0.1258718405685943,0.0468085106382978,0.0837004405286343,113.5,0.3955533233885295,121.36794359588424,114.95,108.53205640411578,1.127147923609238,0.111664960345963,100.0,60.49382716049392,115.3,114.5,1727650.0,1626546.35,-0.0,171.18997912317317,72.61099236815446,106.65,142.15,103637.6351666665,True,0.0048652983961492,14000.0,2.0,0.0,0.0,-9011.0,0.0,0.0419432122421485,0.0,0.0,0.2584,0.1086,0.0,76.17,0.08,0,False,0,False,False,True,True,1.6344721320120037,True,True,True,True,True,False,False,True,False,True,False,False,True,True,False,True,True,True,-20.0,-25.0,-2.845528455284553,25.0,0.6615998795346938,True,False,False,False,False,False,False,-1.0,False,13,False,False,1024.2839198745364,33.4,3,False,3,False,False,False,False,"ema60_gt_ema120, volume_break, rsi_strong, breakout_20d, market_above_ma60, avoid_chase, adx_trending, stronger_than_market, obv_uptrend, bb_squeeze_breakout, breakout_volume_confirm, cci_momentum, mfi_strong",,,605.5,99.5,98.1,39.6,0.97,True,182,D
2026-09-04,47.95,48.6,47.3,48.5,72405,3489721,6928,攸泰科技,,-0.4202846783767313,-0.5626717150693723,0.1423870366926409,48.3542798255037,49.045623107061004,49.49352973810425,49.623007348361135,13.054507621465532,1.740732620624612,97592.1,4801300.75,50.8,47.05,-0.0982736416373704,-0.0840879018655095,0.01890756302521,0.0114702815432741,47.95,0.4092507390253777,49.78039246249187,48.22749999999987,46.67460753750788,0.5877394947113195,0.0643986299307242,46.478873239436616,40.375586854460686,48.1,47.93999999999996,-3283777.0,-3434832.6,-53.52112676056338,-28.31982387671347,41.18352530056481,51.875,51.075,103637.6351666665,True,0.0048652983961492,26000.0,4.0,0.0,0.0,0.0,0.0,0.0140422646290607,0.0,0.0,0.1826,0.2771,0.0,0.86,0.06,0,False,0,False,False,False,False,0.7419145607072704,False,False,False,False,True,False,True,True,True,True,False,False,False,False,False,False,False,True,0.0,0.0,4.742268041237107,0.0,0.1801685239296847,True,False,False,False,False,False,False,-1.0,False,6,False,False,534.581167894229,15.0,3,False,3,False,False,False,False,"market_above_ma60, avoid_chase, foreign_buy_3d, stronger_than_market, kd_golden_cross, obv_uptrend",,,118.4,61.1,68.9,44.2,-0.22,False,95,D
2026-09-04,284.0,295.5,278.0,283.0,532250,152506436,6937,天虹,,4.163518117638375,2.847919102962835,1.3155990146755403,277.0772797439296,274.8744976801554,271.74691477046093,53.43522923237629,12.601420008756024,16.19721153093287,482199.1,138334415.55,293.5,260.0,0.0789019437392458,0.0335956015372557,-0.0324786324786324,0.0179856115107914,278.0,1.1217141324315498,300.18797642062094,278.05,255.9120235793791,0.6117988362158789,0.1592373775984241,48.0,50.93333333333309,285.1,279.55,19015664.0,16409799.35,-52.0,41.063369074639,71.86336159114215,267.125,292.0,103637.6351666665,True,0.0048652983961492,-14566.0,0.0,0.0,0.0,9740.0,1.0,-0.0373439308747817,0.0,0.0,0.6161,-0.4459,0.0,4.25,0.04,0,False,0,False,False,True,True,1.10379716594245,False,False,False,False,True,True,False,False,False,True,False,False,False,False,False,False,True,True,0.0,0.0,3.7102473498233217,0.0,1.7990008158096316,False,False,False,True,True,False,False,-1.0,False,6,True,False,442.62598144914006,12.6,3,True,3,False,False,False,False,"ema60_gt_ema120, market_above_ma60, avoid_chase, liquidity_ok, obv_uptrend, mfi_strong","long_upper_shadow, open_high_close_low",,18.6,55.3,56.4,37.6,0.35,False,255,D
2026-09-04,705.0,705.0,685.0,696.0,340084,235688637,6944,兆聯實業,,-31.35642690958582,-35.724356665154815,4.367929755568994,731.427933945894,807.1474570152699,819.3502969833977,36.19890304898755,26.844518637358544,27.754606070247515,268491.15,195110893.35,771.0,695.0,-0.3977746081780738,-0.8053030453187516,-0.0224719101123596,0.0014388489208632,695.0,1.7281197253267473,764.3693757928278,725.2,686.0306242071723,0.1272598246849414,0.1080236508351564,21.5686274509804,16.838665290678062,707.2,710.8,30573200.0,31084648.9,-85.52631578947368,-118.24953445065174,17.6684908838357,864.0,886.5,103637.6351666665,True,0.0048652983961492,-137788.0,0.0,1000.0,1.0,2226.0,1.0,-0.0273372085085088,0.0,0.0,0.2931,-0.0489,0.0,14.52,-0.17,0,False,0,False,False,False,False,1.2666488262276054,False,False,True,False,True,True,False,False,True,False,False,False,False,False,False,False,False,False,10.0,12.0,10.775862068965516,0.0,-0.2540422539603779,False,False,False,False,False,False,False,-1.0,False,5,False,False,401.6179812147515,14.7,3,False,3,False,True,False,True,"market_above_ma60, avoid_chase, liquidity_ok, adx_trending, kd_golden_cross",,close_below_ema20,76.3,66.7,49.5,22.2,0.88,False,27,D
2026-09-04,69.3,71.0,68.7,69.8,269535,18791206,6947,台鎔科技,,-2.260484665431477,-2.421286092214304,0.160801426782827,71.64300299049039,76.58740265630004,78.62060966943815,39.65300308188932,11.00697026423225,2.5143587135135026,291967.95,21143509.35,80.6,68.4,-0.5360373869971911,-0.5894989314689841,0.0,0.0204678362573098,68.4,1.0374267898668532,76.77171204199539,71.65999999999967,66.54828795800395,0.3180648689990085,0.1426657003068863,32.558139534883544,13.630490956072512,69.6,69.82999999999956,7708556.0,8399709.7,-75.00000000000013,-63.255998413642594,23.227693554042148,80.8,85.0,103637.6351666665,True,0.0048652983961492,35000.0,1.0,0.0,0.0,2000.0,1.0,-0.0048652983961492,0.0,0.0,0.4644,0.0727,0.0,0.2,-0.01,0,False,0,False,False,False,False,0.923166395489642,False,False,False,False,True,False,False,False,True,False,False,False,False,False,False,False,False,False,0.0,0.0,15.472779369627505,0.0,-0.2855382862228671,False,False,False,True,False,False,False,-1.0,False,3,True,False,215.805204520222,12.2,3,False,3,False,True,False,True,"market_above_ma60, avoid_chase, kd_golden_cross",long_upper_shadow,close_below_ema20,-109.5,25.9,10.9,22.2,0.22,False,27,D
2026-09-04,71.0,71.6,70.9,71.0,50851,3620817,6951,青新-創,,-0.3510417136208588,-0.4516855994637769,0.1006438858429181,71.75515550173108,73.6715522251662,75.2003054451125,38.79163117188234,23.75265983387593,0.7377564738017945,20385.05,1457165.8,72.3,71.2,-0.0129898362368096,-0.2042052270441432,-0.0138888888888888,-0.0111420612813369,71.8,0.9191398944719628,72.30663003543,71.7,71.09336996457,-0.076957914310835,0.0169213399004184,9.09090909090862,47.47474747474674,71.5800000000003,71.62999999999992,-1140418.0,-1135330.95,-80.00000000000018,-191.2932952017725,26.40807918794457,73.02499999999999,77.6,103637.6351666665,True,0.0048652983961492,-4000.0,0.0,0.0,0.0,-65.0,0.0,-0.018754187285038,0.0,0.0,0.2337,0.0888,0.0,1.65,0.0,0,False,0,False,False,False,False,2.4945241733525303,True,False,True,False,True,False,False,False,False,False,False,False,False,False,False,False,False,False,20.0,25.0,1.8309859154929533,15.0,-0.0272105258331684,False,False,False,False,False,False,False,-1.0,False,4,False,False,359.6187154235273,36.1,5,False,3,False,True,True,True,"volume_break, market_above_ma60, avoid_chase, adx_trending",,"close_below_ema20, close_below_swing_low",34.3,59.3,40.1,22.2,3.23,False,27,D
2026-09-04,32.1,32.3,31.45,31.95,1115333,35469474,6962,奕力-KY,,-0.2634920983802189,-0.4708863238374281,0.2073942254572092,31.83680363072915,33.245678352324575,34.799030257296934,49.2517457313813,15.881435573562452,1.1166181232493344,2833631.25,90999625.35,34.15,31.15,-0.2077804525822711,-0.4177818830197264,0.0256821829855538,0.0047169811320755,31.8,0.6294224575055012,34.164645738214205,31.86250000000009,29.56035426178597,0.5190040097261148,0.1445050286835062,39.682539682539655,42.05522486772437,32.009999999999856,31.68500000000004,-45560232.0,-55986307.0,-45.23809523809526,-0.8837825894824369,66.10166822355595,33.0625,35.0,103637.6351666665,True,0.0048652983961492,173000.0,3.0,0.0,0.0,-3185.0,0.0,0.0208168845894045,0.0,0.0,0.2391,0.2777,0.0,37.86,-1.19,0,False,0,False,False,False,False,0.3936055547100562,False,False,False,False,True,True,True,True,False,True,False,False,False,False,False,False,True,True,0.0,0.0,6.885758998435053,0.0,1.257060930648754,True,False,False,False,False,False,False,-1.0,False,7,False,False,604.0207867148856,15.9,3,False,3,False,False,False,False,"market_above_ma60, avoid_chase, liquidity_ok, foreign_buy_3d, stronger_than_market, obv_uptrend, mfi_strong",,,180.0,76.9,75.6,37.6,-0.83,False,255,D
2026-09-04,33.35,33.4,32.6,33.4,84665,2786879,6969,成信實業*-創,,0.7282338527835108,1.00519904541029,-0.2769651926267791,33.663234487165425,31.483799615747618,30.78788148168235,50.771056353011,21.32112006094933,1.626829573169964,173017.0,5901746.65,35.5,33.2,0.2124649651304798,0.6857780225647826,-0.0497866287339971,0.0014992503748125,33.35,0.5145476085856198,35.9076566206014,33.83249999999989,31.75734337939837,0.3957909982055896,0.1226723783700003,23.1884057971014,24.10628019323667,34.129999999999924,34.17499999999982,1960698.0,1646358.95,-66.66666666666671,-56.06207565470456,72.71764503642706,32.2375,31.4,103637.6351666665,True,0.0048652983961492,-3000.0,0.0,0.0,0.0,-225.0,0.0,-0.0546519271301464,0.0,0.0,-0.0651,0.0116,0.0,1.03,-0.18,0,False,0,False,False,True,True,0.4893449776611547,False,False,True,False,True,False,False,False,False,True,False,False,False,False,False,False,True,False,10.0,0.0,6.287425149700604,0.0,0.1755735612500229,False,False,True,False,False,False,False,-1.0,False,7,False,False,477.0003325116118,7.3,3,False,3,False,True,False,True,"ema60_gt_ema120, market_above_ma60, avoid_chase, adx_trending, obv_uptrend, mfi_strong, above_ichimoku_cloud",,close_below_ema20,94.5,83.3,61.1,33.3,-0.59,True,6,D
2026-09-04,35.3,35.65,34.85,35.2,406928,14306125,6994,富威電力,,-1.064401614395159,-1.3702769119462743,0.3058752975511156,36.25813400569532,42.28982701609541,52.558869177826026,37.8425842150076,28.101091583389543,1.157938514327814,427310.0,15352017.25,36.95,35.3,-0.0984226805228394,-0.7889127412479444,-0.0181311018131101,-0.0098452883263008,35.55,0.7286696147445652,37.03892504021874,35.86499999999997,34.69107495978119,0.2167621537930428,0.0654635460877611,14.893617021276649,32.5200945626475,35.579999999999565,35.84999999999964,742773.0,1331114.5,-77.77777777777769,-97.82161939991788,50.94265806690461,42.175,52.25,103637.6351666665,True,0.0048652983961492,-138000.0,0.0,0.0,0.0,21905.0,5.0,-0.0229964002092594,0.0,0.0,0.6337,0.1727,0.0,4.74,-0.34,0,False,0,False,False,False,False,0.9523016077320916,False,False,True,False,True,False,False,False,False,False,False,True,False,False,False,False,True,False,20.0,0.0,4.971590909090909,0.0,-0.2641725641741249,False,False,False,True,False,False,False,-1.0,False,5,True,False,401.3529453072314,9.0,3,False,3,False,True,True,True,"market_above_ma60, avoid_chase, adx_trending, dealer_buy_3d, mfi_strong",long_upper_shadow,"close_below_ema20, close_below_swing_low",76.1,63.0,49.4,22.2,0.28,False,27,D
2026-09-04,1820.0,1820.0,1820.0,1820.0,395227,719313140,7610,聯友金屬-創,,-38.96626817254855,-57.60683838409094,18.64057021154239,1661.988198910994,1670.6572471543243,1408.545640785018,55.46601201435142,12.413342423239635,145.12763305000206,585458.8,984540213.75,1950.0,1495.0,-0.9190614713462358,-0.67633431956171,0.2173913043478261,0.0996978851963745,1655.0,1.9766871537237936,1962.0629556233137,1692.0,1421.937044376686,0.7369817802381892,0.3192233518006074,100.0,58.66666666666666,1621.0,1615.0,42410349.0,42274341.85,-25.0,68.79526770534954,49.12380331565095,1832.5,1828.0,103637.6351666665,True,0.0048652983961492,-4000.0,0.0,0.0,0.0,32987.0,4.0,0.2125260059516769,0.0,0.0,7.2199,0.2905,0.0,19.82,0.25,0,False,0,False,False,True,True,0.6750722681083622,False,True,False,False,False,True,False,True,False,True,False,True,False,False,False,False,False,True,-20.0,0.0,7.142857142857142,0.0,0.0907772055591634,False,False,False,False,False,True,False,-1.0,False,7,True,False,602.8400491477936,42.0,5,False,3,False,False,False,False,"ema60_gt_ema120, rsi_strong, market_above_ma60, liquidity_ok, stronger_than_market, obv_uptrend, dealer_buy_3d",gap_chase_after_blowout,,277.6,88.9,75.5,22.2,-0.25,False,27,C
2026-09-04,144.5,146.5,142.0,146.0,66565,9592034,7631,聚賢研發-創,,1.304558389828344,1.5002591983763849,-0.1957008085480407,143.71113992870622,139.97172448264928,134.98296235032143,54.38616440498283,24.797869608647755,5.214614181761883,98889.95,14422084.3,148.0,141.0,0.1400054869640767,-0.0137422941258955,0.0068965517241379,0.0354609929078013,141.0,0.3256827558698515,150.1019269856141,144.425,138.7480730143859,0.6387194166836385,0.0786141870952273,47.61904761904762,23.280423280423445,144.5,145.15,2191898.0,1998286.0,-64.28571428571429,13.333333333333464,56.0977330629725,141.0,89.25,103637.6351666665,True,0.0048652983961492,15000.0,1.0,0.0,0.0,-1274.0,0.0,0.0020312533279887,0.0,0.0,1.2815,-0.0625,0.0,1.39,0.04,0,False,0,False,False,True,True,0.6731219906572913,False,False,True,False,True,False,False,True,True,True,False,False,False,False,False,False,True,False,0.0,0.0,1.36986301369863,15.0,0.2942705444915153,False,False,True,False,False,False,False,-1.0,False,9,False,False,720.2624664404711,13.2,3,False,3,False,False,False,False,"ema60_gt_ema120, market_above_ma60, avoid_chase, adx_trending, stronger_than_market, kd_golden_cross, obv_uptrend, mfi_strong, above_ichimoku_cloud",,,296.2,87.5,84.9,37.6,-0.37,False,255,D
2026-09-04,170.5,172.5,170.5,172.5,46692,8004081,7689,大鵬科CLMX,,-5.2374894022977685,-6.749574652307101,1.5120852500093322,176.72575796288083,195.7673378985756,204.47326415775137,37.741843411762325,21.49558839667703,5.609398832734277,93717.9,16310930.0,180.5,170.5,0.0492693962245867,-0.8462368705518842,-0.0226628895184135,0.0117302052785923,170.5,0.4420905056458596,180.0660016693019,174.375,168.6839983306981,0.3352662581251709,0.0652731374256848,19.047619047619047,12.698412698412236,173.1,175.9,-518190.0,-685930.85,-81.81818181818181,-63.49206349206363,59.923020975490495,204.375,213.5,103637.6351666665,True,0.0048652983961492,19343.0,6.0,0.0,0.0,0.0,0.0,-0.0275281879145627,0.0,0.0,0.2044,-0.0179,0.0,0.2,0.08,0,False,0,False,False,False,False,0.4982185900452315,False,False,True,False,True,False,True,False,True,True,False,False,False,False,False,False,True,False,20.0,0.0,4.63768115942029,0.0,0.5402654788241543,True,False,False,False,False,False,False,-1.0,False,7,False,False,581.4653716463422,8.2,3,False,3,False,True,False,True,"market_above_ma60, avoid_chase, foreign_buy_3d, adx_trending, kd_golden_cross, obv_uptrend, mfi_strong",,close_below_ema20,157.4,74.9,73.7,37.6,-0.66,False,255,D
2026-09-04,597.0,632.0,575.0,632.0,2356476,1431399909,7711,永擎,,59.978288566193214,49.835767458261614,10.1425211079316,501.15646711173895,416.3951906767828,378.1867184735153,75.15705779677027,49.621455545316856,34.47915200041491,1616571.2,813817974.35,610.0,461.5,1.7381064914410316,0.9088219254682152,0.2977412731006159,0.0991304347826087,575.0,1.0441198530107725,617.1628365534174,500.4,383.6371634465826,1.063535470208429,0.466678003810621,100.0,87.17308858153956,585.4,541.25,26192824.0,19675662.9,-0.0,190.87205234783315,66.25795384973257,301.375,347.5,103637.6351666665,True,0.0048652983961492,66441.0,3.0,0.0,0.0,55342.0,1.0,0.2928759747044667,0.0,0.0,2.8616,1.0166,0.0,3.33,0.83,0,False,0,False,False,True,True,1.457700100063641,False,True,True,True,False,True,True,True,False,True,False,False,False,False,False,False,True,True,-20.0,-25.0,-3.481012658227848,25.0,1.204265226327829,True,False,True,False,False,False,False,-1.0,False,11,False,False,934.0281837165704,47.3,10,False,3,False,False,False,False,"ema60_gt_ema120, rsi_strong, breakout_20d, market_above_ma60, liquidity_ok, foreign_buy_3d, adx_trending, stronger_than_market, obv_uptrend, mfi_strong, above_ichimoku_cloud",,,517.8,92.6,96.0,44.2,0.87,False,95,C
2026-09-04,190.0,193.0,175.5,186.5,253549,46478986,7730,暉盛-創,,4.095854256448831,2.365381937478851,1.73047231896998,173.6786165437151,171.89269894289689,165.80675233553612,59.67576585885918,17.099834175886365,9.836224526537324,122231.05,21449235.25,188.0,167.0,0.6336039307935245,-0.1271303551507537,0.0536723163841807,-0.0079787234042553,188.0,3.0836511829308138,189.9419387417097,172.075,154.20806125829026,0.9036785542429092,0.2076645502450644,71.11111111111111,68.37037037037044,178.3,178.75,2542578.0,2289657.35,-18.05555555555556,138.72416891284823,83.47606551473788,160.0,190.0,103637.6351666665,True,0.0048652983961492,-45000.0,0.0,0.0,0.0,-4475.0,0.0,0.0488070179880315,0.0,0.0,0.4404,-0.1876,0.0,2.42,-0.05,0,False,0,False,False,True,True,2.0743419941168795,True,True,False,False,False,False,False,True,False,True,False,False,False,False,False,False,True,False,-10.0,-25.0,0.8042895442359249,25.0,0.8511763911144059,False,False,False,False,False,False,False,-1.0,False,7,False,False,555.9575366345416,44.2,3,False,3,False,False,False,False,"ema60_gt_ema120, volume_break, rsi_strong, market_above_ma60, stronger_than_market, obv_uptrend, mfi_strong",,,131.9,71.8,71.3,37.6,1.98,False,255,D
2026-09-04,129.0,135.0,128.0,132.0,78660,10206239,7740,熙特爾-創,,-5.475401430222746,-4.89194916943962,-0.5834522607831261,138.05806054211956,148.7677722569235,158.64150503469617,40.65741134097556,13.901479386267964,5.7398021188240325,223922.35,33752507.5,177.0,129.0,-1.0661073815009925,-0.2956216183344176,-0.0149253731343284,0.0232558139534884,129.0,0.3485250978512882,162.16366983128825,140.325,118.48633016871172,0.3093977319975605,0.3112584333695102,45.45454545454545,28.53082549634261,130.7,133.2,-6789857.0,-6405499.0,-71.42857142857143,-81.2260536398466,37.05076706726305,152.5,167.5,103637.6351666665,True,0.0048652983961492,4000.0,1.0,0.0,0.0,-3718.0,0.0,-0.0197906715304776,0.0,0.0,15.2878,-0.1883,0.0,4.88,0.07,0,False,0,False,False,False,False,0.3512824869871185,False,False,False,False,True,False,False,False,True,False,False,False,False,False,False,False,False,False,0.0,0.0,34.090909090909086,0.0,-0.6855570083696456,False,False,False,False,False,False,False,-1.0,False,3,False,False,205.28614076943543,11.1,3,False,3,False,True,False,True,"market_above_ma60, avoid_chase, kd_golden_cross",,close_below_ema20,-120.0,22.2,9.1,22.2,-0.87,False,27,D
2026-09-04,364.5,369.0,359.0,368.5,149005,54315959,7749,意騰-KY,,0.9624025037895194,-1.9137992572191145,2.876201761008634,362.80999502893474,383.07273952589753,407.37340506297545,52.09841540044109,16.441628963689134,15.02595442823574,194588.85,70790334.6,382.0,347.5,0.3660263060602782,-0.5770622127349307,-0.0094086021505376,0.0137551581843191,363.5,0.6417581935044762,391.7151199288232,359.3,326.88488007117684,0.64190908471419,0.1804348451367836,33.898305084745765,38.853914447134834,367.0,372.05,-5442800.0,-4653211.95,-28.676470588235293,25.07565931690464,34.516723544099875,363.375,429.0,103637.6351666665,True,0.0048652983961492,60000.0,2.0,0.0,0.0,5.0,1.0,-0.0142739005466868,0.0,0.0,0.4267,0.2842,0.0,22.91,-1.01,0,False,0,False,False,False,False,0.7657427442528182,False,False,False,False,True,True,False,False,False,False,False,False,False,False,False,False,False,False,0.0,0.0,3.6635006784260513,0.0,-0.5708884234197773,True,False,False,False,False,False,False,-1.0,False,3,False,False,195.80676636149087,11.5,3,False,3,False,False,False,False,"market_above_ma60, avoid_chase, liquidity_ok",,,-228.3,6.7,7.6,37.6,-0.21,False,255,D
2026-09-04,280.0,288.5,280.0,282.5,96312,27512176,7768,頌勝科技,,-0.8950961761560734,-2.168969378621413,1.27387320246534,284.6113307565293,304.92667363352894,316.0315747799027,47.97172922888675,20.04553327505847,13.166502471872027,104696.15,30145106.8,310.0,278.0,0.4746250508842354,-0.5846172271349883,-0.027538726333907,0.0161870503597121,278.0,0.7197492554435782,308.3156441843406,282.1,255.88435581565943,0.5076290324431338,0.1858606464682069,20.454545454545453,13.322246858832536,286.1,287.55,4813971.0,4511388.15,-65.76576576576576,6.153846153846155,67.96231345096777,284.25,338.0,103637.6351666665,True,0.0048652983961492,-31000.0,0.0,0.0,0.0,0.0,0.0,-0.0324040247300563,0.0,0.0,0.0269,-0.0603,0.0,1.06,-0.04,0,False,0,False,False,False,False,0.9199192138392864,False,False,True,False,True,False,False,False,True,True,False,False,False,False,False,False,True,False,10.0,0.0,9.734513274336283,0.0,0.6192776540965094,False,False,False,True,False,False,False,-1.0,False,6,True,False,446.630523987551,9.6,3,False,3,False,True,False,True,"market_above_ma60, avoid_chase, adx_trending, kd_golden_cross, obv_uptrend, mfi_strong",long_upper_shadow,close_below_ema20,22.6,55.7,57.5,37.6,0.05,False,255,D
2026-09-04,6070.0,6125.0,5885.0,5980.0,412749,2464228565,7769,鴻勁,,-129.9906833923542,-73.57491841892329,-56.415764973430896,6183.152123625505,6271.954905711888,5839.764958048677,44.40543383252964,10.293862046229496,332.98370621208903,614502.0,3837045601.0,6770.0,5710.0,-0.607879720934563,-0.2338841212598769,-0.0785824345146378,0.018739352640545,5870.0,1.5154397126662238,6884.043729677673,6298.75,5713.456270322327,0.2277008245282766,0.185844407121309,39.130434782608695,22.29632338704444,5858.0,6092.5,71762944.0,71086908.4,-68.83116883116882,-93.5316820557916,30.699339884378617,5986.25,6762.5,103637.6351666665,True,0.0048652983961492,40559.0,4.0,-6000.0,0.0,-1998.0,0.0,-0.0834477329107871,0.0,0.0,1.0083,-0.0105,0.0,19.82,0.23,0,False,0,False,False,False,True,0.6716804827323589,False,False,False,False,True,True,True,False,False,True,False,False,False,False,False,False,False,False,0.0,0.0,13.210702341137123,0.0,0.4798940525752548,True,False,False,False,True,True,False,-1.0,False,6,True,False,447.47553345822666,8.4,3,False,3,False,True,False,True,"ema60_gt_ema120, market_above_ma60, avoid_chase, liquidity_ok, foreign_buy_3d, obv_uptrend","open_high_close_low, gap_chase_after_blowout",close_below_ema20,23.4,56.1,57.6,37.6,-0.37,False,255,D
2026-09-04,116.5,117.5,116.5,116.5,71301,8319940,7786,東方風能,,-2.552192311635949,-2.002066179596962,-0.550126132038987,120.73537298015276,124.7215008905505,133.39930916163533,35.8149211271047,15.490306267333663,3.250045044943064,172865.65,21398036.4,132.0,116.5,-0.6202847232025238,-0.1158202791828761,-0.0291666666666666,0.0,116.5,0.2733183000335896,131.48116372013766,122.2,112.91883627986236,0.1929264383283898,0.1519012065488978,9.090909090909092,7.474747474747346,116.8,118.55,-12405927.0,-11871542.4,-95.23809523809524,-97.29729729729748,16.00065660249753,126.5,125.0,103637.6351666665,True,0.0048652983961492,-1000.0,0.0,0.0,0.0,0.0,0.0,-0.0340319650628159,0.0,0.0,0.2266,-0.0153,0.0,2.16,0.03,0,False,0,False,False,False,False,0.4124648245617333,False,False,False,False,True,False,False,False,True,False,False,False,False,False,False,False,False,False,20.0,12.0,13.304721030042918,0.0,-1.2495226478841626,False,False,False,False,False,False,False,-1.0,False,3,False,False,231.13037647100737,6.6,3,False,3,False,True,False,True,"market_above_ma60, avoid_chase, kd_golden_cross",,close_below_ema20,-94.1,33.3,13.7,22.2,-0.76,False,27,D
2026-09-04,319.0,339.5,315.0,335.0,4593320,1496116629,7788,松川精密,,23.53011319446034,18.038740837268875,5.491372357191466,285.1379650326475,251.5934151661829,224.5462574362152,70.94668379201664,33.589045381728674,21.063866932927503,2503324.2,726895843.2,327.5,248.5,1.5322144125155563,0.1357564745768513,0.0229007633587785,0.0634920634920634,315.0,1.5249612827121533,341.7841000592412,281.1,220.41589994075883,0.9441031501446144,0.4317616510796242,88.23529411764706,75.49019607843123,320.5,301.3,25423991.0,21466008.3,-11.764705882352942,132.67489711934184,62.62087897713208,216.375,238.5,103637.6351666665,True,0.0048652983961492,-443296.0,0.0,0.0,0.0,63258.0,1.0,0.0180354649626293,0.0,0.0,0.9938,0.1909,0.0,9.72,-1.26,0,False,0,False,False,True,True,1.834888185877003,True,True,True,True,True,True,False,True,False,True,False,False,False,True,False,False,True,True,-20.0,-25.0,-2.238805970149253,25.0,0.7163570477031828,False,False,True,False,False,False,False,-1.0,False,13,False,False,916.9451664312082,36.3,8,True,3,False,False,False,False,"ema60_gt_ema120, volume_break, rsi_strong, breakout_20d, market_above_ma60, avoid_chase, liquidity_ok, adx_trending, stronger_than_market, obv_uptrend, breakout_volume_confirm, mfi_strong, above_ichimoku_cloud",,,498.1,95.6,95.4,39.6,1.24,False,182,C
2026-09-04,508.0,520.0,492.5,505.0,1085335,546585383,7795,長廣,,11.917113334335795,20.07183413572137,-8.154720801385583,517.7902168594125,482.7985192230201,439.7982049147075,49.070992440277,20.03369673437944,42.59098771847105,1414439.05,749366318.85,580.0,489.0,0.1810349609429402,0.2813338537323119,-0.1046099290780141,0.0327198364008181,489.0,0.4735951129049625,602.5873551731916,533.0,463.4126448268085,0.2988140235369445,0.2611157792615067,13.91304347826087,9.697204968943575,511.0,536.3,33122496.0,32867927.5,-86.77685950413223,-71.18353344768474,47.864234197160144,448.75,497.5,103637.6351666665,True,0.0048652983961492,190019.0,1.0,-1000.0,0.0,1000.0,1.0,-0.1094752274741633,0.0,0.0,0.6101,0.0456,0.0,6.65,0.13,0,False,0,False,False,True,True,0.7673253930595313,False,False,True,False,True,True,False,False,True,True,False,False,False,False,False,False,False,False,20.0,0.0,14.85148514851485,0.0,0.0348800192666498,False,False,True,True,True,False,False,-1.0,False,8,True,False,598.0918141617951,12.7,3,False,3,False,True,False,True,"ema60_gt_ema120, market_above_ma60, avoid_chase, liquidity_ok, adx_trending, kd_golden_cross, obv_uptrend, above_ichimoku_cloud","long_upper_shadow, open_high_close_low",close_below_ema20,179.3,76.9,75.2,39.6,-0.21,False,182,D
2026-09-04,60.7,60.9,60.4,60.7,40705,2466209,7818,溢泰實業,,-1.204896197353122,-1.2532142881164403,0.0483180907633185,61.92988092541388,66.74592182181351,75.5923739214047,34.11658309350864,18.56003940357026,1.1502219644526923,69680.35,4305655.0,63.4,60.2,-0.2593974445903461,-0.1046196064962502,-0.0016447368421051,-0.0016447368421051,60.8,1.2225092983900572,64.01437341462778,61.92000000000007,59.82562658537236,0.2087434381378147,0.0676477201107142,34.21052631578955,34.21052631579005,60.55999999999985,61.12999999999956,-4184130.0,-4310491.55,-65.78947368421045,-89.25189393939512,54.39018527643312,66.44999999999999,65.45,103637.6351666665,True,0.0048652983961492,-5000.0,0.0,0.0,0.0,0.0,0.0,-0.0065100352382544,0.0,0.0,0.1338,0.1089,0.0,0.45,-0.02,0,False,0,False,False,False,False,0.5841675594339006,False,False,False,False,True,False,False,False,False,True,False,False,False,False,False,False,True,False,0.0,0.0,4.448105436573304,0.0,0.1664758394223689,False,False,False,False,False,False,False,-1.0,False,4,False,False,282.83938566740744,9.4,3,False,3,False,True,False,True,"market_above_ma60, avoid_chase, obv_uptrend, mfi_strong",,close_below_ema20,-42.4,44.4,23.8,22.2,-0.43,False,27,D
2026-09-04,906.0,924.0,896.0,922.0,99311,90542599,7822,倍利科,,5.178400774300599,1.4768989431828676,3.701501831117731,912.476767333055,965.7810776073673,1017.1096450292814,51.30843696148444,10.962394873497628,46.49053320616808,188174.45,172842935.3,957.0,898.0,0.387516534796168,-0.468933931378992,-0.0325288562434418,0.0267260579064587,898.0,0.6335182093219354,965.0266439794668,908.95,852.8733560205334,0.616358603813545,0.1233877418548141,34.065934065934066,26.919413919414485,920.8,928.2,6150149.0,6094770.7,-53.07692307692308,10.661287998847556,74.1732756033107,914.75,1015.0,103637.6351666665,True,0.0048652983961492,28000.0,1.0,0.0,0.0,1530.0,4.0,-0.037394154639591,0.0,0.0,0.634,0.0778,0.0,0.77,-0.11,0,False,0,False,False,False,False,0.5277602777635327,False,False,False,False,True,True,False,False,True,True,False,True,False,False,False,False,True,False,0.0,0.0,3.7960954446854656,0.0,0.0945226538207892,False,False,False,False,False,False,False,-1.0,False,7,False,False,496.4118746234848,9.5,3,False,3,False,False,False,False,"market_above_ma60, avoid_chase, liquidity_ok, kd_golden_cross, obv_uptrend, dealer_buy_3d, mfi_strong",,,72.3,63.1,63.3,37.6,-0.61,False,255,D
2026-09-04,295.0,295.0,289.5,293.5,245676,71719674,8016,矽創,,-1.3126660394435137,-0.9394015539893132,-0.3732644854542002,295.52274529116954,292.7332051760754,275.0578900729442,48.34913201942131,8.762403700219322,11.46991999566212,840850.0,252028858.2,315.5,289.0,-0.3111401716807067,-0.1147575191336918,-0.0084459459459459,0.0120689655172414,290.0,0.5598948474858823,313.8323272414172,298.475,283.11767275858284,0.3380252005510782,0.1029052834670721,33.333333333333336,29.29292929292933,293.0,294.5,70422424.0,71515639.8,-51.11111111111112,-65.27328522849794,52.29762255683871,297.0,313.75,103637.6351666665,True,0.0048652983961492,31403.0,1.0,-797.0,0.0,-910.0,0.0,-0.0133112443420951,0.0,0.0,0.3448,0.0193,0.0,46.42,-0.03,0,False,0,False,False,True,True,0.2921757745138847,False,False,False,False,True,True,False,False,True,False,False,False,False,False,False,False,True,False,0.0,0.0,7.495741056218058,0.0,-0.1361256904749488,False,False,False,False,False,False,False,-1.0,False,6,False,False,401.2882494594394,11.4,3,False,3,False,True,False,True,"ema60_gt_ema120, market_above_ma60, avoid_chase, liquidity_ok, kd_golden_cross, mfi_strong",,close_below_ema20,-22.8,43.9,49.3,37.6,-1.0,False,255,X
2026-09-04,15.85,15.85,15.65,15.7,246571,3872206,8011,台通,,-0.1920910372562385,-0.2032686698168604,0.0111776325606219,16.034189758240796,16.78033019542623,17.85612294465245,39.313996654449646,26.077466685052773,0.3515853767245859,334808.3,5380737.15,16.5,15.75,-0.1351865133950294,-0.2529446492621778,-0.0248447204968945,-0.0031746031746032,15.75,1.0291697433322504,16.394605057916085,16.015000000000054,15.635394942084025,0.0850950962964605,0.0474061889373749,7.14285714285698,14.502164502164304,15.85,15.950000000000092,18132479.0,18532073.45,-86.66666666666674,-136.26126126126172,39.67405333384192,16.4875,17.450000000000003,103637.6351666665,True,0.0048652983961492,-29000.0,0.0,0.0,0.0,0.0,0.0,-0.0297100188930438,0.0,0.0,-0.3133,-0.1343,0.0,2.86,-0.3,0,False,0,False,False,False,False,0.7364542635293092,False,False,True,False,True,False,False,False,False,False,False,False,False,False,False,False,False,False,20.0,25.0,5.0955414012738895,0.0,-0.1860290249222711,False,False,False,False,False,False,False,-1.0,False,3,False,False,210.1321943362259,6.4,5,False,3,False,True,True,True,"market_above_ma60, avoid_chase, adx_trending",,"close_below_ema20, close_below_swing_low",-213.9,8.2,9.8,37.6,-0.26,False,255,D
2026-09-04,425.0,426.0,413.0,420.0,6332673,2659196942,8021,尖點,,2.674106531241364,-0.5413818840314245,3.2154884152727883,422.7960594341017,427.1997329171126,395.762888190164,49.27801129317864,11.059550643844004,31.46207328989948,5954372.25,2546428395.5,459.0,388.5,0.0818154870303397,-0.6174664756779705,-0.0748898678414097,0.0157194679564691,413.5,2.413463514326144,461.5489243656018,423.2000000000004,384.85107563439897,0.4582778389102517,0.1812331019168307,50.81967213114754,62.659380692167055,435.5,426.5,1352855422.0,1338229783.0,-49.18032786885246,-17.922024903041297,58.01754261885662,407.0,456.0,103637.6351666665,True,0.0048652983961492,203058.0,1.0,-373000.0,0.0,6936.0,1.0,-0.0797551662375589,0.0,0.0,1.0256,0.0733,0.0,15.18,-3.4,0,False,0,False,False,False,True,1.06353327170635,False,False,False,False,True,True,False,False,False,True,False,False,False,False,False,False,True,True,0.0,0.0,9.285714285714286,0.0,0.77402055839685,False,False,False,False,True,False,False,-1.0,False,6,True,False,414.9235794178257,12.5,3,True,3,False,True,False,True,"ema60_gt_ema120, market_above_ma60, avoid_chase, liquidity_ok, obv_uptrend, mfi_strong",open_high_close_low,close_below_ema20,-9.1,47.5,51.4,37.6,0.29,False,255,D
2026-09-04,242.0,244.0,234.5,239.0,1322617,315311070,8028,昇陽半導體,,-9.527413407157551,-10.234752014640453,0.7073386074828996,251.5911944573704,266.80252504995804,256.34483691961134,40.89671745386843,21.52574932375891,12.824433806445754,2628510.7,667780317.0,267.5,236.5,-0.5208630314282756,-0.5470202030766629,-0.0401606425702811,0.0105708245243127,236.5,0.6765188897371339,270.145283662949,250.8,231.454716337051,0.1950161030049946,0.1542686097523843,32.0,37.333333333333336,243.4,244.55,188471533.0,191292752.0,-76.47058823529412,-96.45250940003278,37.14867173965146,284.375,296.0,103637.6351666665,True,0.0048652983961492,-112890.0,0.0,-1000.0,0.0,11864.0,1.0,-0.0450259409664304,0.0,0.0,0.3653,0.0659,0.0,25.33,-0.21,0,False,0,False,False,False,True,0.5031811359946147,False,False,True,False,True,True,False,False,False,False,False,False,False,False,False,False,False,False,0.0,12.0,11.92468619246862,0.0,-0.3508407461574482,False,False,False,False,True,False,False,-1.0,False,5,True,False,347.8217224060567,8.8,3,False,3,False,True,False,True,"ema60_gt_ema120, market_above_ma60, avoid_chase, liquidity_ok, adx_trending",open_high_close_low,close_below_ema20,-76.2,32.5,37.5,37.6,-0.65,False,255,D
2026-09-04,307.0,321.0,295.5,297.5,40392394,12392791079,8039,台虹,,27.079464784818697,29.73572252637826,-2.656257741559564,285.1565639440211,228.48796655849253,186.68753482320173,56.87060083414528,36.39745645879732,25.339180164426782,40110289.35,11566059825.35,352.5,265.0,1.9188529662325096,1.5646405931561604,-0.1339155749636099,0.0153583617747439,293.0,1.0206287787364663,358.6131133201404,284.35,210.08688667985967,0.5885365520787671,0.5223359473897685,36.66666666666666,40.31746031745994,310.0,312.3,489452421.0,565838372.35,-62.735849056603776,44.00937081659965,46.24386614183072,202.125,191.5,103637.6351666665,True,0.0048652983961492,-3816273.0,0.0,56000.0,1.0,205858.0,1.0,-0.1387808733597592,0.0,0.0,-0.0606,0.0144,0.0,18.39,-3.76,0,False,0,False,False,True,True,1.0070332240073954,False,True,True,False,True,True,False,False,False,False,False,False,False,False,False,False,False,False,0.0,0.0,18.487394957983195,0.0,-1.9699060038599927,False,False,True,False,True,False,False,-1.0,False,7,True,False,436.4314601937541,12.9,8,False,3,False,False,False,False,"ema60_gt_ema120, rsi_strong, market_above_ma60, avoid_chase, liquidity_ok, adx_trending, above_ichimoku_cloud",open_high_close_low,,17.6,54.4,55.1,39.6,0.12,False,182,D
2026-09-04,90.5,93.4,89.2,92.8,395354,36055635,6840,東研信超,,6.932302561353154,6.8191414498420535,0.1131611115111006,85.07861021295209,74.49308011488195,69.82706204331095,69.25117455125552,39.6058704644428,4.308519770244527,618441.2,53103234.75,98.4,82.7,1.7449381731207554,0.643131988147481,-0.0569105691056911,0.0299667036625972,90.1,0.7754969744856542,103.04196110328824,84.4800000000001,65.91803889671198,0.7241142504744841,0.4394403670286009,61.9047619047619,58.17460317460306,92.33999999999942,91.62000000000008,14645352.0,12725655.3,-32.72727272727274,70.0771270185588,65.20481530484497,60.95,67.05000000000001,103637.6351666665,True,0.0048652983961492,33901.0,1.0,0.0,0.0,-8896.0,0.0,-0.0617758675018403,0.0,0.0,0.1712,-0.0752,0.0,0.0,0.0,0,False,0,False,False,True,True,0.6392750030237313,False,True,True,False,True,True,False,False,True,True,False,False,False,False,False,False,True,True,0.0,0.0,6.034482758620699,0.0,0.71246852914129,False,False,True,False,False,False,False,-1.0,False,10,False,False,759.9423723799327,7.0,8,False,3,False,False,False,False,"ema60_gt_ema120, rsi_strong, market_above_ma60, avoid_chase, liquidity_ok, adx_trending, kd_golden_cross, obv_uptrend, mfi_strong, above_ichimoku_cloud",,,332.2,87.2,87.7,40.4,-0.4,False,47,D
2026-09-04,120.5,120.5,120.5,120.5,1284,154100,6855,數泓科,,-7.174322168688548,-8.761046247543176,1.586724078854628,78.35673081659607,91.83145535425814,96.27130033644526,52.42670653543669,10.23569172748919,61.56475198617011,6572.85,764439.05,118.5,0.0,,,0.0387931034482758,inf,0.0,0.0157550022132026,187.2715327108524,75.875,-35.521532710852355,0.7002979756822028,2.9363171719499794,100.0,66.24472573839618,70.7,70.35,287858.0,263561.45,-0.0,56.346148806247854,69.43853082395886,59.75,68.0,103637.6351666665,True,0.0048652983961492,0.0,0.0,0.0,0.0,0.0,0.0,0.0339278050521265,0.0,0.0,0.5985,0.1403,0.0,0.0,0.0,0,False,0,True,True,True,False,0.1953490494990757,False,False,False,True,True,False,False,True,False,True,False,False,False,False,True,False,True,True,-20.0,0.0,-1.6597510373443984,25.0,0.6584230948885198,False,False,True,False,False,False,False,-1.0,False,10,False,False,744.854567633653,42.6,3,False,3,False,False,False,False,"macd_golden_cross, breakout_20d, market_above_ma60, avoid_chase, hist_turn_positive, stronger_than_market, obv_uptrend, williams_r_recovery, mfi_strong, above_ichimoku_cloud",,,317.1,85.1,86.9,40.4,-0.73,False,47,X
2026-09-04,115.0,115.0,112.5,115.0,29631,3388741,6859,伯特光,,1.691970514910608,0.8281149317920918,0.8638555831185161,109.13251149019416,110.68878893725932,113.36278560777843,61.11903421140968,24.79742322012929,4.052079283655116,54792.95,5967591.6,113.5,107.5,0.5516075212283597,-0.3614716278728519,0.0648148148148148,0.0267857142857141,112.0,1.0144625213685037,117.14646021913248,108.32000000000008,99.49353978086766,0.8784076421440283,0.1629700926723118,94.73684210526316,78.94736842105279,112.2,110.45,2036764.0,1947925.65,-4.3478260869565215,131.7507201983738,71.39446456088666,106.125,117.0,103637.6351666665,True,0.0048652983961492,9000.0,1.0,0.0,0.0,166.0,3.0,0.0599495164186656,0.0,0.0,0.0024,0.2675,0.0,0.0,0.0,0,False,0,False,False,True,False,0.5407812501425823,False,True,True,True,False,False,False,True,False,True,False,True,False,False,False,True,True,True,-20.0,-12.0,-1.3043478260869563,25.0,0.2923828232415431,False,False,False,False,False,False,False,-1.0,False,9,False,False,736.9164063803244,21.8,5,False,3,False,False,False,False,"rsi_strong, breakout_20d, market_above_ma60, adx_trending, stronger_than_market, obv_uptrend, dealer_buy_3d, cci_momentum, mfi_strong",,,364.0,84.3,86.3,42.9,-0.43,False,70,D
2026-09-04,113.0,113.5,110.0,110.5,27703,3076833,6877,鏵友益,,-3.384385261980114,-2.9096694919042294,-0.4747157700758846,116.76219855755186,124.17023227899853,124.69175028922646,37.7465403704039,22.39606345841139,4.841842820849714,43351.2,5121262.55,128.5,110.0,-0.7680925707659333,-0.2651469404825943,-0.0515021459227468,0.0045454545454546,110.0,1.992350016380044,130.02126845645256,118.55,107.07873154354742,0.1491233715539157,0.193526249792536,10.526315789473683,17.027863777089806,112.5,114.2,12406153.0,12500995.75,-92.0,-102.43246546876924,24.27736518362734,120.0,143.0,103637.6351666665,True,0.0048652983961492,1000.0,4.0,0.0,0.0,0.0,0.0,-0.056367444318896,0.0,0.0,0.3895,2.4348,0.0,0.0,0.0,0,False,0,False,False,False,False,0.6390365203270036,False,False,True,False,True,False,True,False,False,False,False,False,False,False,False,False,False,False,20.0,12.0,16.289592760180994,0.0,-0.3073251013153855,True,False,False,False,True,False,False,-1.0,False,4,True,False,359.70246398748543,6.6,3,False,3,False,True,False,True,"market_above_ma60, avoid_chase, foreign_buy_3d, adx_trending",open_high_close_low,close_below_ema20,-68.1,36.2,40.3,40.4,-0.4,False,47,D
2026-09-04,349.0,353.0,346.0,353.0,23853,8345908,6894,衛司特,,3.524654461089142,0.8640958335025182,2.6605586275866235,342.2779407031952,341.8644186281298,330.8371629570869,57.600888668128384,16.84468606005593,11.760321124395404,48654.85,16808611.45,356.0,324.0,0.1916459910241421,-0.1380282281596923,0.007132667617689,0.0114613180515759,349.0,0.6349940252900278,361.0309296037999,340.0,318.9690703962001,0.8090686014576155,0.1237113506105876,61.11111111111112,60.49382716049392,353.5,343.0,6116243.0,5810639.65,-38.888888888888886,78.37780408584526,56.53777778113687,327.375,356.5,103637.6351666665,True,0.0048652983961492,5000.0,1.0,0.0,0.0,831.0,1.0,0.0022673692215398,0.0,0.0,0.6988,-0.0332,0.0,0.0,0.0,0,False,0,False,False,True,True,0.4902491735150761,False,True,False,False,True,False,False,True,True,True,False,False,False,False,False,False,True,True,0.0,-12.0,0.84985835694051,25.0,1.8639075679857189,False,False,False,False,False,False,False,-1.0,False,8,False,False,645.2693825509793,12.8,3,True,3,False,False,False,False,"ema60_gt_ema120, rsi_strong, market_above_ma60, avoid_chase, stronger_than_market, kd_golden_cross, obv_uptrend, mfi_strong",,,291.7,84.2,79.6,31.6,-0.31,False,19,D
2026-09-04,49.75,50.4,49.75,50.0,4000,200450,6899,創為精密,,-0.567416659927737,-0.7040699954072881,0.136653335479551,50.34655225441156,52.44288717908475,53.36192909456257,41.24711059694737,20.18697532665329,0.6998619792142405,11750.2,592272.9,51.0,49.7,-0.1003930230585147,-0.3869429268085284,-0.0099009900990099,0.0060362173038228,49.7,0.7349256722899615,51.025809365358285,50.27250000000022,49.51919063464216,0.319131413645245,0.0299690433281838,39.39393939393934,30.303030303030635,49.93000000000029,50.03500000000022,2402921.0,2409765.05,-60.60606060606066,-56.81818181817935,26.54955202352579,52.825,58.55,103637.6351666665,True,0.0048652983961492,0.0,0.0,0.0,0.0,0.0,0.0,-0.0147662884951591,0.0,0.0,0.0621,-0.0959,0.0,0.0,0.0,0,False,0,False,False,False,False,0.3404197375363823,False,False,True,False,True,False,False,False,True,False,False,False,False,False,False,False,False,False,0.0,0.0,2.0,8.0,-0.040612838177899,False,False,False,False,False,False,False,-1.0,False,4,False,False,285.91684331722905,7.4,5,False,3,False,True,False,True,"market_above_ma60, avoid_chase, adx_trending, kd_golden_cross",,close_below_ema20,-87.0,34.3,24.5,42.9,-0.63,False,70,D
2026-09-04,155.0,158.0,153.0,156.5,48943,7612571,6895,宏碩系統,,9.046034538425488,5.8607701901695775,3.1852643482559104,142.02632902413964,139.4042158580139,150.80142061650298,65.06933304580556,31.83443493308168,7.332050188083743,81830.65,11868691.7,167.5,134.0,2.0629030844243235,-0.2546723610245656,0.0503355704697987,0.0228758169934639,153.0,1.3386525698257812,170.86795513811774,136.05,101.23204486188229,0.793670319220038,0.5118405753490294,66.66666666666667,68.79381542302872,160.4,151.35,-90639.0,-578711.95,-24.761904761904763,89.7741774399378,76.28025023356184,127.875,144.25,103637.6351666665,True,0.0048652983961492,7000.0,1.0,0.0,0.0,-11.0,0.0,0.0454702720736495,0.0,0.0,-0.4104,0.2607,0.0,0.0,0.0,0,False,0,False,False,True,False,0.5981010782634625,False,True,True,False,False,False,False,True,False,True,False,False,False,False,False,False,True,True,0.0,0.0,7.028753993610224,0.0,1.1702044097705473,False,False,True,False,False,False,False,-1.0,False,7,False,False,560.0234636998812,21.3,8,True,3,False,False,False,False,"rsi_strong, market_above_ma60, adx_trending, stronger_than_market, obv_uptrend, mfi_strong, above_ichimoku_cloud",,,92.4,69.0,71.7,45.2,-0.52,False,126,D
2026-09-04,182.0,183.5,176.5,181.5,737771,132883492,6907,雅特力-KY,,0.3392129703503315,0.9478802260777548,-0.6086672557274233,184.21008573091493,174.2844270051461,151.94164275711077,48.72072232847035,14.091557542375714,12.948869142467457,2176694.6,405309703.85,194.0,177.5,0.1399928839769257,0.4224333612547421,-0.0241935483870967,0.0225352112676056,177.5,0.6628049736704588,198.0085843933288,183.625,169.2414156066712,0.426131069214375,0.156662593800722,39.130434782608695,47.10144927536263,183.7,184.2,37729560.0,32286002.55,-72.97297297297297,-42.472506636328674,67.59251655547638,191.0,177.5,103637.6351666665,True,0.0048652983961492,22809.0,1.0,0.0,0.0,-4375.0,0.0,-0.0290588467832459,0.0,0.0,1.9845,0.0913,0.0,0.0,0.0,0,False,0,False,False,True,True,0.3389409795935543,False,False,False,False,True,True,False,False,False,True,False,False,False,False,False,False,True,False,0.0,0.0,6.887052341597796,0.0,0.5110547193745075,False,False,False,True,True,False,False,-1.0,False,6,True,False,404.5220664284296,13.8,3,False,3,False,True,False,True,"ema60_gt_ema120, market_above_ma60, avoid_chase, liquidity_ok, obv_uptrend, mfi_strong","long_upper_shadow, open_high_close_low",close_below_ema20,-63.1,42.9,50.1,45.2,-0.9,False,126,D
2026-09-04,310.0,314.0,302.0,312.5,227312,70145997,6903,巨漢,,-6.768502604612877,-8.465529671136597,1.6970270665237202,315.9318197047991,336.22347700886854,332.00435685392034,45.55163847355536,14.03627480889082,12.951344505459936,316978.7,100158560.35,324.0,304.5,-0.1510039178789512,-0.5208406088269467,-0.0141955835962145,0.0229132569558101,305.5,0.7342128944127867,325.7325955254018,314.25,302.7674044745982,0.4237977164601569,0.0730793669078873,56.86274509803921,44.44444444444465,311.8,311.4,46944607.0,46814170.5,-63.29113924050633,-79.26322043969104,42.62212342008712,335.25,359.0,103637.6351666665,True,0.0048652983961492,-7563.0,0.0,0.0,0.0,15151.0,1.0,-0.0190608819923637,0.0,0.0,1.6093,-0.1602,0.0,0.0,0.0,0,False,0,False,False,False,True,0.7171207402894895,False,False,False,False,True,True,False,False,True,True,False,False,False,False,False,False,False,True,0.0,0.0,3.68,0.0,0.0491950432613382,False,False,False,False,False,False,False,-1.0,False,6,False,False,427.76154792203096,10.9,3,False,3,False,True,False,True,"ema60_gt_ema120, market_above_ma60, avoid_chase, liquidity_ok, kd_golden_cross, obv_uptrend",,close_below_ema20,0.0,51.1,54.3,40.4,-0.34,False,47,D
2026-09-04,204.5,209.0,202.0,208.5,136319,28123207,6922,宸曜,,4.954493090333244,5.384460996416548,-0.4299679060833039,201.3356823772778,191.59709432938703,185.29090950324567,57.71339476319737,26.986067120726982,9.592506119027991,305380.8,62902363.1,213.0,201.0,0.0823279501131409,0.2682026814348665,0.0,0.0373134328358208,201.0,0.518863977463218,213.4473954800256,203.85,194.25260451997443,0.7422532243084984,0.0941613488351785,60.0,39.09337275190956,205.7,205.95,7027945.0,6872079.3,-29.09090909090909,33.36791147994495,72.78619591981783,180.0,189.0,103637.6351666665,True,0.0048652983961492,67985.0,1.0,0.0,0.0,-6078.0,0.0,-0.0048652983961492,0.0,0.0,0.893,0.2703,0.0,0.0,0.0,0,False,0,False,False,True,True,0.4463902118273317,False,True,True,False,True,True,False,False,True,True,False,False,False,False,False,False,True,False,0.0,0.0,2.158273381294964,8.0,0.1935267406513854,False,False,True,False,False,False,False,-1.0,False,10,False,False,729.7862230060899,13.7,3,False,3,False,False,False,False,"ema60_gt_ema120, rsi_strong, market_above_ma60, avoid_chase, liquidity_ok, adx_trending, kd_golden_cross, obv_uptrend, mfi_strong, above_ichimoku_cloud",,,313.6,81.1,86.1,44.2,-0.67,False,95,D
2026-09-04,153.5,155.0,145.0,151.0,838308,125388544,6913,鴻呈,,5.895166502889509,6.051381509360667,-0.1562150064711573,147.56830976020862,137.51508570418886,132.20247944026596,56.15246419623298,28.053274379042595,7.618165878990522,767821.7,117966505.25,166.0,138.5,0.3590659354392704,0.4406722953303087,-0.050314465408805,0.0134228187919462,149.0,0.7039477147979294,163.9533108952971,148.85,133.74668910470288,0.5711764465058279,0.2029333005750368,43.75,44.00641025641016,156.3,152.1,40311565.0,37684077.65,-55.38461538461539,17.09894332372703,58.75716903383663,120.875,131.75,103637.6351666665,True,0.0048652983961492,-124992.0,0.0,0.0,0.0,-20509.0,0.0,-0.0551797638049542,0.0,0.0,0.6745,0.2099,0.0,0.0,0.0,0,False,0,False,False,True,True,1.0918003489612238,False,True,True,False,True,True,False,False,False,True,False,False,False,False,False,False,True,True,0.0,0.0,9.933774834437086,0.0,1.185390657568336,False,False,True,False,True,False,False,-1.0,False,9,True,False,675.1426913804323,9.4,3,True,3,True,False,False,True,"ema60_gt_ema120, rsi_strong, market_above_ma60, avoid_chase, liquidity_ok, adx_trending, obv_uptrend, mfi_strong, above_ichimoku_cloud",open_high_close_low,macd_death_cross,256.3,82.4,81.7,39.6,0.23,False,182,D
2026-09-04,69.5,70.0,68.6,69.2,42126,2912148,6967,汎瑋材料,,-0.1481854591713158,0.2120864528910837,-0.3602719120623995,71.75208634511978,71.79939313797448,70.96109013444207,41.83080849012683,9.68313178085172,2.3804756535332308,95592.7,6965193.8,75.6,69.3,0.0712156313398955,-0.0043265872427368,-0.0585034013605442,-0.0014430014430013,69.3,1.3545545767592435,76.11018159408691,71.97999999999975,67.84981840591259,0.1634530544637988,0.1147591440424333,11.111111111111258,16.20370370370377,71.21999999999971,72.05,3670085.0,3900410.65,-93.25842696629203,-99.43399112742826,35.93244046394986,73.6,73.6,103637.6351666665,True,0.0048652983961492,-7000.0,0.0,0.0,0.0,0.0,0.0,-0.0633686997566934,0.0,0.0,0.1839,-0.0706,0.0,0.0,0.0,0,False,0,False,False,False,True,0.4406821859828209,False,False,False,False,True,False,False,False,False,False,False,False,False,False,False,False,False,False,20.0,12.0,9.248554913294784,0.0,-1.2588301099972807,False,False,False,False,False,False,False,-1.0,False,3,False,False,211.3008605398608,5.2,3,False,3,False,True,True,True,"ema60_gt_ema120, market_above_ma60, avoid_chase",,"close_below_ema20, close_below_swing_low",-207.5,7.7,10.1,39.6,-0.65,False,182,D
2026-09-04,239.5,239.5,238.0,238.5,16189,3860994,6953,家碩,,5.159334757410022,4.082668996154937,1.076665761255085,232.37028744629,229.5471925207772,229.00893065889733,56.28360969374813,19.688035882949173,8.393042813141353,31744.0,7456021.85,250.0,223.5,0.5083519918872551,-0.0064879964423255,-0.0062499999999999,0.0042105263157894,237.5,0.3406038498998133,247.1229329362916,231.25,215.3770670637084,0.7283761932687222,0.1372794199895491,55.73770491803279,57.92349726775925,240.3,237.15,3847577.0,3694393.9,-44.26229508196721,67.05882352941181,71.26371369164117,215.75,235.5,103637.6351666665,True,0.0048652983961492,0.0,0.0,0.0,0.0,36.0,2.0,-0.0111152983961492,0.0,0.0,0.3904,0.1467,0.0,0.0,0.0,0,False,0,False,False,True,True,0.5099861391129032,False,True,False,False,True,False,False,False,False,True,False,False,False,False,False,False,True,True,0.0,0.0,4.821802935010482,0.0,1.2824350165629157,False,False,True,False,False,False,False,-1.0,False,7,False,False,510.489081589884,11.1,3,False,3,False,False,False,False,"ema60_gt_ema120, rsi_strong, market_above_ma60, avoid_chase, obv_uptrend, mfi_strong, above_ichimoku_cloud",,,42.8,57.9,66.0,45.2,-0.65,False,126,D
2026-09-04,26.05,26.1,26.05,26.1,13240,345399,6971,惠民實業,,-0.0544115038965209,-0.1093259812121215,0.0549144773156005,26.08500542347771,26.62217103637124,27.87814543976316,48.853072948832,15.611332760587567,0.3419323863232478,30122.8,781047.3,26.35,26.0,0.1498748789474079,-0.1379148925846858,-0.0094876660341556,0.0019193857965451,26.05,0.697943783758988,26.53211485374352,25.93999999999988,25.34788514625623,0.6351089226934,0.0456526487080684,23.07692307692333,19.597069597070004,26.06999999999971,26.164999999999782,-1054180.0,-1122830.35,-58.82352941176461,29.42439862542932,61.45153525643818,27.025,27.875,103637.6351666665,True,0.0048652983961492,1000.0,1.0,0.0,0.0,0.0,0.0,-0.0143529644303048,0.0,0.0,-0.2515,-0.007,0.0,0.0,0.0,0,False,0,False,False,False,False,0.4395341734500113,False,False,False,False,True,False,False,False,True,True,False,False,False,False,False,False,True,False,10.0,0.0,0.9578544061302682,25.0,0.477827164671839,False,False,False,False,False,False,False,-1.0,False,5,False,False,330.1292677105622,7.3,3,False,3,False,False,False,False,"market_above_ma60, avoid_chase, kd_golden_cross, obv_uptrend, mfi_strong",,,-23.4,36.8,33.7,31.6,-0.35,False,19,D
2026-09-04,358.0,358.0,345.0,355.0,49193,17161519,6983,華洋精機,,9.809361614983857,2.6817841475719986,7.127577467411858,328.06741097652065,332.92907118945385,328.00935830521223,63.00362281533317,22.15974542844675,15.083090775059231,56004.5,18126831.0,358.0,288.0,1.1110443243796224,-0.2601406625233722,0.0056657223796034,-0.0083798882681563,358.0,1.2648578199914813,368.0179551760639,317.275,266.5320448239361,0.871726477784993,0.3198673401690263,92.35668789808918,89.94178480925984,352.4,335.05,923997.0,713270.8,-7.643312101910828,108.17232539235924,63.60145805763896,325.5,400.0,103637.6351666665,True,0.0048652983961492,-13000.0,0.0,0.0,0.0,551.0,3.0,0.0008004239834542,0.0,0.0,-0.204,-0.3329,0.0,0.0,0.0,0,False,0,False,False,True,True,0.8783758447981859,False,True,True,False,True,False,False,True,False,True,False,True,False,False,False,False,True,True,-20.0,-12.0,0.8450704225352111,25.0,1.6334059891946844,False,False,False,False,False,False,False,-1.0,False,9,False,False,636.384630318318,14.0,3,True,3,False,False,False,False,"ema60_gt_ema120, rsi_strong, market_above_ma60, avoid_chase, adx_trending, stronger_than_market, obv_uptrend, dealer_buy_3d, mfi_strong",,,208.6,76.6,78.8,40.4,-0.22,False,47,D
2026-09-04,185.0,186.0,183.5,183.5,54336,10012140,6996,力領科技,,0.6549788115539741,-0.0975702529945211,0.7525490645484952,180.12222201149768,181.231384918494,178.8465921477923,55.7065448047017,12.388255780676356,4.022789434711989,76827.05,13785868.65,185.0,177.5,0.164017124565567,-0.1902464207336111,0.0251396648044692,0.0027322404371583,183.0,1.6595546802341483,183.97757866142973,179.25,174.52242133857027,0.9494901411872751,0.052748436947612,70.83333333333333,77.08333333333333,181.7,180.55,6319509.0,5979372.0,-29.166666666666668,186.29283489096625,77.44288333120937,178.75,187.5,103637.6351666665,True,0.0048652983961492,-20000.0,0.0,0.0,0.0,150.0,3.0,0.02027436640832,0.0,0.0,0.3331,-0.0752,0.0,0.0,0.0,0,False,0,False,False,True,True,0.7072508966568415,False,True,False,False,True,False,False,True,False,True,False,True,False,False,False,False,True,True,-10.0,-25.0,0.8174386920980926,25.0,1.5813182341954433,False,False,False,False,False,False,False,-1.0,False,8,False,False,641.0483277769138,13.8,3,False,3,False,False,False,False,"ema60_gt_ema120, rsi_strong, market_above_ma60, avoid_chase, stronger_than_market, obv_uptrend, dealer_buy_3d, mfi_strong",,,173.4,79.4,79.2,45.2,-0.36,False,126,D
2026-09-04,104.0,105.0,102.5,104.5,301471,31257858,7402,邑錡,,-0.7631067005937808,-0.3476044818937093,-0.4155022187000715,108.36628034890748,109.85301066149412,112.15290541258408,45.00936179078612,19.37698361208553,5.925767080829314,1061809.8,120964896.7,118.0,103.0,-0.0010689755708471,0.0320975971953551,-0.0711111111111111,0.0145631067961164,103.0,0.5109382445739363,117.57355622058266,108.7000000000002,99.82644377941772,0.2633417822801322,0.1632669037825659,10.81081081081081,11.222651222651017,106.80000000000072,108.55000000000037,52840950.0,51060231.95,-89.1891891891892,-95.98108747044924,52.83580917835504,114.75,119.0,103637.6351666665,True,0.0048652983961492,21000.0,2.0,0.0,0.0,143.0,1.0,-0.0759764095072603,0.0,0.0,0.3531,0.0421,0.0,0.0,0.0,0,False,0,False,False,False,False,0.2839218473967748,False,False,False,False,True,True,False,False,False,True,False,False,False,False,False,False,True,False,20.0,0.0,12.91866028708134,0.0,0.1616940035367338,True,False,False,False,False,False,False,-1.0,False,5,False,False,379.7795465164086,8.5,3,False,3,False,True,False,True,"market_above_ma60, avoid_chase, liquidity_ok, obv_uptrend, mfi_strong",,close_below_ema20,6.8,51.4,44.5,42.9,-0.69,False,70,X
2026-09-04,245.5,248.5,245.0,248.5,13796,3388210,7556,意德士,,4.181119316881677,4.0228348393151245,0.1582844775665526,245.91495051716856,244.9794226423392,237.8705980004284,52.9187050232791,27.03929788185729,9.29452784846246,40398.95,10036529.7,264.0,245.0,0.5316154563359278,-0.2790569353105393,-0.0349514563106796,0.0142857142857142,245.0,0.8365536952656077,266.1258456158652,245.8,225.4741543841349,0.5664179009086965,0.165385236906958,15.0,15.55555555555596,249.5,252.15,4192663.0,4132781.25,-82.25806451612904,9.742519137091763,52.672336818055534,226.25,246.25,103637.6351666665,True,0.0048652983961492,7000.0,1.0,0.0,0.0,217.0,1.0,-0.0398167547068288,0.0,0.0,0.1245,0.0356,0.0,0.0,0.0,0,False,0,False,False,True,True,0.341494023978346,False,False,True,False,True,False,False,False,False,True,False,False,False,False,False,False,True,False,20.0,0.0,6.237424547283702,0.0,0.2505649684163748,False,False,True,False,False,False,False,-1.0,False,7,False,False,541.42171986078,7.1,3,False,3,False,False,False,False,"ema60_gt_ema120, market_above_ma60, avoid_chase, adx_trending, obv_uptrend, mfi_strong, above_ichimoku_cloud",,,73.8,63.5,69.7,45.2,-0.89,False,126,D
2026-09-04,187.5,190.0,184.0,187.5,141008,26368156,7703,銳澤,,0.5724329714745693,-0.6482778614042946,1.2207108328788638,181.0311025414781,186.7936226638377,194.8586990248654,57.193636790848416,10.03363993537115,5.967163272361849,71538.05,12935447.8,185.5,177.5,0.0915516839982012,-0.293295384502692,0.0302197802197801,0.0107816711590296,185.5,2.087825377686361,186.2610184248254,180.725,175.18898157517458,1.111901865212241,0.0612645558149167,84.375,70.43479748221155,182.7,181.75,7211898.0,6920478.05,-15.151515151515152,206.7444876783406,67.43836313611703,179.0,186.0,103637.6351666665,True,0.0048652983961492,-22000.0,0.0,0.0,0.0,364.0,4.0,0.0253544818236308,0.0,0.0,0.747,0.1018,0.0,0.0,0.0,0,False,0,False,False,True,False,1.971090908963831,True,True,False,True,True,False,False,True,False,True,False,True,True,True,False,False,True,True,-20.0,-25.0,-1.0666666666666669,25.0,1.024894587551316,False,False,True,False,False,False,False,-1.0,False,12,False,False,947.0096441402542,35.5,3,False,3,False,False,False,False,"volume_break, rsi_strong, breakout_20d, market_above_ma60, avoid_chase, stronger_than_market, obv_uptrend, dealer_buy_3d, bb_squeeze_breakout, breakout_volume_confirm, mfi_strong, above_ichimoku_cloud",,,519.2,91.5,96.6,40.4,0.59,False,47,D
2026-09-04,60.7,60.7,59.0,59.6,23680,1409364,7704,明遠精密,,0.2870443704059937,0.8181587194192336,-0.5311143490132398,61.56631485030184,60.346186661111055,58.27840877710901,42.04219915861415,16.531927734722636,1.7968032034483916,33766.75,2111379.05,65.4,60.1,-0.2625248444853645,0.0593088765385357,-0.047923322683706,-0.0083194675540765,60.1,2.0377028277120783,65.00675781992472,62.64500000000017,60.28324218007562,-0.1446469604782433,0.0754013191770945,14.28571428571431,12.949039264828269,61.200000000000365,61.92000000000026,2833046.0,3006434.7,-89.47368421052629,-281.2192723697169,21.440669444191684,54.975,60.1,103637.6351666665,True,0.0048652983961492,-4000.0,0.0,0.0,0.0,-670.0,0.0,-0.0527886210798552,0.0,0.0,0.1701,-0.0465,0.0,0.0,0.0,0,False,0,False,False,False,True,0.7012815861757498,False,False,False,False,True,False,False,False,True,False,False,False,False,False,False,False,False,False,20.0,25.0,9.73154362416108,0.0,-0.5628471963100498,False,False,False,False,False,False,False,-1.0,False,4,False,False,315.25864950603693,4.5,3,False,3,False,True,True,True,"ema60_gt_ema120, market_above_ma60, avoid_chase, kd_golden_cross",,"close_below_ema20, close_below_swing_low",-152.4,22.2,30.5,45.2,-0.37,False,126,D
2026-09-04,154.5,157.0,151.0,155.0,140761,21657357,7712,博盛半導體,,1.5754662430144322,0.3781029692881901,1.197363273726242,150.55177176769615,150.84041847792497,144.07586003898442,54.04239359307444,19.40525072048541,8.33856429573992,364420.45,55494930.65,160.5,141.5,0.4208864498800551,-0.4431349440624577,-0.03125,0.019736842105263,152.0,0.8779553996789611,160.99946350696058,149.35,137.7005364930394,0.7425004377508078,0.1560021895809921,46.42857142857143,40.59934318555012,153.4,154.0,7499498.0,7062570.7,-50.84745762711864,66.32979032351734,64.9251818310539,148.125,165.0,103637.6351666665,True,0.0048652983961492,33961.0,4.0,0.0,0.0,-1124.0,0.0,-0.0361152983961492,0.0,0.0,0.6329,0.0464,0.0,0.0,0.0,0,False,0,False,False,True,True,0.386259881957777,False,False,False,False,True,True,True,False,True,True,False,False,False,False,False,False,True,False,0.0,0.0,3.548387096774193,0.0,0.1886189290891996,True,False,False,True,False,False,False,-1.0,False,8,True,False,591.1260259686482,10.2,3,False,3,False,False,False,False,"ema60_gt_ema120, market_above_ma60, avoid_chase, liquidity_ok, foreign_buy_3d, kd_golden_cross, obv_uptrend, mfi_strong",long_upper_shadow,,123.5,73.0,74.6,45.2,-0.83,False,126,D
2026-09-04,28.6,28.95,28.4,28.95,34140,977273,7715,裕山,,-1.0288176497446138,-0.8157236136953484,-0.2130940360492653,30.6401060824036,31.53752499782132,31.52732517154377,36.64180613232024,21.91574567124181,1.316996195739953,81809.55,2527504.85,35.15,28.9,-0.7999429202704652,-0.1767193757706482,-0.0051546391752578,0.0017301038062282,28.9,0.3620789027261505,33.97852557278615,30.967500000000108,27.95647442721407,0.1649812578420983,0.1944635874892082,13.750000000000018,10.344650205761354,29.190000000000147,29.745000000000072,-2323180.0,-2334354.15,-87.05882352941175,-120.07214635403272,5.648214394043492,32.575,33.0,103637.6351666665,True,0.0048652983961492,-2000.0,0.0,0.0,0.0,-100.0,0.0,-0.010019937571407,0.0,0.0,-0.1364,0.9225,0.0,0.0,0.0,0,False,0,False,False,False,True,0.4173106929447723,False,False,True,False,True,False,False,False,True,True,False,False,False,False,False,False,False,False,20.0,12.0,21.41623488773748,0.0,0.0110874828816918,False,False,False,False,False,False,False,-1.0,False,6,False,False,396.306156724028,12.8,3,False,3,False,True,False,True,"ema60_gt_ema120, market_above_ma60, avoid_chase, adx_trending, kd_golden_cross, obv_uptrend",,close_below_ema20,42.8,73.7,48.7,31.6,-0.36,False,19,D
2026-09-04,416.0,449.5,416.0,449.5,1151255,515099183,7717,萊德光電-KY,,-1.2738417149576549,-6.058781853808924,4.784940138851269,422.2313957056187,462.108837998326,493.7744522792752,55.97726964034244,12.986940007980165,28.4595202415641,201108.0,86547602.25,440.0,386.0,0.0486157513442961,-0.4390009498439134,0.0215909090909089,0.0990220048899754,409.0,0.912512646655366,453.6417147474908,419.7,385.7582852525092,0.9389878387361528,0.1617427436144428,87.34939759036145,60.44176706827299,427.6,420.95,19384010.0,18291825.65,-12.650602409638552,86.9141452665479,64.22571060129803,417.5,542.25,103637.6351666665,True,0.0048652983961492,203000.0,4.0,0.0,0.0,33188.0,1.0,0.0167256106947597,0.0,0.0,0.3709,-0.215,0.0,0.0,0.0,0,False,0,False,False,False,False,5.724560932434314,True,True,False,True,True,True,True,True,False,True,False,False,False,True,False,False,True,True,-20.0,-25.0,-2.113459399332592,25.0,1.4846475437878586,True,False,False,False,False,False,False,-1.0,False,11,False,False,882.8157705254544,59.5,3,False,3,False,False,False,False,"volume_break, rsi_strong, breakout_20d, market_above_ma60, avoid_chase, liquidity_ok, foreign_buy_3d, stronger_than_market, obv_uptrend, breakout_volume_confirm, mfi_strong",,,493.6,95.7,94.1,34.0,3.17,True,47,D
2026-09-04,640.0,650.0,615.0,618.0,42127,26483230,7728,光焱科技,,6.84351048885992,0.6647987267213602,6.17871176213856,618.9151844121877,636.8278354060909,644.1344916512148,49.84997198621699,21.8201284358654,30.64811504909072,22368.75,14170004.55,667.0,571.0,0.4980866780983922,-0.2906165048954234,-0.0283018867924528,-0.0328638497652582,639.0,1.6615917038176378,663.1817223184283,609.3,555.4182776815716,0.5807323859154416,0.1768643437335578,36.36363636363637,59.112737544940806,641.8,628.7,1766253.0,1700815.85,-56.45161290322581,41.198501872658895,73.34488216545688,584.75,644.0,103637.6351666665,True,0.0048652983961492,-4000.0,0.0,0.0,0.0,177.0,2.0,-0.033167185188602,0.0,0.0,0.5079,-0.4298,0.0,0.0,0.0,0,False,0,False,False,False,False,1.8832970103380835,True,False,True,False,True,False,False,False,False,True,False,False,False,False,False,False,True,True,0.0,0.0,7.9288025889967635,0.0,0.9956651580328578,False,False,False,False,False,False,False,-1.0,False,6,False,False,465.7809519997752,27.6,3,True,3,False,True,False,True,"volume_break, market_above_ma60, avoid_chase, adx_trending, obv_uptrend, mfi_strong",,close_below_ema20,38.0,57.4,59.5,40.4,0.52,False,47,D
2026-09-04,2810.0,2900.0,2770.0,2890.0,176643,503277745,7734,印能科技,,-99.37953351086072,-85.94894038972443,-13.430593121136283,2960.7618831813543,3048.494630616899,2834.023883784569,46.53628886266081,17.197986298532282,227.80485523212624,244045.25,732122374.25,3455.0,2710.0,-0.8779962001850312,-0.1077667059051386,-0.035058430717863,0.066420664206642,2710.0,0.7634274118402253,3382.844190607328,2985.0,2587.155809392672,0.3806065260686879,0.2665622717637039,39.56043956043956,19.413919413918848,2820.0,2873.5,12891052.0,13072955.05,-60.43956043956044,-62.478366216683774,31.45667470850288,3061.25,3345.0,103637.6351666665,True,0.0048652983961492,66201.0,1.0,0.0,0.0,-7624.0,0.0,-0.0399237291140123,0.0,0.0,0.6233,0.778,0.0,0.0,0.0,0,False,0,False,False,False,True,0.7238124896919731,False,False,False,False,True,True,False,False,True,False,False,False,False,False,False,False,False,False,0.0,0.0,19.55017301038062,0.0,-0.3012404106912658,False,False,False,False,False,False,False,-1.0,False,5,False,False,333.62323996862455,13.3,3,False,3,False,True,False,True,"ema60_gt_ema120, market_above_ma60, avoid_chase, liquidity_ok, kd_golden_cross",,close_below_ema20,-134.0,27.0,34.5,45.2,-0.33,False,126,D
2026-09-04,525.0,545.0,518.0,545.0,190868,100788424,7744,崴寶,,20.92050436468753,17.12448543235945,3.7960189323280815,496.2343817971032,473.9366779694728,457.367322735996,64.88788101632923,36.465844091894205,26.05555703276465,149502.2,73875549.4,540.0,487.0,0.7006943935410889,0.1327751443586231,0.064453125,0.0460652591170824,521.0,0.8792527688471273,541.7207065281184,495.65,449.5792934718816,1.0355897892501404,0.1859001574825719,100.0,90.25641025641016,521.8,510.6,2272066.0,1939470.25,-0.0,198.9656460779099,70.09483691973637,415.75,451.5,103637.6351666665,True,0.0048652983961492,62000.0,3.0,0.0,0.0,-1689.0,0.0,0.0595878266038507,0.0,0.0,1.0444,0.1231,0.0,0.0,0.0,0,False,0,False,False,True,True,1.276690242685392,False,True,True,True,False,True,True,True,False,True,False,False,True,False,False,False,True,True,-20.0,-25.0,-0.9174311926605504,25.0,1.3981095443125695,True,False,True,False,False,False,False,-1.0,False,12,False,False,1044.5442169586047,29.1,10,False,3,False,False,False,False,"ema60_gt_ema120, rsi_strong, breakout_20d, market_above_ma60, liquidity_ok, foreign_buy_3d, adx_trending, stronger_than_market, obv_uptrend, bb_squeeze_breakout, mfi_strong, above_ichimoku_cloud",,,625.7,100.0,98.4,39.6,0.48,True,182,D
2026-09-04,1510.0,1610.0,1465.0,1610.0,386291,599107835,7751,竑騰,,70.7366788049103,90.7668492831212,-20.030170478210906,1573.3841327592836,1491.3822847112897,1429.3996622999844,52.760106068287406,17.54897827624739,139.0547646537573,630692.95,1029879414.75,1985.0,1465.0,1.2951735807707194,0.295940686593831,-0.1005586592178771,0.0989761092150169,1465.0,0.8036692084193123,1944.8086415029145,1571.75,1198.6913584970855,0.5512653987130616,0.4747048086564839,29.90654205607477,10.90342679127692,1581.0,1696.0,25395101.0,25696870.0,-65.78947368421052,-4.763967085318222,47.61846904729038,1215.0,1470.0,103637.6351666665,True,0.0048652983961492,-54832.0,0.0,5000.0,1.0,-4758.0,0.0,-0.1054239576140263,0.0,0.0,0.5097,-0.0199,0.0,0.0,0.0,0,False,0,False,False,True,True,0.6124866307765134,False,False,False,False,True,True,False,False,True,False,False,False,False,False,False,False,False,False,10.0,0.0,23.29192546583851,0.0,-0.2554223669094253,False,False,True,False,False,False,False,-1.0,False,6,False,False,423.0597979048521,13.0,3,False,3,False,False,False,False,"ema60_gt_ema120, market_above_ma60, avoid_chase, liquidity_ok, kd_golden_cross, above_ichimoku_cloud",,,-44.6,46.0,53.3,45.2,-0.5,False,126,D
2026-09-04,36.25,36.5,36.25,36.5,6000,217750,7753,星亞,,-0.7094290740848024,-0.7358953828179919,0.0264663087331895,37.24958678446229,39.02907171782461,40.70998040986567,38.06239664036848,9.447398212415978,0.805953094623475,18124.5,670788.45,37.95,36.3,-0.2158668171320224,-0.3292154341251194,-0.0148448043184884,0.0055096418732782,36.3,1.2969525526645735,38.286489568647085,37.21999999999989,36.1535104313527,0.1624439557748374,0.0573073384549809,23.25581395348839,17.82945736434158,36.39999999999964,36.81999999999971,350587.0,499282.4,-77.27272727272731,-138.64306784660673,23.756035245101643,40.1125,41.7,103637.6351666665,True,0.0048652983961492,-1000.0,0.0,0.0,0.0,0.0,0.0,-0.0197101027146376,0.0,0.0,-0.2298,-0.2748,0.0,0.0,0.0,0,False,0,False,False,False,False,0.3310436149962757,False,False,False,False,True,False,False,False,True,False,False,False,False,False,False,False,False,False,10.0,12.0,3.9726027397260353,0.0,-0.867793595693911,False,False,False,False,False,False,False,-1.0,False,3,False,False,154.89691300163582,7.9,3,False,3,False,True,False,True,"market_above_ma60, avoid_chase, kd_golden_cross",,close_below_ema20,-218.1,7.1,3.6,42.9,-0.64,False,70,D
2026-09-04,34.9,35.0,34.6,35.0,13000,453600,7770,君曜,,-0.243852652358008,-0.1033530878379082,-0.1404995645200998,36.30162675056394,38.279200310824585,43.17063058047666,47.379092427513655,5.7577422314503215,2.698379687161481,7551.25,275897.65,39.95,35.75,-0.6834473871592097,,-0.042407660738714,-0.0209790209790209,35.75,0.8727818045488628,40.61783695571397,37.58500000000004,34.552163044286104,0.0738313602500393,0.1613854971778065,17.02127659574461,28.10562469334036,35.759999999999856,36.27999999999993,-1526470.0,-1454313.9,-90.36144578313257,-129.92093216812316,23.22151410513412,21.2125,24.475,103637.6351666665,True,0.0048652983961492,-1000.0,0.0,0.0,0.0,-1000.0,0.0,-0.0472729591348632,0.0,0.0,-0.5818,0.2452,0.0,0.0,0.0,0,False,0,False,False,False,False,1.7215692766098327,True,False,False,False,True,False,False,False,False,False,False,False,False,False,False,False,False,False,20.0,25.0,14.142857142857151,0.0,-0.9728580354567736,False,False,True,False,False,False,False,-1.0,False,4,False,False,250.541396340617,26.4,3,False,3,False,True,True,True,"volume_break, market_above_ma60, avoid_chase, above_ichimoku_cloud",,"close_below_ema20, close_below_swing_low",-217.1,11.9,17.1,45.2,1.13,False,126,D
2026-09-04,109.0,109.0,109.0,109.0,109354,11919586,7772,耀穎,,-0.6041629589746265,-3.3740065938154045,2.769843634840778,93.42602060937134,106.1215752217243,113.12989687482111,66.96896989915876,17.248426435240972,5.423351934105216,64308.15,5973642.9,99.5,85.2,0.2287487867289659,-0.9348754308948578,0.211111111111111,0.0954773869346734,99.5,3.7306505727209593,101.46711917956438,91.41499999999978,81.36288082043518,1.3746911813257026,0.2199227518364518,100.0,90.8424908424907,95.7,92.05000000000037,559503.0,317330.5,-0.0,401.5151515151511,63.155909573443815,101.5,132.75,103637.6351666665,True,0.0048652983961492,-2000.0,0.0,0.0,0.0,-2000.0,0.0,0.2062458127149617,0.0,0.0,0.1214,-0.1746,0.0,0.0,0.0,0,False,0,False,False,True,False,1.700468758625462,True,True,False,True,False,False,False,True,False,True,False,False,True,True,False,False,True,True,-20.0,-25.0,-8.715596330275229,25.0,0.4441561771027828,False,False,False,False,False,True,False,-1.0,False,9,True,False,742.3345617114879,51.5,5,False,3,False,False,False,False,"volume_break, rsi_strong, breakout_20d, market_above_ma60, stronger_than_market, obv_uptrend, bb_squeeze_breakout, breakout_volume_confirm, mfi_strong",gap_chase_after_blowout,,274.7,85.7,86.7,45.2,1.1,False,126,C
2026-09-04,309.5,311.0,296.5,308.0,341377,103606643,7792,安葆,,20.905160739502943,19.337327737933496,1.5678330015694506,282.79092132076767,264.4329133815716,267.53955536331347,69.54500232453209,51.10176848033073,14.452740324769623,628251.9,174791820.7,314.0,295.0,1.926837224281884,0.1866796245971134,0.0165016501650165,0.0098360655737705,305.0,0.3259001894628459,344.6931200893667,279.425,214.1568799106333,0.7189047268473062,0.4671602046299842,71.25,68.75,307.2,304.2,6389319.0,3651921.85,-16.083916083916083,59.96963807424165,79.00800131551986,213.375,244.5,103637.6351666665,True,0.0048652983961492,108874.0,2.0,0.0,0.0,-767.0,0.0,0.0116363517688673,0.0,0.0,0.0452,-0.1771,0.0,0.0,0.0,0,False,0,False,False,True,False,0.543375992973519,False,True,True,False,True,True,False,True,True,True,False,False,False,False,False,False,True,True,-10.0,0.0,1.948051948051948,15.0,0.8455586560625495,True,False,True,False,False,False,False,-1.0,False,10,False,False,820.5804638024857,16.3,8,False,3,False,False,False,False,"rsi_strong, market_above_ma60, avoid_chase, liquidity_ok, adx_trending, stronger_than_market, kd_golden_cross, obv_uptrend, mfi_strong, above_ichimoku_cloud",,,392.8,89.4,91.7,40.4,-0.47,False,47,D
2026-09-04,217.5,220.0,214.5,217.5,43690,9475806,7810,捷創科技,,6.532007500490238,5.397623201524654,1.1343842989655837,211.0324762167676,207.2494883059956,207.789024553218,60.17669699503395,36.17471117178224,8.581745382023605,85551.5,18480415.7,226.0,212.0,0.8071797944487622,0.0641426555118848,-0.0202702702702702,-0.0045766590389015,218.5,0.9234317863488096,230.90739154323023,208.75,186.5926084567697,0.6974510398240759,0.2122863860429246,31.48148148148148,43.5897435897435,220.9,218.9,6882098.0,6474528.0,-42.52873563218391,49.19396775871048,70.47152777601657,190.25,214.75,103637.6351666665,True,0.0048652983961492,-1379.0,0.0,0.0,0.0,1105.0,3.0,-0.0251355686664195,0.0,0.0,1.0978,-0.0002,0.0,0.0,0.0,0,False,0,False,False,True,False,0.5106865455310544,False,True,True,False,True,False,False,False,False,True,False,True,False,False,False,False,True,True,0.0,0.0,3.9080459770114944,0.0,1.2576143390368737,False,False,True,False,False,False,False,-1.0,False,8,False,False,640.198237523753,9.6,8,False,3,False,False,False,False,"rsi_strong, market_above_ma60, avoid_chase, adx_trending, obv_uptrend, dealer_buy_3d, mfi_strong, above_ichimoku_cloud",,,172.5,78.6,79.1,45.2,-0.65,False,126,D
2026-09-04,118.5,119.0,112.0,118.0,45777,5311961,7820,立盈,,1.6900376080777448,2.0954959009018084,-0.4054582928240635,118.1820766195314,120.21771495053274,132.39679622291658,51.04014997969454,17.365857124268846,4.033338399377103,22649.35,2709530.6,123.0,118.0,-0.0345738237070567,0.0259811480046693,-0.024793388429752,0.0,118.0,0.5714757112216278,124.44735211631831,120.2,115.95264788368168,0.2410151148585478,0.070671416244897,52.17391304347826,32.989594946116995,119.3,120.5,-1468671.0,-1462808.8,-45.833333333333336,-136.0824742268051,45.433464269995895,108.35,116.6,103637.6351666665,True,0.0048652983961492,-13000.0,0.0,0.0,0.0,0.0,0.0,-0.0296586868259013,0.0,0.0,0.2164,-0.0812,0.0,0.0,0.0,0,False,0,False,False,False,False,2.021117603816445,True,False,False,False,True,False,False,False,True,False,False,False,False,False,False,False,False,False,0.0,0.0,4.23728813559322,0.0,-0.0853316498191789,False,False,True,False,False,False,False,-1.0,False,5,False,False,369.1871962403344,28.6,3,False,3,False,True,False,True,"volume_break, market_above_ma60, avoid_chase, kd_golden_cross, above_ichimoku_cloud",,close_below_ema20,15.7,57.9,41.9,31.6,0.69,False,19,D
2026-09-04,1810.0,1930.0,1775.0,1930.0,545115,1028108785,7828,創新服務,,25.87995376677054,-6.135702555175655,32.0156563219462,1720.5306138787114,1691.4872719493587,1528.911627097572,60.46617889866626,14.514446196994369,130.87830288903683,232191.5,403796618.25,1875.0,1520.0,0.3262882098122344,-0.4744257707925819,0.0722222222222221,0.0997150997150997,1755.0,1.118355420928527,1911.1414042416927,1698.25,1485.3585957583068,1.0442915857159194,0.2507185682222207,100.0,75.37878787878799,1804.0,1712.0,8438878.0,8170415.55,-0.0,142.8384906645775,67.89451976391123,1730.0,1750.0,103637.6351666665,True,0.0048652983961492,78923.0,2.0,17000.0,1.0,37645.0,3.0,0.0673569238260729,0.0,0.0,3.9716,0.1097,0.0,0.0,0.0,0,False,0,False,False,True,True,2.347695759750034,True,True,False,True,False,True,False,True,False,True,False,True,True,True,False,True,True,True,-20.0,-25.0,-2.849740932642487,25.0,0.3180582629145937,True,False,True,False,False,False,False,-1.0,False,14,False,False,1127.2936567524755,54.7,5,True,3,False,False,False,False,"ema60_gt_ema120, volume_break, rsi_strong, breakout_20d, market_above_ma60, liquidity_ok, stronger_than_market, obv_uptrend, dealer_buy_3d, bb_squeeze_breakout, breakout_volume_confirm, cci_momentum, mfi_strong, above_ichimoku_cloud",,,659.6,100.0,99.5,45.2,2.04,True,126,D
2026-09-04,99.7,100.0,97.9,98.2,23769,2355575,7842,天能綠電,,2.7946297120197414,3.1610429011490515,-0.3664131891293101,97.5108116615736,99.09135525851032,112.51639925457704,52.17736566192975,16.99644004378623,6.08718539770817,96007.85,9216995.7,107.5,98.9,0.6359913627848142,,-0.0325123152709359,-0.0070778564206269,98.9,0.2142605280097746,109.99663964790068,98.225,86.45336035209931,0.4989381258368519,0.2396872414945418,10.000000000000025,13.888888888889293,99.1199999999997,101.80999999999986,-2300695.0,-2334895.25,-65.45454545454544,12.904307021954176,76.66312748763612,68.55,61.0,103637.6351666665,True,0.0048652983961492,0.0,0.0,0.0,0.0,0.0,0.0,-0.0373776136670851,0.0,0.0,0.5231,-0.0751,0.0,0.0,0.0,0,False,0,False,False,False,False,0.2475735057081269,False,False,False,False,True,False,False,False,False,True,False,False,False,False,False,False,True,False,20.0,0.0,9.47046843177189,0.0,0.1778431082478609,False,False,True,False,False,False,False,-1.0,False,5,False,False,379.6098523560556,11.2,3,False,3,False,False,True,True,"market_above_ma60, avoid_chase, obv_uptrend, mfi_strong, above_ichimoku_cloud",,close_below_swing_low,26.1,68.4,44.4,31.6,-0.47,False,19,X
2026-09-04,13.05,13.05,12.7,12.9,17614,226163,8024,佑華,,-0.3854302020670488,-0.3970298919182642,0.0115996898512154,13.399177338349496,13.830393102510676,13.682855768477012,34.820519992480584,14.419876550849896,0.5374911005696111,41068.15,549546.7,14.4,12.9,-0.3864395397160574,-0.1605042765788691,-0.0227272727272725,0.0,12.9,1.308475164318344,14.000538172564308,13.332499999999982,12.664461827435655,0.1762909533000262,0.1002119891339699,23.52941176470597,27.45098039215736,13.03000000000002,13.089999999999964,1733408.0,1829416.05,-79.99999999999989,-104.0118870728084,60.1303657876244,15.325,14.875,103637.6351666665,True,0.0048652983961492,-5000.0,0.0,0.0,0.0,0.0,0.0,-0.0275925711234218,0.0,0.0,0.9947,-0.3979,0.0,0.0,0.0,0,False,0,False,False,False,True,0.4288968458525645,False,False,False,False,True,False,False,False,False,False,False,False,False,False,False,False,True,False,10.0,12.0,11.627906976744184,0.0,-0.0855269778554131,False,False,False,False,False,False,False,-1.0,False,4,False,False,285.2626447242607,9.6,3,False,3,False,True,False,True,"ema60_gt_ema120, market_above_ma60, avoid_chase, mfi_strong",,close_below_ema20,-182.4,19.0,24.2,45.2,-0.76,False,126,D
2026-09-04,35.4,35.7,35.1,35.7,25628,905565,8032,光菱,,-0.4414843009625926,-0.5236199623932827,0.08213566143069,36.265157255108825,37.88730110518011,38.733479810100576,42.39069987833439,19.897571752579363,0.871555425306558,44988.75,1648308.5,38.1,35.4,-0.2276063724604778,-0.4807061272131515,-0.0165289256198345,0.0084745762711866,35.4,0.940820417552992,37.85194717494716,36.38250000000007,34.913052825052986,0.2677698077085876,0.0807776911947822,36.36363636363648,31.010101010100698,36.05000000000037,36.070000000000256,11611354.0,11739461.45,-63.63636363636352,-102.77613703484842,30.083246322049263,37.1125,40.650000000000006,103637.6351666665,True,0.0048652983961492,-2000.0,0.0,0.0,0.0,-472.0,0.0,-0.0213942240159837,0.0,0.0,0.7528,0.1954,0.0,0.0,0.0,0,False,0,False,False,False,False,0.5696535244922342,False,False,False,False,True,False,False,False,True,False,False,False,False,False,False,False,False,False,0.0,0.0,6.722689075630248,0.0,-0.2114139947458929,False,False,False,False,False,False,False,-1.0,False,3,False,False,213.15956730797163,8.0,3,False,3,False,True,False,True,"market_above_ma60, avoid_chase, kd_golden_cross",,close_below_ema20,-89.9,23.5,10.4,26.5,-0.31,False,34,D
2026-09-04,19.6,19.6,19.4,19.45,56815,1105590,8034,榮群,,0.0026605166147035,-0.1480525688823823,0.1507130854970859,19.38911294110628,20.36467964053518,21.591230751788046,49.73494725820121,25.89212062652247,0.4646167016072395,86644.35,1669895.5,20.15,18.35,0.3374745548673426,-0.3905950764238521,-0.0347394540942928,-0.0025641025641025,19.5,0.5259229997340894,20.32509057631132,19.117500000000017,17.909909423688713,0.6376708325331726,0.1263335243950624,52.27272727272722,59.51910408432135,19.68000000000011,19.54499999999998,48647465.0,48587399.15,-45.6521739130435,45.636109446774284,71.70832039347806,19.675,21.450000000000003,103637.6351666665,True,0.0048652983961492,4000.0,1.0,0.0,0.0,0.0,0.0,-0.039604752490442,0.0,0.0,-0.7282,0.5231,0.0,0.0,0.0,0,False,0,False,False,False,False,0.6557265418922296,False,False,True,False,True,False,False,False,False,True,False,False,False,False,False,False,True,True,0.0,0.0,3.598971722365035,0.0,0.0653415298399405,False,False,False,False,False,False,False,-1.0,False,5,False,False,327.3413637770016,5.1,5,False,3,False,False,False,False,"market_above_ma60, avoid_chase, adx_trending, obv_uptrend, mfi_strong",,,-61.9,40.4,32.8,34.0,-0.45,False,47,D
2026-09-04,74.7,76.5,73.7,75.0,1357491,101613647,8040,九暘,,-0.4771013801001516,-1.6735617959904645,1.1964604158903127,73.74462154985596,77.96506828474621,76.26329292511932,50.72245769299805,17.748841590533893,4.367380959278232,623202.7,47242911.75,82.9,68.6,0.0724844426419342,-0.7791629684830489,0.037344398340249,0.0040160642570281,74.7,8.177663574987928,79.3576007978046,72.93999999999997,66.52239920219534,0.6604961156749365,0.1759693117028962,40.43715846994536,59.74499089253186,75.32000000000043,73.27000000000007,10266361.0,12832463.75,-58.91891891891894,45.49575190268335,20.000740311053107,82.1,95.5,103637.6351666665,True,0.0048652983961492,-236563.0,0.0,0.0,0.0,9874.0,1.0,0.0324790999440998,0.0,0.0,0.4253,0.088,0.0,0.0,0.0,0,False,0,False,False,False,True,2.1782495486620967,True,False,False,False,True,False,False,True,False,False,False,False,False,False,False,False,False,True,0.0,0.0,10.53333333333334,0.0,-0.3672897474794153,False,False,False,True,False,False,False,-1.0,False,5,True,False,372.375018516868,44.7,3,True,3,False,False,False,False,"ema60_gt_ema120, volume_break, market_above_ma60, avoid_chase, stronger_than_market",long_upper_shadow,,-95.3,34.9,42.8,45.2,1.79,False,126,D
2026-09-04,30.9,31.9,30.55,31.9,115761,3569618,8038,長園科,,-0.7619669940486773,-1.07637800560118,0.3144110115525027,31.868032140438864,34.90067594271768,37.87329083856402,46.6777559330316,20.6475403097978,1.0976572464192904,141078.6,4421719.35,32.85,30.65,-0.0760108944102962,-0.6278284019270942,0.0,0.0340356564019448,30.85,1.1671311724580735,32.778329889786335,31.467500000000108,30.15667011021388,0.664971825623546,0.0833132527074742,71.69811320754715,54.716981132075794,31.57000000000007,31.45,29385879.0,29560443.25,-28.301886792452844,5.691409829740209,44.84515190839739,36.325,38.55,103637.6351666665,True,0.0048652983961492,23000.0,1.0,0.0,0.0,373.0,2.0,-0.0048652983961492,0.0,0.0,-0.3137,0.842,0.0,0.0,0.0,0,False,0,False,False,False,False,0.8205425911513157,False,False,True,False,True,False,False,False,True,False,False,False,False,False,False,False,False,True,-10.0,0.0,2.978056426332297,8.0,-0.0981279394050465,False,False,False,False,False,False,False,-1.0,False,4,False,False,245.0278906386526,11.9,3,False,3,False,False,False,False,"market_above_ma60, avoid_chase, adx_trending, kd_golden_cross",,,-173.8,13.7,16.6,39.6,-0.13,False,182,D
2026-09-04,180.5,185.5,180.0,183.0,231207,42089867,6861,睿生光電,,-11.663549037169446,-12.8970147190854,1.2334656819159555,196.52168116640087,230.30832859489388,228.59386671396484,37.34721155417302,23.018874126115605,11.227366621398168,329983.85,66073362.25,220.5,178.5,-0.9541008449916972,-1.2115515766255314,-0.0542635658914728,0.0252100840336133,178.5,1.7897718021730715,223.35941639707045,198.0,172.64058360292955,0.2042518691058517,0.2561557211825297,20.0,24.444444444444645,186.7,189.0,45956859.0,46445637.3,-85.24590163934427,-94.2826482992688,28.06779039142343,233.625,325.5,103637.6351666665,True,0.0048652983961492,63638.0,4.0,0.0,0.0,2120.0,1.0,-0.059128864287622,0.0,0.0,0.6336,0.2692,0.0,5.66,0.44,0,False,0,False,False,False,True,0.700661562679507,False,False,True,False,True,True,True,False,False,False,False,False,False,False,False,False,False,False,10.0,0.0,20.49180327868853,0.0,-0.2111174989648273,True,False,False,False,False,False,False,-1.0,False,6,False,False,469.4732056392171,9.2,3,False,3,False,True,False,True,"ema60_gt_ema120, market_above_ma60, avoid_chase, liquidity_ok, foreign_buy_3d, adx_trending",,close_below_ema20,127.7,73.1,60.0,28.8,-0.32,False,52,D
2026-09-04,123.0,125.0,122.5,125.0,33422,4117168,6902,GOGOLOOK,,-0.2879833160978933,0.1323484374113324,-0.4203317535092257,126.44923850153036,124.96377999259678,116.97238596232388,46.77792261449908,11.533272805875098,4.339333181979657,82831.4,10639181.55,134.5,124.0,-0.2417579884233856,-0.1046600751460042,-0.0347490347490347,0.0080645161290322,124.0,0.5571450191336182,133.8309518948453,128.0,122.1690481051547,0.2427521222862367,0.0911086233569578,35.714285714285715,26.190476190475845,125.5,126.1,1298491.0,1340518.35,-79.16666666666667,-105.74229691876708,28.236769480317207,121.125,130.75,103637.6351666665,True,0.0048652983961492,15000.0,1.0,0.0,0.0,0.0,0.0,-0.039614333145184,0.0,0.0,0.3083,-0.004,0.0,3.87,-0.11,0,False,0,False,False,True,True,0.4034943270305706,False,False,False,False,True,False,False,False,True,False,False,False,False,False,False,False,False,False,0.0,0.0,7.6,0.0,-0.0294242671738902,False,False,False,False,False,False,False,-1.0,False,4,False,False,273.681852064219,6.8,3,False,3,False,True,False,True,"ema60_gt_ema120, market_above_ma60, avoid_chase, kd_golden_cross",,close_below_ema20,-43.0,36.4,22.1,27.3,-0.46,False,11,D
2026-09-04,80.4,85.4,79.5,84.3,496558,41124804,6906,現觀科,,1.7746927957719263,0.3673992449849715,1.4072935507869548,76.11825353407669,76.66829738417904,78.70899220995392,66.76246569063986,29.00746985861029,3.489856441983883,96486.05,7555917.5,83.4,70.9,0.678525116139256,-0.3857919934014898,0.0381773399014777,0.0107913669064747,83.4,5.35975943912269,82.7731654262583,74.70000000000036,66.62683457374241,1.0945623242635207,0.2161490073964633,92.71523178807942,80.3303646190149,79.78000000000029,77.16000000000058,2229357.0,1387184.05,-7.284768211920582,198.2520699172036,93.48626398655529,73.825,88.75,103637.6351666665,True,0.0048652983961492,-31000.0,0.0,0.0,0.0,-4595.0,0.0,0.0333120415053285,0.0,0.0,0.1473,-0.0598,0.0,7.36,-0.21,0,False,0,False,False,True,False,5.14642272121203,True,True,True,True,True,False,False,True,False,True,False,False,True,True,False,False,True,True,-20.0,-25.0,-1.0676156583629792,25.0,2.0,False,False,False,False,False,False,False,-1.0,False,11,False,False,934.0,58.7,6,False,3,False,False,False,False,"volume_break, rsi_strong, breakout_20d, market_above_ma60, avoid_chase, adx_trending, stronger_than_market, obv_uptrend, bb_squeeze_breakout, breakout_volume_confirm, mfi_strong",,,617.3,100.0,95.9,27.3,2.95,True,11,D
2026-09-04,61.0,61.0,59.7,60.9,37691,2270374,7721,微程式,,-0.7700582294726956,-0.8629141042830317,0.092855874810336,61.79166484750958,64.76784886993117,65.64062896470453,43.33639311374811,14.341506651235996,2.0338041341076165,59334.8,3688204.15,64.6,60.3,-0.2284079673554788,-0.4486682409866194,-0.0302547770700636,0.0099502487562188,60.3,2.2864158578140867,64.39387607243656,62.0699999999998,59.74612392756304,0.2482654058284255,0.0748792032362418,34.21052631578942,23.67317665232258,61.04000000000015,61.479999999999926,4952849.0,5017717.5,-77.19298245614038,-121.43202709240464,50.210476403346895,62.85,70.4,103637.6351666665,True,0.0048652983961492,9000.0,3.0,0.0,0.0,0.0,0.0,-0.0351200754662128,0.0,0.0,0.6715,0.052,0.0,1.47,-0.08,0,False,0,False,False,False,False,0.6352258708211707,False,False,False,False,True,False,True,False,True,False,False,False,False,False,False,False,True,False,0.0,0.0,6.075533661740551,0.0,-0.0915598051849083,True,False,False,False,False,False,False,-1.0,False,5,False,False,395.2535410459928,7.2,3,False,3,False,True,False,True,"market_above_ma60, avoid_chase, foreign_buy_3d, kd_golden_cross, mfi_strong",,close_below_ema20,78.6,72.7,48.2,27.3,-0.29,False,11,D
2026-09-04,275.0,281.5,275.0,280.0,47394,13214733,7722,LINEPAY,,-2.7515378244769977,-2.925245084445539,0.1737072599685412,282.7445792981932,292.8114766613317,323.8048739363152,46.80498236035835,10.98505090637814,8.793483706314634,80181.75,22910614.95,301.5,274.5,-0.1267966735449727,-0.3386944075683958,-0.0344827586206896,0.0200364298724955,274.5,0.5434819848714771,296.0450748387392,282.85,269.65492516126085,0.3920051596966786,0.0933008650432326,30.0,14.342105263157768,279.4,282.5,-6259782.0,-6136589.95,-62.22222222222222,-55.89913226904532,56.64082863609525,299.75,320.5,103637.6351666665,True,0.0048652983961492,9152.0,1.0,0.0,0.0,0.0,0.0,-0.0393480570168388,0.0,0.0,0.1318,-0.0011,0.0,58.83,0.03,0,False,0,False,False,False,False,0.5910821352739245,False,False,False,False,True,False,False,False,True,False,False,False,False,False,False,False,True,False,0.0,0.0,7.678571428571429,0.0,-0.2525046758093208,False,False,False,False,False,False,False,-1.0,False,4,False,False,282.88076524302744,6.3,3,False,3,False,True,False,True,"market_above_ma60, avoid_chase, kd_golden_cross, mfi_strong",,close_below_ema20,-33.8,45.5,23.9,27.3,-0.33,False,11,D
2026-09-04,221.0,222.5,220.5,221.5,37495,8302215,7765,中華資安,,-0.8802569568441072,-0.7253570311368467,-0.1548999257072605,223.9229625999181,227.58416521635056,235.6530129544757,41.28599804552972,23.77753842538498,3.48332151563436,32411.15,7316251.4,230.0,222.0,-0.0943912634869419,-0.0784891181326176,-0.0111607142857143,-0.0022522522522522,222.0,1.3437179978403986,228.1435346576285,224.425,220.70646534237144,0.1066999141719199,0.0331383282399783,8.695652173913043,10.755148741419058,222.8,223.6,-5714670.0,-5577230.6,-91.30434782608695,-141.02564102564227,42.62760844303021,225.25,244.5,103637.6351666665,True,0.0048652983961492,-14000.0,0.0,0.0,0.0,0.0,0.0,-0.0160260126818635,0.0,0.0,0.0937,0.1167,0.0,0.57,-0.16,0,False,0,False,False,False,False,1.1568549712058966,False,False,True,False,True,False,False,False,False,False,False,False,False,False,False,False,False,False,20.0,12.0,3.837471783295711,0.0,-0.6237075358870239,False,False,False,False,False,False,False,-1.0,False,3,False,False,231.08405928141468,10.6,5,False,3,False,True,True,True,"market_above_ma60, avoid_chase, adx_trending",,"close_below_ema20, close_below_swing_low",-85.6,18.2,13.6,27.3,0.08,False,11,D
2026-09-04,84.0,84.0,82.6,83.0,11322,939416,7823,奧義賽博-KY創,,0.0241879014638755,0.0882370068622172,-0.0640491053983417,83.45020284656756,84.71500992639707,91.29500187114222,47.44145936649989,21.353540950747472,1.9586603710918336,29420.3,2464248.75,85.4,82.7,-0.098275115221119,0.0555576749072428,-0.0047961630695444,-0.008363201911589,83.7,0.991258904714024,85.27109388025632,83.86499999999987,82.45890611974342,0.1924102963018,0.0335323169440517,28.571428571428378,49.20634920634924,83.4,83.37999999999992,-2064796.0,-2075121.9,-46.87499999999996,-52.67702936096705,61.02939607462134,81.8,93.55,103637.6351666665,True,0.0048652983961492,0.0,0.0,0.0,0.0,0.0,0.0,-0.0096614614656936,0.0,0.0,0.0311,0.0042,0.0,25.97,-0.01,0,False,0,False,False,False,False,0.384836320499791,False,False,True,False,True,False,False,False,False,True,False,False,False,False,False,False,True,True,10.0,12.0,2.891566265060248,8.0,0.1859936939692243,False,False,False,False,False,False,False,-1.0,False,5,False,False,391.0802875326286,9.6,5,False,3,False,True,False,True,"market_above_ma60, avoid_chase, adx_trending, obv_uptrend, mfi_strong",,close_below_ema20,74.4,63.6,47.6,27.3,-0.47,False,11,D
2026-09-04,25.0,25.55,24.9,25.55,12858,321873,6865,偉康科技,,1.144760309299528,0.4821004630925057,0.6626598462070222,23.285987615232727,24.096329827864142,28.017274257185395,53.13600532990019,9.98300658508543,3.379820316169979,10323.2,260629.5,26.95,25.0,,,-0.0173076923076922,0.0179282868525896,25.1,1.860324828358324,40.2145747128048,21.8375,3.4604252871952,0.6010090032831287,1.6830749593868162,47.727272727272776,33.730158730158415,25.67999999999993,25.639999999999965,-237023.0,-254790.75,-4.307116104868909,36.86942292449695,67.1550516649975,13.6625,14.95,103637.6351666665,True,0.0048652983961492,0.0,0.0,0.0,0.0,0.0,0.0,-0.0221729907038414,0.0,0.0,-0.4789,-0.4898,0.0,0.0,0.0,0,False,0,False,False,True,False,1.2455440173589585,False,False,False,False,True,False,False,False,True,True,False,False,False,False,False,False,True,True,0.0,0.0,5.479452054794515,0.0,0.1728226517313944,False,False,True,False,False,False,False,-1.0,False,6,False,False,394.5293119943663,28.9,3,False,3,False,False,False,False,"market_above_ma60, avoid_chase, kd_golden_cross, obv_uptrend, mfi_strong, above_ichimoku_cloud",,,89.4,74.1,48.0,33.3,0.25,False,27,D
2026-09-04,295.5,295.5,283.0,290.0,54990,15831130,6870,騰雲,,4.801148718879176,0.5542894303621568,4.246859288517019,268.3678325181268,262.2805991668578,248.6088124358158,63.06191213690037,15.15495934087058,14.201472191213371,63710.0,17307200.15,292.0,252.0,0.4506692100387186,-0.1745539840965485,0.1350293542074363,0.0069444444444444,288.0,1.4955253626204277,288.53778513201235,264.7,240.8622148679876,1.030670107560119,0.1801117123688128,82.0,82.0,279.8,268.8,3673045.0,3282195.55,-17.821782178217823,208.6956521739129,66.97387430529753,273.5,257.5,103637.6351666665,True,0.0048652983961492,-3000.0,0.0,0.0,0.0,-55.0,0.0,0.1301640558112871,0.0,0.0,0.3582,-0.0083,0.0,0.0,0.0,0,False,0,False,False,True,True,0.8631298069376864,False,True,False,False,False,False,False,True,False,True,False,False,True,False,False,False,True,True,-20.0,-25.0,0.6896551724137931,25.0,1.1682982355143168,False,False,True,False,True,False,False,-1.0,False,8,True,False,722.6508768955487,34.4,5,False,3,False,False,False,False,"ema60_gt_ema120, rsi_strong, market_above_ma60, stronger_than_market, obv_uptrend, bb_squeeze_breakout, mfi_strong, above_ichimoku_cloud",open_high_close_low,,417.5,96.3,85.4,33.3,-0.07,True,27,D
2026-09-04,24.7,24.9,24.6,24.75,15015,371680,6910,德鴻,,-0.0932756562461811,-0.2012236115144594,0.1079479552682782,24.76863398612665,25.778220693169484,28.13833888819921,48.24904522491863,20.53989889123936,0.4595583363990431,18465.6,456961.2,25.3,24.4,0.0048458251854562,-0.2802927651434188,0.014344262295082,-0.0020161290322581,24.8,0.8379685475584148,25.353710862190884,24.69500000000007,24.03628913780926,0.5417482109047084,0.0533477110500757,36.84210526315793,53.550543024227714,24.92999999999993,24.735000000000035,-5216517.0,-5240694.6,-55.99999999999994,4.532211071543738,44.278746795212406,25.425,27.15,103637.6351666665,True,0.0048652983961492,0.0,0.0,0.0,0.0,0.0,0.0,0.0094789638989327,0.0,0.0,-0.1845,-0.2422,0.0,0.0,0.0,0,False,0,False,False,False,False,0.8131336106056668,False,False,True,False,True,False,False,True,False,True,False,False,False,False,False,False,False,True,0.0,0.0,2.222222222222225,8.0,0.6245047440386333,False,False,False,True,False,False,False,-1.0,False,5,True,False,373.6253930345202,11.7,5,False,3,False,True,False,True,"market_above_ma60, avoid_chase, adx_trending, stronger_than_market, obv_uptrend",long_upper_shadow,close_below_ema20,68.5,63.0,43.0,33.3,-0.11,False,27,D
2026-09-04,50.0,50.8,50.0,50.0,6090,305308,6925,意藍,,-1.1764048963727802,-1.3586533529670817,0.1822484565943012,51.17414597474119,55.52353410463194,63.64634384632832,39.42291023631896,10.300778711949413,1.3287306303265216,20969.15,1075382.8,54.4,49.6,-0.3902357153068382,-0.4715327966197633,-0.0176817288801571,0.0,50.0,0.3400824484813906,54.29997974060347,51.21500000000033,48.13002025939719,0.3030781233327017,0.1204717266661376,25.0,35.0,50.21999999999971,50.33000000000029,-4187477.0,-4170232.8,-75.0,-56.06469002695405,50.1235354889053,55.1,66.1,103637.6351666665,True,0.0048652983961492,0.0,0.0,0.0,0.0,0.0,0.0,-0.0225470272763064,0.0,0.0,-0.0458,-0.1013,0.0,0.0,0.0,0,False,0,False,False,False,False,0.2904266505795418,False,False,False,False,True,False,False,False,False,False,False,False,False,False,False,False,True,False,10.0,0.0,8.799999999999997,0.0,-0.0819311920509636,False,False,False,False,False,False,False,-1.0,False,3,False,False,171.92109220118385,8.1,3,False,3,False,True,False,True,"market_above_ma60, avoid_chase, mfi_strong",,close_below_ema20,-133.2,7.4,5.3,33.3,-0.54,False,27,X
2026-09-04,0.0,0.0,0.0,0.0,273,18560,6997,博弘,,-0.7312919344949975,2.4132125705905967,-3.144504505085594,55.11383889085678,57.63444695056275,61.83567830593015,38.371761177739614,8.726180173257253,18.49192628211913,2161.25,147592.8,70.9,68.0,,,-1.0,-1.0,68.0,1.2996405525962498,110.4973825831573,51.27999999999993,-7.937382583157444,0.067019025807255,2.309570303555283,0.0,0.0,54.4,61.35999999999986,-147161.0,-148564.85,-100.0,-133.33333333333334,43.61196359947097,37.65,39.3,103637.6351666665,True,0.0048652983961492,0.0,0.0,0.0,0.0,0.0,0.0,-1.0048652983961492,0.0,0.0,0.4118,0.0248,0.0,0.0,0.0,0,False,1,False,False,False,False,0.1263157894736842,False,False,False,False,True,False,False,False,False,True,False,False,False,False,False,False,False,False,20.0,25.0,999.0,0.0,0.0927796507593286,False,False,False,False,False,False,False,-1.0,False,3,False,False,252.3765137038488,0.0,3,False,3,True,True,True,True,"market_above_ma60, avoid_chase, obv_uptrend",,"macd_death_cross, close_below_ema20, close_below_swing_low",-52.7,29.6,17.7,33.3,-0.68,False,27,X
2026-09-04,50.7,50.8,49.6,50.8,14208,717526,7547,碩網,,-0.6401807916004287,-0.5977971092701995,-0.0423836823302292,51.57362003247633,54.49309074413175,59.05525880986968,45.010658982312535,11.105019211041135,1.5571670636339154,16294.8,865390.85,57.1,50.1,-0.5025385643190581,-0.2854067782052442,0.0139720558882234,0.0039525691699604,50.6,0.1378535147344199,56.03923068796513,52.39999999999964,48.76076931203414,0.2801733199697054,0.1389019346551724,54.54545454545445,42.32711732711687,50.89999999999928,50.889999999999056,3058707.0,3081124.85,-78.94736842105269,-82.24082556731423,20.659252415155777,50.85,61.525,103637.6351666665,True,0.0048652983961492,-3000.0,0.0,0.0,0.0,0.0,0.0,0.0091067574920742,0.0,0.0,0.2297,-0.1525,0.0,0.0,0.0,0,False,0,False,False,False,False,0.8719346049046321,False,False,False,False,True,False,False,True,False,False,False,False,False,False,False,False,False,True,0.0,0.0,12.401574803149614,0.0,-0.5269968171605015,False,False,False,False,False,False,False,-1.0,False,3,False,False,262.39538424312025,13.5,3,False,3,False,True,False,True,"market_above_ma60, avoid_chase, stronger_than_market",,close_below_ema20,-42.7,37.0,19.8,33.3,-0.06,False,27,D
2026-09-04,161.0,161.5,157.5,160.5,106247,16968428,7714,創泓科技,,1.8306756587039672,3.598114586568485,-1.767438927864518,167.03917224963357,158.76243188949533,150.8690281892347,46.57049097564811,22.00663485868231,10.27481600554228,458467.5,79334798.3,184.0,160.0,0.4145416235435807,0.4169473962964437,-0.0802292263610314,0.003125,160.0,0.6152613801573152,187.36800129817243,167.725,148.08199870182756,0.3160922587559926,0.234228663564435,8.571428571428571,6.4935064935064775,165.0,171.05,11356353.0,11495377.95,-91.42857142857144,-71.2638708747659,61.45017884912889,167.75,164.75,103637.6351666665,True,0.0048652983961492,29000.0,1.0,0.0,0.0,-812.0,0.0,-0.0850945247571807,0.0,0.0,0.6107,-0.254,0.0,0.0,0.0,0,False,0,False,False,True,True,0.2317437986334909,False,False,True,False,True,True,False,False,True,False,False,False,False,False,False,False,True,False,20.0,0.0,14.641744548286605,0.0,-0.0536425276530316,False,False,False,False,False,False,False,-1.0,False,7,False,False,506.6737276544986,9.6,3,False,3,False,True,False,True,"ema60_gt_ema120, market_above_ma60, avoid_chase, liquidity_ok, adx_trending, kd_golden_cross, mfi_strong",,close_below_ema20,201.6,81.5,65.5,33.3,-0.59,False,27,X
2026-09-04,179.5,179.5,173.0,175.0,148343,25956484,7738,東聯互動,,1.3750894758039465,0.6298500895140928,0.7452393862898536,169.85088658563575,169.7015430270902,173.7541141633872,64.49668740595513,34.960974287033714,3.616110796257705,29567.4,5064995.8,175.0,165.0,0.134900554571871,-0.0028769621463313,0.0294117647058822,0.0,175.0,5.611295502733071,174.77309874518414,169.35,163.92690125481585,1.0209198896680012,0.064046043639612,66.66666666666667,80.55555555555536,172.0,170.95,-2919936.0,-3078019.9,-28.125,239.7137745974932,85.38207056229741,169.75,171.25,103637.6351666665,True,0.0048652983961492,-49000.0,0.0,0.0,0.0,0.0,0.0,0.024546466309733,0.0,0.0,0.0917,0.0381,0.0,0.0,0.0,0,False,0,False,False,True,False,5.017113442507626,True,True,True,False,True,False,False,True,False,True,False,False,False,False,False,False,True,True,0.0,-25.0,0.0,25.0,2.0,False,False,True,False,True,False,False,-1.0,False,9,True,False,784.0,54.3,10,False,3,False,False,False,False,"volume_break, rsi_strong, market_above_ma60, avoid_chase, adx_trending, stronger_than_market, obv_uptrend, mfi_strong, above_ichimoku_cloud",open_high_close_low,,478.9,100.0,89.2,33.3,3.39,True,27,D
2026-09-04,112.0,114.5,112.0,114.5,8122,919300,7747,昕奇雲端,,4.693425906890738,3.1595728197054527,1.5338530871852851,106.84094784687213,107.68105611414552,112.81377049937542,52.28716937920595,7.738805898866433,15.605227997330504,13566.05,1545563.85,116.0,113.0,,,0.0088105726872247,0.0132743362831857,113.0,0.167173887438782,171.30855017799672,102.775,34.241449822003275,0.585542044513582,1.3336618862174014,100.0,41.66666666666666,113.4,113.7,-1984038.0,-1874439.0,-37.5,35.924091069059784,3.947664704993812,62.5,66.5,103637.6351666665,True,0.0048652983961492,0.0,0.0,0.0,0.0,0.0,0.0,0.0039452742910754,0.0,0.0,0.3517,0.1167,0.0,0.0,0.0,0,False,0,False,False,True,False,0.5987004323292336,False,False,False,False,True,False,False,True,False,False,False,False,False,False,True,False,False,False,-20.0,0.0,1.310043668122271,15.0,-1.4388569695317095,False,False,True,False,False,False,False,-1.0,False,5,False,False,383.7207206889119,28.5,3,False,3,False,False,False,False,"market_above_ma60, avoid_chase, stronger_than_market, williams_r_recovery, above_ichimoku_cloud",,,78.6,70.4,45.7,33.3,-0.29,False,27,D
2026-09-04,504.0,511.0,500.0,508.0,46393,23429575,7805,威聯通,,-38.86739905627565,-28.608283090100706,-10.25911596617494,567.8432115483052,621.3231558287503,649.164057545111,30.867695552249344,37.706930878594456,21.25443778041952,151985.3,96797162.7,701.0,502.0,-2.2285831679183685,-0.3699150871505807,-0.0116731517509727,0.0119521912350597,502.0,0.6715495006943986,775.9425524290331,600.05,424.1574475709669,0.2383345720759294,0.5862596531256833,32.0,13.71326164874578,510.2,512.4,-3213796.0,-2710663.7,-96.03960396039604,-72.23599720261937,13.325640170862826,612.25,690.5,103637.6351666665,True,0.0048652983961492,-8998.0,0.0,0.0,0.0,0.0,0.0,-0.0165384501471219,0.0,0.0,0.1358,0.1659,0.0,0.0,0.0,0,False,0,False,False,False,False,0.3052466258249975,False,False,True,False,True,True,False,False,True,False,False,False,False,False,False,False,False,False,0.0,0.0,37.99212598425197,0.0,-0.618436884441689,False,False,False,False,False,False,False,-1.0,False,5,False,False,380.6312236449497,11.3,8,False,3,False,True,False,True,"market_above_ma60, avoid_chase, liquidity_ok, adx_trending, kd_golden_cross",,close_below_ema20,75.5,66.7,44.8,33.3,-0.53,False,27,D
2026-09-04,44.0,44.4,43.95,43.95,4000,176350,7839,達人網,,-0.4488134877607947,-0.3850053479134276,-0.0638081398473671,44.84436337428975,46.38323001532718,47.020094378287546,38.75316836295703,34.48200792500979,1.1690531391954893,17054.05,765925.75,45.8,44.2,-0.2029702579559928,-0.130478766672589,-0.0156774916013436,-0.0079006772009028,44.3,0.2932441267616783,46.15065404108552,45.02750000000005,43.90434595891459,0.0203240336656275,0.0498874705939908,47.50000000000014,54.65007215007184,44.23000000000029,44.59000000000015,-754511.0,-663166.3,-61.999999999999886,-107.91180285343768,13.774164650695326,44.6625,56.55,103637.6351666665,True,0.0048652983961492,-2000.0,0.0,0.0,0.0,0.0,0.0,-0.0205427899974929,0.0,0.0,0.0454,0.0089,0.0,0.0,0.0,0,False,0,False,False,False,False,0.2345483917309964,False,False,True,False,True,False,False,False,False,False,False,False,False,False,False,False,False,False,0.0,25.0,4.209328782707609,0.0,-0.5918891454972236,False,False,False,True,False,False,False,-1.0,False,3,True,False,230.24281417134327,8.4,10,False,3,False,True,True,True,"market_above_ma60, avoid_chase, adx_trending",long_upper_shadow,"close_below_ema20, close_below_swing_low",-74.9,14.8,13.3,33.3,-0.59,False,27,X
2026-09-04,24.0,24.9,23.75,24.65,208514,5082116,6838,台新藥,,0.0546034830250761,-0.1416938127459391,0.1962972957710152,23.407998258478298,23.971074851414844,25.05312786605814,67.5653155796922,17.69877200553887,0.610773385257449,86754.15,2023695.15,24.0,23.0,0.1650555905074916,-0.1134579153585204,0.0625,0.0270833333333333,24.0,3.64282027739564,24.095549284762168,23.18500000000004,22.274450715237908,1.3044594754597356,0.0785464123150423,88.63636363636364,82.87878787878799,23.65,23.360000000000035,-855200.0,-1431021.3,-9.803921568627462,328.59603789836143,70.48743167926936,24.2875,25.15,103637.6351666665,True,0.0048652983961492,29000.0,3.0,0.0,0.0,-1000.0,0.0,0.0576347016038507,0.0,0.0,0.0,0.0,0.0,1.63,0.12,0,False,0,False,False,True,False,2.40350461620568,True,True,False,True,False,False,True,True,False,True,False,False,True,True,False,False,True,True,-20.0,-25.0,-2.6369168356997914,25.0,1.2491613802608803,True,False,False,False,False,False,False,-1.0,False,10,False,False,839.0249827251873,47.9,5,False,3,False,False,False,False,"volume_break, rsi_strong, breakout_20d, market_above_ma60, foreign_buy_3d, stronger_than_market, obv_uptrend, bb_squeeze_breakout, breakout_volume_confirm, mfi_strong",,,319.1,97.1,92.6,55.9,2.37,True,34,D
2026-09-04,23.25,24.4,23.25,24.1,526421,12623952,6885,全福生技,,0.7423547548258398,0.4069749987546779,0.3353797560711619,22.23471318121164,21.934312839498613,22.974250062964018,66.31338851554113,38.21285609003619,0.95746116607517,428231.75,9759018.3,24.6,20.7,0.9744693256594966,0.0019433250688134,0.0640176600441502,0.0365591397849462,23.25,1.3144060537186533,24.513225106147296,21.69000000000005,18.866774893852813,0.9268168334775104,0.2603250443658123,76.08695652173917,74.36360750037359,23.68000000000029,22.84499999999998,-16118167.0,-16684499.5,-21.99999999999996,109.70204383156852,78.29051045398566,21.112500000000004,23.9,103637.6351666665,True,0.0048652983961492,160000.0,1.0,0.0,0.0,-1464.0,0.0,0.0591523616480009,0.0,0.0,1.0871,-0.6472,0.0,2.51,0.01,0,False,0,False,False,True,False,1.229289981417772,False,True,True,False,False,False,False,True,True,True,False,False,False,False,False,False,True,True,-10.0,-25.0,2.0746887966804977,8.0,0.6110362807419593,False,False,True,False,False,False,False,-1.0,False,8,False,False,727.6253351830812,26.9,10,True,3,False,False,False,False,"rsi_strong, market_above_ma60, adx_trending, stronger_than_market, kd_golden_cross, obv_uptrend, mfi_strong, above_ichimoku_cloud",,,385.9,88.5,85.9,28.8,0.55,False,52,D
2026-09-04,183.5,184.0,169.5,169.5,524946,92770636,6890,來億-KY,,-2.4119762030997265,-3.690725596421212,1.2787493933214855,169.0018629290501,178.37652400003125,187.6475072147241,48.72943875275979,15.118285544742116,7.676909123451441,293188.2,49944988.65,179.5,159.0,-0.1325473281303447,-0.6957702845585219,0.0029585798816567,0.0029585798816567,169.0,1.1325434208116525,180.12603729975234,168.075,156.02396270024764,0.5591235411755507,0.1434007115841422,42.0,39.17006802721093,168.0,168.05,16293681.0,15929063.85,-55.76923076923077,70.39206374333786,73.40154826712026,191.625,224.75,103637.6351666665,True,0.0048652983961492,17895.0,2.0,0.0,0.0,-1215.0,0.0,-0.0019067185144925,0.0,0.0,0.0806,0.0288,0.0,86.29,-0.01,0,False,0,False,False,False,False,1.7904745143221998,True,False,False,False,True,False,False,False,False,True,False,False,False,False,False,False,True,False,0.0,0.0,5.899705014749262,0.0,0.445792059694199,True,False,False,False,True,False,False,-1.0,False,5,True,False,358.2542498595524,29.8,3,False,3,False,False,False,False,"volume_break, market_above_ma60, avoid_chase, obv_uptrend, mfi_strong",open_high_close_low,,2.7,60.0,39.8,26.7,2.47,False,15,D
2026-09-04,15.15,15.15,14.75,14.95,1355411,20205908,6901,鑽石投資,,-0.5253411403357298,-0.3547834491461482,-0.1705576911895815,16.18320357536341,16.516085496933428,16.37943196349932,36.65827108622594,12.685626080584166,0.6722433236055617,2192130.95,36101241.9,17.95,14.9,-0.5756954092475118,-0.1865326457972266,-0.0743034055727553,0.0033557046979864,14.9,0.4777314209887309,17.721603021617923,16.325000000000045,14.928396978382168,0.0077341310606667,0.1710999107648237,9.090909090909062,4.419191919191992,15.279999999999928,15.875,-2355743.0,1477615.5,-92.85714285714288,-181.0544003360641,34.639553706470764,18.0625,17.225,103637.6351666665,True,0.0048652983961492,-144445.0,0.0,0.0,0.0,15000.0,2.0,-0.0791687039689046,0.0,0.0,0.0,0.0,0.0,0.74,-0.19,0,False,0,False,False,False,True,0.6183074966392861,False,False,False,False,True,False,False,False,True,False,False,False,False,False,False,False,False,False,20.0,25.0,20.066889632107024,0.0,-0.3359086434447093,False,False,False,False,False,False,False,-1.0,False,4,False,False,277.1521712450563,6.7,3,False,3,False,True,False,True,"ema60_gt_ema120, market_above_ma60, avoid_chase, kd_golden_cross",,close_below_ema20,-47.7,39.4,22.7,27.3,-0.32,False,33,D
2026-09-04,121.5,121.5,120.5,121.0,93581,11312955,6914,阜爾運通,,-6.751923980312057,-4.479706132054338,-2.2722178482577187,133.43397824621962,140.30925017664944,142.5875760935359,19.95974067627158,33.6616965112745,2.967956927803841,123678.65,16858142.8,148.5,121.5,-1.3759620259755556,-0.1374298203269459,-0.020242914979757,-0.0081967213114754,122.0,0.169526543841946,162.6866739265356,137.625,112.5633260734644,0.1683182446485099,0.364202345889709,3.4482758620689653,5.7471264367814,121.7,127.45,-68937.0,133718.25,-96.66666666666669,-90.81429089590132,48.288011793278486,145.75,143.75,103637.6351666665,True,0.0048652983961492,-17000.0,0.0,0.0,0.0,0.0,0.0,-0.0251082133759062,0.0,0.0,0.0995,-0.0191,0.0,2.24,-0.01,0,False,0,False,False,False,False,0.7566463573138937,False,False,True,False,True,False,False,False,False,False,False,False,False,False,False,False,False,False,20.0,12.0,22.727272727272727,0.0,-0.6858338348666702,False,False,False,False,False,False,False,-1.0,False,3,False,False,241.3364575547389,7.4,10,False,3,False,True,True,True,"market_above_ma60, avoid_chase, adx_trending",,"close_below_ema20, close_below_swing_low",-83.5,21.2,15.6,27.3,-0.14,False,33,D
2026-09-04,77.9,80.0,76.8,77.8,51160,3991845,6918,愛派司,,1.2740281158422988,1.0110504324316565,0.2629776834106425,75.40533088976059,74.30372124979834,75.77407698931809,63.70529741823092,40.12428373453698,1.8118648069717307,35889.5,2698927.25,78.0,74.0,0.3560058845518265,0.0541909296403795,-0.0025641025641025,0.0090791180285343,77.1,0.5406310249787452,78.69600616939854,75.12999999999974,71.56399383060094,0.8743683932619774,0.0949289543297968,61.038961038961055,51.08225108225088,77.17999999999957,76.48999999999978,-3389403.0,-3574065.4,-38.96103896103895,122.98393942480791,74.2651950125012,71.825,72.9,103637.6351666665,True,0.0048652983961492,1000.0,1.0,0.0,0.0,-1000.0,0.0,-0.0074294009602517,0.0,0.0,0.2014,0.0863,0.0,0.81,-0.03,0,False,0,False,False,True,False,1.4254865629223032,False,True,True,False,True,False,False,False,False,True,False,False,False,False,False,False,True,True,0.0,-12.0,0.2570694087403635,25.0,1.0880660806009503,False,False,True,True,False,False,False,-1.0,False,7,True,False,585.3116585964345,18.4,10,False,3,False,False,False,False,"rsi_strong, market_above_ma60, avoid_chase, adx_trending, obv_uptrend, mfi_strong, above_ichimoku_cloud",long_upper_shadow,,243.6,80.8,74.0,28.8,0.87,False,52,D
2026-09-04,83.5,87.2,81.6,86.4,8669515,731811227,6919,康霈*,,-4.406217410433058,-1.915045168742258,-2.4911722416908,98.83991963685746,102.817997775299,109.27626110654766,32.895896237521896,20.327959594121022,5.8488653298039015,11060878.35,1091892782.15,113.5,84.5,-1.155822624947615,-0.0188129319415245,-0.1325301204819275,0.0224852071005918,84.5,1.0764623812385616,118.71071245874772,101.95499999999991,85.19928754125213,0.0358299434209079,0.328688391128396,15.78947368421056,5.263157894736651,89.0,96.95999999999984,-47458543.0,49803964.7,-86.99186991869917,-183.386935020922,16.023311389796305,105.15,103.5,103637.6351666665,True,0.0048652983961492,-1854594.0,0.0,0.0,0.0,6256.0,1.0,-0.1373954188780768,0.0,0.0,0.0,0.0,0.0,12.61,-1.81,0,False,0,False,False,False,False,0.7837998688413385,False,False,True,False,True,True,False,False,True,False,False,False,False,False,False,False,False,False,20.0,25.0,31.365740740740733,0.0,-2.0,False,False,False,False,False,False,False,-1.0,False,5,False,False,328.8379986884134,10.2,3,False,3,False,True,False,True,"market_above_ma60, avoid_chase, liquidity_ok, adx_trending, kd_golden_cross",,close_below_ema20,-12.9,46.2,33.4,28.8,-0.18,False,52,D
2026-09-04,40.9,41.05,40.5,41.0,50400,2058400,6931,青松健康,,0.4313164394316757,0.5336391670827362,-0.1023227276510604,40.93852126838347,41.01258918521926,43.47491569440883,52.49705736848048,26.398308112760247,0.9006591181430291,104748.9,4415342.6,43.55,40.95,0.1198891290590207,0.035927467895519,-0.0096618357487922,0.0012210012210012,40.95,0.2625271581892071,43.27905918684117,41.26000000000003,39.2409408131589,0.4356135764383386,0.097870052682556,33.333333333333336,27.7139208173697,41.24000000000051,41.41000000000022,1499992.0,1538341.0,-60.97560975609765,-33.30359797799604,31.03570206719837,38.575,39.2,103637.6351666665,True,0.0048652983961492,2000.0,1.0,0.0,0.0,0.0,0.0,-0.0145271341449414,0.0,0.0,0.2448,0.0179,0.0,0.82,-0.01,0,False,0,False,False,False,False,0.4811506373813949,False,False,True,False,True,False,False,False,True,False,False,False,False,False,False,False,False,False,0.0,0.0,6.219512195121944,0.0,-0.3135967570776153,False,False,True,False,False,False,False,-1.0,False,5,False,False,391.04834528888256,8.6,5,False,3,False,False,False,False,"market_above_ma60, avoid_chase, adx_trending, kd_golden_cross, above_ichimoku_cloud",,,49.3,67.3,47.5,28.8,-0.68,False,52,D
2026-09-04,74.1,74.1,72.6,72.6,34062,2492687,6934,心誠鎂,,0.0062947133401252,-0.1147717787642329,0.1210664921043581,73.79320838569967,74.60228866323877,77.09017261276031,45.81873170302661,13.653833679234724,2.56858905621662,23404.45,1714556.3,76.1,72.0,0.1845286069091433,0.1345650638415213,-0.020242914979757,-0.0189189189189189,74.0,1.8332733772740115,75.47609144299241,73.18499999999986,70.89390855700731,0.3723315907383083,0.0626109569718537,11.94029850746264,37.44789565685157,74.35999999999913,74.02999999999956,723741.0,701397.95,-79.72972972972974,-6.427304964538847,59.90795690044189,73.95,71.8,103637.6351666665,True,0.0048652983961492,-5000.0,0.0,0.0,0.0,0.0,0.0,-0.0251082133759062,0.0,0.0,-0.9844,-0.9959,0.0,12.29,-0.07,0,False,0,False,False,False,False,1.4553642576518568,False,False,False,False,True,False,False,False,False,True,False,False,False,False,False,False,True,True,20.0,0.0,4.820936639118457,0.0,0.1632116880543885,False,False,False,False,False,False,False,-1.0,False,4,False,False,256.5121828331712,18.1,3,False,3,False,True,False,True,"market_above_ma60, avoid_chase, obv_uptrend, mfi_strong",,close_below_ema20,-85.2,19.2,18.3,28.8,0.92,False,52,D
2026-09-04,32.75,32.9,32.75,32.8,11000,361050,6936,永鴻生技,,0.1512719424795463,0.1012258995680775,0.0500460429114688,32.4766323099764,32.605779698323715,33.229773127399206,56.85879762148729,37.44328519132071,0.3852524165914759,22736.1,737511.5,33.1,32.35,0.125325305334668,-0.0378881985044926,0.0107858243451461,0.0,32.8,0.8841891460823863,33.04594563224869,32.427499999999874,31.80905436775106,0.8011582430015918,0.0381432816127556,45.83333333333299,45.83333333333212,32.66999999999971,32.60999999999986,-3949658.0,-3974365.1,-48.14814814814852,98.36065573770652,58.87452889333338,32.1125,33.25,103637.6351666665,True,0.0048652983961492,0.0,0.0,0.0,0.0,0.0,0.0,0.0059205259489969,0.0,0.0,0.1309,0.2413,0.0,0.55,0.0,0,False,0,False,False,True,False,0.4838120873852596,False,True,True,False,True,False,False,True,False,True,False,False,False,False,False,False,True,True,0.0,-12.0,0.9146341463414766,25.0,0.2840332663432066,False,False,False,True,False,False,False,-1.0,False,7,True,False,601.2465200699711,10.1,5,False,3,False,False,False,False,"rsi_strong, market_above_ma60, avoid_chase, adx_trending, stronger_than_market, obv_uptrend, mfi_strong",long_upper_shadow,,259.5,82.7,75.4,28.8,-0.67,False,52,D
2026-08-26,1405.0,1490.0,1400.0,1490.0,562127,829389230,6949,沛爾生醫-創,,106.93712903604592,62.83902858927094,44.09810044677498,1104.9506849618713,950.752356162613,822.3322985607774,84.44665559983355,38.63673936851899,75.58095292532597,296424.0,329290338.5,1355.0,1010.0,2.6028498725574085,0.822856590852144,0.3732718894009217,0.099630996309963,1355.0,3.518999613639941,1381.3798140004767,1040.25,699.1201859995233,1.1592065271658891,0.6558612141321349,100.0,97.00239808153492,1272.0,1164.5,12722252.0,10023409.75,-0.0,228.5602168949771,88.1129232418929,953.75,863.5,103119.96049999984,True,0.0250410701144732,-26000.0,0.0,0.0,0.0,637.0,1.0,0.3482308192864485,0.0,0.0,-0.226,-0.2305,0.0,4.12,-0.12,0,False,0,False,False,True,True,1.8963612932825955,True,True,True,True,False,True,False,True,False,True,False,False,False,True,False,False,True,True,-20.0,-25.0,-9.060402684563758,25.0,1.6572583497598248,False,False,True,False,False,True,False,-1.0,False,12,True,False,893.8507131299439,55.5,10,False,3,False,False,False,False,"ema60_gt_ema120, volume_break, rsi_strong, breakout_20d, market_above_ma60, liquidity_ok, adx_trending, stronger_than_market, obv_uptrend, breakout_volume_confirm, mfi_strong, above_ichimoku_cloud",gap_chase_after_blowout,,552.1,100.0,94.4,28.8,1.65,True,52,C
2026-09-04,38.5,38.7,38.15,38.2,13080,501550,6952,大武山,,-1.952787302955926,-0.5337148476232499,-1.419072455332676,34.253545955289944,35.823147264846,37.19438446972244,52.3292023488763,20.653049173167386,6.091558266763735,16599.85,638619.95,39.7,0.0,,,0.0065876152832675,inf,0.0,0.0060295447693699,52.54423897363314,35.96750000000011,19.39076102636708,0.5673383348664327,0.9217620893102376,98.2005141388175,33.58820556763991,30.300000000000363,34.03000000000029,-1077994.0,-1132136.9,-1.7994858611825084,43.33773036186771,70.53542070426839,34.650000000000006,35.6,103637.6351666665,True,0.0048652983961492,5000.0,1.0,0.0,0.0,0.0,0.0,0.0017223168871183,0.0,0.0,0.1738,0.0868,0.0,0.37,0.0,0,False,0,False,False,True,False,0.787958927339705,False,False,True,False,True,False,False,True,False,True,False,False,False,False,True,False,True,False,-20.0,0.0,3.926701570680628,0.0,0.7171686592839337,False,False,True,False,True,False,False,-1.0,False,8,True,False,626.4856131848043,31.7,3,False,3,False,False,False,False,"market_above_ma60, avoid_chase, adx_trending, stronger_than_market, obv_uptrend, williams_r_recovery, mfi_strong, above_ichimoku_cloud",open_high_close_low,,0.0,100.0,77.5,100.0,0.0,True,1,D
2026-09-04,100.0,100.0,100.0,100.0,3000,300000,6955,邦睿生技-創,,-2.2450202942659843,-0.6888805833812095,-1.5561397108847748,108.21601237080004,114.80227998957518,123.39097912140883,46.581054896166926,6.848013347603365,11.45717080875523,9162.35,1037450.1,125.5,98.9,,,-0.0783410138248847,0.0111223458038423,98.9,0.4403904060950032,161.39863323967262,108.72000000000008,56.041366760327534,0.4172339954196742,0.9690697799792588,9.90990990990992,12.590784617217045,103.0800000000003,107.89000000000014,7644.0,23011.95,-91.09311740890688,-40.99012680735573,30.20927775496064,88.25,77.0,103637.6351666665,True,0.0048652983961492,1000.0,1.0,0.0,0.0,-3000.0,0.0,-0.083206312221034,0.0,0.0,0.2133,-0.2103,0.0,17.9,0.0,0,False,0,False,False,False,False,0.327426915583884,False,False,False,False,True,False,False,False,False,False,False,False,False,False,False,False,False,False,20.0,0.0,25.5,0.0,-0.4333982000081968,False,False,True,False,False,False,False,-1.0,False,3,False,False,228.0734907557405,17.2,3,False,3,False,True,False,True,"market_above_ma60, avoid_chase, above_ichimoku_cloud",,close_below_ema20,-113.7,9.6,13.1,28.8,-0.93,False,52,D
2026-09-04,218.0,221.0,216.0,219.5,53322,11629732,6957,裕慶-KY,,0.8378632612996171,0.9103566438866312,-0.0724933825870139,218.95331004063425,211.02621597862924,200.05821363488607,51.34309114320195,13.83856068602041,7.053845385764998,73757.05,16161407.75,229.0,215.5,0.1434803731030853,0.2577115608421791,-0.0414847161572052,0.0091954022988505,217.5,0.4755068060490585,225.25347138537973,218.05,210.84652861462027,0.600645919337094,0.0660717393751868,25.0,18.51851851851825,219.0,220.2,2955072.0,2890540.5,-61.36363636363637,13.605442176872176,60.542976026273806,227.375,208.0,103637.6351666665,True,0.0048652983961492,-13000.0,0.0,0.0,0.0,0.0,0.0,-0.0463500145533545,0.0,0.0,-0.4755,-0.4756,0.0,5.81,-0.78,0,False,0,False,False,True,True,0.7229410612273673,False,False,False,False,True,False,False,False,True,True,False,False,False,False,False,False,True,False,10.0,0.0,4.328018223234624,0.0,0.1077415052500508,False,False,False,False,False,False,False,-1.0,False,6,False,False,363.5223086752743,5.4,3,False,3,False,False,False,False,"ema60_gt_ema120, market_above_ma60, avoid_chase, kd_golden_cross, obv_uptrend, mfi_strong",,,38.7,63.6,40.9,27.3,-0.19,False,33,D
2026-09-04,17.3,17.45,17.2,17.35,25691,445546,6958,日盛台駿,,-0.1601491354028219,-0.1115879070385927,-0.0485612283642291,17.557108461582178,17.645750778489177,17.623066187780484,45.93361059514769,14.851242186517114,0.421987959948349,34371.35,605375.6,18.65,17.1,-0.1475850360690576,0.0678265744880962,-0.0197740112994349,0.0087209302325581,17.2,0.6913607888135538,18.270479294709,17.539999999999964,16.809520705290925,0.369948401428926,0.0832929640489213,28.57142857142862,15.873015873015902,17.220000000000073,17.475,786672.0,761206.0,-62.49999999999985,-56.35449549865514,46.14448179756176,17.975,17.575,103637.6351666665,True,0.0048652983961492,16000.0,2.0,0.0,0.0,-1000.0,0.0,-0.0246393096955841,0.0,0.0,-0.0768,0.0236,0.0,0.55,-0.01,0,False,0,False,False,False,True,0.7474539114698725,False,False,False,False,True,False,False,False,False,True,False,False,False,False,False,False,False,False,10.0,0.0,7.4927953890489745,0.0,0.0896769778695255,True,False,False,False,False,False,False,-1.0,False,4,False,False,263.550662849133,7.5,3,False,3,False,True,False,True,"ema60_gt_ema120, market_above_ma60, avoid_chase, obv_uptrend",,close_below_ema20,-61.3,30.3,20.0,27.3,-0.15,False,33,D
2026-09-04,73.7,74.1,73.7,73.8,11036,815349,6965,中傑-KY,,-0.9371444794109324,-0.9398912991486912,0.0027468197377589,74.89527830611851,77.13188526296341,79.58776136414626,39.4554331804141,37.10149798248407,1.4008246630676664,22113.15,1644445.7,77.3,73.4,-0.162655831149574,-0.1600203114870474,-0.0186170212765958,0.0013568521031206,73.7,0.6303172037871496,76.7834416008188,74.79500000000026,72.80655839918171,0.2498040677707944,0.0531704418963444,46.87499999999996,41.66666666666666,73.72000000000044,74.40000000000036,-1724111.0,-1663253.35,-53.12500000000004,-64.23034330011129,40.42119427776132,78.6,78.85,103637.6351666665,True,0.0048652983961492,9000.0,2.0,0.0,0.0,0.0,0.0,-0.023482319672745,0.0,0.0,0.033,0.039,0.0,77.37,0.0,0,False,0,True,True,False,False,0.4990695581588331,False,False,True,False,True,False,False,False,False,False,False,False,False,False,False,False,False,False,0.0,0.0,4.742547425474255,0.0,-0.9322307415546244,True,False,False,True,False,False,False,-1.0,False,5,True,False,383.80392668293285,6.8,5,False,3,False,True,False,True,"macd_golden_cross, market_above_ma60, avoid_chase, hist_turn_positive, adx_trending",long_upper_shadow,close_below_ema20,28.3,66.7,45.8,26.7,-0.54,False,15,D
2026-09-04,11.4,11.9,11.4,11.85,25000,290350,6988,威力暘-創,,-0.2471436480201596,-0.2467663875431425,-0.0003772604770171,11.79326814736764,12.58988283530858,13.497848448385207,49.28173266068385,6.564672818970044,0.559062073699673,48501.95,578661.25,13.0,11.3,-0.617887876475444,,0.0171673819742488,0.0486725663716813,11.3,0.9078826381342472,12.90307097858227,11.944999999999984,10.986929021417694,0.4504212098457675,0.1604137260079179,92.3076923076922,40.76923076923049,11.470000000000072,11.564999999999964,-557063.0,-350958.1,-43.4782608695652,-34.2044581091471,17.757178096487962,6.8375,9.075,103637.6351666665,True,0.0048652983961492,-3000.0,0.0,0.0,0.0,-9000.0,0.0,0.0123020835780995,0.0,0.0,-0.1735,-0.1629,0.0,3.13,-0.17,0,False,0,False,False,False,False,0.5154431935210853,False,False,False,False,True,False,False,True,False,False,False,False,False,False,True,False,False,False,-20.0,0.0,9.704641350210974,0.0,-0.9658410051859988,False,False,True,False,False,False,False,-1.0,False,5,False,False,303.5643398729789,16.4,3,False,3,False,False,False,False,"market_above_ma60, avoid_chase, stronger_than_market, williams_r_recovery, above_ichimoku_cloud",,,-30.2,42.9,28.2,33.3,-0.75,False,42,D
2026-09-04,29.8,29.85,29.5,29.85,68260,2028323,7705,三商餐飲,,-0.1903579558703896,-0.0986119664026296,-0.0917459894677599,30.453228160180515,31.02618914776581,32.62042845866865,40.19892051965322,16.701251232084275,0.4822033495329155,45691.55,1385380.6,31.2,29.8,-0.1328428097175694,-0.0816737782863447,-0.021311475409836,0.0016778523489933,29.8,5.710329663730754,31.35953808064973,30.57500000000009,29.79046191935045,0.0379446722332787,0.051318925962364,21.87500000000007,10.190217391304031,30.05,30.414999999999964,-4286030.0,-4063559.1,-79.41176470588225,-189.7064288368637,23.671757316774418,31.025,31.6,103637.6351666665,True,0.0048652983961492,-10000.0,0.0,0.0,0.0,0.0,0.0,-0.0261767738059852,0.0,0.0,-0.0466,-0.0252,0.0,2.34,0.05,0,False,0,False,False,False,False,1.493930496995615,False,False,False,False,True,False,False,False,True,False,False,False,False,False,False,False,False,False,10.0,25.0,4.522613065326626,0.0,-1.4601889799251908,False,False,False,False,False,False,False,-1.0,False,3,False,False,202.41703721085383,15.9,3,False,3,False,True,False,True,"market_above_ma60, avoid_chase, kd_golden_cross",,close_below_ema20,-101.0,22.2,8.5,27.8,1.48,False,18,D
2026-09-04,70.0,70.0,69.4,69.4,6000,418100,7736,虎山,,-0.2988925950961629,-0.3174950162756291,0.0186024211794661,69.67863628778959,71.04495654455553,74.40216916381844,46.80621916881508,13.333614621698748,1.231601088997814,17670.0,1231874.5,71.3,68.7,-0.0785148184118282,-0.070878610082261,-0.0028735632183906,-0.0071530758226037,69.9,1.0798088783655413,71.06055648684664,69.73500000000021,68.40944351315379,0.3736379764557633,0.0380169638444516,66.66666666666693,53.31088664421986,69.34000000000087,69.30000000000037,2076657.0,2038716.55,-63.63636363636352,-18.66666666666578,24.417847479650888,70.32499999999999,73.25,103637.6351666665,True,0.0048652983961492,-1000.0,0.0,0.0,0.0,0.0,0.0,-0.0077388616145398,0.0,0.0,-0.3099,-0.2057,0.0,1.28,-0.02,0,False,0,False,False,False,False,0.3395585738539898,False,False,False,False,True,False,False,False,False,True,False,False,False,False,False,False,False,True,0.0,0.0,2.737752161383273,8.0,0.2487150469256034,False,False,False,False,False,False,False,-1.0,False,3,False,False,164.38016630164714,9.0,3,False,3,False,True,False,True,"market_above_ma60, avoid_chase, obv_uptrend",,close_below_ema20,-169.4,9.5,4.8,33.3,-1.1,False,42,D
2026-09-04,33.9,33.9,33.35,33.55,4000,134550,7732,金興精密,,-0.2092873213827744,-0.0627763515302491,-0.1465109698525252,34.36762365201138,34.39232924644619,34.41034444526393,45.28483351747847,6.677329751106744,1.1062826156938337,28508.1,982298.2,36.1,33.5,-0.1453462466469407,,-0.0331412103746399,0.0014925373134326,33.5,0.1346434137491122,35.64424873894553,34.42999999999993,33.21575126105433,0.1376360247390147,0.0705343444057857,13.33333333333305,4.444444444444646,33.939999999999785,34.31499999999996,647019.0,673162.1,-83.87096774193553,-133.617021276595,50.49656367775467,26.6,18.4,103637.6351666665,True,0.0048652983961492,1000.0,1.0,0.0,0.0,0.0,0.0,-0.0380065087707891,0.0,0.0,-0.1456,-0.2968,0.0,0.39,0.0,0,False,0,False,False,False,False,0.1403109993300149,False,False,False,False,True,False,False,False,True,False,False,False,False,False,False,False,True,False,20.0,12.0,7.600596125186303,0.0,-0.2401345799186986,False,False,True,False,False,False,False,-1.0,False,5,False,False,320.5214950342758,6.7,3,False,3,False,True,False,True,"market_above_ma60, avoid_chase, kd_golden_cross, mfi_strong, above_ichimoku_cloud",,close_below_ema20,-13.3,47.6,31.6,33.3,-1.5,False,42,X
2026-09-04,33.2,33.2,33.0,33.2,65895,2179871,7760,享溫馨,,-0.1406488913789587,-0.1979366450358288,0.05728775365687,33.20398433538563,33.705698953941464,34.67475950011753,48.27195122133628,7.17274134874452,0.6286904773736811,73560.2,2428848.45,33.3,32.85,0.053832968644967,-0.0241034511042222,0.0060606060606061,0.0,33.2,1.13480374266254,33.44876313787319,33.03250000000016,32.61623686212713,0.7011948509970292,0.0252032475818075,66.66666666666693,66.66666666666606,33.12000000000044,33.10500000000011,-801017.0,-863203.3,-33.33333333333307,48.606994665088905,40.73384831790797,34.275,33.65,103637.6351666665,True,0.0048652983961492,1000.0,1.0,0.0,0.0,0.0,0.0,0.0011953076644568,0.0,0.0,-0.1412,-0.0467,0.0,0.41,0.01,0,False,0,False,False,False,False,0.8957969119170421,False,False,False,False,True,False,False,True,False,True,False,False,False,False,False,False,False,True,0.0,0.0,0.3012048192770912,25.0,0.2041702924863772,False,False,False,False,False,False,False,-1.0,False,4,False,False,301.4080126290069,10.5,3,False,3,False,True,False,True,"market_above_ma60, avoid_chase, stronger_than_market, obv_uptrend",,close_below_ema20,-2.0,50.0,27.9,27.8,0.27,False,18,D
2026-09-04,2205.0,2420.0,2205.0,2415.0,346468,812979760,7750,新代,,26.79545935810893,40.15146302683368,-13.356003668724751,2313.067053548099,2222.575201684756,2030.229164628864,54.83113653150895,12.320043314951052,152.1053621646219,415914.65,991873841.0,2515.0,2140.0,-0.2817341616184722,0.2181212904214532,0.05,0.0977272727272726,2200.0,0.4423521034853097,2554.129752338441,2358.5,2162.8702476615586,0.6444054376306075,0.1658933664095327,66.19718309859155,41.818814119283466,2306.0,2314.0,9709296.0,8895448.4,-34.48275862068966,-12.96889107773157,61.76990179528572,2000.0,2247.5,103637.6351666665,True,0.0048652983961492,159573.0,1.0,3000.0,1.0,17431.0,1.0,0.0451347016038508,0.0,0.0,2.0265,0.0829,0.0,16.95,0.16,0,False,0,False,False,True,True,0.8330266798729018,False,False,False,False,False,True,False,True,True,True,False,False,False,False,True,False,True,False,0.0,0.0,4.140786749482402,0.0,0.9059623249813292,False,False,True,False,False,False,False,-1.0,False,9,False,False,729.2018146985049,23.7,3,False,3,False,False,False,False,"ema60_gt_ema120, market_above_ma60, liquidity_ok, stronger_than_market, kd_golden_cross, obv_uptrend, williams_r_recovery, mfi_strong, above_ichimoku_cloud",,,309.6,86.8,86.0,34.0,-0.11,False,53,D
2026-09-04,16.7,16.8,16.65,16.7,583651,9746693,7780,大研生醫*,,-0.0921472604328137,-0.1158258421184733,0.0236785816856596,16.8685630750502,18.45190726719932,33.83699392496296,44.12320168534662,16.817692962080223,0.2875747242297443,752367.0,12654197.4,17.1,16.65,0.0325162115309364,-0.2244386599296168,-0.0147492625368731,0.003003003003003,16.65,1.897207269257056,17.108790581966666,16.81999999999971,16.531209418032752,0.292236991971158,0.0343389514823973,16.66666666666637,26.282051282050816,16.8,16.865000000000144,-7994210.0,-8736288.05,-81.2500000000002,-67.67337807605924,61.2782837092661,17.1875,18.05,103637.6351666665,True,0.0048652983961492,-122000.0,0.0,62000.0,2.0,-2087.0,0.0,-0.0196145609330223,0.0,0.0,0.3208,-0.1843,0.0,0.71,-0.15,0,False,0,False,False,False,False,0.7757530566864309,False,False,False,False,True,False,False,False,False,True,True,False,False,False,False,False,True,False,20.0,0.0,2.3952095808383365,8.0,0.1624815507464827,False,True,False,False,False,False,False,-1.0,False,5,False,False,427.7073091758221,7.1,3,False,3,False,True,False,True,"market_above_ma60, avoid_chase, obv_uptrend, invest_trust_buy_2d, mfi_strong",,close_below_ema20,96.3,68.2,54.2,22.7,-0.12,False,22,D
2026-09-04,55.3,55.5,55.0,55.0,39959,2204090,7791,皇家可口,,-1.2533810306165805,-1.2267623360490103,-0.0266186945675701,57.06568985109853,59.863009975963536,63.18188241589724,20.89464189502391,38.69442536760437,0.7238105577335311,46685.5,2672571.85,59.7,55.3,-0.3178771125105851,-0.2260725208911269,-0.028268551236749,-0.0054249547920433,55.3,1.025005143619766,59.45859143181217,57.01000000000003,54.5614085681879,0.0895599457945318,0.0859004185866385,0.0,3.598484848484683,55.72000000000044,56.259999999999856,-8041857.0,-7800202.65,-100.0,-141.8197891014714,21.705765665622792,61.45,64.3,103637.6351666665,True,0.0048652983961492,1000.0,1.0,0.0,0.0,0.0,0.0,-0.0331338496328983,0.0,0.0,-0.0324,0.0838,0.0,0.44,-0.02,0,False,0,False,False,False,False,0.8559188613166829,False,False,True,False,True,False,False,False,False,False,False,False,False,False,False,False,False,False,20.0,25.0,8.54545454545455,0.0,-0.5890668504342276,False,False,False,False,False,False,False,-1.0,False,3,False,False,251.4903864079561,4.5,5,False,3,True,True,True,True,"market_above_ma60, avoid_chase, adx_trending",,"macd_death_cross, close_below_ema20, close_below_swing_low",-79.9,27.3,17.5,22.7,0.09,False,22,D
2026-09-04,355.0,373.0,353.5,370.0,318974,116334857,7799,禾榮科,,-2.16018143386782,-3.345726270438494,1.1855448365706742,365.6354637220312,372.88177031530086,396.6045819419078,51.10490357363353,13.424779866126425,17.134302114236938,259136.95,95081386.0,383.5,352.0,0.1379549302054007,-0.1662679631327279,-0.0237467018469657,0.0511363636363635,352.0,0.8678915770643268,382.87313887186633,362.725,342.5768611281337,0.6805377669437837,0.1110931911054727,43.333333333333336,22.592592592593064,363.9,365.95,-14964824.0,-15207367.45,-50.495049504950494,19.01294498381912,47.56624696654624,395.875,386.5,103637.6351666665,True,0.0048652983961492,62000.0,1.0,0.0,0.0,0.0,0.0,-0.0286120002431149,0.0,0.0,0.0,0.0,0.0,3.2,-0.15,0,False,0,False,False,False,False,1.2309089846121906,False,False,False,False,True,True,False,False,True,True,False,False,False,False,False,False,False,False,0.0,0.0,3.6486486486486487,0.0,0.1928577517821959,False,False,False,False,False,False,False,-1.0,False,5,False,False,319.6233828675082,14.8,3,False,3,False,False,False,False,"market_above_ma60, avoid_chase, liquidity_ok, kd_golden_cross, obv_uptrend",,,-22.1,40.4,31.1,28.8,0.55,False,52,D
2026-09-04,19.8,19.8,19.4,19.5,13000,254250,7803,雲象科技-創,,-0.3752865550760198,-0.4689419735346311,0.0936554184586113,19.56711249128956,21.35207435224508,24.141644878984355,45.76103313407154,11.76184775738393,0.6986723531202247,29136.9,561687.55,19.95,19.1,-0.1209315327781321,-0.3996612382285877,0.015625,0.0209424083769633,19.1,0.3994476285268885,19.98398377209998,19.452499999999965,18.92101622789995,0.5446862185578608,0.0546442639352283,66.66666666666677,52.77777777777798,19.279999999999927,19.369999999999983,-1093111.0,-1147808.9,-22.22222222222218,58.43768634466438,30.33008935422388,21.0125,24.8,103637.6351666665,True,0.0048652983961492,-3000.0,0.0,0.0,0.0,0.0,0.0,0.0107597016038507,0.0,0.0,-0.3997,-0.5728,0.0,2.88,0.02,0,False,0,False,False,False,False,0.4461696336947307,False,False,False,False,True,False,False,True,True,True,False,False,False,False,False,False,False,False,0.0,0.0,2.307692307692304,8.0,0.0977864596641232,False,False,False,False,True,False,False,-1.0,False,5,True,False,343.63513385291674,14.5,3,False,3,False,True,False,True,"market_above_ma60, avoid_chase, stronger_than_market, kd_golden_cross, obv_uptrend",open_high_close_low,close_below_ema20,1.9,51.9,36.4,28.8,-0.74,False,52,D
2026-09-04,39.3,39.75,39.3,39.55,27855,1101292,7821,神數,,-0.3025054217695029,-0.4350954482399372,0.1325900264704342,39.48953911505373,41.39979672877367,44.797009211831806,48.26809024626562,12.144288990277666,0.7005196540328855,102864.85,4067777.5,41.6,38.85,-0.095757170834138,-0.209370051373062,0.0128040973111396,0.0038071065989846,39.4,1.1404113544810062,40.55516093308117,39.39000000000006,38.22483906691895,0.5686600431997154,0.0591602403189189,60.71428571428537,68.65079365079389,39.409999999999854,39.23999999999997,-9522219.0,-9551559.1,-39.28571428571463,23.321270607156585,39.00355935868875,40.775,42.95,103637.6351666665,True,0.0048652983961492,5000.0,1.0,0.0,0.0,0.0,0.0,0.0079387989149903,0.0,0.0,0.451,0.3126,0.0,0.7,0.02,0,False,0,False,False,False,False,0.2707922093893103,False,False,False,False,True,False,False,True,False,True,False,False,False,False,False,False,False,True,0.0,0.0,5.183312262958292,0.0,0.1097703118098734,False,False,False,False,False,False,False,-1.0,False,4,False,False,339.0251658356116,11.3,3,False,3,False,False,False,False,"market_above_ma60, avoid_chase, stronger_than_market, obv_uptrend",,,5.2,52.4,35.4,33.3,-1.24,False,42,X
2026-09-04,151.5,153.0,145.0,151.0,141733,21164341,7827,漢康-KY創,,-0.8305102216278897,0.1721422970850554,-1.0026525187129451,155.98850379100008,155.0380791121638,147.1841537013459,42.05701310558747,10.656060863041558,6.48881467874492,243246.4,38537400.65,164.0,151.5,-0.2438383315576838,-0.1316069555771944,-0.0532915360501566,-0.0033003300330033,151.5,0.5172900157317832,165.39649258733135,157.825,150.25350741266865,0.0492962634989835,0.0959479497840185,30.76923076923077,18.805260831122723,152.6,156.65,6002531.0,6691560.1,-70.73170731707317,-156.98478561549064,36.01310606175049,153.0,157.75,103637.6351666665,True,0.0048652983961492,64000.0,2.0,0.0,0.0,-3824.0,0.0,-0.0581568344463059,0.0,0.0,0.0,0.0,0.0,24.84,0.03,0,False,0,False,False,False,True,0.5826725493162489,False,False,False,False,True,False,False,False,False,False,False,False,False,False,False,False,False,False,0.0,25.0,8.609271523178808,0.0,-0.9302272838516702,True,False,False,True,False,False,False,-1.0,False,3,True,False,189.66399808694248,6.4,3,False,3,False,True,True,True,"ema60_gt_ema120, market_above_ma60, avoid_chase",long_upper_shadow,"close_below_ema20, close_below_swing_low",-152.1,7.7,6.8,28.8,-0.51,False,52,D
2026-09-04,176.5,177.5,171.5,176.0,2868742,502221111,8033,雷虎,,-1.4307894740133804,-0.0151813054736923,-1.4156081685396882,184.4238508541015,179.31270532199636,167.90326455525926,45.29661036144465,12.342450556632755,12.171387933687845,9159362.25,1737804092.25,201.5,173.0,-0.0476830003675499,0.3856683529472671,-0.0712401055408971,0.0173410404624276,173.0,0.6061391576213999,200.63576518875124,185.1,169.56423481124875,0.207127396383768,0.1678634812398837,11.25,10.399572649572292,180.5,184.75,364139379.0,377878202.35,-88.75,-115.18467852257184,42.62059111074151,197.625,197.5,103637.6351666665,True,0.0048652983961492,-258970.0,0.0,0.0,0.0,702.0,1.0,-0.0761054039370463,0.0,0.0,-0.0948,-0.4764,0.0,4.92,-0.12,0,False,0,False,False,False,True,0.3132032473112415,False,False,False,False,True,True,False,False,True,False,False,False,False,False,False,False,False,False,20.0,0.0,14.488636363636363,0.0,-0.4058493861889342,False,False,False,False,True,False,False,-1.0,False,5,True,False,308.2618398388452,10.4,3,False,3,False,True,False,True,"ema60_gt_ema120, market_above_ma60, avoid_chase, liquidity_ok, kd_golden_cross",open_high_close_low,close_below_ema20,-16.6,45.5,29.2,27.3,-0.73,False,33,D
2026-09-04,42.8,42.95,42.7,42.75,652988,27934806,7855,和運租車,,-9.778573168949642,-11.387281565261166,1.608708396311524,50.51401675766085,71.26351494822232,83.96999088974665,17.807582675219592,50.6962449920645,2.178684557332081,2252016.35,98771706.35,82.3,42.75,-1.0548867813185665,,-0.0127020785219399,-0.0011682242990653,42.8,0.2661775743761022,62.2137744760906,45.39249999999974,28.57122552390889,0.4214536329052922,0.7411477436180405,4.761904761904504,3.174603174603059,42.869999999999706,43.18499999999985,-26735421.0,-19366572.7,-96.15384615384636,-47.439592108179845,18.357737570573647,99.8,53.0,103637.6351666665,True,0.0048652983961492,41000.0,4.0,0.0,0.0,0.0,0.0,-0.0175673769180891,0.0,0.0,0.0702,0.1547,0.0,23.14,0.08,0,False,0,False,False,False,False,0.2899570422745821,False,False,True,False,True,True,True,False,False,False,False,False,False,False,False,False,False,False,20.0,0.0,92.51461988304092,0.0,-0.7526634946457387,True,False,False,True,False,False,False,-1.0,False,5,True,False,408.8676084869969,12.5,8,False,3,False,True,False,True,"market_above_ma60, avoid_chase, liquidity_ok, foreign_buy_3d, adx_trending",long_upper_shadow,close_below_ema20,84.0,75.8,50.9,27.3,-0.76,False,33,X
