date,open,high,low,close,volume,amount,stock_id,name,industry_category,macd,macd_signal,macd_hist,ema20,ema60,ema120,rsi14,adx14,atr14,volume_ma20,amount_ma20,close_20d_high,close_10d_low,lr_slope_20,lr_slope_60,return_5d,day_return,prev_close,prev_volume_ratio,bb_upper,bb_mid,bb_lower,bb_pct_b,bb_bandwidth,stoch_k,stoch_d,sma5,sma10,obv,obv_ma,williams_r,cci20,mfi14,ichi_senkou_a,ichi_senkou_b,market_ma60,market_above_ma60,market_return_5d,foreign_net,foreign_buy_streak,invest_trust_net,invest_trust_streak,dealer_net,dealer_buy_streak,relative_strength_5d,margin_change_5d,short_ratio,revenue_yoy,revenue_mom,revenue_3m_yoy,foreign_holding_pct,foreign_holding_chg5d,insider_net_30d,has_buyback,limit_down_streak,macd_golden_cross,hist_turn_positive,above_ema60,ema60_gt_ema120,volume_ratio,volume_break,rsi_strong,adx_trending,breakout_20d,avoid_chase,liquidity_ok,foreign_buy_3d,stronger_than_market,kd_golden_cross,obv_uptrend,invest_trust_buy_2d,dealer_buy_3d,bb_squeeze_breakout,breakout_volume_confirm,williams_r_recovery,cci_momentum,mfi_strong,ma5_above_ma10,kd_level_score,bb_level_signal,gap_to_20d_high_pct,breakout_proximity_score,obv_strength,foreign_buy_accel,invest_trust_accel,above_ichimoku_cloud,long_upper_shadow,open_high_close_low,gap_chase_after_blowout,earnings_blocked,f_score,f_score_low,condition_count,skip_trade,entry_signal,entry_score,momentum_score,expected_hold_days,momentum_decay_signal,estimated_sl_days,macd_death_cross,close_below_ema20,close_below_swing_low,base_exit_signal,entry_reason,skip_reason,base_exit_reason,sector_rs,sector_rs_rank,market_rs_rank,sector_breadth_60,sector_vol_zscore,is_sector_leader,sector_stock_count,grade
2026-09-21,13000.0,13050.0,12510.0,12800.0,542518,6976549860,2059,川湖,,102.7601598089841,335.3558685482322,-232.5957087392481,12638.201801010158,10992.492330429135,8877.575832889826,53.836448266863925,25.61052882174304,665.4951625482004,499979.1,6666614873.25,14510.0,11715.0,-1.0892756744905543,1.2349390560868636,0.067556296914095,0.0244097639055622,12495.0,0.9701853980871288,15081.183600843327,13189.25,11297.316399156673,0.3971290536236334,0.2868902478675175,81.94945848375451,46.51438228222408,12270.0,12294.0,10856868.0,10864318.15,-55.57729941291585,-34.65163735302706,44.53891992649682,10225.0,8807.5,,,,0.0,0.0,0.0,0.0,0.0,0.0,,0.0,0.0,3.4442,0.0092,0.0,23.37,-0.37,0,False,0,False,False,True,True,1.0850813564006976,False,False,True,False,False,True,False,False,False,False,False,False,False,False,False,False,False,False,-20.0,0.0,13.359375000000002,0.0,-0.0048738399872341,False,False,True,False,True,False,False,-1.0,False,5,True,False,360.7923274841601,,3,False,3,False,False,False,False,"ema60_gt_ema120, market_above_ma60, liquidity_ok, adx_trending, above_ichimoku_cloud",open_high_close_low,,10.0,52.5,52.5,44.1,-0.03,False,1528,D
2026-09-21,289.0,294.0,281.5,288.5,16254104,4680524385,2301,光寶科,,4.1368406153166575,7.91793330664776,-3.781092691331103,283.7010105710909,260.0910906926869,234.07043660765964,54.58983639845588,29.77240729924622,14.622817411419687,27642264.65,8234358747.85,317.5,274.0,-0.6023391503882262,0.7394929863166732,0.0396396396396396,0.0230496453900708,282.0,0.8352261279930603,319.61118816343446,293.825,268.0388118365655,0.3967470498886883,0.1755207226303716,63.63636363636363,38.6603357247659,279.9,282.85,501210217.0,478740756.6,-69.29824561403508,-38.618493082512366,51.51622222297223,242.875,228.75,,,,0.0,0.0,0.0,0.0,0.0,0.0,,0.0,0.0,0.252,0.0309,0.0,43.02,-0.28,0,False,0,False,False,True,True,0.5880163657285584,False,False,True,False,True,True,False,False,False,True,False,False,False,False,False,False,True,False,0.0,0.0,10.051993067590988,0.0,0.4733543303626173,False,False,True,True,True,False,False,-1.0,False,8,True,False,586.560415621637,,3,False,3,False,False,False,False,"ema60_gt_ema120, market_above_ma60, avoid_chase, liquidity_ok, adx_trending, obv_uptrend, mfi_strong, above_ichimoku_cloud","long_upper_shadow, open_high_close_low",,235.8,80.5,80.5,44.1,-0.49,False,1528,D
2026-09-21,133.0,133.0,129.0,129.0,224196,29313282,2072,世紀風電,,-5.54302708450669,-5.401004187604733,-0.142022896901957,134.70158759847797,146.83448546419635,166.0646370810706,35.63060795059492,26.11751927653422,3.856853638054596,314417.05,42870333.55,150.5,126.5,-0.9013986793321592,-0.2091615663613992,0.0078125,-0.0076923076923076,130.0,0.7481883950433508,150.8826449120821,135.55,120.21735508791792,0.2864034536259746,0.2262286228267368,42.85714285714285,39.06289788642789,128.4,129.15,-16478845.0,-15223733.8,-80.0,-56.35566687539163,19.525272772941364,155.5,103.5,,,,0.0,0.0,0.0,0.0,0.0,0.0,,0.0,0.0,0.8484,-0.1658,0.0,1.26,0.01,0,False,0,False,False,False,False,0.7130529339932424,False,False,True,False,True,False,False,False,False,False,False,False,False,False,False,False,False,False,0.0,0.0,16.666666666666664,0.0,-1.0252859697448842,False,False,False,False,True,False,False,-1.0,False,3,True,False,224.82709770299385,,5,False,3,False,True,False,True,"market_above_ma60, avoid_chase, adx_trending",open_high_close_low,close_below_ema20,-126.0,21.1,21.1,44.1,-0.37,False,1528,D
2026-09-21,44.85,45.15,43.7,44.15,2658334,117828446,2302,麗正,,0.1819459714306717,-0.0058504738439631,0.1877964452746348,42.99193501907669,41.44324662665955,36.8561414261927,54.65978706899663,10.177021639871196,2.2822205724532383,3341478.1,146062801.25,44.9,40.2,-0.0632810502352356,-0.1387462342537536,0.0612980769230768,-0.0056306306306306,44.4,1.1006856370879596,45.56538346659323,42.99000000000001,40.41461653340679,0.7252091805059354,0.1198131410371352,74.3119266055046,76.14678899082537,43.429999999999744,42.57999999999993,174093571.0,168522632.7,-25.688073394495408,76.65873645255051,55.91555121390573,42.3125,44.05,,,,0.0,0.0,0.0,0.0,0.0,0.0,,0.0,0.0,0.8772,0.1053,0.0,3.23,1.73,0,False,0,False,False,True,True,0.7955563138360835,False,False,False,False,False,True,False,False,False,True,False,False,False,False,False,False,True,True,-10.0,0.0,1.6987542468856174,15.0,0.415922775909582,False,False,True,False,False,False,False,-1.0,False,6,False,False,467.94663644927584,,3,False,3,False,False,False,False,"ema60_gt_ema120, market_above_ma60, liquidity_ok, obv_uptrend, mfi_strong, above_ichimoku_cloud",,,117.1,68.5,68.5,44.1,-0.3,False,1528,D
2026-09-21,156.5,159.0,153.0,157.0,158568199,24727121404,2303,聯電,,6.578078356889648,4.212072790797474,2.3660055660921744,139.08055107643136,131.69896148516494,119.1615863309808,68.18375499450414,22.892981043578843,7.382545772842789,190305025.6,26092653014.1,156.0,137.0,1.1879111042595414,-0.2385846923205833,0.1017543859649123,0.0064102564102563,156.0,1.5962709080869373,157.04109542221255,136.375,115.70890457778744,0.9990057284316906,0.3030774764027505,86.27450980392157,85.2414083913136,148.2,144.5,8161628276.0,7165549991.3,-9.333333333333334,156.1933822828265,67.68547605731482,128.75,144.0,,,,0.0,0.0,0.0,0.0,0.0,0.0,,0.0,0.0,0.3071,0.0504,0.0,41.35,0.29,0,False,0,False,False,True,True,0.8332317998437557,False,True,True,True,False,True,False,False,False,True,False,False,False,False,False,False,True,True,-20.0,-25.0,-0.6369426751592357,25.0,2.0,False,False,True,True,False,False,False,-1.0,False,9,True,False,647.3323179984376,,3,False,3,False,False,False,False,"ema60_gt_ema120, rsi_strong, breakout_20d, market_above_ma60, liquidity_ok, adx_trending, obv_uptrend, mfi_strong, above_ichimoku_cloud",long_upper_shadow,,296.5,85.6,85.6,44.1,-0.26,False,1528,D
2026-09-21,1750.0,1885.0,1740.0,1875.0,19029054,34907772805,2308,台達電,,-11.674630093315272,-18.75306446737181,7.078434374056545,1748.4819464501488,1798.1061828271709,1761.9278632727253,58.95461962277155,12.952543646980212,90.94527814997322,11645051.05,20347603348.05,1865.0,1620.0,-0.2354624721835869,-0.1518477501175124,0.1574074074074074,0.0806916426512969,1735.0,1.1953382759929998,1909.414471286121,1756.0,1602.585528713879,0.8878382495549025,0.1747317440616411,96.92307692307692,64.57264957264972,1735.0,1719.0,191877822.0,168735169.7,-3.076923076923077,82.26509560188168,56.20542536029838,1725.0,1945.0,,,,0.0,0.0,0.0,0.0,0.0,0.0,,0.0,0.0,0.3495,-0.0371,0.0,61.59,0.12,0,False,0,True,True,True,True,1.6340893585004936,True,True,False,True,False,True,False,False,False,True,False,False,False,True,False,False,True,True,-20.0,-12.0,-0.5333333333333333,25.0,1.2623342168999463,False,False,False,False,False,False,False,-1.0,False,11,False,False,779.4889041878042,,3,False,3,False,False,False,False,"macd_golden_cross, ema60_gt_ema120, volume_break, rsi_strong, breakout_20d, market_above_ma60, liquidity_ok, hist_turn_positive, obv_uptrend, breakout_volume_confirm, mfi_strong",,,428.7,94.8,94.8,44.1,0.47,False,1528,D
2026-09-21,31.1,31.55,31.0,31.3,5842601,183041433,2312,金寶,,-0.3318969592827301,-0.2847182573819995,-0.0471787019007305,31.50858621478229,31.929690021362013,30.9202055983006,47.34627173528087,6.998226699456535,1.087195553819719,9172504.1,292480989.75,33.15,30.45,-0.2341785765427192,-0.1357587778319171,0.0145867098865477,0.0096774193548387,31.0,0.8369181975403556,33.14108068652011,31.66000000000004,30.17891931347996,0.3784671209082183,0.0935616352823799,65.00000000000003,45.80131258600644,31.07000000000007,31.090000000000053,2172538278.0,2159358280.4,-64.86486486486487,-49.28517682468041,47.53335315957201,32.1875,35.85,,,,0.0,0.0,0.0,0.0,0.0,0.0,,0.0,0.0,0.2238,-0.1604,0.0,8.99,0.06,0,False,0,False,False,False,True,0.6369690257211224,False,False,False,False,True,True,False,False,False,True,False,False,False,False,False,False,False,False,0.0,0.0,5.910543130990408,0.0,0.3730025202810574,False,False,False,False,False,False,False,-1.0,False,5,False,False,335.8457205005839,,3,False,3,False,True,False,True,"ema60_gt_ema120, market_above_ma60, avoid_chase, liquidity_ok, obv_uptrend",,close_below_ema20,-15.0,46.4,46.4,44.1,-0.44,False,1528,D
2026-09-21,228.0,228.5,219.0,222.0,22722962,5049262646,2313,華通,,0.4910890599734898,2.504118945068694,-2.013029885095204,225.89749592549128,224.99123297825287,218.74242027522425,48.1268442556161,11.578697850572835,11.96191061960308,34772725.05,8291378323.1,252.0,218.5,-0.4226353349288804,0.1157178693511949,0.004524886877828,-0.0284463894967177,228.5,0.8650865197073928,255.183381157292,231.95,208.71661884270804,0.2858684465115591,0.2003309433696223,40.90909090909091,36.16281866281861,222.5,223.95,1138888632.0,1209074311.3,-80.0,-54.92950875652484,37.660342425948095,203.125,222.75,,,,0.0,0.0,0.0,0.0,0.0,0.0,,0.0,0.0,0.0687,0.0082,0.0,19.18,-0.22,0,False,0,False,False,False,True,0.6534708443852606,False,False,False,False,True,True,False,False,False,False,False,False,False,False,False,False,False,False,0.0,0.0,13.513513513513514,0.0,-1.1152784722025948,False,False,False,False,False,False,False,-1.0,False,4,False,False,223.15136677742143,,3,False,3,False,True,False,True,"ema60_gt_ema120, market_above_ma60, avoid_chase, liquidity_ok",,close_below_ema20,-127.7,20.7,20.7,44.1,-0.43,False,1528,D
2026-09-21,10.65,11.5,10.65,11.5,210457,2351035,2314,台揚,,-0.2519016634851141,-0.2942635787415565,0.0423619152564423,11.140823667595171,12.123511505105972,13.475929005312802,53.03040453326409,13.213257150592469,0.4037388669407303,124272.65,1393073.5,11.9,10.5,-0.5129689076823257,-0.4725059447745145,0.0132158590308371,0.0747663551401869,10.7,0.902936246358231,12.077612311528888,11.215000000000009,10.35238768847113,0.6651958801137803,0.153831887923117,100.0,49.275362318840656,10.85,10.885000000000035,-618949.0,-630808.1,-0.0,4.433955517413934,47.99597388206258,12.175,13.9,,,,0.0,0.0,0.0,0.0,0.0,0.0,,0.0,0.0,-0.4886,-0.1698,0.0,1.16,0.0,0,False,0,True,True,False,False,1.6935101971350897,True,False,False,False,True,False,False,False,False,True,False,False,False,False,False,False,False,False,-20.0,0.0,3.4782608695652204,8.0,0.0163474481890495,False,False,False,False,False,False,False,-1.0,False,6,False,False,345.1312713496195,,3,False,3,False,False,False,False,"macd_golden_cross, volume_break, market_above_ma60, avoid_chase, hist_turn_positive, obv_uptrend",,,-5.7,49.1,49.1,44.1,0.52,False,1528,D
2026-09-21,156.0,158.5,155.5,156.0,839410,131617360,2316,楠梓電,,-1.464109994684975,-1.44765861994999,-0.0164513747349848,158.04489653517786,160.42319285342666,152.4040231271825,46.61026991115682,7.226400967638412,7.23529875886252,1703848.25,272909240.15,166.5,155.0,-0.1616501964977614,-0.4185694881631512,0.0064516129032257,-0.0031948881789137,156.5,0.6916540307995894,165.16182906213396,158.525,151.88817093786605,0.3097736150531398,0.0837322701420464,30.43478260869565,30.43478260869597,156.3,157.45,372834279.0,373247482.1,-77.41935483870968,-63.80638063806363,54.86132296782881,168.875,187.75,,,,0.0,0.0,0.0,0.0,0.0,0.0,,0.0,0.0,0.6119,-0.086,0.0,37.59,0.21,0,False,0,False,False,False,True,0.4926553758528672,False,False,False,False,True,True,False,False,False,False,False,False,False,False,False,False,True,False,0.0,0.0,6.730769230769231,0.0,-0.0671311317341074,False,False,False,False,False,False,False,-1.0,False,5,False,False,324.1209801777194,,3,False,3,False,True,False,True,"ema60_gt_ema120, market_above_ma60, avoid_chase, liquidity_ok, mfi_strong",,close_below_ema20,-26.7,43.7,43.7,44.1,-0.57,False,1528,D
2026-09-21,251.5,252.0,249.0,250.0,16771284,4197031594,2317,鴻海,,-0.4926742465975735,-0.379050924028355,-0.1136233225692184,250.348882499904,250.0285424027685,245.2732440988464,49.27095776397716,7.131172941747367,5.719299471694154,31132420.65,7802031109.2,256.0,246.5,-0.0028151152122094,0.0767288638741807,0.0060362173038228,-0.0019960079840319,250.5,1.4232978664503655,256.96191885482216,250.375,243.78808114517784,0.471534490687898,0.0526164261992783,61.90476190476191,54.35535074244763,249.1,249.65,1688915186.0,1696646349.9,-58.064516129032256,1.0565240359222965,30.37289650508538,255.375,270.25,,,,0.0,0.0,0.0,0.0,0.0,0.0,,0.0,0.0,0.5198,-0.0261,0.0,40.34,-0.01,0,False,0,False,False,False,True,0.5387079979596768,False,False,False,False,True,True,False,False,False,False,False,False,False,False,False,False,False,False,0.0,0.0,2.4,8.0,-0.0921562366393532,False,False,False,False,False,False,False,-1.0,False,4,False,False,262.2812051399245,,3,False,3,False,True,False,True,"ema60_gt_ema120, market_above_ma60, avoid_chase, liquidity_ok",,close_below_ema20,-88.5,29.4,29.4,44.1,-0.53,False,1528,D
2026-09-21,10.8,10.9,10.75,10.8,3610061,39024777,2323,中環,,-0.012180733741788,-0.0044676389739845,-0.0077130947678035,10.701682495248283,10.720428717029089,10.67373180665537,52.80262183859544,12.518088490704226,0.2803243374106349,4214214.55,45445814.55,10.95,10.4,-0.1607846567062107,-0.0426179284473341,0.0285714285714286,0.0093457943925234,10.7,1.174850244126885,11.062909561083664,10.757500000000004,10.452090438916343,0.5695786992542043,0.0567807689674475,80.00000000000007,70.0,10.640000000000054,10.64000000000001,90018904.0,92409587.5,-46.66666666666662,22.84382284382284,39.95752835163773,10.4825,11.005,,,,0.0,0.0,0.0,0.0,0.0,0.0,,0.0,0.0,0.2009,0.1012,0.0,9.93,-0.39,0,False,0,False,False,True,True,0.8566391096533043,False,False,False,False,True,False,False,False,False,False,False,False,False,False,False,False,False,True,-20.0,0.0,1.3888888888888755,15.0,-0.1262474962075112,False,False,False,False,False,False,False,-1.0,False,3,False,False,207.0514211420429,,3,False,3,False,False,False,False,"ema60_gt_ema120, market_above_ma60, avoid_chase",,,-143.8,17.7,17.7,44.1,-0.24,False,1528,D
2026-09-21,27.6,27.6,26.0,26.0,4626,122815,2321,東訊,,1.80131910111451,0.8365432657507861,0.964775835363724,14.349899766652422,12.54811358559975,12.01088546177184,61.54176842792347,8.101612315696052,4.374180938561283,10048.2,151765.45,15.85,13.65,,,0.7931034482758621,0.7218543046357617,15.1,0.9725102127395884,25.200780901538863,13.115000000000007,1.029219098461157,1.033064437663245,1.8430470303528548,88.69257950530034,63.752227356467,16.760000000000037,15.644999999999982,1124386.0,1113307.55,-5.797101449275367,228.79483256841755,73.29169874943656,8.2,8.35,,,,0.0,0.0,0.0,0.0,0.0,0.0,,0.0,0.0,0.0171,-0.0556,0.0,0.01,0.0,0,False,0,False,False,True,True,0.4603809637547023,False,True,False,True,False,False,False,False,False,True,False,False,True,False,False,True,True,True,-20.0,-25.0,-39.03846153846154,25.0,0.130415574479378,False,False,True,False,True,False,False,-1.0,False,9,True,False,561.1687965312996,,3,False,3,False,False,False,False,"ema60_gt_ema120, rsi_strong, breakout_20d, market_above_ma60, obv_uptrend, bb_squeeze_breakout, cci_momentum, mfi_strong, above_ichimoku_cloud",open_high_close_low,,210.4,77.6,77.6,44.1,-0.6,False,1528,C
2026-09-21,38.05,38.5,37.6,37.6,27563778,1046154465,2324,仁寶,,-0.3313060213215024,-0.0190077773343336,-0.3122982439871688,38.44814400161972,37.7093528252267,36.05406823848074,45.272140363415126,23.786671448088057,1.4678848393918418,59287208.4,2342857050.4,41.6,36.95,-0.5021725241720806,0.2222464811377622,-0.0079155672823217,-0.0026525198938992,37.7,0.8060398677842465,41.689248004632645,39.04250000000002,36.39575199536739,0.2274957802036318,0.1355829162903311,31.37254901960796,24.301602361375146,37.40000000000036,37.92999999999993,1255718076.0,1359597098.85,-84.90566037735842,-73.19309199930642,43.965263873381005,38.8125,40.475,,,,0.0,0.0,0.0,0.0,0.0,0.0,,0.0,0.0,0.145,-0.1687,0.0,36.0,-0.66,0,False,0,False,False,False,True,0.464919478313639,False,False,True,False,True,True,False,False,False,False,False,False,False,False,False,False,False,False,0.0,0.0,10.638297872340424,0.0,-0.5466456211202755,False,False,False,False,False,False,False,-1.0,False,5,False,False,333.0894473296931,,3,False,3,False,True,False,True,"ema60_gt_ema120, market_above_ma60, avoid_chase, liquidity_ok, adx_trending",,close_below_ema20,-17.7,45.5,45.5,44.1,-0.6,False,1528,D
2026-09-21,556.0,579.0,556.0,557.0,27387944,15452584725,2327,國巨*,,-15.85877283920297,-19.70381417534617,3.845041336143204,557.4407166027271,603.9635482988162,578.9792770393452,47.88231593741171,14.804363105897792,33.895023514578824,40679013.0,22716678929.3,597.0,529.0,-0.0907367980761133,-1.0106647687205097,0.0220183486238532,0.0127272727272726,550.0,0.6661463767047908,592.1560209804273,552.5,512.8439790195727,0.5567379163207149,0.1435512071689677,56.92307692307692,37.88838612367969,541.8,550.2,1945987110.0,1925916269.7,-51.06382978723404,47.51461988304058,47.1196136137456,650.875,838.25,,,,0.0,0.0,0.0,0.0,0.0,0.0,,0.0,0.0,0.518,0.0125,0.0,44.64,-0.17,0,False,0,False,False,False,True,0.6732696292311714,False,False,False,False,True,True,False,False,False,True,False,False,False,False,False,False,False,False,0.0,0.0,7.1813285457809695,0.0,0.1049731971195137,False,False,False,True,False,False,False,-1.0,False,5,True,False,332.99237465774587,,3,False,3,False,True,False,True,"ema60_gt_ema120, market_above_ma60, avoid_chase, liquidity_ok, obv_uptrend",long_upper_shadow,close_below_ema20,-17.8,45.5,45.5,44.1,-0.41,False,1528,D
2026-09-21,46.8,48.15,46.2,47.75,3335413,159033713,2328,廣宇,,0.1504059967894306,0.0366079253544239,0.1137980714350067,46.14043872943326,46.75733467719908,47.70082333038345,59.407947397131615,11.72383924110219,1.3814105609494514,1784264.0,83231346.0,47.8,44.9,0.0129915506460022,-0.1005766629214667,0.0517621145374449,0.0290948275862068,46.4,1.1346913240285184,47.878169710384185,46.23999999999997,44.60183028961575,0.9608802099160644,0.0708550912795942,87.87878787878792,69.16221033868048,46.229999999999926,46.09499999999989,704147527.0,699246745.25,-24.67532467532474,116.16925686517256,56.574709071874096,44.8625,51.575,,,,0.0,0.0,0.0,0.0,0.0,0.0,,0.0,0.0,0.1967,0.0568,0.0,9.42,0.05,0,False,0,False,False,True,False,1.8693494908825152,True,True,False,False,False,True,False,False,False,True,False,False,False,False,False,True,True,True,-20.0,-25.0,0.1047120418848108,25.0,0.6854519235830016,False,False,False,False,False,False,False,-1.0,False,7,False,False,491.9189179918212,,3,False,3,False,False,False,False,"volume_break, rsi_strong, market_above_ma60, liquidity_ok, obv_uptrend, cci_momentum, mfi_strong",,,141.1,71.5,71.5,44.1,0.69,False,1528,D
2026-09-21,44.5,44.9,44.0,44.0,3381474,150027620,2329,華泰,,-0.3335497733685884,-0.6122099167391675,0.2786601433705791,43.10028055919637,45.57372984155474,48.304683718039065,53.732948508790685,17.691071456600007,1.3082247735407104,2056223.75,89010079.0,44.35,41.45,-0.1266655805491308,-0.3382164175936616,0.0538922155688623,-0.0078917700112739,44.35,3.037231853747306,44.737317241697,43.02750000000005,41.31768275830311,0.7843871193610048,0.079475555944312,77.50000000000003,81.38888888888869,43.05,42.615000000000144,467320719.0,464291436.55,-22.499999999999964,115.74740207833786,58.489211945077486,44.55,49.2,,,,0.0,0.0,0.0,0.0,0.0,0.0,,0.0,0.0,0.0476,-0.0124,0.0,9.76,0.51,0,False,0,False,False,False,False,1.6445068295704688,True,False,False,False,False,True,False,False,False,True,False,False,False,False,False,True,True,True,-10.0,0.0,0.7954545454545486,25.0,0.3043489044434428,False,False,False,False,False,False,False,-1.0,False,6,False,False,450.097255149026,,3,False,3,False,False,False,False,"volume_break, market_above_ma60, liquidity_ok, obv_uptrend, cci_momentum, mfi_strong",,,99.3,66.8,66.8,44.1,0.48,False,1528,D
2026-09-21,2445.0,2485.0,2445.0,2480.0,16076510,39746225100,2330,台積電,,13.000860262530296,10.262830767403582,2.738029495126714,2420.4261808653887,2380.309767888049,2264.1907420392768,59.61439595029949,12.133598598325678,41.072057091612834,21636899.1,52453014152.4,2470.0,2380.0,0.0575972761285346,0.0128439138097541,0.0420168067226891,0.0081300813008129,2460.0,1.90315977335988,2485.356136245829,2422.0,2358.6438637541714,0.9577299330166996,0.0523172058181903,91.30434782608695,65.05016722408133,2426.0,2430.5,349682534.0,305656640.5,-19.23076923076923,128.83700821444114,53.60324321908199,2353.75,2357.5,,,,0.0,0.0,0.0,0.0,0.0,0.0,,0.0,0.0,0.5332,0.101,0.0,69.22,-0.05,0,False,0,True,True,True,True,0.7430135864524136,False,True,False,True,True,True,False,False,False,True,False,False,False,False,False,True,True,False,-20.0,-25.0,-0.4032258064516129,25.0,1.0172623473057918,False,False,True,False,False,False,False,-1.0,False,12,False,False,814.6372840321936,,3,False,3,False,False,False,False,"macd_golden_cross, ema60_gt_ema120, rsi_strong, breakout_20d, market_above_ma60, avoid_chase, liquidity_ok, hist_turn_positive, obv_uptrend, cci_momentum, mfi_strong, above_ichimoku_cloud",,,463.8,96.7,96.7,44.1,-0.34,False,1528,D
2026-09-21,19.05,19.45,18.8,19.4,1485484,28542423,2331,精英,,-0.1937336314073832,-0.208855029295394,0.0151213978880108,19.165132703519408,19.736447478837576,20.446925055506465,51.99139521972786,11.005273253857997,0.5179336695469335,1147197.8,22185380.9,19.85,18.5,-0.2921672562420954,-0.1375976444323256,0.0374331550802138,0.0264550264550265,18.9,0.7660991241084416,20.09523526155921,19.245000000000022,18.39476473844084,0.591151241901994,0.0883590814818585,95.23809523809516,63.59788359788339,18.91999999999989,18.874999999999908,99964811.0,99516759.15,-41.17647058823539,-10.949410949410437,42.79652031319373,19.4375,21.85,,,,0.0,0.0,0.0,0.0,0.0,0.0,,0.0,0.0,-0.2016,-0.016,0.0,5.8,0.01,0,False,0,True,True,False,False,1.2948804469464636,False,False,False,False,True,False,False,False,False,True,False,False,False,False,False,False,False,True,-20.0,0.0,2.3195876288659942,8.0,0.0926498999667382,False,False,False,False,False,False,False,-1.0,False,5,False,False,297.0606032690655,,3,False,3,False,False,False,False,"macd_golden_cross, market_above_ma60, avoid_chase, hist_turn_positive, obv_uptrend",,,-53.7,38.5,38.5,44.1,0.16,False,1528,D
2026-09-21,19.5,20.6,19.5,20.55,16764492,338926456,2332,友訊,,-0.3724330903891228,-0.546022066825122,0.1735889764359991,19.720060169670703,19.90625055883862,18.95712084461865,55.57720384703785,18.915382430130325,0.7956231803461847,10169815.65,199467966.9,20.4,18.75,-0.1986772090227135,-0.1775703995672991,0.0873015873015874,0.0565552699228792,19.45,0.4564197823511608,20.62082569085452,19.484999999999992,18.349174309145464,0.9688219365767144,0.116584623131078,97.43589743589742,77.40616871051618,19.51000000000004,19.21999999999998,-268701571.0,-285706374.55,-2.5641025641025967,97.63402216232406,58.9521441176308,23.3,20.675,,,,0.0,0.0,0.0,0.0,0.0,0.0,,0.0,0.0,0.0524,0.017,0.0,5.78,0.19,0,False,0,False,False,True,True,1.648455840003353,True,True,False,True,False,True,False,False,False,True,False,False,False,True,False,False,True,True,-20.0,-25.0,-0.7299270072992805,25.0,0.1441078310259247,False,False,False,False,False,False,False,-1.0,False,9,False,False,588.2138523723446,,3,True,3,False,False,False,False,"ema60_gt_ema120, volume_break, rsi_strong, breakout_20d, market_above_ma60, liquidity_ok, obv_uptrend, breakout_volume_confirm, mfi_strong",,,237.4,80.9,80.9,44.1,0.48,False,1528,D
2026-09-21,123.5,124.5,119.5,120.0,26114015,3155992746,2337,旺宏,,-2.0322379615395505,-1.979045722481361,-0.0531922390581893,121.26530612350574,127.0947506609816,124.74003655010758,47.31765552442275,8.781359365940007,6.13878894220394,32769786.85,4014863271.9,127.5,114.5,-0.3379685739375309,-0.2783596932728746,0.0344827586206897,-0.0082644628099173,121.0,1.9355587580291365,129.5057168181698,121.85,114.1942831818302,0.3791752592252842,0.1256580520011455,37.5,32.291666666666664,118.2,120.1,6615818612.0,6608464900.8,-62.5,-18.19948758724329,50.729802012685525,124.075,141.9,,,,0.0,0.0,0.0,0.0,0.0,0.0,,0.0,0.0,2.1853,0.0544,0.0,24.91,0.41,0,False,0,False,False,False,True,0.7968930380760166,False,False,False,False,True,True,False,False,False,True,False,False,False,False,False,False,True,False,0.0,0.0,6.25,0.0,0.0664018948593528,False,False,False,False,True,False,False,-1.0,False,6,True,False,413.7657531190724,,3,False,3,False,True,False,True,"ema60_gt_ema120, market_above_ma60, avoid_chase, liquidity_ok, obv_uptrend, mfi_strong",open_high_close_low,close_below_ema20,63.0,61.1,61.1,44.1,-0.3,False,1528,D
2026-09-21,50.0,51.2,48.5,49.05,12226301,606675023,2338,光罩,,2.4766588869787967,1.4303161780201206,1.046342708958676,44.365800472204086,43.489876032315536,44.083961228128,64.68241035917089,36.49385549150715,2.973688731476511,15085576.5,728535752.8,50.7,37.75,1.5805175111346947,-0.1812014687280078,0.0218749999999998,-0.019,50.0,1.621086755195289,52.08497149177582,42.76749999999984,33.45002850822385,0.837135455984243,0.4357267313626478,58.07692307692306,65.7271335629545,48.92999999999993,46.52999999999993,102975094.0,50105725.4,-32.53731343283584,102.89200296092096,76.58775694266873,40.35,45.475,,,,0.0,0.0,0.0,0.0,0.0,0.0,,0.0,0.0,-0.0895,-0.0216,0.0,3.3,-0.77,0,False,0,False,False,True,False,0.810462961093996,False,True,True,False,True,True,False,False,False,True,False,False,False,False,False,False,True,True,0.0,-12.0,3.3639143730886967,8.0,1.5127672692543594,False,False,True,False,False,False,False,-1.0,False,8,False,False,587.2578368419923,,8,True,3,False,False,False,False,"rsi_strong, market_above_ma60, avoid_chase, liquidity_ok, adx_trending, obv_uptrend, mfi_strong, above_ichimoku_cloud",,,236.5,80.7,80.7,44.1,-0.28,False,1528,D
2026-09-21,34.4,34.7,34.0,34.5,2473700,84959071,2340,台亞,,0.2418808118015505,0.0976161334270594,0.144264678374491,32.82511942269634,33.01275148282869,32.65116796949896,58.71081872782356,12.806921378604027,1.628381884237191,3100419.1,103753406.95,34.75,31.15,-0.1994531343141689,-0.1361550698449019,0.0764430577223089,0.0147058823529411,34.0,1.1730912265251865,35.278346602931585,33.18499999999999,31.091653397068388,0.8140903656753354,0.1261622180462015,94.99999999999991,81.88335139039373,33.139999999999965,32.559999999999945,179748285.0,175198459.85,-17.391304347826033,90.6057171640849,51.18897234833614,31.925,35.3,,,,0.0,0.0,0.0,0.0,0.0,0.0,,0.0,0.0,0.2187,0.2028,0.0,10.15,0.62,0,False,0,False,False,True,True,0.7978598764276739,False,True,False,False,False,True,False,False,False,True,False,False,False,False,False,False,True,True,-20.0,-12.0,0.7246376811594203,25.0,0.4707816979261791,False,False,False,False,False,False,False,-1.0,False,6,False,False,426.6279791393909,,3,False,3,False,False,False,False,"ema60_gt_ema120, rsi_strong, market_above_ma60, liquidity_ok, obv_uptrend, mfi_strong",,,75.8,63.8,63.8,44.1,-0.29,False,1528,D
2026-09-21,41.15,41.75,40.45,41.0,2115154,86577225,2342,茂矽,,0.0859137404388548,-0.1439775154788249,0.2298912559176797,39.73722622046966,40.41153033118435,39.52458135255352,54.52692238431782,14.047673472220868,2.1565262782437418,2414162.95,96905858.5,41.35,37.7,-0.0614406323571679,-0.4592085394688655,0.0327455919395465,-0.0012180267965894,41.05,1.9692738437586468,41.68585276521428,39.82750000000006,37.96914723478584,0.8154675532943777,0.0933200811104999,82.35294117647062,73.5294117647057,40.119999999999706,39.51500000000014,328945525.0,326615639.95,-17.647058823529377,107.63888888888884,74.03666782003293,39.675,46.675,,,,0.0,0.0,0.0,0.0,0.0,0.0,,0.0,0.0,0.0395,-0.0155,0.0,4.44,0.81,0,False,0,False,False,True,True,0.8761438410775046,False,False,False,False,True,True,False,False,False,True,False,False,False,False,False,True,True,True,-20.0,-12.0,0.8536585365853694,25.0,0.2956304076694348,False,False,False,True,False,False,False,-1.0,False,7,True,False,480.30900330280826,,3,False,3,False,False,False,False,"ema60_gt_ema120, market_above_ma60, avoid_chase, liquidity_ok, obv_uptrend, cci_momentum, mfi_strong",long_upper_shadow,,129.5,69.9,69.9,44.1,-0.22,False,1528,D
2026-09-21,180.0,180.0,174.0,174.0,76635914,13468615827,2344,華邦電,,-0.288940435576535,0.4345500897267328,-0.7234905253032679,173.7145731908534,168.89670827240653,153.18988590336508,50.314797453744255,12.1519096734397,9.979522515617791,129499471.85,23103089981.0,188.0,159.5,-0.3869570655663125,0.0476460658741769,0.0874999999999999,-0.0306406685236768,179.5,1.0608396330024483,191.2540283891596,176.125,160.9959716108404,0.4297707709530565,0.1717987609840692,48.4375,48.48414179104475,170.4,173.4,9951132527.0,9822738450.4,-53.73134328358209,-7.20240738000117,43.97037344552308,161.75,175.25,,,,0.0,0.0,0.0,0.0,0.0,0.0,,0.0,0.0,2.8943,0.02,0.0,18.95,0.11,0,False,0,False,False,True,True,0.591785533216443,False,False,False,False,False,True,False,False,False,True,False,False,False,False,False,False,False,False,0.0,0.0,8.045977011494253,0.0,0.3978830798525677,False,False,False,False,False,False,False,-1.0,False,4,False,False,275.69245229039524,,3,False,3,False,False,False,False,"ema60_gt_ema120, market_above_ma60, liquidity_ok, obv_uptrend",,,-75.1,33.7,33.7,44.1,-0.48,False,1528,D
2026-09-21,1840.0,1880.0,1810.0,1840.0,3488481,6419137605,2345,智邦,,-93.02263842962884,-79.48081111404728,-13.541827315581555,1969.212711121108,2111.854000984693,2062.640383007983,37.35532473038137,19.699251749447384,100.5515001938781,3588881.6,7121621103.0,2205.0,1800.0,-0.8781680398304953,-0.466479225349945,-0.0186666666666667,-0.0080862533692722,1855.0,1.6695162187248476,2231.779064974405,1992.0,1752.2209350255948,0.1830415532393852,0.2407420331068325,17.857142857142858,13.05609915198996,1835.0,1887.0,108851257.0,119534625.0,-87.95180722891567,-99.01361638254572,24.255501453340685,2276.25,2332.5,,,,0.0,0.0,0.0,0.0,0.0,0.0,,0.0,0.0,0.5942,0.0355,0.0,56.84,-0.04,0,False,0,False,False,False,True,0.9720245438021694,False,False,False,False,True,True,False,False,False,False,False,False,False,False,False,False,False,False,20.0,12.0,19.83695652173913,0.0,-1.3473253050361358,False,False,False,False,False,False,False,-1.0,False,4,False,False,275.5523417775881,,3,False,3,False,True,False,True,"ema60_gt_ema120, market_above_ma60, avoid_chase, liquidity_ok",,close_below_ema20,-75.3,33.6,33.6,44.1,-0.14,False,1528,D
2026-09-21,90.8,91.0,89.1,89.8,1583153,142156717,2347,聯強,,0.2974773143611884,-0.0004639272429568,0.2979412416041453,88.85960038002388,88.33847243885245,85.32476536526579,54.133625155346834,13.429644973306749,2.0047152129991948,2743043.9,241591236.4,90.8,88.5,0.2253911313975577,-0.0248177475727032,0.0022321428571427,-0.0110132158590308,90.8,1.2823603975566171,90.8029451190567,88.16999999999989,85.53705488094307,0.80953930414319,0.0597242853364368,64.70588235294115,80.18931710615227,89.45999999999985,89.21999999999971,204015964.0,194815383.7,-22.64150943396233,110.85801063021913,69.24833430661653,91.575,89.3,,,,0.0,0.0,0.0,0.0,0.0,0.0,,0.0,0.0,1.2202,0.0259,0.0,29.89,0.06,0,False,0,False,False,True,True,0.5771519004854425,False,False,False,False,True,True,False,False,False,True,False,False,False,False,False,False,True,True,0.0,-12.0,1.11358574610245,15.0,0.5850907736595649,False,False,False,False,False,False,False,-1.0,False,6,False,False,425.7926082887692,,3,False,3,False,False,False,False,"ema60_gt_ema120, market_above_ma60, avoid_chase, liquidity_ok, obv_uptrend, mfi_strong",,,75.0,63.5,63.5,44.1,-0.5,False,1528,D
2026-09-21,10.4,10.5,10.35,10.4,1713124,17884093,2349,錸德,,-0.2488183169417457,-0.2352731074990089,-0.0135452094427367,10.617947614904752,11.285030578230076,11.853852446225911,39.89747219412837,16.44171336099147,0.2694116266750841,1509017.55,16167479.7,11.2,10.1,-0.5151689076989343,-0.3330060152217251,0.019607843137255,0.0048309178743961,10.35,1.3527740077986448,11.417635004724035,10.699999999999957,9.982364995275876,0.2909800957136281,0.1341373840605763,40.00000000000009,33.96825396825443,10.289999999999964,10.379999999999972,34739239.0,37579603.65,-73.91304347826082,-62.9061606446582,36.3166943372612,11.3875,13.0,,,,0.0,0.0,0.0,0.0,0.0,0.0,,0.0,0.0,-0.0127,-0.2663,0.0,13.45,-0.06,0,False,0,False,False,False,False,1.135257837127209,False,False,False,False,True,False,False,False,False,False,False,False,False,False,False,False,False,False,0.0,0.0,7.692307692307682,0.0,-0.3900332226223861,False,False,False,False,False,False,False,-1.0,False,2,False,False,96.67217969980344,,3,False,3,False,True,False,True,"market_above_ma60, avoid_chase",,close_below_ema20,-254.1,2.4,2.4,44.1,0.01,False,1528,D
2026-09-21,243.0,243.5,236.0,236.5,2557086,609548370,2351,順德,,12.907812806074446,14.427647361510312,-1.5198345554358657,228.88224134953583,203.96941007157585,180.9218197022412,57.2757970020252,33.58108885237789,14.083651469596134,7320864.0,1715325669.65,257.0,227.5,0.5241994625033211,0.4749960531795881,-0.0797665369649806,-0.0207039337474119,241.5,0.5765295802932315,257.0548837706951,233.825,210.5951162293049,0.5575766978949451,0.198694611531659,34.92063492063492,48.81969881969841,240.7,239.5,77778173.0,93018117.5,-52.56410256410256,50.38599393438104,67.59092589688561,169.125,178.5,,,,0.0,0.0,0.0,0.0,0.0,0.0,,0.0,0.0,0.6122,-0.0015,0.0,25.76,1.09,0,False,0,False,False,True,True,0.3492874611521263,False,True,True,False,True,True,False,False,False,False,False,False,False,False,False,False,True,True,0.0,0.0,8.668076109936575,0.0,-1.475720644174614,False,False,True,False,False,False,False,-1.0,False,8,False,False,580.784226881426,,8,True,3,False,False,False,False,"ema60_gt_ema120, rsi_strong, market_above_ma60, avoid_chase, liquidity_ok, adx_trending, mfi_strong, above_ichimoku_cloud",,,230.0,79.6,79.6,44.1,-0.71,False,1528,D
2026-09-21,29.45,29.8,29.25,29.6,8883719,262736932,2352,佳世達,,0.0673680163587917,-0.049896834483366,0.1172648508421577,28.88591361334857,28.96124412564151,28.526996144289555,57.3213230210997,17.682537207506023,0.7944349756277449,4768701.6,137151958.55,29.25,28.3,0.2017534002638044,-0.2204400241306222,0.0295652173913043,0.0136986301369863,29.2,1.0273318661420352,29.54592055706799,28.68999999999996,27.83407944293193,1.031591391563991,0.0596668216847702,87.50000000000007,72.58547008547005,29.05,28.914999999999964,-61162602.0,-75194293.1,-12.499999999999943,174.26226645713362,79.44506829995534,29.6125,31.175,,,,0.0,0.0,0.0,0.0,0.0,0.0,,0.0,0.0,0.1182,0.0341,0.0,7.02,0.03,0,False,0,False,False,True,True,1.8629219744007468,True,True,False,True,True,True,False,False,False,True,False,False,True,True,False,False,True,True,-20.0,-25.0,-1.1824324324324371,25.0,0.2478678084727599,False,False,False,False,False,False,False,-1.0,False,11,False,False,761.6036334456807,,3,False,3,False,False,False,False,"ema60_gt_ema120, volume_break, rsi_strong, breakout_20d, market_above_ma60, avoid_chase, liquidity_ok, obv_uptrend, bb_squeeze_breakout, breakout_volume_confirm, mfi_strong",,,410.8,94.1,94.1,44.1,0.68,False,1528,D
2026-09-21,32.05,32.6,32.0,32.15,13720271,442366421,2353,宏碁,,0.2312382418937133,0.189852700605536,0.0413855412881772,31.59992125941387,31.355199965060795,30.90033397707917,54.58108456647296,11.82670002066724,0.9265411087376988,15671374.55,498108973.75,32.7,30.9,0.1031166291927103,0.0262838190693895,0.0238853503184712,0.0062597809076681,31.95,1.5418995926114665,32.67565145763341,31.619999999999983,30.56434854236656,0.7510298243646524,0.0667711231899699,68.2926829268293,66.18946624248808,31.879999999999928,31.625,-1789445.0,-16820437.05,-39.13043478260868,101.28435482797668,52.938207178119136,30.775,35.925,,,,0.0,0.0,0.0,0.0,0.0,0.0,,0.0,0.0,0.3841,0.1218,0.0,13.99,0.6,0,False,0,False,False,True,True,0.8754988885132606,False,False,False,False,True,True,False,False,True,True,False,False,False,False,False,False,True,True,0.0,0.0,1.7107309486780848,15.0,0.3420208787551737,False,False,False,True,False,False,False,-1.0,False,7,True,False,527.8592394301947,,3,True,3,False,False,False,False,"ema60_gt_ema120, market_above_ma60, avoid_chase, liquidity_ok, kd_golden_cross, obv_uptrend, mfi_strong",long_upper_shadow,,177.1,74.7,74.7,44.1,-0.22,False,1528,D
2026-09-21,65.5,65.5,64.7,64.9,6500860,422428456,2354,鴻準,,1.2407017319731397,1.426639531518605,-0.1859377995454652,64.31425123414694,61.42833168098786,60.05964465642978,55.65078007864823,23.552773758244378,2.0967466046702663,13653278.25,889759030.55,66.3,64.5,0.2211050973058133,0.355343438025798,0.0030911901081915,-0.0121765601217656,65.7,1.07158590052115,67.50843102605614,64.66500000000005,61.82156897394396,0.5413233164171216,0.0879434323376197,28.07017543859663,40.935672514620215,65.34000000000015,65.11000000000021,81616650.0,59701938.95,-71.92982456140338,23.429179978701185,55.654733261390746,59.275000000000006,58.8,,,,0.0,0.0,0.0,0.0,0.0,0.0,,0.0,0.0,0.5842,0.0208,0.0,14.18,-0.05,0,False,0,False,False,True,True,0.4761391279782934,False,True,True,False,True,True,False,False,False,True,False,False,False,False,False,False,True,True,10.0,0.0,2.157164869029262,8.0,0.2774950256713631,False,False,True,False,False,False,False,-1.0,False,9,False,False,661.0913315878394,,3,True,3,False,False,False,False,"ema60_gt_ema120, rsi_strong, market_above_ma60, avoid_chase, liquidity_ok, adx_trending, obv_uptrend, mfi_strong, above_ichimoku_cloud",,,310.3,87.0,87.0,44.1,-0.59,False,1528,D
2026-09-21,41.05,41.5,40.95,41.3,1131618,46628047,2355,敬鵬,,-0.5489539731176052,-0.4685898937723391,-0.080364079345266,41.78158833960444,44.06975397021478,45.28484492267206,45.14787095843091,19.43665270949264,1.195194402474156,1667216.35,71218650.85,44.5,40.4,-0.3910055208072621,-0.3126459572249295,0.0110159118727048,0.0073170731707317,41.0,0.8258764862644374,44.83230365101572,42.26999999999998,39.70769634898424,0.310717203713256,0.1212350911292046,40.38461538461525,32.36654056326188,40.9,41.325,509443324.0,509867832.5,-75.2941176470589,-70.83694880492205,31.99685175117349,42.075,49.35,,,,0.0,0.0,0.0,0.0,0.0,0.0,,0.0,0.0,0.1343,-0.0026,0.0,17.16,-0.08,0,False,0,False,False,False,False,0.6787469424709036,False,False,False,False,True,True,False,False,False,False,False,False,False,False,False,False,False,False,0.0,0.0,7.748184019370467,0.0,-0.0354230498947607,False,False,False,False,False,False,False,-1.0,False,3,False,False,196.3623928259719,,3,False,3,False,True,False,True,"market_above_ma60, avoid_chase, liquidity_ok",,close_below_ema20,-154.4,15.2,15.2,44.1,-0.4,False,1528,D
2026-09-21,62.3,62.6,61.5,61.8,6876074,425205592,2356,英業達,,-1.0329624003545632,-0.6555040599592111,-0.3774583403953521,63.407291687633695,63.46342270491654,60.242019193633816,42.6457029852772,16.855349161697735,2.185563624516326,15820327.35,1023952566.95,67.5,60.5,-0.5022063540887566,-0.0116483587770737,0.0016207455429497,0.0016207455429497,61.7,1.3711312006859588,68.54203825119767,64.15000000000009,59.75796174880252,0.2324704538537067,0.1369302650412336,28.26086956521737,21.749294184076764,61.44000000000015,62.180000000000106,1664980694.0,1684692860.25,-83.54430379746842,-76.8211920529801,49.42843265186908,66.675,72.69999999999999,,,,0.0,0.0,0.0,0.0,0.0,0.0,,0.0,0.0,0.3583,-0.0768,0.0,18.44,0.01,0,False,0,False,False,False,True,0.4346353806642313,False,False,False,False,True,True,False,False,False,False,False,False,False,False,False,False,False,False,10.0,0.0,9.223300970873792,0.0,-0.3958913004588383,False,False,False,False,False,False,False,-1.0,False,4,False,False,259.5956582011363,,3,False,3,False,True,False,True,"ema60_gt_ema120, market_above_ma60, avoid_chase, liquidity_ok",,close_below_ema20,-91.2,28.8,28.8,44.1,-0.63,False,1528,D
2026-09-21,973.0,973.0,943.0,946.0,2037308,1935239834,2357,華碩,,15.804906425345052,26.191414300974326,-10.386507875629274,947.5742119459496,873.2592927585086,794.7194584517739,51.9817447215338,23.04419364713927,35.355910917680944,3504853.0,3396354071.15,1025.0,924.0,-0.1993073027912114,0.7666418808660538,0.0128479657387581,-0.0145833333333332,960.0,1.304426896746316,1027.2595822087767,967.9,908.5404177912231,0.3155310466726809,0.1226564360135896,51.68539325842696,51.76759485425828,944.2,951.5,33550451.0,29354259.9,-64.61538461538461,-31.138370290489867,53.1420052581531,876.5,830.0,,,,0.0,0.0,0.0,0.0,0.0,0.0,,0.0,0.0,0.5117,0.1287,0.0,39.7,0.03,0,False,0,False,False,True,True,0.5812820109716442,False,False,True,False,True,True,False,False,False,True,False,False,False,False,False,False,True,False,0.0,0.0,8.350951374207188,0.0,0.2180262604069366,False,False,True,False,False,False,False,-1.0,False,8,False,False,568.4291352345997,,3,False,3,False,True,False,True,"ema60_gt_ema120, market_above_ma60, avoid_chase, liquidity_ok, adx_trending, obv_uptrend, mfi_strong, above_ichimoku_cloud",,close_below_ema20,217.6,78.2,78.2,44.1,-0.49,False,1528,D
2026-09-21,132.0,132.5,129.5,132.0,1587213,208145668,2359,所羅門,,-4.557450466050568,-3.853705212547195,-0.703745253503373,135.91453845311963,138.95704193928617,136.562179941045,43.04725300654402,12.275937931424526,6.243525993669109,3687712.5,517093447.95,147.5,125.0,-0.8526207602583309,-0.0178786453936112,0.0434782608695651,0.0153846153846153,130.0,0.8349959042920393,152.15033332962955,137.15,122.14966667037046,0.3283371480209902,0.2187434681681303,63.63636363636363,41.26224652540501,129.5,130.1,79932671.0,89456115.45,-73.58490566037736,-59.142935270909085,18.93460583182987,146.0,143.0,,,,0.0,0.0,0.0,0.0,0.0,0.0,,0.0,0.0,-0.1815,-0.3296,0.0,5.36,-0.99,0,False,0,False,False,False,True,0.4304058410193311,False,False,False,False,True,True,False,False,False,False,False,False,False,False,False,False,False,False,0.0,0.0,11.742424242424242,0.0,-0.4572615466334745,False,False,False,False,False,False,False,-1.0,False,4,False,False,178.8169198505916,,3,False,3,False,True,False,True,"ema60_gt_ema120, market_above_ma60, avoid_chase, liquidity_ok",,close_below_ema20,-172.0,11.9,11.9,44.1,-0.63,False,1528,D
2026-09-21,48.05,48.45,48.05,48.25,279293,13476074,2362,藍天,,0.1860881103260894,0.2680717625004944,-0.081983652174405,47.57997239136159,46.2865269972568,44.581964477986304,54.16238494213327,18.60863857447038,1.1566762224879474,901191.7,43282471.45,49.3,46.25,-0.1369843148677866,0.2899021992097698,0.0342979635584137,-0.0020682523267838,48.35,0.7121554615017529,49.42468149635826,47.854999999999926,46.28531850364159,0.6258217036119987,0.065601567082158,90.9090909090908,73.05871212121201,47.42999999999993,47.439999999999785,5002052.0,5270123.45,-45.20547945205477,42.30192149460369,52.019681322694645,46.9125,46.25,,,,0.0,0.0,0.0,0.0,0.0,0.0,,0.0,0.0,0.121,0.109,0.0,10.74,0.05,0,False,0,False,False,True,True,0.3099151934044665,False,False,False,False,True,False,False,False,False,False,False,False,False,False,False,False,True,False,-20.0,0.0,2.1761658031088023,8.0,-0.0540988102514523,False,False,True,False,False,False,False,-1.0,False,5,False,False,330.44996621102723,,3,False,3,False,False,False,False,"ema60_gt_ema120, market_above_ma60, avoid_chase, mfi_strong, above_ichimoku_cloud",,,-20.4,45.1,45.1,44.1,-0.74,False,1528,D
2026-09-21,2515.0,2515.0,2315.0,2375.0,3781584,9071632195,2360,致茂,,41.98980648079987,23.146140936951184,18.843665543848687,2151.821087921749,2104.459251972461,1974.2457507126308,63.4390143135322,17.195039954352076,140.8610102390923,2253583.4,4854224309.0,2335.0,2080.0,0.7417010898972698,0.1376866955610109,0.1098130841121496,0.037117903930131,2290.0,1.2665523488300137,2364.891839298656,2109.25,1853.608160701344,1.01977016111501,0.2424007010061929,68.53932584269663,41.49723559835972,2184.0,2200.0,193715700.0,185025612.55,-25.0,179.5071740486588,72.1904401596126,2091.25,2200.0,,,,0.0,0.0,0.0,0.0,0.0,0.0,,0.0,0.0,1.563,0.0365,0.0,59.02,-0.08,0,False,0,False,False,True,True,1.6780315296962165,True,True,False,True,False,True,False,False,False,True,False,False,True,True,False,False,True,False,0.0,-25.0,-1.6842105263157894,25.0,1.359477413037545,False,False,True,False,True,False,False,-1.0,False,11,True,False,798.0940442534127,,3,False,3,False,False,False,False,"ema60_gt_ema120, volume_break, rsi_strong, breakout_20d, market_above_ma60, liquidity_ok, obv_uptrend, bb_squeeze_breakout, breakout_volume_confirm, mfi_strong, above_ichimoku_cloud",open_high_close_low,,447.3,95.7,95.7,44.1,0.51,False,1528,D
2026-09-21,65.1,68.2,64.5,67.5,371238,24757930,2364,倫飛,,-2.260927844181083,-2.37995457589142,0.119026731710337,67.33304280701972,69.57533872357284,69.56974503244362,48.08419999080918,19.201178426208266,2.5741873650202685,456097.1,31411550.7,76.8,62.0,-0.7010858468619743,-0.0435583831273671,0.0448916408668731,0.0448916408668731,64.6,0.3318597289265779,74.85214439191269,67.03999999999978,59.22785560808688,0.5294413401060795,0.2330592002360659,89.39393939393936,69.74637294834368,65.01999999999971,64.62999999999957,8080799.0,8435586.0,-13.235294117647134,-8.372777953087457,45.517376444479886,74.97500000000001,74.1,,,,0.0,0.0,0.0,0.0,0.0,0.0,,0.0,0.0,0.326,-0.0499,0.0,18.59,0.34,0,False,0,True,True,False,True,0.8139451007252623,False,False,False,False,True,False,False,False,False,False,False,False,False,False,False,False,False,True,-20.0,0.0,13.777777777777777,0.0,-0.2995738742609138,False,False,False,False,False,False,False,-1.0,False,5,False,False,344.5445645161216,,3,False,3,False,False,False,False,"macd_golden_cross, ema60_gt_ema120, market_above_ma60, avoid_chase, hist_turn_positive",,,-6.3,49.0,49.0,44.1,-0.28,False,1528,D
2026-09-21,54.7,59.0,54.7,59.0,14131099,821258841,2363,矽統,,0.3043955980420634,-0.4832267150607107,0.7876223131027742,52.69294933631179,54.44426189500016,55.39085408529323,67.95600838958863,17.49589677292195,2.4092605005357592,5707932.05,303869654.85,53.7,50.3,0.3415336980659432,-0.4691568362033892,0.1478599221789884,0.0986964618249532,53.7,2.175489057523446,55.66124142688355,51.925,48.188758573116445,1.4468071240114364,0.1439091546223804,100.0,69.69696969696936,53.57999999999993,52.7,375886926.0,344521210.9,-0.0,302.96387633009056,81.05409058093298,55.2625,60.2,,,,0.0,0.0,0.0,0.0,0.0,0.0,,0.0,0.0,0.8106,0.2664,0.0,7.02,1.19,0,False,0,False,False,True,False,2.475695028640013,True,True,False,True,False,True,False,False,False,True,False,False,True,True,False,False,True,True,-20.0,-25.0,-8.983050847457623,25.0,1.4549498270419636,False,False,False,False,False,False,False,-1.0,False,9,False,False,682.2163482109038,,3,False,3,False,False,False,False,"volume_break, rsi_strong, breakout_20d, market_above_ma60, liquidity_ok, obv_uptrend, bb_squeeze_breakout, breakout_volume_confirm, mfi_strong",,,331.4,88.8,88.8,44.1,1.24,False,1528,D
2026-09-21,28.25,29.3,28.2,29.2,966559,27977961,2365,昆盈,,-0.5788052227655385,-0.6174533259129942,0.0386481031474557,28.78310832633425,30.30932084076343,32.027162710709845,51.1904566487344,20.51843674337833,0.8481359535997492,765580.0,22317981.4,30.4,27.1,-0.4862444551501567,-0.2539216287983529,0.0503597122302157,0.0373001776198933,28.15,1.123141988743955,30.87428764214372,28.922499999999854,26.970712357855994,0.5710886763519358,0.1349667312399598,95.55555555555549,62.21989650561045,28.0,28.11499999999978,284845400.0,283980653.4,-41.09589041095892,-4.535147392289994,40.67996512948504,29.7875,32.1,,,,0.0,0.0,0.0,0.0,0.0,0.0,,0.0,0.0,0.3595,-0.0001,0.0,3.28,0.17,0,False,0,True,True,False,False,1.2625186133389064,False,False,True,False,False,False,False,False,False,True,False,False,False,False,False,False,False,False,-20.0,0.0,4.109589041095888,0.0,0.189185257131709,False,False,False,False,False,False,False,-1.0,False,5,False,False,369.8954092189696,,5,False,3,False,False,False,False,"macd_golden_cross, market_above_ma60, hist_turn_positive, adx_trending, obv_uptrend",,,19.1,53.7,53.7,44.1,0.13,False,1528,D
2026-09-21,1020.0,1050.0,1000.0,1045.0,7314499,7527159825,2368,金像電,,-5.735341311620914,4.270387417684538,-10.005728729305453,1034.3587593944117,1053.083892368322,1039.8363629030466,50.92816681513708,15.280648317752007,73.04368022130376,8322655.25,9014149704.4,1225.0,950.0,-0.49224047351792,-0.0254658602899835,0.0245098039215685,0.0245098039215685,1020.0,1.3584587112066822,1205.1457149724442,1062.5,919.8542850275558,0.4386592159344549,0.2685095811246009,48.71794871794872,28.20512820512825,995.8,1024.9,280119019.0,279947806.1,-63.46153846153846,-35.69854561480838,49.60711442252359,942.0,1142.5,,,,0.0,0.0,0.0,0.0,0.0,0.0,,0.0,0.0,0.7639,0.0369,0.0,24.9,-0.55,0,False,0,False,False,False,True,0.8788660325681519,False,False,False,False,True,True,False,False,False,True,False,False,False,False,False,False,False,False,0.0,0.0,17.22488038277512,0.0,0.0067704899033988,False,False,False,False,False,False,False,-1.0,False,5,False,False,333.8699062045223,,3,False,3,False,False,False,False,"ema60_gt_ema120, market_above_ma60, avoid_chase, liquidity_ok, obv_uptrend",,,-16.9,45.7,45.7,44.1,-0.22,False,1528,D
2026-09-21,40.8,41.9,40.8,41.8,3540050,147302435,2367,燿華,,-0.924288067349856,-0.9180678385275004,-0.0062202288223556,41.7723221109577,45.52573705570254,48.58234127933976,47.81806432496498,18.98588747042331,1.4556738661692388,4408790.45,190634738.0,45.55,39.55,-0.6383163513226436,-0.3769387174258778,0.0476190476190476,0.025766871165644,40.75,0.7103454798529488,46.01526912887039,42.35749999999971,38.69973087112903,0.4237923471441405,0.1727093963935883,81.81818181818181,49.77513873751983,40.50999999999949,40.79999999999982,2148255193.0,2143636494.85,-56.310679611650535,-40.09097159782142,41.44036069025295,42.91250000000001,50.925,,,,0.0,0.0,0.0,0.0,0.0,0.0,,0.0,0.0,0.2613,-0.105,0.0,8.88,0.15,0,False,0,False,False,False,False,0.8029526556427738,False,False,False,False,True,True,False,False,False,True,False,False,False,False,False,False,False,False,-20.0,0.0,8.971291866028709,0.0,0.1875180898321276,False,False,False,False,False,False,False,-1.0,False,4,False,False,255.27974363441328,,3,False,3,False,False,False,False,"market_above_ma60, avoid_chase, liquidity_ok, obv_uptrend",,,-95.5,28.1,28.1,44.1,-0.29,False,1528,D
2026-09-21,53.0,53.1,52.6,53.1,21013,1112257,2373,震旦行,,-0.1932755054129415,-0.2252839738222732,0.0320084684093316,53.09924161774232,53.94356635661001,54.840969488905394,47.75635870461635,13.134416736294188,0.5308511205384431,29918.5,1586307.1,53.8,52.5,-0.0509821559553255,-0.0946212406458085,0.0037807183364839,0.0,53.1,0.843708227836512,53.70295868321341,53.11000000000004,52.51704131678666,0.4915677092830133,0.022329455214211,70.00000000000028,56.19047619047645,52.84000000000015,52.97000000000007,490051.0,482618.0,-49.999999999999744,-36.92307692307399,47.03080220389539,54.15,56.0,,,,0.0,0.0,0.0,0.0,0.0,0.0,,0.0,0.0,0.036,0.0206,0.0,1.41,0.0,0,False,0,False,False,False,False,0.702341360696559,False,False,False,False,True,False,False,False,False,True,False,False,False,False,False,False,False,False,-10.0,0.0,1.3182674199623272,15.0,0.0576206772300893,False,False,False,False,False,False,False,-1.0,False,3,False,False,197.71486173372665,,3,False,3,False,False,False,False,"market_above_ma60, avoid_chase, obv_uptrend",,,-153.1,15.8,15.8,44.1,-0.38,False,1528,D
2026-09-21,67.8,67.9,67.3,67.3,1469145,99243546,2374,佳能,,-0.5906032574924751,-0.597771203934308,0.0071679464418329,67.62722287321841,69.56381152318268,71.7490169586492,46.938654427662456,9.507430834370409,1.7598348272970905,2423589.2,165912556.25,70.1,65.7,-0.1959378929540455,-0.1515100307638811,0.0105105105105105,-0.002962962962963,67.5,0.8648255899359101,70.09017698422787,67.82999999999993,65.56982301577199,0.3827525446683162,0.0666423996528952,59.25925925925899,37.99208013044457,66.8,67.02999999999993,824406747.0,825584156.05,-73.77049180327876,-34.09526941840693,51.104019659687225,69.125,72.2,,,,0.0,0.0,0.0,0.0,0.0,0.0,,0.0,0.0,0.347,0.1322,0.0,5.78,0.41,0,False,0,True,True,False,False,0.6061856522549283,False,False,False,False,True,True,False,False,False,False,False,False,False,False,False,False,True,False,0.0,0.0,4.160475482912329,0.0,-0.2105471299088905,False,False,False,False,False,False,False,-1.0,False,6,False,False,418.5352909636426,,3,False,3,False,True,False,True,"macd_golden_cross, market_above_ma60, avoid_chase, liquidity_ok, hist_turn_positive, mfi_strong",,close_below_ema20,67.7,61.7,61.7,44.1,-0.47,False,1528,D
2026-09-21,31.55,33.6,31.55,32.25,22679351,739406050,2369,菱生,,-0.5130004482359354,-0.7698738242524441,0.2568733760165087,30.80091681079405,32.283085222156394,31.94272644543997,56.134095037898426,16.897697277906037,1.329160719112331,5431350.9,170318639.05,32.35,28.85,-0.2899268203113079,-0.5150947516694289,0.1044520547945204,0.0403225806451612,31.0,2.484595393721768,32.697825228120394,30.7375,28.777174771879604,0.8857778235732398,0.1275526785275572,72.16494845360823,65.47075342718806,30.370000000000072,30.10500000000001,640809205.0,608729479.85,-27.83505154639177,130.7569082899479,64.6025170946077,34.5625,36.075,,,,0.0,0.0,0.0,0.0,0.0,0.0,,0.0,0.0,0.329,0.0002,0.0,13.82,-0.68,0,False,0,False,False,False,True,4.175637224985776,True,True,False,False,False,True,False,False,False,True,False,False,False,False,False,True,True,True,-10.0,-12.0,0.3100775193798494,25.0,0.8427459723282311,False,False,False,False,False,False,False,-1.0,False,8,False,False,599.8693239177966,,3,False,3,False,False,False,False,"ema60_gt_ema120, volume_break, rsi_strong, market_above_ma60, liquidity_ok, obv_uptrend, cci_momentum, mfi_strong",,,249.1,82.1,82.1,44.1,2.8,False,1528,D
2026-09-21,360.0,376.0,355.0,368.0,11634817,4299239762,2376,技嘉,,1.824909108958252,1.1989516911316218,0.6259574178266303,353.43892952294283,345.4900117108312,328.16965908572905,59.71087995042367,10.663949716433589,11.798239825599754,5304783.5,1887275418.75,364.5,343.0,0.0425674320808353,0.1246262970867516,0.069767441860465,0.0337078651685394,356.0,1.3666832856862945,367.069279235163,353.525,339.980720764837,1.0343584456831312,0.0766241665237989,77.14285714285714,60.13776579814294,354.4,352.3,260134940.0,237274990.35,-22.857142857142858,151.71065493646157,58.12291592848992,359.0,357.0,,,,0.0,0.0,0.0,0.0,0.0,0.0,,0.0,0.0,0.9843,0.0721,0.0,22.21,-0.4,0,False,0,True,True,True,True,2.193268961871865,True,True,False,True,False,True,False,False,False,True,False,False,True,True,False,True,True,True,-10.0,-25.0,-0.9510869565217392,25.0,0.8213582801182976,False,False,True,False,False,False,False,-1.0,False,14,False,False,1021.7889889801382,,3,False,3,False,False,False,False,"macd_golden_cross, ema60_gt_ema120, volume_break, rsi_strong, breakout_20d, market_above_ma60, liquidity_ok, hist_turn_positive, obv_uptrend, bb_squeeze_breakout, breakout_volume_confirm, cci_momentum, mfi_strong, above_ichimoku_cloud",,,671.0,99.6,99.6,44.1,0.98,False,1528,D
2026-09-21,120.5,123.0,118.0,118.5,2369137,284498885,2375,凱美,,-3.453091156784353,-3.657840420405018,0.2047492636206649,122.31327332660864,131.03678012912334,127.9497482400913,43.09678789162712,18.554477136329464,6.943912931479712,3815493.3,486904009.3,133.0,117.5,-0.4366070546557581,-0.8670457536018096,-0.0083682008368201,-0.0083682008368201,119.5,0.3539081176676069,131.5405382884647,122.925,114.30946171153532,0.2431965449027937,0.1401755263528929,30.76923076923077,29.32692307692317,118.7,119.95,572715268.0,573065656.1,-75.0,-68.35582918936035,51.43011696885216,139.5,170.25,,,,0.0,0.0,0.0,0.0,0.0,0.0,,0.0,0.0,0.3759,0.0528,0.0,8.85,0.56,0,False,0,False,False,False,True,0.6209254777095271,False,False,False,False,True,True,False,False,False,False,False,False,False,False,False,False,True,False,0.0,0.0,12.236286919831224,0.0,-0.0094877908083488,False,False,False,False,False,False,False,-1.0,False,5,False,False,336.0954012873951,,3,False,3,False,True,False,True,"ema60_gt_ema120, market_above_ma60, avoid_chase, liquidity_ok, mfi_strong",,close_below_ema20,-14.7,46.5,46.5,44.1,-0.46,False,1528,D
2026-09-21,154.0,156.5,153.0,153.0,5796230,896057010,2377,微星,,1.0798014205392974,1.16482528017066,-0.0850238596313626,151.85268100879122,146.10240503311184,136.0262804170652,52.03807093061973,18.58161760170813,5.904629136303613,9621390.2,1469954677.0,161.5,148.0,0.190999529020222,0.1249977853964848,0.0166112956810631,-0.0129032258064516,155.0,0.7422152255036489,160.9254075996543,151.7250000000002,142.52459240034605,0.5692904083971093,0.1212774111010595,62.96296296296296,61.44349477682832,152.5,152.00000000000037,456080612.0,460773800.3,-56.41025641025641,44.56407955734982,67.14028131079301,154.5,150.75,,,,0.0,0.0,0.0,0.0,0.0,0.0,,0.0,0.0,-0.0606,-0.0852,0.0,19.27,0.5,0,False,0,False,False,True,True,0.6024316527563761,False,False,False,False,True,True,False,False,False,False,False,False,False,False,False,False,True,True,0.0,0.0,5.555555555555555,0.0,-0.1492917825438464,False,False,False,True,False,False,False,-1.0,False,5,True,False,309.2328151370376,,3,False,3,False,False,False,False,"ema60_gt_ema120, market_above_ma60, avoid_chase, liquidity_ok, mfi_strong",long_upper_shadow,,-41.6,41.1,41.1,44.1,-0.47,False,1528,D
2026-09-21,733.0,743.0,724.0,740.0,2964925,2187502978,2379,瑞昱,,-2.020960834119137,-5.068782935554502,3.047822101435365,719.8949753961921,713.9937013871928,675.600150127465,55.26846907243767,11.81592869266787,27.928308832682223,2508176.95,1805725548.8,744.0,692.0,-0.1100910179063925,-0.1679230590600081,0.0378681626928472,0.0178817056396147,727.0,1.067418126900258,749.4464997958063,719.45,689.4535002041938,0.8425399653274381,0.0833873091828653,94.73684210526316,81.25363832482981,721.0,711.5,-7554184.0,-12002026.15,-36.17021276595744,98.44337090713871,59.39524550701964,739.25,774.5,,,,0.0,0.0,0.0,0.0,0.0,0.0,,0.0,0.0,0.2808,-0.0338,0.0,45.33,0.8,0,False,0,False,False,True,True,1.182103599189842,False,True,False,False,True,True,False,False,False,True,False,False,False,False,False,False,True,True,-20.0,-12.0,0.5405405405405406,25.0,0.8639468272753837,False,False,False,False,False,False,False,-1.0,False,7,False,False,495.1883979192031,,3,True,3,False,False,False,False,"ema60_gt_ema120, rsi_strong, market_above_ma60, avoid_chase, liquidity_ok, obv_uptrend, mfi_strong",,,144.4,71.9,71.9,44.1,0.06,False,1528,D
2026-09-21,17.0,17.1,16.5,16.5,123846,2091403,2380,虹光,,-0.5398843030907408,-0.386830248566023,-0.1530540545247177,17.637730743325477,16.774636648298845,13.90645540963247,35.58266010226549,17.940855218844266,0.7810152626012877,126591.3,2236820.15,19.2,16.5,-0.8217320071762377,-0.2979160440776074,-0.0294117647058823,-0.046242774566474,17.3,1.3047604325534048,19.598509599070056,17.827500000000022,16.056490400929988,0.1252137761712023,0.1986828886910707,27.272727272727245,34.9192143730094,16.780000000000108,17.025000000000045,7132637.0,7696124.7,-82.08955223880598,-94.9371389738365,20.066687571555505,19.6625,14.575,,,,0.0,0.0,0.0,0.0,0.0,0.0,,0.0,0.0,-0.0782,0.015,0.0,0.76,0.18,0,False,0,False,False,False,True,0.9783136755843412,False,False,False,False,True,False,False,False,False,False,False,False,False,False,False,False,False,False,10.0,12.0,16.36363636363636,0.0,-1.9250677525033044,False,False,False,False,False,False,False,-1.0,False,3,False,False,158.68232372580374,,3,False,3,False,True,False,True,"ema60_gt_ema120, market_above_ma60, avoid_chase",,close_below_ema20,-192.1,8.9,8.9,44.1,-0.13,False,1528,D
2026-09-21,344.0,344.5,339.0,344.5,8229050,2815284620,2382,廣達,,3.3570410760090112,2.76776966313027,0.5892714128787411,336.82833236675026,334.77357186323684,329.45006657263787,56.79612066500644,9.189624386105455,9.624169618968988,15188093.95,5112908788.6,347.5,328.0,0.1272939974936123,-0.1200391484888408,0.0360902255639097,0.0043731778425655,343.0,1.4338953287133838,348.7382224793699,337.6,326.46177752063016,0.8097442169421607,0.0659847303280204,88.88888888888889,79.35169211764999,341.0,338.0,507354477.0,480818722.15,-29.78723404255319,87.24788968361337,46.40862974564913,322.875,358.5,,,,0.0,0.0,0.0,0.0,0.0,0.0,,0.0,0.0,1.7745,0.1575,0.0,23.88,0.0,0,False,0,False,False,True,True,0.5418092636963179,False,True,False,False,True,True,False,False,False,True,False,False,False,False,False,False,False,True,-20.0,-12.0,0.8708272859216255,25.0,0.3498574442746576,False,False,False,False,False,False,False,-1.0,False,6,False,False,402.6163819682591,,3,True,3,False,False,False,False,"ema60_gt_ema120, rsi_strong, market_above_ma60, avoid_chase, liquidity_ok, obv_uptrend",,,51.8,59.0,59.0,44.1,-0.53,False,1528,D
2026-09-21,4900.0,4945.0,4795.0,4895.0,2394262,11655101115,2383,台光電,,-139.96842190419648,-61.16585197609752,-78.80256992809896,5245.165687677404,5207.838898603989,4710.082241088371,39.698202516081686,13.616710254234883,286.7179017382461,2072064.35,10933114318.0,5895.0,4695.0,-0.7829710528546313,0.0800319606864132,-0.0841908325537885,0.0010224948875254,4890.0,1.850248967021801,5886.118958916084,5336.5,4786.881041083916,0.098358105340205,0.2059848061149007,25.742574257425744,18.97689768976852,4936.0,5148.0,139468556.0,142738751.3,-74.8792270531401,-168.7206048699175,31.02898583963443,5301.25,5090.0,,,,0.0,0.0,0.0,0.0,0.0,0.0,,0.0,0.0,1.2985,0.0489,0.0,43.62,0.2,0,False,0,False,False,False,True,1.1554959671016007,False,False,False,False,True,True,False,False,False,False,False,False,False,False,False,False,False,False,10.0,25.0,20.42900919305414,0.0,-0.5200917551026938,False,False,False,True,False,False,False,-1.0,False,4,True,False,290.3138586097837,,3,False,3,False,True,False,True,"ema60_gt_ema120, market_above_ma60, avoid_chase, liquidity_ok",long_upper_shadow,close_below_ema20,-60.5,37.0,37.0,44.1,0.03,False,1528,D
2026-09-21,107.0,107.0,105.0,105.5,1252368,132445557,2385,群光,,-0.3283822219806609,-0.1777012193873204,-0.1506810025933405,106.1559465272858,108.62449378636276,113.108426075675,47.192395108023526,15.654969784427175,2.570766132849755,3034541.55,324337663.95,110.5,103.5,-0.1335582690718231,0.0275877919177403,0.0,-0.0047169811320755,106.0,2.08425627150988,110.29536412708912,106.725,103.15463587291086,0.328448870143853,0.0669077372141323,70.0,57.83625730994148,105.6,105.4,1836104.0,-3447428.2,-63.1578947368421,-40.57971014492816,53.234623640435615,104.3,124.35,,,,0.0,0.0,0.0,0.0,0.0,0.0,,0.0,0.0,-0.2313,-0.0759,0.0,24.62,0.33,0,False,0,False,False,False,False,0.4127041859090709,False,False,False,False,True,True,False,False,False,True,False,False,False,False,False,False,True,True,-10.0,0.0,4.739336492890995,0.0,0.6183015545604927,False,False,False,False,False,False,False,-1.0,False,5,False,False,291.5466605138166,,3,False,3,False,True,False,True,"market_above_ma60, avoid_chase, liquidity_ok, obv_uptrend, mfi_strong",,close_below_ema20,-59.3,37.4,37.4,44.1,-0.65,False,1528,D
2026-09-21,36.85,37.15,36.5,37.05,208476,7683112,2387,精元,,-0.1614915652379238,-0.2765172383491127,0.1150256731111888,36.618824906706685,37.53218847894728,38.56830912939302,54.96886353003186,14.828910666631998,0.5238491871232533,209809.9,7663828.55,37.05,36.1,-0.0290151690265579,-0.190783378523152,0.026315789473684,0.005427408412483,36.85,1.2034482832377813,37.12709787514262,36.56000000000013,35.99290212485764,0.9320241897192364,0.0310228596905079,91.99999999999989,77.88888888888869,36.54000000000015,36.48000000000029,9380965.0,9045645.5,-13.333333333333522,110.68604947717368,46.42384458884696,38.0,40.2,,,,0.0,0.0,0.0,0.0,0.0,0.0,,0.0,0.0,-0.1712,0.1474,0.0,8.73,-0.04,0,False,0,False,False,False,False,0.9936423400421048,False,False,False,False,True,False,False,False,False,True,False,False,False,False,False,True,False,True,-20.0,-25.0,0.0,25.0,0.1117340352010243,False,False,False,False,False,False,False,-1.0,False,4,False,False,216.27723182283336,,3,False,3,False,False,False,False,"market_above_ma60, avoid_chase, obv_uptrend, cci_momentum",,,-134.5,19.8,19.8,44.1,-0.12,False,1528,D
2026-09-21,70.5,70.9,69.5,69.7,2376608,166734319,2388,威盛,,-1.163068842014951,-0.3977978005806691,-0.7652710414342819,73.25326018635961,73.43413783370765,70.78042134069968,42.138407148477896,11.524966158801778,3.2301578136490674,4142857.75,313568762.7,81.4,69.4,-0.24294213197969,0.0541238993345602,-0.0359612724757951,-0.0028612303290415,69.9,0.6816064228471951,80.25877139986808,73.87000000000043,67.48122860013278,0.1736461724012528,0.172973369429203,3.296703296703268,3.24662459507878,70.00000000000072,72.92000000000044,90504161.0,101298339.75,-97.79411764705884,-105.09415950707265,40.910187342079226,76.60000000000001,75.95,,,,0.0,0.0,0.0,0.0,0.0,0.0,,0.0,0.0,0.7739,-0.187,0.0,15.14,-0.51,0,False,0,False,False,False,True,0.573663915928564,False,False,False,False,True,True,False,False,True,False,False,False,False,False,False,False,False,False,20.0,12.0,16.786226685796272,0.0,-0.9674641195875509,False,False,False,False,False,False,False,-1.0,False,5,False,False,356.127069724235,,3,False,3,False,True,False,True,"ema60_gt_ema120, market_above_ma60, avoid_chase, liquidity_ok, kd_golden_cross",,close_below_ema20,5.3,51.2,51.2,44.1,-0.5,False,1528,D
2026-09-21,42.05,44.85,41.05,44.55,5140025,225393524,2392,正崴,,0.4432290059797026,0.7691085508394025,-0.3258795448596999,42.7313018687882,40.802474530520485,39.87706201982008,59.20009420590609,24.430842999554503,1.954141579134744,4191789.5,187489477.95,46.65,41.1,-0.4999554775910694,0.4040631631631018,0.0734939759036144,0.0619785458879618,41.95,0.3755732949191995,47.16314681607908,43.87749999999996,40.59185318392085,0.6023390579761939,0.1497645406451652,93.33333333333324,52.38456672991803,42.33000000000029,42.44499999999989,46402778.0,43850191.0,-42.46575342465757,-20.188816267248143,39.74998976015685,38.05,38.425,,,,0.0,0.0,0.0,0.0,0.0,0.0,,0.0,0.0,-0.247,-0.4197,0.0,8.52,-0.06,0,False,0,False,False,True,True,1.2262125757984743,False,True,True,False,False,True,False,False,False,True,False,False,False,False,False,False,False,False,-20.0,0.0,4.713804713804717,0.0,0.0810632898712737,False,False,True,False,False,False,False,-1.0,False,7,False,False,413.23488523644,,3,False,3,False,False,False,False,"ema60_gt_ema120, rsi_strong, market_above_ma60, liquidity_ok, adx_trending, obv_uptrend, above_ichimoku_cloud",,,62.4,60.7,60.7,44.1,0.1,False,1528,D
2026-09-21,10.2,10.3,10.05,10.25,339673,3475398,2390,云辰,,-0.1119464797657858,-0.1557054713192507,0.0437589915534649,10.191061917626373,10.549442256810348,10.642910001859356,49.55963143067382,10.186627478525994,0.2538206247480777,457045.95,4673509.85,10.65,9.94,-0.2011188100657039,-0.3938109548130254,0.0301507537688443,0.0049019607843137,10.2,0.5295863927075021,10.57042529139246,10.193999999999985,9.817574708607507,0.5743839498574355,0.0738523232082551,81.48148148148152,78.39506172839538,10.12599999999993,10.072999999999956,24945812.0,25061809.1,-18.518518518518484,-5.445075757574852,63.63505151926037,11.025,12.075,,,,0.0,0.0,0.0,0.0,0.0,0.0,,0.0,0.0,0.1684,-0.034,0.0,2.67,0.03,0,False,0,False,False,False,False,0.7431922326409413,False,False,False,False,True,False,False,False,False,False,False,False,False,False,False,False,True,True,-20.0,0.0,3.902439024390248,0.0,-0.0756393541726089,False,False,False,False,False,False,False,-1.0,False,3,False,False,201.5242500763381,,3,False,3,False,False,False,False,"market_above_ma60, avoid_chase, mfi_strong",,,-149.3,16.6,16.6,44.1,-0.34,False,1528,D
2026-09-21,64.4,64.6,63.9,64.2,747378,48044490,2393,億光,,-0.3765705874235152,-0.4490523988626252,0.07248181143911,63.712670171385085,64.7239498037006,65.0270741160685,51.445080758646846,11.153144155606988,1.428462373886953,1369537.45,88152639.65,66.8,61.7,-0.3180141438614849,-0.1381734161213455,0.0272000000000001,-0.0031055900621118,64.4,1.996358892169196,67.41659821967619,64.16999999999989,60.92340178032359,0.5046202206078807,0.1011874152930125,88.88888888888911,81.76638176638153,63.320000000000434,62.82999999999993,83071862.0,79874811.95,-41.81818181818176,5.608974358974728,52.26605494130849,61.5,63.5,,,,0.0,0.0,0.0,0.0,0.0,0.0,,0.0,0.0,0.141,-0.0565,0.0,28.86,0.47,0,False,0,True,True,False,False,0.5457156355965294,False,False,False,False,True,True,False,False,False,True,False,False,False,False,False,False,True,True,-20.0,0.0,4.049844236760116,0.0,0.5012886874839261,False,False,True,False,False,False,False,-1.0,False,8,False,False,576.4726206057724,,3,True,3,False,False,False,False,"macd_golden_cross, market_above_ma60, avoid_chase, liquidity_ok, hist_turn_positive, obv_uptrend, mfi_strong, above_ichimoku_cloud",,,225.7,79.3,79.3,44.1,-0.53,False,1528,D
2026-09-21,688.0,712.0,688.0,706.0,2085226,1466772602,2395,研華,,13.9733280764151,15.05319070835193,-1.0798626319368303,677.1992024703572,620.8565079915219,547.3698915513928,60.03893014060591,30.57080640409633,28.34057834427964,3038784.75,2077619596.2,711.0,653.0,0.0593870256129605,0.6278214908426417,0.0537313432835822,0.0231884057971014,690.0,1.1596597526937928,713.6385924710952,681.1,648.5614075289049,0.8826225738270526,0.0955471809458087,91.04477611940298,72.01492537313425,692.4,677.5,104184743.0,98412167.0,-25.60975609756097,101.72320273709757,45.250181083268885,618.875,579.0,,,,0.0,0.0,0.0,0.0,0.0,0.0,,0.0,0.0,0.8752,-0.0757,0.0,35.87,0.34,0,False,0,False,False,True,True,0.6862039175364428,False,True,True,False,False,True,False,False,False,True,False,False,False,False,False,True,False,True,-20.0,-12.0,0.708215297450425,25.0,0.6618203345302885,False,False,True,False,False,False,False,-1.0,False,8,False,False,612.8038831897279,,8,True,3,False,False,False,False,"ema60_gt_ema120, rsi_strong, market_above_ma60, liquidity_ok, adx_trending, obv_uptrend, cci_momentum, above_ichimoku_cloud",,,262.0,82.9,82.9,44.1,-0.4,False,1528,D
2026-09-21,60.8,62.2,60.8,61.8,170106,10498717,2397,友通,,-0.4446890963673198,-0.4115695685798915,-0.0331195277874282,61.04494483425219,61.01022116301367,60.91267495149847,53.2261931106681,11.464543482028972,1.6579247303851763,212034.0,12976566.05,63.8,59.0,-0.3108963530948425,0.1342280405161333,0.0351758793969847,0.006514657980456,61.4,1.0852419578928938,64.27525166719633,61.29500000000044,58.31474833280455,0.5847243884733251,0.0972428963927194,88.57142857142841,67.17261904761897,60.22000000000044,60.01000000000022,10430869.0,10179520.95,-43.63636363636374,15.10032119467748,41.50470703410992,60.925,61.1,,,,0.0,0.0,0.0,0.0,0.0,0.0,,0.0,0.0,0.4801,-0.0354,0.0,14.59,-0.03,0,False,0,False,False,True,True,0.8022581284133676,False,False,False,False,True,False,False,False,False,True,False,False,False,False,False,False,False,True,-20.0,0.0,3.2362459546925573,8.0,0.2134308034747769,False,False,True,False,False,False,False,-1.0,False,5,False,False,358.583750925831,,3,False,3,False,False,False,False,"ema60_gt_ema120, market_above_ma60, avoid_chase, obv_uptrend, above_ichimoku_cloud",,,7.8,51.8,51.8,44.1,-0.29,False,1528,D
2026-09-21,48.55,51.0,48.2,49.45,11211179,561070120,2399,映泰,,1.0650306633389093,0.8492503411708652,0.2157803221680441,46.49163793587752,44.762868846845365,41.94371504371996,62.534123426102845,17.547959741410057,2.0810209889727687,5804878.65,276645885.55,49.0,44.9,0.111571284015205,0.1461977258685578,0.1013363028953231,0.020639834881321,48.45,1.2810226203777126,49.29340079030227,46.642499999999885,43.9915992096975,1.029536980461624,0.1136688981209152,77.03703703703707,71.22608613702748,48.04000000000015,46.73999999999997,476053249.0,450560872.6,-22.96296296296292,175.33432392273477,77.08559504568083,41.0,43.75,,,,0.0,0.0,0.0,0.0,0.0,0.0,,0.0,0.0,0.4,0.0294,0.0,7.82,1.75,0,False,0,False,False,True,True,1.93133735879216,True,True,False,True,False,True,False,False,True,True,False,False,True,True,False,False,True,True,-10.0,-25.0,-0.9100101112234638,25.0,1.1175245541737004,False,False,True,False,False,False,False,-1.0,False,12,False,False,902.723668238006,,3,True,3,False,False,False,False,"ema60_gt_ema120, volume_break, rsi_strong, breakout_20d, market_above_ma60, liquidity_ok, kd_golden_cross, obv_uptrend, bb_squeeze_breakout, breakout_volume_confirm, mfi_strong, above_ichimoku_cloud",,,551.9,98.6,98.6,44.1,0.74,False,1528,D
2026-09-21,54.5,54.8,53.8,54.0,758230,41192546,2402,毅嘉,,-0.7069624524715366,-0.548764253484857,-0.1581981989866795,55.121206219058735,57.35375295674773,58.60963171261209,43.600940866377584,12.70498297020738,1.726755544169052,1863193.4,107834098.8,62.2,53.4,-0.4442053673526943,-0.2958566546151754,-0.0073529411764705,-0.0018484288354898,54.1,0.4197824129319996,60.42235955620696,55.95000000000009,51.47764044379321,0.2819942722076292,0.1598698679609247,50.0,36.29451780712285,54.05999999999985,54.21000000000004,591714500.0,596042696.7,-85.71428571428571,-67.17766560727887,10.81906816287605,56.1375,60.125,,,,0.0,0.0,0.0,0.0,0.0,0.0,,0.0,0.0,0.1642,-0.0458,0.0,5.41,0.05,0,False,0,False,False,False,False,0.4069518494430047,False,False,False,False,True,True,False,False,False,False,False,False,False,False,False,False,False,False,0.0,0.0,15.18518518518519,0.0,-0.5243001367819419,False,False,False,False,False,False,False,-1.0,False,3,False,False,187.77791685304675,,3,False,3,False,True,False,True,"market_above_ma60, avoid_chase, liquidity_ok",,close_below_ema20,-163.0,13.3,13.3,44.1,-0.65,False,1528,D
2026-09-21,25.5,26.45,25.5,26.25,4848287,126683847,2401,凌陽,,-0.388680617750385,-0.5835176659919068,0.1948370482415218,25.256346260732013,26.337545522019088,26.10447428675421,55.44869460227096,21.69634287312276,0.8619641095688853,2086862.5,52604296.1,25.9,23.75,-0.1711053503178736,-0.4656922190989058,0.0824742268041236,0.031434184675835,25.45,1.6345260247497204,26.39388290597088,25.129999999999928,23.866117094028983,0.9430790204966264,0.1005875770768761,92.72727272727276,76.37917637917599,24.91999999999989,24.784999999999947,392005071.0,384360520.95,-7.272727272727247,125.76516416249343,57.27796509124092,27.8625,29.425,,,,0.0,0.0,0.0,0.0,0.0,0.0,,0.0,0.0,0.4095,-0.0774,0.0,17.01,0.14,0,False,0,False,False,False,True,2.3232421877339786,True,True,True,True,False,True,False,False,False,True,False,False,False,True,False,True,True,True,-20.0,-25.0,-1.3333333333333388,25.0,0.4052351065895248,False,False,False,False,False,False,False,-1.0,False,11,False,False,778.0952431564141,,3,False,3,False,False,False,False,"ema60_gt_ema120, volume_break, rsi_strong, breakout_20d, market_above_ma60, liquidity_ok, adx_trending, obv_uptrend, breakout_volume_confirm, cci_momentum, mfi_strong",,,427.3,94.6,94.6,44.1,1.1,False,1528,D
2026-09-21,1125.0,1160.0,1090.0,1130.0,2092541,2360500445,2404,漢唐,,-7.910869415599336,-18.66140183782089,10.750532422221552,1070.1226867053033,1100.981545596234,1089.9084010268036,58.719705162542986,19.618476163164548,48.38927520819868,1327191.85,1414224818.0,1125.0,1005.0,-0.0335480939761339,-0.3625497424764806,0.1133004926108374,0.0044444444444444,1125.0,2.6395633965322443,1126.4324362846312,1061.25,996.0675637153688,1.0273659893578568,0.1228408693232154,82.14285714285714,73.12662793027387,1071.0,1055.5,62682107.0,57081850.3,-17.857142857142858,200.20309723280045,62.60089994477621,1135.0,1212.5,,,,0.0,0.0,0.0,0.0,0.0,0.0,,0.0,0.0,0.5905,-0.0556,0.0,37.49,0.63,0,False,0,False,False,True,True,1.576668060461643,True,True,False,True,False,True,False,False,False,True,False,False,True,True,False,False,True,True,-20.0,-25.0,-0.4424778761061947,25.0,1.4176052490284576,False,False,False,True,False,False,False,-1.0,False,10,True,False,722.777943592958,,3,False,3,False,False,False,False,"ema60_gt_ema120, volume_break, rsi_strong, breakout_20d, market_above_ma60, liquidity_ok, obv_uptrend, bb_squeeze_breakout, breakout_volume_confirm, mfi_strong",long_upper_shadow,,372.0,91.6,91.6,44.1,0.42,False,1528,D
2026-09-21,15.15,15.3,15.05,15.2,788492,11990568,2405,輔信,,-0.2342569497474542,-0.3007409566733187,0.0664840069258644,15.122441022300928,15.782969195636088,16.207746218396228,48.60273887238613,24.72465397539065,0.3197939961396399,834442.8,12598100.2,15.5,14.65,-0.2342423021818831,-0.2865035701082208,0.0340136054421769,0.0,15.2,1.2954347724469382,15.672752091369611,15.089999999999964,14.507247908630315,0.5943797556706326,0.077236857703068,86.66666666666647,78.88888888888869,14.93999999999978,14.8699999999998,153194753.0,152803327.15,-35.00000000000014,20.87542087542056,49.38968455064313,16.325,18.15,,,,0.0,0.0,0.0,0.0,0.0,0.0,,0.0,0.0,0.0166,-0.0697,0.0,5.22,0.19,0,False,0,False,False,False,False,0.9449323548600336,False,False,True,False,True,False,False,False,False,True,False,False,False,False,False,False,False,True,-20.0,0.0,1.9736842105263208,15.0,0.0575885760652043,False,False,False,True,False,False,False,-1.0,False,4,True,False,290.1403864613828,,5,False,3,False,False,False,False,"market_above_ma60, avoid_chase, adx_trending, obv_uptrend",long_upper_shadow,,-60.7,37.0,37.0,44.1,-0.16,False,1528,D
2026-09-21,28.35,30.4,28.05,30.4,12317610,367948494,2406,國碩,,-0.6551246985993053,-1.0590610835595338,0.4039363849602284,27.860883618416576,30.103593793965096,30.78172791181784,61.814864286121725,29.505427527849463,1.1362327460406754,3282879.6,92015766.65,28.85,25.85,-0.2615706125429174,-0.6931656374022728,0.1471698113207546,0.0994575045207957,27.65,1.663532230950297,29.702932253967223,27.569999999999936,25.43706774603265,1.1634059742723235,0.1547284914013269,100.0,74.11957411957398,27.389999999999965,27.09999999999991,502753552.0,488963601.25,-0.0,165.16331829984958,56.76580150429415,32.550000000000004,36.875,,,,0.0,0.0,0.0,0.0,0.0,0.0,,0.0,0.0,0.8611,-0.0269,0.0,7.8,-0.01,0,False,0,False,False,True,False,3.75207485525817,True,True,True,True,False,True,False,False,False,True,False,False,True,True,False,True,True,True,-20.0,-25.0,-5.098684210526307,25.0,0.2272876166826705,False,False,False,False,False,False,False,-1.0,False,11,False,False,835.2481999527738,,6,False,3,False,False,False,False,"volume_break, rsi_strong, breakout_20d, market_above_ma60, liquidity_ok, adx_trending, obv_uptrend, bb_squeeze_breakout, breakout_volume_confirm, cci_momentum, mfi_strong",,,484.4,97.3,97.3,44.1,2.41,False,1528,D
2026-09-21,525.0,528.0,513.0,516.0,34499395,17914455456,2408,南亞科,,5.6422733558137,8.27528772890019,-2.633014373086491,501.40312496142326,464.0114562458825,403.1556273682715,54.17275562301349,15.386640585244894,27.40079337827552,67258366.1,34735021479.25,543.0,465.5,-0.3424559190114492,0.4732561452543314,0.0909090909090908,-0.0171428571428571,525.0,1.1503625469161385,554.1400031133428,509.9749999999996,465.8099968866564,0.5682101163282849,0.1732045810612019,72.66187050359713,60.909661532519145,497.4,502.2,6183934891.0,6214626015.15,-32.214765100671144,28.543783260764226,38.53199427220608,451.5,432.0,,,,0.0,0.0,0.0,0.0,0.0,0.0,,0.0,0.0,5.6085,0.0188,0.0,16.79,0.77,0,False,0,False,False,True,True,0.5129383450782341,False,False,False,False,False,True,False,False,False,False,False,False,False,False,False,False,False,False,-10.0,0.0,5.232558139534884,0.0,-0.2188676564805792,False,False,True,False,False,False,False,-1.0,False,4,False,False,272.50297157301543,,3,False,3,False,False,False,False,"ema60_gt_ema120, market_above_ma60, liquidity_ok, above_ichimoku_cloud",,,-78.3,32.7,32.7,44.1,-0.56,False,1528,D
2026-09-21,31.85,33.35,31.8,33.35,822971740,26963372568,2409,友達,,1.313685986001328,0.955363121679045,0.3583228643222831,28.8099151884154,26.84646896590102,24.396607955247426,71.3524282422759,26.640655563455702,1.6929311934056814,322192227.05,9502442028.85,31.2,27.9,1.1751419522010165,0.0067047171882566,0.162020905923345,0.098846787479407,30.35,1.2256739520976925,32.67925755203489,28.247499999999945,23.815742447965,1.0756745422205152,0.3137805152339114,100.0,72.80898876404474,30.2,30.119999999999983,7976131144.0,5687523141.3,-0.0,166.77239087751087,68.9522507908634,26.5125,28.225,,,,0.0,0.0,0.0,0.0,0.0,0.0,,0.0,0.0,-0.0586,0.1341,0.0,13.73,-0.74,0,False,0,False,False,True,True,2.554288002336833,True,True,True,True,False,True,False,False,False,True,False,False,False,True,False,True,True,True,-20.0,-25.0,-6.446776611694159,25.0,2.0,False,False,True,False,False,False,False,-1.0,False,12,False,False,814.5428800233683,,6,False,3,False,False,False,False,"ema60_gt_ema120, volume_break, rsi_strong, breakout_20d, market_above_ma60, liquidity_ok, adx_trending, obv_uptrend, breakout_volume_confirm, cci_momentum, mfi_strong, above_ichimoku_cloud",,,463.7,96.6,96.6,44.1,1.31,False,1528,C
2026-09-21,145.0,145.0,143.0,144.5,9034372,1300476742,2412,中華電,,1.9764155583881973,1.207872388547698,0.7685431698404994,140.71715075171332,139.0323043115204,138.0870226514534,73.66382466652254,34.58947031932874,1.6545973337827915,11893572.3,1666173655.95,145.5,138.0,0.3953764359668325,0.0190899206221126,0.0140350877192982,-0.0068728522336769,145.5,2.380432884739521,146.1643572187477,139.475,132.78564278125228,0.8755966257801906,0.0959219533070115,87.5,95.83333333333331,144.4,142.3,34647142.0,-52371240.85,-10.526315789473683,121.26733475048012,90.40227602306696,137.0,139.5,,,,0.0,0.0,0.0,0.0,0.0,0.0,,0.0,0.0,0.2561,0.1722,0.0,18.11,0.59,0,False,0,False,False,True,True,0.75960121754168,False,True,True,False,True,True,False,False,False,True,False,False,False,False,False,False,True,True,-20.0,-12.0,0.6920415224913495,25.0,1.9451643350807075,False,False,True,False,False,False,False,-1.0,False,9,False,False,683.9379841963853,,5,True,3,False,False,False,False,"ema60_gt_ema120, rsi_strong, market_above_ma60, avoid_chase, liquidity_ok, adx_trending, obv_uptrend, mfi_strong, above_ichimoku_cloud",,,333.1,89.2,89.2,44.1,-0.33,False,1528,D
2026-09-21,53.2,58.4,52.6,54.0,24916387,1405551236,2413,環科,,2.5374573695440006,1.8213340181682671,0.7161233513757335,48.66790716446815,46.54970488255128,45.71270738535826,67.7189137432257,25.575575557107115,3.050813958221759,6139260.7,317281358.95,53.1,45.95,1.3463746783452502,0.1904129373085296,0.0671936758893281,0.0169491525423728,53.1,1.9176237654450008,55.58497350225573,47.44750000000022,39.31002649774471,0.9026126781355164,0.34300957910345,62.06896551724139,69.75902911488386,52.28000000000029,50.9350000000004,332705076.0,271678548.4,-26.112759643916903,136.22658748286884,88.68550449394034,42.1875,50.9,,,,0.0,0.0,0.0,0.0,0.0,0.0,,0.0,0.0,0.022,-0.0733,0.0,2.87,-0.26,0,False,0,False,False,True,True,4.058532161698231,True,True,True,True,False,True,False,False,False,True,False,False,False,True,False,False,True,True,0.0,-25.0,-1.666666666666664,25.0,2.0,False,False,True,True,False,False,False,-1.0,False,11,True,False,784.5853216169824,,6,True,3,False,False,False,False,"ema60_gt_ema120, volume_break, rsi_strong, breakout_20d, market_above_ma60, liquidity_ok, adx_trending, obv_uptrend, breakout_volume_confirm, mfi_strong, above_ichimoku_cloud",long_upper_shadow,,433.8,95.0,95.0,44.1,2.69,False,1528,D
2026-09-21,53.5,53.5,52.5,52.9,144199,7602459,2414,精技,,-0.3746262147817347,-0.625562874452251,0.2509366596705162,52.794221860104535,53.79115186438111,52.41311089443542,48.76027453736253,11.77538933535816,1.0583672732728246,132039.05,6919874.0,53.3,51.7,0.098353775242706,-0.3304174463389879,0.0037950664136621,-0.0075046904315196,53.3,0.8201937364425655,53.236971411443896,52.38000000000002,51.52302858855614,0.8033940181994245,0.0327213215518854,59.99999999999991,67.36842105263167,52.67999999999993,52.62000000000008,2628971.0,2663697.65,-31.57894736842115,124.29378531073506,59.46080936451177,57.95,58.95,,,,0.0,0.0,0.0,0.0,0.0,0.0,,0.0,0.0,0.7952,0.4126,0.0,4.33,0.01,0,False,0,False,False,False,True,1.0920935889799268,False,False,False,False,True,False,False,False,False,False,False,False,False,False,False,False,True,True,0.0,-12.0,0.7561436672967837,25.0,-0.0173150801322161,False,False,False,False,False,False,False,-1.0,False,4,False,False,298.71315492821265,,3,False,3,False,False,False,False,"ema60_gt_ema120, market_above_ma60, avoid_chase, mfi_strong",,,-52.1,38.9,38.9,44.1,-0.03,False,1528,D
2026-09-21,27.25,27.25,27.05,27.15,48330,1311723,2415,錩新,,-0.927873626585626,-0.9335611708833228,0.0056875442976966,28.117585385458582,29.627837872757752,29.55174190160607,37.42729699292454,21.302379657408967,0.8847498017739516,152959.9,4353522.8,30.8,26.95,-0.625490708632618,-0.5965371665570222,-0.0018382352941176,-0.0018382352941176,27.2,0.4334841628959276,30.490176984223343,28.22999999999993,25.96982301577651,0.2610806570594717,0.1601258933208234,24.99999999999988,22.72727272727268,27.06999999999989,27.34999999999991,12784625.0,12928446.8,-82.53968253968262,-83.67680732744583,34.97897727421726,32.2625,34.525,,,,0.0,0.0,0.0,0.0,0.0,0.0,,0.0,0.0,-0.006,0.041,0.0,20.66,-0.09,0,False,0,True,True,False,True,0.3159651647261798,False,False,True,False,True,False,False,False,False,False,False,False,False,False,False,False,False,False,10.0,0.0,13.4438305709024,0.0,-0.0874629908020773,False,False,False,False,False,False,False,-1.0,False,6,False,False,392.1100957576369,,3,False,3,False,True,False,True,"macd_golden_cross, ema60_gt_ema120, market_above_ma60, avoid_chase, hist_turn_positive, adx_trending",,close_below_ema20,41.3,57.6,57.6,44.1,-0.74,False,1528,D
2026-09-21,39.2,39.6,38.9,39.3,341658,13437908,2417,圓剛,,-1.200610649211562,-1.1037579406404112,-0.0968527085711508,40.20624410577765,41.99622544182732,42.349569555821645,41.723049499806656,19.212871194444727,1.224404144635051,536459.65,22152534.6,44.8,37.95,-0.9025929422457688,-0.1628378466881496,0.0328515111695137,0.0025510204081631,39.2,0.595906479703134,45.77713918157449,40.77999999999993,35.78286081842537,0.3519152712959261,0.245077939263098,83.33333333333313,62.70764435321447,38.740000000000144,38.5,18504189.0,19114930.95,-76.92307692307692,-45.91806867806983,32.63361046241208,42.2375,45.45,,,,0.0,0.0,0.0,0.0,0.0,0.0,,0.0,0.0,-0.1455,-0.2217,0.0,2.32,0.16,0,False,0,False,False,False,False,0.6368754854162844,False,False,False,False,True,False,False,False,False,False,False,False,False,False,False,False,False,True,-20.0,0.0,13.994910941475828,0.0,-0.1913724057234472,False,False,False,True,False,False,False,-1.0,False,2,True,False,59.07228598548148,,3,True,3,False,True,False,True,"market_above_ma60, avoid_chase",long_upper_shadow,close_below_ema20,-291.7,0.6,0.6,44.1,-0.44,False,1528,D
2026-09-21,28.15,30.65,27.8,30.65,10193931,305801527,2419,仲琦,,0.8394308882144692,0.5365647858063005,0.3028661024081687,26.99689370088094,26.727080518299584,27.360898457957923,76.11905540127728,33.69170435777293,0.9611437020655024,2131093.95,60116993.5,27.9,26.6,0.7026234957217153,-0.0126678524259454,0.1457943925233644,0.0985663082437275,27.9,0.824399668457623,29.461741622218195,26.742500000000017,24.02325837778184,1.21849076743914,0.2033648030078097,100.0,88.83617963314343,28.079999999999927,27.494999999999983,145241206.0,140076229.8,-0.0,201.56361051883445,80.33941580689873,25.0125,27.8,,,,0.0,0.0,0.0,0.0,0.0,0.0,,0.0,0.0,2.4559,2.0253,0.0,1.24,0.2,0,False,0,False,False,True,False,4.783426371230607,True,True,True,True,False,True,False,False,False,True,False,False,False,True,False,True,True,True,-20.0,-25.0,-8.97226753670473,25.0,0.7648284656817669,False,False,True,False,False,False,False,-1.0,False,11,False,False,842.0122053004873,,8,True,3,False,False,False,False,"volume_break, rsi_strong, breakout_20d, market_above_ma60, liquidity_ok, adx_trending, obv_uptrend, breakout_volume_confirm, cci_momentum, mfi_strong, above_ichimoku_cloud",,,491.2,97.5,97.5,44.1,3.35,False,1528,D
2026-09-21,53.5,53.9,53.4,53.8,96630,5182597,2420,新巨,,-0.7594956783103868,-0.7861188597122434,0.0266231814018566,54.36402363386496,55.96119401295264,56.174984568180776,42.82476110395807,17.601402883113185,0.9993371550158978,352605.75,19197310.0,57.2,53.3,-0.1787033996792489,-0.209924846212165,-0.0037037037037037,0.0074906367041198,53.4,0.6833023101832961,55.77288816238573,54.23499999999994,52.69711183761415,0.3585722906777852,0.0567120185262576,44.99999999999993,32.85714285714312,53.53999999999978,53.71999999999989,4596252.0,5125494.55,-57.14285714285724,-62.47086247086374,34.74128859541385,56.7,58.8,,,,0.0,0.0,0.0,0.0,0.0,0.0,,0.0,0.0,0.3383,-0.1301,0.0,7.97,0.03,0,False,0,True,True,False,False,0.2740454459406858,False,False,False,False,True,False,False,False,True,False,False,False,False,False,False,False,False,False,0.0,0.0,6.319702602230494,0.0,-0.3228361794626235,False,False,False,False,False,False,False,-1.0,False,5,False,False,353.8664203058554,,3,False,3,False,True,False,True,"macd_golden_cross, market_above_ma60, avoid_chase, hist_turn_positive, kd_golden_cross",,close_below_ema20,3.1,50.9,50.9,44.1,-0.77,False,1528,X
2026-09-21,170.5,170.5,166.0,166.5,1442731,241695484,2421,建準,,3.8083438910434495,4.894840814222849,-1.086496923179399,162.1108215659088,153.6794094323914,149.86020879870028,56.750165994066045,18.874635983259928,6.993557449699723,5577450.85,942594297.3,179.5,158.0,0.1448675945892565,0.4078922631096803,0.0214723926380369,-0.0029940119760478,167.0,0.591690130781524,181.28676834628,164.95,148.61323165372005,0.5474390028414942,0.1980814591849644,68.0,50.59930313588848,162.8,164.2,312481804.0,318183287.05,-59.523809523809526,32.44837758112098,35.59014619992915,141.75,148.25,,,,0.0,0.0,0.0,0.0,0.0,0.0,,0.0,0.0,0.2603,-0.0686,0.0,36.26,0.18,0,False,0,False,False,True,True,0.2586721136233769,False,True,False,False,True,True,False,False,False,False,False,False,False,False,False,False,False,False,0.0,0.0,7.807807807807808,0.0,-0.6237211288899939,False,False,True,False,True,False,False,-1.0,False,6,True,False,385.1020675895539,,3,False,3,False,False,False,False,"ema60_gt_ema120, rsi_strong, market_above_ma60, avoid_chase, liquidity_ok, above_ichimoku_cloud",open_high_close_low,,34.3,56.7,56.7,44.1,-0.79,False,1528,X
2026-09-21,73.5,74.2,73.5,74.1,35506,2622982,2423,固緯,,-0.3186500471468463,-0.3629885807947816,0.0443385336479352,73.56074766527823,73.36832449045578,70.02206663636106,51.73377313899773,8.182317913090184,1.855492626175088,71551.45,5267865.9,76.1,72.0,-0.1288109486135259,-0.0473936441731733,0.0178571428571427,0.0040650406504063,73.8,0.7647260097272724,75.516185256144,73.66999999999989,71.82381474385578,0.6164563519747178,0.0501204087455983,87.49999999999983,54.80769230769268,73.05999999999912,73.1199999999997,2754361.0,2679395.0,-46.15384615384624,16.41249092229357,39.76108295034077,74.925,75.8,,,,0.0,0.0,0.0,0.0,0.0,0.0,,0.0,0.0,0.2815,0.0656,0.0,5.06,0.01,0,False,0,True,True,True,True,0.4962303349547773,False,False,False,False,True,False,False,False,False,True,False,False,False,False,False,False,False,False,-20.0,0.0,2.699055330634278,8.0,0.1240367140284115,False,False,False,False,False,False,False,-1.0,False,6,False,False,404.4507439178887,,3,False,3,False,False,False,False,"macd_golden_cross, ema60_gt_ema120, market_above_ma60, avoid_chase, hist_turn_positive, obv_uptrend",,,53.6,59.2,59.2,44.1,-0.57,False,1528,D
2026-09-21,7.93,8.05,7.93,8.01,15010,120020,2424,隴華,,-0.1144695921859053,-0.164406517639379,0.0499369254534736,8.138174812794913,9.588912096389793,14.42328048755263,45.87556939553067,16.153519812588808,0.4431047861714937,37507.6,303198.3,8.6,7.88,-0.0286344576875547,-0.3601948693851664,0.0037593984962405,-0.0302663438256658,8.26,0.9813328797016664,8.402554007844518,8.078499999999986,7.754445992155453,0.3943077413922165,0.0802262815731962,29.24528301886789,33.01886792452873,8.143999999999869,8.064999999999781,-6039131.0,-6004123.25,-70.7547169811321,-65.37423928728286,53.46448811026102,8.7225,10.425,,,,0.0,0.0,0.0,0.0,0.0,0.0,,0.0,0.0,0.1185,-0.3598,0.0,0.5,-0.06,0,False,0,False,False,False,False,0.4001855623926884,False,False,False,False,True,False,False,False,False,False,False,False,False,False,False,False,True,True,10.0,0.0,7.365792759051184,0.0,-0.1418729680045115,False,False,False,False,False,False,False,-1.0,False,3,False,False,227.2993800078728,,3,True,3,False,True,False,True,"market_above_ma60, avoid_chase, mfi_strong",,close_below_ema20,-123.5,21.5,21.5,44.1,-0.66,False,1528,D
2026-09-21,37.0,38.2,36.9,38.1,884121,33390918,2425,承啟,,-1.0665516570614244,-1.33590271613888,0.2693510590774555,37.73237119186539,39.0812841846558,37.68349456569065,49.10917272035078,26.51879874585428,1.3639644864345686,674594.3,25179816.25,38.3,35.6,-0.1815472949710008,-0.355129308678634,0.0495867768595041,0.0297297297297298,37.0,0.532643528040946,38.65088624629449,37.24000000000005,35.82911375370561,0.8047729759428373,0.0757726233240836,96.61016949152535,68.31450094161907,36.700000000000365,36.875000000000185,49711533.0,49533276.4,-16.17647058823522,58.93484725601496,44.6929353436495,46.5375,42.425,,,,0.0,0.0,0.0,0.0,0.0,0.0,,0.0,0.0,1.1846,0.0384,0.0,6.84,0.66,0,False,0,False,False,False,True,1.3105966059897036,False,False,True,False,True,False,False,False,False,True,False,False,False,False,False,False,False,False,-20.0,-12.0,0.5249343832020885,25.0,0.0118785831584539,False,False,False,False,False,False,False,-1.0,False,5,False,False,381.24850905779846,,3,False,3,False,False,False,False,"ema60_gt_ema120, market_above_ma60, avoid_chase, adx_trending, obv_uptrend",,,30.4,56.1,56.1,44.1,0.17,False,1528,D
2026-09-21,102.0,103.0,99.6,99.8,21381046,2158390432,2426,鼎元,,5.467541515127863,6.45263393241443,-0.9850924172865668,94.16041679259108,81.57166108135726,69.54681158632714,57.673405250558986,29.76860085364583,7.130328673105509,56313484.8,5539293749.5,107.5,90.8,-0.0111175311314472,0.8836389674382961,0.0696677384780277,-0.0215686274509804,102.0,0.8812260590179936,106.57442672254363,98.17999999999984,89.78557327745602,0.5964925928562542,0.1710007480656717,56.09756097560975,51.39372822299689,97.67999999999957,97.18999999999978,602537219.0,626160945.45,-54.90196078431372,57.81584582441117,67.2101005304629,62.6,72.05,,,,0.0,0.0,0.0,0.0,0.0,0.0,,0.0,0.0,0.3857,-0.0083,0.0,8.48,0.43,0,False,0,False,False,True,True,0.3796789716696773,False,True,True,False,False,True,False,False,False,False,False,False,False,False,False,False,True,True,0.0,0.0,7.71543086172345,0.0,-0.2648689215486803,False,False,True,False,False,False,False,-1.0,False,7,False,False,525.6183626581127,,3,False,3,False,False,False,False,"ema60_gt_ema120, rsi_strong, market_above_ma60, liquidity_ok, adx_trending, mfi_strong, above_ichimoku_cloud",,,174.8,74.4,74.4,44.1,-0.68,False,1528,D
2026-09-21,24.4,24.55,23.8,23.8,1734660,41847043,2427,三商電,,0.3042879648305003,0.1114330463484767,0.1928549184820236,22.91507397868049,22.80065845051296,23.14944059364328,60.122265905929936,22.301988171785105,0.6554889997778715,1051148.15,24562370.2,24.35,21.8,0.3171600989415967,-0.140096134733406,0.0438596491228069,0.0,23.8,1.5225086265385035,24.092879009512725,22.707500000000028,21.32212099048733,0.8942964316978704,0.1220195098106524,71.15384615384617,66.764769123259,23.780000000000108,23.09500000000008,-9646821.0,-12030263.95,-27.27272727272728,159.3851132686074,67.90090161636822,23.15,24.25,,,,0.0,0.0,0.0,0.0,0.0,0.0,,0.0,0.0,0.7478,0.0748,0.0,3.26,0.01,0,False,0,False,False,True,False,1.6502526308969865,True,True,True,False,True,False,False,False,False,True,False,False,False,False,False,False,True,True,-10.0,-12.0,2.310924369747902,8.0,0.5679230563012322,False,False,False,False,True,False,False,-1.0,False,7,True,False,504.3176029845847,,5,True,3,False,False,False,False,"volume_break, rsi_strong, market_above_ma60, avoid_chase, adx_trending, obv_uptrend, mfi_strong",open_high_close_low,,153.5,72.6,72.6,44.1,0.49,False,1528,D
2026-09-21,260.5,265.0,258.0,258.5,1000263,260422551,2428,興勤,,1.235422692436913,0.6082837992320292,0.6271388932048837,253.98259391136145,252.8924721878765,240.9253803689328,53.96008314982471,15.942834813990377,9.994578933001504,1354207.8,345585223.0,262.0,248.5,0.0687476069794403,-0.2838298873700711,0.0217391304347827,-0.0057692307692307,260.0,0.7255045387206717,262.5568121629421,253.975,245.3931878370579,0.7636389560901727,0.0675799756900647,68.29268292682927,66.19603153919645,256.0,254.05,72590565.0,71321137.35,-34.88372093023256,124.16666666666669,59.620211662781735,252.5,279.75,,,,0.0,0.0,0.0,0.0,0.0,0.0,,0.0,0.0,0.5121,-0.0372,0.0,14.5,0.12,0,False,0,False,False,True,True,0.7386333175750427,False,False,False,False,True,True,False,False,False,True,False,False,False,False,False,True,True,True,0.0,0.0,1.3539651837524178,15.0,0.2189409351243866,False,False,False,True,False,False,False,-1.0,False,7,True,False,510.0136243972431,,3,True,3,False,False,False,False,"ema60_gt_ema120, market_above_ma60, avoid_chase, liquidity_ok, obv_uptrend, cci_momentum, mfi_strong",long_upper_shadow,,159.2,73.0,73.0,44.1,-0.35,False,1528,D
2026-09-21,31.15,32.05,30.8,32.05,270513,8515090,2429,銘旺科,,-0.8194158053116354,-1.0713326430281125,0.2519168377164771,31.65819753683781,35.30017388799942,41.84137039103569,49.30101861004791,8.555453892518381,1.2730776543411018,205922.5,6590197.5,34.0,30.05,-0.4668754461334557,-0.7537126558437183,0.0508196721311473,0.028892455858748,31.15,0.8830912182749955,34.06205352951803,31.682500000000253,29.302946470482475,0.5772203683256116,0.150212485095416,100.0,83.26330532212887,31.110000000000586,30.830000000000656,94270319.0,94143879.35,-21.153846153846303,-2.815629399421094,26.656031119262494,36.55,40.95,,,,0.0,0.0,0.0,0.0,0.0,0.0,,0.0,0.0,-0.0921,-0.1855,0.0,0.98,0.1,0,False,0,False,False,False,False,1.3136641212106497,False,False,False,False,False,False,False,False,False,True,False,False,False,False,False,False,False,True,-20.0,0.0,6.084243369734798,0.0,0.070962383376747,False,False,False,False,False,False,False,-1.0,False,2,False,False,113.98818981262748,,3,True,3,False,False,False,False,"market_above_ma60, obv_uptrend",,,-236.8,3.3,3.3,44.1,0.18,False,1528,D
2026-09-21,18.0,18.1,18.0,18.1,19291,348188,2430,燦坤,,0.1368265085694595,0.1222332611229348,0.0145932474465246,17.859779556705327,17.943241654481934,18.796973131251576,63.74452987243402,38.59399533890085,0.2324079802988503,50815.95,904911.3,18.1,17.8,0.1125201497314647,-0.0073501016308702,0.0083565459610028,0.0,18.1,0.6684900590052311,18.14856272333243,17.877500000000055,17.60643727666768,0.9104216125046448,0.0303244551343726,100.0,100.0,18.01000000000022,17.980000000000018,-4594396.0,-4709970.0,-0.0,157.02479338842852,75.99962919028623,17.125,18.425,,,,0.0,0.0,0.0,0.0,0.0,0.0,,0.0,0.0,-0.0033,-0.0728,0.0,2.84,-0.02,0,False,0,False,False,True,False,0.379624901236718,False,True,True,False,True,False,False,False,False,True,False,False,False,False,False,False,True,True,-20.0,-25.0,0.0,25.0,0.1614001721116999,False,False,False,False,False,False,False,-1.0,False,6,False,False,410.7330510777076,,5,False,3,False,False,False,False,"rsi_strong, market_above_ma60, avoid_chase, adx_trending, obv_uptrend, mfi_strong",,,59.9,59.9,59.9,44.1,-0.68,False,1528,D
2026-09-21,10.1,10.25,10.05,10.25,96772,986289,2431,聯昌,,-0.0910808102222358,-0.120729907110635,0.0296490968883992,10.102132486898004,10.425432281117342,10.861266361580816,53.45170218805594,28.88250112774249,0.2086674035927153,130931.15,1324351.9,10.4,9.76,-0.196814464739832,-0.2423611773589958,0.0291164658634537,0.0098522167487684,10.15,0.6189645403684978,10.45263117025571,10.109500000000002,9.766368829744296,0.7047322018213827,0.0678829161196315,100.0,85.0,9.996000000000096,9.989000000000033,27762904.0,27863918.0,-15.38461538461532,32.565352237483864,35.370178284388004,10.5,11.075,,,,0.0,0.0,0.0,0.0,0.0,0.0,,0.0,0.0,-0.4732,0.2346,0.0,1.03,-0.07,0,False,0,False,False,False,False,0.7391060110600114,False,False,True,False,True,False,False,False,False,False,False,False,False,False,False,False,False,True,-20.0,0.0,1.4634146341463448,15.0,-0.0768683564248977,False,False,False,False,False,False,False,-1.0,False,3,False,False,176.46863983350133,,5,False,3,False,False,False,False,"market_above_ma60, avoid_chase, adx_trending",,,-174.3,11.7,11.7,44.1,-0.35,False,1528,D
2026-09-21,27.35,27.45,27.35,27.45,10000,273900,2432,倚天,,-0.1435725840888224,-0.1630605156178115,0.019487931528989,27.49163525152965,27.71922645944436,27.596492624652704,47.89764747056645,10.817691824396626,0.3288082489685975,20293.1,557178.35,28.0,27.05,-0.0788425400830618,-0.0757446219457469,0.0054945054945054,0.0,27.45,0.827488183955491,28.099898365606627,27.4849999999999,26.870101634393173,0.4715400121730965,0.044744287109822,47.05882352941172,42.41977492751539,27.3,27.414999999999964,409399.0,442802.4,-54.16666666666672,-15.422885572139108,38.69949548495425,28.4,29.375,,,,0.0,0.0,0.0,0.0,0.0,0.0,,0.0,0.0,0.8044,-0.0915,0.0,0.89,0.01,0,False,0,False,False,False,True,0.4927783335222317,False,False,False,False,True,False,False,False,False,False,False,False,False,False,False,False,False,False,0.0,0.0,2.003642987249547,8.0,-0.2546559490856781,False,False,False,False,False,False,False,-1.0,False,3,False,False,199.8719119461942,,3,False,3,False,True,False,True,"ema60_gt_ema120, market_above_ma60, avoid_chase",,close_below_ema20,-150.9,16.1,16.1,44.1,-0.57,False,1528,D
2026-09-21,63.0,63.8,60.7,60.7,372420,22957348,2434,統懋,,1.2460450643998655,1.4930255971488036,-0.246980532748938,60.14881975484504,55.85676884331062,49.329585872346016,52.01515049177744,18.79276307208352,4.328860339085033,1025735.1,63679845.9,68.2,59.3,0.4909433784387763,0.0254867845711477,-0.0097879282218595,-0.0209677419354837,62.0,0.3908039784484843,69.56963523383664,60.65999999999995,51.75036476616325,0.5022447608095194,0.2937565194143323,33.783783783783825,35.607294041029185,60.7,60.91000000000004,4685651.0,5747884.3,-81.203007518797,15.1062823210818,29.47273534405872,62.225,61.45,,,,0.0,0.0,0.0,0.0,0.0,0.0,,0.0,0.0,0.8426,0.5176,0.0,1.28,-0.06,0,False,0,False,False,True,True,0.3630761977434525,False,False,False,False,True,True,False,False,False,False,False,False,False,False,False,False,False,False,0.0,0.0,12.355848434925864,0.0,-0.356797734360737,False,False,False,False,False,False,False,-1.0,False,4,False,False,249.34918916510568,,3,False,3,False,False,False,False,"ema60_gt_ema120, market_above_ma60, avoid_chase, liquidity_ok",,,-101.5,26.3,26.3,44.1,-0.69,False,1528,D
2026-09-21,40.6,40.6,40.0,40.35,36103,1450904,2433,互盛電,,-0.3938485180400874,-0.3138127438813226,-0.0800357741587648,41.05883933841091,41.94884259624831,43.12758955766022,30.553092852054192,23.30395094879172,0.3811676329699947,30073.45,1232918.85,41.75,40.25,-0.2003600227229967,-0.0810990635202576,-0.0122399020807834,-0.0098159509202453,40.75,0.8721718696448572,42.262544116734624,41.20000000000009,40.13745588326555,0.1000166079633711,0.0515798114919676,21.87500000000007,27.678571428571257,40.37999999999992,40.775,-2485922.0,-2289309.25,-79.99999999999991,-129.21901946292468,24.519617519040736,41.95,43.5,,,,0.0,0.0,0.0,0.0,0.0,0.0,,0.0,0.0,0.0203,-0.0281,0.0,0.99,-0.03,0,False,0,False,False,False,False,1.2004941235541648,False,False,True,False,True,False,False,False,False,False,False,False,False,False,False,False,False,False,10.0,12.0,3.46964064436183,8.0,-2.0,False,False,False,False,False,False,False,-1.0,False,3,False,False,213.00494123554165,,5,False,3,False,True,False,True,"market_above_ma60, avoid_chase, adx_trending",,close_below_ema20,-137.8,18.9,18.9,44.1,0.07,False,1528,D
2026-09-21,68.1,70.2,67.4,70.0,8568018,595890495,2436,偉詮電,,1.0127881536656105,0.9433089769430648,0.0694791767225455,67.15060148985208,66.18941464906462,65.10470996480254,57.98820379268471,16.887979657570682,2.78509815770606,6041814.25,411136846.6,71.7,66.3,0.2635976566859761,0.058460753976036,0.0309278350515462,0.0309278350515462,67.9,0.4061405510627627,70.83172983754237,67.16000000000022,63.48827016245807,0.8867386934302433,0.1093427587117967,91.66666666666656,49.9249249249248,67.96000000000022,67.91000000000022,189704954.0,180215761.95,-33.70786516853931,99.7150997151008,54.52067595640583,62.97500000000001,65.55000000000001,,,,0.0,0.0,0.0,0.0,0.0,0.0,,0.0,0.0,0.3215,0.0627,0.0,12.31,1.15,0,False,0,True,True,True,True,1.4181200621982049,False,True,False,False,True,True,False,False,False,True,False,False,False,False,False,False,True,True,-20.0,-12.0,2.428571428571433,8.0,0.467051180811408,False,False,True,False,False,False,False,-1.0,False,10,False,False,710.785814791719,,3,False,3,False,False,False,False,"macd_golden_cross, ema60_gt_ema120, rsi_strong, market_above_ma60, avoid_chase, liquidity_ok, hist_turn_positive, obv_uptrend, mfi_strong, above_ichimoku_cloud",,,360.0,90.9,90.9,44.1,0.27,False,1528,D
2026-09-21,21.1,21.3,20.0,20.7,189467,3919118,2438,翔耀,,0.39464576751093,0.3500664498136635,0.0445793176972665,19.611939948093525,19.53866071223066,20.333587076346745,57.76248568335953,20.01132328770157,0.9784269974185184,196468.9,4117950.55,22.05,19.0,0.547804398219348,,0.0894736842105263,-0.0095693779904305,20.9,1.4697893562500166,22.099352088886768,19.56749999999997,17.03564791111318,0.7236505056853387,0.258781355705818,78.57142857142853,64.98388829215885,19.96999999999989,19.809999999999945,911049.0,1136660.35,-50.54945054945056,72.20971373431959,76.92191087555695,18.325,13.675,,,,0.0,0.0,0.0,0.0,0.0,0.0,,0.0,0.0,1.2696,-0.5116,0.0,0.69,0.02,0,False,0,False,False,True,False,0.964361280589447,False,True,True,False,False,False,False,False,False,False,False,False,False,False,False,False,True,True,-10.0,0.0,6.521739130434789,0.0,-0.3813277096402726,False,False,True,False,False,False,False,-1.0,False,5,False,False,375.0676802902112,,3,False,3,False,False,False,False,"rsi_strong, market_above_ma60, adx_trending, mfi_strong, above_ichimoku_cloud",,,24.3,54.8,54.8,44.1,-0.14,False,1528,D
2026-09-21,78.8,78.9,78.2,78.6,629039,49462345,2439,美律,,-0.8488728301339847,-1.2199902139747874,0.3711173838408026,78.35795350716157,81.44948020298355,85.16609659165098,48.79766106346977,31.465337985823485,1.480129759952716,1332526.25,103877225.75,82.4,74.9,-0.1783869939030327,-0.2654316863873168,0.0168175937904269,0.0051150895140663,78.2,0.771498394113733,81.52227994183316,78.09999999999964,74.67772005816612,0.5730507159698448,0.0876384108023953,85.71428571428564,87.75510204081668,78.13999999999942,77.26999999999971,-23018286.0,-21881665.3,-14.285714285714368,26.54238792720899,44.09784117427333,82.65,87.1,,,,0.0,0.0,0.0,0.0,0.0,0.0,,0.0,0.0,-0.067,0.1288,0.0,9.99,0.67,0,False,0,False,False,False,False,0.4720649968434017,False,False,True,False,True,True,False,False,False,False,False,False,False,False,False,False,False,True,-20.0,0.0,4.834605597964392,0.0,-0.1501723291365075,False,False,False,False,False,False,False,-1.0,False,4,False,False,257.9185820187959,,5,True,3,False,False,False,False,"market_above_ma60, avoid_chase, liquidity_ok, adx_trending",,,-92.9,28.3,28.3,44.1,-0.59,False,1528,D
2026-09-21,14.3,14.5,14.2,14.4,409475,5883361,2440,太空梭,,-0.1526126082538503,-0.232065311782592,0.0794527035287417,14.246352506321797,14.942031133243818,15.291745002833546,50.98724250520711,16.51659288217496,0.3992294399685082,230100.6,3267609.85,14.45,13.8,-0.0170474390969249,-0.3697233579479261,0.032258064516129,0.0034843205574912,14.35,0.9046587327085408,14.526411325786151,14.182499999999958,13.838588674213764,0.8162152329569672,0.0484979835411522,88.2352941176471,71.6339869281049,14.139999999999963,14.134999999999945,3105008.0,2578070.45,-54.54545454545456,94.38870308435509,45.83133346306048,15.2375,18.2,,,,0.0,0.0,0.0,0.0,0.0,0.0,,0.0,0.0,0.4529,-0.0122,0.0,0.59,0.09,0,False,0,False,False,False,False,1.7795477282545114,True,False,False,False,True,False,False,False,False,True,False,False,False,False,False,False,False,True,-20.0,-12.0,0.3472222222222148,25.0,0.2297459836367233,False,False,False,False,False,False,False,-1.0,False,4,False,False,293.5524290861858,,3,False,3,False,False,False,False,"volume_break, market_above_ma60, avoid_chase, obv_uptrend",,,-57.3,37.8,37.8,44.1,0.6,False,1528,D
2026-09-21,14.75,14.8,14.25,14.7,791676,11545853,2442,新美齊,,-1.3391221634378423,-1.041776267217415,-0.2973458962204276,16.500252300434532,18.12888606586764,19.11647643976685,21.97115374933574,41.32778651548821,0.4888887100944736,1727919.45,30385448.25,19.7,14.15,-2.1582272641930635,-0.3575690953303519,0.0068493150684931,0.0068493150684931,14.6,0.8874234961979929,21.77663296054824,17.192499999999974,12.60836703945171,0.2281383391962227,0.5332712474100068,33.33333333333327,21.82098765432117,14.439999999999964,14.95,-48306891.0,-47616600.95,-87.96296296296299,-78.04272230501728,41.602260828216494,19.25,19.575,,,,0.0,0.0,0.0,0.0,0.0,0.0,,0.0,0.0,0.1987,-0.4877,0.0,1.29,0.2,0,False,0,False,False,False,False,0.4581671906060204,False,False,True,False,True,False,False,False,False,False,False,False,False,False,False,False,False,False,0.0,0.0,34.01360544217687,0.0,-0.3209459398275681,False,False,False,False,False,False,False,-1.0,False,3,False,False,245.73032062812936,,8,False,3,False,True,False,True,"market_above_ma60, avoid_chase, adx_trending",,close_below_ema20,-105.1,25.3,25.3,44.1,-0.61,False,1528,D
2026-09-21,125.0,129.0,125.0,127.5,6951031,884308924,2441,超豐,,0.7493814190244592,-0.6626184794689165,1.4119998984933757,117.763072296684,118.26127403745208,113.60451009208566,62.556842207005324,13.73269532851615,5.348449006453261,4055952.8,477911581.55,123.5,111.5,0.1761011199401094,-0.2798364190865847,0.1184210526315789,0.0323886639676114,123.5,1.6398950800383436,123.84170569856632,116.725,109.60829430143367,1.2570216091815247,0.1219396992686454,92.3076923076923,87.96729840208111,120.2,117.05,434235849.0,410816534.95,-7.6923076923076925,301.1224987798931,62.531467128614544,120.625,124.0,,,,0.0,0.0,0.0,0.0,0.0,0.0,,0.0,0.0,0.4198,0.0225,0.0,10.75,1.18,0,False,0,False,False,True,True,1.713784982902168,True,True,False,True,False,True,False,False,False,True,False,False,True,True,False,False,True,True,-20.0,-25.0,-3.1372549019607843,25.0,2.0,False,False,True,False,False,False,False,-1.0,False,11,False,False,821.1378498290217,,3,False,3,False,False,False,False,"ema60_gt_ema120, volume_break, rsi_strong, breakout_20d, market_above_ma60, liquidity_ok, obv_uptrend, bb_squeeze_breakout, breakout_volume_confirm, mfi_strong, above_ichimoku_cloud",,,470.3,96.9,96.9,44.1,0.54,False,1528,D
2026-09-21,97.0,97.8,95.5,97.4,4476894,434058252,1785,光洋科,,-3.1390650333073467,-3.3475768999304045,0.2085118666230578,99.358875638737,108.75338987579228,110.50542792758148,41.775582971599,28.26206450928953,3.5084297900930195,3675476.0,366123595.2,103.5,93.8,-0.4913758563869438,-0.625934602917203,0.0241850683491062,0.006198347107438,96.8,1.364446838271494,106.15385020663,99.675,93.19614979337,0.3244287236590285,0.1299995025157762,45.882352941176535,33.706816059756726,95.74000000000017,96.95,364157886.0,360910987.0,-66.08695652173908,-66.8908819133032,40.50861291118319,114.9,125.05,,,,-146923.0,0.0,0.0,0.0,236.0,3.0,,0.0,0.0,0.3071,-0.1417,0.0,0.0,0.0,0,False,0,False,False,False,False,1.2180446831920546,False,False,True,False,True,True,False,False,False,True,False,True,False,False,False,False,False,False,0.0,0.0,6.262833675564676,0.0,0.1000013335785009,False,False,False,False,False,False,False,-1.0,False,6,False,False,453.38046283486256,,3,False,3,False,True,False,True,"market_above_ma60, avoid_chase, liquidity_ok, adx_trending, obv_uptrend, dealer_buy_3d",,close_below_ema20,102.6,67.1,67.1,44.1,0.09,False,1528,D
2026-09-21,65.9,69.3,65.8,68.5,235744,15850371,1595,川寶,,0.3519226581313148,0.3105086672139358,0.041413990917379,64.81275670691052,65.18090959746708,63.418228842678026,59.105044462024935,17.623506043113295,3.1606190051928524,389331.65,26285079.85,73.0,61.7,-0.1652522041658812,-0.0701880256555867,0.1084142394822007,0.0426179604261796,65.7,1.5021248712322688,71.33061951276395,65.59999999999982,59.8693804872357,0.7530267446251533,0.174714009535492,90.1234567901235,61.00606454407595,64.72000000000007,64.07999999999974,25425459.0,26006570.3,-47.10144927536233,72.2726023632869,71.38950395266652,62.150000000000006,67.3,,,,26000.0,2.0,0.0,0.0,1866.0,2.0,,0.0,0.0,0.3561,-0.216,0.0,0.0,0.0,0,False,0,True,True,True,True,0.6055094673140495,False,True,False,False,False,False,False,False,False,False,False,False,False,False,False,False,True,True,-20.0,0.0,6.569343065693431,0.0,-0.2454018014283573,True,False,True,False,False,False,False,-1.0,False,7,False,False,503.1102730560002,,3,False,3,False,False,False,False,"macd_golden_cross, ema60_gt_ema120, rsi_strong, market_above_ma60, hist_turn_positive, mfi_strong, above_ichimoku_cloud",,,152.3,72.5,72.5,44.1,-0.47,False,1528,D
2026-09-21,121.5,124.5,120.0,121.0,66579392,8142390152,1815,富喬,,4.5900966676804416,6.698490514322919,-2.1083938466424774,117.64448607043408,107.02071561372335,102.01711993077352,55.02485933687318,33.7122567071133,8.718844371543016,74973038.3,9280901283.85,135.0,112.0,-0.0457773768285917,0.7018085348069122,0.0083333333333333,0.0125523012552302,119.5,1.2900306252551843,135.37725312802328,122.2,109.02274687197672,0.4544669898824348,0.2156669906386789,41.66666666666666,24.271402550090595,117.1,122.0,3461935035.0,3288065900.35,-67.21311475409836,-6.080280311228002,52.49063322923696,81.60000000000001,88.8,,,,-653497.0,0.0,1185000.0,1.0,88664.0,2.0,,0.0,0.0,0.7921,0.0679,0.0,0.0,0.0,0,False,0,False,False,True,True,0.8880444691808629,False,True,True,False,True,True,False,False,False,True,False,False,False,False,False,False,True,False,0.0,0.0,11.570247933884298,0.0,0.6244876398002407,False,False,True,True,False,False,False,-1.0,False,9,True,False,651.3742963694115,,8,False,3,False,False,False,False,"ema60_gt_ema120, rsi_strong, market_above_ma60, avoid_chase, liquidity_ok, adx_trending, obv_uptrend, mfi_strong, above_ichimoku_cloud",long_upper_shadow,,300.6,85.9,85.9,44.1,-0.21,False,1528,D
2026-09-21,47.2,47.8,46.8,47.5,26002,1222945,1583,程泰,,-0.6805231690592706,-0.5667929244653698,-0.1137302445939008,48.09545156008022,48.940273734615616,48.87339828610211,43.92664006172453,8.880201044450295,1.0937361714179767,21780.05,1057551.25,51.5,46.3,-0.2965715972045849,-0.0662115796620663,0.0063559322033897,0.0042283298097252,47.3,0.974010265703139,50.36684499906904,48.22499999999982,46.0831550009306,0.33075339244556,0.0888271642952505,43.939393939393966,29.79797979797998,46.95999999999985,47.54499999999989,390669.0,378753.85,-56.060606060606034,-80.12965475652005,35.094274432496135,49.5,52.975,,,,0.0,0.0,0.0,0.0,0.0,0.0,,0.0,0.0,-0.1014,-0.2374,0.0,0.42,-0.02,0,False,0,False,False,False,True,1.1938448258842382,False,False,False,False,True,False,False,False,False,True,False,False,False,False,False,False,False,False,0.0,0.0,8.421052631578947,0.0,0.0640673694073172,False,False,False,False,False,False,False,-1.0,False,4,False,False,207.70725669173007,,3,False,3,False,True,False,True,"ema60_gt_ema120, market_above_ma60, avoid_chase, obv_uptrend",,close_below_ema20,-143.1,18.0,18.0,44.1,0.07,False,1528,D
2026-09-21,23.5,24.0,23.4,23.95,77454,1843366,1587,吉茂,,-0.2376932538150882,-0.2881648288006084,0.0504715749855202,23.876418728714093,25.25971396612171,28.23212292976421,48.36006175293119,11.890228784313097,0.4872388857909433,122093.15,2918403.15,24.3,23.25,-0.1578174330982421,-0.2533047190261394,0.0191489361702126,0.0084210526315788,23.75,0.686248282030808,24.474568805277936,23.89499999999989,23.31543119472184,0.5474490685999945,0.0485096300713998,94.11764705882344,64.14846875204906,23.63000000000029,23.655000000000108,1321622.0,1661405.8,-38.46153846153844,-29.166666666666828,41.4251802528549,24.7875,27.15,,,,0.0,0.0,0.0,0.0,0.0,0.0,,0.0,0.0,-0.0196,-0.1116,0.0,20.63,-0.34,0,False,0,False,False,False,False,0.6343844843056307,False,False,False,False,True,False,False,False,False,False,False,False,False,False,False,False,False,False,-20.0,0.0,1.4613778705636804,15.0,-0.2683212205210649,False,False,False,False,False,False,False,-1.0,False,2,False,False,88.12399019680352,,3,False,3,False,False,False,False,"market_above_ma60, avoid_chase",,,-262.7,1.8,1.8,44.1,-0.44,False,1528,D
2026-04-02,5.54,5.54,5.54,5.54,8432214,46714700,1589,永冠-KY,,-1.647482361372986,-1.7462130112429566,0.0987306498699707,8.060332398353037,11.926017164627096,14.97195061460349,24.034755571779428,38.86876079075408,0.6867595542412901,2095284.55,14583299.7,8.77,6.15,-0.7335134465899766,-2.04189283507529,-0.2767624020887729,-0.0991869918699187,6.15,1.123162066389619,8.983092366489211,7.3875,5.791907633510788,-0.0789385932150895,0.4319708606400573,0.0,4.477701538590736,6.465999999999985,7.085999999999967,-13085365.0,-1408873.95,-100.0,-181.9945965387737,20.13410560593421,16.6625,17.125,73624.87466666671,True,-0.0228127295812279,1521952.0,9.0,0.0,0.0,0.0,0.0,-0.2539496725075449,0.0,0.0,-0.0959,-0.1232,0.0,2.04,0.0,0,False,1,False,False,False,False,4.024376545896833,True,False,True,False,True,False,True,False,False,False,False,False,False,False,False,False,False,False,20.0,25.0,58.30324909747292,0.0,-2.0,True,False,False,False,False,False,False,-1.0,False,5,False,False,436.2437654589683,58.6,8,False,3,False,True,True,True,"volume_break, market_above_ma60, avoid_chase, foreign_buy_3d, adx_trending",,"close_below_ema20, close_below_swing_low",85.4,65.0,65.0,44.1,2.66,False,1528,X
2026-09-21,1240.0,1255.0,1225.0,1240.0,916473,1141321140,1590,亞德客-KY,,-53.067482966679336,-39.52475463361348,-13.542728333065853,1324.9464589213858,1366.7266374976532,1322.2163064327056,33.27791582517861,25.41056900936762,55.8966137959133,717726.95,954601567.55,1480.0,1220.0,-1.047330578862449,-0.0477753281384903,-0.0236220472440944,0.0163934426229508,1220.0,2.0722567816269453,1514.9096139468716,1349.0,1183.0903860531284,0.1715078849050165,0.2459742237907658,18.181818181818183,8.69218500797433,1245.0,1275.0,28809411.0,31232775.7,-91.83673469387756,-98.7080103359174,15.192292096761037,1466.25,1420.0,,,,0.0,0.0,0.0,0.0,0.0,0.0,,0.0,0.0,0.4333,-0.0718,0.0,80.4,-0.32,0,False,0,False,False,False,True,1.2769103905043555,False,False,True,False,True,True,False,False,True,False,False,False,False,False,False,False,False,False,20.0,12.0,19.35483870967742,0.0,-1.5949367958206084,False,False,False,False,False,False,False,-1.0,False,6,False,False,455.6298623551962,,3,False,3,False,True,False,True,"ema60_gt_ema120, market_above_ma60, avoid_chase, liquidity_ok, adx_trending, kd_golden_cross",,close_below_ema20,104.8,67.3,67.3,44.1,0.14,False,1528,D
2026-09-21,139.5,140.5,137.5,138.0,632362,88003378,1597,直得,,-0.3496452480266612,0.9237983868089406,-1.2734436348356015,141.2726611394554,140.5379979506218,134.12460321718228,47.29745450135764,9.574042657831306,8.351294374168756,2922989.35,430823673.9,155.0,133.5,-0.1108667029178818,0.0955285737092909,0.0,-0.0036101083032491,138.5,0.2190624184040464,156.77188033762116,143.05,129.32811966237887,0.3159873182192649,0.1918473308300754,23.80952380952381,22.043010752688133,137.3,141.4,51707375.0,54817207.25,-83.87096774193549,-53.97604271900684,61.67411714614401,134.625,141.75,,,,0.0,0.0,0.0,0.0,0.0,0.0,,0.0,0.0,0.4523,-0.0256,0.0,4.82,-0.62,0,False,0,False,False,False,True,0.2163408498221178,False,False,False,False,True,True,False,False,False,False,False,False,False,False,False,False,True,False,10.0,0.0,12.318840579710146,0.0,-0.8805088626697111,False,False,False,False,False,False,False,-1.0,False,5,False,False,321.5973021461847,,3,False,3,False,True,False,True,"ema60_gt_ema120, market_above_ma60, avoid_chase, liquidity_ok, mfi_strong",,close_below_ema20,-29.2,43.2,43.2,44.1,-0.83,False,1528,X
2026-09-21,20.15,21.05,20.15,20.85,329897,6857989,1598,岱宇,,0.0454644776619375,0.060967345348614,-0.0155028676866765,20.380375874296497,20.24865679592996,20.27096802536131,56.824739999397714,17.561838382319856,0.5144155261893699,180074.1,3701630.0,21.1,20.0,-0.022490105549563,0.1131376894341966,0.0220588235294119,0.0424999999999999,20.0,0.76194861150423,21.024558967210503,20.422500000000035,19.820441032789564,0.855031669057857,0.0589603591343342,53.12500000000004,23.95833333333333,20.280000000000108,20.48000000000011,7544778.0,7025026.3,-39.47368421052627,74.07407407407436,67.19641868644146,20.25,20.275,,,,0.0,0.0,0.0,0.0,0.0,0.0,,0.0,0.0,0.2384,0.0304,0.0,1.98,-0.06,0,False,0,False,False,True,False,1.832006934922901,True,True,False,False,True,False,False,False,True,True,False,False,False,False,True,False,True,False,0.0,-12.0,1.1990407673860912,15.0,0.2305513443090918,False,False,True,False,False,False,False,-1.0,False,9,False,False,654.0866854809382,,3,False,3,False,False,False,False,"volume_break, rsi_strong, market_above_ma60, avoid_chase, kd_golden_cross, obv_uptrend, williams_r_recovery, mfi_strong, above_ichimoku_cloud",,,303.3,86.3,86.3,44.1,0.65,False,1528,D
2026-09-21,23.55,23.6,23.5,23.55,121786,2868575,1604,聲寶,,0.0559389419689111,0.052923902588201,0.00301503938071,23.43106909948744,23.387936977473185,23.533626754073016,59.51006553461268,13.241396875586757,0.1618846788239543,199496.25,4671553.3,23.65,23.35,0.0493121114271852,0.0018631560926335,0.0064102564102566,0.0,23.55,0.7106690764140403,23.680037875907257,23.432500000000022,23.184962124092795,0.7373374166869117,0.0211277393284737,71.42857142857186,61.30952380952416,23.460000000000218,23.49000000000005,-1633249.0,-1804919.75,-37.49999999999978,76.2607626076256,60.41887434088879,23.2375,23.475,,,,0.0,0.0,0.0,0.0,0.0,0.0,,0.0,0.0,0.034,-0.1168,0.0,8.39,-0.04,0,False,0,True,True,True,False,0.6104676153060521,False,True,False,False,True,False,False,False,False,True,False,False,False,False,False,False,True,False,-10.0,0.0,0.4246284501061481,25.0,0.1467382626558672,False,False,True,False,False,False,False,-1.0,False,8,False,False,562.8655353049309,,3,False,3,False,False,False,False,"macd_golden_cross, rsi_strong, market_above_ma60, avoid_chase, hist_turn_positive, obv_uptrend, mfi_strong, above_ichimoku_cloud",,,212.1,77.7,77.7,44.1,-0.47,False,1528,D
2026-09-21,30.3,30.4,30.0,30.1,69760,2105131,1603,華電,,-0.0476432807690834,-0.0052861051070597,-0.0423571756620236,30.231674856811,30.495136145227853,31.570578788953565,47.38871358762192,12.250183074174029,0.4576470042731572,130257.55,3956183.2,31.1,29.85,-0.1779116731335157,-0.0272918033481603,0.0,-0.0066006600660065,30.3,0.8176386231501936,31.130626864879908,30.397499999999944,29.66437313511998,0.2971019653954074,0.0482359973603069,53.33333333333362,62.77777777777798,30.090000000000146,30.110000000000035,-587515.0,-414263.05,-59.99999999999979,-46.65959703075212,36.07356797717384,29.825,30.950000000000003,,,,0.0,0.0,0.0,0.0,0.0,0.0,,0.0,0.0,0.205,-0.1294,0.0,2.26,0.02,0,False,0,False,False,False,False,0.5355543690173813,False,False,False,False,True,False,False,False,False,False,False,False,False,False,False,False,False,False,0.0,0.0,3.322259136212624,8.0,-0.1886629471237412,False,False,False,False,False,False,False,-1.0,False,2,False,False,141.09158832468893,,3,False,3,False,True,False,True,"market_above_ma60, avoid_chase",,close_below_ema20,-209.7,6.4,6.4,44.1,-0.53,False,1528,D
2026-09-21,37.2,37.7,36.85,37.1,13068814,486982284,1605,華新,,0.0361908163791682,0.2762722781241667,-0.2400814617449985,37.39289130636521,36.628796396879935,35.604277477269854,48.56768334704287,14.678945437785158,1.1445941179485493,17729030.5,676781074.8,39.4,36.35,-0.3406828912939364,0.2361368139741524,0.0027027027027026,0.0,37.1,1.6914677849845077,39.644676439788725,37.94500000000007,36.24532356021142,0.2514232767428542,0.0895863191349927,35.294117647058805,35.25780682643441,36.89000000000014,37.31000000000004,1508564564.0,1551856636.8,-70.49180327868855,-72.28535353535378,41.41714868251516,35.675,36.175,,,,0.0,0.0,0.0,0.0,0.0,0.0,,0.0,0.0,0.1497,-0.0818,0.0,18.17,-0.05,0,False,0,False,False,True,True,0.7371420563577913,False,False,False,False,True,True,False,False,False,False,False,False,False,False,False,False,False,False,0.0,0.0,6.199460916442041,0.0,-0.6142799526118587,False,False,True,True,False,False,False,-1.0,False,5,True,False,330.0000611322356,,3,False,3,False,True,False,True,"ema60_gt_ema120, market_above_ma60, avoid_chase, liquidity_ok, above_ichimoku_cloud",long_upper_shadow,close_below_ema20,-20.8,45.0,45.0,44.1,-0.35,False,1528,D
2026-09-21,35.8,36.0,35.7,35.85,1103345,39558493,1608,華榮,,0.1631373120615791,0.3934030414793513,-0.2302657294177721,36.100479337722426,35.15943590325124,34.57308572121622,49.28682551421986,15.967419217623805,0.875596424124589,2922318.6,108720826.5,38.2,35.4,-0.2853163776050124,0.2644024878784453,-0.0041666666666666,0.0013966480446927,35.8,0.5020319063499558,38.12299158609601,36.62250000000013,35.12200841390425,0.2425843612991892,0.0819437005172163,23.25581395348839,26.356589147286893,35.82999999999993,36.14500000000008,131531020.0,133729437.7,-76.74418604651162,-89.9365206197011,31.642981116807235,34.5875,33.05,,,,0.0,0.0,0.0,0.0,0.0,0.0,,0.0,0.0,0.179,-0.069,0.0,5.1,-0.03,0,False,0,False,False,True,True,0.3775580800806592,False,False,False,False,True,True,False,False,False,False,False,False,False,False,False,False,False,False,10.0,0.0,6.555090655509069,0.0,-0.1416046232084229,False,False,True,True,False,False,False,-1.0,False,5,True,False,342.07632532230554,,3,False,3,False,True,False,True,"ema60_gt_ema120, market_above_ma60, avoid_chase, liquidity_ok, above_ichimoku_cloud",long_upper_shadow,close_below_ema20,-8.7,48.2,48.2,44.1,-0.68,False,1528,D
2026-09-21,38.0,38.25,37.85,37.95,2694678,102379057,1609,大亞,,0.1631388241583025,0.1450488823372416,0.0180899418210608,37.52103226066426,37.24805244433191,37.14015410755824,55.43335240327895,10.858683645769306,0.7695847669646947,3086853.6,116440086.05,38.1,37.2,0.0088170534288103,-0.0451856907303736,0.0174262734584451,-0.0013157894736841,38.0,1.0706739196585324,38.248483105304445,37.59000000000015,36.93151689469585,0.7733555326628264,0.0350350149137694,69.5652173913048,65.11003757380604,37.62000000000008,37.67000000000007,334859621.0,330926548.0,-21.874999999999723,109.41906373378497,52.90402127269432,36.4875,38.375,,,,0.0,0.0,0.0,0.0,0.0,0.0,,0.0,0.0,0.3484,0.1663,0.0,13.63,0.23,0,False,0,False,False,True,True,0.8729529641444609,False,True,False,False,True,True,False,False,False,True,False,False,False,False,False,True,True,False,0.0,0.0,0.3952569169960436,25.0,0.2699766519078527,False,False,False,True,False,False,False,-1.0,False,8,True,False,566.9692494643389,,3,False,3,False,False,False,False,"ema60_gt_ema120, rsi_strong, market_above_ma60, avoid_chase, liquidity_ok, obv_uptrend, cci_momentum, mfi_strong",long_upper_shadow,,216.2,78.0,78.0,44.1,-0.23,False,1528,D
2026-09-21,35.05,35.25,34.85,35.0,209129,7325592,1612,宏泰,,0.2880448304840968,0.3444224872847607,-0.0563776568006639,34.68646693162865,34.414047198934924,34.764182371998395,57.628945397857954,19.47293069407057,0.4978255498562374,523806.1,18342223.4,35.5,34.5,-0.016477192060478,0.1105537013084344,0.0086455331412103,-0.0014265335235377,35.05,0.7901653000979069,35.36132669095862,34.882500000000164,34.40367330904171,0.6226957500684007,0.0274536911608086,62.50000000000022,62.5,34.87000000000008,34.86000000000022,54427795.0,53039660.7,-37.49999999999978,47.40061162079391,58.10764531069737,32.2875,35.8,,,,0.0,0.0,0.0,0.0,0.0,0.0,,0.0,0.0,0.196,-0.0835,0.0,15.77,-0.04,0,False,0,False,False,True,False,0.3992488823631492,False,True,False,False,True,False,False,False,False,True,False,False,False,False,False,False,True,True,0.0,0.0,1.4285714285714286,15.0,0.2865172463659178,False,False,False,True,False,False,False,-1.0,False,5,True,False,372.4306957800225,,3,False,3,False,False,False,False,"rsi_strong, market_above_ma60, avoid_chase, obv_uptrend, mfi_strong",long_upper_shadow,,21.6,54.4,54.4,44.1,-0.66,False,1528,D
2026-09-21,11.1,11.4,11.05,11.35,3186347,35861133,1611,中電,,-0.1972390975237896,-0.1667554240651214,-0.0304836734586682,11.609064521965855,11.982584634094032,12.236998195404718,40.06283127484343,18.411221624441605,0.223256933998913,1039418.4,11845469.3,12.2,11.1,-0.3319582070108255,-0.2405206574587003,-0.0087336244541484,0.0225225225225225,11.1,9.90132337889228,12.136559965114198,11.654999999999996,11.173440034885791,0.1833208508854499,0.0826357726493698,39.99999999999986,26.666666666666668,11.330000000000018,11.470000000000027,-8863018.0,-3579929.65,-60.00000000000014,-142.0083184789079,12.58592581581577,12.0875,13.075,,,,0.0,0.0,0.0,0.0,0.0,0.0,,0.0,0.0,0.0009,-0.0857,0.0,8.36,-1.12,0,False,0,False,False,False,False,3.065509519554397,True,False,False,False,True,False,False,False,True,False,False,False,False,False,False,False,False,False,0.0,12.0,7.488986784140966,0.0,-2.0,False,False,False,False,False,False,False,-1.0,False,4,False,False,253.655095195544,,3,False,3,False,True,False,True,"volume_break, market_above_ma60, avoid_chase, kd_golden_cross",,close_below_ema20,-97.1,27.7,27.7,44.1,1.78,False,1528,D
2026-09-21,31.05,31.55,31.05,31.2,94778,2959333,1614,三洋電,,0.0423608905938088,-0.0222722489906401,0.064633139584449,30.924560926708303,31.12607415794148,31.66856613002632,58.42799513477711,21.27726040117055,0.3414665633890812,59490.05,1839475.65,31.2,30.6,0.073847192255146,-0.0687358667989695,0.0064516129032257,0.0,31.2,1.3593404954804629,31.25149266494629,30.842500000000108,30.433507335053925,0.9370494028871312,0.0265213692110679,68.18181818181809,64.39393939393933,31.04000000000051,30.965000000000327,-3249104.0,-3399487.6,-31.818181818181905,168.7303945847731,70.36675513960087,31.200000000000003,32.2,,,,0.0,0.0,0.0,0.0,0.0,0.0,,0.0,0.0,-0.031,-0.2087,0.0,2.34,0.02,0,False,0,False,False,True,False,1.5931739845570814,True,True,True,False,True,False,False,False,False,True,False,False,False,False,False,False,True,True,0.0,-25.0,0.0,25.0,0.792510122583751,False,False,False,True,False,False,False,-1.0,False,7,True,False,480.4418613165758,,5,False,3,False,False,False,False,"volume_break, rsi_strong, market_above_ma60, avoid_chase, adx_trending, obv_uptrend, mfi_strong",long_upper_shadow,,129.6,70.0,70.0,44.1,0.43,False,1528,D
2026-09-21,43.1,43.1,42.5,43.0,92055,3940226,1615,大山,,-0.2514900409236631,-0.1136867494611024,-0.1378032914625606,43.53915217160127,43.954043771108665,44.6814499801632,40.70499484491402,14.210283360797078,0.6530728348307071,87308.05,3839592.05,45.0,42.7,-0.220836550084395,-0.0681580906241329,-0.0080738177623991,0.0070257611241217,42.7,1.3274301910066335,45.0462854011127,43.83250000000017,42.61871459888764,0.1570645852071075,0.0553828963035431,32.25806451612909,14.9193548387096,42.97000000000007,43.37000000000025,578880.0,625058.55,-76.74418604651162,-145.90594997859682,32.586928453086216,44.175,44.75,,,,0.0,0.0,0.0,0.0,0.0,0.0,,0.0,0.0,0.2026,-0.0585,0.0,0.98,-0.06,0,False,0,False,False,False,False,1.054370129673037,False,False,False,False,True,False,False,False,True,False,False,False,False,False,False,False,False,False,0.0,12.0,4.651162790697675,0.0,-0.0851096375782656,False,False,False,False,False,False,False,-1.0,False,3,False,False,231.5223856457912,,3,False,3,False,True,False,True,"market_above_ma60, avoid_chase, kd_golden_cross",,close_below_ema20,-119.3,22.6,22.6,44.1,-0.06,False,1528,D
2026-09-21,18.45,18.5,18.25,18.4,347560,6381152,1616,億泰,,-0.333921540128685,-0.3053531477325846,-0.0285683923961004,18.843820454480348,19.823510327972507,21.529478599076462,38.91496201928905,23.254580484043466,0.4760512429323346,358111.2,6775057.2,20.1,18.25,-0.4351414985777321,-0.30053836989888,0.0,-0.0054054054054054,18.5,0.7094576521049109,20.045741465832524,18.9875,17.929258534167477,0.2224168495713721,0.111467172174591,39.39393939393934,42.42424242424264,18.389999999999965,18.59499999999989,4293320.0,4213586.2,-62.85714285714294,-95.02148091988882,24.304273052099404,19.6875,21.525,,,,0.0,0.0,0.0,0.0,0.0,0.0,,0.0,0.0,-0.0603,-0.1605,0.0,2.07,0.12,0,False,0,False,False,False,False,0.9705365260846353,False,False,True,False,True,False,False,False,False,True,False,False,False,False,False,False,False,False,0.0,0.0,9.239130434782624,0.0,0.0652002981581004,False,False,False,False,False,False,False,-1.0,False,4,False,False,260.48776883874353,,5,False,3,False,True,False,True,"market_above_ma60, avoid_chase, adx_trending, obv_uptrend",,close_below_ema20,-90.3,29.2,29.2,44.1,-0.14,False,1528,D
2026-09-21,18.55,20.1,18.45,19.4,1114478,21558149,1617,榮星,,0.0500332882904999,-0.1000472696521447,0.1500805579426447,18.20709293524311,18.18908121509089,17.632753260978497,60.35193679796874,11.862608016281747,0.7862134158251315,591040.55,10958605.25,19.6,17.5,0.115282638992642,-0.4363963728918071,0.0991501416430595,0.0458221024258758,18.55,0.6928640689240535,19.36777914368905,18.12500000000005,16.882220856311044,1.012963227003998,0.1371342503380964,74.9999999999999,79.26267281105963,18.389999999999965,18.05,11041325.0,9768973.15,-25.000000000000096,164.1361858753161,67.89408178522092,19.125,21.05,,,,0.0,0.0,0.0,0.0,0.0,0.0,,0.0,0.0,0.4689,-0.1086,0.0,19.96,0.16,0,False,0,False,False,True,True,1.8856201998323123,True,True,False,False,False,False,False,False,False,True,False,False,True,False,False,True,True,True,-10.0,-25.0,1.0309278350515612,15.0,0.4552364111460787,False,False,False,False,False,False,False,-1.0,False,8,False,False,579.319038932076,,3,False,3,False,False,False,False,"ema60_gt_ema120, volume_break, rsi_strong, market_above_ma60, obv_uptrend, bb_squeeze_breakout, cci_momentum, mfi_strong",,,228.5,79.5,79.5,44.1,0.7,False,1528,D
2026-09-21,204.5,204.5,202.0,202.5,88969,18078640,1623,大東電,,-1.1001859318824927,-1.0800747540929942,-0.0201111777894984,206.35898063678945,210.90701871111304,215.7280225640004,45.019742761371255,10.796170685629988,5.564551280047858,86198.35,17857504.25,218.5,203.0,0.0950331179324132,-0.1832825721332664,-0.0024630541871921,-0.0287769784172662,208.5,1.0296170109138278,215.9311557687932,205.775,195.6188442312068,0.3387677348321553,0.0987112697732301,12.5,25.0,204.4,207.15,-1456654.0,-1562386.55,-87.5,-51.34899912967817,56.9654079703472,217.125,225.5,,,,0.0,0.0,0.0,0.0,0.0,0.0,,0.0,0.0,-0.0731,-0.221,0.0,1.53,0.05,0,False,0,False,False,False,False,1.032142726629918,False,False,False,False,True,False,False,False,False,True,False,False,False,False,False,False,True,False,20.0,0.0,7.901234567901234,0.0,0.1745428481281755,False,False,False,False,False,False,False,-1.0,False,4,False,False,267.41594144383726,,3,False,3,True,True,True,True,"market_above_ma60, avoid_chase, obv_uptrend, mfi_strong",,"macd_death_cross, close_below_ema20, close_below_swing_low",-83.4,31.1,31.1,44.1,-0.08,False,1528,D
2026-09-21,39.55,39.55,39.0,39.05,252960,9895869,1618,合機,,-0.159699699725806,-0.1170967702782202,-0.0426029294475857,39.20006784509387,39.52804105325667,40.19790362197846,47.7118318459031,9.4788622187437,0.6670908811645703,371180.6,14744354.45,40.65,38.45,-0.1999282383234718,-0.0131847708174372,0.0090439276485787,-0.0076238881829734,39.35,0.8856155328471288,40.56479028585183,39.417499999999926,38.27020971414802,0.339840010618129,0.0582122298903737,47.999999999999545,49.333333333333336,38.87000000000008,38.975,38775818.0,39257131.05,-61.29032258064546,-38.36126629422837,28.96370103838128,39.587500000000006,41.175,,,,0.0,0.0,0.0,0.0,0.0,0.0,,0.0,0.0,-0.019,-0.213,0.0,2.32,0.12,0,False,0,False,False,False,False,0.6815011344881711,False,False,False,False,True,False,False,False,False,False,False,False,False,False,False,False,False,False,0.0,0.0,4.097311139564665,0.0,-0.2213535546250578,False,False,False,False,False,False,False,-1.0,False,2,False,False,94.15876868938102,,3,False,3,False,True,False,True,"market_above_ma60, avoid_chase",,close_below_ema20,-256.6,2.2,2.2,44.1,-0.4,False,1528,D
2026-09-21,9.75,9.75,9.65,9.75,75593,734193,1626,艾美特-KY,,-0.0182886527594181,-0.0383881155424045,0.0200994627829863,9.680459783550011,9.85469969925538,10.144464578979427,52.449899377439685,14.27692945143019,0.1811362026094528,69377.85,667818.55,9.76,9.41,0.0013874210549113,-0.2366439939174006,0.0093167701863354,0.0,9.75,1.400232472544818,9.82486660735568,9.674999999999978,9.525133392644276,0.7502225189565195,0.0309801772311527,82.92682926829262,78.04878048780422,9.653999999999996,9.673000000000002,2418631.0,2341522.2,-17.073170731707382,104.73152578415568,52.30991287563681,9.9925,11.25,,,,0.0,0.0,0.0,0.0,0.0,0.0,,0.0,0.0,0.2203,-0.4404,0.0,43.86,-0.03,0,False,0,False,False,False,False,1.0895840675374056,False,False,False,False,True,False,False,False,False,True,False,False,False,False,False,True,True,False,-20.0,0.0,0.1025641025641003,25.0,0.1571207939206935,False,False,False,False,False,False,False,-1.0,False,5,False,False,367.7812902024224,,3,False,3,False,False,False,False,"market_above_ma60, avoid_chase, obv_uptrend, cci_momentum, mfi_strong",,,17.0,53.5,53.5,44.1,-0.03,False,1528,D
2026-09-21,32.95,33.45,32.95,33.25,294393,9769941,1702,南僑,,-0.0230665572364046,-0.0999771626644239,0.0769106054280193,32.68956832304225,32.88549763659366,33.61956571546188,61.296288407636,12.814539548257486,0.3462877233330254,136927.05,4471989.7,33.05,32.2,-0.0186651002740448,-0.0183623770860503,0.0262345679012345,0.0091047040971168,32.95,1.4693950811150591,33.13069250818076,32.64750000000022,32.164307491819685,1.1234575141370622,0.0296005824752604,85.18518518518499,86.72839506172811,32.71000000000022,32.590000000000146,-13603156.0,-13919068.8,-14.81481481481501,197.00818515382403,42.13693273435746,33.0375,32.375,,,,0.0,0.0,0.0,0.0,0.0,0.0,,0.0,0.0,0.0118,0.0576,0.0,8.81,0.08,0,False,0,False,False,True,False,2.149998849752478,True,True,False,True,True,False,False,False,False,True,False,False,True,True,False,True,False,True,-20.0,-25.0,-0.6015037593985048,25.0,0.3841400807554099,False,False,True,False,False,False,False,-1.0,False,10,False,False,711.1096694665897,,3,False,3,False,False,False,False,"volume_break, rsi_strong, breakout_20d, market_above_ma60, avoid_chase, obv_uptrend, bb_squeeze_breakout, breakout_volume_confirm, cci_momentum, above_ichimoku_cloud",,,360.3,91.0,91.0,44.1,0.94,False,1528,D
2026-09-21,87.3,88.1,86.9,87.3,182970,16036525,1707,葡萄王,,-0.9622101318774696,-0.6591913851606231,-0.3030187467168465,88.86854421208864,92.0531058134208,98.50648001269448,39.16727817018313,19.992596179165023,1.266105151723688,559279.3,50079405.25,91.8,86.3,-0.233166093904709,-0.0679075591006369,0.002296211251435,0.0,87.3,0.536679328160723,92.92873915162548,89.39999999999982,85.87126084837416,0.2024432935157061,0.078942710327196,19.999999999999897,18.181818181818016,86.87999999999957,88.35999999999986,-12284622.0,-12466100.65,-82.81250000000007,-93.51977146293729,36.139507987763885,90.075,96.85,,,,0.0,0.0,0.0,0.0,0.0,0.0,,0.0,0.0,-0.2014,-0.0149,0.0,12.63,-0.45,0,False,0,False,False,False,False,0.3271531773123017,False,False,False,False,True,True,False,False,False,True,False,False,False,False,False,False,False,False,20.0,0.0,5.154639175257732,0.0,0.1150191160473191,False,False,False,False,False,False,False,-1.0,False,4,False,False,219.65176116569089,,3,False,3,False,True,False,True,"market_above_ma60, avoid_chase, liquidity_ok, obv_uptrend",,close_below_ema20,-131.2,20.1,20.1,44.1,-0.73,False,1528,D
2026-09-21,51.2,51.2,50.2,50.6,1266067,63807394,1708,東鹼,,-0.1190893568329301,-0.2345318947354584,0.1154425379025283,49.99872250278124,49.653062910501866,47.091610915030245,52.87775692847601,14.190366040742148,1.4468870289367757,2337659.75,117917964.4,51.3,47.95,-0.1338649256210093,-0.2411451022106567,0.0552659019812304,-0.0019723865877712,50.7,0.8968027760645827,52.09011972810762,50.132500000000256,48.17488027189289,0.6194052126895262,0.0780978298751252,78.04878048780492,82.2106078203639,49.94000000000015,49.595000000000255,286582670.0,285961528.55,-34.69387755102033,39.0784485272673,52.151819095649,51.4125,51.150000000000006,,,,0.0,0.0,0.0,0.0,0.0,0.0,,0.0,0.0,0.3317,0.0642,0.0,9.82,0.97,0,False,0,False,False,True,True,0.5415959272943807,False,False,False,False,False,True,False,False,False,True,False,False,False,False,False,False,True,True,-10.0,0.0,1.3833992094861576,15.0,0.0526309372477308,False,False,False,False,False,False,False,-1.0,False,5,False,False,371.04753051991656,,3,False,3,False,False,False,False,"ema60_gt_ema120, market_above_ma60, liquidity_ok, obv_uptrend, mfi_strong",,,20.2,53.9,53.9,44.1,-0.53,False,1528,D
2026-09-21,39.2,43.1,39.05,43.1,27383341,1154731911,1709,和益,,2.6918737586075423,2.197762056355339,0.4941117022522032,36.35259300034366,30.953756305328405,26.70755252771557,66.63352013597546,42.023670341521125,2.6388456553894226,18359767.0,682506184.3,42.95,33.6,0.8434071493125626,0.941408488521888,0.1955617198335646,0.0994897959183673,39.2,2.6737291486019314,41.78131941285015,36.21,30.63868058714984,1.1183454483069435,0.3077226960977715,100.0,87.68472906403925,39.96000000000004,37.65500000000011,140784148.0,116078614.05,-0.0,220.97595565010045,55.57716437963465,27.4,25.75,,,,0.0,0.0,0.0,0.0,0.0,0.0,,0.0,0.0,0.8267,0.0692,0.0,7.77,-1.74,0,False,0,False,False,True,True,1.4914863026311826,False,True,True,True,False,True,False,False,False,True,False,False,True,False,False,False,True,True,-20.0,-25.0,-0.3480278422273749,25.0,0.7357005537495417,False,False,True,False,False,False,False,-1.0,False,10,False,False,703.7432696713064,,8,True,3,False,False,False,False,"ema60_gt_ema120, rsi_strong, breakout_20d, market_above_ma60, liquidity_ok, adx_trending, obv_uptrend, bb_squeeze_breakout, mfi_strong, above_ichimoku_cloud",,,352.9,90.5,90.5,44.1,0.34,False,1528,C
2026-09-21,39.65,39.95,39.35,39.4,2092822,82912082,1711,永光,,-0.2352946486261302,0.0211763863561292,-0.2564710349822595,39.812839184998914,40.3739291519669,39.53115951382867,47.75871520345546,15.571277939615106,1.6925438223340274,4859225.6,206000151.35,44.2,37.95,-0.7378734985986397,-0.0495488515242792,0.0382081686429511,0.0,39.4,0.5212900944561859,45.16209615731325,40.944999999999936,36.72790384268662,0.3168170771585811,0.2059883334870348,62.66666666666671,54.702273427684,39.15,39.055000000000106,725706785.0,728824517.35,-68.24324324324326,-53.95518975765881,23.46124149345458,36.462500000000006,39.95,,,,0.0,0.0,0.0,0.0,0.0,0.0,,0.0,0.0,0.3316,-0.044,0.0,5.68,-0.17,0,False,0,False,False,False,True,0.4306904375874213,False,False,False,False,True,True,False,False,False,False,False,False,False,False,False,False,False,True,0.0,0.0,12.18274111675128,0.0,-0.1750577844669971,False,False,False,False,False,False,False,-1.0,False,4,False,False,267.20621096227023,,3,False,3,False,True,False,True,"ema60_gt_ema120, market_above_ma60, avoid_chase, liquidity_ok",,close_below_ema20,-83.6,31.0,31.0,44.1,-0.63,False,1528,D
2026-09-21,16.35,17.15,16.25,17.0,7132841,120251393,1710,東聯,,0.2998644776218313,0.2484617211854644,0.0514027564363668,16.001250247211583,15.440008397822323,14.840863936107102,62.66521376000015,24.35851736145113,0.6654432822607897,5529021.8,89113282.9,16.65,15.65,0.1375960464398864,-0.0705313800720453,0.0591900311526478,0.039755351681957,16.35,1.1180605426239558,16.736935850932305,16.07249999999997,15.408064149067636,1.197960532005132,0.0826798383490229,90.62500000000009,78.48419540229891,16.279999999999927,16.144999999999936,261747375.0,251682027.35,-8.823529411764627,217.1624433835232,56.19322989513441,14.8875,16.325,,,,0.0,0.0,0.0,0.0,0.0,0.0,,0.0,0.0,0.2397,0.0622,0.0,6.0,0.34,0,False,0,False,False,True,True,1.2900728660538108,False,True,True,True,False,True,False,False,False,True,False,False,True,False,False,False,True,True,-20.0,-25.0,-2.058823529411773,25.0,0.5454918393773187,False,False,True,False,False,False,False,-1.0,False,10,False,False,734.446630733066,,3,False,3,False,False,False,False,"ema60_gt_ema120, rsi_strong, breakout_20d, market_above_ma60, liquidity_ok, adx_trending, obv_uptrend, bb_squeeze_breakout, mfi_strong, above_ichimoku_cloud",,,383.6,92.3,92.3,44.1,0.16,False,1528,D
2026-09-21,41.7,41.7,41.45,41.5,295496,12279867,1713,國化,,-0.938732451203407,-0.8511634422456582,-0.0875690089577487,43.02715200002751,44.96187377075368,46.15044056766886,26.27554605140964,27.0866650000236,0.661822666160978,317847.85,13695771.8,45.0,41.8,-0.3543973582138989,-0.2854755761706852,-0.0235294117647059,-0.008363201911589,41.85,1.442987430502804,45.201227995556565,43.17750000000005,41.15377200444354,0.0855421272811049,0.093739933787575,10.000000000000142,14.166666666666666,41.81999999999971,42.31999999999989,1078645.0,3321471.25,-95.06172839506164,-128.48766028738842,7.27649593492508,45.6625,47.475,,,,0.0,0.0,0.0,0.0,0.0,0.0,,0.0,0.0,-0.086,0.1654,0.0,1.05,-0.1,0,False,0,False,False,False,False,0.929677517088758,False,False,True,False,True,False,False,False,False,False,False,False,False,False,False,False,False,False,20.0,25.0,8.433734939759036,0.0,-1.623525770095093,False,False,False,False,False,False,False,-1.0,False,3,False,False,224.8144659297465,,5,False,3,False,True,True,True,"market_above_ma60, avoid_chase, adx_trending",,"close_below_ema20, close_below_swing_low",-126.0,20.9,20.9,44.1,-0.17,False,1528,D
2026-09-21,40.0,40.05,39.85,39.9,269013,10746567,1712,興農,,0.0770272763269233,0.178156524941164,-0.1011292486142407,40.03013121869006,39.95449762120105,40.563982866125606,48.83050467570212,17.570926425734985,0.5041206351623653,1177411.0,47278398.8,41.05,39.6,-0.0181847095533513,0.0362705366442017,0.0,-0.0037453183520599,40.05,0.534494456985904,41.05758430671019,40.20499999999984,39.35241569328948,0.3211320583786838,0.0424118545807913,21.42857142857125,21.428571428571257,39.83999999999978,40.18499999999985,2392889.0,1343227.85,-82.35294117647071,-49.3482309124768,51.867958034317496,39.225,39.525000000000006,,,,0.0,0.0,0.0,0.0,0.0,0.0,,0.0,0.0,-0.0271,-0.0774,0.0,12.75,-0.17,0,False,0,False,False,False,False,0.2284784157783475,False,False,False,False,True,False,False,False,False,True,False,False,False,False,False,False,True,False,10.0,0.0,2.8822055137844576,8.0,0.1924832683328572,False,False,True,False,False,False,False,-1.0,False,5,False,False,337.5945833777777,,3,False,3,False,True,False,True,"market_above_ma60, avoid_chase, obv_uptrend, mfi_strong, above_ichimoku_cloud",,close_below_ema20,-13.2,47.2,47.2,44.1,-0.82,False,1528,X
2026-09-21,15.7,16.05,15.55,15.95,6256933,99468506,1714,和桐,,-0.1856172963226843,-0.085149929525223,-0.1004673667974612,16.109922927531127,15.764641214724906,14.373197634149925,48.27546973895846,14.097779547431056,0.7193007016637204,12987549.9,217948318.9,18.55,14.95,-0.5179305365298725,-0.1618236791269889,0.0668896321070233,0.015923566878981,15.7,0.5955957241567051,17.925864229921608,16.35250000000001,14.779135770078414,0.3720893762723751,0.1924310325542389,59.09090909090901,56.81818181818198,15.689999999999964,15.829999999999972,-80104012.0,-59151576.05,-66.66666666666669,-58.62457722660668,15.16804730727472,15.475,17.384999999999998,,,,0.0,0.0,0.0,0.0,0.0,0.0,,0.0,0.0,0.5611,-0.0852,0.0,16.24,0.24,0,False,0,False,False,True,True,0.4817639237713342,False,False,False,False,False,True,False,False,True,False,False,False,False,False,False,False,False,False,0.0,0.0,16.300940438871482,0.0,-0.2024967200013526,False,False,False,False,False,False,False,-1.0,False,4,False,False,272.3876785976971,,3,False,3,False,True,False,True,"ema60_gt_ema120, market_above_ma60, liquidity_ok, kd_golden_cross",,close_below_ema20,-78.4,32.6,32.6,44.1,-0.58,False,1528,D
2026-09-21,72.2,72.8,71.6,71.7,3909748,281307991,1717,長興,,-0.2815668217650966,0.313346034736833,-0.5949128565019297,72.22096620817608,71.65451976848348,69.5107880372817,48.88594164641655,10.871603999402408,3.0161463252559906,16441330.0,1278743900.3,84.7,68.1,-0.5730602633265971,0.0968467232122367,0.0361271676300578,0.0042016806722688,71.4,0.4137847441628693,82.78207854897593,74.05500000000002,65.32792145102411,0.365075122975926,0.2356918114638014,70.5882352941177,54.056622649059136,70.64000000000014,70.96000000000004,1718784834.0,1718284782.9,-78.04878048780483,-40.72200362250954,10.96086121823339,68.325,70.69999999999999,,,,0.0,0.0,0.0,0.0,0.0,0.0,,0.0,0.0,0.2095,-0.0057,0.0,12.07,-0.45,0,False,0,False,False,True,True,0.2377999833346815,False,False,False,False,True,True,False,False,False,True,False,False,False,False,False,False,False,False,-10.0,0.0,18.13110181311018,0.0,0.0088120210734461,False,False,True,False,False,False,False,-1.0,False,6,False,False,397.48374408622817,,3,False,3,False,True,False,True,"ema60_gt_ema120, market_above_ma60, avoid_chase, liquidity_ok, obv_uptrend, above_ichimoku_cloud",,close_below_ema20,46.7,58.4,58.4,44.1,-0.81,False,1528,X
2026-09-21,10.6,10.85,10.6,10.75,8391918,90053159,1718,中纖,,-0.030231978761078,-0.053741814562929,0.0235098358018509,10.646626969667992,10.53244324856439,9.81092746842512,51.38185469538029,22.6580004961122,0.4449111985551315,16665805.9,180499211.05,11.15,10.4,-0.0955269502981646,-0.4973254226827552,0.0189573459715639,0.0141509433962263,10.6,0.7900291308351587,11.04864957694062,10.667499999999997,10.286350423059371,0.6082252283502559,0.071459962866768,64.70588235294115,66.42156862745105,10.63000000000002,10.595000000000027,552831732.0,542317028.1,-50.0,11.204481792717358,26.4673498101708,11.125,11.95,,,,0.0,0.0,0.0,0.0,0.0,0.0,,0.0,0.0,0.0443,-0.1474,0.0,6.24,0.67,0,False,0,False,False,True,True,0.5035410858829215,False,False,True,False,True,True,False,False,False,True,False,False,False,False,False,False,False,True,0.0,0.0,3.720930232558143,0.0,0.086819882414701,False,False,False,False,False,False,False,-1.0,False,6,False,False,421.0772494478056,,3,False,3,False,False,False,False,"ema60_gt_ema120, market_above_ma60, avoid_chase, liquidity_ok, adx_trending, obv_uptrend",,,70.3,62.2,62.2,44.1,-0.56,False,1528,D
2026-09-21,56.0,56.0,55.8,56.0,90820,5078813,1720,生達,,-0.4001279388847578,-0.4936554044689334,0.0935274655841755,56.28778402719668,57.925910368044015,59.248051705630544,41.36250540028976,20.15331743514131,0.5125247371936752,175821.2,9884987.2,57.2,55.9,-0.0862809087363181,-0.2588307858480051,0.001788908765653,0.0,56.0,0.777348015275884,56.993212111159245,56.26000000000003,55.52678788884082,0.3226979641750786,0.0260651301514117,42.85714285714271,45.23809523809541,56.01999999999971,56.04999999999982,-3074549.0,-2760915.25,-62.50000000000022,-79.22705314009522,36.61068231198985,58.5,60.3,,,,0.0,0.0,0.0,0.0,0.0,0.0,,0.0,0.0,0.0778,0.0444,0.0,4.87,-0.07,0,False,0,False,False,False,False,0.5165474925663116,False,False,True,False,True,False,False,False,False,False,False,False,False,False,False,False,False,False,0.0,0.0,2.142857142857148,8.0,-0.326646392474581,False,False,False,False,False,False,False,-1.0,False,3,False,False,204.2457182159681,,5,False,3,False,True,False,True,"market_above_ma60, avoid_chase, adx_trending",,close_below_ema20,-146.6,17.1,17.1,44.1,-0.55,False,1528,D
2026-09-21,22.0,24.2,22.0,24.2,2190831,52327534,1721,國慶科技,,0.5685810824319226,0.413539534652299,0.1550415477796236,21.83679602319188,21.8077171317419,21.627278559438004,63.61778614877573,23.707602201715343,1.2156799999035444,1046556.75,23683221.4,24.6,21.1,0.8096431447772504,-0.1835214606972386,0.095022624434389,0.0999999999999998,22.0,0.6991020020144729,24.541307204637885,21.60499999999997,18.66869279536206,0.9418815571989896,0.2718173760368356,53.91304347826083,29.741112349807736,22.25,22.74000000000005,125511341.0,126031746.4,-37.58865248226953,101.90217391304382,39.06943580936168,20.75,23.575,,,,0.0,0.0,0.0,0.0,0.0,0.0,,0.0,0.0,0.3647,0.6998,0.0,1.32,0.09,0,False,0,False,False,True,True,2.093370474176389,True,True,True,False,False,False,False,False,True,False,False,False,False,False,False,True,False,False,0.0,-25.0,1.6528925619834798,15.0,-0.1487182486774316,False,False,True,False,False,False,False,-1.0,False,8,False,False,579.1490857576347,,3,False,3,False,False,False,False,"ema60_gt_ema120, volume_break, rsi_strong, market_above_ma60, adx_trending, kd_golden_cross, cci_momentum, above_ichimoku_cloud",,,228.3,79.5,79.5,44.1,0.89,False,1528,D
2026-09-21,42.7,42.85,42.1,42.2,2388742,100965212,1722,台肥,,-0.9372719289713628,-0.7818191429932477,-0.1554527859781151,43.57762086848147,45.082434583587485,45.94072992567742,27.320614971434537,32.31816949471867,0.5881195368809753,3024704.5,132256014.95,46.2,41.85,-0.3803015036998446,-0.200858685517828,-0.0047169811320754,-0.0047169811320754,42.4,0.8974185554291941,45.944082951960354,43.75,41.555917048039646,0.1467772563897108,0.100300934946759,15.87301587301588,17.110177404295126,42.12000000000008,42.875,-61979461.0,-48775496.65,-85.91549295774647,-93.66935705265472,32.00721887572169,46.1625,47.25,,,,0.0,0.0,0.0,0.0,0.0,0.0,,0.0,0.0,-0.1128,-0.0755,0.0,8.0,0.07,0,False,0,False,False,False,False,0.7897439237452782,False,False,True,False,True,True,False,False,False,False,False,False,False,False,False,False,False,False,20.0,12.0,9.47867298578199,0.0,-1.1542361193820914,False,False,False,False,False,False,False,-1.0,False,4,False,False,246.04660580486768,,5,False,3,False,True,False,True,"market_above_ma60, avoid_chase, liquidity_ok, adx_trending",,close_below_ema20,-104.8,25.5,25.5,44.1,-0.3,False,1528,D
2026-09-21,34.5,34.5,33.8,34.35,76595,2610775,1725,元禎,,0.7351770948233565,0.5536926642764319,0.1814844305469245,32.595418799714544,31.83489134791943,31.351923657387434,72.28872450927493,29.12712776426657,0.8873470755637123,43786.6,1432294.05,34.0,32.1,0.4512272419675232,0.0485258880157491,0.040909090909091,0.0102941176470587,34.0,1.1131772358362646,34.24414776154205,32.40750000000007,30.570852238458084,1.0288166954694349,0.1133470808635026,89.79591836734696,78.94339852185294,33.55000000000018,33.20000000000009,-1008116.0,-1311020.8,-6.944444444444442,152.50454904384324,77.61064610885467,30.6625,36.775,,,,0.0,0.0,0.0,0.0,0.0,0.0,,0.0,0.0,0.3066,-0.004,0.0,0.57,0.03,0,False,0,False,False,True,True,1.749279459926096,True,True,True,True,True,False,False,False,False,True,False,False,False,True,False,False,True,True,-20.0,-25.0,-1.0189228529839924,25.0,0.7860519519868121,False,False,False,False,False,False,False,-1.0,False,10,False,False,716.9254180231027,,5,True,3,False,False,False,False,"ema60_gt_ema120, volume_break, rsi_strong, breakout_20d, market_above_ma60, avoid_chase, adx_trending, obv_uptrend, breakout_volume_confirm, mfi_strong",,,366.1,91.2,91.2,44.1,0.58,False,1528,D
2026-09-21,80.7,81.2,80.4,80.7,288703,23316015,1723,中碳,,-1.377206972906663,-0.924347150615785,-0.4528598222908779,83.11031632111643,84.05262382638848,82.93651932900094,36.42434403380568,16.94007843040498,1.8898769928192,554255.3,46548001.45,88.4,80.1,-0.5118251698399569,-0.0300973589404297,-0.0146520146520147,0.0012406947890819,80.6,0.8869437090615907,89.23941229814726,84.04999999999981,78.86058770185237,0.1772274192594297,0.1234839333289103,12.244897959183833,12.03994163416428,80.73999999999941,81.70999999999985,-26444870.0,-23108880.25,-93.5483870967741,-95.83274206518176,27.60381636036358,85.65,86.55,,,,0.0,0.0,0.0,0.0,0.0,0.0,,0.0,0.0,0.4694,-0.0933,0.0,9.01,0.06,0,False,0,False,False,False,True,0.5208845093587738,False,False,False,False,True,False,False,False,False,False,False,False,False,False,False,False,False,False,20.0,12.0,9.541511771995047,0.0,-1.2934888761072785,False,False,False,False,False,False,False,-1.0,False,3,False,False,211.6869785803004,,3,False,3,False,True,False,True,"ema60_gt_ema120, market_above_ma60, avoid_chase",,close_below_ema20,-139.1,18.7,18.7,44.1,-0.55,False,1528,D
2026-09-21,107.0,109.5,100.5,103.0,7483460,776729084,1727,中華化,,3.911947317721854,2.917239351548084,0.99470796617377,94.10725802160206,88.00154039064941,80.66567984734276,63.99568891772022,27.07839841861965,5.722247352870669,5971729.1,586036290.35,106.0,88.2,0.217519804388614,0.2228692669273157,0.1678004535147392,-0.0283018867924528,106.0,2.8692366632507103,105.12982692162711,94.7300000000002,84.33017307837328,0.8976027708115962,0.2195677593502988,72.1030042918455,85.69384835479225,99.94000000000052,94.9600000000004,287616168.0,259629487.85,-27.89699570815451,152.33932329609877,68.88501178680956,76.925,82.6,,,,0.0,0.0,0.0,0.0,0.0,0.0,,0.0,0.0,0.6267,0.0909,0.0,12.01,5.8,0,False,0,False,False,True,True,1.2531479366671203,False,True,True,False,False,True,False,False,False,True,False,False,False,False,False,False,True,True,-10.0,-12.0,2.912621359223301,8.0,1.158514441088553,False,False,True,False,False,False,False,-1.0,False,8,False,False,622.4336526597339,,3,False,3,False,False,False,False,"ema60_gt_ema120, rsi_strong, market_above_ma60, liquidity_ok, adx_trending, obv_uptrend, mfi_strong, above_ichimoku_cloud",,,271.6,83.6,83.6,44.1,0.12,False,1528,D
2026-09-21,76.8,77.7,76.6,76.7,24247,1862086,1726,永記,,-0.207651940913351,-0.1667145284726727,-0.0409374124406782,77.09064721437792,77.34389122051749,77.09424116711614,43.16682748155033,13.668364281013842,0.7892209119286079,25576.3,1974822.15,78.2,76.5,-0.0719252276456765,-0.0338378941908497,0.0013054830287206,-0.0026007802340702,76.9,0.7370778167926292,78.06557452292621,77.19500000000025,76.32442547707429,0.2157049816157194,0.0225552049465887,17.647058823529363,24.94553376906333,76.76000000000059,76.93000000000029,406140.0,464267.85,-83.33333333333347,-43.29004329004543,41.74827771018547,77.75,78.19999999999999,,,,0.0,0.0,0.0,0.0,0.0,0.0,,0.0,0.0,0.0015,-0.1163,0.0,12.59,-0.01,0,False,0,False,False,False,True,0.9480261022900108,False,False,False,False,True,False,False,False,False,False,False,False,False,False,False,False,False,False,20.0,0.0,1.955671447196871,15.0,-0.626901251012654,False,False,False,True,False,False,False,-1.0,False,3,True,False,206.95744601074824,,3,False,3,False,True,False,True,"ema60_gt_ema120, market_above_ma60, avoid_chase",long_upper_shadow,close_below_ema20,-143.8,17.6,17.6,44.1,-0.16,False,1528,D
2026-09-21,20.8,20.95,20.8,20.9,65272,1361468,1731,美吾華,,-0.0043930949127535,0.001520759351334,-0.0059138542640875,20.88815170517507,20.96152068286752,21.159220703134643,50.519386973506926,12.47831187634047,0.1940288861663827,74076.6,1550011.95,21.05,20.75,-0.0322133524051676,0.0211158930135221,0.0,0.0,20.9,1.013428596671582,21.056981832848628,20.912499999999817,20.76801816715101,0.4567419662619508,0.0138177485091512,49.99999999999941,52.38095238095229,20.849999999999817,20.87499999999982,2936998.0,3008922.45,-57.14285714285772,-56.08465608465467,45.66420617821581,21.075,21.2,,,,0.0,0.0,0.0,0.0,0.0,0.0,,0.0,0.0,0.1796,-0.0965,0.0,1.08,0.01,0,False,0,False,False,False,False,0.8811419530594006,False,False,False,False,True,False,False,False,False,False,False,False,False,False,False,False,False,False,0.0,0.0,0.717703349282307,25.0,-0.0276958122578657,False,False,False,False,False,False,False,-1.0,False,2,False,False,163.47906978349965,,3,False,3,False,False,False,False,"market_above_ma60, avoid_chase",,,-187.3,10.1,10.1,44.1,-0.22,False,1528,D
2026-09-21,51.3,51.3,51.3,51.3,19014,975485,1730,花仙子,,-0.0698235620174188,-0.05137260812332,-0.0184509538940987,51.394826360966825,51.64462648697919,51.996080061520615,46.13407905436088,13.13149508214712,0.3575692173128091,32759.55,1690584.75,51.9,51.2,-0.0574930524399087,-0.0201714404921638,0.0,0.0,51.3,0.2571718078780671,51.9023742415986,51.47999999999983,51.057625758401066,0.2869188242652986,0.0164092556953678,33.33333333333175,24.206349206348023,51.259999999999856,51.31999999999971,-759028.0,-743613.35,-85.71428571428643,-80.91286307054533,37.19328722254159,51.25,52.15,,,,0.0,0.0,0.0,0.0,0.0,0.0,,0.0,0.0,-0.0023,-0.0838,0.0,7.09,-0.07,0,False,0,False,False,False,False,0.5804109030801705,False,False,False,False,True,False,False,False,False,False,False,False,False,False,False,False,False,False,0.0,0.0,1.1695906432748566,15.0,-0.1114797397225605,False,False,False,False,False,False,False,-1.0,False,2,False,False,109.46635215413096,,3,False,3,False,True,False,True,"market_above_ma60, avoid_chase",,close_below_ema20,-241.3,3.0,3.0,44.1,-0.49,False,1528,D
2026-09-21,26.1,26.1,25.95,26.05,46145,1201182,1732,毛寶,,-0.122767603418513,-0.1296337529294904,0.0068661495109774,26.100294601215825,26.305793301591013,26.53089921812592,47.078343587485946,13.440504013082494,0.304155628421885,81365.3,2130232.75,26.7,25.85,-0.1316299643872196,-0.0432484592787872,0.0038535645472062,0.0,26.05,0.3520395642292081,26.65657684250205,26.142500000000062,25.62842315749808,0.4100329052463556,0.0393288203119049,70.00000000000028,56.66666666666666,25.95000000000018,25.985000000000035,8886046.0,8998730.6,-41.666666666666565,-29.15082382763131,60.32952211169872,27.0875,27.4,,,,0.0,0.0,0.0,0.0,0.0,0.0,,0.0,0.0,-0.012,0.1017,0.0,2.46,-0.09,0,False,0,True,True,False,False,0.5671336552559875,False,False,False,False,True,False,False,False,False,False,False,False,False,False,False,False,True,False,-10.0,0.0,2.4952015355086314,8.0,-0.0633337375903834,False,False,False,False,False,False,False,-1.0,False,5,False,False,307.91133170147526,,3,False,3,False,True,False,True,"macd_golden_cross, market_above_ma60, avoid_chase, hist_turn_positive, mfi_strong",,close_below_ema20,-42.9,41.0,41.0,44.1,-0.51,False,1528,D
2026-09-21,30.6,30.6,30.25,30.4,58760,1785133,1733,五鼎,,-0.3718626169280838,-0.2032757827509196,-0.1685868341771642,31.001857597167263,31.023277464323208,30.684650169371142,40.07940262732619,21.921051669853085,0.5247470458786822,124203.05,3903813.25,32.4,29.9,-0.4443171665931086,0.046295985793474,0.00164744645799,0.0082918739635158,30.15,0.6568551913009345,33.11510744654775,31.370000000000022,29.62489255345229,0.2220801498730243,0.111259639563132,36.66666666666648,23.774688293059324,30.20999999999985,30.56999999999989,11643117.0,11669732.15,-79.24528301886802,-85.98198198198152,52.991948147223226,31.225,30.700000000000003,,,,0.0,0.0,0.0,0.0,0.0,0.0,,0.0,0.0,-0.0037,0.0266,0.0,3.26,-0.07,0,False,0,False,False,False,True,0.4730962725955602,False,False,True,False,True,False,False,False,True,False,False,False,False,False,False,False,True,False,0.0,0.0,6.578947368421052,0.0,-0.056112176341291,False,False,False,False,False,False,False,-1.0,False,6,False,False,389.0576166098601,,5,False,3,False,True,False,True,"ema60_gt_ema120, market_above_ma60, avoid_chase, adx_trending, kd_golden_cross, mfi_strong",,close_below_ema20,38.3,57.0,57.0,44.1,-0.59,False,1528,D
2026-09-21,32.1,32.1,31.5,32.0,355060,11285764,1734,杏輝,,0.0414072030481982,-0.1288965109744426,0.1703037140226408,31.49523431395556,31.63260822900782,31.58939333488853,56.72742284206837,21.90735580902905,0.551123899644904,234826.15,7334776.1,32.8,31.1,0.0853052420144858,-0.1048282522123481,0.027287319422151,-0.0243902439024389,32.8,0.949897427473519,32.5761445381885,31.264999999999965,29.95385546181143,0.7802894641255583,0.0838729914081904,57.89473684210538,85.96491228070165,31.779999999999564,31.45999999999985,5106218.0,4927869.8,-32.65306122448974,99.52841896252218,66.61468654624124,31.875,32.65,,,,0.0,0.0,0.0,0.0,0.0,0.0,,0.0,0.0,0.2158,0.0976,0.0,5.54,0.03,0,False,0,False,False,True,True,1.512012184332963,True,True,True,False,True,False,False,False,False,True,False,False,False,False,False,False,True,True,0.0,0.0,2.499999999999991,8.0,0.3234382836917686,False,False,False,False,False,False,False,-1.0,False,8,False,False,582.0013812476308,,5,True,3,False,False,False,False,"ema60_gt_ema120, volume_break, rsi_strong, market_above_ma60, avoid_chase, adx_trending, obv_uptrend, mfi_strong",,,231.2,79.8,79.8,44.1,0.36,False,1528,D
2026-09-21,20.45,20.6,20.4,20.55,33666,690813,1735,日勝化,,-0.1175393707556082,-0.1473577036756099,0.0298183329200016,20.209427018092104,20.88193752595045,21.33188797648233,53.37701831775977,10.032568820105556,0.5251210419245907,79254.35,1636407.85,21.65,19.3,-0.2371435376945945,-0.1336105389370837,0.0431472081218273,0.0,20.55,1.0907638092622896,21.39496194311804,20.327499999999965,19.260038056881896,0.6042191721374678,0.1050263872210621,93.33333333333348,81.45299145299214,19.98000000000011,20.01000000000004,30054703.0,29984624.35,-39.130434782608624,29.611180296112085,32.25838216899591,20.2375,22.6,,,,0.0,0.0,0.0,0.0,0.0,0.0,,0.0,0.0,0.2017,0.0109,0.0,51.5,-0.03,0,False,0,True,True,False,False,0.4247842547443767,False,False,False,False,True,False,False,False,False,True,False,False,False,False,False,False,False,False,-20.0,0.0,5.35279805352797,0.0,0.1582113048563705,False,False,False,False,False,False,False,-1.0,False,5,False,False,336.1463782057202,,3,False,3,False,False,False,False,"macd_golden_cross, market_above_ma60, avoid_chase, hist_turn_positive, obv_uptrend",,,-14.7,46.6,46.6,44.1,-0.64,False,1528,D
2026-09-21,126.0,126.0,123.0,123.0,392367,48528005,1736,喬山,,-1.258222669991568,-1.3213358228184926,0.0631131528269246,126.55487739681168,127.65700332171592,128.9853322264594,43.75672247710273,19.14173659256679,4.605281739122384,397983.7,50157491.5,129.0,124.0,-0.0474233871919251,-0.0856461035546821,-0.0080645161290322,-0.0199203187250995,125.5,1.9590116469811047,129.29857113690792,125.8,122.30142886309208,0.0998366346675651,0.0556211627489336,0.0,25.0,125.6,125.8,-3014119.0,-2347648.1,-87.5,-135.416666666667,46.253033246463225,134.0,125.0,,,,0.0,0.0,0.0,0.0,0.0,0.0,,0.0,0.0,0.2266,0.0567,0.0,5.84,0.13,0,False,0,False,False,False,False,0.9858871104520108,False,False,False,False,True,True,False,False,False,False,False,False,False,False,False,False,False,False,20.0,25.0,4.878048780487805,0.0,-0.3311861422285934,False,False,False,False,False,False,False,-1.0,False,3,False,False,240.884637397777,,3,False,3,False,True,True,True,"market_above_ma60, avoid_chase, liquidity_ok",,"close_below_ema20, close_below_swing_low",-109.9,24.5,24.5,44.1,-0.12,False,1528,D
2026-09-21,29.75,30.3,29.75,30.3,1267842,38026619,1737,臺鹽,,-0.3782650743881675,-0.3480654044702891,-0.0301996699178783,30.653892743132005,31.24550694130769,31.49339983715314,41.89803502747564,39.0043936331915,0.3640668038149306,470223.45,14081228.1,30.95,29.3,-0.1284844518016971,-0.1025191313598062,-0.0049261083743842,0.0341296928327645,29.3,9.852456226222245,31.2389189292678,30.577499999999965,29.91608107073213,0.2902237237849044,0.0432618055281063,71.4285714285715,45.02164502164487,30.219999999999708,30.42000000000008,-4068463.0,-866340.2,-37.49999999999992,-165.72340734290822,25.82893474867599,32.0375,31.9,,,,0.0,0.0,0.0,0.0,0.0,0.0,,0.0,0.0,-0.0388,-0.0071,0.0,7.02,-0.73,0,False,0,False,False,False,False,2.696254302077023,True,False,True,False,True,False,False,False,True,False,False,False,False,False,True,False,False,False,-10.0,0.0,2.1452145214521408,8.0,-2.0,False,False,False,False,False,False,False,-1.0,False,6,False,False,420.9625430207702,,8,False,3,False,True,False,True,"volume_break, market_above_ma60, avoid_chase, adx_trending, kd_golden_cross, williams_r_recovery",,close_below_ema20,70.2,62.0,62.0,44.1,1.44,False,1528,D
2026-09-21,31.4,31.55,31.3,31.3,27320,856268,1752,南光,,-0.152242003464476,-0.1342966339816133,-0.0179453694828626,31.4922142992025,31.94360405673683,32.83346312348522,41.80701712021357,13.639250001312604,0.3130182664835721,42988.9,1354513.8,31.9,31.2,-0.0948484750109842,-0.0440797782453254,0.0,-0.0015948963317384,31.35,0.7004271292491486,31.96962554774285,31.527500000000146,31.08537445225744,0.2427201377960899,0.0280469778918535,30.769230769230727,29.568579568579786,31.27000000000008,31.35500000000011,-1334138.0,-1257071.25,-77.77777777777783,-63.9269406392698,42.46362865413735,31.825000000000003,33.05,,,,0.0,0.0,0.0,0.0,0.0,0.0,,0.0,0.0,0.1236,-0.0156,0.0,1.47,-0.01,0,False,0,False,False,False,False,0.6355128882106776,False,False,False,False,True,False,False,False,False,False,False,False,False,False,False,False,False,False,0.0,0.0,1.916932907348236,15.0,-0.5323735178976358,False,False,False,False,False,False,False,-1.0,False,2,False,False,144.96664666733514,,3,False,3,False,True,False,True,"market_above_ma60, avoid_chase",,close_below_ema20,-205.8,6.9,6.9,44.1,-0.44,False,1528,D
2026-09-21,53.7,54.4,53.7,54.0,64536,3491197,1760,寶齡富錦,,-1.353203220083131,-1.2214751756908415,-0.1317280443922892,55.62187914342151,58.05757772231753,59.95951842950227,30.571690396783893,26.468118164021813,0.9013168093812453,119846.65,6699563.3,58.6,53.6,-0.5346946417335939,-0.2443714324869199,0.0018552875695732,0.007462686567164,53.6,1.4666975657122676,59.588314367496025,56.0,52.411685632503975,0.221317616689807,0.1281540845534294,23.07692307692312,20.015540015539955,53.87999999999956,54.42999999999993,-9700497.0,-8989193.4,-86.66666666666664,-90.1531728665212,13.447322491344991,60.3,62.3,,,,0.0,0.0,0.0,0.0,0.0,0.0,,0.0,0.0,-0.2788,0.0463,0.0,10.88,-0.04,0,False,0,False,False,False,False,0.5384881429727072,False,False,True,False,True,False,False,False,True,False,False,False,False,False,False,False,False,False,10.0,0.0,8.51851851851852,0.0,-1.1374923538935149,False,False,False,False,False,False,False,-1.0,False,4,False,False,241.7349731830049,,5,False,3,False,True,False,True,"market_above_ma60, avoid_chase, adx_trending, kd_golden_cross",,close_below_ema20,-109.1,24.5,24.5,44.1,-0.53,False,1528,D
2026-09-21,33.8,34.2,33.8,33.9,29739,1009534,1762,中化生,,-0.4130432143074003,-0.2781268387551191,-0.1349163755522812,34.52704214746163,34.91745731937263,33.993954122070534,41.23848143547044,14.966165526075985,0.7532282449014172,76952.8,2687577.5,36.2,33.5,-0.4204436682475648,-0.1309999920311093,0.0119402985074625,-0.0058651026392962,34.1,0.6634560818668114,36.806305399723605,34.90249999999996,32.99869460027632,0.2367115357101401,0.109092781303554,46.341463414634,37.66937669376724,33.78999999999978,34.05,-1886393.0,-1659029.45,-72.46376811594212,-68.14869934579721,31.898246664873213,34.8625,37.875,,,,0.0,0.0,0.0,0.0,0.0,0.0,,0.0,0.0,0.303,-0.3417,0.0,3.09,0.01,0,False,0,False,False,False,True,0.3864576727552473,False,False,False,False,True,False,False,False,False,False,False,False,False,False,False,False,False,False,0.0,0.0,6.7846607669616645,0.0,-0.3577795747369819,False,False,False,True,False,False,False,-1.0,False,3,True,False,189.57122183070868,,3,False,3,False,True,False,True,"ema60_gt_ema120, market_above_ma60, avoid_chase",long_upper_shadow,close_below_ema20,-161.2,13.9,13.9,44.1,-0.67,False,1528,D
2026-09-21,164.0,164.0,161.5,161.5,214448,34786940,1773,勝一,,-0.0064533772598736,-0.1441670348938496,0.137713657633976,161.02470031864308,162.78142254926297,162.23816940013006,50.53289183398553,16.13372617637261,4.533456372449535,637464.9,104344232.3,171.5,156.5,-0.0316720371755989,-0.1474892270105315,0.0319488817891373,-0.0122324159021406,163.5,0.7044645395901235,167.98350604258556,161.55,155.11649395741446,0.4961140939583296,0.0796472428670448,65.0,60.95238095238104,160.9,161.0,44266680.0,43028982.0,-56.66666666666666,19.75308641975283,35.98365602577793,160.625,165.5,,,,0.0,0.0,0.0,0.0,0.0,0.0,,0.0,0.0,0.4462,0.0361,0.0,6.84,0.03,0,False,0,False,False,False,True,0.3364075418113216,False,False,False,False,True,True,False,False,False,True,False,False,False,False,False,False,False,False,0.0,0.0,6.191950464396285,0.0,0.5503510246889931,False,False,False,False,False,False,False,-1.0,False,5,False,False,334.9682877143811,,3,False,3,False,False,False,False,"ema60_gt_ema120, market_above_ma60, avoid_chase, liquidity_ok, obv_uptrend",,,-15.8,46.0,46.0,44.1,-0.72,False,1528,D
2026-09-21,18.3,18.4,18.25,18.4,24234,444077,1776,展宇,,0.2733389912347093,0.1210216687179693,0.1523173225167399,17.673074633218803,17.582974077951043,17.350088917240694,69.18077730534283,26.90100701819197,0.4170646729946832,54599.7,970781.8,18.55,17.15,0.4316566166398706,-0.1920799562549357,0.0484330484330484,0.0054644808743167,18.3,2.5806242621440294,18.489934536509416,17.48750000000009,16.485065463490763,0.955141940329297,0.1146458369131461,72.97297297297294,74.19727419727435,18.27000000000008,17.870000000000072,4453635.0,4192338.55,-25.64102564102565,148.379485044069,74.06213192955397,17.450000000000003,18.7,,,,0.0,0.0,0.0,0.0,0.0,0.0,,0.0,0.0,0.0027,-0.0939,0.0,1.72,0.06,0,False,0,False,False,True,True,0.4438485925746845,False,True,True,False,True,False,False,False,False,True,False,False,False,False,False,False,True,True,-10.0,-25.0,0.8152173913043594,25.0,0.4442214620984832,False,False,False,False,False,False,False,-1.0,False,7,False,False,489.7691434709286,,5,True,3,False,False,False,False,"ema60_gt_ema120, rsi_strong, market_above_ma60, avoid_chase, adx_trending, obv_uptrend, mfi_strong",,,139.0,71.1,71.1,44.1,-0.62,False,1528,D
2026-09-21,36.75,36.75,36.4,36.5,63311,2311427,1783,和康生,,-1.014865704913845,-0.8622221609326151,-0.1526435439812299,37.7881892281367,39.06496818216235,39.946270816911,29.091076518407263,30.168942624522334,0.5427481483917133,70919.65,2715803.8,41.35,36.2,-0.7431502102191236,-0.1220743535381567,0.0027472527472527,-0.005449591280654,36.7,1.416481705664724,41.73753576520197,38.24249999999993,34.74746423479789,0.250717858548266,0.1827828078813909,20.58823529411769,18.52704097286126,36.39000000000014,36.71999999999989,-1089901.0,-912365.35,-90.1408450704225,-75.7840991976657,16.875914478426793,40.325,39.825,,,,0.0,0.0,0.0,0.0,0.0,0.0,,0.0,0.0,-0.0247,0.0747,0.0,6.85,0.0,0,False,0,False,False,False,False,0.8927145015521087,False,False,True,False,True,False,False,False,False,False,False,False,False,False,False,False,False,False,10.0,0.0,13.287671232876717,0.0,-0.7214277122511543,False,False,False,False,False,False,False,-1.0,False,3,False,False,200.27001246850725,,5,False,3,False,True,False,True,"market_above_ma60, avoid_chase, adx_trending",,close_below_ema20,-150.5,16.2,16.2,44.1,-0.21,False,1528,D
2026-09-21,44.1,44.2,43.75,43.85,126935,5576575,1786,科妍,,-1.700013740976388,-1.6724514557917156,-0.0275622851846724,45.35686011541601,49.1284404478287,54.61470528107572,38.66393903587985,24.241922361617345,1.2818733991591065,209161.85,9537382.75,49.9,42.75,-0.7867223810069681,-0.3644232636226631,0.0068886337543054,0.0068886337543054,43.55,1.1980398500399363,50.27051721256195,45.62999999999956,40.989482787437176,0.3082110335480594,0.2033976424528788,50.79365079365086,35.97883597883629,43.38999999999942,43.75499999999956,-26335936.0,-25691124.4,-70.37037037037034,-57.61086695964823,28.230069925587458,51.45,54.8,,,,0.0,0.0,0.0,0.0,0.0,0.0,,0.0,0.0,-0.2273,-0.1176,0.0,2.29,0.19,0,False,0,False,False,False,False,0.6068745328079667,False,False,True,False,True,False,False,False,False,False,False,False,False,False,False,False,False,False,0.0,0.0,13.797035347776504,0.0,-0.6508182307409305,False,False,False,False,False,False,False,-1.0,False,3,False,False,143.2589265591885,,5,False,3,False,True,False,True,"market_above_ma60, avoid_chase, adx_trending",,close_below_ema20,-207.5,6.8,6.8,44.1,-0.47,False,1528,D
2026-09-21,19.0,19.3,18.85,19.15,363137,6890961,1789,神隆,,-0.0971241539024951,-0.1537112031583669,0.0565870492558717,18.886182387919472,19.28118238080585,19.63524091281225,52.5902211032346,21.36002711884145,0.4918835719015442,525141.9,9940240.0,19.6,18.0,-0.1090069226487603,-0.1794904541098725,0.0638888888888888,0.0078947368421051,19.0,2.568718006806818,19.730634034422778,18.8875,18.04436596557722,0.6556691992511668,0.0892795800844768,64.102564102564,69.2307692307689,18.8,18.71999999999998,17049544.0,16931888.35,-35.89743589743599,43.512450851901,46.86090649938601,19.275,19.85,,,,0.0,0.0,0.0,0.0,0.0,0.0,,0.0,0.0,-0.4218,0.0751,0.0,1.79,0.0,0,False,0,False,False,False,False,0.6915026205298035,False,False,True,False,False,False,False,False,False,True,False,False,False,False,False,False,False,True,0.0,0.0,2.349869451697143,8.0,0.0799487054057811,False,False,False,False,False,False,False,-1.0,False,3,False,False,190.8744106701674,,5,False,3,False,False,False,False,"market_above_ma60, adx_trending, obv_uptrend",,,-159.9,14.1,14.1,44.1,-0.39,False,1528,D
2026-09-21,180.5,180.5,178.0,178.0,389932,69696143,1795,美時,,-2.908787524454567,-2.845418689576503,-0.0633688348780641,181.36363783185053,188.58219526981148,202.1331090759652,41.48478909249797,17.720180017704553,4.359379147483361,814996.15,149836478.5,196.0,173.5,-0.5191507058424802,-0.1573789539456511,0.0259365994236311,-0.011111111111111,180.0,0.7399755703014097,195.8324309667582,182.75,169.6675690332418,0.3184588165582716,0.1431729791163689,68.18181818181819,71.51739618406282,178.9,177.8,48271504.0,50575756.8,-55.88235294117647,-49.76010288371167,35.24686337538199,188.875,193.75,,,,0.0,0.0,0.0,0.0,0.0,0.0,,0.0,0.0,0.8168,-0.1543,0.0,49.8,0.48,0,False,0,False,False,False,False,0.4784464319248624,False,False,False,False,True,True,False,False,False,False,False,False,False,False,False,False,False,True,0.0,0.0,10.112359550561797,0.0,-0.4954773709786188,False,False,False,False,False,False,False,-1.0,False,3,False,False,213.8387358675052,,3,True,3,False,True,False,True,"market_above_ma60, avoid_chase, liquidity_ok",,close_below_ema20,-137.0,19.3,19.3,44.1,-0.59,False,1528,D
2026-09-21,59.3,60.5,58.5,60.1,19550629,1169464009,1802,台玻,,0.3002447847617233,0.3995002231303662,-0.0992554383686429,58.66371135367874,59.06430810606304,58.27693384612474,55.40243960201686,12.520128372737096,2.6537921423425925,26647624.35,1599369110.5,61.3,56.0,-0.1409934239291033,-0.1150247989680014,0.0397923875432526,0.022108843537415,58.8,1.2489540558976315,61.89366924543375,59.33000000000002,56.76633075456629,0.6501753787801341,0.0864206723557636,71.92982456140349,54.97076023391795,58.37999999999992,58.76000000000003,4321581101.0,4287349651.55,-48.74999999999999,14.11161000641431,30.693472187363795,54.587500000000006,60.225,,,,0.0,0.0,0.0,0.0,0.0,0.0,,0.0,0.0,0.3259,0.0024,0.0,5.33,-0.15,0,False,0,False,False,True,True,0.733672493398084,False,True,False,False,True,True,False,False,False,True,False,False,False,False,False,False,False,False,-10.0,0.0,1.9966722129783625,15.0,0.2504875225565112,False,False,False,False,False,False,False,-1.0,False,6,False,False,400.342575204659,,3,False,3,False,False,False,False,"ema60_gt_ema120, rsi_strong, market_above_ma60, avoid_chase, liquidity_ok, obv_uptrend",,,49.5,58.8,58.8,44.1,-0.35,False,1528,D
2026-09-21,10.15,10.25,10.15,10.25,55988,570631,1805,寶徠,,0.0169431899431149,0.0065825133021305,0.0103606766409843,10.132890434701611,10.17087897199935,10.393947367667492,58.550555705435,9.935805769485116,0.147823927777333,53921.2,546013.3,10.35,9.96,-0.049288102828411,-0.0073359814336764,0.0148514851485148,0.0049019607843137,10.2,1.224186946863147,10.321435660425376,10.150499999999964,9.979564339574557,0.7910451796670375,0.0336802444067604,84.37499999999979,73.49349222447563,10.159999999999943,10.11599999999994,1400757.0,1265343.8,-14.705882352941392,100.22555653623796,43.74174166866169,9.9,10.6,,,,0.0,0.0,0.0,0.0,0.0,0.0,,0.0,0.0,-0.0087,-0.0087,0.0,0.69,0.04,0,False,0,False,False,True,False,1.0383300074924149,False,True,False,False,True,False,False,False,False,True,False,False,False,False,False,True,False,True,-20.0,0.0,0.9756097560975576,25.0,1.135585008579951,False,False,False,False,False,False,False,-1.0,False,5,False,False,344.0103201778836,,3,False,3,False,False,False,False,"rsi_strong, market_above_ma60, avoid_chase, obv_uptrend, cci_momentum",,,-6.8,48.8,48.8,44.1,-0.07,False,1528,D
2026-09-21,7.98,8.03,7.97,8.02,93870,751342,1806,冠軍,,-0.0134514453935405,-0.0149771216856027,0.0015256762920621,8.01506578870857,8.080939103317311,8.236074441106664,49.52286836259732,9.040796938111,0.0837811404221462,141190.95,1132368.8,8.07,7.97,-0.0216669359748006,-0.0746465435634949,0.0050125313283206,0.0012484394506866,8.01,0.6133999129397562,8.067601934771968,8.01850000000004,7.969398065228114,0.5152743472016539,0.0122471621305548,62.49999999999972,50.0,7.995999999999912,8.007000000000016,-17245671.0,-17438788.9,-41.17647058823548,-23.84428223845101,47.54672674584023,8.1025,8.309999999999999,,,,0.0,0.0,0.0,0.0,0.0,0.0,,0.0,0.0,-0.1673,-0.0203,0.0,9.6,-0.06,0,False,0,True,True,False,False,0.6648443119052602,False,False,False,False,True,False,False,False,False,True,False,False,False,False,False,False,False,False,0.0,0.0,0.6234413965087371,25.0,0.2576134460365146,False,False,False,False,False,False,False,-1.0,False,5,False,False,314.7398044714908,,3,False,3,False,False,False,False,"macd_golden_cross, market_above_ma60, avoid_chase, hist_turn_positive, obv_uptrend",,,-36.1,41.8,41.8,44.1,-0.42,False,1528,D
2026-09-21,36.0,36.35,35.35,35.9,1730674,62074994,1808,潤隆,,0.3139819180530878,0.3165934759299268,-0.002611557876839,34.50898369703441,33.354780241368644,32.45678556861005,59.41181247027766,21.8943344286205,1.205860745516548,2223514.55,77457259.45,36.35,33.0,-0.1839548711241218,0.282841875482989,0.0813253012048191,0.0,35.9,1.8844951559559104,36.66219426807311,34.82250000000008,32.98280573192706,0.7928475722024549,0.1056612401793679,70.58823529411765,63.39869281045685,34.51999999999971,34.46000000000004,31920651.0,24091588.35,-29.41176470588235,99.80820866896846,59.46953116924874,32.2375,31.3,,,,0.0,0.0,0.0,0.0,0.0,0.0,,0.0,0.0,330.3293,-0.4345,0.0,4.32,0.2,0,False,0,False,False,True,True,0.7783506521241339,False,True,True,False,False,True,False,False,False,True,False,False,False,False,False,False,True,True,-10.0,0.0,1.2534818941504258,15.0,0.9224978468084072,False,False,True,True,False,False,False,-1.0,False,8,True,False,598.8534806829423,,3,False,3,False,False,False,False,"ema60_gt_ema120, rsi_strong, market_above_ma60, liquidity_ok, adx_trending, obv_uptrend, mfi_strong, above_ichimoku_cloud",long_upper_shadow,,248.0,81.9,81.9,44.1,-0.31,False,1528,D
2026-09-21,38.6,39.9,38.2,39.0,1670248,65333984,1809,中釉,,-0.3760648204898587,-0.5425432473907059,0.1664784269008472,38.106994012919365,39.38488161519149,37.828952218728,52.92346758038646,9.465336976305355,1.6459540896902365,1215153.95,46856486.1,40.1,36.0,-0.2161134398120339,-0.4506261863325319,0.0540540540540539,0.0103626943005181,38.6,2.1280786352597345,40.17826365541115,38.18500000000004,36.191736344588925,0.7044385843758004,0.1044003485877234,76.92307692307695,59.40725940725921,37.64000000000014,37.78000000000011,411150539.0,406766818.2,-23.07692307692305,64.28070175438614,63.84009832035171,39.35000000000001,45.55,,,,0.0,0.0,0.0,0.0,0.0,0.0,,0.0,0.0,-0.0413,0.0518,0.0,2.56,0.34,0,False,0,False,False,False,True,1.374515550066722,False,False,False,False,False,False,False,False,False,True,False,False,False,False,False,False,True,False,-10.0,0.0,2.820512820512824,8.0,0.6217784126011339,False,False,False,True,False,False,False,-1.0,False,4,True,False,264.20649645188087,,3,False,3,False,False,False,False,"ema60_gt_ema120, market_above_ma60, obv_uptrend, mfi_strong",long_upper_shadow,,-86.6,30.2,30.2,44.1,0.23,False,1528,D
2026-09-21,24.15,24.15,23.75,23.9,1257945,30042483,1810,和成,,-0.4011565843211322,-0.3918425854637405,-0.0093139988573917,24.22429276538737,24.12081900781933,22.77845939284484,45.30696830447511,8.175078553547028,0.8362393761333936,2676696.25,66848591.85,25.9,23.45,-0.4035666714537917,-0.0597783820438545,0.0042016806722688,-0.0062370062370062,24.05,0.4745827044478195,25.64751831489927,24.28249999999993,22.9174816851006,0.3598919897905749,0.1124281531884557,50.0,44.20289855072466,23.71999999999989,23.764999999999965,226269601.0,229460629.7,-68.75000000000003,-51.42282002012967,20.722228294525834,27.1,26.725,,,,0.0,0.0,0.0,0.0,0.0,0.0,,0.0,0.0,0.0461,-0.1166,0.0,1.84,0.24,0,False,0,False,False,False,True,0.4699618045940028,False,False,False,False,True,True,False,False,False,False,False,False,False,False,False,False,False,False,0.0,0.0,8.368200836820085,0.0,-0.0500011121438876,False,False,False,False,False,False,False,-1.0,False,4,False,False,234.0996047002133,,3,False,3,False,True,False,True,"ema60_gt_ema120, market_above_ma60, avoid_chase, liquidity_ok",,close_below_ema20,-116.7,23.0,23.0,44.1,-0.59,False,1528,D
2026-09-21,40.5,40.5,40.35,40.5,45322,1833651,1817,凱撒衛,,0.2309541404008683,0.2500173725164111,-0.0190632321155427,40.14240789593698,39.66429692319691,39.37755586579761,63.41002786074656,45.6602025513955,0.2838978588325939,41575.35,1672558.3,40.5,39.9,0.02371292120531,0.0944735282348673,0.0049627791563275,0.0012360939431395,40.45,1.1332884169206188,40.585527776659625,40.23000000000011,39.8744722233406,0.8797171665977399,0.0176747589689044,100.0,83.33333333333394,40.320000000000434,40.27500000000018,1267353.0,1150680.1,-0.0,124.66487935656488,38.51210471317016,39.25,39.7,,,,0.0,0.0,0.0,0.0,0.0,0.0,,0.0,0.0,0.1009,0.0518,0.0,1.86,-0.03,0,False,0,False,False,True,True,1.0901171006377577,False,True,True,False,True,False,False,False,False,True,False,False,False,False,False,False,False,True,-20.0,-12.0,0.0,25.0,0.4694767046190385,False,False,True,False,False,False,False,-1.0,False,7,False,False,544.5348914618061,,5,False,3,False,False,False,False,"ema60_gt_ema120, rsi_strong, market_above_ma60, avoid_chase, adx_trending, obv_uptrend, above_ichimoku_cloud",,,193.7,76.4,76.4,44.1,-0.03,False,1528,D
2026-09-21,46.8,47.35,46.55,47.1,51232,2412292,1903,士紙,,-0.2786133253903102,-0.1731773421904798,-0.1054359831998303,47.42414093268267,47.896119802186,48.802724523726056,45.217152836998864,15.58020807428626,0.7086915039280124,82625.15,3929496.7,49.05,46.15,-0.1767124250559562,-0.039552136964792,-0.0084210526315788,0.0205850487540628,46.15,1.7769089020026403,48.71822255232823,47.615000000000144,46.51177744767206,0.2665928787834514,0.0463392860370925,52.77777777777781,28.70370370370377,46.91000000000022,47.26500000000014,-1792749.0,-1580686.65,-47.222222222222186,-108.17341862118109,23.92872822998924,47.7375,49.4,,,,0.0,0.0,0.0,0.0,0.0,0.0,,0.0,0.0,0.039,0.2303,0.0,10.81,-0.08,0,False,0,False,False,False,False,0.6200533372707947,False,False,False,False,True,False,False,False,True,False,False,False,False,False,True,False,False,False,0.0,0.0,4.140127388535023,0.0,-0.3899785100360086,False,False,False,False,False,False,False,-1.0,False,4,False,False,266.52079125227584,,3,False,3,False,True,False,True,"market_above_ma60, avoid_chase, kd_golden_cross, williams_r_recovery",,close_below_ema20,-84.3,30.8,30.8,44.1,-0.46,False,1528,D
2026-09-21,24.75,24.75,24.5,24.55,784060,19290682,1904,正隆,,0.1904721646353095,0.3127945086358689,-0.1223223440005593,24.66310570124997,23.56953657217121,22.159103706994824,50.41763181962623,27.22537336267208,0.6366058631724991,1873694.35,46715534.55,25.75,24.4,-0.1444562612944681,0.2942229698781216,-0.0100806451612903,-0.008080808080808,24.75,0.5201966137584104,25.60266750648167,24.87500000000005,24.147332493518423,0.276683720857987,0.0585059301693766,33.333333333333336,47.77777777777798,24.61999999999989,24.725,74008066.0,75547592.5,-66.66666666666667,-70.45454545454673,34.76378591795827,23.225,22.775,,,,0.0,0.0,0.0,0.0,0.0,0.0,,0.0,0.0,0.2312,0.0205,0.0,12.14,0.03,0,False,0,False,False,True,True,0.4184567242784288,False,False,True,False,True,False,False,False,False,False,False,False,False,False,False,False,False,False,0.0,0.0,4.887983706720974,0.0,-0.1159568717489952,False,False,True,False,False,False,False,-1.0,False,5,False,False,372.7930847817963,,5,False,3,False,True,False,True,"ema60_gt_ema120, market_above_ma60, avoid_chase, adx_trending, above_ichimoku_cloud",,close_below_ema20,22.0,54.5,54.5,44.1,-0.64,False,1528,D
2026-09-21,13.3,13.3,13.15,13.2,1089827,14430171,1905,華紙,,-0.1163418895768835,-0.1171915220965063,0.0008496325196228,13.357347430830448,13.615191425944454,13.547826466013609,44.99247305664835,10.74914654526639,0.3168340162757769,1614906.05,21692945.25,13.85,13.05,-0.2136062957428827,-0.3241996285413728,0.0038022813688212,-0.0037735849056603,13.25,1.27886934688105,13.878788745016347,13.414999999999964,12.95121125498358,0.268213435200579,0.0691447998533559,41.666666666666565,58.760683760683605,13.21999999999998,13.239999999999965,232340752.0,235731200.7,-78.26086956521739,-70.77912994824406,51.40113570564184,13.7875,15.4,,,,0.0,0.0,0.0,0.0,0.0,0.0,,0.0,0.0,0.0165,-0.0005,0.0,2.55,0.03,0,False,0,False,False,False,True,0.6748547384536704,False,False,False,False,True,False,False,False,False,False,False,False,False,False,False,False,True,False,0.0,0.0,4.924242424242427,0.0,-0.3636052186966449,False,False,False,False,False,False,False,-1.0,False,4,False,False,242.3852847601769,,3,False,3,False,True,False,True,"ema60_gt_ema120, market_above_ma60, avoid_chase, mfi_strong",,close_below_ema20,-108.4,24.6,24.6,44.1,-0.41,False,1528,D
2026-09-21,10.9,10.9,10.75,10.85,35750,387376,1906,寶隆,,-0.1230681272644815,-0.0832864309920219,-0.0397816962724596,11.059634518349624,11.164377616723453,11.28208102635133,38.401100939479456,19.9790334495218,0.2002959318534407,52010.2,581049.1,11.65,10.75,-0.3838676747602728,-0.0085400524681483,-0.0045871559633028,-0.0045871559633028,10.9,1.0745702917620463,11.66274266128238,11.147499999999969,10.632257338717558,0.2113010797092112,0.0924409349688113,24.99999999999989,26.388888888888687,10.830000000000018,10.934999999999992,-3580409.0,-3503873.0,-83.33333333333339,-100.0,28.3225399911144,11.5,11.4,,,,0.0,0.0,0.0,0.0,0.0,0.0,,0.0,0.0,0.0918,-0.0746,0.0,1.03,0.03,0,False,0,False,False,False,False,0.6873651706780594,False,False,False,False,True,False,False,False,False,False,False,False,False,False,False,False,False,False,10.0,0.0,7.373271889400929,0.0,-0.2335535356302553,False,False,False,False,False,False,False,-1.0,False,2,False,False,124.07100927921752,,3,False,3,False,True,False,True,"market_above_ma60, avoid_chase",,close_below_ema20,-226.7,3.8,3.8,44.1,-0.4,False,1528,D
2026-09-21,29.25,29.35,28.85,28.9,633351,18407542,1907,永豐餘,,-0.149351342180303,-0.0546321605458932,-0.0947191816344097,29.3747818956272,28.85118997189686,27.842284719447456,43.0648723876384,14.08087450735167,0.5764118031257325,875781.25,25952031.85,31.0,28.85,-0.2878724712022118,0.1332410770949342,-0.0034482758620689,-0.011965811965812,29.25,0.9069053341067926,30.710487369264666,29.56250000000005,28.41451263073543,0.2114515291120164,0.0776651074343924,31.578947368420778,51.04166666666606,29.06000000000004,29.084999999999944,41499605.0,44086945.55,-86.0465116279071,-69.31702344546426,42.71528052636082,29.4375,27.75,,,,0.0,0.0,0.0,0.0,0.0,0.0,,0.0,0.0,0.0603,0.0003,0.0,13.02,0.01,0,False,0,False,False,True,True,0.7231840142729705,False,False,False,False,True,False,False,False,False,False,False,False,False,False,False,False,False,False,0.0,0.0,7.266435986159175,0.0,-0.3695688529061869,False,False,False,False,False,False,False,-1.0,False,3,False,False,172.79701390785547,,3,False,3,False,True,False,True,"ema60_gt_ema120, market_above_ma60, avoid_chase",,close_below_ema20,-178.0,11.0,11.0,44.1,-0.36,False,1528,D
2026-09-21,10.15,10.25,10.1,10.15,1316874,13381640,1909,榮成,,-0.0501248936346705,0.0651384046615763,-0.1152632982962469,10.454283693855851,10.254054897898532,10.057000898725892,46.533416068887306,8.976498162433074,0.4573724820157965,2681000.0,28862057.85,11.35,10.1,-0.540258243800587,,-0.0097560975609756,0.0,10.15,0.5020358977029545,11.457532679040105,10.692499999999995,9.927467320959888,0.1454399825895841,0.1430970641178597,18.75000000000003,20.896464646464665,10.170000000000073,10.365000000000007,97753734.0,104097288.1,-89.65517241379307,-108.06317539484652,31.31092440857516,5.425,5.575,,,,0.0,0.0,0.0,0.0,0.0,0.0,,0.0,0.0,0.2317,0.0629,0.0,10.32,-0.09,0,False,0,False,False,False,True,0.4911876165609847,False,False,False,False,True,False,False,False,False,False,False,False,False,False,False,False,False,False,20.0,12.0,11.82266009852216,0.0,-0.3990969133272265,False,False,True,False,False,False,False,-1.0,False,4,False,False,302.1227132056831,,3,False,3,False,True,False,True,"ema60_gt_ema120, market_above_ma60, avoid_chase, above_ichimoku_cloud",,close_below_ema20,-48.7,39.8,39.8,44.1,-0.58,False,1528,D
2026-09-21,18.8,18.8,18.65,18.65,28536026,533093953,2002,中鋼,,-0.1049513360365708,-0.0589692534661264,-0.0459820825704443,18.90969997021963,18.98711596654265,19.03741891978098,40.41457478612841,8.981926367123123,0.2259615643974228,24266186.8,460057221.35,19.35,18.65,-0.1403034181538325,0.0222702552268255,-0.0079787234042554,-0.0053333333333334,18.75,1.0608689015815422,19.363873413494574,18.96500000000001,18.566126586505447,0.1051378841719847,0.0420641617183825,0.0,7.692307692307925,18.679999999999744,18.85499999999993,173264352.0,219472616.05,-100.0,-123.23682256867144,39.03737986689647,19.175,19.1,,,,0.0,0.0,0.0,0.0,0.0,0.0,,0.0,0.0,0.1297,-0.0596,0.0,14.76,-0.24,0,False,0,False,False,False,False,1.175958391616766,False,False,False,False,True,True,False,False,False,False,False,False,False,False,False,False,False,False,20.0,12.0,3.753351206434332,0.0,-0.3387179126292358,False,False,False,False,False,False,False,-1.0,False,3,False,False,229.69496896461683,,3,False,3,False,True,False,True,"market_above_ma60, avoid_chase, liquidity_ok",,close_below_ema20,-121.1,22.1,22.1,44.1,0.05,False,1528,D
2026-09-21,86.9,87.2,85.0,85.5,1618283,138767248,2006,東和鋼鐵,,1.218802838515998,0.985717041456866,0.233085797059132,82.37435768472697,78.65976418229037,75.20827833066309,60.9738855737795,24.360295044943555,2.314350110204788,1709255.95,141130408.7,87.6,80.8,0.173464606347157,0.3865072563514283,0.0414129110840439,-0.023972602739726,87.6,2.834158673100321,85.42915140606642,82.12999999999974,78.83084859393306,1.0107373965625366,0.0803397395852111,58.33333333333336,71.36015325670512,83.51999999999971,82.72999999999993,112453696.0,104912211.05,-40.69767441860468,267.5925925925923,74.96782372440668,81.25,76.35,,,,0.0,0.0,0.0,0.0,0.0,0.0,,0.0,0.0,0.1512,0.0072,0.0,28.27,0.73,0,False,0,False,False,True,True,0.9467762859038168,False,True,True,False,True,True,False,False,False,True,False,False,True,False,False,False,True,True,0.0,-25.0,2.4561403508771864,8.0,0.37919133371752,False,False,True,False,False,False,False,-1.0,False,10,False,False,732.0180588636484,,5,False,3,False,False,False,False,"ema60_gt_ema120, rsi_strong, market_above_ma60, avoid_chase, liquidity_ok, adx_trending, obv_uptrend, bb_squeeze_breakout, mfi_strong, above_ichimoku_cloud",,,381.2,92.2,92.2,44.1,-0.16,False,1528,D
2026-09-21,6.99,6.99,6.83,6.91,94590,653248,2007,燁興,,-0.062170229841266,-0.0656180813085271,0.003447851467261,6.898524612031298,7.060808034708398,7.249901931061222,48.819661749574486,13.551723351088649,0.1174127263422742,184974.25,1275049.75,7.09,6.65,-0.2001371224707833,-0.1083223348498171,0.022189349112426,0.0,6.91,0.638071242364923,7.130571089332252,6.912499999999954,6.694428910667657,0.4942679242635765,0.0630947093909001,77.77777777777777,67.36736736736687,6.799999999999909,6.832999999999947,5938648.0,6034284.2,-28.205128205128084,-5.845568243610563,49.23761204902392,7.135,7.525,,,,0.0,0.0,0.0,0.0,0.0,0.0,,0.0,0.0,-0.2139,-0.3038,0.0,0.81,-0.03,0,False,0,True,True,False,False,0.5113684742606065,False,False,False,False,True,False,False,False,False,False,False,False,False,False,False,False,False,False,-10.0,0.0,2.6049204052098367,8.0,-0.1335856363688556,False,False,False,False,False,False,False,-1.0,False,4,False,False,206.5106571061798,,3,False,3,False,False,False,False,"macd_golden_cross, market_above_ma60, avoid_chase, hist_turn_positive",,,-144.3,17.3,17.3,44.1,-0.56,False,1528,D
2026-09-21,30.85,30.9,30.5,30.6,13780,421387,2008,高興昌,,-0.0046470697421199,-9.725020491420172e-05,-0.0045498195372057,30.720161592233826,30.492486362867435,29.917089443451648,48.335727192378044,47.1160500525318,0.4628868310995586,18594.6,570047.15,31.4,30.5,-0.0037462388656176,0.018715098849902,0.0032786885245901,-0.0113085621970919,30.95,1.048444158776284,31.24096065108877,30.720000000000027,30.199039348911285,0.3848281537681964,0.0339167090552566,11.111111111111288,33.70370370370377,30.68999999999996,30.675,-2544343.0,-2558361.5,-89.99999999999986,-23.255813953487845,38.28245895066908,30.65,30.325,,,,0.0,0.0,0.0,0.0,0.0,0.0,,0.0,0.0,0.0037,-0.0639,0.0,7.86,0.0,0,False,0,False,False,True,True,0.7410753659664634,False,False,True,False,True,False,False,False,False,True,False,False,False,False,False,False,False,True,20.0,0.0,2.614379084967311,8.0,0.1594479568466302,False,False,False,False,False,False,False,-1.0,False,5,False,False,412.3241291418242,,5,False,3,True,True,False,True,"ema60_gt_ema120, market_above_ma60, avoid_chase, adx_trending, obv_uptrend",,"macd_death_cross, close_below_ema20",61.5,60.4,60.4,44.1,-0.35,False,1528,D
2026-09-21,39.75,39.95,39.15,39.5,955791,37926123,2009,第一銅,,-0.0922367750229895,0.0354744951197126,-0.1277112701427022,39.530938070313695,39.41992717582264,39.759599081557774,49.89733257659705,21.717234967872844,1.1692027975702814,2597206.4,106308967.1,43.2,38.2,-0.3924245627088642,0.1151634088766654,0.0259740259740259,-0.0025252525252525,39.6,0.3340654052832719,42.47161650653967,40.035000000000124,37.59838349346058,0.390216618297492,0.1217243165499955,38.15789473684214,36.40350877192941,39.060000000000215,39.41500000000015,195234291.0,201594900.1,-61.84210526315786,-37.63608087091737,62.22866336027985,38.725,40.125,,,,0.0,0.0,0.0,0.0,0.0,0.0,,0.0,0.0,0.3027,-0.0201,0.0,2.71,0.07,0,False,0,False,False,True,False,0.3680073328018905,False,False,True,False,True,True,False,False,False,False,False,False,False,False,False,False,True,False,0.0,0.0,9.367088607594944,0.0,-0.9290979281099347,False,False,False,False,False,False,False,-1.0,False,5,False,False,337.5308981906997,,5,False,3,False,True,False,True,"market_above_ma60, avoid_chase, liquidity_ok, adx_trending, mfi_strong",,close_below_ema20,-13.3,47.1,47.1,44.1,-0.69,False,1528,D
2026-09-21,22.15,22.15,21.75,21.8,790708,17278293,2010,春源,,-0.1553523596641461,-0.0734918755871709,-0.0818604840769752,22.14827510738268,22.369542112223577,22.506981146479088,41.86316648206745,18.271791538315497,0.3362045596933001,734918.85,16391322.55,22.9,21.55,-0.27372094181963,0.0644407469196669,0.0,-0.009090909090909,22.0,0.9356352528367032,23.10117837197866,22.30499999999997,21.508821628021284,0.182860011165005,0.0713901252614829,27.272727272727305,35.35353535353594,21.77000000000008,22.005000000000017,13295853.0,14013721.55,-74.99999999999993,-79.9220272904476,27.65494838900696,22.075000000000003,22.9,,,,0.0,0.0,0.0,0.0,0.0,0.0,,0.0,0.0,-0.0624,-0.0494,0.0,8.64,-0.01,0,False,0,False,False,False,False,1.0759119867452032,False,False,False,False,True,False,False,False,False,False,False,False,False,False,False,False,False,False,10.0,12.0,5.045871559633017,0.0,-0.3111507519039024,False,False,False,False,False,False,False,-1.0,False,2,False,False,119.0253108446052,,3,False,3,False,True,False,True,"market_above_ma60, avoid_chase",,close_below_ema20,-231.8,3.5,3.5,44.1,-0.04,False,1528,D
2026-09-21,14.05,14.2,14.0,14.2,157819,2224560,2012,春雨,,-0.2668300173280666,-0.269504302691657,0.0026742853635903,14.400779951186266,14.863845395244532,15.195167553970558,38.47311279636393,35.57056777983588,0.2681469032974976,58427.5,838275.8,14.95,13.9,-0.3273129208387388,-0.270212731769802,0.017921146953405,0.0,14.2,1.0090341519690758,15.021051986159884,14.417500000000018,13.813948013840152,0.3198166810916529,0.0837249157149111,57.142857142857,49.32539682539694,14.06999999999989,14.169999999999982,953027.0,994789.55,-52.94117647058838,-73.17073170731692,23.83808394880852,15.3875,16.1,,,,0.0,0.0,0.0,0.0,0.0,0.0,,0.0,0.0,-0.0683,-0.0299,0.0,1.47,0.0,0,False,0,True,True,False,False,2.7011082110307645,True,False,True,False,True,False,False,False,False,False,False,False,False,False,False,False,False,False,0.0,0.0,5.281690140845071,0.0,-0.1423564261216792,False,False,False,False,False,False,False,-1.0,False,6,False,False,435.3028049968475,,8,False,3,False,True,False,True,"macd_golden_cross, volume_break, market_above_ma60, avoid_chase, hist_turn_positive, adx_trending",,close_below_ema20,84.5,64.9,64.9,44.1,1.45,False,1528,D
2026-09-21,41.65,41.65,41.15,41.35,24787,1023379,2013,中鋼構,,-0.0429816199718473,0.0218008102276447,-0.064782430199492,41.48407244570164,41.64956227181585,41.95544163365376,46.75514047342769,16.610275665285428,0.4834152505596711,59445.35,2478127.8,42.1,41.1,-0.0772910104915627,-0.010425429640229,-0.0036144578313253,0.0060827250608272,41.1,1.828431047835413,42.11491750570685,41.622500000000215,41.13008249429358,0.2233039069060222,0.0236611210622442,26.31578947368433,15.438596491228358,41.3,41.490000000000144,853636.0,1037142.25,-76.19047619047613,-112.73486430062432,42.27338549565003,41.45,42.3,,,,0.0,0.0,0.0,0.0,0.0,0.0,,0.0,0.0,0.1904,0.016,0.0,6.97,-0.04,0,False,0,False,False,False,False,0.4169712181020046,False,False,False,False,True,False,False,False,True,False,False,False,False,False,False,False,False,False,10.0,0.0,1.8137847642079803,15.0,-0.6892421048176707,False,False,False,False,False,False,False,-1.0,False,3,False,False,230.898806923208,,3,False,3,False,True,False,True,"market_above_ma60, avoid_chase, kd_golden_cross",,close_below_ema20,-119.9,22.6,22.6,44.1,-0.64,False,1528,D
2026-09-21,16.65,16.7,16.55,16.55,830007,13759771,2014,中鴻,,-0.184080794614303,-0.1482630069428779,-0.035817787671425,16.777318228924972,17.084881063666703,17.20303097425005,40.35075696211852,13.411210655535369,0.275737486564328,1591989.2,26788469.5,17.3,16.25,-0.2597960540170973,-0.0573851808083912,0.0030303030303031,0.0,16.55,0.946148432979495,17.42323865598775,16.84749999999999,16.27176134401223,0.2416362468405163,0.0683470729767336,38.88888888888896,37.52436647173514,16.45000000000018,16.635000000000037,224591983.0,228980499.3,-64.99999999999986,-68.25499034127625,32.23454665901079,17.3125,17.825,,,,0.0,0.0,0.0,0.0,0.0,0.0,,0.0,0.0,-0.2931,-0.1804,0.0,7.0,-0.14,0,False,0,False,False,False,False,0.5213647178008494,False,False,False,False,True,False,False,False,False,False,False,False,False,False,False,False,False,False,0.0,0.0,4.531722054380665,0.0,-0.6935838965278588,False,False,False,False,False,False,False,-1.0,False,2,False,False,56.8906404196742,,3,False,3,False,True,False,True,"market_above_ma60, avoid_chase",,close_below_ema20,-293.9,0.4,0.4,44.1,-0.55,False,1528,D
2026-09-21,65.2,65.2,63.8,64.7,161695,10399030,2015,豐興,,0.1001191756469523,0.121307158708521,-0.0211879830615686,64.47449009896938,64.029687890413,63.82449906264207,52.673243509248216,8.50780626150799,0.9170750775636164,167659.3,10800564.45,65.2,63.7,-0.0126877799622779,0.0689440896601424,0.0015479876160993,-0.0046153846153845,65.0,2.7539837563038065,65.29113857373159,64.55500000000066,63.81886142626974,0.5984868917168984,0.0228065548363694,68.75000000000003,68.75,64.42000000000044,64.5400000000005,-2115574.0,-2109090.2,-31.24999999999997,29.481692819779056,51.90537041457643,64.5,63.9,,,,0.0,0.0,0.0,0.0,0.0,0.0,,0.0,0.0,0.0967,-0.0672,0.0,12.8,-0.03,0,False,0,False,False,True,True,0.9644260712051166,False,False,False,False,True,False,False,False,False,False,False,False,False,False,False,False,True,False,0.0,0.0,0.7727975270479135,25.0,-0.0044984288649409,False,False,True,False,False,False,False,-1.0,False,5,False,False,354.5902795656719,,3,False,3,False,False,False,False,"ema60_gt_ema120, market_above_ma60, avoid_chase, mfi_strong, above_ichimoku_cloud",,,3.8,51.0,51.0,44.1,-0.14,False,1528,D
2026-09-21,8.89,8.97,8.8,8.92,233888,2071163,2017,官田鋼,,-0.0560391259519583,-0.0440817098932185,-0.0119574160587398,8.897437777058364,8.97797284154194,9.045117552196457,50.07757309850074,17.52655183523691,0.2028446474732934,893731.3,8295323.65,9.45,8.62,-0.3031315299344999,-0.0417931323769103,0.0288350634371394,0.0011223344556676,8.91,0.6329910957067785,9.381502421299848,8.968499999999995,8.555497578700143,0.4412836372153096,0.0921006681830523,79.06976744186048,57.55199144613774,8.783999999999924,8.808999999999923,10461377.0,10122194.5,-44.26229508196718,-35.2910870685206,35.612433575661896,8.8675,9.31,,,,0.0,0.0,0.0,0.0,0.0,0.0,,0.0,0.0,-0.173,0.2125,0.0,1.76,0.02,0,False,0,False,False,False,False,0.2616983426674213,False,False,False,False,True,False,False,False,False,True,False,False,False,False,False,False,False,False,-10.0,0.0,5.941704035874432,0.0,0.1624570829591441,False,False,False,False,False,False,False,-1.0,False,3,False,False,129.56646842218393,,3,False,3,False,False,False,False,"market_above_ma60, avoid_chase, obv_uptrend",,,-221.2,4.6,4.6,44.1,-0.79,False,1528,X
2026-09-21,21.5,21.6,21.4,21.4,253900,5441648,2020,美亞,,-0.0328616786857907,0.0224648742568187,-0.0553265529426094,21.58210770757651,21.62502913645602,21.962143753216395,44.26067503959288,15.506954730179707,0.2557837506691836,262843.25,5706488.05,21.95,21.35,-0.1236865499186092,0.0296231248495244,0.002341920374707,0.0,21.4,0.9313559201378178,22.05414282907657,21.69000000000005,21.32585717092353,0.1018045985753631,0.0335770243500709,9.09090909090862,12.950937950936956,21.45999999999985,21.56499999999996,-8522530.0,-8220349.85,-94.73684210526343,-107.8107810781073,40.51626267494327,21.3125,21.325000000000003,,,,0.0,0.0,0.0,0.0,0.0,0.0,,0.0,0.0,-0.3705,-0.042,0.0,1.94,-0.06,0,False,0,False,False,False,False,0.965974967970454,False,False,False,False,True,False,False,False,False,False,False,False,False,False,False,False,False,False,20.0,12.0,2.5700934579439285,8.0,-0.4365942321044265,False,False,True,False,False,False,False,-1.0,False,3,False,False,184.42061889445145,,3,False,3,False,True,False,True,"market_above_ma60, avoid_chase, above_ichimoku_cloud",,close_below_ema20,-166.4,12.8,12.8,44.1,-0.14,False,1528,D
2026-09-21,7.22,7.22,7.13,7.13,224423,1604547,2022,聚亨,,-0.1387049645948748,-0.1077355871764114,-0.0309693774184633,7.386230490286672,7.618702405329074,7.831095263708932,24.224282402623288,31.31098133050707,0.1333584007721817,270074.0,2000762.2,7.77,7.15,-0.4175399591999541,-0.1458402236333649,-0.0206043956043956,-0.0083449235048679,7.19,1.1114852188915627,7.805552698946135,7.435500000000047,7.065447301053959,0.087220954109897,0.0995367356455075,12.195121951219464,19.88739796212576,7.1680000000000295,7.277000000000044,1113369.0,2412498.7,-91.22807017543865,-110.17740429505086,26.207274982666632,7.7375,7.845000000000001,,,,0.0,0.0,0.0,0.0,0.0,0.0,,0.0,0.0,-0.0693,-0.1978,0.0,1.94,-0.01,0,False,0,False,False,False,False,0.8309685493605456,False,False,True,False,True,False,False,False,False,False,False,False,False,False,False,False,False,False,20.0,25.0,8.976157082748944,0.0,-1.1871331624231414,False,False,False,False,False,False,False,-1.0,False,3,False,False,229.06408754452767,,5,False,3,False,True,True,True,"market_above_ma60, avoid_chase, adx_trending",,"close_below_ema20, close_below_swing_low",-121.7,21.9,21.9,44.1,-0.26,False,1528,D
2026-09-21,13.7,13.7,13.6,13.6,847867,11565298,2023,燁輝,,-0.0418860763972652,-0.0023475466617373,-0.0395385297355278,13.795384493801798,13.830926995074304,13.961027632260937,41.30198864855245,21.4331097880818,0.2089942660580847,1130077.35,15614871.7,14.15,13.6,-0.0649619792266299,0.0133255085828368,-0.0180505415162455,0.0,13.6,1.9142001080603173,14.128998327776616,13.829999999999927,13.53100167222324,0.1153824643265119,0.0432390929539682,0.0,5.555555555555354,13.659999999999854,13.8099999999999,-42233157.0,-39822211.7,-100.0,-136.8421052631573,38.07337335128322,13.8625,13.925,,,,0.0,0.0,0.0,0.0,0.0,0.0,,0.0,0.0,-0.1431,-0.1653,0.0,3.99,-0.08,0,False,0,False,False,False,False,0.7502734215494187,False,False,True,False,True,False,False,False,False,False,False,False,False,False,False,False,False,False,20.0,12.0,4.044117647058829,0.0,-1.3150744944628845,False,False,False,False,False,False,False,-1.0,False,3,False,False,168.72184028193956,,5,False,3,False,True,False,True,"market_above_ma60, avoid_chase, adx_trending",,close_below_ema20,-182.1,10.3,10.3,44.1,-0.34,False,1528,D
2026-09-21,12.85,12.95,12.85,12.95,6455,83240,2024,志聯,,-0.2816340933934125,-0.4405433286250358,0.1589092352316233,12.463689793563562,13.092414858706364,13.593646055693876,50.9529054102557,12.398783128389038,1.425614080300351,13625.45,179321.65,13.6,0.0,,,-0.0076628352490422,-0.0038461538461539,13.0,1.041164927303541,18.31751245126388,12.545000000000028,6.772487548736178,0.5350800455970695,0.9202889519751032,98.1060606060606,97.61616054545873,12.910000000000036,11.715000000000009,-30715667.0,-30764851.4,-3.3582089552238883,19.52320871239788,21.41961191049647,13.6,13.9,,,,0.0,0.0,0.0,0.0,0.0,0.0,,0.0,0.0,0.121,-0.1255,0.0,0.64,-0.01,0,False,0,False,False,False,False,0.4737458212389315,False,False,False,False,True,False,False,False,False,True,False,False,False,False,False,False,False,True,-20.0,0.0,5.019305019305023,0.0,1.3967020343302483,False,False,False,False,False,False,False,-1.0,False,3,False,False,221.49788262435231,,3,False,3,False,False,False,False,"market_above_ma60, avoid_chase, obv_uptrend",,,-129.3,20.4,20.4,44.1,-0.59,False,1528,D
2026-09-21,12.4,12.4,12.25,12.4,221716,2730391,2025,千興,,-0.0960316237074359,-0.0571229565477181,-0.0389086671597177,12.452093186409268,12.489729486148551,12.31963784774557,48.07509287177396,15.372435461358608,0.3396589685210875,414824.95,5272348.5,13.45,11.85,-0.4611690230046673,0.0292393243138278,0.0081300813008129,0.0,12.4,0.4434787596351574,13.396511284088438,12.610000000000014,11.823488715911587,0.3664990545918196,0.1247440577459831,68.75000000000003,64.09313725490149,12.2,12.310000000000082,10716340.0,10474624.1,-49.99999999999992,-55.24861878453009,35.06473621770979,12.2125,13.525,,,,0.0,0.0,0.0,0.0,0.0,0.0,,0.0,0.0,1.0253,0.8852,0.0,1.69,0.08,0,False,0,False,False,False,True,0.5344808695812535,False,False,False,False,True,False,False,False,False,True,False,False,False,False,False,False,False,False,0.0,0.0,8.467741935483861,0.0,0.2449934764169251,False,False,False,False,False,False,False,-1.0,False,4,False,False,273.2847304128156,,3,False,3,False,True,False,True,"ema60_gt_ema120, market_above_ma60, avoid_chase, obv_uptrend",,close_below_ema20,-77.5,32.9,32.9,44.1,-0.54,False,1528,D
2026-09-21,47.6,47.65,46.6,46.65,5906011,276754936,2027,大成鋼,,-0.2016221528889374,0.2034717802833261,-0.4050939331722636,47.62004591821701,46.02535056552379,43.71035695618054,45.60086080809079,20.681217888427987,1.4305997795620269,13246770.6,639455083.95,51.0,45.0,-0.4404224315795251,0.3837557161533396,0.0196721311475409,-0.0147835269271383,47.35,0.9021742133120924,51.48582368926865,48.31750000000002,45.14917631073138,0.2368482258223844,0.1311460108353549,36.55913978494616,40.71232986844189,46.52999999999993,47.10500000000011,737028216.0,758824606.7,-70.94017094017099,-68.4779936070813,32.10156293966705,46.212500000000006,44.85,,,,0.0,0.0,0.0,0.0,0.0,0.0,,0.0,0.0,0.4609,-0.0184,0.0,25.32,0.09,0,False,0,False,False,True,True,0.4458453443739714,False,False,True,False,True,True,False,False,False,False,False,False,False,False,False,False,False,False,0.0,0.0,9.324758842443734,0.0,-0.2259089864329318,False,False,True,False,False,False,False,-1.0,False,6,False,False,416.7475456065445,,3,False,3,False,True,False,True,"ema60_gt_ema120, market_above_ma60, avoid_chase, liquidity_ok, adx_trending, above_ichimoku_cloud",,close_below_ema20,65.9,61.5,61.5,44.1,-0.62,False,1528,D
2026-09-21,15.6,15.95,15.55,15.95,130980,2074473,2028,威致,,0.0053537608787035,-0.0013430137121367,0.0066967745908403,15.722576773212271,15.9009362191283,16.34598360767999,57.60626809720838,11.765829861628132,0.2424896530914463,79716.85,1255677.7,16.0,15.6,-0.0367278272704944,-0.0161749121793853,0.0191693290734824,0.015923566878981,15.7,0.4168815573987687,15.972166419397746,15.747499999999992,15.522833580602237,0.9506681517932968,0.0285335982724565,84.6153846153844,53.84615384615366,15.690000000000143,15.71999999999998,-5240972.0,-5269410.55,-15.384615384615596,66.16862326574362,51.77677090517497,15.4875,16.225,,,,0.0,0.0,0.0,0.0,0.0,0.0,,0.0,0.0,0.1933,-0.0395,0.0,0.83,-0.02,0,False,0,True,True,True,False,1.6430654246875032,True,True,False,False,True,False,False,False,False,True,False,False,False,False,False,False,True,False,-20.0,-25.0,0.3134796238244559,25.0,0.1434160221818366,False,False,False,False,False,False,False,-1.0,False,8,False,False,538.1516465130571,,3,False,3,False,False,False,False,"macd_golden_cross, volume_break, rsi_strong, market_above_ma60, avoid_chase, hist_turn_positive, obv_uptrend, mfi_strong",,,187.3,75.8,75.8,44.1,0.48,False,1528,D
2026-09-21,20.95,21.3,20.95,21.2,428143,9062013,2029,盛餘,,-0.1509574579235497,-0.0537596938410524,-0.0971977640824972,21.26684327241428,21.18301851184187,21.07561458378904,48.01684526102615,16.521875665392702,0.3409909276837336,339624.85,7310981.45,22.45,20.6,-0.4171587853165157,0.0879968209022013,0.0167865707434051,0.0143540669856458,20.9,0.5886114357637328,22.63431466681336,21.517499999999973,20.400685333186587,0.3578546604756281,0.1038052438074486,49.999999999999865,32.78388278388229,20.839999999999964,21.05000000000009,-5282961.0,-4727028.65,-59.37500000000004,-55.08401177897122,33.26983620745894,20.75,20.625,,,,0.0,0.0,0.0,0.0,0.0,0.0,,0.0,0.0,-0.1703,-0.161,0.0,67.75,-0.13,0,False,0,False,False,True,True,1.2606350801479929,False,False,False,False,True,False,False,False,False,False,False,False,False,False,False,False,False,False,0.0,0.0,5.89622641509434,0.0,-0.4818285414794889,False,False,True,False,False,False,False,-1.0,False,4,False,False,206.82440830372605,,3,False,3,False,True,False,True,"ema60_gt_ema120, market_above_ma60, avoid_chase, above_ichimoku_cloud",,close_below_ema20,-144.0,17.5,17.5,44.1,0.13,False,1528,D
2026-09-21,24.8,24.8,23.95,24.8,3483382,85071891,2030,彰源,,0.8625200813181948,0.8790934283438694,-0.0165733470256745,23.074690724896417,21.03859334529938,19.406243485339164,67.14917694982483,33.9407418530899,0.8718559477369865,2817715.45,65847464.7,24.95,22.2,0.1909779225100608,0.6442208689905969,0.0689655172413794,-0.006012024048096,24.95,2.03861522798951,24.6813050266836,23.332499999999936,21.983694973316275,1.0440000485497312,0.1156159885724773,94.7368421052632,87.13450292397647,23.629999999999928,23.59999999999991,56802609.0,55671011.05,-5.263157894736796,207.33197556008204,77.9493432307154,19.2875,19.25,,,,0.0,0.0,0.0,0.0,0.0,0.0,,0.0,0.0,0.5769,0.0899,0.0,10.78,0.69,0,False,0,False,False,True,True,1.2362433545232538,False,True,True,False,False,True,False,False,False,True,False,False,True,False,False,False,True,True,-20.0,-25.0,0.6048387096774136,25.0,0.0590086363320978,False,False,True,False,False,False,False,-1.0,False,9,False,False,683.0705371812177,,8,False,3,False,False,False,False,"ema60_gt_ema120, rsi_strong, market_above_ma60, liquidity_ok, adx_trending, obv_uptrend, bb_squeeze_breakout, mfi_strong, above_ichimoku_cloud",,,332.3,88.9,88.9,44.1,0.11,False,1528,D
2026-09-21,45.0,45.0,44.3,44.65,238936,10648906,2031,新光鋼,,0.1688867216752427,0.338179976038299,-0.1692932543630562,44.3944147892044,43.018577098679145,41.77980266596976,53.42160675876319,18.761349678576725,0.9178512269499696,604969.55,27189981.2,46.55,43.3,-0.257729763088199,0.3428288331685138,0.0252583237657864,-0.0077777777777777,45.0,1.2668958146483331,46.54066313709952,44.825,43.10933686290049,0.4489993122146757,0.0765493870429229,80.55555555555544,76.12721417069224,44.13999999999978,44.23500000000004,17300841.0,17055561.8,-44.23076923076928,-15.488383712215978,42.18379748924935,42.7,42.45,,,,0.0,0.0,0.0,0.0,0.0,0.0,,0.0,0.0,0.1859,-0.1796,0.0,10.3,0.08,0,False,0,False,False,True,True,0.3949554155246326,False,False,False,False,True,False,False,False,False,True,False,False,False,False,False,False,False,False,-20.0,0.0,4.255319148936168,0.0,0.022849232943551,False,False,True,False,False,False,False,-1.0,False,5,False,False,329.22374495056897,,3,False,3,False,False,False,False,"ema60_gt_ema120, market_above_ma60, avoid_chase, obv_uptrend, above_ichimoku_cloud",,,-21.6,44.9,44.9,44.1,-0.66,False,1528,D
2026-09-21,17.05,17.05,16.8,17.0,153099,2589024,2032,新鋼,,0.0150001747119752,0.0470198374647131,-0.0320196627527378,16.947077795084894,16.834413380695878,16.649919528611182,51.41836652725589,14.672468011467766,0.3845930326023565,274462.15,4659080.8,17.4,16.6,-0.1600858731756153,0.1059465750238084,0.0210210210210211,-0.0058479532163743,17.1,1.581663638791014,17.49192104548957,17.055000000000064,16.61807895451056,0.437059566519113,0.0512367101131051,83.33333333333347,76.64995822890585,16.88000000000029,16.895000000000163,25775362.0,25987527.35,-31.818181818181905,-25.440313111547987,27.99805556105612,16.65,16.925,,,,0.0,0.0,0.0,0.0,0.0,0.0,,0.0,0.0,-0.0526,0.018,0.0,3.6,-0.02,0,False,0,False,False,True,True,0.5578146203401817,False,False,False,False,True,False,False,False,False,False,False,False,False,False,False,False,False,False,-20.0,0.0,2.35294117647058,8.0,-0.1021526205718836,False,False,True,False,False,False,False,-1.0,False,4,False,False,222.3523147565392,,3,False,3,False,False,False,False,"ema60_gt_ema120, market_above_ma60, avoid_chase, above_ichimoku_cloud",,,-128.5,20.6,20.6,44.1,-0.51,False,1528,D
2026-09-21,33.05,35.25,32.0,33.95,4526603,154033472,2033,佳大,,2.8721810119628337,2.316720294398577,0.5554607175642565,27.121759412068577,22.25370524217322,19.663139834656583,76.4273737131683,51.5545413308394,1.986477570486244,1994331.75,55944266.1,33.9,25.45,1.5788693853825035,1.3360346498511229,0.2739212007504692,0.0014749262536875,33.9,2.552421337546712,32.76965198742395,26.76249999999996,20.75534801257596,1.098245226277537,0.4489230817318267,86.73469387755105,95.57823129251726,30.45,28.764999999999965,38768856.0,24868779.45,-11.4035087719298,222.0474505177613,88.55365113654064,18.7375,18.55,,,,0.0,0.0,0.0,0.0,0.0,0.0,,0.0,0.0,0.0966,-0.0323,0.0,2.07,1.0,0,False,0,False,False,True,True,2.269734210469246,True,True,True,True,False,True,False,False,False,True,False,False,False,True,False,False,True,True,-20.0,-25.0,-0.1472754050073763,25.0,1.1020705770591392,False,False,True,False,False,False,False,-1.0,False,11,False,False,750.9221890294021,,8,False,3,False,False,False,False,"ema60_gt_ema120, volume_break, rsi_strong, breakout_20d, market_above_ma60, liquidity_ok, adx_trending, obv_uptrend, breakout_volume_confirm, mfi_strong, above_ichimoku_cloud",,,400.1,93.7,93.7,44.1,1.05,False,1528,C
2026-09-21,21.5,21.55,21.15,21.45,950186,20267135,2034,允強,,0.2750044984314286,0.2175258413105001,0.0574786571209284,20.678257681540963,20.326942247803743,20.303581117629225,67.99262181585203,26.897231596097846,0.4499059226653409,1169109.4,24222257.9,21.45,20.25,0.1648417806649431,0.0869556953256687,0.0566502463054185,0.0,21.45,1.9074435175349984,21.38668238975749,20.680000000000017,19.973317610242542,1.0447991991594985,0.0683445251216122,93.33333333333324,89.13580246913625,21.01999999999989,20.779999999999927,20041321.0,14473770.6,-6.666666666666761,191.90238491403304,80.40656792545384,19.4375,19.6,,,,0.0,0.0,0.0,0.0,0.0,0.0,,0.0,0.0,0.2675,-0.0617,0.0,6.13,0.54,0,False,0,False,False,True,True,0.8127434438556392,False,True,True,False,False,False,False,False,False,True,False,False,True,False,False,False,True,True,-20.0,-25.0,0.0,25.0,1.1243101376338926,False,False,True,False,False,False,False,-1.0,False,8,False,False,631.6191560901631,,5,False,3,False,False,False,False,"ema60_gt_ema120, rsi_strong, market_above_ma60, adx_trending, obv_uptrend, bb_squeeze_breakout, mfi_strong, above_ichimoku_cloud",,,280.8,84.4,84.4,44.1,-0.28,False,1528,D
2026-09-21,339.0,339.0,332.5,334.0,1300568,436238825,2049,上銀,,-4.57786006133,-1.449110700729067,-3.128749360600933,345.6556913149554,342.9772531479064,325.0497886495797,44.2907227198984,14.458516953992545,18.53759985144964,4093493.0,1438515763.75,370.5,323.5,-0.3476431008348026,0.1444244817148325,0.0324574961360124,-0.0014947683109117,334.5,0.6447580009502686,375.0648053486023,348.8,322.5351946513977,0.2182541464982224,0.1506009480997838,30.147058823529413,31.372549019607806,333.0,343.1,155696812.0,161506643.9,-69.8529411764706,-84.19906995151925,44.60803529679926,353.875,341.75,,,,0.0,0.0,0.0,0.0,0.0,0.0,,0.0,0.0,0.423,0.0098,0.0,38.88,-1.04,0,False,0,False,False,False,True,0.3177159457705192,False,False,False,False,True,True,False,False,False,False,False,False,False,False,False,False,False,False,0.0,0.0,10.928143712574853,0.0,-0.6933424112741107,False,False,False,False,False,False,False,-1.0,False,4,False,False,229.85705052241585,,3,False,3,False,True,False,True,"ema60_gt_ema120, market_above_ma60, avoid_chase, liquidity_ok",,close_below_ema20,-120.9,22.2,22.2,44.1,-0.73,False,1528,D
2026-09-21,12.15,12.2,12.0,12.05,140962,1703893,2038,海光,,-0.2014510760029804,-0.1657243751898547,-0.0357267008131257,12.325244145987462,12.747891133662932,13.275363840089597,39.53040335907774,28.28345097211395,0.2736296252336977,152499.35,1902026.95,13.0,11.75,-0.4916421183241569,-0.1210748502311122,0.0083682008368202,-0.008230452674897,12.15,0.6757180580303479,13.210920495190884,12.45,11.689079504809111,0.2371604507119671,0.1222362241270499,42.857142857143,40.57804940157924,12.010000000000035,12.10999999999999,18369776.0,18972177.55,-73.91304347826082,-73.47931873479307,21.84724894979645,12.65,13.375,,,,0.0,0.0,0.0,0.0,0.0,0.0,,0.0,0.0,-0.1653,-0.2092,0.0,1.7,-0.15,0,False,0,False,False,False,False,0.9243449234373784,False,False,True,False,True,False,False,False,False,False,False,False,False,False,False,False,False,False,0.0,0.0,7.883817427385886,0.0,-0.590421750803881,False,False,False,False,False,False,False,-1.0,False,3,False,False,162.1583882247272,,5,False,3,False,True,False,True,"market_above_ma60, avoid_chase, adx_trending",,close_below_ema20,-188.6,9.9,9.9,44.1,-0.18,False,1528,D
2026-09-21,24.5,24.5,23.7,24.2,648408,15671755,2069,運錩,,1.1194391678139652,0.972294108938987,0.1471450588749782,22.585513935594776,20.83361079324096,19.869800765848023,64.89649845161912,46.62001379824379,0.911585957208264,1266527.05,29171231.75,24.65,20.4,0.8831888246374607,0.4943955572804309,0.0125523012552302,-0.0122448979591837,24.5,0.7778905472001156,25.19504794785407,22.39249999999988,19.58995205214569,0.8224744114340765,0.2503113049328306,60.7843137254902,74.49346405228728,23.86999999999989,23.65999999999985,19861198.0,16020146.1,-20.83333333333333,91.18915588416527,66.18941020300525,19.2875,19.075000000000003,,,,0.0,0.0,0.0,0.0,0.0,0.0,,0.0,0.0,0.1886,0.1129,0.0,4.35,0.24,0,False,0,False,False,True,True,0.5119574824714561,False,True,True,False,True,False,False,False,False,True,False,False,False,False,False,False,True,True,0.0,-12.0,1.8595041322314023,15.0,0.995944622523605,False,False,True,False,False,False,False,-1.0,False,8,False,False,625.0709102949979,,8,True,3,False,False,False,False,"ema60_gt_ema120, rsi_strong, market_above_ma60, avoid_chase, adx_trending, obv_uptrend, mfi_strong, above_ichimoku_cloud",,,274.3,84.0,84.0,44.1,-0.56,False,1528,D
2026-09-21,18.35,18.35,18.0,18.05,369068,6661448,2062,橋椿,,-0.2479152471499262,-0.1387005363949643,-0.1092147107549618,18.59506782060144,18.920133807939827,19.42052909117958,36.779981073562176,28.643678655075405,0.3032760853008157,199229.5,3753698.85,19.55,18.0,-0.4348956827110313,-0.0412388399380967,-0.005509641873278,-0.0136612021857923,18.3,0.5373661624642008,19.98764720699104,18.82000000000007,17.6523527930091,0.1702771199254772,0.1240857818268827,3.2258064516129474,8.602150537635074,18.090000000000146,18.38500000000013,-4602519.0,-4497989.35,-96.87499999999994,-84.85216686917701,45.71563903726288,18.8375,18.925,,,,0.0,0.0,0.0,0.0,0.0,0.0,,0.0,0.0,0.222,0.091,0.0,6.85,-0.09,0,False,0,False,False,False,False,1.8524766663571408,True,False,True,False,True,False,False,False,False,False,False,False,False,False,False,False,False,False,20.0,12.0,8.310249307479225,0.0,-0.2299513373651953,False,False,False,False,False,False,False,-1.0,False,4,False,False,337.7653506151891,,8,False,3,False,True,False,True,"volume_break, market_above_ma60, avoid_chase, adx_trending",,close_below_ema20,-13.0,47.3,47.3,44.1,0.67,False,1528,D
2026-09-21,30.7,30.7,30.5,30.5,909129,27807194,2101,南港,,-0.6781914148645818,-0.6849714257583507,0.0067800108937688,31.05118899271892,32.12961149541973,32.98161141029751,39.70974195800561,23.661390996473905,0.6123217014875674,1425292.8,44486372.5,33.5,29.85,-0.4687935474607808,-0.1676064799815607,0.0116086235489221,-0.0032679738562092,30.6,1.166659702600866,33.04334837604714,31.12749999999996,29.21165162395278,0.3362344306978427,0.123096835662818,59.09090909090908,47.47474747474735,30.26000000000022,30.360000000000035,-48595205.0,-43352245.7,-67.50000000000007,-53.6796536796543,21.597072824057648,33.625,33.225,,,,0.0,0.0,0.0,0.0,0.0,0.0,,0.0,0.0,0.842,0.0466,0.0,6.23,-0.16,0,False,0,True,True,False,False,0.6378542009052456,False,False,True,False,True,False,False,False,False,False,False,False,False,False,False,False,False,False,0.0,0.0,9.836065573770492,0.0,-0.8636393979940951,False,False,False,False,False,False,False,-1.0,False,5,False,False,356.0148692331233,,5,False,3,False,True,False,True,"macd_golden_cross, market_above_ma60, avoid_chase, hist_turn_positive, adx_trending",,close_below_ema20,5.2,51.2,51.2,44.1,-0.44,False,1528,D
2026-09-21,17.3,17.3,17.0,17.05,1314741,22514983,2102,泰豐,,-0.3197440648894343,-0.2450913817034237,-0.0746526831860105,17.990179838899472,18.3972506773997,18.664001362729525,26.33154661310671,24.431632492992016,0.3315451743449426,637217.15,11183946.45,18.65,17.25,-0.3722205474204427,-0.096780600313482,-0.0474860335195529,-0.0115942028985507,17.25,12.31949833119148,18.94649297185593,18.075000000000045,17.20350702814416,-0.088071294377313,0.096430757605077,4.166666666666728,25.19841269841224,17.61000000000022,17.730000000000018,-6292689.0,1642893.6,-96.66666666666664,-187.1764237355641,8.678031123665917,18.9875,18.675,,,,0.0,0.0,0.0,0.0,0.0,0.0,,0.0,0.0,0.2999,0.0223,0.0,3.14,-0.81,0,False,0,False,False,False,False,2.063254261125897,True,False,True,False,True,False,False,False,False,False,False,False,False,False,False,False,False,False,20.0,25.0,9.384164222873888,0.0,-2.0,False,False,False,False,False,False,False,-1.0,False,4,False,False,316.63254261125894,,5,False,3,False,True,True,True,"volume_break, market_above_ma60, avoid_chase, adx_trending",,"close_below_ema20, close_below_swing_low",-34.2,42.1,42.1,44.1,0.86,False,1528,D
2026-09-21,27.9,27.95,27.4,27.8,1778319,49137801,2103,台橡,,0.2840076120367776,0.3351273523166851,-0.0511197402799075,26.984528643673,25.40791993154483,23.37742374221812,56.3107525042793,27.2629781904374,1.0196310297066613,4888450.5,133597849.35,28.8,25.45,-0.335480850573772,0.4448768268170972,0.0923379174852652,0.0072463768115942,27.6,0.8980936424242548,29.48475932137012,27.34250000000002,25.20024067862992,0.6067797897845961,0.1566981308490518,80.30303030303035,82.32323232323203,27.240000000000144,26.55000000000009,176738924.0,179479375.4,-32.05128205128204,24.940787033073374,28.72721824036455,24.775,24.175,,,,0.0,0.0,0.0,0.0,0.0,0.0,,0.0,0.0,0.2179,-0.0536,0.0,26.34,0.5,0,False,0,False,False,True,True,0.3637796884718378,False,True,True,False,False,True,False,False,False,False,False,False,False,False,False,False,False,True,-20.0,0.0,3.597122302158273,0.0,-0.0952155504715682,False,False,True,False,False,False,False,-1.0,False,6,False,False,437.4952102790596,,3,True,3,False,False,False,False,"ema60_gt_ema120, rsi_strong, market_above_ma60, liquidity_ok, adx_trending, above_ichimoku_cloud",,,86.7,65.2,65.2,44.1,-0.69,False,1528,D
2026-09-21,10.45,10.6,10.45,10.6,1297102,13608057,2104,國際中橡,,0.0685053079288238,0.048661361333022,0.0198439465958017,10.438845820933452,10.413449165739326,10.588869122868903,54.26409270438716,23.67635155309962,0.3001835374351772,3448937.6,36072157.45,10.8,10.05,0.0963326541474444,-0.0117407661053149,0.0291262135922329,0.0047393364928909,10.55,0.7895610122311415,10.81806488013834,10.425,10.031935119861664,0.722609559951538,0.0754081304821751,58.82352941176473,65.43670099618733,10.53000000000002,10.495000000000028,-12981558.0,-17265791.75,-35.71428571428573,62.15846994535478,51.83728913543567,10.2,10.55,,,,0.0,0.0,0.0,0.0,0.0,0.0,,0.0,0.0,0.0028,-0.2166,0.0,6.23,0.23,0,False,0,False,False,True,False,0.3760874073221852,False,False,True,False,True,False,False,False,False,True,False,False,False,False,False,False,True,True,0.0,0.0,1.8867924528301987,15.0,0.3398937552944769,False,False,True,False,False,False,False,-1.0,False,6,False,False,457.8395991367556,,5,False,3,False,False,False,False,"market_above_ma60, avoid_chase, adx_trending, obv_uptrend, mfi_strong, above_ichimoku_cloud",,,107.0,67.6,67.6,44.1,-0.68,False,1528,D
2026-09-21,30.0,30.25,29.95,30.05,2281678,68695367,2105,正新,,-0.3154987913362497,-0.2565612040593104,-0.0589375872769392,30.505449944534995,31.026616148550875,31.422130148633816,39.54726800988337,10.740397031607609,0.4627489209043546,4003138.35,122248366.7,31.45,29.9,-0.2352145748842522,-0.0911357548137853,-0.0033167495854062,0.0016666666666667,30.0,1.6713388499746604,31.52869427127949,30.617500000000017,29.70630572872054,0.1885954961047182,0.0595211412610093,22.727272727272773,21.043771043770903,30.009999999999856,30.259999999999856,-134340240.0,-113876754.95,-81.48148148148145,-103.74639769452484,15.074048117379776,31.7375,32.175,,,,0.0,0.0,0.0,0.0,0.0,0.0,,0.0,0.0,0.0464,-0.0299,0.0,8.59,-0.3,0,False,0,False,False,False,False,0.5699723068526972,False,False,False,False,True,True,False,False,False,False,False,False,False,False,False,False,False,False,10.0,12.0,4.658901830282857,0.0,-0.7914122299263452,False,False,False,True,False,False,False,-1.0,False,3,True,False,188.2027763094108,,3,False,3,False,True,False,True,"market_above_ma60, avoid_chase, liquidity_ok",long_upper_shadow,close_below_ema20,-162.6,13.4,13.4,44.1,-0.5,False,1528,D
2026-09-21,16.5,16.6,16.45,16.6,345544,5715326,2106,建大,,-0.2880773601236015,-0.2612122459203283,-0.0268651142032732,16.922607362799997,17.357534073081617,17.774409364429772,39.73835885583509,20.63853636318601,0.2978830264890803,1949408.9,33120865.15,17.45,16.4,-0.2630532978198192,-0.1023411401025417,0.0030211480362538,0.0121951219512197,16.4,1.1611280243292412,17.55957985878209,16.935000000000038,16.310420141217985,0.231819722258339,0.0737620146184884,28.57142857142886,16.541353383458652,16.55,16.685000000000038,-18110029.0,-17226047.3,-80.9523809523807,-100.93299406276452,17.09484420839867,18.125,17.85,,,,0.0,0.0,0.0,0.0,0.0,0.0,,0.0,0.0,0.0808,-0.1037,0.0,7.21,-0.26,0,False,0,False,False,False,False,0.1772557825092519,False,False,True,False,True,False,False,False,True,False,False,False,False,False,False,False,False,False,10.0,0.0,5.12048192771083,0.0,-0.2474742373465418,False,False,False,False,False,False,False,-1.0,False,4,False,False,283.802866976934,,5,False,3,False,True,False,True,"market_above_ma60, avoid_chase, adx_trending, kd_golden_cross",,close_below_ema20,-67.0,35.9,35.9,44.1,-0.86,False,1528,X
2026-09-21,27.05,27.3,27.0,27.05,237491,6445550,2107,厚生,,0.2124283794377532,0.220400549969714,-0.0079721705319607,26.73212307838642,26.272380309010128,25.90590620416577,58.827204312434255,24.08264248890901,0.3734849513200343,251968.05,6772049.0,27.3,26.5,0.0022895995342078,0.09769344241792,0.0169172932330827,-0.0091575091575091,27.3,1.5592733620574848,27.22148351241513,26.85,26.47851648758488,0.7691909510327091,0.0276710251333429,66.66666666666667,76.38888888888869,26.900000000000183,26.85500000000011,3531035.0,3270696.75,-26.31578947368423,140.55201698513542,49.57670182147207,25.6125,25.8,,,,0.0,0.0,0.0,0.0,0.0,0.0,,0.0,0.0,0.2051,0.0075,0.0,6.71,0.02,0,False,0,False,False,True,True,0.942544104302113,False,True,True,False,True,False,False,False,False,True,False,False,False,False,False,False,False,True,0.0,0.0,0.9242144177449167,25.0,0.1923831108007129,False,False,True,False,False,False,False,-1.0,False,7,False,False,541.7340383726297,,5,False,3,False,False,False,False,"ema60_gt_ema120, rsi_strong, market_above_ma60, avoid_chase, adx_trending, obv_uptrend, above_ichimoku_cloud",,,190.9,76.1,76.1,44.1,-0.16,False,1528,D
2026-09-21,28.75,28.95,28.65,28.85,235753,6788143,2108,南帝,,-0.225855226804768,-0.0947598404165849,-0.131095386388183,29.057269608606745,28.87872226977192,28.0895904427542,47.89565280744598,19.54648388325544,0.8542945267976677,754557.55,22174513.85,30.65,27.75,-0.4433625253066949,0.0854937151144429,0.0340501792114695,0.0087412587412587,28.6,0.9115905555764232,31.19747011226565,29.41999999999998,27.642529887734312,0.3396597512198325,0.120834134076524,67.3913043478261,61.91040843214736,28.47000000000008,28.7,20678755.0,20913018.85,-58.10810810810808,-53.8493899873797,35.01950687840997,28.8375,29.4,,,,0.0,0.0,0.0,0.0,0.0,0.0,,0.0,0.0,0.4183,0.0177,0.0,6.6,0.0,0,False,0,False,False,False,True,0.3124387265093298,False,False,False,False,True,False,False,False,False,False,False,False,False,False,False,False,False,False,0.0,0.0,6.239168110918534,0.0,-0.1012095309104548,False,False,False,False,False,False,False,-1.0,False,3,False,False,191.90987289416785,,3,False,3,False,True,False,True,"ema60_gt_ema120, market_above_ma60, avoid_chase",,close_below_ema20,-158.9,14.3,14.3,44.1,-0.74,False,1528,D
2026-09-21,14.8,14.85,14.7,14.75,38425,567801,2109,華豐,,0.0154057434136021,0.0336778976200076,-0.0182721542064055,14.753976306360462,14.673737649130448,14.681214563781063,50.60115398813576,10.5208122818449,0.1695948232690748,97480.45,1442826.85,14.95,14.7,-0.028789256698125,0.0202159412416862,0.0,0.0034013605442178,14.7,1.74528868816626,14.924886316638611,14.7875,14.650113683361386,0.3635235265145029,0.0185814122250026,37.50000000000006,37.5,14.729999999999928,14.769999999999891,-834086.0,-673197.0,-62.49999999999994,-57.777777777774254,53.7888168463362,14.525,14.6,,,,0.0,0.0,0.0,0.0,0.0,0.0,,0.0,0.0,0.1049,-0.2198,0.0,15.28,-0.02,0,False,0,False,False,True,False,0.3941816025674892,False,False,False,False,True,False,False,False,True,False,False,False,False,False,False,False,True,False,0.0,0.0,1.3559322033898256,15.0,-0.5691462806006511,False,False,True,False,False,False,False,-1.0,False,5,False,False,372.11206065846704,,3,False,3,False,True,False,True,"market_above_ma60, avoid_chase, kd_golden_cross, mfi_strong, above_ichimoku_cloud",,close_below_ema20,21.3,54.3,54.3,44.1,-0.66,False,1528,D
2026-09-21,89.4,89.7,89.1,89.7,29365,2628045,2114,鑫永銓,,0.1824438366368213,0.1902488262526955,-0.0078049896158742,89.08691755829302,88.90744885884504,89.03079960435726,58.17239118201373,17.458121995526657,0.7759046792367094,30672.9,2745642.15,90.0,88.6,-0.0008903414774867,0.0091826718921279,0.0101351351351353,0.0022346368715084,89.5,0.5505493066074649,90.14335015306035,89.23499999999949,88.32664984693861,0.7559585631342705,0.0203586071174065,83.33333333333347,66.13756613756657,89.09999999999927,89.21999999999935,325002.0,297212.55,-28.571428571428378,48.17404817404701,48.754636861619225,88.1,90.4,,,,0.0,0.0,0.0,0.0,0.0,0.0,,0.0,0.0,0.1118,0.0532,0.0,4.17,-0.06,0,False,0,False,False,True,False,0.957359754049992,False,True,False,False,True,False,False,False,False,True,False,False,False,False,False,False,False,False,-20.0,0.0,0.3344481605351139,25.0,0.1979271220238168,False,False,False,False,False,False,False,-1.0,False,4,False,False,281.94872300478573,,3,False,3,False,False,False,False,"rsi_strong, market_above_ma60, avoid_chase, obv_uptrend",,,-68.9,35.5,35.5,44.1,-0.15,False,1528,D
2026-09-21,23.7,24.0,23.65,23.85,37710,898397,2115,六暉-KY,,0.2134973640554704,0.2920131254157364,-0.0785157613602659,23.720182938212385,22.995054389570303,22.763712331331384,57.1842117453819,55.07854670134081,0.3968711099369099,54861.85,1314492.45,24.2,23.65,-0.0328203377582274,0.2692913771318828,0.0021008403361344,0.0021008403361344,23.8,0.5591798695246971,24.12896850201077,23.875,23.62103149798923,0.450781298070305,0.0212748483359808,20.000000000000284,22.77777777777798,23.789999999999964,23.85500000000001,-1638425.0,-1673543.25,-72.7272727272726,-52.10084033613683,49.37047757684828,22.45,21.85,,,,0.0,0.0,0.0,0.0,0.0,0.0,,0.0,0.0,0.4741,-0.0037,0.0,44.45,-0.01,0,False,0,False,False,True,True,0.6873628942516521,False,True,True,False,True,False,False,False,False,True,False,False,False,False,False,False,False,False,10.0,0.0,1.467505241090138,15.0,0.0614422552873199,False,False,True,False,False,False,False,-1.0,False,7,False,False,552.6109360059643,,5,False,3,False,False,False,False,"ema60_gt_ema120, rsi_strong, market_above_ma60, avoid_chase, adx_trending, obv_uptrend, above_ichimoku_cloud",,,201.8,76.8,76.8,44.1,-0.4,False,1528,D
2026-09-21,29.7,29.95,29.2,29.25,4093458,120623027,2201,裕隆,,0.2599886931613469,0.4537756523280272,-0.1937869591666803,29.85159854242508,29.069000833574226,28.998070210779456,46.3914333022714,20.6684436987168,0.7253118325696912,5254594.8,159559731.5,31.95,29.6,0.1051898194115817,0.1650050130426627,-0.037828947368421,-0.0118243243243243,29.6,2.740883952358262,32.03695783317141,30.07750000000005,28.1180421668287,0.28884465233407,0.1302939295600598,3.2258064516129474,21.27728901922456,29.790000000000145,30.050000000000185,-45940102.0,-30294018.8,-98.2142857142857,-53.5423529857244,23.99764990924467,28.0,28.25,,,,0.0,0.0,0.0,0.0,0.0,0.0,,0.0,0.0,-0.0202,-0.0229,0.0,4.96,0.04,0,False,0,False,False,True,True,0.7790244834863385,False,False,True,False,True,True,False,False,False,False,False,False,False,False,False,False,False,False,20.0,0.0,9.230769230769228,0.0,-1.6269166110233275,False,False,True,False,False,False,False,-1.0,False,6,False,False,383.2672455025834,,5,False,3,False,True,True,True,"ema60_gt_ema120, market_above_ma60, avoid_chase, liquidity_ok, adx_trending, above_ichimoku_cloud",,"close_below_ema20, close_below_swing_low",32.5,56.4,56.4,44.1,-0.31,False,1528,D
2026-09-21,52.7,53.1,52.5,52.7,398998,21071737,2204,中華,,-0.2735040867750271,-0.1584198292496857,-0.1150842575253413,53.05785080576674,53.60529439624691,54.34641103073823,45.188936742804245,11.91097181230474,0.7836143742786644,569841.2,30515072.35,54.8,52.0,-0.2115060448954488,-0.1138201134823741,0.0019011406844107,0.0,52.7,0.9814945354818602,54.99606431144311,53.41000000000004,51.82393568855697,0.276175532455538,0.0593920356278998,47.05882352941194,40.64601686085128,52.42000000000044,52.73000000000011,-6287596.0,-5640329.6,-74.99999999999989,-69.38954765041623,29.19683172715133,52.875,54.1,,,,0.0,0.0,0.0,0.0,0.0,0.0,,0.0,0.0,-0.0304,-0.2164,0.0,18.78,-0.05,0,False,0,False,False,False,False,0.7001915621404701,False,False,False,False,True,False,False,False,False,False,False,False,False,False,False,False,False,False,0.0,0.0,3.98481973434534,0.0,-0.1694228049277803,False,False,False,False,False,False,False,-1.0,False,2,False,False,94.96884196227134,,3,False,3,False,True,False,True,"market_above_ma60, avoid_chase",,close_below_ema20,-255.8,2.3,2.3,44.1,-0.38,False,1528,D
2026-09-21,64.1,64.1,63.3,63.8,411369,26254861,2206,三陽工業,,0.2710480474142898,0.2597291275948237,0.011318919819466,63.476609165923215,62.75717300701572,61.966344809617176,54.722820149107456,9.644222123311124,1.034550343617768,677541.3,42967503.5,64.2,63.1,0.034025664739041,0.0230848998593602,0.0110935023771789,-0.0046801872074883,64.1,3.616045310203648,64.25138755189204,63.52999999999993,62.80861244810782,0.6871393533835535,0.0227101385768017,61.90476190476193,73.80952380952355,63.77999999999956,63.69999999999963,27447150.0,24088612.85,-36.3636363636363,78.45303867402934,75.58104426925114,62.325,63.05,,,,0.0,0.0,0.0,0.0,0.0,0.0,,0.0,0.0,-0.0022,-0.0969,0.0,7.94,0.0,0,False,0,False,False,True,True,0.6071497043796444,False,False,False,False,True,False,False,False,False,True,False,False,False,False,False,False,True,True,0.0,0.0,0.6269592476489118,25.0,1.017431633600679,False,False,True,False,False,False,False,-1.0,False,6,False,False,433.2806766470046,,3,False,3,False,False,False,False,"ema60_gt_ema120, market_above_ma60, avoid_chase, obv_uptrend, mfi_strong, above_ichimoku_cloud",,,82.5,64.7,64.7,44.1,-0.47,False,1528,D
2026-09-21,535.0,535.0,523.0,523.0,152604,80445569,2207,和泰車,,4.387296391049858,5.37723065274149,-0.9899342616916318,526.3158543781705,513.4795706012806,509.7559761469099,49.53679266341974,19.762984475968,12.527509344830502,271195.35,142652917.9,539.0,520.0,0.1217119638903042,0.2140031704765539,-0.0278810408921933,-0.026070763500931,537.0,2.3869652317993184,542.6531843904303,526.95,511.2468156095698,0.3742293313957633,0.059600282343411,28.0,54.0,528.4,530.3,9861117.0,9818663.5,-67.56756756756756,8.808921375692059,60.61624324104771,519.5,514.0,,,,0.0,0.0,0.0,0.0,0.0,0.0,,0.0,0.0,0.1057,-0.1079,0.0,22.54,0.05,0,False,0,False,False,True,True,0.5627087632586621,False,False,False,False,True,True,False,False,False,True,False,False,False,False,False,False,True,False,10.0,0.0,3.0592734225621414,8.0,0.0213640588299559,False,False,True,False,False,False,False,-1.0,False,7,False,False,498.88345633854607,,3,False,3,False,True,False,True,"ema60_gt_ema120, market_above_ma60, avoid_chase, liquidity_ok, obv_uptrend, mfi_strong, above_ichimoku_cloud",,close_below_ema20,148.1,72.3,72.3,44.1,-0.51,False,1528,D
2026-09-21,19.2,19.3,19.0,19.2,1615611,30987911,2208,台船,,-0.0480662180707156,-0.0828287768684236,0.0347625587977079,19.038086184543136,19.176101464741755,19.439231147880264,52.754853512034245,19.46891074487888,0.3769103750727159,2056021.4,39316080.3,19.4,18.7,-0.0634606056611987,-0.0936255974334443,0.0052356020942407,0.0026109660574413,19.15,0.8587185180328687,19.411663120547185,19.020000000000028,18.62833687945287,0.7297893145370815,0.04118434495764,83.33333333333313,73.23232323232332,18.989999999999963,18.95500000000002,295976379.0,292386099.6,-16.666666666666863,40.0000000000005,57.37981164217607,20.1,19.975,,,,0.0,0.0,0.0,0.0,0.0,0.0,,0.0,0.0,0.5564,0.41,0.0,6.61,-0.04,0,False,0,False,False,True,False,0.7857948365712536,False,False,False,False,True,False,False,False,False,True,False,False,False,False,False,False,True,True,-20.0,0.0,1.041666666666663,15.0,0.2709095376718728,False,False,False,False,False,False,False,-1.0,False,4,False,False,296.10886281777505,,3,False,3,False,False,False,False,"market_above_ma60, avoid_chase, obv_uptrend, mfi_strong",,,-54.7,38.4,38.4,44.1,-0.31,False,1528,D
2026-09-21,80.8,80.8,80.2,80.4,386203,31067255,2211,長榮鋼,,-1.3790458365033231,-1.328038516693638,-0.0510073198096849,82.28097495115415,86.14772904831985,90.12931406231776,34.638519077204265,30.588835710005213,1.091733201782155,464972.2,38095321.25,84.8,80.1,-0.2214100423476967,-0.3061852400987328,-0.0024813895781636,-0.0049504950495048,80.8,0.7029805436360747,85.07146608019599,82.38499999999968,79.69853391980337,0.1305555438364923,0.0652173594755434,10.000000000000142,14.166666666666666,80.37999999999957,81.58999999999978,-12399535.0,-10166747.9,-90.24390243902424,-116.03624901497308,23.83212193239217,86.225,88.85,,,,0.0,0.0,0.0,0.0,0.0,0.0,,0.0,0.0,0.1185,-0.0334,0.0,3.76,-0.07,0,False,0,False,False,False,False,0.8305937430237764,False,False,True,False,True,False,False,False,False,False,False,False,False,False,False,False,False,False,20.0,12.0,5.472636815920387,0.0,-0.4377915392164306,False,False,False,False,False,False,False,-1.0,False,3,False,False,265.05243895964065,,5,False,3,False,True,False,True,"market_above_ma60, avoid_chase, adx_trending",,close_below_ema20,-85.8,30.4,30.4,44.1,-0.26,False,1528,D
2026-09-21,46.0,46.0,45.25,45.4,49190,2230392,2227,裕日車,,-0.879197569424214,-0.7018167645552997,-0.1773808048689142,46.978920934418,48.42261401800346,49.72676192240859,29.58648075874004,27.960019394182503,0.7142560685686128,43766.0,2046591.55,49.0,45.35,-0.3278511552464198,-0.1391944339201084,-0.024704618689581,-0.0087336244541484,45.8,1.1166545610421157,49.23456517174548,47.16499999999987,45.09543482825426,0.0735819233681937,0.0877585146505084,10.714285714285625,13.702476958525343,45.52999999999993,46.41999999999989,-1801843.0,-1619073.45,-90.62500000000009,-125.082117987124,26.09106183938892,49.575,49.8,,,,0.0,0.0,0.0,0.0,0.0,0.0,,0.0,0.0,-0.0347,-0.1368,0.0,40.44,-0.02,0,False,0,False,False,False,False,1.1239318192203993,False,False,True,False,True,False,False,False,False,False,False,False,False,False,False,False,False,False,20.0,25.0,7.929515418502206,0.0,-0.95165122931584,False,False,False,False,False,False,False,-1.0,False,3,False,False,234.8195034404139,,5,False,3,False,True,False,True,"market_above_ma60, avoid_chase, adx_trending",,close_below_ema20,-116.0,23.2,23.2,44.1,0.0,False,1528,D
2026-09-21,74.3,75.4,73.9,74.0,401050,29815611,2228,劍麟,,-0.5726209260603952,-0.6869606106705096,0.1143396846101144,75.1155556560584,77.92884627860548,82.09088162857422,43.214653322302674,16.46025366920275,1.661076633546381,162830.25,12104879.15,76.9,73.4,0.0626064459384612,-0.2612995425076836,-0.0120160213618157,0.0081743869209809,73.4,8.049201636568924,76.3886487085725,74.71500000000015,73.04135129142779,0.2863948401065451,0.0448008755557078,12.76595744680842,37.58865248226963,74.84000000000087,75.09000000000052,-6227297.0,-5671910.65,-87.23404255319159,-43.2789681270661,20.758233162044903,78.775,82.3,,,,0.0,0.0,0.0,0.0,0.0,0.0,,0.0,0.0,-0.0062,-0.0899,0.0,3.47,-0.29,0,False,0,False,False,False,False,2.462994437458642,True,False,False,False,True,False,False,False,False,False,False,False,False,False,False,False,False,False,20.0,0.0,3.918918918918927,0.0,-0.7182027734644969,False,False,False,True,False,False,False,-1.0,False,3,True,False,136.01151109301244,,3,False,3,False,True,False,True,"volume_break, market_above_ma60, avoid_chase",long_upper_shadow,close_below_ema20,-214.8,5.7,5.7,44.1,1.23,False,1528,D
2026-09-21,91.8,93.4,91.1,93.3,177980,16468581,2231,為升,,-1.428173797881783,-2.012394213335845,0.5842204154540616,91.6484942408934,96.14803911597951,99.04513272649449,52.21360810528935,9.400808491104428,2.5382384072410926,169689.65,15538197.9,95.0,89.0,-0.1201681406032035,-0.4167424229968203,0.040133779264214,0.0230263157894736,91.2,0.901874102590073,93.99109947134993,90.95500000000013,87.91890052865031,0.8861862929934468,0.0667604743301587,97.9591836734692,71.70068027210861,90.75999999999983,90.2,35554359.0,35359206.9,-11.111111111111258,77.97219664079378,58.84935655955727,103.3,107.15,,,,0.0,0.0,0.0,0.0,0.0,0.0,,0.0,0.0,-0.2585,-0.1057,0.0,4.05,0.13,0,False,0,False,False,False,False,1.0488559555635832,False,False,False,False,True,False,False,False,False,True,False,False,False,False,False,False,True,True,-20.0,-12.0,1.822079314040732,15.0,0.070929323377548,False,False,False,False,False,False,False,-1.0,False,4,False,False,214.33971143616645,,3,False,3,False,False,False,False,"market_above_ma60, avoid_chase, obv_uptrend, mfi_strong",,,-136.5,19.4,19.4,44.1,-0.07,False,1528,D
2026-09-21,162.0,163.5,160.5,160.5,219215,35405892,2233,宇隆,,-9.319703341017345,-10.539666968160663,1.2199636271433183,167.45804923073482,196.3610026937742,216.959016717554,38.6386583018986,32.0803742380555,7.183951362346816,677692.1,111837849.7,177.0,156.5,-0.5722032876340502,-0.7741868257845359,0.0222929936305733,-0.0092592592592593,162.0,0.5317739860242684,178.51561547488083,165.7,152.88438452511917,0.2971225022242508,0.1546845561240898,44.82758620689656,39.21568627450991,158.8,160.25,18951765.0,20143103.45,-69.76744186046511,-56.27418463239332,40.46301697220947,213.125,261.75,,,,0.0,0.0,0.0,0.0,0.0,0.0,,0.0,0.0,0.2127,0.0099,0.0,9.13,0.34,0,False,0,False,False,False,False,0.3234728573639858,False,False,True,False,True,True,False,False,False,False,False,False,False,False,False,False,False,False,0.0,0.0,10.2803738317757,0.0,-0.1857430982389334,False,False,False,False,False,False,False,-1.0,False,4,False,False,301.00581139477265,,8,False,3,False,True,False,True,"market_above_ma60, avoid_chase, liquidity_ok, adx_trending",,close_below_ema20,-49.8,39.6,39.6,44.1,-0.73,False,1528,D
2026-09-21,115.0,115.0,109.0,109.0,592981,66023602,2236,百達-KY,,-4.248308480755014,-3.9360570497130727,-0.3122514310419415,120.28083592313487,129.02779679471735,129.71634544227925,32.04414512648238,25.272671010732,6.146074068906766,382047.15,44830606.15,127.0,114.0,-0.2875143415954074,-0.7286485220334021,-0.0916666666666666,-0.0643776824034334,116.5,0.5690893151453519,127.4604232685736,119.9,112.33957673142642,-0.2208591115068939,0.1261121479328371,11.11111111111111,34.07407407407421,114.9,118.85,-4355321.0,-1925161.15,-88.88888888888889,-224.10546139359693,30.90590987571845,137.625,152.0,,,,0.0,0.0,0.0,0.0,0.0,0.0,,0.0,0.0,0.2924,-0.0273,0.0,48.97,0.15,0,False,0,False,False,False,False,1.5521147062607323,True,False,True,False,True,False,False,False,False,False,False,False,False,False,False,False,False,False,20.0,25.0,16.51376146788991,0.0,-1.2897836843171822,False,False,False,False,False,False,False,-1.0,False,4,False,False,335.04374285080115,,3,False,3,True,True,True,True,"volume_break, market_above_ma60, avoid_chase, adx_trending",,"macd_death_cross, close_below_ema20, close_below_swing_low",-15.8,46.1,46.1,44.1,0.4,False,1528,D
2026-09-21,27.15,27.25,27.1,27.1,59369,1613283,2237,華德動能-創,,-0.8432503643094265,-1.0486273541764497,0.2053769898670232,27.72282531575288,30.64508154385784,31.9441548874914,33.470134893620695,28.41512221275379,0.5617164146454373,135353.7,3749761.1,28.1,26.8,-0.1927936706455293,-0.8830250711186631,0.0111940298507462,-0.0018416206261508,27.15,0.4352436583690975,28.33691698398013,27.56000000000004,26.78308301601994,0.2039580743598338,0.0563800423788168,25.806451612903352,30.10752688172033,27.089999999999783,27.28499999999985,4133894.0,4206347.6,-74.19354838709666,-86.71143165050108,35.84139151910729,32.375,35.375,,,,0.0,0.0,0.0,0.0,0.0,0.0,,0.0,0.0,0.3006,0.1663,0.0,4.31,-0.01,0,False,0,False,False,False,False,0.4386211828712477,False,False,True,False,True,False,False,False,False,False,False,False,False,False,False,False,False,False,10.0,0.0,3.690036900369003,0.0,-0.1304105264581826,False,False,False,True,False,False,False,-1.0,False,3,True,False,242.82128551121428,,5,False,3,False,True,False,True,"market_above_ma60, avoid_chase, adx_trending",long_upper_shadow,close_below_ema20,-108.0,24.7,24.7,44.1,-0.62,False,1528,D
2026-09-21,19.0,19.25,18.5,18.7,329073,6146744,2239,英利-KY,,-0.2554373932811948,-0.1648368242326296,-0.0906005690485652,19.515062122888377,20.29702582495076,21.871146698865527,32.59308442978795,17.599713481104192,0.5385440922180548,62364.1,1203805.6,20.35,19.0,-0.3114365118710161,-0.1949176609275668,-0.03359173126615,-0.0157894736842105,19.0,2.49926837656498,20.53535286793408,19.684999999999945,18.83464713206581,-0.0791713282469045,0.0863960241741559,12.90322580645156,12.760671228412926,19.11999999999989,19.39999999999991,-4911087.0,-4333065.3,-89.18918918918925,-171.91184841831392,11.24243206901714,19.9375,22.125,,,,0.0,0.0,0.0,0.0,0.0,0.0,,0.0,0.0,-0.2753,-0.194,0.0,75.3,-0.04,0,False,0,False,False,False,False,5.2766415293414,True,False,False,False,True,False,False,False,True,False,False,False,False,False,False,False,False,False,20.0,25.0,8.823529411764717,0.0,-1.6283805642126656,False,False,False,False,False,False,False,-1.0,False,4,False,False,275.459433229448,,3,False,3,False,True,True,True,"volume_break, market_above_ma60, avoid_chase, kd_golden_cross",,"close_below_ema20, close_below_swing_low",-75.3,33.4,33.4,44.1,3.8,False,1528,D
2026-09-21,35.05,37.35,34.5,37.35,1533116,55455802,2241,艾姆勒,,0.0513997583439973,-0.1931356873571693,0.2445354457011666,34.4480835351934,35.17610140853708,35.11292207300195,64.13373483706911,11.753172397956904,1.3578385402245148,409459.85,14185290.95,35.5,33.35,-0.0314326766565363,-0.3997825269412214,0.1165919282511209,0.0841799709724238,34.45,1.069884580016473,36.23614620147612,34.482500000000165,32.72885379852421,1.317582245947447,0.1017122425274237,100.0,64.61279461279446,34.50000000000036,34.310000000000215,57258214.0,54391216.15,-0.0,234.1536167039517,76.80112682164443,35.6875,42.2,,,,0.0,0.0,0.0,0.0,0.0,0.0,,0.0,0.0,0.4733,0.0888,0.0,8.39,0.32,0,False,0,False,False,True,True,3.744240125130706,True,True,False,True,False,False,False,False,False,True,False,False,True,True,False,True,True,True,-20.0,-25.0,-4.953145917001342,25.0,0.6276867468872701,False,False,False,False,False,False,False,-1.0,False,10,False,False,749.9746422139543,,3,False,3,False,False,False,False,"ema60_gt_ema120, volume_break, rsi_strong, breakout_20d, market_above_ma60, obv_uptrend, bb_squeeze_breakout, breakout_volume_confirm, cci_momentum, mfi_strong",,,399.2,93.7,93.7,44.1,2.4,False,1528,D
2026-09-21,49.8,54.0,49.4,54.0,765164,40388141,2243,宏旭-KY,,1.937021520669276,1.2275882828771083,0.7094332377921677,46.99116664329827,44.030054114318034,38.312590408927605,69.10420715218395,40.74582150576973,2.5789146631912656,372950.0,17548687.5,50.0,45.25,1.1682171518638544,-0.4037735916093268,0.134453781512605,0.0997963340122198,49.1,0.3261787060854831,52.98389659779164,46.08249999999998,39.18110340220833,1.0736157810821585,0.2995235326986016,100.0,77.51322751322732,49.490000000000144,48.89500000000008,37084290.0,35599176.35,-0.0,157.73547479531626,72.23377781209653,45.3,46.525,,,,0.0,0.0,0.0,0.0,0.0,0.0,,0.0,0.0,1.0644,0.844,0.0,26.98,-0.14,0,False,0,False,False,True,True,2.05165303660008,True,True,True,True,False,False,False,False,False,True,False,False,True,True,False,True,True,True,-20.0,-25.0,-7.4074074074074066,25.0,0.6288121383524268,False,False,True,False,False,False,False,-1.0,False,12,False,False,918.06227602623,,8,False,3,False,False,False,False,"ema60_gt_ema120, volume_break, rsi_strong, breakout_20d, market_above_ma60, adx_trending, obv_uptrend, bb_squeeze_breakout, breakout_volume_confirm, cci_momentum, mfi_strong, above_ichimoku_cloud",,,567.3,98.8,98.8,44.1,0.85,False,1528,D
2026-09-21,230.0,231.5,229.5,231.5,29370,6774739,2247,汎德永業,,0.9103806336776472,0.9535082448518424,-0.0431276111741952,230.0242073722009,229.05840892884817,233.8858636460193,56.54521872845304,17.48370921009474,3.1044372697728213,29967.85,6892636.7,234.0,229.5,0.061056344133194,-0.0109307736752922,0.0087145969498909,0.0,231.5,1.2311012111930948,234.29769040328333,230.375,226.45230959671665,0.643396481029748,0.0340548271581845,81.81818181818181,67.95900178253153,230.6,230.8,-4421897.0,-4528121.35,-47.05882352941177,48.412698412698994,54.39723115838945,226.625,231.25,,,,0.0,0.0,0.0,0.0,0.0,0.0,,0.0,0.0,0.0071,-0.1974,0.0,4.09,0.09,0,False,0,False,False,True,False,0.9800502872244756,False,True,False,False,True,False,False,False,False,True,False,False,False,False,False,False,True,False,-20.0,0.0,1.079913606911447,15.0,0.7918476129778764,False,False,True,False,False,False,False,-1.0,False,6,False,False,409.30267422797925,,3,False,3,False,False,False,False,"rsi_strong, market_above_ma60, avoid_chase, obv_uptrend, mfi_strong, above_ichimoku_cloud",,,58.5,59.8,59.8,44.1,-0.13,False,1528,D
2026-09-21,61.5,61.5,60.5,60.5,3040,185020,2248,華勝-KY,,-0.1580923720375437,-0.0572510024588309,-0.1008413695787128,60.72429102965623,59.86805185272165,57.61633297831134,48.85259688108484,14.983741481934056,1.4970089187341624,63125.65,3877192.05,64.0,59.2,-0.3104236500335914,0.0740774861699504,0.0219594594594594,-0.011437908496732,61.2,1.113884673117277,63.94807624526545,61.21999999999999,58.49192375473452,0.3680388788162475,0.0891236930828312,61.53846153846156,78.84615384615365,60.4,60.13999999999978,2699770.0,2653908.65,-58.97435897435892,-25.42673352580552,47.61453142863908,61.125,62.4,,,,0.0,0.0,0.0,0.0,0.0,0.0,,0.0,0.0,0.6242,0.0609,0.0,50.74,0.05,0,False,0,False,False,True,True,0.0481579199580519,False,False,False,False,True,False,False,False,False,True,False,False,False,False,False,False,False,True,0.0,0.0,5.785123966942149,0.0,0.0992118218618292,False,False,False,False,False,False,False,-1.0,False,4,False,False,281.6721210619225,,3,False,3,False,True,False,True,"ema60_gt_ema120, market_above_ma60, avoid_chase, obv_uptrend",,close_below_ema20,-69.1,35.4,35.4,44.1,-0.98,False,1528,X
2026-09-21,76.8,78.8,76.8,78.8,1483546,116134224,2254,巨鎧精密-創,,5.606582521273438,4.316237410222741,1.290345111050697,67.05521986872897,60.97576306417827,60.6425119796306,61.069876238885904,11.59323058488192,5.843075871111267,1164075.25,79600384.8,76.8,62.4,1.4505535250241508,,0.1129943502824859,0.0260416666666667,76.8,1.5566333756002568,78.29598952193884,66.07999999999966,53.86401047806048,1.0206291302540818,0.3697333390417446,100.0,95.59911683971828,75.6199999999997,70.85999999999949,21340873.0,7840693.95,-0.0,163.46946505358363,80.83065536068631,31.225,33.5,,,,0.0,0.0,0.0,0.0,0.0,0.0,,0.0,0.0,-0.9206,0.2171,0.0,24.53,0.54,0,False,0,False,False,True,True,1.2744416651758552,False,True,False,True,False,True,False,False,False,True,False,False,True,False,False,False,True,True,-20.0,-25.0,-2.538071065989848,25.0,2.0,False,False,True,False,False,False,False,-1.0,False,9,False,False,556.7444166517586,,3,True,3,False,False,False,False,"ema60_gt_ema120, rsi_strong, breakout_20d, market_above_ma60, liquidity_ok, obv_uptrend, bb_squeeze_breakout, mfi_strong, above_ichimoku_cloud",,,205.9,77.3,77.3,44.1,0.14,False,1528,C
2026-09-21,56.9,57.3,56.3,56.8,28410,1611290,2250,IKKA-KY,,-1.0263393584843357,-1.1183169630442298,0.0919776045598941,57.31150449623853,59.54889800991246,62.38059569991486,44.73554614616755,18.245461123577144,1.6198719394612615,59222.5,3433455.4,62.3,54.8,-0.5097464606809453,-0.2838978354136585,0.0327272727272727,-0.0155979202772964,57.7,1.3852905671820357,61.872280449655655,57.64499999999971,53.41771955034377,0.4000539460223784,0.1466659883651995,52.38095238095233,55.95238095238104,56.23999999999942,56.05,-1620195.0,-1609082.45,-48.83720930232565,-43.9817273982792,38.48192918272751,59.875,65.8,,,,0.0,0.0,0.0,0.0,0.0,0.0,,0.0,0.0,0.017,-0.0939,0.0,6.08,-0.25,0,False,0,False,False,False,False,0.4797163240322512,False,False,False,False,True,False,False,False,False,False,False,False,False,False,False,False,False,True,0.0,0.0,9.683098591549296,0.0,-0.0128069884150857,False,False,False,True,False,False,False,-1.0,False,2,True,False,129.64347937934147,,3,False,3,False,True,False,True,"market_above_ma60, avoid_chase",long_upper_shadow,close_below_ema20,-221.2,4.6,4.6,44.1,-0.59,False,1528,D
2026-09-21,31.5,31.5,31.0,31.35,254616,7939771,2258,鴻華先進-創,,-0.0999708351088628,-0.1551684905902334,0.0551976554813706,31.035201714173304,31.246447224378525,31.87240951787582,52.14587167378875,11.687389387591251,0.8086005033717054,370598.25,11482978.85,31.85,30.05,-0.0805866724674427,-0.0907735626173282,0.0415282392026579,-0.0125984251968503,31.75,1.399193248367535,32.231856674766014,31.027499999999872,29.82314332523373,0.6338889079776767,0.0776315639201448,75.60975609756098,70.38843721770536,30.839999999999783,30.95999999999985,-17527085.0,-17752295.0,-31.11111111111097,37.63440860215131,41.113593202955286,31.012500000000003,32.175,,,,0.0,0.0,0.0,0.0,0.0,0.0,,0.0,0.0,7.2607,0.5292,0.0,0.48,0.01,0,False,0,False,False,True,False,0.6870404811679494,False,False,False,False,True,False,False,False,False,True,False,False,False,False,False,False,False,False,-10.0,0.0,1.5948963317384368,15.0,0.3198036143925075,False,False,False,False,False,False,False,-1.0,False,3,False,False,220.7080481843896,,3,False,3,False,False,False,False,"market_above_ma60, avoid_chase, obv_uptrend",,,-130.1,20.2,20.2,44.1,-0.4,False,1528,D
2026-09-21,73.9,73.9,72.3,73.0,432867,31623001,2348,海悅,,0.1540869981605936,-0.2179285003646553,0.372015498525249,71.75044851802726,72.361517745249,73.65872409844283,55.23404866835456,16.40048853216083,1.9925146533143447,417715.75,30260114.0,74.2,70.2,0.1068269786005555,-0.1302177947464521,0.0354609929078013,-0.0161725067385445,74.2,5.312641090020839,73.70699474145827,71.42499999999981,69.14300525854135,0.8450928197568015,0.0638990477132227,39.39393939393943,62.30303030303063,72.30000000000072,71.67000000000044,-430314.0,-2747257.6,-60.60606060606057,137.6232347455379,64.70908623284825,72.125,74.55,,,,0.0,0.0,0.0,0.0,0.0,0.0,,0.0,0.0,5.4056,-0.314,0.0,2.34,0.1,0,False,0,False,False,True,False,1.0362716751762413,False,True,False,False,True,False,False,False,False,True,False,False,False,False,False,False,True,True,0.0,-12.0,1.64383561643836,15.0,2.0,False,False,False,False,False,False,False,-1.0,False,5,False,False,387.3627167517624,,3,False,3,False,False,False,False,"rsi_strong, market_above_ma60, avoid_chase, obv_uptrend, mfi_strong",,,36.6,56.9,56.9,44.1,-0.08,False,1528,D
2026-09-21,29.0,30.35,29.0,30.0,21014487,630106470,2371,大同,,0.554678097771923,0.4089045256911314,0.1457735720807915,28.240705231796188,27.834277031432872,28.84797930942715,65.34634709520256,26.484629862073103,0.8570739934674584,11142251.2,320313942.4,29.7,27.45,0.1590940370719372,0.1265078148723533,0.0849909584086798,0.0273972602739727,29.2,2.1974285178797417,29.68959671589795,28.29500000000008,26.9004032841022,1.1112878298663589,0.0985754879588529,88.52459016393439,86.34479802850062,29.050000000000363,28.405000000000108,509599680.0,471629184.0,-11.475409836065618,192.34241410440248,82.23125132391198,25.95,28.05,,,,0.0,0.0,0.0,0.0,0.0,0.0,,0.0,0.0,-0.1149,0.1917,0.0,6.78,0.37,0,False,0,False,False,True,False,1.886018060694952,True,True,True,True,False,True,False,False,False,True,False,False,True,True,False,False,True,True,-20.0,-25.0,-1.0000000000000024,25.0,1.5265731677986103,False,False,True,False,False,False,False,-1.0,False,11,False,False,777.1790586205328,,8,True,3,False,False,False,False,"volume_break, rsi_strong, breakout_20d, market_above_ma60, liquidity_ok, adx_trending, obv_uptrend, bb_squeeze_breakout, breakout_volume_confirm, mfi_strong, above_ichimoku_cloud",,,426.4,94.5,94.5,44.1,0.7,False,1528,D
