date,open,high,low,close,volume,amount,stock_id,name,industry_category,macd,macd_signal,macd_hist,ema20,ema60,ema120,rsi14,adx14,atr14,volume_ma20,amount_ma20,close_20d_high,close_10d_low,lr_slope_20,lr_slope_60,return_5d,day_return,prev_close,prev_volume_ratio,bb_upper,bb_mid,bb_lower,bb_pct_b,bb_bandwidth,stoch_k,stoch_d,sma5,sma10,obv,obv_ma,williams_r,cci20,mfi14,ichi_senkou_a,ichi_senkou_b,market_ma60,market_above_ma60,market_return_5d,foreign_net,foreign_buy_streak,invest_trust_net,invest_trust_streak,dealer_net,dealer_buy_streak,relative_strength_5d,margin_change_5d,short_ratio,revenue_yoy,revenue_mom,revenue_3m_yoy,foreign_holding_pct,foreign_holding_chg5d,insider_net_30d,has_buyback,limit_down_streak,macd_golden_cross,hist_turn_positive,above_ema60,ema60_gt_ema120,volume_ratio,volume_break,rsi_strong,adx_trending,breakout_20d,avoid_chase,liquidity_ok,foreign_buy_3d,stronger_than_market,kd_golden_cross,obv_uptrend,invest_trust_buy_2d,dealer_buy_3d,bb_squeeze_breakout,breakout_volume_confirm,williams_r_recovery,cci_momentum,mfi_strong,ma5_above_ma10,kd_level_score,bb_level_signal,gap_to_20d_high_pct,breakout_proximity_score,obv_strength,foreign_buy_accel,invest_trust_accel,above_ichimoku_cloud,long_upper_shadow,open_high_close_low,gap_chase_after_blowout,earnings_blocked,f_score,f_score_low,condition_count,skip_trade,entry_signal,entry_score,momentum_score,expected_hold_days,momentum_decay_signal,estimated_sl_days,macd_death_cross,close_below_ema20,close_below_swing_low,base_exit_signal,entry_reason,skip_reason,base_exit_reason,sector_rs,sector_rs_rank,market_rs_rank,sector_breadth_60,sector_vol_zscore,is_sector_leader,sector_stock_count,grade
2026-08-12,52.5,53.2,52.4,52.9,69156,3644566,8045,達運光電,,-2.0965171623172623,-1.886819101382573,-0.2096980609346892,56.06467052244469,61.13891738042475,66.68540542859297,41.332429899686886,17.696003458241176,3.2841459861617834,345476.05,20802857.45,66.5,52.4,-0.9233678851172256,-0.4352641658299604,-0.0451263537906136,0.0095419847328244,52.4,2.0010121766346103,65.38265873459426,57.05500000000029,48.72734126540632,0.2505301230260561,0.2919168779105748,30.15873015873015,39.21957671957656,53.600000000000726,54.000000000000725,7833046.0,8639014.9,-78.29457364341087,-87.23800275147686,23.484009763027814,63.325,72.7,,,,0.0,0.0,0.0,0.0,0.0,0.0,,0.0,0.0,-0.004,0.1692,0.0,1.45,-0.03,0,False,0,False,False,False,False,0.2001759600991154,False,False,False,False,True,False,False,False,False,False,False,False,False,False,False,False,False,False,0.0,0.0,25.708884688090738,0.0,-1.0000449267472726,False,False,False,False,False,False,False,-1.0,False,2,False,False,80.00122048002387,,3,False,3,False,True,False,True,"market_above_ma60, avoid_chase",,close_below_ema20,-273.8,1.0,1.0,39.0,-0.81,False,1506,X
2026-08-12,49.0,49.75,48.65,48.7,1566744,76873997,8070,長華*,,-0.9904588469447546,-1.588334011473769,0.5978751645290143,48.09426801252475,49.73563954812088,48.93211841418679,50.09465109530365,16.31900654444218,2.262784434633881,2872339.3,134479335.9,52.4,41.55,-0.0590390590082928,-0.220893029801324,0.0306878306878306,0.0030895983522143,48.55,0.5924823077792362,51.44832285163134,47.04250000000002,42.6366771483687,0.688103341398108,0.1873124451987593,82.35294117647065,88.68880067364383,48.12999999999992,46.89999999999982,264042900.0,263722417.0,-11.797752808988736,79.14438502673802,46.33018191792026,57.225,54.2,,,,0.0,0.0,0.0,0.0,0.0,0.0,,0.0,0.0,0.3363,0.0593,0.0,11.39,0.13,0,False,0,False,False,False,True,0.545459235961434,False,False,False,False,True,True,False,False,False,True,False,False,False,False,False,False,False,True,-20.0,0.0,7.597535934291572,0.0,0.0078317025166533,False,False,False,True,False,False,False,-1.0,False,5,True,False,325.5485727898142,,3,False,3,False,False,False,False,"ema60_gt_ema120, market_above_ma60, avoid_chase, liquidity_ok, obv_uptrend",long_upper_shadow,,-28.2,43.0,43.0,39.0,-0.45,False,1506,D
2026-08-12,26.0,26.45,26.0,26.45,83460,2193489,8072,陞泰,,-0.5543104157113916,-0.5935877350824211,0.0392773193710295,26.801198834398708,27.76215357271543,28.79057964821489,44.24525023941381,19.90016702957113,0.7939644017090711,172066.25,4614129.35,28.5,25.7,-0.2514207006210938,-0.1438408053454351,-0.0167286245353159,0.0192678227360307,25.95,0.3822334349302791,27.80585466212776,26.650000000000183,25.494145337872613,0.4134839324729434,0.0867433142309615,40.74074074074075,45.53791887125226,26.200000000000365,26.340000000000146,-13738380.0,-13443421.6,-35.555555555555586,-55.2335492669613,36.25881404266169,30.0,29.275,,,,0.0,0.0,0.0,0.0,0.0,0.0,,0.0,0.0,-0.001,-0.1625,0.0,1.83,-0.13,0,False,0,False,False,False,False,0.4850457309321264,False,False,False,False,True,False,False,False,False,False,False,False,False,False,False,False,False,False,0.0,0.0,7.750472589792063,0.0,-0.1690872558866373,False,False,False,False,False,False,False,-1.0,False,2,False,False,92.8214102386816,,3,False,3,False,True,False,True,"market_above_ma60, avoid_chase",,close_below_ema20,-260.9,1.6,1.6,39.0,-0.52,False,1506,D
2026-08-12,271.5,272.0,268.0,268.0,773159,208757650,8081,致新,,-3.417207507729131,-7.256947063879732,3.839739556150601,261.40999717171314,267.5836293481196,260.876862702706,52.34027492544083,21.91619257567643,12.885150972178302,1316640.0,334714821.65,270.0,232.0,0.4257485208021316,-0.2318872674229986,0.0387596899224806,-0.0074074074074074,270.0,1.3138309864820097,273.53275512787656,252.575,231.6172448721234,0.8680022002805715,0.1659527279253812,74.28571428571429,80.61854811854816,264.6,256.3,21645363.0,17499224.2,-19.78021978021978,139.14893617021298,58.78868810480257,304.875,293.25,,,,0.0,0.0,0.0,0.0,0.0,0.0,,0.0,0.0,0.1001,0.128,0.0,19.29,2.13,0,False,0,False,False,True,True,0.5872212601774213,False,False,True,False,True,True,False,False,False,True,False,False,False,False,False,False,True,True,-10.0,-12.0,0.7462686567164178,25.0,0.9017884376298604,False,False,False,False,False,False,False,-1.0,False,7,False,False,534.6936738533325,,3,False,3,False,False,False,False,"ema60_gt_ema120, market_above_ma60, avoid_chase, liquidity_ok, adx_trending, obv_uptrend, mfi_strong",,,180.9,82.5,82.5,39.0,-0.41,False,1506,D
2026-08-12,11.25,11.7,11.2,11.7,7929,91169,8101,華冠,,-1.068567325510104,-1.0457164281343143,-0.0228508973757897,10.976548875793943,12.510803975951587,13.274718076780076,50.34665551935542,14.89421144809025,3.1086586641228564,29180.45,384487.6,13.9,0.0,,,inf,0.0308370044052863,11.35,0.7140587836271369,19.22374103544984,11.467499999999996,3.711258964550156,0.5149879302962198,1.3527344295530572,88.63636363636364,87.87878787878799,9.459999999999946,9.909999999999991,933299.0,918304.15,-11.698113207547172,2.474887174261146,69.74183331330931,13.85,14.25,,,,0.0,0.0,0.0,0.0,0.0,0.0,,0.0,0.0,0.3617,0.0903,0.0,0.05,0.0,0,False,0,False,False,False,False,0.2717230200356745,False,False,False,False,False,False,False,False,False,True,False,False,False,False,False,False,True,False,-20.0,0.0,18.80341880341881,0.0,0.236458107236814,False,False,False,False,False,False,False,-1.0,False,3,False,False,200.5547274871985,,3,False,3,False,False,False,False,"market_above_ma60, obv_uptrend, mfi_strong",,,-153.2,13.5,13.5,39.0,-0.74,False,1506,X
2026-08-12,80.7,83.8,80.7,81.1,853727,70007575,8103,瀚荃,,-2.805429608822905,-4.336962318477866,1.531532709654961,80.2989796009407,88.28204522593887,89.81612844301763,48.58441599211445,27.943229319625008,4.39026335541682,893153.15,68525173.05,85.8,67.7,0.0477344317423694,-0.6635862916933912,0.030495552731893,0.0124843945068664,80.1,0.7133115415119373,85.80560671627663,77.41999999999989,69.03439328372315,0.7194235983460269,0.2166263682840804,72.72727272727268,73.79679144384984,80.93999999999942,77.37999999999992,115312927.0,115982244.7,-20.85561497326206,84.31895582733587,41.73703682583943,103.375,113.4,,,,0.0,0.0,0.0,0.0,0.0,0.0,,0.0,0.0,0.343,0.0528,0.0,18.88,-1.05,0,False,0,False,False,False,False,0.955857346525621,False,False,True,False,True,True,False,False,False,False,False,False,False,False,False,False,False,True,-10.0,0.0,5.795314426633789,0.0,-0.1511488426269896,False,False,False,True,False,False,False,-1.0,False,4,True,False,287.7447873537324,,3,True,3,False,False,False,False,"market_above_ma60, avoid_chase, liquidity_ok, adx_trending",long_upper_shadow,,-66.0,33.6,33.6,39.0,-0.03,False,1506,D
2026-08-12,32.05,32.4,32.0,32.15,267786,8628705,8104,錸寶,,-1.5551209109654351,-1.8856165194106247,0.3304956084451895,32.5521512962748,35.05792006533759,35.587843835512544,44.28138576721765,29.693541294134207,1.5328685346931066,493558.5,15795246.5,38.55,28.1,-0.6736229146470687,-0.4223451192510951,0.0304487179487178,0.0094191522762949,31.85,0.4462975121019079,36.12668772224784,31.98749999999991,27.848312277751983,0.5196294552100958,0.2588003265180423,93.15068493150686,92.71689497716882,31.539999999999782,30.704999999999927,138950195.0,138984184.7,-28.07017543859652,0.7642338555599205,41.30322954330155,40.7625,40.375,,,,0.0,0.0,0.0,0.0,0.0,0.0,,0.0,0.0,-0.3912,0.3539,0.0,1.69,-0.15,0,False,0,False,False,False,False,0.5425618239783127,False,False,True,False,True,False,False,False,False,False,False,False,False,False,False,False,False,True,-20.0,0.0,19.90668740279937,0.0,-0.0033563913272489,False,False,False,True,False,False,False,-1.0,False,3,True,False,160.38534154385613,,3,False,3,False,True,False,True,"market_above_ma60, avoid_chase, adx_trending",long_upper_shadow,close_below_ema20,-193.4,7.6,7.6,39.0,-0.46,False,1506,D
2026-08-12,17.15,17.4,17.1,17.15,1694673,29163565,8105,凌巨,,-0.6496820588205843,-0.8951437220481269,0.2454616632275426,17.052911373682857,17.663786982152605,16.653708867126007,48.21942532352583,25.49695909874771,0.930122790487161,3275116.8,54296110.35,18.2,14.6,-0.1640111325304495,-0.25839130584178,0.026946107784431,0.0,17.15,0.8886131963022088,18.16130681719325,16.525000000000045,14.888693182806838,0.6909788535477813,0.1980401594182392,88.3720930232558,86.46034433257107,16.770000000000074,16.29000000000001,33275584.0,31841383.0,-8.620689655172418,67.65238636842344,47.37378566700736,22.3375,19.25,,,,0.0,0.0,0.0,0.0,0.0,0.0,,0.0,0.0,0.1187,0.0423,0.0,39.21,0.19,0,False,0,False,False,False,True,0.5174389505742207,False,False,True,False,True,True,False,False,False,True,False,False,False,False,False,False,False,True,-20.0,0.0,6.122448979591842,0.0,0.0419057664408313,False,False,False,False,False,False,False,-1.0,False,6,False,False,425.6772587030322,,3,False,3,False,False,False,False,"ema60_gt_ema120, market_above_ma60, avoid_chase, liquidity_ok, adx_trending, obv_uptrend",,,71.9,65.3,65.3,39.0,-0.48,False,1506,D
2026-08-12,47.0,48.0,46.7,46.8,6438199,303520991,8110,華東,,-1.0384285583095831,-2.336506901069089,1.298078342759506,44.60700483217615,48.53497082082287,49.53358956621128,53.07859330306309,18.20369413915067,2.8849829579259127,6232540.4,266446390.25,50.0,33.75,0.3559303874484257,-0.6042820516240286,0.0173913043478259,0.0107991360691144,46.3,0.5806619999106742,50.34611116433638,42.37249999999985,34.39888883566333,0.7776345565860403,0.3763578341771929,89.33333333333331,89.61850587789195,46.119999999999706,43.16999999999989,2685421986.0,2655687786.7,-8.053691275167806,96.92702221063156,64.53969516979348,59.2,56.9,,,,0.0,0.0,0.0,0.0,0.0,0.0,,0.0,0.0,0.1851,0.0422,0.0,1.31,0.06,0,False,0,False,False,False,False,1.0329975558602074,False,False,False,False,True,True,False,False,False,True,False,False,False,False,False,False,True,True,-20.0,0.0,6.837606837606844,0.0,0.2895401818115492,False,False,False,True,False,False,False,-1.0,False,5,True,False,343.8044577403407,,3,True,3,False,False,False,False,"market_above_ma60, avoid_chase, liquidity_ok, obv_uptrend, mfi_strong",long_upper_shadow,,-10.0,47.1,47.1,39.0,0.05,False,1506,D
2026-08-12,100.0,101.5,96.6,96.9,37212675,3657663700,8112,至上,,1.6667275204553107,-0.4080055447278201,2.0747330651831306,88.30463218984364,87.47618240390244,84.19034292947647,62.52420808898572,13.4105728494571,4.75431024465903,19907600.55,1773761040.55,100.0,75.6,0.6013768432990457,-0.0777138544059181,0.1241299303944316,-0.0309999999999999,100.0,3.8665722457441696,98.16322342292636,85.8300000000003,73.49677657707424,0.9487877832255048,0.2873872404270304,81.06995884773664,92.04476657044444,93.90000000000072,87.82000000000043,1404769962.0,1304280868.1,-16.42857142857141,172.38685963703185,70.14064017427434,93.05,91.55,,,,0.0,0.0,0.0,0.0,0.0,0.0,,0.0,0.0,3.3348,0.2474,0.0,24.07,9.01,0,False,0,False,False,True,True,1.869269724723304,True,True,False,False,False,True,False,False,False,True,False,False,False,False,False,False,True,True,-20.0,-25.0,3.199174406604741,8.0,0.8074643086630955,False,False,True,False,False,False,False,-1.0,False,8,False,False,561.3822689511902,,3,False,3,False,False,False,False,"ema60_gt_ema120, volume_break, rsi_strong, market_above_ma60, liquidity_ok, obv_uptrend, mfi_strong, above_ichimoku_cloud",,,207.6,84.5,84.5,39.0,0.93,False,1506,D
2026-08-12,63.6,65.1,63.6,64.1,2897713,186217879,8131,福懋科,,-2.0372939439083098,-2.5629771471562206,0.5256832032479108,64.73063091606804,67.23536681072945,65.06976140296334,47.757842015223886,12.46430987157043,4.5038629943354325,6472328.85,431419421.2,81.2,51.1,-0.6282307265547367,-0.1494781420731928,-0.0287878787878789,0.0142405063291137,63.2,0.3372500554705347,75.70012281011513,63.99500000000025,52.28987718988537,0.50448521564887,0.3658136670088237,63.26530612244896,67.79075266470197,63.78000000000029,61.820000000000256,663140974.0,665580789.5,-28.87700534759361,0.0741015190808631,46.84742370535634,73.375,69.1,,,,0.0,0.0,0.0,0.0,0.0,0.0,,0.0,0.0,0.2883,-0.017,0.0,3.9,-0.3,0,False,0,False,False,False,True,0.4477079374605633,False,False,False,False,True,True,False,False,False,False,False,False,False,False,False,False,False,True,0.0,0.0,26.67706708268333,0.0,-0.0732654378933136,False,False,False,True,False,False,False,-1.0,False,4,True,False,268.5978941198859,,3,True,3,False,True,False,True,"ema60_gt_ema120, market_above_ma60, avoid_chase, liquidity_ok",long_upper_shadow,close_below_ema20,-85.2,29.2,29.2,39.0,-0.56,False,1506,D
2026-08-12,211.5,217.0,211.0,215.0,594049,126733716,8114,振樺電,,3.651490028105058,3.222201599543322,0.429288428561736,213.8677854299853,209.0611423926645,205.6996796580842,51.33929104225077,15.167602043993512,13.26833516078514,1596550.25,348478549.65,232.0,191.5,0.6252320339697047,-0.233429406205072,-0.0652173913043477,0.0165484633569739,211.5,0.8529591103747369,242.35281443839287,212.15,181.9471855616072,0.5471810335062213,0.2847307512457493,50.57471264367816,56.85823754789271,220.2,215.7,3448458.0,4588010.25,-57.377049180327866,11.531766753699204,55.80150907533899,208.375,226.25,,,,0.0,0.0,0.0,0.0,0.0,0.0,,0.0,0.0,0.4137,-0.0117,0.0,16.29,0.67,0,False,0,False,False,True,True,0.3720828705516785,False,False,False,False,True,True,False,False,False,False,False,False,False,False,False,False,True,True,0.0,0.0,7.906976744186046,0.0,-0.4038215907570005,False,False,False,False,False,False,False,-1.0,False,5,False,False,343.8749696164328,,3,True,3,False,False,False,False,"ema60_gt_ema120, market_above_ma60, avoid_chase, liquidity_ok, mfi_strong",,,-9.9,47.3,47.3,39.0,-0.63,False,1506,D
2026-08-12,96.6,97.4,92.0,92.2,86136843,8093451090,8150,南茂,,-2.625120721554353,-4.110531347253532,1.4854106256991786,90.8179659208224,91.43985892506892,82.70341549659877,50.10152434683913,16.237103079312924,8.200577883585726,58143581.5,5718443735.3,122.5,66.0,-1.1850621473029166,-0.0262206465185311,0.0658959537572254,-0.0686868686868686,99.0,1.7736160376394503,117.5592736419562,90.76499999999996,63.97072635804371,0.5267781097404527,0.5904098196872418,73.23420074349441,89.16195120484856,91.45999999999984,84.25,1151016887.0,1129295716.3,-21.36498516320476,16.22187336473048,52.286396853267966,101.475,89.85,,,,0.0,0.0,0.0,0.0,0.0,0.0,,0.0,0.0,0.436,0.1121,0.0,38.25,-0.88,0,False,0,False,False,True,True,1.481450587972466,False,False,False,False,False,True,False,False,False,True,False,False,False,False,False,False,True,True,-10.0,0.0,32.863340563991315,0.0,0.205746149270657,False,False,False,False,False,False,False,-1.0,False,5,False,False,357.28345967097255,,3,True,3,False,False,False,False,"ema60_gt_ema120, market_above_ma60, liquidity_ok, obv_uptrend, mfi_strong",,,3.5,51.1,51.1,39.0,0.52,False,1506,D
2026-08-12,57.3,58.8,57.0,57.8,161377,9339899,8162,微矽電子-創,,-4.0694734978145135,-4.96980334353238,0.9003298457178666,57.585492576066194,61.612881615555445,57.32079749153565,47.21147615418744,33.21584719646788,3.818010640259128,265621.85,14958621.0,70.5,45.5,-1.1875483932373234,-0.4628366123728801,0.1009523809523809,0.0339892665474059,55.9,0.6798562994423917,69.0017219728776,56.3699999999998,43.73827802712199,0.556603525753283,0.4481717925448945,91.15044247787613,89.09835744840954,54.97999999999956,52.27999999999975,14163299.0,13784350.1,-22.485207100591744,14.890368481528856,49.07073712615517,78.975,66.75,,,,0.0,0.0,0.0,0.0,0.0,0.0,,0.0,0.0,0.0377,0.1,0.0,1.79,-0.03,0,False,0,False,False,False,True,0.6075441459352836,False,False,True,False,False,False,False,False,False,True,False,False,False,False,False,False,False,True,-20.0,0.0,21.97231833910035,0.0,0.3217228124162836,False,False,False,False,False,False,False,-1.0,False,4,False,False,289.93611520834827,,8,True,3,False,False,False,False,"ema60_gt_ema120, market_above_ma60, adx_trending, obv_uptrend",,,-63.8,34.2,34.2,39.0,-0.39,False,1506,D
2026-08-12,32.0,32.4,31.8,31.9,940058,30185994,8163,達方,,-1.4671818384661464,-1.8681188481515616,0.4009370096854152,32.43055976814128,34.427594466847275,34.064327876438696,43.65593346959691,25.73504282104157,1.5281002396949566,1166306.3,36531268.5,35.85,28.6,-0.3484882293507695,-0.4695609063226591,0.0273752012882446,0.0,31.9,0.724969154666053,34.50197527461857,31.589999999999964,28.67802472538136,0.5532284739334945,0.1843605745247617,73.01587301587296,77.07811234974481,31.48999999999978,31.059999999999853,22264761.0,23247814.35,-17.52577319587631,23.35329341317389,42.14278806648291,41.85,37.2,,,,0.0,0.0,0.0,0.0,0.0,0.0,,0.0,0.0,0.1617,0.0787,0.0,9.23,-0.25,0,False,0,False,False,False,True,0.8060129658906927,False,False,True,False,True,False,False,False,False,False,False,False,False,False,False,False,False,True,-10.0,0.0,12.38244514106584,0.0,-0.1035116176041292,False,False,False,True,False,False,False,-1.0,False,4,True,False,301.8179902476574,,3,False,3,False,True,False,True,"ema60_gt_ema120, market_above_ma60, avoid_chase, adx_trending",long_upper_shadow,close_below_ema20,-51.9,36.7,36.7,39.0,-0.18,False,1506,D
2026-08-12,11.95,12.1,11.75,11.9,24024,285076,8201,無敵,,-0.2339622881685752,-0.2965585045043372,0.062596216335762,12.020501325201392,12.550913806148326,12.94232551927334,43.14542607192304,24.654977926376382,0.3537803335948197,44690.85,535378.05,12.65,11.5,-0.2735791551085298,-0.2594815870731756,0.0258620689655173,-0.0083333333333333,12.0,0.7574911978222398,12.554521416424182,11.947500000000014,11.340478583575846,0.4608745270637847,0.1016148008243008,68.75000000000003,80.88768115942003,11.930000000000016,11.74499999999998,4086206.0,4093774.0,-27.99999999999997,-6.384852487890631,20.313175613231262,13.5125,13.55,,,,0.0,0.0,0.0,0.0,0.0,0.0,,0.0,0.0,-0.1919,-0.0203,0.0,0.83,0.01,0,False,0,False,False,False,False,0.5375597018181574,False,False,True,False,True,False,False,False,False,False,False,False,False,False,False,False,False,True,0.0,0.0,6.302521008403361,0.0,-0.0292165626358762,False,False,False,True,False,False,False,-1.0,False,3,True,False,165.02499826655105,,5,False,3,False,True,False,True,"market_above_ma60, avoid_chase, adx_trending",long_upper_shadow,close_below_ema20,-188.7,8.2,8.2,39.0,-0.46,False,1506,D
2026-08-12,1015.0,1045.0,1005.0,1005.0,1402390,1432746350,8210,勤誠,,-40.56529027426063,-41.49911980265189,0.9338295283912572,1107.9279019781436,1172.0235250807436,1131.4593941654805,40.30932005108408,23.09406747209724,78.38174282729815,1360041.45,1495209490.7,1235.0,951.0,-0.294688189545827,-0.5717191857717646,-0.141025641025641,-0.0098522167487684,1015.0,1.6565321435540783,1242.6781648730948,1095.85,949.0218351269052,0.1906247514619467,0.2679712823344342,1.8867924528301887,21.887960745370947,1089.0,1085.6,117775066.0,122403539.4,-80.49535603715171,-91.30405721542706,35.468737705238524,1325.0,1305.0,,,,0.0,0.0,0.0,0.0,0.0,0.0,,0.0,0.0,0.4151,-0.2395,0.0,8.32,-1.03,0,False,0,False,False,False,True,1.031137690693177,False,False,True,False,True,True,False,False,False,False,False,False,False,False,False,False,False,True,20.0,12.0,22.885572139303484,0.0,-1.1615216892449882,False,False,False,True,False,False,False,-1.0,False,5,True,False,363.3731166359919,,3,False,3,False,True,False,True,"ema60_gt_ema120, market_above_ma60, avoid_chase, liquidity_ok, adx_trending",long_upper_shadow,close_below_ema20,9.6,52.6,52.6,39.0,0.05,False,1506,D
2026-08-12,33.35,33.6,32.3,33.3,1219832,40418114,8213,志超,,-0.7352952452600263,-1.2406934692928089,0.5053982240327826,31.54034163147566,33.63458925617821,34.48473747692827,57.625153435246894,30.620348702501808,1.105086753159748,674117.9,20876965.85,34.25,28.5,-0.2168337745818264,-0.4699844219671231,0.1026490066225165,0.0230414746543778,32.55,2.0120253731153417,33.85293328623318,30.975,28.097066713766825,0.9039357012064552,0.1858229724767185,93.25842696629203,93.8980717195409,31.43999999999978,30.52000000000008,14274525.0,13304905.25,-5.454545454545532,114.84827426453585,44.75698549949882,36.6,38.725,,,,0.0,0.0,0.0,0.0,0.0,0.0,,0.0,0.0,0.3839,0.2376,0.0,21.01,-0.07,0,False,0,False,False,False,False,1.8095232302836048,True,True,True,False,False,False,False,False,False,True,False,False,False,False,False,True,False,True,-20.0,-25.0,2.8528528528528616,8.0,0.2738714657329253,False,False,False,True,True,False,False,-1.0,False,6,True,False,439.3816898916312,,8,False,3,False,False,False,False,"volume_break, rsi_strong, market_above_ma60, adx_trending, obv_uptrend, cci_momentum","long_upper_shadow, open_high_close_low",,85.6,68.2,68.2,39.0,0.86,False,1506,D
2026-08-12,24.8,25.45,24.8,25.35,593546,15004254,8215,明基材,,-0.7067247318366476,-1.1235410770307444,0.4168163451940967,24.78264975869556,26.15132925209178,25.69839356955009,50.846617030303,29.21242572890048,1.2002338237439742,716886.3,17210176.2,27.4,21.7,-0.1816512150715945,-0.4537242862471395,0.0628930817610062,0.0221774193548387,24.8,0.5584517185179629,26.79121184307634,24.150000000000045,21.50878815692375,0.7271684498056548,0.2187339000477259,91.13924050632916,89.5996049914714,24.88000000000011,23.88000000000011,21013576.0,19413104.65,-7.446808510638253,63.11697611375371,44.80422123549319,29.9625,28.7,,,,0.0,0.0,0.0,0.0,0.0,0.0,,0.0,0.0,0.1138,0.0151,0.0,1.7,0.1,0,False,0,False,False,False,True,0.8279499831423756,False,False,True,False,False,False,False,False,False,True,False,False,False,False,False,False,False,True,-20.0,0.0,8.086785009861922,0.0,0.1434845460910603,False,False,False,False,False,False,False,-1.0,False,4,False,False,310.0013143845165,,3,True,3,False,False,False,False,"ema60_gt_ema120, market_above_ma60, adx_trending, obv_uptrend",,,-43.8,39.0,39.0,39.0,-0.16,False,1506,D
2026-08-12,42.25,42.65,42.15,42.5,356877,15136511,8249,菱光,,-1.3999691583991876,-1.737951713832623,0.3379825554334354,43.10581348175886,46.52661093368363,48.95145760131886,43.33609831943005,24.54734477625685,1.4542692500355034,278534.05,11788727.55,47.25,39.5,-0.3679436682623213,-0.5468097463877749,-0.0070093457943924,0.0059171597633136,42.25,0.9058289020908256,45.77900615335725,42.60999999999986,39.44099384664246,0.4826444010082911,0.1487447150132553,56.92307692307697,66.30842773699867,42.179999999999566,41.79999999999982,62539582.0,62854112.2,-25.225225225225213,-13.38962091168803,49.942743005088055,49.875,52.475,,,,0.0,0.0,0.0,0.0,0.0,0.0,,0.0,0.0,0.4521,0.0045,0.0,1.75,0.09,0,False,0,False,False,False,False,1.2812688430732255,False,False,True,False,True,False,False,False,False,False,False,False,False,False,False,False,False,True,0.0,0.0,11.176470588235295,0.0,-0.1452071721554323,False,False,False,False,False,False,False,-1.0,False,3,False,False,241.07020236486707,,3,False,3,False,True,False,True,"market_above_ma60, avoid_chase, adx_trending",,close_below_ema20,-112.7,22.8,22.8,39.0,0.31,False,1506,D
2026-08-12,184.0,190.0,183.5,184.0,4859012,903436858,8261,富鼎,,-18.89965173420861,-17.370533821573652,-1.529117912634966,201.8153707886745,204.7377009991109,177.54378334640717,41.597722492468485,29.978217269631752,19.673148607895264,5835818.1,1102617230.95,304.0,158.0,-2.279138277469216,0.4127379633925581,0.0250696378830084,0.0,184.0,1.312454463895383,270.9813274320673,202.625,134.2686725679327,0.3637653550177225,0.6747077352949271,78.08219178082192,71.88601814924004,181.1,175.75,194272059.0,179704303.0,-63.69426751592356,-40.21996980806552,63.7012651749893,272.375,232.25,,,,0.0,0.0,0.0,0.0,0.0,0.0,,0.0,0.0,0.1026,-0.0111,0.0,10.45,-0.52,0,False,0,False,False,False,True,0.8326188234002702,False,False,True,False,True,True,False,False,False,True,False,False,False,False,False,False,True,True,-10.0,0.0,65.21739130434783,0.0,0.6884271086877964,False,False,False,False,False,False,False,-1.0,False,7,False,False,516.5873135382564,,3,True,3,False,True,False,True,"ema60_gt_ema120, market_above_ma60, avoid_chase, liquidity_ok, adx_trending, obv_uptrend, mfi_strong",,close_below_ema20,162.8,80.5,80.5,39.0,-0.15,False,1506,D
2026-08-12,236.0,238.5,231.0,232.0,4782916,1119488244,8271,宇瞻,,9.732568790004592,7.266209645373465,2.466359144631128,219.4026595677529,208.1414117695921,190.0973774432012,58.329319877177845,27.90677060194472,13.7510669766818,8539917.3,1867409232.95,247.0,204.0,1.3382958923563333,-0.1145360151875331,0.0220264317180616,-0.0106609808102345,234.5,0.5201318966830897,250.744365384358,214.9750000000002,179.20563461564245,0.7379829753346,0.3327769776425883,52.05479452054794,64.29037368371974,236.9,228.2,744737145.0,729139134.95,-35.714285714285715,90.5843525529022,67.51666637555238,205.875,222.5,,,,0.0,0.0,0.0,0.0,0.0,0.0,,0.0,0.0,1.6499,-0.042,0.0,11.87,2.02,0,False,0,False,False,True,True,0.5600658451341208,False,True,True,False,True,True,False,False,False,True,False,False,False,False,False,False,True,True,0.0,0.0,6.465517241379311,0.0,0.6388330447939028,False,False,True,False,False,False,False,-1.0,False,9,False,False,683.266654988868,,3,True,3,False,False,False,False,"ema60_gt_ema120, rsi_strong, market_above_ma60, avoid_chase, liquidity_ok, adx_trending, obv_uptrend, mfi_strong, above_ichimoku_cloud",,,329.5,94.2,94.2,39.0,-0.44,False,1506,D
2026-08-12,76.9,77.4,76.5,76.6,175308,13489149,8341,日友,,-0.1398950064498763,-0.2764735558337436,0.1365785493838673,76.35695277166192,76.7315645163484,77.02497606996936,50.99181956162226,12.098676030917106,1.1025480803055696,204094.05,15571213.2,77.4,75.3,-0.0201262218845232,-0.0354090800902546,0.0172642762284196,-0.0039011703511054,76.9,0.6618210744010756,77.56941106302068,76.275,74.98058893697933,0.6255397181331096,0.0339406375095555,67.99999999999955,82.3888888888893,76.4,76.04000000000015,2556348.0,2858501.95,-43.33333333333371,80.66691185484854,48.65635944474156,77.65,78.05,,,,0.0,0.0,0.0,0.0,0.0,0.0,,0.0,0.0,0.1755,0.0454,0.0,5.51,0.07,0,False,0,False,False,False,False,0.8589569367651826,False,False,False,False,True,False,False,False,False,False,False,False,False,False,False,False,False,True,0.0,0.0,1.0443864229765163,15.0,-0.2818955344318936,False,False,False,False,False,False,False,-1.0,False,2,False,False,165.2068229544691,,3,False,3,False,False,False,False,"market_above_ma60, avoid_chase",,,-188.6,8.4,8.4,39.0,-0.13,False,1506,D
2026-08-12,26.85,27.15,26.6,26.9,4903645,131742563,8422,可寧衛*,,-0.1259495265106771,-0.3516628235919721,0.225713297081295,26.307606965202385,27.615899108370783,36.94573259660808,53.971393338541006,13.439603603967043,0.8306886817008783,6662066.75,171671285.6,27.0,24.35,0.0887178418979875,-0.1249003448925099,0.0346153846153844,0.0093808630393996,26.65,0.5274724023853511,27.46049991531454,25.985000000000035,24.50950008468553,0.8100644027502131,0.1135655120503753,89.79591836734694,92.36703772418088,26.56000000000058,26.09500000000008,948564729.0,942746531.05,-8.064516129032263,115.69006224511712,52.79365147967352,28.5125,28.525,,,,0.0,0.0,0.0,0.0,0.0,0.0,,0.0,0.0,0.5987,-0.0585,0.0,5.2,0.14,0,False,0,False,False,False,False,0.7360546184860727,False,False,False,False,True,True,False,False,False,True,False,False,False,False,False,False,True,True,-20.0,-12.0,0.3717472118959161,25.0,0.1866773032508602,False,False,False,True,False,False,False,-1.0,False,5,True,False,352.60067382387103,,3,False,3,False,False,False,False,"market_above_ma60, avoid_chase, liquidity_ok, obv_uptrend, mfi_strong",long_upper_shadow,,-1.2,49.7,49.7,39.0,-0.26,False,1506,D
2026-08-12,66.9,68.5,66.9,68.0,409273,27805073,8438,昶昕,,-5.006551082320726,-6.519891018549577,1.513339936228851,68.62613610674781,77.07105629728788,74.44130951514637,44.88413251414247,29.683148819831512,4.306585457216515,682375.1,43541393.45,89.0,53.0,-0.7903268578996594,-0.6456903813895442,0.0725552050473186,0.0149253731343284,67.0,0.3758913781114371,80.25426651039623,65.73500000000021,51.21573348960418,0.5779998079922982,0.4417514721349655,96.06299212598424,94.89650806987264,66.56000000000022,63.14000000000014,47114210.0,47314489.25,-3.164556962025317,17.198967658682157,32.96297635232979,96.675,93.7,,,,0.0,0.0,0.0,0.0,0.0,0.0,,0.0,0.0,0.4796,0.0707,0.0,5.78,-0.32,0,False,0,False,False,False,True,0.5997771606847906,False,False,True,False,False,False,False,False,False,False,False,False,False,False,False,False,False,True,-20.0,0.0,30.88235294117647,0.0,-0.0542434212870187,False,False,False,False,False,False,False,-1.0,False,3,False,False,230.3468505514037,,3,True,3,False,True,False,True,"ema60_gt_ema120, market_above_ma60, adx_trending",,close_below_ema20,-123.4,20.1,20.1,39.0,-0.4,False,1506,D
2026-08-12,42.4,43.1,41.75,42.85,532756,22665481,8473,山林水,,-1.1441379637416276,-1.396843021614012,0.2527050578723844,42.773200152472754,43.832963409500536,42.44971251017725,47.77328207534921,22.829520795812808,1.5563437038911865,636374.4,26943799.0,46.7,40.0,-0.4656559860119241,-0.2362114779978167,0.0350241545893721,0.0190249702734841,42.05,0.8928340523688415,46.04165666505428,42.56999999999998,39.09834333494568,0.540326568410192,0.1631034373997791,92.06349206349206,86.62003407766133,41.94999999999963,41.35499999999975,48101866.0,47640092.5,-37.623762376237615,-2.525823720123925,32.38186695586536,50.925,45.375,,,,0.0,0.0,0.0,0.0,0.0,0.0,,0.0,0.0,0.4218,0.0929,0.0,4.21,-0.03,0,False,0,False,False,False,True,0.8371738398024811,False,False,True,False,True,False,False,False,False,True,False,False,False,False,False,False,False,True,-20.0,0.0,8.984830805134191,0.0,0.0475728715267736,False,False,False,False,False,False,False,-1.0,False,5,False,False,353.9426128563461,,3,False,3,False,False,False,False,"ema60_gt_ema120, market_above_ma60, avoid_chase, adx_trending, obv_uptrend",,,0.2,50.2,50.2,39.0,-0.15,False,1506,D
2026-08-12,20.4,20.5,20.05,20.15,290810,5881185,8476,台境*,,-0.5429179670881723,-0.400205749126247,-0.1427122179619253,20.97241658327196,20.71786383113216,20.04590179454049,43.400230543420136,19.83188240110273,1.1613215835363215,846800.25,18775471.95,24.55,19.2,-1.1554460795936652,0.5869368766559186,0.0024875621890545,0.0125628140703517,19.9,0.6425406173815277,25.16382018874488,21.43500000000004,17.706179811255197,0.3276934881603149,0.3479188419635954,43.13725490196069,47.08348748304343,20.40999999999985,20.05,53698608.0,56185449.15,-77.14285714285715,-48.2850482850485,26.34280774179605,22.0125,20.075,,,,0.0,0.0,0.0,0.0,0.0,0.0,,0.0,0.0,-0.9604,-0.9825,0.0,1.41,-0.09,0,False,0,False,False,False,True,0.3434221943132397,False,False,False,False,True,False,False,False,False,False,False,False,False,False,False,False,False,True,0.0,0.0,21.8362282878412,0.0,-0.1847728841436304,False,False,False,False,True,False,False,-1.0,False,3,True,False,136.21694733340885,,3,False,3,False,True,False,True,"ema60_gt_ema120, market_above_ma60, avoid_chase",open_high_close_low,close_below_ema20,-217.5,4.0,4.0,39.0,-0.66,False,1506,D
2026-08-12,266.0,270.0,265.0,265.5,45768,12219722,8499,鼎炫-KY,,-7.604654119534075,-10.746989777623122,3.142335658089048,262.44333191173547,276.73203801000096,280.6387165106001,49.41967711318274,20.850798142237487,12.075827015085636,56434.5,14577862.8,302.0,227.0,-0.4441248777533529,-0.3416428681298963,0.045275590551181,0.0018867924528302,265.0,0.8773651504430211,288.43271310676727,258.65,228.86728689323263,0.6149995968373271,0.2302935480902169,83.95061728395062,82.79835390946512,260.4,250.7,8400419.0,8343012.35,-14.444444444444445,38.70127453716626,39.228260549287306,306.25,295.0,,,,0.0,0.0,0.0,0.0,0.0,0.0,,0.0,0.0,1.359,0.063,0.0,71.98,0.12,0,False,0,False,False,False,False,0.810993275390054,False,False,True,False,True,False,False,False,False,True,False,False,False,False,False,False,False,True,-20.0,0.0,13.74764595103578,0.0,0.2171264512682595,False,False,False,True,False,False,False,-1.0,False,4,True,False,295.7154501691197,,3,True,3,False,False,False,False,"market_above_ma60, avoid_chase, adx_trending, obv_uptrend",long_upper_shadow,,-58.0,35.5,35.5,39.0,-0.18,False,1506,D
2026-08-12,62.1,62.8,61.8,62.3,65855,4105643,9930,中聯資源,,-0.8327904839248887,-0.9047856805256148,0.0719951966007259,63.12936258236627,65.36054444826995,67.20942843882342,34.7371911324842,44.942392214521576,0.8331057301572066,168177.8,10606902.15,64.1,62.2,-0.1271020137209459,-0.2153185987361751,0.0,0.0,62.3,0.4547490389239362,64.25979673123705,63.02999999999993,61.80020326876281,0.2032029840957607,0.0390225838882157,46.15384615384596,40.384615384615245,62.27999999999956,62.55999999999985,-8481068.0,-8533954.0,-62.500000000000085,-87.40831295843662,23.677760279190068,66.42500000000001,67.5,,,,0.0,0.0,0.0,0.0,0.0,0.0,,0.0,0.0,0.1194,0.1305,0.0,2.02,-0.07,0,False,0,False,False,False,False,0.3915796258483581,False,False,True,False,True,False,False,False,True,True,False,False,False,False,False,False,False,False,0.0,0.0,2.8892455858747947,8.0,0.0768981220773369,False,False,False,True,False,False,False,-1.0,False,5,True,False,412.8385737234116,,5,False,3,False,True,False,True,"market_above_ma60, avoid_chase, adx_trending, kd_golden_cross, obv_uptrend",long_upper_shadow,close_below_ema20,59.1,62.6,62.6,39.0,-0.61,False,1506,D
2026-08-12,12.45,12.7,12.4,12.55,58908,742758,9912,偉聯,,-0.020257796183305,0.0096223518967118,-0.0298801480800169,12.601067218299942,12.564349359883137,12.450377231105463,47.220130087166496,11.662682958892471,0.2366214140296712,322902.35,4008713.15,12.85,12.4,-0.0267990327127855,0.0222501743587911,-0.0233463035019454,0.0080321285140563,12.45,0.0689309821041115,12.89092434368434,12.620000000000005,12.34907565631567,0.3708126426587128,0.0429357121528264,38.46153846153855,25.64102564102601,12.470000000000072,12.630000000000065,-3051208.0,-596888.3,-61.538461538461455,-43.5690838555627,7.224972426453249,12.475,12.325,,,,0.0,0.0,0.0,0.0,0.0,0.0,,0.0,0.0,0.0432,-0.2298,0.0,20.47,-0.02,0,False,0,False,False,False,True,0.1824328624427787,False,False,False,False,True,False,False,False,False,False,False,False,False,False,False,False,False,False,0.0,0.0,2.3904382470119434,8.0,-1.329478872146728,False,False,True,False,False,False,False,-1.0,False,4,False,False,243.87058215866705,,3,False,3,False,True,False,True,"ema60_gt_ema120, market_above_ma60, avoid_chase, above_ichimoku_cloud",,close_below_ema20,-109.9,23.0,23.0,39.0,-0.83,False,1506,X
2026-08-12,147.5,152.0,142.5,147.5,20090289,2977873609,8043,蜜望實,,-6.558727443546218,-9.17374915385575,2.615021710309533,142.48263987689836,145.40781205135298,128.16909068658384,50.983917209815786,21.24708021446945,12.45375300618959,6869199.05,969489675.7,154.5,115.0,-0.2782765378413154,-0.1551528965486077,0.088560885608856,0.0,147.5,2.007865264592267,156.37133276535587,137.2,118.0286672346441,0.7686302545072121,0.279465492206354,83.33333333333333,83.69175627240172,138.1,134.4,660761654.0,663554944.1,-11.688311688311687,90.8239700374531,64.39514226925937,189.75,159.45,,,,-665000.0,0.0,0.0,0.0,-62642.0,0.0,,0.0,0.0,0.6324,0.2255,0.0,0.0,0.0,0,False,0,False,False,True,True,2.924691634900287,True,False,True,False,False,True,False,False,False,False,False,False,False,False,False,False,True,True,-20.0,0.0,4.745762711864407,0.0,-0.0575003701467809,False,False,False,False,False,False,False,-1.0,False,6,False,False,428.5569119072415,,3,False,3,False,False,False,False,"ema60_gt_ema120, volume_break, market_above_ma60, liquidity_ok, adx_trending, mfi_strong",,,74.8,65.7,65.7,39.0,2.02,False,1506,D
2026-08-12,24.6,24.85,24.3,24.65,380622,9366531,9955,佳龍,,-0.4008172700381642,-0.7165840583377645,0.3157667882996002,24.194274466745583,25.94551381741418,27.72031625113858,51.75915102525536,29.175897092351693,0.818022396289613,300759.1,7201200.85,25.1,22.45,-0.0673296782554787,-0.3776123986948153,0.0694143167028198,-0.0179282868525897,25.1,1.6488559680500732,25.38245031718413,23.8099999999999,22.23754968281567,0.7670990589719483,0.1320831849797763,74.57627118644068,81.70310674231708,24.40999999999985,23.589999999999783,63704651.0,62720094.35,-21.428571428571427,71.29731716280803,50.59116453749224,27.2625,28.65,,,,0.0,0.0,0.0,0.0,0.0,0.0,,0.0,0.0,-0.0562,-0.2041,0.0,3.36,-0.18,0,False,0,False,False,False,False,1.2655377676020445,False,False,True,False,False,False,False,False,False,True,False,False,False,False,False,False,True,True,-10.0,0.0,1.8255578093306408,15.0,0.7989028680410849,False,False,False,True,False,False,False,-1.0,False,4,True,False,317.24221209251345,,3,False,3,False,False,False,False,"market_above_ma60, adx_trending, obv_uptrend, mfi_strong",long_upper_shadow,,-36.5,40.9,40.9,39.0,0.3,False,1506,D
2026-08-12,45.5,45.5,45.5,45.5,1432,64264,8047,星雲,,0.2210965704727883,-0.2873244930278419,0.5084210635006303,45.09251815093444,46.25917192687115,46.41854296262446,51.163713550633766,11.244248557337585,1.9713315210891995,21728.8,956610.35,48.75,42.1,0.5204454039243077,-0.1038317588003378,0.0294117647058822,-0.0119435396308359,46.05,1.1354361202491845,47.79943255542848,44.16500000000015,40.53056744457182,0.6836600321563154,0.1645842887095353,48.95104895104896,66.66666666666667,46.6,45.17000000000026,5362356.0,5310410.0,-50.34482758620688,89.06361358254614,62.153764819136896,48.125,29.3,,,,-1000.0,0.0,0.0,0.0,0.0,0.0,,0.0,0.0,1.9365,-0.0914,0.0,0.0,0.0,0,False,0,False,False,False,False,0.0659033172563602,False,False,False,False,True,False,False,False,False,True,False,False,False,False,False,False,True,True,0.0,0.0,7.142857142857142,0.0,0.0305080773753677,False,False,False,False,False,False,False,-1.0,False,4,False,False,291.025130101068,,3,True,3,False,False,False,False,"market_above_ma60, avoid_chase, obv_uptrend, mfi_strong",,,-62.7,34.4,34.4,39.0,-0.95,False,1506,X
2026-08-12,27.25,27.25,26.5,26.8,278502,7459968,8044,網家,,-0.1285572390448663,-0.2863958438960558,0.1578386048511894,26.95996594238315,27.16286593789229,27.353229965499,47.86311696168379,14.495069696911209,1.0300209619115372,410159.85,10980886.85,28.0,25.4,0.0932813802898082,-0.2176227690295176,-0.0055658627087198,-0.0055658627087198,26.95,0.8572366201643608,27.92859483087168,26.675,25.421405169128324,0.5498566191091752,0.0939902403652616,36.9230769230769,52.24101522273122,27.33000000000011,26.744999999999983,3827096.0,3460045.05,-50.61728395061729,17.62988908347867,61.26312648762106,29.8375,28.025,,,,-64000.0,0.0,0.0,0.0,-2055.0,0.0,,0.0,0.0,0.0303,-0.1292,0.0,0.0,0.0,0,False,0,False,False,False,False,0.6790084402459188,False,False,False,False,True,False,False,False,False,True,False,False,False,False,False,False,True,True,0.0,0.0,4.477611940298504,0.0,0.0606987776205658,False,False,False,False,False,False,False,-1.0,False,4,False,False,277.51846973390604,,3,False,3,False,True,False,True,"market_above_ma60, avoid_chase, obv_uptrend, mfi_strong",,close_below_ema20,-76.2,30.9,30.9,39.0,-0.31,False,1506,D
2026-08-12,51.9,53.0,51.9,52.4,39638,2075340,8048,德勝,,-1.924846464161461,-2.30595007635743,0.3811036121959681,53.8243816113753,57.54521992802284,57.98955589425463,42.36466351541415,21.480897688291243,2.517391054210466,235867.3,12554781.3,60.7,48.3,-0.4109691074430392,-0.4030421406180883,-0.0455373406193078,0.0096339113680155,51.9,0.3275840909702235,58.48672695654447,53.05,47.61327304345553,0.4402213863970527,0.2049661435078028,40.84507042253519,50.40499719562589,52.57999999999993,52.11999999999989,51960087.0,51775570.6,-41.17647058823531,-21.10753631666153,50.1472915811254,63.75,65.15,,,,-8040.0,0.0,0.0,0.0,-341.0,0.0,,0.0,0.0,0.4578,-0.0169,0.0,0.0,0.0,0,False,0,False,False,False,False,0.1680521208323493,False,False,True,False,True,False,False,False,False,True,False,False,False,False,False,False,True,True,0.0,0.0,15.83969465648856,0.0,0.1718542468184894,False,False,False,False,False,False,False,-1.0,False,5,False,False,378.7427721701454,,3,False,3,False,True,False,True,"market_above_ma60, avoid_chase, adx_trending, obv_uptrend, mfi_strong",,close_below_ema20,25.0,55.8,55.8,39.0,-0.85,False,1506,X
2026-08-12,26.7,26.7,26.45,26.55,260399,6922767,8049,晶采,,-0.0179657779530799,-0.1534995976869625,0.1355338197338825,26.236963923956324,26.3439793938444,26.27790645780132,55.015762257570806,12.970641490780755,0.4378124970415523,142121.1,3688713.35,26.6,24.9,0.1184537305579349,-0.0677019531851189,0.0095057034220531,-0.0018796992481203,26.6,0.8374961276332095,26.868907359853864,25.99999999999996,25.131092640146043,0.8164894357049286,0.0668390276810701,79.16666666666666,87.04678362573092,26.48000000000011,26.185000000000127,-777944.0,-1054868.85,-11.904761904761896,114.6529562982001,49.53017569794864,27.7,27.225,,,,-57020.0,0.0,0.0,0.0,460.0,1.0,,0.0,0.0,0.0106,-0.0508,0.0,0.0,0.0,0,False,0,False,False,True,True,1.8322332151946472,True,True,False,False,True,False,False,False,False,True,False,False,False,False,False,False,False,True,-10.0,-12.0,0.1883239171374791,25.0,0.2651472569218005,False,False,False,False,False,False,False,-1.0,False,6,False,False,404.5040992350081,,3,False,3,False,False,False,False,"ema60_gt_ema120, volume_break, rsi_strong, market_above_ma60, avoid_chase, obv_uptrend",,,50.7,61.5,61.5,39.0,0.89,False,1506,D
2026-08-12,60.2,60.2,58.1,58.8,7321558,431615956,8050,廣積,,1.5826745784904688,1.5072011075588732,0.0754734709315956,60.8129031230276,56.82098286426613,53.12885739063845,48.199552759440735,20.804817506479097,4.281247829668179,5931333.25,368521487.0,69.0,54.6,0.3979704248812684,0.2075439501460012,-0.0939907550077042,-0.0454545454545455,61.6,1.395176345661899,68.14170600062954,60.55,52.95829399937045,0.38474263888414,0.2507582494014713,37.27810650887572,61.73570019723896,64.17999999999992,61.21999999999989,-6617249.0,8769627.9,-62.72189349112429,-35.19785715780436,50.59100986702524,55.375,53.625,,,,-2308800.0,0.0,0.0,0.0,-141747.0,0.0,,0.0,0.0,0.1218,-0.4608,0.0,0.0,0.0,0,False,0,False,False,True,True,1.2343865521297426,False,False,True,False,True,True,False,False,False,False,False,False,False,False,False,False,True,True,0.0,0.0,17.34693877551021,0.0,-2.0,False,False,True,False,False,False,False,-1.0,False,7,False,False,488.3438655212974,,3,True,3,False,True,False,True,"ema60_gt_ema120, market_above_ma60, avoid_chase, liquidity_ok, adx_trending, mfi_strong, above_ichimoku_cloud",,close_below_ema20,134.6,76.7,76.7,39.0,0.26,False,1506,D
2026-08-12,85.7,87.0,84.3,84.6,812279,69150052,8054,安國,,-4.826492529945398,-5.6568599941674185,0.8303674642220207,87.4929227101891,96.83528340180524,103.05967251280266,41.77489008321433,21.72008064056867,5.01263075029784,1247148.2,109904269.1,96.5,75.6,-0.7849042198815054,-0.502191036050791,0.0168269230769229,-0.0035335689045937,84.9,0.5077385334808341,98.78266772805804,86.4300000000001,74.07733227194217,0.4259269317249003,0.2858421318537064,71.76470588235287,78.62242332830526,84.12000000000043,81.99000000000015,176614031.0,178196032.65,-57.33944954128441,-19.94213680512521,40.53811455965808,119.675,115.35,,,,108005.0,3.0,0.0,0.0,-8018.0,0.0,,0.0,0.0,0.9788,1.4219,0.0,0.0,0.0,0,False,0,False,False,False,False,0.6513091226848582,False,False,True,False,True,True,True,False,False,False,False,False,False,False,False,False,False,True,-10.0,0.0,14.066193853427905,0.0,-0.1790758790766885,True,False,False,False,False,False,False,-1.0,False,5,False,False,394.3641806779284,,3,False,3,False,True,False,True,"market_above_ma60, avoid_chase, liquidity_ok, foreign_buy_3d, adx_trending",,close_below_ema20,40.6,58.5,58.5,39.0,-0.34,False,1506,D
2026-08-12,14.7,15.3,14.7,14.8,215010,3199619,8059,凱碩,,-0.4591728688362995,-0.5442898600479712,0.0851169912116717,15.335479218536545,16.675982073729955,18.169363373576644,40.161931323510366,23.93340473770569,0.6513487477151194,157034.75,2414790.05,16.9,14.0,-0.3905731887891607,-0.5300112560299152,-0.026315789473684,-0.0033670033670032,14.85,1.2644549315630371,16.429612908014256,15.23500000000008,14.040387091985906,0.317932655389105,0.1568247992142,34.28571428571437,52.07897793263631,15.070000000000071,14.925,-20090610.0,-19557164.9,-59.99999999999994,-54.274239816408745,35.834131565587924,17.712500000000002,20.25,,,,-14000.0,0.0,0.0,0.0,224.0,1.0,,0.0,0.0,0.1819,-0.3488,0.0,0.0,0.0,0,False,0,False,False,False,False,1.3691873932362104,False,False,True,False,True,False,False,False,False,False,False,False,False,False,False,False,False,True,0.0,0.0,14.189189189189175,0.0,-0.2825974126456765,False,False,False,True,False,False,False,-1.0,False,3,True,False,240.300704980614,,3,False,3,False,True,False,True,"market_above_ma60, avoid_chase, adx_trending",long_upper_shadow,close_below_ema20,-113.5,22.6,22.6,39.0,0.4,False,1506,D
2026-08-12,102.5,106.0,102.5,105.5,2138106,224023239,8064,東捷,,-6.869001249233506,-8.676274972445688,1.807273723212182,107.11096697420456,115.21282474520244,104.42740707005676,45.71791958749222,21.990587344810923,8.33194207612955,3353004.65,348853495.25,131.0,83.6,-0.7373269634109946,-0.7784396297069422,0.0144230769230768,0.0292682926829268,102.5,0.8752847432352587,123.61569577237404,103.9249999999998,84.23430422762559,0.5399935080559696,0.3789405007914219,84.5360824742268,77.8642287492706,103.5,99.85999999999986,147833653.0,147589309.25,-16.071428571428573,3.507714654366457,41.39482441723538,153.0,132.25,,,,468224.0,2.0,0.0,0.0,11676.0,3.0,,0.0,0.0,-0.4068,-0.3007,0.0,0.0,0.0,0,False,0,False,False,False,True,0.6376686653267839,False,False,True,False,True,True,False,False,False,True,False,True,False,False,False,False,False,True,-20.0,0.0,24.170616113744074,0.0,0.0073452204413061,True,False,False,False,False,False,False,-1.0,False,7,False,False,436.4648292985635,,3,True,3,False,True,False,True,"ema60_gt_ema120, market_above_ma60, avoid_chase, liquidity_ok, adx_trending, obv_uptrend, dealer_buy_3d",,close_below_ema20,82.7,67.5,67.5,39.0,-0.36,False,1506,D
2026-08-12,13.8,13.85,12.9,13.7,41118,553695,8067,志旭,,0.0924371264159322,0.0689802386744448,0.0234568877414874,13.284815207860095,12.942524731063244,12.691320333875304,55.00917193089196,8.570492367223178,0.7948445202924517,14916.65,201390.65,14.1,12.65,0.0669369730301942,,0.0036630036630036,0.0262172284644195,13.35,0.619791182575828,13.997942043946727,13.262499999999978,12.527057956053229,0.7974401610575436,0.1109054920183603,49.999999999999964,41.80555555555596,13.349999999999907,13.349999999999955,668743.0,598650.45,-40.00000000000004,46.22111180512151,74.01868537962346,13.5,7.475,,,,0.0,0.0,0.0,0.0,0.0,0.0,,0.0,0.0,-0.0475,-0.2539,0.0,0.0,0.0,0,False,0,True,True,True,True,2.7565170463877613,True,True,False,False,True,False,False,False,True,True,False,False,False,False,False,False,True,False,0.0,0.0,2.919708029197083,8.0,2.0,False,False,True,False,True,False,False,-1.0,False,11,True,False,779.5651704638776,,3,False,3,False,False,False,False,"macd_golden_cross, ema60_gt_ema120, volume_break, rsi_strong, market_above_ma60, avoid_chase, hist_turn_positive, kd_golden_cross, obv_uptrend, mfi_strong, above_ichimoku_cloud",open_high_close_low,,425.8,97.6,97.6,39.0,1.85,False,1506,D
2026-08-12,18.15,18.4,17.9,17.95,273971,4940842,8068,全達,,-0.247010128816381,-0.3566271131028625,0.1096169842864814,18.064606942495672,19.062773459099127,20.041511472952063,47.37239648894688,13.75430298907884,0.7583473637669693,242359.45,4410117.95,19.6,16.45,-0.2875225822546672,-0.2395434697396047,-0.0055401662049862,0.0,17.95,0.4410801288849224,19.532516501558646,18.01750000000002,16.502483498441393,0.4777230149207691,0.1681716666084224,52.77777777777772,71.21128572741448,18.109999999999854,17.725,8822346.0,8799679.6,-27.41935483870971,-1.718705242051461,48.77502725470708,19.275,21.825,,,,0.0,0.0,0.0,0.0,-251.0,0.0,,0.0,0.0,1.1641,-0.2582,0.0,0.0,0.0,0,False,0,False,False,False,False,1.1304325042823788,False,False,False,False,True,False,False,False,False,True,False,False,False,False,False,False,False,True,0.0,0.0,9.192200557103076,0.0,0.0245458922706663,False,False,False,False,False,False,False,-1.0,False,3,False,False,231.59887575007176,,3,False,3,False,True,False,True,"market_above_ma60, avoid_chase, obv_uptrend",,close_below_ema20,-122.2,20.5,20.5,39.0,0.16,False,1506,D
2026-08-12,165.0,167.0,160.0,166.0,8900845,1458153346,8069,元太,,-5.110752484870574,-3.336297322926428,-1.7744551619441458,185.7209933627097,190.0012843984008,188.80630045592767,35.03477967782604,12.353461696419888,12.153645867375197,9740732.05,1808948372.55,197.5,165.0,-0.1809560403810046,-0.4109969339645187,-0.1508951406649616,0.0060606060606061,165.0,1.8467872933906524,204.54799925728605,185.025,165.50200074271396,0.0127541688324396,0.2110309337363712,12.371134020618555,7.359642076137486,179.9,185.25,24360380.0,26213970.65,-87.62886597938144,-179.74728599394936,49.152052445772654,212.375,193.0,,,,-3367114.0,0.0,-9839.0,0.0,181362.0,1.0,,0.0,0.0,-0.2618,-0.2882,0.0,0.0,0.0,0,False,0,False,False,False,True,0.9137757772527988,False,False,False,False,True,True,False,False,True,False,False,False,False,False,False,False,False,False,20.0,25.0,18.97590361445783,0.0,-0.0874419489701094,False,False,False,False,False,False,False,-1.0,False,5,False,False,313.0884543848867,,3,False,3,False,True,False,True,"ema60_gt_ema120, market_above_ma60, avoid_chase, liquidity_ok, kd_golden_cross",,close_below_ema20,-40.7,39.8,39.8,39.0,-0.07,False,1506,D
2026-08-12,23.25,25.55,23.25,25.55,1460439,36716145,8071,能率網通,,-0.7097396120330473,-1.0520728076712231,0.3423331956381759,23.878349380934047,23.85912580445966,22.16196104504729,55.54033139509241,18.30035183503912,1.6507150482356907,1161176.05,27330664.05,27.65,19.6,-0.3636760035452131,0.1742341482015222,0.0735294117647058,0.0989247311827956,23.25,0.3745910102353864,26.71310278533984,23.18750000000005,19.66189721466025,0.8350490886017747,0.3040951189511408,100.0,80.65612782593901,23.639999999999965,22.73000000000001,96192639.0,95046306.7,-0.0,74.59523956468958,52.03400532997489,28.512500000000003,24.675,,,,171000.0,3.0,0.0,0.0,7977.0,1.0,,0.0,0.0,0.3915,0.0867,0.0,0.0,0.0,0,False,0,False,False,True,True,1.257724011789599,False,True,False,False,False,False,True,False,False,True,False,False,False,False,False,False,True,True,-20.0,-12.0,8.219178082191773,0.0,0.1053280209088677,True,False,False,False,False,False,False,-1.0,False,6,False,False,441.8411763688024,,3,True,3,False,False,False,False,"ema60_gt_ema120, rsi_strong, market_above_ma60, foreign_buy_3d, obv_uptrend, mfi_strong",,,88.1,68.9,68.9,39.0,0.29,False,1506,D
2026-08-12,56.1,58.1,56.1,57.4,596808,34331956,8074,鉅橡,,-2.264921961926831,-3.516599320547247,1.2516773586204164,55.831811779716624,62.03362743664072,61.986941797616986,50.28645867395931,29.474816753227408,3.6155918395583178,829233.7,45124233.85,61.5,45.0,-0.178605898870217,-0.7800720479714032,0.0455373406193078,0.0177304964539006,56.4,1.6461694300093948,61.41591655367221,54.01000000000003,46.60408344632786,0.7288710637928439,0.2742424200582176,76.33587786259541,80.47162401125752,55.67999999999993,53.259999999999856,222973434.0,220768381.1,-19.55835962145111,68.56891338462097,46.096530601513024,70.6,80.65,,,,223000.0,1.0,0.0,0.0,-3118.0,0.0,,0.0,0.0,0.2802,-0.0313,0.0,0.0,0.0,0,False,0,False,False,False,True,0.7197102577958422,False,False,True,False,True,False,False,False,False,True,False,False,False,False,False,False,False,True,-10.0,0.0,7.142857142857145,0.0,0.3852816728280823,False,False,False,False,False,False,False,-1.0,False,5,False,False,381.8204826518954,,3,True,3,False,False,False,False,"ema60_gt_ema120, market_above_ma60, avoid_chase, adx_trending, obv_uptrend",,,28.1,56.3,56.3,39.0,-0.27,False,1506,D
2026-08-12,23.7,23.9,23.55,23.7,408199,9677779,8076,伍豐,,-0.3257706309083552,-0.4926023975005358,0.1668317665921805,23.49326220318001,24.108087856297846,24.221986362085,50.2553446303464,11.864641228597277,0.7446786581543436,730689.2,16878203.1,24.15,22.0,-0.0500348743494385,-0.1731573665094233,0.0171673819742488,0.0,23.7,1.33842755156617,24.38676755796415,23.19249999999997,21.9982324420358,0.7124733258538574,0.1029873931628048,73.91304347826082,79.17282855171045,23.43999999999978,23.034999999999947,18667432.0,17443849.95,-22.64150943396229,72.05080649693748,39.18711600813951,26.2125,25.975,,,,-75253.0,0.0,0.0,0.0,-10131.0,0.0,,0.0,0.0,0.9393,0.6263,0.0,0.0,0.0,0,False,0,False,False,False,False,0.5586492861807729,False,False,False,False,True,False,False,False,False,True,False,False,False,False,False,False,False,True,-10.0,0.0,1.898734177215187,15.0,0.1939364299682082,False,False,False,False,False,False,False,-1.0,False,3,False,False,232.91373002142623,,3,False,3,False,False,False,False,"market_above_ma60, avoid_chase, obv_uptrend",,,-120.8,21.0,21.0,39.0,-0.44,False,1506,D
2026-08-12,27.55,27.8,27.55,27.8,9108,251352,8080,永利聯合,,-0.0038724727348515,0.011906386906033,-0.0157788596408845,27.84709463311961,28.063443060564648,28.50228215108597,49.52210298566359,44.3010192703513,0.9315961234906888,27757.35,776084.95,29.5,27.25,0.0995402241207926,-0.0071496732421306,0.0072463768115942,-0.0089126559714795,28.05,0.4286114766597446,29.26106857177207,27.81000000000008,26.35893142822809,0.4965542634598349,0.1043558843417466,25.80645161290324,26.34408602150567,27.640000000000143,28.01500000000005,928638.0,944866.45,-74.19354838709675,-17.971265196290464,45.88220694734665,28.15,28.575000000000003,,,,1000.0,1.0,0.0,0.0,0.0,0.0,,0.0,0.0,-0.6658,-0.3543,0.0,0.0,0.0,0,False,0,False,False,False,False,0.328129306291847,False,False,True,False,True,False,False,False,False,False,False,False,False,False,False,False,False,False,10.0,0.0,6.115107913669062,0.0,-0.1555269793026096,False,False,False,False,False,False,False,-1.0,False,3,False,False,186.4149693112872,,8,False,3,False,True,False,True,"market_above_ma60, avoid_chase, adx_trending",,close_below_ema20,-167.3,11.3,11.3,39.0,-0.68,False,1506,D
2026-08-12,53.8,55.9,52.2,54.3,888834,47917617,8084,巨虹,,0.7766279409616672,-0.6075523767117469,1.384180317673414,45.86711064881728,46.22289692945165,46.992296387506144,73.25893915943689,22.349780949209105,2.6899901538174937,320513.0,15044890.15,52.8,41.0,0.3893658661470949,-0.0724157807440126,0.2974910394265231,0.0284090909090908,52.8,3.284535104456863,51.53605857506472,44.54499999999998,37.553941424935246,1.1976768893621872,0.3138874654872483,89.26174496644295,93.35544755586427,48.38999999999978,45.134999999999856,1843389.0,-245031.1,-10.126582278481024,256.52543130419184,84.328221975938,49.2,47.15,,,,125000.0,2.0,0.0,0.0,625.0,1.0,,0.0,0.0,0.7808,0.8886,0.0,0.0,0.0,0,False,0,False,False,True,False,2.7731605270301047,True,True,True,True,False,False,False,False,False,True,False,False,False,True,False,False,True,True,-20.0,-25.0,-2.7624309392265194,25.0,2.0,True,False,True,True,False,False,False,-1.0,False,9,True,False,616.7316052703011,,3,False,3,False,False,False,False,"volume_break, rsi_strong, breakout_20d, market_above_ma60, adx_trending, obv_uptrend, breakout_volume_confirm, mfi_strong, above_ichimoku_cloud",long_upper_shadow,,263.0,89.6,89.6,39.0,1.87,False,1506,C
2026-08-12,11.35,11.55,11.3,11.5,117653,1342774,8085,福華,,-0.1594475372200303,-0.2084285126383121,0.0489809754182817,11.448544299692164,12.137700993065142,13.349378994692614,49.237149819678336,12.083219614727424,0.4715881550405724,334789.95,3806484.1,12.45,10.95,0.0049755289021008,-0.1882887542252095,0.0313901345291478,0.0132158590308371,11.35,0.4744382367436224,11.979010257347053,11.35750000000012,10.735989742653189,0.6146401031321487,0.1094449055420516,85.71428571428575,68.75,11.330000000000108,11.269999999999982,-11766256.0,-11054608.95,-61.29032258064516,39.04555314533709,39.66585158615269,13.1375,14.2,,,,12000.0,5.0,0.0,0.0,-610.0,0.0,,0.0,0.0,0.0382,0.1358,0.0,0.0,0.0,0,False,0,False,False,False,False,0.3514233327493851,False,False,False,False,True,False,True,False,False,False,False,False,False,False,False,False,False,True,-20.0,0.0,8.260869565217385,0.0,-0.2191862015673069,True,False,False,False,False,False,False,-1.0,False,3,False,False,215.88399890868607,,3,False,3,False,False,False,False,"market_above_ma60, avoid_chase, foreign_buy_3d",,,-137.9,16.7,16.7,39.0,-0.66,False,1506,D
2026-08-12,116.5,122.0,116.5,119.0,3052060,363932481,8086,宏捷科,,-5.093781162773993,-6.624305193305096,1.5305240305311028,120.63983060406466,132.04874063705287,132.7046597377226,46.20500722216344,27.2992467858208,7.818349088458091,2915211.45,341512915.1,132.0,103.0,-0.1493293292788395,-0.7127350047727025,-0.0403225806451612,0.0214592274678111,116.5,1.4447701582627008,129.52355958539246,117.37500000000018,105.2264404146079,0.5668803568265723,0.2070042101877276,51.16279069767442,55.56001069232783,117.7,116.35000000000036,338468141.0,339337982.8,-36.206896551724135,18.177525967894784,41.57509207874777,151.625,156.75,,,,-325130.0,0.0,0.0,0.0,5867.0,3.0,,0.0,0.0,0.1839,0.0266,0.0,0.0,0.0,0,False,0,False,False,False,False,1.046942924157354,False,False,True,False,True,True,False,False,False,False,False,True,False,False,False,False,False,True,0.0,0.0,10.92436974789916,0.0,-0.0828822211015876,False,False,False,False,False,False,False,-1.0,False,5,False,False,389.4748425883545,,3,False,3,False,True,False,True,"market_above_ma60, avoid_chase, liquidity_ok, adx_trending, dealer_buy_3d",,close_below_ema20,35.7,57.9,57.9,39.0,0.07,False,1506,D
2026-08-12,49.0,50.7,48.9,49.2,1365856,67596089,8088,品安,,-1.7525429973517177,-2.775002256932708,1.0224592595809896,48.45235501605494,52.55147607386992,52.78727503673518,49.14463520889161,21.81373237171316,2.9397911341408505,1239103.15,59488620.75,51.9,39.85,0.1020954189494194,-0.5841917745347538,0.0325288562434418,0.0,49.2,1.0035756409843892,51.55434501936011,46.49249999999993,41.430654980639744,0.7674420087581327,0.2177488850614698,65.95744680851067,69.8694134864345,48.48000000000029,46.6,473552191.0,466819901.7,-25.39682539682536,94.54447366646454,73.63251198210969,64.25,61.25,,,,22871.0,1.0,0.0,0.0,-153.0,0.0,,0.0,0.0,0.4486,0.7505,0.0,0.0,0.0,0,False,0,False,False,False,False,1.1022940261268803,False,False,True,False,True,True,False,False,False,True,False,False,False,False,False,False,True,True,0.0,0.0,5.487804878048771,0.0,0.2966885650560681,False,False,False,True,False,False,False,-1.0,False,6,True,False,449.5832030419416,,3,True,3,False,False,False,False,"market_above_ma60, avoid_chase, liquidity_ok, adx_trending, obv_uptrend, mfi_strong",long_upper_shadow,,95.8,70.5,70.5,39.0,0.13,False,1506,D
2026-08-12,28.55,29.0,28.5,29.0,4004,115167,8087,華鎂鑫,,-0.1329278993213307,-1.553431005106248,1.4205031057849171,26.0734270751724,28.816964491843148,30.835754580730647,52.02116747016152,16.057618204418365,5.153856172274377,19018.95,523243.1,29.5,0.0,,,0.0,-0.0152801358234294,29.45,0.2831720740574877,44.43947613688043,24.109999999999943,3.780523863119466,0.6202687163967033,1.6863937069166757,95.08196721311477,96.06557377049224,29.26000000000022,25.92999999999993,777924.0,744865.1,-4.918032786885246,43.4248510533751,66.00483057582804,33.9625,35.175,,,,-1000.0,0.0,0.0,0.0,-3.0,0.0,,0.0,0.0,1.3345,0.3795,0.0,0.0,0.0,0,False,0,False,False,True,False,0.210526869254086,False,False,False,False,True,False,False,False,False,True,False,False,False,False,False,False,True,True,-20.0,0.0,1.7241379310344829,15.0,0.1358141339902275,False,False,False,False,False,False,False,-1.0,False,4,False,False,288.7350383004236,,3,False,3,False,False,False,False,"market_above_ma60, avoid_chase, obv_uptrend, mfi_strong",,,-65.0,33.8,33.8,39.0,-0.8,False,1506,X
2026-08-12,18.6,18.7,18.3,18.4,83517,1539279,8089,康全電訊,,-0.4335556993498848,-0.4561159514685435,0.0225602521186586,18.72298692690929,19.85871456501312,22.01604762914665,44.61138925931778,13.205492304310068,0.7435107810853018,169944.8,3147164.9,20.2,17.85,-0.2207128645286297,-0.2221398586559926,0.0027247956403269,0.0054644808743167,18.3,0.3564486857583314,19.663264108449205,18.620000000000022,17.576735891550847,0.3945616942928003,0.1120584434424465,70.8333333333332,49.69158801125983,18.299999999999635,18.269999999999985,-11629189.0,-11967493.1,-59.01639344262296,-25.704809286898865,38.196676488723085,20.8125,21.525,,,,-2000.0,0.0,0.0,0.0,56.0,1.0,,0.0,0.0,-0.4771,0.0118,0.0,0.0,0.0,0,False,0,False,False,False,False,0.4914360427621204,False,False,False,False,True,False,False,False,False,True,False,False,False,False,False,False,False,True,-10.0,0.0,9.78260869565218,0.0,0.45604130192711,False,False,False,False,False,False,False,-1.0,False,3,False,False,150.38685605074653,,3,False,3,False,True,False,True,"market_above_ma60, avoid_chase, obv_uptrend",,close_below_ema20,-203.4,6.2,6.2,39.0,-0.51,False,1506,D
2026-08-12,236.0,240.5,233.0,233.0,571792,134430935,8091,翔名,,-7.35679276720424,-9.377275898954151,2.020483131749913,236.0100966664632,237.61116678387668,214.8769022194996,47.25522917646824,14.857063678560817,15.214158609181007,825260.65,199407474.55,288.0,193.5,-0.7667026353610025,-0.2173009661620591,0.0174672489082969,-0.0271398747390396,239.5,0.4111073346735595,276.65868580161214,234.2,191.74131419838784,0.4858686158397957,0.3625848488609065,65.38461538461539,80.05574136008909,233.1,224.05,38024986.0,38099309.3,-30.15873015873016,1.9347705914869,40.61263230700736,266.0,234.25,,,,-84994.0,0.0,0.0,0.0,-23377.0,0.0,,0.0,0.0,0.8483,0.0514,0.0,0.0,0.0,0,False,0,False,False,False,True,0.6928623096230263,False,False,False,False,True,True,False,False,False,False,False,False,False,False,False,False,False,True,0.0,0.0,23.605150214592275,0.0,-0.0175390421920194,False,False,False,False,False,False,False,-1.0,False,4,False,False,271.71815458992603,,3,True,3,False,True,False,True,"ema60_gt_ema120, market_above_ma60, avoid_chase, liquidity_ok",,close_below_ema20,-82.0,29.9,29.9,39.0,-0.3,False,1506,D
2026-08-12,13.2,13.2,12.8,12.8,76224,984813,8092,建暐,,-0.3201843715403392,-0.3177374633450743,-0.0024469081952648,13.41944704821297,14.177426149044273,14.606478605160394,36.88845957161086,17.08587818367082,0.5614290818905907,58416.85,772134.55,14.0,12.9,-0.3301401341322387,-0.5669378592752652,-0.0483271375464683,-0.0191570881226054,13.05,1.757910847386606,14.19096885236513,13.43249999999998,12.674031147634834,0.0830415461177846,0.1129304079456763,10.344827586206929,36.781609195402176,13.089999999999964,13.259999999999945,-312949.0,13954.45,-61.90476190476186,-107.69383895690312,27.452243189711623,14.8625,17.025,,,,1000.0,4.0,0.0,0.0,-104.0,0.0,,0.0,0.0,-0.3825,0.3156,0.0,0.0,0.0,0,False,0,False,False,False,False,1.3048290005366605,False,False,False,False,True,False,True,False,False,False,False,False,False,False,False,False,False,False,20.0,25.0,9.374999999999996,0.0,-0.6467733290040214,True,False,False,False,False,False,False,-1.0,False,3,False,False,220.28701005731835,,3,False,3,True,True,True,True,"market_above_ma60, avoid_chase, foreign_buy_3d",,"macd_death_cross, close_below_ema20, close_below_swing_low",-133.5,17.8,17.8,39.0,0.34,False,1506,D
2026-08-12,21.7,21.95,21.65,21.95,5951,129352,8093,保銳,,0.997368395297606,0.4231247329855974,0.5742436623120086,19.61804949358683,18.838567644122573,18.446496787220823,53.58858277419372,11.374472183611584,3.2050212820664803,23278.7,481328.75,22.7,18.5,,,0.0603864734299517,0.0045766590389015,21.85,0.610479464509928,30.86070392214404,18.42999999999997,5.999296077855908,0.6415849022728914,1.3489640718550278,63.93442622950816,75.57264379471599,21.639999999999965,21.06499999999996,-628142.0,-806343.9,-4.772234273318878,63.092484238218326,80.13242541659459,15.2,10.575,,,,0.0,0.0,0.0,0.0,0.0,0.0,,0.0,0.0,1.0444,0.0776,0.0,0.0,0.0,0,False,0,False,False,True,True,0.2556414232753547,False,False,False,False,False,False,False,False,False,True,False,False,False,False,False,False,True,True,0.0,0.0,3.416856492027335,8.0,1.34511844748411,False,False,True,False,False,False,False,-1.0,False,5,False,False,396.69783560256286,,3,False,3,False,False,False,False,"ema60_gt_ema120, market_above_ma60, obv_uptrend, mfi_strong, above_ichimoku_cloud",,,42.9,59.2,59.2,39.0,-0.76,False,1506,X
2026-08-12,122.5,126.5,121.5,125.5,4711274,586308256,8096,擎亞,,-4.546236993870778,-4.672735326978811,0.1264983331080333,129.57375114784008,128.45682935381348,113.38573613252,46.24944846334541,20.76327970924713,10.346017060971574,4125607.2,518730621.65,146.0,102.5,-0.5967966453662162,0.0956267671025067,-0.0308880308880309,0.0329218106995885,121.5,1.0105460827514152,149.88439808670444,128.1,106.31560191329557,0.4403242635015277,0.3401155048665799,46.55172413793103,49.71637557844466,127.4,122.3,370871391.0,369381199.9,-40.25974025974026,-31.11979166666656,62.66194258785575,149.0,127.55,,,,304482.0,1.0,0.0,0.0,43483.0,7.0,,0.0,0.0,5.2378,0.1592,0.0,0.0,0.0,0,False,0,True,True,False,True,1.141958933947953,False,False,True,False,True,True,False,False,False,True,False,True,False,False,False,False,True,True,0.0,0.0,16.334661354581673,0.0,0.0455252481166936,False,False,False,False,False,False,False,-1.0,False,10,False,False,726.9658923168798,,3,True,3,False,True,False,True,"macd_golden_cross, ema60_gt_ema120, market_above_ma60, avoid_chase, liquidity_ok, hist_turn_positive, adx_trending, obv_uptrend, dealer_buy_3d, mfi_strong",,close_below_ema20,373.2,95.8,95.8,39.0,0.17,False,1506,D
2026-08-12,50.9,51.1,49.8,51.0,131101,6626300,8097,常珵,,-1.2155598138934425,-1.2930734603622998,0.0775136464688575,52.606393580094384,54.64366534030159,56.00265437933202,36.13185100522872,14.63796845539646,1.5967460132341509,96196.3,5010925.9,55.5,51.0,-0.1566514414664977,-0.2598180713754393,-0.0154440154440154,-0.0019569471624266,51.1,1.8546796675102195,53.96531164535918,52.07999999999966,50.194688354640135,0.2135752058133324,0.0724006008202586,21.81818181818187,20.530303030303305,51.39999999999928,51.84999999999964,-1040855.0,-633051.45,-78.18181818181813,-132.92388681728426,34.5693102488687,58.15,56.75,,,,-16000.0,0.0,0.0,0.0,-5006.0,0.0,,0.0,0.0,4.0444,-0.1578,0.0,0.0,0.0,0,False,0,False,False,False,False,1.3628486750529905,False,False,False,False,True,False,False,False,True,False,False,False,False,False,False,False,False,False,10.0,0.0,8.823529411764707,0.0,-0.9799850516771847,False,False,False,False,False,False,False,-1.0,False,3,False,False,221.86866613040368,,3,False,3,False,True,False,True,"market_above_ma60, avoid_chase, kd_golden_cross",,close_below_ema20,-131.9,18.3,18.3,39.0,0.4,False,1506,D
2026-08-12,68.0,68.9,68.0,68.8,5510,377480,8102,傑霖科技,,-1.069438942681444,-1.7183448105453565,0.6489058678639126,66.85492019195952,67.42664266302765,66.28938769080126,50.76087413221675,12.933426266836506,8.705454922112763,14809.35,1064610.05,75.9,0.0,,,-0.0086455331412105,0.0014556040756912,68.7,1.0579059233114378,99.46078480038123,67.86000000000004,36.25921519961884,0.5148730483425938,0.9313523371759852,95.6884561891516,95.64209550301288,68.55999999999986,62.01000000000022,380601.0,377992.5,-9.234828496042216,8.185494123340112,18.58906713592416,69.65,70.25,,,,0.0,0.0,0.0,0.0,0.0,0.0,,0.0,0.0,-0.0169,-0.0877,0.0,0.0,0.0,0,False,0,False,False,True,True,0.3720622444604253,False,False,False,False,True,False,False,False,False,True,False,False,False,False,False,False,False,True,-20.0,0.0,10.319767441860478,0.0,0.0208556048625741,False,False,False,False,False,False,False,-1.0,False,4,False,False,223.9708897029552,,3,False,3,False,False,False,False,"ema60_gt_ema120, market_above_ma60, avoid_chase, obv_uptrend",,,-129.8,18.7,18.7,39.0,-0.63,False,1506,D
2026-08-12,133.0,133.0,130.5,130.5,156258,20502728,8109,博大,,0.2836787370852391,-0.5053231977122201,0.7890019347974593,128.90901276299576,126.09611398647802,120.12787985995134,52.44409569036538,16.008425847807903,5.600556061692067,345811.75,44184240.65,138.0,116.0,0.0019585122954458,0.1359126107955309,0.0,-0.0150943396226415,132.5,0.4977123593207185,138.69257482855764,127.375,116.05742517144236,0.6380596129178968,0.1777048059439865,71.7948717948718,79.60420338469096,132.0,127.2,10383994.0,9925747.9,-25.0,48.751835535976326,51.46042105985035,134.375,132.25,,,,-42000.0,0.0,-1000.0,0.0,-3832.0,0.0,,0.0,0.0,0.4535,0.0982,0.0,0.0,0.0,0,False,0,False,False,True,True,0.4518585617753011,False,False,False,False,True,False,False,False,False,True,False,False,False,False,False,False,True,True,-10.0,0.0,5.747126436781609,0.0,0.3112930033468381,False,False,False,False,False,False,False,-1.0,False,5,False,False,348.25410165791504,,3,True,3,False,False,False,False,"ema60_gt_ema120, market_above_ma60, avoid_chase, obv_uptrend, mfi_strong",,,-5.5,48.5,48.5,39.0,-0.55,False,1506,D
2026-08-12,57.4,59.4,57.4,58.8,2450536,143711390,8111,立碁,,1.4641793453787528,1.5000124972767344,-0.0358331518979815,58.161732912803245,58.27339346339031,60.15563923757899,52.091340026864245,22.387668641930333,4.088260734941633,11698053.75,720100084.7,65.5,56.3,1.2380425093389005,-0.2052994833093026,-0.0740157480314961,0.0137931034482758,58.0,0.2589401235935981,69.1739212705697,57.35500000000011,45.536078729430514,0.5611307904892342,0.4121322036638331,30.61224489795918,27.437641723356137,59.4,60.060000000000215,27608364.0,47716077.15,-69.38775510204081,15.323133400713232,63.87298331590491,56.575,65.44999999999999,,,,160811.0,1.0,0.0,0.0,4517.0,1.0,,0.0,0.0,-0.2091,-0.1471,0.0,0.0,0.0,0,False,0,False,False,True,False,0.209482367953729,False,False,True,False,True,True,False,False,True,False,False,False,False,False,False,False,True,False,0.0,0.0,11.394557823129258,0.0,-2.0,False,False,False,False,False,False,False,-1.0,False,6,False,False,333.0948236795373,,3,False,3,True,False,False,True,"market_above_ma60, avoid_chase, liquidity_ok, adx_trending, kd_golden_cross, mfi_strong",,macd_death_cross,-20.7,45.1,45.1,39.0,-0.8,False,1506,X
2026-08-12,30.0,30.85,30.0,30.3,748057,22717076,8121,越峰,,-2.995315411706631,-3.4349350994366423,0.4396196877300111,32.04909894349949,35.69062439927957,34.34407221294496,39.44790740506685,34.24223424010002,2.2028548760770894,1135003.6,36092863.8,40.1,26.55,-1.2221977849225834,-0.6423595064344944,0.0271186440677966,0.0,30.3,0.8309917794262296,37.33304909732262,31.07250000000004,24.811950902677456,0.4383041337116572,0.4029639776215351,84.5070422535211,81.13197704746987,29.540000000000145,29.030000000000108,55864801.0,56561723.65,-40.74074074074071,-21.551724137930943,44.92205131624764,48.400000000000006,41.45,,,,6875.0,3.0,0.0,0.0,-427.0,0.0,,0.0,0.0,0.3221,0.0494,0.0,0.0,0.0,0,False,0,False,False,False,True,0.6590789667979907,False,False,True,False,True,False,True,False,False,False,False,False,False,False,False,False,False,True,-20.0,0.0,32.34323432343235,0.0,-0.0629417809235086,True,False,False,False,False,False,False,-1.0,False,5,False,False,400.8354882968978,,8,False,3,False,True,False,True,"ema60_gt_ema120, market_above_ma60, avoid_chase, foreign_buy_3d, adx_trending",,close_below_ema20,47.1,60.4,60.4,39.0,-0.34,False,1506,D
2026-08-12,127.0,130.0,127.0,130.0,89911,11597346,8147,正淩,,-4.2390386801995845,-6.389239697490492,2.1502010172909074,127.22569304791467,138.15930353143,138.71099811167446,50.22189786742728,27.24309799359834,6.493829398768599,241169.05,29564549.35,141.5,106.0,-0.3016526784494384,-0.6896190524744124,0.0358565737051792,0.0236220472440944,127.0,0.4442070608651902,140.41028741609486,124.275,108.13971258390517,0.6774061983640075,0.2596706886516975,100.0,93.05555555555536,127.3,121.8,15985811.0,15637649.1,-0.0,48.51414249910502,46.67769792690091,153.625,167.0,,,,17265.0,3.0,0.0,0.0,995.0,1.0,,0.0,0.0,0.4961,0.1273,0.0,0.0,0.0,0,False,0,False,False,False,False,0.3728131781420543,False,False,True,False,True,False,True,False,False,True,False,False,False,False,False,False,False,True,-20.0,0.0,8.846153846153847,0.0,0.2591791182076773,True,False,False,False,False,False,False,-1.0,False,5,False,False,416.8382811999127,,3,True,3,False,False,False,False,"market_above_ma60, avoid_chase, foreign_buy_3d, adx_trending, obv_uptrend",,,63.1,63.4,63.4,39.0,-0.63,False,1506,D
2026-08-12,310.0,329.5,310.0,321.5,927741,299494406,8155,博智,,-9.890654697560931,-16.969811732198444,7.079157034637511,306.887479378342,330.1616990711772,314.74212477246465,52.7146616370391,21.828931542703337,20.52985547373473,1032512.35,305204933.95,337.5,248.0,-0.0272662826805059,-0.6669871822179547,0.1029159519725557,0.0174050632911393,316.0,0.6619818091325583,337.74996228121427,296.325,254.9000377187857,0.8038626786078762,0.2795914099803545,86.77685950413223,91.39287432324213,309.5,293.4,66143636.0,63456401.3,-9.411764705882351,96.983099036487,54.19324770327973,377.0,407.0,,,,-87889.0,0.0,-75332.0,0.0,23414.0,2.0,,0.0,0.0,0.5201,0.0341,0.0,0.0,0.0,0,False,0,False,False,False,True,0.8985277512661229,False,False,True,False,False,True,False,False,False,True,False,False,False,False,False,False,True,True,-20.0,-12.0,4.976671850699844,0.0,1.1315244691466204,False,False,False,False,False,False,False,-1.0,False,6,False,False,425.5635711424207,,3,True,3,False,False,False,False,"ema60_gt_ema120, market_above_ma60, liquidity_ok, adx_trending, obv_uptrend, mfi_strong",,,71.8,65.3,65.3,39.0,-0.09,False,1506,D
2026-08-12,9.85,10.15,9.85,9.91,115732,1153011,8176,智捷,,-0.0808649012147757,-0.0953223880368668,0.0144574868220911,9.931515342580992,10.142262932050206,10.359819893999878,47.48540554767656,9.563842567130973,0.2221288235338019,112694.55,1110871.85,10.2,9.65,-0.1113510191201734,-0.0502840220428319,-0.001008064516129,0.0030364372469635,9.88,0.6470740933193034,10.153005555487828,9.905500000000009,9.657994444512186,0.5090907050371531,0.0499733593433589,50.0,67.46031746031804,9.860000000000037,9.840000000000057,742037.0,879786.1,-41.379310344827616,59.87311657414898,30.623212538582337,10.5975,10.57,,,,29000.0,1.0,0.0,0.0,0.0,0.0,,0.0,0.0,0.3024,0.0696,0.0,0.0,0.0,0,False,0,False,False,False,False,1.0269529449294574,False,False,False,False,True,False,False,False,False,False,False,False,False,False,False,False,False,True,0.0,0.0,2.9263370332996885,8.0,-0.31438241704226,False,False,False,True,False,False,False,-1.0,False,2,True,False,159.49694044478744,,3,False,3,False,True,False,True,"market_above_ma60, avoid_chase",long_upper_shadow,close_below_ema20,-194.3,7.4,7.4,39.0,0.05,False,1506,D
2026-08-12,20.8,20.8,20.1,20.3,55459,1124809,8171,天宇,,-0.3016037893055987,-0.4652723519403842,0.1636685626347854,20.07010620069288,21.29310875874792,22.79835818030796,50.44127823909469,15.530496419084995,0.7426233198296925,98985.55,1984238.8,20.9,18.8,-0.2318785291565865,-0.384767272604852,0.0410256410256411,-0.0097560975609756,20.5,0.6515619994188602,21.2420417490006,19.98750000000009,18.732958250999577,0.6245474693245077,0.1255326327955479,60.97560975609754,67.18510663367427,20.01000000000004,19.655000000000108,-7042872.0,-7190489.1,-29.629629629629623,42.867701404287246,34.92016470531371,22.137500000000003,23.2,,,,-7000.0,0.0,0.0,0.0,-190.0,0.0,,0.0,0.0,2.8776,0.5078,0.0,0.0,0.0,0,False,0,False,False,False,False,0.5602736965142892,False,False,False,False,True,False,False,False,False,True,False,False,False,False,False,False,False,True,0.0,0.0,2.955665024630531,8.0,0.1600768815252996,False,False,False,False,False,False,False,-1.0,False,3,False,False,235.52365954344648,,3,False,3,False,False,False,False,"market_above_ma60, avoid_chase, obv_uptrend",,,-118.2,21.5,21.5,39.0,-0.44,False,1506,D
2026-08-12,39.75,42.2,39.75,41.75,1736058,71675409,8182,加高,,-1.6964990358829155,-2.3250158677742254,0.6285168318913099,40.66678530163963,42.2675181107142,39.4647084583305,50.55603671485697,17.31844343259664,3.184392042014609,1689757.95,68453263.95,47.05,34.0,-0.3692647393834609,-0.2675901796151266,0.0463659147869675,0.050314465408805,39.75,0.5684425120318006,44.83794970459064,39.417499999999976,33.99705029540931,0.715157424855782,0.2750275742799857,93.2835820895522,85.41158327259716,39.88999999999978,38.58999999999978,92450988.0,87509559.55,-5.17241379310348,52.74108919848052,67.12895711079842,52.0375,46.6,,,,501000.0,2.0,0.0,0.0,1465.0,1.0,,0.0,0.0,0.1248,0.0545,0.0,0.0,0.0,0,False,0,False,False,False,True,1.0274004037087088,False,False,False,False,True,True,False,False,False,True,False,False,False,False,False,False,True,True,-20.0,0.0,12.694610778443108,0.0,0.2117449667952811,True,False,False,False,False,False,False,-1.0,False,6,False,False,422.8149436386304,,3,True,3,False,False,False,False,"ema60_gt_ema120, market_above_ma60, avoid_chase, liquidity_ok, obv_uptrend, mfi_strong",,,69.1,64.6,64.6,39.0,0.05,False,1506,D
2026-08-12,30.2,30.75,30.2,30.6,289416,8853822,8183,精星,,-0.6251573931326178,-0.8523959460224662,0.2272385528898484,30.15140736583115,31.492261073828093,32.14257413414989,50.7884656489983,24.40685347657652,1.1646777067548897,297610.9,8911999.7,33.35,27.55,-0.2399884517555647,-0.1394710699596831,0.0425894378194207,0.0149253731343284,30.15,0.3397751349743934,31.911858878540773,29.76750000000011,27.623141121459444,0.6941139629963543,0.1440738307577496,94.8275862068966,96.84729064039432,29.809999999999853,29.3,20210041.0,20225748.3,-17.204301075268763,53.41999380996597,45.76017195590841,33.675000000000004,34.8,,,,39000.0,3.0,0.0,0.0,1679.0,3.0,,0.0,0.0,0.5575,0.1087,0.0,0.0,0.0,0,False,0,False,False,False,False,0.9724643821849266,False,False,True,False,True,False,True,False,False,False,False,True,False,False,False,False,False,True,-20.0,0.0,8.986928104575163,0.0,-0.0054108622336332,True,False,False,False,False,False,False,-1.0,False,5,False,False,404.6597134750457,,3,False,3,False,False,False,False,"market_above_ma60, avoid_chase, foreign_buy_3d, adx_trending, dealer_buy_3d",,,50.9,61.6,61.6,39.0,-0.01,False,1506,D
2026-08-12,162.0,163.5,154.0,159.0,2384846,380691446,8227,巨有科技,,-6.522558337275967,-9.7167514032007,3.1941930659247326,153.29591171442553,166.35125712336122,166.0087321866158,51.25115694048577,27.49347373929225,10.290801640884794,629055.15,93594176.75,166.0,130.0,-0.0513080733032158,-0.7713751069283142,0.06,0.0063291139240506,158.0,1.9262211007714656,162.8111696218502,147.25,131.6888303781498,0.8775423147981511,0.2113571425718195,84.21052631578948,83.62573099415204,150.8,146.1,19380598.0,17470753.1,-12.67605633802817,137.93793793793776,58.2860145025813,199.125,200.0,,,,-501910.0,0.0,0.0,0.0,5502.0,2.0,,0.0,0.0,-0.1354,-0.1758,0.0,0.0,0.0,0,False,0,False,False,False,True,3.791155672121912,True,False,True,False,False,True,False,False,False,True,False,False,False,False,False,True,True,True,-20.0,-12.0,4.40251572327044,0.0,0.587354701787445,False,False,False,False,True,False,False,-1.0,False,8,True,False,527.9598131426684,,6,False,3,False,False,False,False,"ema60_gt_ema120, volume_break, market_above_ma60, liquidity_ok, adx_trending, obv_uptrend, cci_momentum, mfi_strong",open_high_close_low,,174.2,81.4,81.4,39.0,2.93,False,1506,D
2026-08-12,70.9,71.5,69.0,69.8,769461,53945369,8234,新漢,,1.0004358078298736,-0.2293484378177411,1.229784245647615,66.4613213597331,66.58974220590453,68.00846463544713,55.87329218501568,18.32972036637521,3.99556448207934,921375.45,60570450.3,73.8,55.8,0.7063412397457072,-0.1199815123587337,0.027982326951399,-0.0127298444130128,70.7,1.2577351198430204,73.46312990237404,64.26000000000003,55.05687009762604,0.8009845595339736,0.2864341706309988,66.4705882352941,77.82522145914179,70.4,66.25,104994021.0,103660805.9,-28.93401015228428,101.26808358635505,64.66652123284985,69.57499999999999,69.1,,,,14000.0,1.0,0.0,0.0,-1798.0,0.0,,0.0,0.0,0.7455,0.1054,0.0,0.0,0.0,0,False,0,False,False,True,False,0.835122099248466,False,True,False,False,True,True,False,False,False,True,False,False,False,False,False,False,True,True,0.0,-12.0,5.730659025787966,0.0,0.5692995906145504,False,False,True,False,False,False,False,-1.0,False,7,False,False,493.18281607985926,,3,True,3,False,False,False,False,"rsi_strong, market_above_ma60, avoid_chase, liquidity_ok, obv_uptrend, mfi_strong, above_ichimoku_cloud",,,139.4,77.2,77.2,39.0,-0.15,False,1506,D
2026-08-12,41.6,43.5,41.6,43.4,204214,8778593,8240,華宏,,-1.9340683581949136,-2.9122940751342536,0.97822571693934,42.86124498857738,48.75575497094561,49.9083546675745,47.605369969570674,36.19490383709689,2.010729739686383,282738.1,11539768.2,47.3,36.35,-0.1279935244318422,-0.9672949773728292,0.0395209580838322,0.0272189349112426,42.25,0.4877814322189842,46.00095729057501,41.364999999999874,36.72904270942474,0.7194800202470872,0.224148787166694,98.26086956521738,94.04394576905118,42.659999999999854,41.05499999999993,63600047.0,63105342.15,-1.2500000000000178,52.61127825349096,45.51433507803119,55.775,66.1,,,,118000.0,1.0,0.0,0.0,404.0,1.0,,0.0,0.0,-0.0772,0.0923,0.0,0.0,0.0,0,False,0,False,False,False,False,0.7222726615196184,False,False,True,False,True,False,False,False,False,True,False,False,False,False,False,False,False,True,-20.0,0.0,8.98617511520737,0.0,0.2738947946846027,False,False,False,False,False,False,False,-1.0,False,4,False,False,285.5094641514114,,8,True,3,False,False,False,False,"market_above_ma60, avoid_chase, adx_trending, obv_uptrend",,,-68.3,32.9,32.9,39.0,-0.27,False,1506,D
2026-08-12,7.8,8.19,7.8,8.12,97954,792009,8277,商丞,,-0.211180393300717,-0.2711530827704897,0.0599726894697726,8.196855243545198,8.537396735033518,8.781011790176347,45.404771829549325,15.195633226853658,0.387899801534163,130316.5,1046071.5,8.53,7.6,-0.0593470017120946,-0.1789347032303416,-0.0097560975609756,0.0175438596491226,7.98,0.3299498019296526,8.424156723564336,8.053999999999974,7.683843276435612,0.5891514266774486,0.0919187294671872,41.05263157894727,40.21220230854427,8.065999999999985,8.037999999999965,9531699.0,9767870.05,-47.45762711864412,-21.141975308641467,50.83248806897064,10.0525,9.42,,,,29000.0,2.0,0.0,0.0,0.0,0.0,,0.0,0.0,-0.3435,0.1097,0.0,0.0,0.0,0,False,0,False,False,False,False,0.7516622990948959,False,False,False,False,True,False,False,False,True,False,False,False,False,False,False,False,True,True,0.0,0.0,5.049261083743844,0.0,-0.0677855240052583,True,False,False,False,False,False,False,-1.0,False,4,False,False,251.7031967028858,,3,False,3,False,True,False,True,"market_above_ma60, avoid_chase, kd_golden_cross, mfi_strong",,close_below_ema20,-102.1,25.3,25.3,39.0,-0.24,False,1506,D
2026-08-12,45.0,48.85,44.85,47.2,625648,29341552,8289,泰藝,,-2.9280925522542844,-4.168203338986913,1.2401107867326289,45.47129165806269,50.50870072335052,47.41017769067482,50.19553372721068,29.41306336923458,3.377565928115403,899099.8,40029692.6,52.7,36.65,-0.3891837060240012,-1.0096130431388142,0.0850574712643679,0.0547486033519553,44.75,0.4661165118557513,50.23861565713317,43.34750000000004,36.45638434286691,0.7795265811575929,0.3179475474771611,83.74384236453203,86.90552509031902,44.27000000000008,42.36499999999997,112470935.0,110984887.65,-12.840466926070029,83.93546049406396,62.03951391173375,65.175,59.95,,,,166269.0,3.0,0.0,0.0,1136.0,1.0,,0.0,0.0,0.616,0.1749,0.0,0.0,0.0,0,False,0,False,False,False,True,0.6958604595396417,False,False,True,False,False,False,True,False,False,True,False,False,False,False,False,False,True,True,-20.0,0.0,11.652542372881356,0.0,0.1750136953255984,True,False,False,False,False,False,False,-1.0,False,6,False,False,489.0587689393036,,3,True,3,False,False,False,False,"ema60_gt_ema120, market_above_ma60, foreign_buy_3d, adx_trending, obv_uptrend, mfi_strong",,,135.3,76.8,76.8,39.0,-0.3,False,1506,D
2026-08-12,41.0,41.0,38.7,39.2,31709,1249215,8291,尚茂,,-0.3671766117148749,-1.14668878106502,0.7795121693501452,39.48269831969596,41.225078724621305,35.65078602049096,48.61276207642954,13.391792490239771,3.677468525205265,61554.3,2547300.65,44.0,33.95,1.0662438244735106,-1.7981367945452302,0.0509383378016088,-0.0599520383693045,41.7,0.6305563962041968,47.34612670829323,38.56999999999996,29.793873291706685,0.5358928272653988,0.4550752765513757,55.55555555555558,69.98810920379553,40.96999999999989,39.32999999999993,373214.0,399441.35,-63.28671328671329,20.991281273692216,35.1131250527348,63.225,73.0,,,,0.0,0.0,0.0,0.0,0.0,0.0,,0.0,0.0,3.5932,0.1938,0.0,0.0,0.0,0,False,0,False,False,False,True,0.5151386661857904,False,False,False,False,False,False,False,False,False,False,False,False,False,False,False,False,False,True,0.0,0.0,12.244897959183664,0.0,-0.0277136321704758,False,False,False,False,False,False,False,-1.0,False,2,False,False,149.81882307581216,,3,False,3,False,True,False,True,"ema60_gt_ema120, market_above_ma60",,close_below_ema20,-203.9,6.2,6.2,39.0,-0.49,False,1506,D
2026-08-12,2110.0,2245.0,2110.0,2210.0,6097464,13312951320,8299,群聯,,-14.173323569077183,-84.4016432045299,70.22831963545272,1951.929498755677,2056.347335032374,1975.8805288243,61.16843690270412,20.75799644248744,137.97371551058694,5003724.2,9193704622.75,2105.0,1495.0,0.6273693062274899,-0.6511221296452996,0.1978319783197832,0.0574162679425838,2090.0,0.627933372071364,2210.313011060064,1847.25,1484.1869889399363,0.999568930116084,0.3930848678414548,94.21487603305783,95.46298195912702,2077.0,1894.5,194820910.0,184942240.35,-4.375,162.09773539928483,62.46294584235783,2417.5,2260.0,,,,462427.0,2.0,13.0,1.0,110925.0,2.0,,0.0,0.0,3.7755,0.0929,0.0,0.0,0.0,0,False,0,False,False,True,True,1.2185851490375907,False,True,True,True,False,True,False,False,False,True,False,False,False,False,False,False,True,True,-20.0,-25.0,-4.751131221719457,25.0,0.5699556438537344,True,False,False,False,False,False,False,-1.0,False,8,False,False,574.0253192166207,,3,True,3,False,False,False,False,"ema60_gt_ema120, rsi_strong, breakout_20d, market_above_ma60, liquidity_ok, adx_trending, obv_uptrend, mfi_strong",,,220.3,86.3,86.3,39.0,0.25,False,1506,D
2026-08-12,402.5,418.5,402.0,418.5,11222065,4630972265,8358,金居,,-31.935783835416032,-45.89248182488694,13.95669798947091,385.7018292765669,436.6346400306231,409.3743104136654,52.2996526124807,22.23702850821709,36.87702752720324,15020154.7,5416582050.45,462.5,271.0,-0.5981200253540337,-1.028321058729038,0.1974248927038626,0.0998685939553218,380.5,1.8713722890159503,448.06472192735487,363.15,278.2352780726451,0.825915216723858,0.4676564611171961,100.0,82.14285714285688,376.2,346.8,1138421458.0,1119255117.8,-0.0,100.05592119413268,50.73975329681297,614.25,541.25,,,,-1405020.0,0.0,-803000.0,0.0,99825.0,2.0,,0.0,0.0,0.5487,0.0482,0.0,0.0,0.0,0,False,0,False,False,False,True,0.7471337828497865,False,False,True,False,False,True,False,False,False,True,False,False,False,False,False,True,True,True,-20.0,-12.0,10.51373954599761,0.0,0.2814502100317947,False,False,False,False,False,True,False,-1.0,False,7,True,False,488.8487403488793,,3,True,3,False,False,False,False,"ema60_gt_ema120, market_above_ma60, liquidity_ok, adx_trending, obv_uptrend, cci_momentum, mfi_strong",gap_chase_after_blowout,,135.1,76.8,76.8,39.0,-0.24,False,1506,D
2026-08-12,68.5,70.5,67.2,69.7,2005361,138519560,8383,千附,,-0.6251541618006655,0.6360630254628238,-1.2612171872634894,72.15339216662267,67.96890657798227,61.42768625608876,47.042010470837006,21.392510314038272,5.205049155444758,4037280.9,327958508.9,90.4,62.3,-1.5117218998027802,0.5446170923181958,-0.0183098591549295,0.0160349854227406,68.6,0.6264806371040217,93.27807457096564,76.14000000000006,59.00192542903447,0.3121142496686774,0.4501726968995422,64.70588235294117,57.39879522559264,69.98000000000029,68.98999999999997,65546834.0,68209973.65,-76.50793650793649,-61.2336474405441,56.83553031785339,62.125,65.0,,,,-175503.0,0.0,0.0,0.0,-3753.0,0.0,,0.0,0.0,0.7753,-0.2513,0.0,0.0,0.0,0,False,0,False,False,True,True,0.4967107936433157,False,False,True,False,True,True,False,False,False,False,False,False,False,False,False,False,True,True,0.0,0.0,29.6987087517934,0.0,-0.170600731005689,False,False,True,False,False,False,False,-1.0,False,7,False,False,502.9198991643649,,3,False,3,False,True,False,True,"ema60_gt_ema120, market_above_ma60, avoid_chase, liquidity_ok, adx_trending, mfi_strong, above_ichimoku_cloud",,close_below_ema20,149.2,78.7,78.7,39.0,-0.5,False,1506,D
2026-08-12,99.2,103.5,99.2,100.0,496299,50215952,8390,金益鼎,,-1.1856004742225252,-2.705867550164999,1.5202670759424737,97.4114732092804,101.17586406825605,99.42817791978804,52.77260992459116,26.80364118799814,3.983973393213884,471543.8,44816707.6,102.5,87.2,0.1773992175627714,-0.5285882623317171,0.0493179433368311,0.0090817356205852,99.1,1.834585057286492,102.91080682015324,95.03999999999978,87.1691931798463,0.8150884091895108,0.1656314566530617,75.86206896551724,83.66180287465431,99.31999999999972,95.74999999999964,35347568.0,35464972.7,-19.444444444444443,127.70347444825104,44.72065986029045,112.5,107.1,,,,68701.0,1.0,0.0,0.0,-12840.0,0.0,,0.0,0.0,0.7562,-0.013,0.0,0.0,0.0,0,False,0,False,False,False,True,1.0524981984706403,False,False,True,False,True,False,False,False,False,False,False,False,False,False,False,True,False,True,-10.0,-12.0,2.5,8.0,-0.0461464357227104,False,False,False,True,False,False,False,-1.0,False,5,True,False,375.9712247560339,,3,True,3,False,False,False,False,"ema60_gt_ema120, market_above_ma60, avoid_chase, adx_trending, cci_momentum",long_upper_shadow,,22.2,55.0,55.0,39.0,0.07,False,1506,D
2026-08-12,31.65,32.1,31.5,31.95,17033,540306,8410,森田,,-0.3229050911927906,-0.5243669346419608,0.2014618434491701,31.535384506224474,32.8377239528583,34.37442832125208,52.33651860998872,24.614569210490707,0.7318534299989611,36380.3,1130881.4,32.75,30.15,-0.1136089321030716,-0.2254034203113175,0.0339805825242718,0.0015673981191222,31.9,0.1921564482900135,32.62088765638167,31.34250000000002,30.064112343618365,0.7376039838023195,0.0815753469813608,93.99999999999991,88.97222222222263,31.57000000000044,31.04500000000008,-3612887.0,-3558491.1,-6.000000000000085,61.02564102564072,33.93191963393258,33.725,35.075,,,,-1000.0,0.0,0.0,0.0,5000.0,1.0,,0.0,0.0,-0.1787,0.019,0.0,0.0,0.0,0,False,0,False,False,False,False,0.4681929505803965,False,False,True,False,True,False,False,False,False,False,False,False,False,False,False,False,False,True,-20.0,0.0,2.5039123630672946,8.0,-0.1066517871738813,False,False,False,False,False,False,False,-1.0,False,3,False,False,151.4021080597174,,5,False,3,False,False,False,False,"market_above_ma60, avoid_chase, adx_trending",,,-202.4,6.3,6.3,39.0,-0.53,False,1506,D
2026-08-12,18.05,18.05,17.85,17.9,6188,110941,8423,保綠-KY,,0.0610245274480263,0.0271740001300783,0.033850527317948,17.798557133727424,17.802094673419578,17.889123440824715,53.703350330330174,19.78383332981668,0.2353143628831686,16562.1,294692.0,18.15,17.4,0.0823930579762302,0.0031439575792227,0.0,-0.0055555555555556,18.0,0.3680508544037691,18.19255746746596,17.757499999999983,17.32244253253401,0.6637714677442711,0.048999855550159,66.66666666666627,75.0,17.95,17.84499999999998,-77640.0,-67904.5,-23.52941176470618,51.191526919682005,41.26827942756077,17.762500000000003,18.15,,,,-1000.0,0.0,0.0,0.0,0.0,0.0,,0.0,0.0,0.3286,-0.0961,0.0,0.0,0.0,0,False,0,False,False,True,False,0.373624117714541,False,False,False,False,True,False,False,False,False,False,False,False,False,False,False,False,False,True,0.0,0.0,1.3966480446927376,15.0,-0.2212722257804821,False,False,False,False,False,False,False,-1.0,False,2,False,False,161.08097446777964,,3,False,3,False,False,False,False,"market_above_ma60, avoid_chase",,,-192.7,7.8,7.8,39.0,-0.63,False,1506,D
2026-08-12,48.75,49.0,47.9,48.8,117836,5729589,8431,匯鑽科,,-0.4753542589861723,-0.8944045995571518,0.4190503405709794,48.83256222142783,51.93834956082068,54.543841530565984,48.75714445386739,14.392780108071706,2.464107822420337,361269.25,17349480.95,51.5,44.15,0.2315148879956962,-0.354285695421413,-0.0412573673870334,0.001025641025641,48.75,0.4526513494962805,52.18976801156736,48.02749999999969,43.86523198843202,0.5927979646977795,0.1733285310110955,57.23270440251567,63.33044169738969,49.079999999999565,48.46999999999971,65118764.0,65259044.05,-39.08045977011499,18.70706067378493,52.99716275433339,53.2625,61.925,,,,18000.0,1.0,0.0,0.0,-50.0,0.0,,0.0,0.0,-0.1848,0.254,0.0,0.0,0.0,0,False,0,False,False,False,False,0.3261722385727542,False,False,False,False,True,False,False,False,False,False,False,False,False,False,False,False,True,True,0.0,0.0,5.5327868852459074,0.0,-0.097882269944011,False,False,False,True,False,False,False,-1.0,False,3,True,False,147.08713514639942,,3,False,3,False,True,False,True,"market_above_ma60, avoid_chase, mfi_strong",long_upper_shadow,close_below_ema20,-206.7,5.6,5.6,39.0,-0.68,False,1506,D
2026-08-12,19.8,20.0,19.8,20.0,48213,958391,8440,綠電,,-0.3875174961372529,-0.5497223064849577,0.1622048103477047,19.827092009634217,20.95863688674434,22.244897719463523,49.22449702130949,20.76535012202123,0.5008575702547093,89243.35,1746135.05,20.95,18.25,-0.2367765066725465,-0.3585414300899826,0.0389610389610388,0.0126582278481013,19.75,0.3821827101454323,20.86970404588368,19.64500000000008,18.420295954116472,0.6449329742941282,0.1246835373767978,100.0,97.979797979798,19.75000000000018,19.33500000000004,-15213536.0,-15135385.55,-2.702702702702739,39.88603988604004,28.02418833229551,22.15,22.9,,,,-9000.0,0.0,0.0,0.0,7.0,1.0,,0.0,0.0,0.1722,0.0847,0.0,0.0,0.0,0,False,0,False,False,False,False,0.5402419339928409,False,False,True,False,True,False,False,False,False,False,False,False,False,False,False,False,False,True,-20.0,0.0,4.7499999999999964,0.0,-0.0978277067582432,False,False,False,False,False,False,False,-1.0,False,3,False,False,214.22848685882948,,5,False,3,False,False,False,False,"market_above_ma60, avoid_chase, adx_trending",,,-139.5,16.1,16.1,39.0,-0.46,False,1506,D
2026-08-12,25.1,25.1,25.1,25.1,2005,50312,8455,大拓-KY,,-0.9100775103654328,-1.1322048126875743,0.2221273023221415,25.194503256041862,26.887329647917465,26.04087530848216,46.928360167551176,16.171602207524533,1.0782824869333374,8453.1,210185.85,27.3,23.0,-0.3900384092660653,-1.01734067407617,0.0480167014613779,0.0182555780933064,24.65,0.1109163912242951,27.36276537782737,25.00750000000003,22.65223462217269,0.5196368529998308,0.188364720809944,100.0,83.05555555555536,24.51999999999989,24.284999999999947,668423.0,671420.3,-56.24999999999998,12.992125984252183,38.639984895066775,32.4625,34.025,,,,0.0,0.0,0.0,0.0,0.0,0.0,,0.0,0.0,0.0315,0.0522,0.0,0.0,0.0,0,False,0,False,False,False,True,0.2371910896594148,False,False,False,False,True,False,False,False,False,False,False,False,False,False,False,False,False,True,-20.0,0.0,8.76494023904382,0.0,-0.0156245104549633,False,False,False,False,False,False,False,-1.0,False,3,False,False,167.1844167711346,,3,False,3,False,True,False,True,"ema60_gt_ema120, market_above_ma60, avoid_chase",,close_below_ema20,-186.6,8.5,8.5,39.0,-0.78,False,1506,X
2026-08-12,70.5,70.5,70.5,70.5,1050,74140,8472,夠麻吉,,-2.32776191248459,-2.945394492599991,0.617632580115401,71.57086506269677,75.03028297559439,74.29643263261477,43.994779486412696,15.280196743081104,3.1598097015823345,21958.0,1576710.6,81.5,68.0,-0.4623464149161118,-0.2654819757076465,0.033724340175953,-0.0289256198347106,72.6,0.0468926870271784,77.8745158897327,70.64500000000007,63.41548411026744,0.4899716660000706,0.2046716933889908,65.21739130434777,72.66505636070845,70.0800000000003,69.22999999999993,2452793.0,2441421.2,-42.307692307692285,-18.525187052374854,47.33406401436111,84.725,82.9,,,,0.0,0.0,0.0,0.0,0.0,0.0,,0.0,0.0,0.0557,0.0142,0.0,0.0,0.0,0,False,0,False,False,False,True,0.0478185627106293,False,False,False,False,True,False,False,False,False,True,False,False,False,False,False,False,False,True,0.0,0.0,15.602836879432624,0.0,0.0527036177169893,False,False,False,False,False,False,False,-1.0,False,4,False,False,261.1106290397102,,3,False,3,False,True,False,True,"ema60_gt_ema120, market_above_ma60, avoid_chase, obv_uptrend",,close_below_ema20,-92.7,27.5,27.5,39.0,-0.97,False,1506,X
2026-08-12,15.9,15.9,15.65,15.65,22276,349942,8477,創業家,,0.0231586103258418,-0.2010884223709322,0.2242470326967741,15.385635062168005,15.604847764258231,15.112256140895465,50.67497452551746,8.29636010428708,1.4258702708106752,29064.65,447322.15,16.1,15.05,,,-0.0157232704402515,-0.0157232704402515,15.9,1.2605197738532703,21.67479646604986,14.842499999999996,8.010203533950133,0.5590943326312409,0.920639577705894,54.16666666666672,70.36324786324742,15.760000000000035,15.730000000000018,64713.0,131610.75,-3.3950617283950555,41.28466167950954,28.00794349661294,17.575,17.95,,,,0.0,0.0,0.0,0.0,0.0,0.0,,0.0,0.0,-0.0975,-0.4564,0.0,0.0,0.0,0,False,0,False,False,True,True,0.7664293222178832,False,False,False,False,True,False,False,False,False,False,False,False,False,False,False,False,False,True,0.0,0.0,2.875399361022371,8.0,-0.1509797170172674,False,False,False,False,False,False,False,-1.0,False,3,False,False,178.85253661797162,,3,False,3,False,False,False,False,"ema60_gt_ema120, market_above_ma60, avoid_chase",,,-174.9,10.4,10.4,39.0,-0.22,False,1506,D
2026-08-12,72.1,72.4,72.1,72.4,6559,473668,8487,愛爾達-創,,-1.2871939057874755,-1.1212187581647532,-0.1659751476227222,74.4433095729065,76.64715486963674,77.77991698686564,32.45878891366273,19.51512309754973,1.300386589730528,30684.75,2280198.15,76.9,72.1,-0.2608004318448694,-0.1797981580995462,-0.0333778371161548,0.0041608876560335,72.1,1.1186536819357484,77.14005747062666,74.53000000000011,71.91994252937357,0.0919630077170669,0.0700404527204223,34.42622950819681,33.879781420765234,72.48000000000029,73.66000000000022,-105661.0,34683.0,-69.1176470588234,-127.89813759027044,39.3834421881171,79.64999999999999,80.65,,,,0.0,0.0,0.0,0.0,0.0,0.0,,0.0,0.0,2.0749,-0.0652,0.0,1.55,-0.04,0,False,0,False,False,False,False,0.2137543893953837,False,False,False,False,True,False,False,False,True,False,False,False,False,False,False,False,False,False,0.0,25.0,6.215469613259668,0.0,-0.8419802485153031,False,False,False,False,False,False,False,-1.0,False,3,False,False,227.0337809117702,,3,False,3,False,True,False,True,"market_above_ma60, avoid_chase, kd_golden_cross",,close_below_ema20,-126.7,19.3,19.3,39.0,-0.8,False,1506,X
2026-08-12,272.0,272.5,267.0,267.5,512896,137918064,8454,富邦媒,,-1.5341620858371243,-5.794244544563027,4.260082458725902,263.13717907034174,261.0820520687706,247.0267614465771,51.42334557299996,16.70273735630417,14.291463487830857,996137.05,255017054.75,283.5,245.5,0.4156653074564279,0.0346641162230488,0.022944550669216,-0.0129151291512915,271.0,0.6805305124814681,278.9900680447817,254.925,230.85993195521831,0.7612708174479226,0.1888011614771536,52.54237288135593,61.02557467546467,270.9,260.9,10402649.0,13680509.05,-42.74809160305343,91.04449318926544,62.91163001827244,334.5,317.5,,,,0.0,0.0,0.0,0.0,0.0,0.0,,0.0,0.0,0.0523,-0.1293,0.0,11.84,-0.01,0,False,0,False,False,True,True,0.5148849749138434,False,False,False,False,True,True,False,False,False,False,False,False,False,False,False,False,True,True,0.0,0.0,5.981308411214954,0.0,-0.2459973389862549,False,False,False,False,False,False,False,-1.0,False,5,False,False,317.1968816813033,,3,True,3,False,False,False,False,"ema60_gt_ema120, market_above_ma60, avoid_chase, liquidity_ok, mfi_strong",,,-36.6,40.8,40.8,39.0,-0.49,False,1506,D
2026-08-12,105.0,109.0,103.5,107.5,2333721,248986218,8932,智通*,,-1.986270688562186,-2.5450247284395457,0.5587540398773596,103.55880693748136,106.0677095515436,114.73446685018386,53.43297280222426,18.90570210873648,6.695040914168769,4279879.9,460551792.75,129.5,86.6,-1.113858464598276,0.0734278650864248,0.0814889336016095,0.0238095238095237,105.0,0.4946129527588779,127.79452230554742,105.15999999999984,82.52547769445229,0.5516909517331989,0.4304777920416051,93.50649350649353,91.749507811642,102.7,98.05999999999986,22438726.0,19313595.65,-25.993883792048926,9.417045546570533,44.27659015165696,109.5,105.0,,,,403384.0,2.0,0.0,0.0,87732.0,3.0,,0.0,0.0,0.1067,-0.208,0.0,0.0,0.0,0,False,0,False,False,True,False,0.545277216774237,False,False,False,False,False,True,False,False,False,True,False,True,False,False,False,False,False,True,-20.0,0.0,20.46511627906977,0.0,0.2668924636593603,True,False,False,False,False,False,False,-1.0,False,4,False,False,303.6554817316548,,3,True,3,False,False,False,False,"market_above_ma60, liquidity_ok, obv_uptrend, dealer_buy_3d",,,-50.1,37.6,37.6,39.0,-0.45,False,1506,D
2026-08-12,38.7,39.55,38.35,39.1,751551,29426046,8222,寶一,,-0.119366414384828,-0.296840934931238,0.1774745205464099,37.84207002255696,37.75426183082059,38.40809708273105,54.57072110882798,19.36432675028093,2.03410235048104,1457427.2,56418555.6,41.95,34.1,-0.2329043526053173,0.1453304989853956,0.0440587449933242,0.0116429495472187,38.65,0.6171078735967693,41.12741923546376,37.72249999999995,34.31758076453613,0.70228086259033,0.180524580049775,89.6551724137932,91.25885454635744,37.98999999999978,37.0,102555774.0,99746651.15,-27.14285714285712,55.79581107436606,67.81922955824166,40.0375,39.8,,,,0.0,0.0,0.0,0.0,0.0,0.0,,0.0,0.0,0.4682,0.3363,0.0,2.38,0.27,0,False,0,False,False,True,False,0.5156696677542453,False,False,False,False,True,True,False,False,False,True,False,False,False,False,False,False,True,True,-20.0,0.0,7.289002557544761,0.0,0.6211712493594939,False,False,False,False,False,False,False,-1.0,False,5,False,False,342.6107516698564,,3,False,3,False,False,False,False,"market_above_ma60, avoid_chase, liquidity_ok, obv_uptrend, mfi_strong",,,-11.2,46.7,46.7,39.0,-0.48,False,1506,D
2026-08-12,82.5,86.9,82.5,86.1,707243,60440532,8374,羅昇,,-0.4224159716311249,-2.2776545858375434,1.8552386142064183,80.39516947968035,83.92432242354344,85.31605570480001,56.24231699467378,18.79244689609049,5.014234934373619,415401.6,33020562.2,88.9,66.8,0.32759716685626,-0.5950825901408145,0.0789473684210526,0.0474452554744524,82.2,2.7655113387748504,88.12720350386516,77.82999999999993,67.5327964961347,0.90156533746739,0.2646075678752471,86.20689655172409,85.69215392303886,83.60000000000073,78.62000000000043,62437198.0,60739117.7,-12.017167381974293,126.14626318202652,61.31814583983088,94.775,96.25,,,,0.0,0.0,0.0,0.0,0.0,0.0,,0.0,0.0,0.3977,0.032,0.0,2.66,0.11,0,False,0,False,False,True,False,1.7025524215602446,True,True,False,False,False,False,False,False,False,True,False,False,False,False,False,False,True,True,-20.0,-25.0,3.252032520325217,8.0,0.5077394126069026,False,False,False,False,False,False,False,-1.0,False,5,False,False,336.1183971668853,,3,True,3,False,False,False,False,"volume_break, rsi_strong, market_above_ma60, obv_uptrend, mfi_strong",,,-17.6,45.7,45.7,39.0,0.75,False,1506,D
2026-08-12,40.45,40.75,40.15,40.2,22014,889214,8367,建新國際,,-0.0615277110395666,-0.0450761616379838,-0.0164515494015828,40.398315495263965,40.81658895882598,41.66022959029876,45.75429878261623,32.816766796156344,0.5143458581643344,25896.65,1045048.0,40.7,40.05,-0.0357507153052607,-0.0247491388513441,-0.0024813895781636,-0.0061804697156984,40.45,0.8490623326579846,40.8321692136127,40.44500000000007,40.05783078638744,0.1836008760691447,0.0191454673562927,26.31578947368433,42.18880534670037,40.25000000000036,40.36000000000004,-1129692.0,-1039202.8,-76.19047619047613,-33.52429450456412,54.3225525711721,40.5375,41.475,,,,0.0,0.0,0.0,0.0,0.0,0.0,,0.0,0.0,0.1332,0.0938,0.0,1.67,0.0,0,False,0,False,False,False,False,0.8500713412738713,False,False,True,False,True,False,False,False,False,False,False,False,False,False,False,False,True,False,10.0,12.0,1.243781094527363,15.0,-0.5333664002409851,False,False,False,False,False,False,False,-1.0,False,4,False,False,339.1003166098469,,5,False,3,False,True,False,True,"market_above_ma60, avoid_chase, adx_trending, mfi_strong",,close_below_ema20,-14.7,46.4,46.4,39.0,-0.14,False,1506,D
2026-08-12,16.35,16.6,16.2,16.2,213003,3484838,8404,百和興業-KY,,-0.1749061183002638,-0.1333696162360976,-0.0415365020641661,16.45018390686044,16.928090415886608,18.060783204186663,40.327982125506,18.391609686343084,0.4021496071154348,251457.85,4182167.1,17.15,16.15,-0.3123937841350047,-0.0386153018334233,0.0,0.0030959752321981,16.15,0.9760185695756808,17.201918342394148,16.55749999999989,15.913081657605634,0.222618075494527,0.0778400534373258,28.5714285714285,23.80952380952355,16.16999999999971,16.28999999999987,8036649.0,8159327.35,-77.77777777777783,-61.7729643000403,40.36731669388123,16.9375,17.15,,,,0.0,0.0,0.0,0.0,0.0,0.0,,0.0,0.0,0.1916,0.1911,0.0,52.87,0.03,0,False,0,False,False,False,False,0.8470723821109581,False,False,False,False,True,False,False,False,True,False,False,False,False,False,False,False,False,False,10.0,0.0,5.864197530864193,0.0,-0.1887636280103879,False,False,False,False,False,False,False,-1.0,False,3,False,False,226.20556028498493,,3,False,3,False,True,False,True,"market_above_ma60, avoid_chase, kd_golden_cross",,close_below_ema20,-127.6,19.0,19.0,39.0,-0.14,False,1506,D
2026-08-12,13.0,13.1,12.9,13.05,86202,1118638,8411,福貞-KY,,0.1446319097163062,0.1704694595276217,-0.0258375498113154,12.890342738621356,12.581040187416278,12.454060013663726,56.57382972995044,24.67364455282821,0.2855046448771949,128396.45,1652532.9,13.3,12.8,0.123717340749398,0.1701786439285573,-0.0038167938931297,0.0038461538461538,13.0,1.1541798198783717,13.33654948927575,12.942499999999995,12.54845051072424,0.6364041864355482,0.0608923298088862,54.54545454545461,51.51515151515196,12.970000000000072,13.005000000000065,926633.0,1236935.2,-45.4545454545454,58.37173579108994,39.17862543209258,11.925,11.8,,,,0.0,0.0,0.0,0.0,0.0,0.0,,0.0,0.0,0.2817,0.0781,0.0,53.97,0.04,0,False,0,False,False,True,True,0.6713737023103054,False,True,True,False,True,False,False,False,False,False,False,False,False,False,False,False,False,False,0.0,0.0,1.9157088122605364,15.0,-0.8197726898635191,False,False,True,False,False,False,False,-1.0,False,6,False,False,426.8764647447409,,5,False,3,False,False,False,False,"ema60_gt_ema120, rsi_strong, market_above_ma60, avoid_chase, adx_trending, above_ichimoku_cloud",,,73.1,65.6,65.6,39.0,-0.32,False,1506,D
2026-08-12,6.02,6.05,6.0,6.02,217044,1305554,8429,金麗-KY,,-0.0649776560406873,-0.0733099466485408,0.0083322906078534,6.089060095834782,6.279138599135671,6.561205420987341,41.15766360493669,12.829923286418262,0.1081260037902812,215811.8,1309501.95,6.26,5.98,-0.1225393906171305,-0.1075330545972371,-0.019543973941368,0.0,6.02,0.5363203886141895,6.208128168169495,6.072499999999968,5.936871831830441,0.3064561340445648,0.0446696313444306,21.73913043478249,24.637681159420023,6.037999999999966,6.036999999999989,-6764123.0,-6725740.75,-78.2608695652175,-75.2337464666237,47.92492349224701,6.467499999999999,6.55,,,,0.0,0.0,0.0,0.0,0.0,0.0,,0.0,0.0,0.2147,0.0236,0.0,28.65,-0.11,0,False,0,False,False,False,False,1.0057096043867852,False,False,False,False,True,False,False,False,False,False,False,False,False,False,False,False,False,True,10.0,0.0,3.9867109634551534,0.0,-0.0346521480578174,False,False,False,False,False,False,False,-1.0,False,2,False,False,164.64127026717404,,3,False,3,False,True,False,True,"market_above_ma60, avoid_chase",,close_below_ema20,-189.1,8.2,8.2,39.0,0.03,False,1506,D
2026-08-12,43.95,44.05,43.5,44.0,39491,1730997,8442,威宏-KY,,0.1321534261435175,0.3095175390356792,-0.1773641128921616,44.209909559925215,44.859495989665234,49.28117363992641,49.09486931648652,22.90247700510164,1.0582239507681896,64727.35,2890011.2,46.05,43.25,-0.1964333829221967,0.2481691445672698,-0.0033975084937711,-0.0011350737797956,44.05,0.6918745444713517,46.15029261352231,44.65499999999975,43.15970738647718,0.2809793233523985,0.0669708930029145,42.85714285714285,42.147667147667256,44.12999999999956,44.07999999999993,-5434845.0,-5367707.8,-69.69696969696967,-82.67549444020088,43.70013053692052,41.85,45.2,,,,0.0,0.0,0.0,0.0,0.0,0.0,,0.0,0.0,0.13,-0.0124,0.0,56.26,-0.06,0,False,0,False,False,False,False,0.6101130356796625,False,False,True,False,True,False,False,False,False,False,False,False,False,False,False,False,False,True,0.0,0.0,4.659090909090902,0.0,-0.2738003527553795,False,False,False,False,False,False,False,-1.0,False,3,False,False,232.81552612373207,,5,False,3,False,True,False,True,"market_above_ma60, avoid_chase, adx_trending",,close_below_ema20,-120.9,21.0,21.0,39.0,-0.39,False,1506,D
2026-08-12,11.4,11.4,11.4,11.4,6431,73221,8443,阿瘦,,0.0030695773928428,0.0060504102667548,-0.002980832873912,11.440048272150769,11.467404528262335,11.526136180768674,46.60762962693669,36.60665845477442,0.1715661753842625,22606.95,257093.55,11.55,11.4,0.036536554275993,0.0246034404257374,-0.0043668122270741,-0.0086956521739129,11.5,2.0316612261287297,11.543292599039196,11.43249999999998,11.321707400960769,0.3533295532291023,0.0193820422548375,66.66666666666667,72.68518518518492,11.430000000000016,11.454999999999972,1802913.0,1757046.85,-33.333333333333336,17.743979721166173,50.260878556675806,11.3125,11.55,,,,0.0,0.0,0.0,0.0,0.0,0.0,,0.0,0.0,-0.0699,0.1182,0.0,3.71,-0.02,0,False,0,False,False,False,False,0.2844700412926113,False,False,True,False,True,False,False,False,False,True,False,False,False,False,False,False,True,False,0.0,0.0,1.3157894736842135,15.0,0.20307326120667,False,False,False,False,False,False,False,-1.0,False,5,False,False,370.2815795474061,,5,False,3,True,True,False,True,"market_above_ma60, avoid_chase, adx_trending, obv_uptrend, mfi_strong",,"macd_death_cross, close_below_ema20",16.5,53.9,53.9,39.0,-0.73,False,1506,X
2026-08-12,171.5,181.0,171.5,179.0,422857,75244560,8462,柏文,,5.62851665603452,4.906623493320533,0.7218931627139877,164.34775347424525,154.73069155388578,150.59155307921785,70.74405411403569,40.34320994469158,5.664636889183416,217948.5,36011519.55,172.0,164.0,0.5947242067161284,0.4023247317614055,0.075075075075075,0.056047197640118,169.5,0.5799255711490221,176.59630362850675,163.325,150.05369637149323,1.0905599193107949,0.1625140502495853,89.74358974358974,76.86413203654593,170.6,168.9,3980273.0,3401932.0,-7.142857142857143,177.15472481827626,78.78652836809695,143.0,143.5,,,,0.0,0.0,0.0,0.0,0.0,0.0,,0.0,0.0,0.1828,0.0403,0.0,5.7,-0.01,0,False,0,False,False,True,True,1.9401693519340577,True,True,True,True,False,False,False,False,False,True,False,False,False,True,False,True,True,True,-20.0,-25.0,-3.910614525139665,25.0,0.5582375343937853,False,False,True,False,False,False,False,-1.0,False,11,False,False,826.100543932066,,8,False,3,False,False,False,False,"ema60_gt_ema120, volume_break, rsi_strong, breakout_20d, market_above_ma60, adx_trending, obv_uptrend, breakout_volume_confirm, cci_momentum, mfi_strong, above_ichimoku_cloud",,,472.3,98.4,98.4,39.0,1.0,False,1506,D
2026-08-12,20.8,20.85,20.6,20.75,99210,2052472,8463,潤泰材,,-0.1980391724165748,-0.166488608112161,-0.0315505643044138,21.08566812378539,21.61274621570816,22.48178977729198,36.9925193575376,28.35134079747674,0.3024971537874291,57402.15,1207914.15,21.7,20.8,-0.2079742214672362,-0.0635543549609477,-0.0095465393794749,-0.0024038461538461,20.8,0.8684572345516688,21.71258407438309,21.15500000000002,20.597415925616943,0.1368260692810135,0.0527141644417939,23.07692307692291,18.51481851481852,20.81000000000004,20.91000000000004,-1409097.0,-961192.8,-84.21052631578961,-121.07843137254866,11.113017396916874,21.675,22.075,,,,0.0,0.0,0.0,0.0,0.0,0.0,,0.0,0.0,-0.081,0.1216,0.0,0.47,0.01,0,False,0,False,False,False,False,1.728332475351533,True,False,True,False,True,False,False,False,False,False,False,False,False,False,False,False,False,False,10.0,12.0,4.578313253012045,0.0,-1.4383939271343078,False,False,False,False,False,False,False,-1.0,False,4,False,False,272.0225976279036,,5,False,3,False,True,True,True,"volume_break, market_above_ma60, avoid_chase, adx_trending",,"close_below_ema20, close_below_swing_low",-81.7,30.0,30.0,39.0,0.78,False,1506,D
2026-08-12,398.0,404.5,388.5,391.0,643187,253945931,8464,億豐,,8.196016016012663,7.251271973498698,0.9447440425139656,376.4570760429257,363.2419455404025,364.35123507681567,64.07700210976742,38.45216674630736,11.734892482228812,555831.35,208734590.6,398.0,375.5,0.4322936288886935,0.3673072937906219,0.0412782956058588,-0.0175879396984924,398.0,1.6108725724645476,395.6375260882364,374.675,353.71247391176365,0.8893853233928989,0.1118971166383471,59.09090909090909,65.90508257174952,386.2,382.15,-36164725.0,-35824652.8,-32.53012048192771,161.87955429206306,72.047586899001,353.25,341.5,,,,0.0,0.0,0.0,0.0,0.0,0.0,,0.0,0.0,0.1643,0.1052,0.0,40.67,0.06,0,False,0,False,False,True,False,1.157162149993879,False,True,True,False,True,True,False,False,False,False,False,False,False,False,False,False,True,True,0.0,-12.0,1.7902813299232736,15.0,-0.1495925107795805,False,False,True,False,False,False,False,-1.0,False,7,False,False,542.7765113705839,,8,False,3,False,False,False,False,"rsi_strong, market_above_ma60, avoid_chase, liquidity_ok, adx_trending, mfi_strong, above_ichimoku_cloud",,,189.0,83.4,83.4,39.0,0.18,False,1506,D
2026-08-12,16.35,16.45,16.1,16.25,47000,762500,8466,美吉吉-KY,,-0.0702626931071428,0.0256780683056341,-0.095940761412777,16.79230652141868,16.831667907522732,17.745008333664934,40.905234573880605,20.01554389040559,0.5313870149053399,46874.8,796602.5,17.75,16.35,-0.2974984040261451,0.2171474417503122,-0.0356083086053413,-0.0210843373493976,16.6,0.3756084073681849,17.706100685475384,16.94749999999999,16.188899314524598,0.0402719682734746,0.0895236094380166,14.285714285714189,25.41549953314643,16.610000000000035,16.665000000000056,-413225.0,-304461.55,-91.17647058823536,-162.6904282839891,33.540180883032534,16.825000000000003,15.45,,,,0.0,0.0,0.0,0.0,0.0,0.0,,0.0,0.0,-0.2162,0.0491,0.0,50.35,-0.02,0,False,0,False,False,False,False,1.002670944729364,False,False,True,False,True,False,False,False,False,False,False,False,False,False,False,False,False,False,20.0,25.0,9.230769230769232,0.0,-0.2360080536513474,False,False,False,False,False,False,False,-1.0,False,3,False,False,197.19461280347747,,3,False,3,False,True,True,True,"market_above_ma60, avoid_chase, adx_trending",,"close_below_ema20, close_below_swing_low",-156.6,12.9,12.9,39.0,0.02,False,1506,D
2026-08-12,105.0,108.0,101.5,102.5,60829,6288546,8467,波力-KY,,-2.783173558389421,-3.867450883255155,1.0842773248657336,103.31032850570276,114.30763478392332,127.98465836209722,46.64911245989049,15.410546980072548,5.598707056362635,23600.5,2435108.95,110.0,96.5,-0.1810365536388198,,0.0406091370558374,-0.0330188679245283,106.0,2.8849556731250448,107.65534236716468,101.85,96.0446576328353,0.5559829170176455,0.1139978864440785,34.46601941747571,61.97411003236266,101.78000000000029,100.5,-1527370.0,-1474966.4,-65.5339805825243,59.28355796429714,49.65294285570796,91.75,78.75,,,,0.0,0.0,0.0,0.0,0.0,0.0,,0.0,0.0,0.2692,1.0164,0.0,46.59,0.02,0,False,0,False,False,False,False,2.5774453931060783,True,False,False,False,True,False,False,False,False,False,False,False,False,False,False,False,False,True,0.0,0.0,7.317073170731707,0.0,-0.5575745074684247,False,False,True,False,False,False,False,-1.0,False,4,False,False,304.08355984143964,,3,False,3,False,True,False,True,"volume_break, market_above_ma60, avoid_chase, above_ichimoku_cloud",,close_below_ema20,-49.7,37.9,37.9,39.0,1.66,False,1506,D
2026-08-12,148.0,148.0,145.5,146.0,153471,22480476,8478,東哥遊艇,,-1.6190109985359695,-1.2353526575976257,-0.3836583409383443,150.46342632066336,154.41717093781915,161.04862802586536,37.81076187508828,8.15765350030731,3.642703583419299,165344.9,24953943.25,156.0,147.0,-0.1525452542204617,-0.046787645200351,-0.0299003322259135,-0.0068027210884353,147.0,0.7279788462190918,154.77323492758887,150.525,146.27676507241114,-0.0325741251518096,0.0564455728628316,5.882352941176471,13.72549019607868,148.6,149.6,24829518.0,25000681.6,-94.11764705882354,-183.118741058654,39.41776839503928,158.125,165.75,,,,0.0,0.0,0.0,0.0,0.0,0.0,,0.0,0.0,0.3574,-0.4436,0.0,39.49,-0.25,0,False,0,False,False,False,False,0.9281870804602984,False,False,False,False,True,False,False,False,False,False,False,False,False,False,False,False,False,False,20.0,25.0,6.849315068493151,0.0,-0.2039981747883016,False,False,False,False,False,False,False,-1.0,False,2,False,False,181.8338927071433,,3,False,3,False,True,True,True,"market_above_ma60, avoid_chase",,"close_below_ema20, close_below_swing_low",-171.9,10.8,10.8,39.0,-0.06,False,1506,D
2026-08-12,40.8,40.8,40.7,40.8,11417,465617,8481,政伸,,-0.2691503761774783,-0.3579929406831975,0.0888425645057192,40.6349495922701,41.063400830971545,41.32745579917199,50.477850100886606,19.65341639830487,0.5186720028545873,29209.65,1214063.95,44.35,39.9,-0.1378457054015461,-0.017981235653461,0.02,0.0012269938650306,40.75,0.4824299029351035,42.43158181168917,40.51250000000009,38.593418188311006,0.5749056132596206,0.0947402313700254,100.0,87.22222222222202,40.48999999999978,40.259999999999856,-784868.0,-774543.0,-0.0,27.544351073763448,42.80175811648058,41.575,41.025,,,,0.0,0.0,0.0,0.0,0.0,0.0,,0.0,0.0,0.1411,0.0628,0.0,0.49,0.01,0,False,0,False,False,False,False,0.3908639781715974,False,False,False,False,True,False,False,False,False,False,False,False,False,False,False,False,False,True,-20.0,0.0,8.700980392156874,0.0,-0.132342911823669,False,False,False,False,False,False,False,-1.0,False,2,False,False,127.32052483983196,,3,False,3,False,False,False,False,"market_above_ma60, avoid_chase",,,-226.4,3.3,3.3,39.0,-0.62,False,1506,D
2026-08-12,50.0,50.0,49.05,49.05,3030,150523,8482,商億-KY,,0.208343089043673,-1.1031103674410958e-05,0.2083541201473474,46.068649273442645,45.67202467773704,46.17240168404482,51.51241937309873,5.659819861592911,8.342098456615178,7582.65,374068.1,53.0,0.0,,,inf,-0.0209580838323354,50.1,0.1292498982157051,68.54502814988228,46.89750000000004,25.24997185011779,0.5497169927461595,0.9231847390535628,91.85393258426969,92.85268414481897,49.48999999999978,45.05999999999985,-700775.0,-693142.3,-8.14606741573034,33.80571469111935,40.60860034062589,25.25,25.3,,,,0.0,0.0,0.0,0.0,0.0,0.0,,0.0,0.0,-0.012,0.0289,0.0,91.81,0.01,0,False,0,True,True,True,False,0.3995964471523808,False,False,False,False,False,False,False,False,False,False,False,False,False,False,False,False,False,True,-20.0,0.0,8.053007135575948,0.0,-0.5331973012460047,False,False,True,False,False,False,False,-1.0,False,4,False,False,247.59759685657176,,3,False,3,False,False,False,False,"macd_golden_cross, market_above_ma60, hist_turn_positive, above_ichimoku_cloud",,,-106.2,24.1,24.1,39.0,-0.61,False,1506,C
2026-08-12,10.25,10.75,9.9,10.0,260100,2667454,8488,吉源-KY,,0.0469040573266781,0.0776678342924029,-0.0307637769657248,10.05600215501406,9.88199339818424,9.744489722483424,49.696540501659214,9.182448698590736,0.5333824498990626,50224.15,518227.6,10.3,9.91,-0.1094981154447009,,-0.0049751243781095,-0.0147783251231526,10.15,7.794022020294951,10.362791289572108,10.139499999999998,9.916208710427888,0.1876277613262028,0.0440438462591074,20.212765957446766,25.531914893617188,10.070000000000071,10.064000000000032,-659368.0,-462237.9,-79.78723404255324,36.87387828356987,67.33287110999905,5.3375,5.725,,,,0.0,0.0,0.0,0.0,0.0,0.0,,0.0,0.0,0.387,-0.1434,0.0,69.79,0.07,0,False,0,False,False,True,True,5.17878351350894,True,False,False,False,True,False,False,False,False,False,False,False,False,False,False,False,True,True,10.0,12.0,3.000000000000007,8.0,-1.3089503024195843,False,False,True,False,False,False,False,-1.0,False,6,False,False,479.292596370965,,3,False,3,False,True,False,True,"ema60_gt_ema120, volume_break, market_above_ma60, avoid_chase, mfi_strong, above_ichimoku_cloud",,close_below_ema20,125.5,75.5,75.5,39.0,4.37,False,1506,D
2026-08-12,56.2,57.2,56.0,56.8,3668988,208276515,8926,台汽電,,-3.140611453913337,-2.748104600493033,-0.3925068534203038,62.49490959091732,64.1292060592525,59.842005613391095,33.097606177036184,29.312296590699702,2.8094829543216746,4945194.1,303023997.35,67.7,55.8,-0.6876257767617199,-0.2037308273307651,-0.1026856240126382,0.017921146953405,55.8,1.57123943124569,68.25618580910596,62.10999999999986,55.96381419089376,0.0680247746388792,0.1979129225279702,21.87499999999996,15.816993464052452,59.01999999999971,60.05999999999968,86772875.0,102372520.7,-81.08108108108112,-145.98223954949125,33.08199872391988,76.0,64.225,,,,0.0,0.0,0.0,0.0,0.0,0.0,,0.0,0.0,14.5906,-0.0855,0.0,7.03,-1.09,0,False,0,False,False,False,True,0.7419300285907888,False,False,True,False,True,True,False,False,True,False,False,False,False,False,False,False,False,False,10.0,25.0,19.190140845070434,0.0,-0.4177199108295891,False,False,False,False,False,False,False,-1.0,False,6,False,False,452.4066613559528,,3,False,3,False,True,False,True,"ema60_gt_ema120, market_above_ma60, avoid_chase, liquidity_ok, adx_trending, kd_golden_cross",,close_below_ema20,98.6,71.3,71.3,39.0,-0.25,False,1506,D
2026-08-12,15.3,15.35,15.15,15.3,47276,722189,8940,新天地,,-0.2987370426706768,-0.2801391373946237,-0.018597905276053,15.676610763034532,16.368188681591132,17.23875447768382,24.91260828727784,20.169681779365817,0.2426804203821048,55490.75,875704.2,16.35,15.3,-0.3505955761845,-0.1583900153303654,-0.0032573289902279,0.0,15.3,0.3933165568262117,16.39740808200832,15.71750000000011,15.0375919179919,0.1929732039903389,0.0865160594252526,27.27272727272739,17.556517556517672,15.330000000000291,15.390000000000146,-2216948.0,-2047032.2,-86.36363636363633,-93.43984507383249,28.40730071289026,16.725,17.65,,,,0.0,0.0,0.0,0.0,0.0,0.0,,0.0,0.0,0.0659,-0.2001,0.0,8.58,0.01,0,False,0,False,False,False,False,0.8519618134553957,False,False,True,False,True,False,False,False,True,False,False,False,False,False,False,False,False,False,10.0,12.0,6.862745098039221,0.0,-1.1880459291119407,False,False,False,False,False,False,False,-1.0,False,4,False,False,291.2630669852107,,5,False,3,False,True,False,True,"market_above_ma60, avoid_chase, adx_trending, kd_golden_cross",,close_below_ema20,-62.5,34.7,34.7,39.0,-0.13,False,1506,D
2026-08-12,1070.0,1170.0,1065.0,1170.0,2782316,3198814440,8996,高力,,-30.15452350770238,-61.534487836076565,31.379964328374182,1065.1549080753705,1118.0140612716375,1044.025078059118,55.38123439667758,19.48106600041662,90.6451345182349,2860962.8,2896253973.1,1185.0,778.0,0.2784935024872921,-0.2894174794544652,0.1304347826086955,0.0985915492957747,1065.0,0.4166162005390559,1202.955967486314,1007.1,811.2440325136861,0.9158668282889648,0.3889503872233421,100.0,87.99630655586346,1098.0,1012.8,169582385.0,165981113.75,-0.0,110.20905819728196,51.84507835843824,1407.5,1330.0,,,,0.0,0.0,0.0,0.0,0.0,0.0,,0.0,0.0,0.5763,0.2731,0.0,34.16,-4.14,0,False,0,False,False,True,True,0.9725103730813976,False,True,False,False,False,True,False,False,False,True,False,False,False,False,False,True,True,True,-20.0,-25.0,1.282051282051282,15.0,0.4343297745466353,False,False,False,False,False,False,False,-1.0,False,7,False,False,454.9370610253736,,3,True,3,False,False,False,False,"ema60_gt_ema120, rsi_strong, market_above_ma60, liquidity_ok, obv_uptrend, cci_momentum, mfi_strong",,,101.2,71.7,71.7,39.0,-0.01,False,1506,D
2026-08-12,5.26,5.3,5.2,5.22,663038,3473952,9103,美德醫療-DR,,-0.0041517935810251,-0.0058921480252182,0.0017403544441931,5.22361151197999,5.211860603576315,5.154010549865009,49.75267927726526,18.494145319057225,0.1959449022258222,1987335.65,10767584.95,5.73,5.04,-0.11218333123616,-0.072069843514921,-0.0150943396226415,0.0077220077220077,5.18,0.2692246310953233,5.568265711072929,5.2519999999999865,4.935734288927044,0.4494096279178897,0.1204362951534436,64.51612903225802,60.8993157380252,5.238000000000011,5.18299999999997,12897963.0,12509861.75,-69.8630136986302,-20.334473584188608,27.159632967335483,5.475,5.565,,,,0.0,0.0,0.0,0.0,0.0,0.0,,0.0,0.0,0.0,0.0,0.0,2.82,0.3,0,False,0,False,False,True,True,0.3336316137638853,False,False,False,False,True,False,False,False,True,True,False,False,False,False,False,False,False,True,0.0,0.0,9.770114942528748,0.0,0.050491257111257,False,False,False,False,False,False,False,-1.0,False,5,False,False,323.9422112229739,,3,False,3,False,True,False,True,"ema60_gt_ema120, market_above_ma60, avoid_chase, kd_golden_cross, obv_uptrend",,close_below_ema20,-29.8,42.6,42.6,39.0,-0.67,False,1506,D
2026-08-12,8.28,8.46,8.28,8.33,14419753,120648495,9105,泰金寶-DR,,-0.1558733611724641,-0.2013658856242275,0.0454925244517634,8.32823568733816,8.268095863263293,7.685416599098834,48.58417269054309,14.987929012214671,0.4059312659944202,20777928.4,170870918.3,8.96,7.38,-0.2858862998309701,-0.0497995859881542,0.0146163215590742,0.007255139056832,8.27,0.7536947550533509,9.002556319318755,8.259000000000015,7.515443680681274,0.5477435253761525,0.1800596487029274,68.75,75.63967136150252,8.227999999999975,8.147999999999978,486389332.0,494715452.15,-23.026315789473667,19.57688664351177,37.14330469723642,10.4,9.7,,,,0.0,0.0,0.0,0.0,0.0,0.0,,0.0,0.0,0.6795,0.1346,0.0,1.76,-0.37,0,False,0,False,False,True,True,0.6939937765884303,False,False,False,False,True,True,False,False,False,False,False,False,False,False,False,False,False,True,0.0,0.0,7.563025210084043,0.0,-0.0359268193429849,False,False,False,True,False,False,False,-1.0,False,4,True,False,271.5088159337685,,3,False,3,False,False,False,False,"ema60_gt_ema120, market_above_ma60, avoid_chase, liquidity_ok",long_upper_shadow,,-82.3,29.8,29.8,39.0,-0.3,False,1506,D
2026-08-12,0.0,0.0,0.0,0.0,0,0,9110,越南控-DR,,-0.3291475531470849,-0.1577271540701149,-0.1714203990769699,2.3234441184669774,2.6896614327301145,2.884515963318825,43.12931021153276,8.164988273684164,1.4320458597277423,25709.25,79256.0,3.43,0.0,,,-1.0,-1.0,3.14,0.3899430151457412,5.131520893816084,2.3794999999999904,-0.3725208938161031,0.0676813345881881,2.31310854701921,0.0,30.51506316812447,1.8680000000000063,2.2499999999999885,-1362918.0,-1194907.55,-100.0,-133.33333333333334,25.78159021503366,1.8625,1.98,,,,0.0,0.0,0.0,0.0,0.0,0.0,,0.0,0.0,0.0,0.0,0.0,0.04,0.0,0,False,1,False,False,False,False,0.0,False,False,False,False,True,False,False,False,False,False,False,False,False,False,False,False,False,False,20.0,25.0,999.0,0.0,-0.8041907301978927,False,False,False,False,False,False,False,-1.0,False,2,False,False,125.34971123762529,,3,False,3,False,True,False,True,"market_above_ma60, avoid_chase",,close_below_ema20,-228.4,3.2,3.2,39.0,-1.02,False,1506,X
2026-08-12,11.5,11.5,11.2,11.4,151733,1727014,9136,巨騰-DR,,-0.3732637644719574,-0.4523702970135407,0.0791065325415832,11.637054498210846,11.535183745588553,10.418862498640442,43.75451898613423,11.779250022264916,0.639470764419858,542245.95,6262226.3,12.45,10.7,-0.2213498486654774,-0.318466258901626,0.0044052863436123,0.0,11.4,0.5895851126659867,12.250881895447645,11.399999999999975,10.54911810455231,0.5000000000000135,0.1492775255171349,57.14285714285717,58.62026862026869,11.36999999999998,11.259999999999993,67858102.0,69030910.85,-58.53658536585365,-16.72002845962288,61.45457554459743,14.8125,9.45,,,,0.0,0.0,0.0,0.0,0.0,0.0,,0.0,0.0,0.0,0.0,0.0,3.44,-0.06,0,False,0,False,False,False,True,0.2798232056873823,False,False,False,False,True,False,False,False,False,False,False,False,False,False,False,False,True,True,0.0,0.0,9.210526315789464,0.0,-0.152009806920931,False,False,False,False,False,False,False,-1.0,False,4,False,False,235.97411437382263,,3,False,3,False,True,False,True,"ema60_gt_ema120, market_above_ma60, avoid_chase, mfi_strong",,close_below_ema20,-117.8,21.6,21.6,39.0,-0.73,False,1506,X
2026-08-12,74.7,75.2,72.3,72.8,882607,64571244,9802,鈺齊-KY,,-0.7228733921121062,-0.9623743676996448,0.2395009755875385,72.46455057185442,74.9490048869398,79.74571185354255,49.81082549827374,15.1776845254716,2.13362862093112,879947.4,63412348.9,75.9,69.3,-0.2576639309508503,-0.1403597021074541,0.0505050505050506,-0.0280373831775702,74.9,2.223006247172856,76.22120859052607,72.5800000000003,68.93879140947452,0.5302097496655545,0.1003364174848653,63.6363636363636,71.52658662092654,71.8,71.44000000000014,-34095760.0,-34201109.7,-36.3636363636364,38.48268279274327,41.00510310247864,75.75,78.80000000000001,,,,0.0,0.0,0.0,0.0,0.0,0.0,,0.0,0.0,0.3087,0.0593,0.0,43.21,1.29,0,False,0,False,False,False,False,1.0030224533875547,False,False,False,False,False,True,False,False,False,True,False,False,False,False,False,False,False,True,0.0,0.0,4.25824175824177,0.0,0.0322052499206869,False,False,False,False,False,False,False,-1.0,False,3,False,False,250.4166875329238,,3,False,3,False,False,False,False,"market_above_ma60, liquidity_ok, obv_uptrend",,,-103.3,24.9,24.9,39.0,0.02,False,1506,D
2026-08-12,13.85,13.9,13.75,13.85,77653,1074681,9902,台火,,0.0013540463639678,-0.0247981272135453,0.0261521735775132,13.727637706279634,13.899319249698012,14.419396729337151,53.41896803034809,9.09348536489335,0.3001120710886155,125150.15,1712174.65,13.95,13.25,0.0211507734185902,-0.0190945725833326,0.010948905109489,0.0036231884057971,13.8,0.5632276657975592,13.99832867781858,13.699999999999909,13.401671322181237,0.7514005711701355,0.0435516317983465,90.9090909090908,84.38799762329108,13.760000000000035,13.684999999999944,15070458.0,15266195.75,-29.41176470588237,84.59035788228458,54.3225397770391,14.0,14.075,,,,0.0,0.0,0.0,0.0,0.0,0.0,,0.0,0.0,-0.0864,-0.7376,0.0,1.61,0.05,0,False,0,False,False,False,False,0.6204786810083728,False,False,False,False,True,False,False,False,False,False,False,False,False,False,False,False,True,True,-20.0,0.0,0.7220216606498169,25.0,-0.3631491041409446,False,False,False,False,False,False,False,-1.0,False,3,False,False,181.8469975603924,,3,False,3,False,False,False,False,"market_above_ma60, avoid_chase, mfi_strong",,,-171.9,10.9,10.9,39.0,-0.38,False,1506,D
2026-08-12,24.05,24.15,23.9,23.95,11987240,287605493,9904,寶成,,-0.2657180758882767,-0.3190114029163118,0.0532933270280351,24.14113219537248,25.05993660774369,26.260144528583368,42.936235300677744,16.001940452257035,0.423149778622126,21090049.55,510576311.0,24.6,23.45,-0.154427972901793,-0.1854511941602636,0.0213219616204691,-0.0041580041580042,24.05,0.4872459053024059,24.69464901472648,24.12500000000005,23.555350985273613,0.3463966447092967,0.0472247887856109,56.52173913043473,63.76811594202869,23.95,23.91999999999998,-406793477.0,-360597566.9,-50.000000000000135,-44.87179487179456,38.80645316544226,25.175,25.450000000000003,,,,0.0,0.0,0.0,0.0,0.0,0.0,,0.0,0.0,-0.0064,0.0323,0.0,28.6,-0.21,0,False,0,False,False,False,False,0.5683836812038215,False,False,False,False,True,True,False,False,False,False,False,False,False,False,False,False,False,True,0.0,0.0,2.7139874739039755,8.0,-0.3632805501856442,False,False,False,False,False,False,False,-1.0,False,3,False,False,174.32447020981047,,3,False,3,False,True,False,True,"market_above_ma60, avoid_chase, liquidity_ok",,close_below_ema20,-179.4,9.4,9.4,39.0,-0.43,False,1506,D
2026-08-12,21.55,21.65,21.45,21.65,231852,5001282,9905,大華,,0.1329158497151041,0.0135955505536928,0.1193202991614113,20.96860305145318,20.906625440427696,20.873735891813933,72.4062126174754,25.067791281073507,0.2639168014859051,169995.1,3502126.65,21.55,20.55,0.1896990684353407,0.013806231120423,0.0358851674641147,0.0046403712296982,21.55,1.4227176325287252,21.45513778032601,20.82000000000003,20.184862219674045,1.1534015340529526,0.0610122747671453,100.0,95.24959742351103,21.289999999999964,20.984999999999943,-2032813.0,-3034709.85,-0.0,228.1994595922406,73.91645293476479,21.0625,21.025,,,,0.0,0.0,0.0,0.0,0.0,0.0,,0.0,0.0,0.4536,0.0451,0.0,2.53,0.03,0,False,0,False,False,True,True,1.3638746057974611,False,True,True,True,True,False,False,False,False,True,False,False,False,False,False,False,True,True,-20.0,-25.0,-0.4618937644341703,25.0,1.2579311050216366,False,False,True,False,False,False,False,-1.0,False,9,False,False,658.7339193182343,,5,False,3,False,False,False,False,"ema60_gt_ema120, rsi_strong, breakout_20d, market_above_ma60, avoid_chase, adx_trending, obv_uptrend, mfi_strong, above_ichimoku_cloud",,,305.0,92.6,92.6,39.0,0.4,False,1506,D
