date,open,high,low,close,volume,amount,stock_id,name,industry_category,macd,macd_signal,macd_hist,ema20,ema60,ema120,rsi14,adx14,atr14,volume_ma20,amount_ma20,close_20d_high,close_10d_low,lr_slope_20,lr_slope_60,return_5d,day_return,prev_close,prev_volume_ratio,bb_upper,bb_mid,bb_lower,bb_pct_b,bb_bandwidth,stoch_k,stoch_d,sma5,sma10,obv,obv_ma,williams_r,cci20,mfi14,ichi_senkou_a,ichi_senkou_b,market_ma60,market_above_ma60,market_return_5d,foreign_net,foreign_buy_streak,invest_trust_net,invest_trust_streak,dealer_net,dealer_buy_streak,relative_strength_5d,margin_change_5d,short_ratio,revenue_yoy,revenue_mom,revenue_3m_yoy,foreign_holding_pct,foreign_holding_chg5d,insider_net_30d,has_buyback,limit_down_streak,macd_golden_cross,hist_turn_positive,above_ema60,ema60_gt_ema120,volume_ratio,volume_break,rsi_strong,adx_trending,breakout_20d,avoid_chase,liquidity_ok,foreign_buy_3d,stronger_than_market,kd_golden_cross,obv_uptrend,invest_trust_buy_2d,dealer_buy_3d,bb_squeeze_breakout,breakout_volume_confirm,williams_r_recovery,cci_momentum,mfi_strong,ma5_above_ma10,kd_level_score,bb_level_signal,gap_to_20d_high_pct,breakout_proximity_score,obv_strength,foreign_buy_accel,invest_trust_accel,above_ichimoku_cloud,long_upper_shadow,open_high_close_low,gap_chase_after_blowout,earnings_blocked,f_score,f_score_low,condition_count,skip_trade,entry_signal,entry_score,momentum_score,expected_hold_days,momentum_decay_signal,estimated_sl_days,macd_death_cross,close_below_ema20,close_below_swing_low,base_exit_signal,entry_reason,skip_reason,base_exit_reason,sector_rs,sector_rs_rank,market_rs_rank,sector_breadth_60,sector_vol_zscore,is_sector_leader,sector_stock_count,grade
2026-09-03,12.35,12.35,11.9,11.9,180569,2188604,6164,華興,,-0.0482157413032791,-0.104028003257797,0.0558122619545179,12.119988142818167,12.401030046978477,12.37747129162099,44.45527148524158,16.868884961186655,0.4034995536435303,384409.9,4656197.85,12.55,11.9,0.2153606936195241,-0.2961645108762625,-0.051792828685259,-0.0245901639344261,12.2,0.455453131768844,12.463441746491926,12.015000000000033,11.56655825350814,0.3717782176841656,0.0746469823540394,18.518518518518523,34.567901234568126,12.189999999999964,12.175,1420790.0,798919.6,-78.57142857142853,6.495423678771544,53.944912834120935,13.0625,13.975,,,,0.0,0.0,0.0,0.0,0.0,0.0,,0.0,0.0,0.0,0.0,0.0,6.54,0.11,0,False,0,False,False,False,True,0.4697303581411404,False,False,False,False,True,False,False,False,False,True,False,False,False,False,False,False,True,True,20.0,0.0,5.462184873949583,0.0,0.0690612584688485,False,False,False,False,False,False,False,-1.0,False,5,False,False,335.5260386830376,,3,False,3,False,True,False,True,"ema60_gt_ema120, market_above_ma60, avoid_chase, obv_uptrend, mfi_strong",,close_below_ema20,8.8,52.2,52.2,34.7,-0.61,False,1524,D
2026-09-03,49.9,50.5,49.2,49.2,291428,14451677,6165,浪凡,,0.0909728671605663,-0.12979286289193,0.2207657300524963,48.88171708082352,48.848266602734256,48.67820634150029,51.81863584609779,14.437711184833708,1.2372229106142147,471246.7,23131719.95,50.9,47.35,-0.062016496220591,0.0031196974349477,0.0239334027055151,-0.015015015015015,49.95,0.628520586739546,51.28516456741972,48.79750000000004,46.30983543258035,0.5808991705054228,0.1019586891713585,41.4634146341464,55.608054998299245,49.62000000000008,48.76000000000003,23214050.0,20642483.95,-48.48484848484843,46.35495223730503,71.08212277842989,49.125,49.6,,,,0.0,0.0,0.0,0.0,0.0,0.0,,0.0,0.0,0.0,0.0,0.0,11.24,0.85,0,False,0,False,False,True,True,0.6184191846860678,False,False,False,False,True,False,False,False,False,True,False,False,False,False,False,False,True,True,0.0,0.0,3.4552845528455194,8.0,0.7635434057829447,False,False,False,False,False,False,False,-1.0,False,5,False,False,343.34671271625604,,3,False,3,False,False,False,False,"ema60_gt_ema120, market_above_ma60, avoid_chase, obv_uptrend, mfi_strong",,,16.6,53.7,53.7,34.7,-0.46,False,1524,D
2026-09-03,28.05,29.65,27.5,27.6,8401636,241763850,6168,宏齊,,0.8286292237952892,0.5900416898668873,0.2385875339284019,26.74522316511612,26.263095708507567,25.577243273573654,56.4192081725238,20.38519425136282,1.4591877177658086,3538912.35,98262201.4,29.65,25.0,0.9692483346498056,-0.2200154661187366,-0.069139966273187,-0.0018083182640143,27.65,0.4825471709533093,29.87520949107964,26.29499999999998,22.714790508920327,0.6822519049864989,0.2723110470492227,45.53571428571431,49.34962149675752,28.1,27.889999999999965,374727020.0,366240210.95,-42.65734265734263,76.76890168932005,78.74790045484582,25.45,28.1,,,,0.0,0.0,0.0,0.0,0.0,0.0,,0.0,0.0,0.0,0.0,0.0,3.86,1.54,0,False,0,False,False,True,True,2.374072926671948,True,True,True,False,True,True,False,False,False,True,False,False,False,False,False,False,True,True,0.0,0.0,7.427536231884048,0.0,0.3109732649237601,False,False,False,True,False,False,False,-1.0,False,9,True,False,572.4724084458046,,3,False,3,False,False,False,False,"ema60_gt_ema120, volume_break, rsi_strong, market_above_ma60, avoid_chase, liquidity_ok, adx_trending, obv_uptrend, mfi_strong",long_upper_shadow,,245.7,86.0,86.0,34.7,1.31,False,1524,D
2026-09-03,119.5,121.0,113.5,114.0,2228259,260996787,6166,凌華,,-4.988003122822903,-4.368455313871869,-0.619547808951034,122.27933148757803,124.61276913801944,113.51196556696593,38.80541568013013,16.729295682880377,6.940755511232026,2070586.55,267042024.2,145.0,115.5,-1.1587642835384169,-0.2972772268528618,-0.0256410256410256,-0.0256410256410256,117.0,0.8716035970409284,142.85081519933397,124.45,106.04918480066604,0.2160451891180821,0.2957141856060099,12.5,32.35294117647087,116.1,117.1,79837825.0,88092434.85,-95.65217391304348,-73.41967004651467,28.893323170948435,142.75,140.0,,,,0.0,0.0,0.0,0.0,0.0,0.0,,0.0,0.0,0.0,0.0,0.0,19.93,-0.64,0,False,0,False,False,False,True,1.0761486883994296,False,False,False,False,True,True,False,False,False,False,False,False,False,False,False,False,False,False,20.0,0.0,27.19298245614036,0.0,-1.1024324440854731,False,False,False,False,True,False,False,-1.0,False,4,True,False,227.53229755496864,,3,False,3,False,True,True,True,"ema60_gt_ema120, market_above_ma60, avoid_chase, liquidity_ok",open_high_close_low,"close_below_ema20, close_below_swing_low",-99.2,21.5,21.5,34.7,0.0,False,1524,D
2026-09-03,92.9,93.0,90.3,90.3,2737594,249338986,6176,瑞儀,,1.3480104647564133,1.0108775158689418,0.3371329488874715,90.32701074042969,91.2132905181912,96.69665504700926,50.6146318838318,24.85413667486397,3.68675290551038,5017290.2,436550229.3,101.5,81.3,0.7275684744249735,-0.1175744304924173,-0.0544502617801047,-0.0216684723726977,92.3,0.346135395651398,101.25198779312892,88.79999999999981,76.3480122068707,0.5602313471921275,0.2804501755209264,1.1173184357542054,28.026760466239164,91.79999999999929,93.53999999999978,-123223933.0,-106359721.4,-65.55555555555556,24.2193947070452,15.08145248327611,87.89999999999999,96.1,,,,0.0,0.0,0.0,0.0,0.0,0.0,,0.0,0.0,0.0,0.0,0.0,33.9,-0.28,0,False,0,False,False,False,False,0.5456319827782734,False,False,True,False,True,True,False,False,False,False,False,False,False,False,False,False,False,False,20.0,0.0,12.403100775193804,0.0,-0.5390703500852522,False,False,False,False,False,False,False,-1.0,False,4,False,False,253.98747562675973,,3,False,3,False,True,False,True,"market_above_ma60, avoid_chase, liquidity_ok, adx_trending",,close_below_ema20,-72.8,29.1,29.1,34.7,-0.53,False,1524,D
2026-09-03,91.3,91.6,91.0,91.3,17447,1593189,6183,關貿,,-0.1094098162728869,0.2641642415726606,-0.3735740578455476,92.37584460059122,92.02353474091812,92.33991809883062,43.40389776187318,27.487357419298487,1.3385795268002083,34775.3,3232831.65,94.6,91.0,-0.1010768943380849,0.0758420712270511,-0.0348837209302325,0.0,91.3,0.5394607110097324,95.26703203211255,92.90999999999948,90.5529679678864,0.1584687908216247,0.0507379621593605,22.91666666666656,20.35024154589337,91.13999999999942,92.54999999999929,-530556.0,-660075.7,-77.08333333333344,-106.46561571852811,49.190266462304,90.975,89.9,,,,0.0,0.0,0.0,0.0,0.0,0.0,,0.0,0.0,0.0,0.0,0.0,1.12,-0.05,0,False,0,False,False,False,False,0.5017066711142678,False,False,True,False,True,False,False,False,False,True,False,False,False,False,False,False,False,False,10.0,12.0,3.614457831325298,0.0,0.9342771848754736,False,False,True,False,False,False,False,-1.0,False,5,False,False,383.2283929296484,,5,False,3,False,True,False,True,"market_above_ma60, avoid_chase, adx_trending, obv_uptrend, above_ichimoku_cloud",,close_below_ema20,56.5,63.7,63.7,34.7,-0.57,False,1524,D
2026-09-03,48.5,48.7,48.05,48.05,265943,12839712,6189,豐藝,,-0.1919783958799286,-0.2235225293116482,0.0315441334317196,48.39518379892021,48.99658282824144,49.21805579117866,46.495181692546765,6.630568331691923,1.037881298376912,353713.95,17190850.05,49.6,48.1,-0.0986429527330532,-0.2137905956277863,-0.0020768431983385,-0.0092783505154639,48.5,0.6477253480763127,49.800473214032806,48.51249999999982,47.22452678596683,0.3204543406024687,0.0530986122765469,17.499999999999716,27.29674796747956,48.189999999999785,48.40499999999993,17293782.0,17881614.3,-56.896551724138014,-29.73767526006228,36.42665896952347,48.6,52.6,,,,0.0,0.0,0.0,0.0,0.0,0.0,,0.0,0.0,0.0,0.0,0.0,8.15,0.06,0,False,0,False,False,False,False,0.7518589526932709,False,False,False,False,True,False,False,False,False,False,False,False,False,False,False,False,False,False,20.0,0.0,3.2258064516129124,8.0,-0.1507163982856433,False,False,False,False,False,False,False,-1.0,False,2,False,False,123.709992747505,,3,False,3,False,True,True,True,"market_above_ma60, avoid_chase",,"close_below_ema20, close_below_swing_low",-203.0,2.8,2.8,34.7,-0.32,False,1524,D
2026-09-03,83.5,84.0,81.1,81.4,1665497,137158014,6191,精成科,,-1.5943901534052003,-1.9591076471384847,0.3647174937332844,84.0484860708789,89.22472613568756,94.25807675206072,39.33148734924805,23.76052917164096,2.630814496760061,1760728.35,148804512.95,87.2,80.9,-0.2444073222795577,-0.4480108072259219,-0.0204572803850781,-0.0251497005988022,83.5,0.6737142360274657,87.95773805073264,83.97999999999975,80.00226194926685,0.1756950851094406,0.0947306037326246,33.33333333333341,58.58585858585926,83.52000000000044,82.67999999999992,597521687.0,600173204.6,-71.4285714285714,-82.10984230560057,33.44325597028072,90.225,95.3,,,,0.0,0.0,0.0,0.0,0.0,0.0,,0.0,0.0,0.0,0.0,0.0,4.09,0.11,0,False,0,False,False,False,False,0.9459136612413834,False,False,True,False,True,True,False,False,False,False,False,False,False,False,False,False,False,True,0.0,12.0,7.125307125307121,0.0,-0.0815003878250087,False,False,False,False,False,False,False,-1.0,False,4,False,False,270.48113195851374,,3,False,3,False,True,False,True,"market_above_ma60, avoid_chase, liquidity_ok, adx_trending",,close_below_ema20,-56.3,33.0,33.0,34.7,-0.13,False,1524,D
2026-09-03,115.0,116.5,114.0,115.5,134092,15450159,6192,巨路,,-0.1066625195950337,-0.0799430860620522,-0.0267194335329814,116.26642287725176,117.5663031223959,117.85495745552096,47.22020027806735,15.544462029719128,2.4274894731745933,202100.2,23773210.3,121.0,115.0,-0.0873247216468713,-0.0755403036111344,-0.0085836909871244,0.0043478260869564,115.0,1.147568245417874,119.99162280671324,116.825,113.65837719328675,0.2907865759712525,0.0542113898003552,37.5,50.0,116.4,116.3,10200979.0,10335246.9,-62.5,-87.04253214639095,45.924634894895135,113.5,120.0,,,,0.0,0.0,0.0,0.0,0.0,0.0,,0.0,0.0,0.0,0.0,0.0,23.93,-0.15,0,False,0,False,False,False,False,0.6634926635401647,False,False,False,False,True,False,False,False,False,False,False,False,False,False,False,False,False,True,0.0,0.0,4.761904761904762,0.0,-0.2611121148852545,False,False,False,False,False,False,False,-1.0,False,2,False,False,108.5015812567786,,3,False,3,True,True,False,True,"market_above_ma60, avoid_chase",,"macd_death_cross, close_below_ema20",-218.3,1.4,1.4,34.7,-0.41,False,1524,D
2026-09-03,500.0,523.0,498.5,500.0,2947816,1507987264,6196,帆宣,,-4.195536650673944,-5.504482025097846,1.308945374423902,498.6107135684004,496.0242175078395,455.25797847953896,49.6953859001101,10.009080464668507,23.68068146208679,1175586.05,590490541.95,511.0,477.0,-0.1368780473937128,-0.2451437687422235,0.0050251256281406,0.0162601626016261,492.0,0.8360618577079251,516.6203665323344,498.75,480.8796334676656,0.5349741007756686,0.0716606176735214,61.98347107438016,71.52026355400328,495.3,493.45,125827050.0,125107621.1,-38.01652892561984,66.26001674440921,46.99497076518303,510.75,499.75,,,,0.0,0.0,0.0,0.0,0.0,0.0,,0.0,0.0,0.0,0.0,0.0,18.42,0.0,0,False,0,False,False,True,True,2.50752890441325,True,False,False,False,True,True,False,False,False,True,False,False,False,False,False,False,False,True,0.0,0.0,2.2,8.0,0.2366535960449343,False,False,False,False,False,False,False,-1.0,False,6,False,False,395.9151321966717,,3,False,3,False,False,False,False,"ema60_gt_ema120, volume_break, market_above_ma60, avoid_chase, liquidity_ok, obv_uptrend",,,69.2,66.1,66.1,34.7,1.44,False,1524,D
2026-09-03,314.0,315.5,299.0,299.0,2845571,873301380,6197,佳必琪,,-0.6785619553582478,-2.169328277729258,1.49076632237101,305.10678618721164,301.02505772038694,273.6511803843984,46.63477250394067,14.231957981423063,13.911046881546923,1698448.6,523071020.35,317.0,290.0,0.0923555809264294,-0.3056484040288775,-0.0292207792207792,-0.0462519936204146,313.5,4.032620429250908,317.7183431975095,303.075,288.43165680249047,0.360858277203629,0.0966318119113059,30.303030303030305,59.29966329966313,308.3,303.6,126178941.0,131454578.55,-69.6969696969697,6.706114398422049,65.66165284239455,316.125,308.5,,,,0.0,0.0,0.0,0.0,0.0,0.0,,0.0,0.0,0.0,0.0,0.0,4.64,-1.24,0,False,0,False,False,False,True,1.6753942391898111,True,False,False,False,True,True,False,False,False,False,False,False,False,False,False,False,True,True,0.0,0.0,6.020066889632108,0.0,-0.9773558249446688,False,False,False,False,False,False,False,-1.0,False,6,False,False,345.02567249256214,,3,True,3,False,True,False,True,"ema60_gt_ema120, volume_break, market_above_ma60, avoid_chase, liquidity_ok, mfi_strong",,close_below_ema20,18.3,54.3,54.3,34.7,0.61,False,1524,D
2026-09-03,44.4,44.5,44.4,44.45,6110,271661,6201,亞弘電,,-0.7937106919040033,-0.8570310413828027,0.0633203494787993,45.16549709897759,46.87036535512486,48.66793341984409,33.978593051575075,26.689987462151684,0.6046239750409244,27958.75,1253295.0,45.7,44.2,-0.1419502478434413,-0.1646105728724675,-0.0055928411633109,0.005656108597285,44.2,0.681468120286126,45.767148807092006,44.87750000000015,43.98785119290829,0.2597366530521278,0.0396478773145498,37.50000000000015,23.611111111110706,44.40000000000036,44.61000000000004,-1271056.0,-1138947.6,-62.49999999999985,-79.35049019607683,26.039071099715528,49.0375,48.2,,,,0.0,0.0,0.0,0.0,0.0,0.0,,0.0,0.0,0.0,0.0,0.0,1.16,-0.01,0,False,0,False,False,False,False,0.2185362364197255,False,False,True,False,True,False,False,False,True,False,False,False,False,False,False,False,False,False,0.0,0.0,2.81214848143982,8.0,-1.143504823179956,False,False,False,False,False,False,False,-1.0,False,4,False,False,266.46330448603777,,5,False,3,False,True,False,True,"market_above_ma60, avoid_chase, adx_trending, kd_golden_cross",,close_below_ema20,-60.3,31.9,31.9,34.7,-0.86,False,1524,X
2026-09-03,59.5,59.5,56.7,57.0,1108257,63922364,6202,盛群,,-0.3944391035905354,-0.4047862496834258,0.0103471460928903,58.46782074503354,58.94329768992172,56.909978691553945,45.52527054536534,10.73461005729419,2.79575124659318,1694222.2,102503209.4,64.3,56.1,-0.4503334216121191,-0.2406874589404414,-0.0371621621621621,-0.0256410256410256,58.5,0.378318467492982,64.18694859214617,59.284999999999854,54.38305140785354,0.2669294203063673,0.1653689328547296,36.36363636363633,54.040404040404006,58.35999999999986,57.86000000000022,143081298.0,143061156.25,-63.63636363636367,-55.28743028743047,44.56666737721898,57.725,62.475,,,,0.0,0.0,0.0,0.0,0.0,0.0,,0.0,0.0,0.0,0.0,0.0,16.25,0.23,0,False,0,False,False,False,True,0.6541391087898624,False,False,False,False,True,True,False,False,False,True,False,False,False,False,False,False,False,True,0.0,0.0,12.807017543859644,0.0,0.0020274068290775,False,False,False,False,False,False,False,-1.0,False,5,False,False,306.5657199698475,,3,False,3,False,True,False,True,"ema60_gt_ema120, market_above_ma60, avoid_chase, liquidity_ok, obv_uptrend",,close_below_ema20,-20.2,44.2,44.2,34.7,-0.42,False,1524,D
2026-09-03,68.8,69.7,65.2,65.4,586849,39205986,6205,詮欣,,1.0790295182744671,0.1991802048468102,0.8798493134276569,64.41509037201396,66.22353896869036,65.90866597626197,52.293324331303,20.44518099698227,3.361024755007228,600154.2,39675712.5,71.1,59.8,0.5698336090138315,-0.4904876239192602,-0.022421524663677,-0.0424597364568081,68.3,1.707755492699371,69.75355884585194,63.5699999999998,57.38644115414767,0.6479730399289193,0.1945433017414552,52.45901639344266,69.06697376145955,67.81999999999971,65.22999999999975,26441657.0,26308435.2,-47.54098360655735,76.99148773980437,66.76406087476519,63.49999999999999,72.55,,,,0.0,0.0,0.0,0.0,0.0,0.0,,0.0,0.0,0.0,0.0,0.0,3.49,0.15,0,False,0,False,False,False,True,0.9778303642630513,False,False,True,False,True,False,False,False,False,True,False,False,False,False,False,False,True,True,0.0,0.0,8.715596330275211,0.0,0.0340198633736503,False,False,False,False,False,False,False,-1.0,False,6,False,False,405.1865420031143,,3,True,3,False,False,False,False,"ema60_gt_ema120, market_above_ma60, avoid_chase, adx_trending, obv_uptrend, mfi_strong",,,78.4,68.0,68.0,34.7,-0.1,False,1524,D
2026-09-03,138.5,140.5,134.5,134.5,924919,126181865,6206,飛捷,,0.4285083845385031,1.7794386289499933,-1.35093024441149,139.2651793643635,134.4486671023024,127.08196128526085,45.396741368848346,20.012896915242507,6.167593812131025,2278193.7,332466316.3,158.0,138.0,-0.5084463107970012,0.1987624790226222,-0.0427046263345195,-0.0253623188405797,138.0,0.1778355636878812,154.19034679015485,142.8,131.40965320984515,0.1356563960293967,0.1595286665287792,0.0,25.19841269841284,137.6,138.8,13735882.0,13507170.95,-100.0,-108.26210826210786,28.302656195550924,125.5,130.0,,,,0.0,0.0,0.0,0.0,0.0,0.0,,0.0,0.0,0.0,0.0,0.0,19.5,0.02,0,False,0,False,False,True,True,0.4059878666155559,False,False,True,False,True,True,False,False,False,True,False,False,False,False,False,False,False,False,20.0,12.0,17.472118959107807,0.0,0.0214709265254696,False,False,True,False,False,False,False,-1.0,False,7,False,False,486.3175297844612,,3,False,3,False,True,True,True,"ema60_gt_ema120, market_above_ma60, avoid_chase, liquidity_ok, adx_trending, obv_uptrend, above_ichimoku_cloud",,"close_below_ema20, close_below_swing_low",159.6,78.1,78.1,34.7,-0.67,False,1524,D
2026-09-03,84.5,85.7,80.5,81.1,19919693,1643168521,6209,今國光,,2.3061272851658146,0.7112727690584363,1.5948545161073784,75.0740659237217,73.95012501102273,70.82925851790438,60.69240841608882,18.85136684509053,4.783731705637102,10275726.65,801765079.2,84.3,67.8,0.6157889594339387,-0.3460230847328465,0.0601307189542483,-0.0379596678529062,84.3,3.447918092834261,83.71551899602645,73.72000000000007,63.724481003973686,0.8691654231728124,0.2711752304944756,67.68558951965063,78.08027049975802,80.7,76.1,563576415.0,480738843.2,-32.31441048034936,130.83528493364554,79.39538503418905,73.3,82.45,,,,0.0,0.0,0.0,0.0,0.0,0.0,,0.0,0.0,0.0,0.0,0.0,3.96,0.48,0,False,0,False,False,True,True,1.9385191605889984,True,True,False,False,False,True,False,False,False,True,False,False,False,False,False,False,True,True,0.0,-12.0,3.9457459926017298,0.0,1.4445017774092312,False,False,False,False,False,False,False,-1.0,False,7,False,False,464.7192129348008,,3,True,3,False,False,False,False,"ema60_gt_ema120, volume_break, rsi_strong, market_above_ma60, liquidity_ok, obv_uptrend, mfi_strong",,,138.0,76.8,76.8,34.7,0.87,False,1524,D
2026-09-03,550.0,552.0,509.0,512.0,12963621,6859730645,6213,聯茂,,47.643346143582505,50.977577498769215,-3.3342313551867093,494.8197401481884,401.4565062877388,327.634527126501,57.48440308255584,30.108344793831964,37.899787191826405,17466969.35,8779177686.45,583.0,482.5,1.4840169909209242,1.1396659718909716,-0.0905861456483125,-0.044776119402985,536.0,0.682876678348492,600.6923347271247,502.2,403.7076652728752,0.5497500644448685,0.3922434676508353,28.09917355371901,45.17906336088163,545.6,539.95,960869382.0,940015243.95,-65.41353383458646,36.57195840784176,68.88261898849457,327.5,327.0,,,,0.0,0.0,0.0,0.0,0.0,0.0,,0.0,0.0,0.0,0.0,0.0,21.45,0.05,0,False,0,False,False,True,True,0.7421791806144091,False,True,True,False,True,True,False,False,False,True,False,False,False,False,False,False,True,True,10.0,0.0,13.8671875,0.0,0.2606410429331453,False,False,True,False,True,False,False,-1.0,False,9,True,False,630.5494843213419,,8,True,3,True,False,False,True,"ema60_gt_ema120, rsi_strong, market_above_ma60, avoid_chase, liquidity_ok, adx_trending, obv_uptrend, mfi_strong, above_ichimoku_cloud",open_high_close_low,macd_death_cross,303.8,90.6,90.6,34.7,-0.33,False,1524,D
2026-09-03,183.0,184.5,182.5,183.0,2152555,395077069,6214,精誠,,9.519423078813787,9.6545539735688,-0.1351308947550134,173.0564876364702,155.15027106639718,142.98758294027215,73.87572013737626,38.68344166013635,4.362549065149635,3549300.95,618137480.95,183.5,179.5,1.3312172514858702,0.5542873151515743,0.0027397260273973,0.0,183.0,0.2170283633229147,201.4288451000036,171.6,141.7711548999964,0.6910902008069805,0.3476555372960793,72.72727272727273,76.51515151515135,182.6,181.7,67032493.0,51115455.2,-13.043478260869565,63.37338673787278,82.41381797353154,138.875,141.5,,,,0.0,0.0,0.0,0.0,0.0,0.0,,0.0,0.0,0.0,0.0,0.0,16.26,0.28,0,False,0,False,False,True,True,0.6064729450456997,False,True,True,False,True,True,False,False,False,True,False,False,False,False,False,False,True,True,-10.0,0.0,0.273224043715847,25.0,0.7637288293612833,False,False,True,False,False,False,False,-1.0,False,9,False,False,655.2294754027923,,10,False,3,True,False,False,True,"ema60_gt_ema120, rsi_strong, market_above_ma60, avoid_chase, liquidity_ok, adx_trending, obv_uptrend, mfi_strong, above_ichimoku_cloud",,macd_death_cross,328.5,92.2,92.2,34.7,-0.47,False,1524,D
2026-09-03,102.5,105.5,97.8,97.8,1316140,132807481,6215,和椿,,-0.4726677002506392,-0.5756957607197901,0.1030280604691509,98.85863733845429,102.09778222623538,105.30624099289048,46.72639619252504,12.294613944348171,4.516130094347256,1242872.2,127613407.45,107.0,96.1,-0.315187797898485,-0.2122389317710311,-0.0040733197556008,-0.022,100.0,0.8548212851668565,105.99021244249558,100.16499999999996,94.33978755750437,0.2970031116164097,0.1163123334996378,35.83333333333331,51.72115895800077,98.65999999999984,97.97999999999992,247225918.0,247798711.15,-73.93939393939395,-14.608943523961855,51.58849660497027,96.4,109.15,,,,0.0,0.0,0.0,0.0,0.0,0.0,,0.0,0.0,0.0,0.0,0.0,7.19,0.67,0,False,0,False,False,False,False,1.058950389267698,False,False,False,False,True,True,False,False,False,False,False,False,False,False,False,False,True,True,0.0,0.0,9.406952965235178,0.0,-0.1430389304095453,False,False,False,False,True,False,False,-1.0,False,4,True,False,253.87303672776244,,3,False,3,False,True,False,True,"market_above_ma60, avoid_chase, liquidity_ok, mfi_strong",open_high_close_low,close_below_ema20,-72.9,28.9,28.9,34.7,-0.01,False,1524,D
2026-09-03,20.55,20.6,20.45,20.45,120534,2471089,6216,居易,,-0.4489054338453222,-0.2827286806325396,-0.1661767532127826,21.44231097726785,22.20825920371086,23.24919799059034,27.32533896396108,22.90582620326224,0.3816378935621328,143859.8,3116562.6,22.8,20.5,-0.5102346674525335,-0.1382341108563308,-0.0261904761904762,-0.0048661800486619,20.55,0.3716830536585776,23.27317853795212,21.72999999999997,20.186821462047828,0.0852715779411432,0.1420320789647626,2.5000000000000355,4.898373983739778,20.609999999999854,21.18999999999996,-1816512.0,-944538.35,-97.7272727272727,-120.92495849026017,23.468814908969733,22.262500000000003,22.675,,,,0.0,0.0,0.0,0.0,0.0,0.0,,0.0,0.0,0.0,0.0,0.0,2.57,-0.2,0,False,0,False,False,False,False,0.8378574139544196,False,False,True,False,True,False,False,False,False,False,False,False,False,False,False,False,False,False,20.0,25.0,11.491442542787292,0.0,-1.844035904309972,False,False,False,False,False,False,False,-1.0,False,3,False,False,206.25014328782453,,5,False,3,False,True,True,True,"market_above_ma60, avoid_chase, adx_trending",,"close_below_ema20, close_below_swing_low",-120.5,16.4,16.4,34.7,-0.24,False,1524,D
2026-09-03,89.9,92.0,79.6,79.6,7047769,607354865,6224,聚鼎,,4.838067463794744,3.604983015032359,1.2330844487623849,72.59413336667875,68.65793141681397,64.98562201775276,61.49108690989742,36.214403257538656,5.4185408601927545,1546217.0,119353813.45,85.0,72.1,2.064700024777089,-0.2363931723001551,0.0446194225721783,-0.0635294117647059,85.0,2.3755234489251364,87.87053771122768,70.50499999999992,53.139462288772165,0.76186923063487,0.4926044312099221,31.491712707182263,65.45755502937816,78.95999999999985,78.21999999999989,25268415.0,27503275.6,-42.176870748299336,112.67665049567604,83.87125117155406,61.3,72.775,,,,0.0,0.0,0.0,0.0,0.0,0.0,,0.0,0.0,0.0,0.0,0.0,7.95,0.32,0,False,0,False,False,True,True,4.558072379232669,True,True,True,False,True,True,False,False,False,False,False,False,False,False,False,False,True,True,0.0,0.0,6.783919597989957,0.0,-0.6176761345484602,False,False,True,False,True,True,False,-1.0,False,9,True,False,658.1686101777452,,8,False,3,False,False,False,False,"ema60_gt_ema120, volume_break, rsi_strong, market_above_ma60, avoid_chase, liquidity_ok, adx_trending, mfi_strong, above_ichimoku_cloud","open_high_close_low, gap_chase_after_blowout",,331.4,92.4,92.4,34.7,3.5,False,1524,D
2026-09-03,58.0,60.7,58.0,60.4,60561,3600356,6225,天瀚,,8.528731712848348,9.071133614805287,-0.542401901956941,52.576754352661645,38.21045114995622,30.71298731248084,66.41579356523782,47.52786835667886,4.708514073443757,185399.2,10078649.8,71.1,57.5,4.58327319862441,1.9000091065782685,-0.0848484848484848,0.0413793103448276,58.0,0.2895988221009543,79.92984463234251,51.60999999999994,23.290155367657377,0.6551915293695056,1.0974557113870411,30.46874999999999,20.779454022988528,59.07999999999993,63.18000000000002,2961131.0,2513185.7,-52.66272189349113,41.869316980334055,51.4418852457911,24.8375,27.325,,,,0.0,0.0,0.0,0.0,0.0,0.0,,0.0,0.0,0.0,0.0,0.0,0.46,0.18,0,False,0,False,False,True,True,0.3266518949380579,False,True,True,False,True,False,False,False,True,True,False,False,False,False,False,False,True,False,0.0,0.0,17.715231788079464,0.0,0.5977150949190007,False,False,True,False,False,False,False,-1.0,False,9,False,False,640.4391000884086,,8,False,3,False,False,False,False,"ema60_gt_ema120, rsi_strong, market_above_ma60, avoid_chase, adx_trending, kd_golden_cross, obv_uptrend, mfi_strong, above_ichimoku_cloud",,,313.7,91.4,91.4,34.7,-0.75,False,1524,D
2026-09-03,35.1,35.55,32.0,32.0,5284891,176071665,6226,光鼎,,3.347168476986269,2.2833787653301445,1.0637897116561246,26.96678642785601,22.091666023679483,18.33424437093442,65.58759283344862,36.25251604435953,2.313635467319579,19884629.05,511999018.4,34.15,21.2,3.219140896886351,1.1067829860859726,0.0339256865912762,-0.0629575402635431,34.15,0.3389658544673433,36.04579982291273,25.06250000000002,14.079200177087314,0.8158203869445219,0.876472803823457,70.51282051282051,79.3803418803418,33.15,29.494999999999983,273895394.0,201728192.85,-25.698324022346373,107.83804754966808,66.04470753807985,20.6375,20.2,,,,0.0,0.0,0.0,0.0,0.0,0.0,,0.0,0.0,0.0,0.0,0.0,10.08,4.78,0,False,0,False,False,True,True,0.2657777012943573,False,True,True,False,True,True,False,False,False,True,False,False,False,False,False,False,True,True,-10.0,-12.0,6.718749999999996,0.0,1.0324758310317523,False,False,True,False,True,False,False,-1.0,False,9,True,False,598.0474869853247,,8,True,3,False,False,False,False,"ema60_gt_ema120, rsi_strong, market_above_ma60, avoid_chase, liquidity_ok, adx_trending, obv_uptrend, mfi_strong, above_ichimoku_cloud",open_high_close_low,,271.3,88.1,88.1,34.7,-0.81,False,1524,X
2026-09-03,110.0,110.0,106.0,106.0,36389,3911460,6230,尼得科超眾,,-1.5970588908653411,-2.090189869545749,0.4931309786804076,109.33312715988248,117.1444946629786,124.87286183874085,41.28552553660238,13.68079041129939,3.925461249965084,46584.15,5158047.8,112.5,106.5,-0.0673856118956155,-0.4208643053950245,-0.0363636363636363,-0.0363636363636363,110.0,0.3631561435865417,112.3172450508118,108.775,105.23275494918822,0.1082992621636875,0.0651297642070657,7.142857142857143,48.80952380952355,108.8,108.4,4135108.0,4125283.5,-85.71428571428571,-72.5806451612914,51.824809116941,118.875,127.25,,,,0.0,0.0,0.0,0.0,0.0,0.0,,0.0,0.0,0.0,0.0,0.0,87.11,0.05,0,False,0,False,False,False,False,0.7811455183791053,False,False,False,False,True,False,False,False,False,True,False,False,False,False,False,False,True,True,20.0,12.0,6.132075471698113,0.0,0.0414807075929565,False,False,False,False,False,False,False,-1.0,False,4,False,False,290.30922367490655,,3,False,3,False,True,True,True,"market_above_ma60, avoid_chase, obv_uptrend, mfi_strong",,"close_below_ema20, close_below_swing_low",-36.4,39.3,39.3,34.7,-0.29,False,1524,D
2026-09-03,40.0,40.35,39.25,39.45,300811,11943474,6235,華孚,,-0.0062755692236891,-0.2405263021072431,0.234250732883554,38.87397560161632,40.11981763866017,43.26319257404609,53.53931256060925,10.987153985460704,1.052750220717246,352887.3,13691929.0,39.75,37.7,0.0077428410615156,-0.1533276831390299,0.0063775510204082,-0.0075471698113206,39.75,0.8098951785189863,40.16245535642904,38.76250000000009,37.36254464357114,0.7455435442433009,0.0722324595384169,71.42857142857146,83.42490842490831,39.27000000000008,38.810000000000215,32977073.0,32387121.35,-28.57142857142854,100.69444444444376,51.8583817298512,39.6,41.225,,,,0.0,0.0,0.0,0.0,0.0,0.0,,0.0,0.0,0.0,0.0,0.0,3.47,0.02,0,False,0,False,False,False,False,0.8524279564608871,False,False,False,False,True,False,False,False,False,True,False,False,False,False,False,False,True,True,-10.0,0.0,0.7604562737642513,25.0,0.2257061450138475,False,False,False,False,False,False,False,-1.0,False,4,False,False,276.232753304775,,3,False,3,False,False,False,False,"market_above_ma60, avoid_chase, obv_uptrend, mfi_strong",,,-50.5,34.6,34.6,34.7,-0.22,False,1524,D
2026-09-03,282.5,284.5,273.5,275.0,9490466,2646475519,6239,力成,,-0.1619357792074538,-1.7884549756411792,1.6265191964337251,276.25165809301944,280.22836448811745,267.8108100719556,48.903783406056185,9.934764755752004,15.735009588031485,14725872.05,4112772197.75,288.5,267.5,0.0502082134553347,-0.4840384364782203,-0.0072202166064981,-0.0107913669064748,278.0,0.5382281182676714,291.9232255773986,276.25,260.5767744226014,0.4601230776068665,0.1134713163974561,41.02564102564103,51.28205128205142,280.2,277.45,421639624.0,433602959.0,-53.48837209302326,7.082885679041899,42.33547783039143,286.125,305.75,,,,0.0,0.0,0.0,0.0,0.0,0.0,,0.0,0.0,0.0,0.0,0.0,31.67,-1.05,0,False,0,False,False,False,True,0.6444756526320626,False,False,False,False,True,True,False,False,False,False,False,False,False,False,False,False,False,True,0.0,0.0,4.909090909090909,0.0,-0.1577388476529171,False,False,False,False,False,False,False,-1.0,False,4,False,False,214.5518903544856,,3,False,3,False,True,False,True,"ema60_gt_ema120, market_above_ma60, avoid_chase, liquidity_ok",,close_below_ema20,-112.2,18.3,18.3,34.7,-0.43,False,1524,D
2026-09-03,40.45,41.1,38.85,38.85,467896,18714950,6243,迅杰,,-1.498997494199557,-0.9626823847292832,-0.5363151094702737,42.39859802622988,42.00608079652326,39.54696357394011,38.447765547112105,22.0265843272774,2.534202777369668,1619803.7,72464398.0,47.9,39.55,-0.9223464149105476,0.375146345262476,-0.0837264150943395,-0.0238693467336682,39.8,0.2160768753815877,47.83915282484418,42.92249999999986,38.00584717515554,0.0858462916660373,0.2290944294877668,0.0,2.9638257943443023,39.939999999999785,40.929999999999744,34201848.0,36717878.45,-100.0,-120.16877637130808,53.9222726396021,47.8875,42.25,,,,0.0,0.0,0.0,0.0,0.0,0.0,,0.0,0.0,0.0,0.0,0.0,1.38,0.1,0,False,0,False,False,False,True,0.2888596933072816,False,False,True,False,True,True,False,False,False,False,False,False,False,False,False,False,True,False,20.0,25.0,23.294723294723283,0.0,-0.2093422368686536,False,False,False,False,False,False,False,-1.0,False,6,False,False,410.3764900906489,,3,False,3,False,True,True,True,"ema60_gt_ema120, market_above_ma60, avoid_chase, liquidity_ok, adx_trending, mfi_strong",,"close_below_ema20, close_below_swing_low",83.6,68.8,68.8,34.7,-0.79,False,1524,X
2026-09-03,217.0,217.5,208.5,209.0,9652799,2045212066,6257,矽格,,0.557158141505198,-1.5086148025830746,2.0657729440882724,208.1899834212096,209.03116825413176,195.6657187221659,50.221968960480005,13.85438244733765,11.34253003215891,7060004.4,1480147580.0,221.5,197.5,0.1912601144404859,-0.2712408666471421,0.0245098039215685,-0.0324074074074074,216.0,1.910022122103504,220.2579645086752,206.325,192.3920354913248,0.5959953640280379,0.1350584224759499,50.0,69.47368421052609,214.8,207.65,565416215.0,570138840.8,-50.0,52.57301808066754,58.12052732783511,215.875,227.75,,,,0.0,0.0,0.0,0.0,0.0,0.0,,0.0,0.0,0.0,0.0,0.0,26.54,-1.49,0,False,0,False,False,False,True,1.3672511308916464,False,False,False,False,True,True,False,False,False,False,False,False,False,False,False,False,True,True,0.0,0.0,5.980861244019139,0.0,-0.1909672472742523,False,False,False,False,False,False,False,-1.0,False,5,False,False,291.3809043416254,,3,True,3,False,False,False,False,"ema60_gt_ema120, market_above_ma60, avoid_chase, liquidity_ok, mfi_strong",,,-35.4,39.8,39.8,34.7,0.3,False,1524,D
2026-09-03,71.5,72.5,64.7,65.0,12283027,831651644,6269,台郡,,2.580642792796766,2.175151575472232,0.4054912173245339,66.89838864638455,64.57918529988586,63.77990283560339,48.46716381180583,22.829658039595785,4.661321954817935,9511200.45,678594042.75,75.2,61.9,0.4749143339006132,-0.185207951159565,-0.1083676268861454,-0.093444909344491,71.7,0.8495628379944462,75.72436266474799,67.09500000000052,58.46563733525307,0.3786121245918316,0.2572281888291941,25.751072961373392,49.928469241774415,72.36000000000058,68.7200000000008,-11237760.0,-7488697.1,-74.2489270386266,2.814873003403424,62.36634498778859,61.5,69.5,,,,0.0,0.0,0.0,0.0,0.0,0.0,,0.0,0.0,0.0,0.0,0.0,15.96,-0.03,0,False,0,False,False,True,True,1.2914276241544254,False,False,True,False,True,True,False,False,False,False,False,False,False,False,False,False,True,True,10.0,0.0,15.692307692307695,0.0,-0.1209516252640559,False,False,False,False,False,False,False,-1.0,False,6,False,False,401.4628567383756,,3,True,3,False,True,False,True,"ema60_gt_ema120, market_above_ma60, avoid_chase, liquidity_ok, adx_trending, mfi_strong",,close_below_ema20,74.7,67.1,67.1,34.7,0.22,False,1524,D
2026-09-03,225.0,227.0,215.0,215.5,3700475,816578520,6271,同欣電,,5.0687052049627255,1.3914408640237574,3.677264340938968,206.23710401520745,206.0410425128345,196.8823866028624,56.07984970186634,16.973628263819098,10.775366457484049,4768190.35,984347043.6,231.0,192.5,0.7168277674585201,-0.4780975003466433,0.026190476190476,-0.0336322869955156,223.0,1.0046513811397713,224.8164170785692,202.975,181.1335829214308,0.7867259014134558,0.2152128792074808,59.30232558139535,77.13178294573602,219.3,209.95,285568919.0,273993457.65,-40.22988505747127,117.31518106276638,60.04970048106206,205.0,225.5,,,,0.0,0.0,0.0,0.0,0.0,0.0,,0.0,0.0,0.0,0.0,0.0,30.39,0.91,0,False,0,False,False,True,True,0.7760753511025416,False,True,False,False,True,True,False,False,False,True,False,False,False,False,False,False,True,True,0.0,0.0,7.192575406032482,0.0,0.4285686126678638,False,False,False,False,False,False,False,-1.0,False,7,False,False,452.9035768630398,,3,True,3,False,False,False,False,"ema60_gt_ema120, rsi_strong, market_above_ma60, avoid_chase, liquidity_ok, obv_uptrend, mfi_strong",,,126.2,75.4,75.4,34.7,-0.3,False,1524,D
2026-09-03,29.0,30.4,28.0,28.95,2680094,79208395,6272,驊陞,,0.1737196037127759,-0.5765160205699215,0.7502356242826974,25.33495342493836,27.40034012280137,31.09781252426311,66.79714030298703,40.31783464723039,1.3634420889509238,322751.85,8725826.9,27.65,23.25,0.5628407536318455,-0.6510811236904664,0.2012448132780082,0.047016274864376,27.65,1.979391660813954,27.741136428231297,24.54249999999993,21.343863571768555,1.1889654543259738,0.260661010755333,80.66666666666669,66.43691148775845,26.879999999999928,25.18999999999996,-13390597.0,-15501056.9,-19.07894736842105,249.2367471551482,87.58756606877458,27.450000000000003,32.75,,,,0.0,0.0,0.0,0.0,0.0,0.0,,0.0,0.0,0.0,0.0,0.0,2.24,-0.41,0,False,0,False,False,True,False,8.303884237998947,True,True,True,True,False,False,False,False,False,True,False,False,True,True,False,False,True,True,-20.0,-25.0,-4.490500863557861,25.0,1.7656715076866203,False,False,False,True,True,True,False,-1.0,False,9,True,False,656.1880580922394,,8,False,3,False,False,False,False,"volume_break, rsi_strong, breakout_20d, market_above_ma60, adx_trending, obv_uptrend, bb_squeeze_breakout, breakout_volume_confirm, mfi_strong","long_upper_shadow, open_high_close_low, gap_chase_after_blowout",,329.4,92.3,92.3,34.7,7.26,False,1524,C
2026-09-03,78.5,80.3,78.5,79.9,383812,30387723,6277,宏正,,0.3433482148324316,0.9125759770898269,-0.5692277622573951,79.8728689442809,77.31840553495184,73.81354180204595,51.10987559857597,29.526469503091167,2.631811456781957,554451.4,45724736.45,87.5,78.1,-0.1812919355382708,0.2730138185217861,-0.0062189054726368,0.0139593908629442,78.8,0.2175457043035586,85.84099989583797,81.04000000000015,76.23900010416233,0.3812747318544565,0.11848469634348,58.53658536585388,34.42912689996471,78.9,79.81000000000022,-234311.0,373810.1,-78.37837837837832,-46.98838896952016,40.36182776730621,77.925,76.75,,,,0.0,0.0,0.0,0.0,0.0,0.0,,0.0,0.0,0.0,0.0,0.0,12.49,-0.11,0,False,0,False,False,True,True,0.6922374080036591,False,False,True,False,True,False,False,False,False,False,False,False,False,False,False,False,False,False,0.0,0.0,9.511889862327902,0.0,-0.4940504492181796,False,False,True,False,False,False,False,-1.0,False,5,False,False,330.99376868941846,,3,False,3,False,False,False,False,"ema60_gt_ema120, market_above_ma60, avoid_chase, adx_trending, above_ichimoku_cloud",,,4.2,50.7,50.7,34.7,-0.38,False,1524,D
2026-09-03,202.5,202.5,191.5,191.5,3353471,655702316,6278,台表科,,7.740351500557352,5.774328035854553,1.9660234647028,185.7462022386173,179.50557749654809,168.28301963750044,55.63901424220021,21.40619931629895,10.414675209338483,7168138.3,1328424723.05,206.0,179.0,1.2031863946357952,-0.2442855549136685,-0.070388349514563,-0.0401002506265664,199.5,0.3283336254765611,210.66834742398584,182.675,154.6816525760142,0.6576267365659595,0.3064825227752656,51.31578947368421,65.78947368421056,198.4,194.5,149181575.0,123262810.95,-44.04761904761905,69.88505747126453,65.31428881682132,163.625,192.5,,,,0.0,0.0,0.0,0.0,0.0,0.0,,0.0,0.0,0.0,0.0,0.0,17.11,-0.63,0,False,0,False,False,True,True,0.4678301198513427,False,True,True,False,True,True,False,False,False,True,False,False,False,False,False,False,True,True,0.0,0.0,7.571801566579634,0.0,1.173955054433159,False,False,False,False,False,False,False,-1.0,False,8,False,False,533.7657618517114,,3,True,3,False,False,False,False,"ema60_gt_ema120, rsi_strong, market_above_ma60, avoid_chase, liquidity_ok, adx_trending, obv_uptrend, mfi_strong",,,207.0,83.5,83.5,34.7,-0.61,False,1524,D
2026-09-03,51.5,51.5,51.3,51.3,19310,993457,6281,全國電,,-0.0526009787253585,-0.03030857897239,-0.0222923997529684,51.47616035761888,51.748961748469306,53.40973370909585,45.80695196760384,10.633524501074898,0.475436977024735,33458.5,1719124.1,51.8,51.3,-0.0137244882173405,0.0039078889602461,-0.0038834951456311,-0.0038834951456311,51.5,0.5115647750798634,51.86781438860778,51.47999999999983,51.09218561139188,0.2679302196007453,0.0150666040640229,37.49999999999978,45.833333333333336,51.33999999999942,51.49999999999964,-6262354.0,-6195350.95,-62.50000000000022,-40.26845637583732,47.90423136279027,51.925,51.475,,,,0.0,0.0,0.0,0.0,0.0,0.0,,0.0,0.0,0.0,0.0,0.0,2.7,-0.01,0,False,0,False,False,False,False,0.5771328660878402,False,False,False,False,True,False,False,False,False,False,False,False,False,False,False,False,False,False,0.0,0.0,0.9746588693957116,25.0,-0.8246710159558024,False,False,False,False,False,False,False,-1.0,False,2,False,False,110.87527646940876,,3,False,3,False,True,False,True,"market_above_ma60, avoid_chase",,close_below_ema20,-215.9,1.9,1.9,34.7,-0.5,False,1524,D
2026-09-03,20.0,20.35,19.8,20.0,105647,2110140,6283,淳安,,-0.2863561542328554,-0.3646715266201959,0.0783153723873404,20.14868554674188,21.186582710975145,22.002151436423446,42.69015261022338,24.794637812173526,0.4811136880696833,90835.05,1818129.5,20.35,19.8,-0.0685870009478148,-0.4039194661863971,-0.0049751243781095,0.0025062656641603,19.95,0.4023193148176465,20.34390139133321,20.06000000000004,19.77609860866686,0.3943295069490806,0.0283052234629289,33.333333333333336,32.0370370370371,19.93999999999996,20.015000000000143,7143830.0,6961615.0,-60.00000000000014,17.094017094017474,56.54088643813141,21.0875,22.675,,,,0.0,0.0,0.0,0.0,0.0,0.0,,0.0,0.0,0.0,0.0,0.0,19.18,0.17,0,False,0,False,False,False,False,1.1630642576846713,False,False,True,False,True,False,False,False,False,True,False,False,False,False,False,False,True,False,0.0,0.0,1.750000000000007,15.0,0.1536997245988001,False,False,False,False,False,False,False,-1.0,False,5,False,False,348.4750392720323,,5,False,3,False,True,False,True,"market_above_ma60, avoid_chase, adx_trending, obv_uptrend, mfi_strong",,close_below_ema20,21.7,55.2,55.2,34.7,0.09,False,1524,D
2026-09-03,44.8,45.05,43.15,43.2,5453980,240200997,6282,康舒,,-1.315207412484682,-1.3882323954187394,0.0730249829340574,45.62478415291598,48.91850397969128,49.425688854678974,37.247654202737806,16.08836824199593,1.7517051394891388,7794784.05,365243558.2,50.0,44.0,-0.5703215142346831,-0.6037715832311303,-0.043189368770764,-0.0292134831460673,44.5,0.4654550428462664,49.632482923464806,45.97249999999976,42.31251707653472,0.1212414022174004,0.1592248811121893,6.451612903225895,37.76674937965254,44.55999999999985,44.58499999999985,1238117923.0,1262136247.55,-95.9595959595959,-100.71184717077098,35.20801765822482,48.275000000000006,54.75,,,,0.0,0.0,0.0,0.0,0.0,0.0,,0.0,0.0,0.0,0.0,0.0,11.93,0.35,0,False,0,False,False,False,False,0.6996960999836808,False,False,False,False,True,True,False,False,False,False,False,False,False,False,False,False,False,False,20.0,12.0,15.740740740740732,0.0,-0.7747432268547748,False,False,False,False,False,False,False,-1.0,False,3,False,False,189.7000422775795,,3,False,3,False,True,True,True,"market_above_ma60, avoid_chase, liquidity_ok",,"close_below_ema20, close_below_swing_low",-137.1,12.9,12.9,34.7,-0.37,False,1524,D
2026-09-03,246.0,248.5,233.5,233.5,3634085,872688080,6285,啟碁,,-1.0940547541217711,-1.5935475222227615,0.4994927681009904,241.955858744031,244.88339831625944,232.25100135567536,44.33681513316112,12.95923069617376,11.909643054575776,4965880.2,1221956521.6,256.0,230.5,-0.112299726729751,-0.1886386627874173,-0.046938775510204,-0.0488798370672097,245.5,0.5103199701497787,256.7277227302477,242.15,227.5722772697523,0.2033144284582977,0.1204024177596341,27.11864406779661,58.192090395480285,243.8,240.55,508851927.0,509740834.85,-72.88135593220339,-51.7696777601691,47.041204396477184,237.875,271.75,,,,0.0,0.0,0.0,0.0,0.0,0.0,,0.0,0.0,0.0,0.0,0.0,23.92,0.22,0,False,0,False,False,False,True,0.7318108479540042,False,False,False,False,True,True,False,False,False,False,False,False,False,False,False,False,False,True,10.0,0.0,9.635974304068522,0.0,-0.070207263868527,False,False,False,False,False,False,False,-1.0,False,4,False,False,241.4756213131177,,3,True,3,False,True,False,True,"ema60_gt_ema120, market_above_ma60, avoid_chase, liquidity_ok",,close_below_ema20,-85.3,25.7,25.7,34.7,-0.34,False,1524,D
2026-09-03,42.25,42.25,39.1,39.2,1088439,44099820,6405,悅城,,-0.918537250152589,-1.5709814949492196,0.6524442447966305,40.18835346190695,44.97065820846221,45.2335948490002,44.909943523803946,22.082714076147493,2.601633495410701,507723.0,20626959.65,42.25,37.9,0.0793032697109398,-1.167696151955718,-0.0272952853598013,-0.0721893491124259,42.25,4.143014027326014,42.06078046221541,39.68999999999987,37.31921953778433,0.3966585038536314,0.1194648758989947,27.50000000000004,46.25,40.27000000000008,39.83499999999985,39043813.0,39341782.55,-72.49999999999997,24.72666105971359,62.39105056582895,46.7875,60.8,,,,0.0,0.0,0.0,0.0,0.0,0.0,,0.0,0.0,0.0,0.0,0.0,6.51,-0.41,0,False,0,False,False,False,False,2.143765399637204,True,False,True,False,True,False,False,False,False,False,False,False,False,False,False,False,True,True,10.0,0.0,7.780612244897951,0.0,-0.0524282081951829,False,False,False,False,False,False,False,-1.0,False,5,False,False,350.80851549802986,,3,False,3,False,True,False,True,"volume_break, market_above_ma60, avoid_chase, adx_trending, mfi_strong",,close_below_ema20,24.1,56.0,56.0,34.7,1.08,False,1524,D
2026-09-03,1005.0,1020.0,972.0,972.0,456721,452633434,6409,旭隼,,3.82613139380112,7.678840487752464,-3.852709093951344,1011.9543176979964,980.7758462038382,950.7318382446568,44.1404071584732,17.76373387966667,51.97874895935573,515088.2,527514797.8,1065.0,995.0,0.0232918639613446,0.062626631021812,-0.0698564593301435,-0.0328358208955223,1005.0,0.6007702182284981,1064.9718245705574,1016.85,968.7281754294428,0.0339952256565012,0.0946488165817128,0.0,17.2161172161171,1014.4,1017.2,-15993571.0,-15647512.4,-100.0,-127.75797282975226,47.18177532383631,1052.25,1021.5,,,,0.0,0.0,0.0,0.0,0.0,0.0,,0.0,0.0,0.0,0.0,0.0,52.59,-0.15,0,False,0,False,False,False,True,0.8866850376304485,False,False,False,False,True,True,False,False,False,False,False,False,False,False,False,False,False,False,20.0,25.0,9.5679012345679,0.0,-0.0805892075897762,False,False,False,False,False,False,False,-1.0,False,4,False,False,262.89977988522713,,3,False,3,False,True,True,True,"ema60_gt_ema120, market_above_ma60, avoid_chase, liquidity_ok",,"close_below_ema20, close_below_swing_low",-63.9,31.2,31.2,34.7,-0.19,False,1524,D
2026-09-03,79.2,79.5,77.0,77.3,641667,50126957,6412,群電,,-0.9321118601726824,-1.2836101641371571,0.3514983039644748,78.86792540122406,82.46480156368739,85.25677021060908,40.456367266538265,21.096884325865645,1.909066120653348,587257.15,46272808.95,79.8,77.6,-0.0353261973725061,-0.3842393469151232,-0.0152866242038216,-0.023989898989899,79.2,0.704314270584585,80.13985029272715,78.46999999999989,76.80014970727262,0.1496691933715205,0.0425602215554291,13.888888888888856,48.14814814814781,78.73999999999941,78.34999999999964,-14057613.0,-14640494.8,-67.39130434782615,-65.04065040650292,43.24657802325432,83.525,93.4,,,,0.0,0.0,0.0,0.0,0.0,0.0,,0.0,0.0,0.0,0.0,0.0,5.37,0.06,0,False,0,False,False,False,False,1.0926508089343825,False,False,True,False,True,False,False,False,False,True,False,False,False,False,False,False,False,True,20.0,12.0,3.2341526520051747,8.0,0.0916183421798055,False,False,False,False,False,False,False,-1.0,False,4,False,False,317.0259281955015,,5,False,3,False,True,True,True,"market_above_ma60, avoid_chase, adx_trending, obv_uptrend",,"close_below_ema20, close_below_swing_low",-9.7,47.9,47.9,34.7,0.02,False,1524,D
2026-09-03,393.0,396.0,381.0,381.0,1142273,442807278,6414,樺漢,,-10.624325215764545,-7.4554321341628285,-3.1688930816017145,405.0630834261342,401.1340602048471,375.4643157988685,39.53358865084692,18.84361772194088,18.48663392604569,1976644.05,830233708.4,482.0,389.5,-1.0438134745616796,0.1842736450873348,-0.0317662007623887,-0.0268199233716475,391.5,0.3735364268121739,473.3067160439036,413.0,352.6932839560964,0.2346895826933785,0.2920422084450539,2.083333333333333,31.168300653595,389.6,392.4,54155438.0,59917893.15,-98.79518072289156,-76.644974692697,39.67100053826343,448.5,416.25,,,,0.0,0.0,0.0,0.0,0.0,0.0,,0.0,0.0,0.0,0.0,0.0,45.17,-0.46,0,False,0,False,False,False,True,0.5778850268969772,False,False,False,False,True,True,False,False,False,False,False,False,False,False,False,False,False,False,20.0,0.0,26.50918635170604,0.0,-0.8965383426306356,False,False,False,False,False,False,False,-1.0,False,4,False,False,225.0203901574021,,3,False,3,False,True,True,True,"ema60_gt_ema120, market_above_ma60, avoid_chase, liquidity_ok",,"close_below_ema20, close_below_swing_low",-101.7,20.7,20.7,34.7,-0.5,False,1524,D
2026-09-03,426.5,437.5,408.0,411.0,4262145,1796175283,6415,矽力*-KY,,-11.733673122633093,-9.533346139972933,-2.2003269826601617,443.62875604294,463.8972620714323,440.7937353953622,39.34902078008744,10.004136121221414,31.42044388393797,3781412.75,1709754800.75,480.0,412.5,-0.4182720429232717,-0.6034902860246406,-0.1264612114771519,-0.0352112676056337,426.0,1.5919799833989794,486.111604769417,448.325,410.538395230583,0.0061080477094177,0.1685679128731032,10.919540229885058,19.540229885057368,425.2,441.25,188511785.0,183008774.85,-89.08045977011494,-143.0560258870455,36.42334272916931,480.5,529.25,,,,0.0,0.0,0.0,0.0,0.0,0.0,,0.0,0.0,0.0,0.0,0.0,81.75,-0.02,0,False,0,False,False,False,True,1.1271303297953918,False,False,False,False,True,True,False,False,False,True,False,False,False,False,False,False,False,False,20.0,25.0,16.78832116788321,0.0,0.3502442214070884,False,False,False,False,False,False,False,-1.0,False,5,False,False,345.474233954839,,3,False,3,False,True,True,True,"ema60_gt_ema120, market_above_ma60, avoid_chase, liquidity_ok, obv_uptrend",,"close_below_ema20, close_below_swing_low",18.7,54.3,54.3,34.7,0.05,False,1524,D
2026-09-03,101.0,101.0,95.5,95.5,681947,66427668,6416,瑞祺電通,,1.0681021273301354,1.4639444124445131,-0.3958422851143779,98.76048659421326,94.76476772910688,91.03502970423712,45.61926038146756,13.5665903666065,4.077386226821202,629450.15,63147839.25,103.5,99.0,0.0184498666040282,0.397731364980946,-0.0591133004926108,-0.0497512437810945,100.5,0.4686478062001848,105.26161669870126,99.22999999999992,93.1983833012986,0.1907960016090675,0.1215684107366992,0.0,23.097710140804946,99.8,100.0,8985800.0,9259882.35,-71.89542483660132,-57.06574127626797,66.31813895485075,96.95,94.35,,,,0.0,0.0,0.0,0.0,0.0,0.0,,0.0,0.0,0.0,0.0,0.0,7.54,0.16,0,False,0,False,False,True,True,1.0834011239809855,False,False,False,False,True,True,False,False,False,False,False,False,False,False,False,False,True,False,20.0,12.0,8.37696335078534,0.0,-0.0585516509311981,False,False,False,False,False,False,False,-1.0,False,5,False,False,322.1313914286355,,3,False,3,False,True,True,True,"ema60_gt_ema120, market_above_ma60, avoid_chase, liquidity_ok, mfi_strong",,"close_below_ema20, close_below_swing_low",-4.6,49.0,49.0,34.7,0.01,False,1524,D
2026-09-03,87.5,89.0,84.5,84.5,158109,13681069,6423,億而得-創,,1.8340415106779064,1.3054047366617714,0.5286367740161348,80.42194351542076,80.99814743068049,83.80850983433439,62.57223556837632,19.00784091832328,3.193078712775569,57697.0,4746534.5,85.7,79.1,0.2257691192813458,-0.0405625123784277,0.0368098159509202,-0.014002333722287,85.7,2.6447946956607247,85.14923880802021,80.88000000000011,76.61076119198,0.9239631656584112,0.1055697034624159,60.869565217391305,80.68589467642414,83.0,81.57999999999993,8093092.0,7971179.85,-32.84671532846715,235.9782404802104,80.56468333348299,72.775,87.75,,,,-6500.0,0.0,0.0,0.0,0.0,0.0,,0.0,0.0,0.4794,15.5172,0.0,0.0,0.0,0,False,0,False,False,True,False,2.740333119572941,True,True,False,False,True,False,False,False,False,True,False,False,False,False,False,False,True,True,0.0,-25.0,1.4201183431952698,15.0,0.2550975254321043,False,False,False,False,True,False,False,-1.0,False,6,True,False,430.4645015009147,,3,False,3,False,False,False,False,"volume_break, rsi_strong, market_above_ma60, avoid_chase, obv_uptrend, mfi_strong",open_high_close_low,,103.7,71.6,71.6,34.7,1.67,False,1524,D
2026-09-03,260.5,274.0,249.0,265.5,3546338,936464091,6426,統新,,19.52783173786485,18.51934411820633,1.0084876196585242,240.62559426405,215.9189797977169,198.4014422583777,63.9118988138732,35.32871446778313,18.94737716863527,2320176.95,570402733.9,270.0,238.5,1.3381484785488995,0.4439702962047516,0.0231213872832369,0.0330739299610896,257.0,1.2906582297813232,281.7174961373527,242.075,202.43250386264725,0.7954531409782751,0.327522430134072,66.94915254237289,69.76248126369198,263.4,257.9,104726979.0,100964440.3,-29.104477611940297,82.95019157088126,57.506746152655474,173.625,218.0,,,,0.0,0.0,0.0,0.0,0.0,0.0,,0.0,0.0,0.0,0.0,0.0,7.98,-0.4,0,False,0,False,False,True,True,1.5284773861752223,True,True,True,False,True,True,False,False,False,True,False,False,False,False,False,False,True,True,0.0,0.0,1.694915254237288,15.0,0.9582005965838896,False,False,True,False,False,False,False,-1.0,False,10,False,False,726.7831810207589,,8,True,3,False,False,False,False,"ema60_gt_ema120, volume_break, rsi_strong, market_above_ma60, avoid_chase, liquidity_ok, adx_trending, obv_uptrend, mfi_strong, above_ichimoku_cloud",,,400.0,96.3,96.3,34.7,0.46,False,1524,D
2026-09-03,162.0,164.0,154.0,154.0,970646,153865024,6438,迅得,,2.082538660867812,0.5307527121492399,1.5517859487185717,148.6927060584107,150.2940192727943,153.43244104474687,56.90151114293243,16.6283839780261,5.904374475240874,421889.1,64484196.8,159.5,143.5,0.3075887303699496,-0.0943862555895282,0.0370370370370369,-0.0344827586206896,159.5,5.835285582143408,156.5331907173412,147.525,138.5168092826588,0.8593951439957478,0.122124259852109,50.0,70.68764568764527,153.8,149.6,75502363.0,72913220.65,-48.14814814814815,184.4039629274531,75.09162596992485,144.375,153.25,,,,0.0,0.0,0.0,0.0,0.0,0.0,,0.0,0.0,0.0,0.0,0.0,7.07,0.55,0,False,0,False,False,True,False,2.3007136235565224,True,True,False,False,True,True,False,False,False,True,False,False,False,False,False,False,True,True,0.0,-12.0,3.571428571428571,0.0,1.6973523054190651,False,False,True,False,False,False,False,-1.0,False,8,False,False,551.375363900594,,3,False,3,False,False,False,False,"volume_break, rsi_strong, market_above_ma60, avoid_chase, liquidity_ok, obv_uptrend, mfi_strong, above_ichimoku_cloud",,,224.6,84.5,84.5,34.7,1.23,False,1524,D
2026-09-03,25.2,25.6,24.55,24.55,3308376,82756949,6443,元晶,,-0.8463289320902128,-0.8871178352358476,0.0407889031456348,26.31243999011562,29.639986770969223,31.72247117777804,35.74692670433505,14.038092375859328,1.1537106877070336,3784299.85,100615379.05,28.05,25.1,-0.3334194930387167,-0.8472697035307305,-0.0805243445692883,-0.0219123505976095,25.1,0.8654203475029005,27.957891683964704,26.370000000000022,24.782108316035348,-0.073086948681479,0.1204316787231457,0.0,13.46153846153902,25.610000000000035,25.930000000000017,1530787431.0,1547044892.85,-100.0,-180.59558117195,50.20300554761485,28.95,34.375,,,,0.0,0.0,0.0,0.0,0.0,0.0,,0.0,0.0,0.0,0.0,0.0,12.82,-0.52,0,False,0,False,False,False,False,0.8742372780000507,False,False,False,False,True,True,False,False,False,False,False,False,False,False,False,False,True,False,20.0,25.0,14.25661914460285,0.0,-0.4340628132562439,False,False,False,False,False,False,False,-1.0,False,4,False,False,268.5336190209256,,3,False,3,False,True,True,True,"market_above_ma60, avoid_chase, liquidity_ok, mfi_strong",,"close_below_ema20, close_below_swing_low",-58.2,32.3,32.3,34.7,-0.2,False,1524,D
2026-09-03,1840.0,1920.0,1770.0,1770.0,7869894,14605772890,6442,光聖,,70.04754955078829,44.47590561285517,25.57164393793312,1582.0598886928742,1582.9536670746236,1611.2957628608026,64.43533557241834,22.511593117935167,113.34085503610672,3119595.75,5033434419.0,1795.0,1460.0,0.8997583758936707,-0.2919526016690404,0.109717868338558,-0.0139275766016713,1795.0,1.7753514781269546,1781.1926322024692,1571.5,1361.8073677975308,0.9733118133791604,0.2668694014667123,69.38775510204081,82.24874855602623,1689.0,1624.0,59731690.0,58228761.9,-30.612244897959183,221.7991787980592,67.83062857631037,1473.75,1707.5,,,,0.0,0.0,0.0,0.0,0.0,0.0,,0.0,0.0,0.0,0.0,0.0,32.6,0.81,0,False,0,False,False,True,False,2.522728786253796,True,True,True,False,False,True,False,False,False,True,False,False,False,False,False,False,True,True,0.0,-25.0,1.4124293785310735,15.0,0.1396716957063293,False,False,True,False,True,False,False,-1.0,False,8,True,False,561.9033482110138,,3,False,3,False,False,False,False,"volume_break, rsi_strong, market_above_ma60, liquidity_ok, adx_trending, obv_uptrend, mfi_strong, above_ichimoku_cloud",open_high_close_low,,235.2,85.2,85.2,34.7,1.46,False,1524,D
2026-09-03,505.0,505.0,450.0,450.0,13899708,6579191008,6451,訊芯-KY,,5.4112673344773725,-1.2227304785587731,6.633997813036146,444.35339594443417,453.5653721069472,425.70469054875264,50.90589214123056,10.826935552211848,38.94114836055034,5157087.1,2319012830.95,500.0,400.0,0.3390758669485972,-0.5423822588500415,-0.0044247787610619,-0.0999999999999999,500.0,2.0947924056147955,484.29480451213465,440.75,397.20519548786535,0.606212441456963,0.1975941214390681,54.35684647302904,78.46377641055005,462.9,446.2,126583426.0,134818698.9,-45.64315352697096,129.97553261323634,50.16488767194196,461.75,549.25,,,,0.0,0.0,0.0,0.0,0.0,0.0,,0.0,0.0,0.0,0.0,0.0,65.41,-0.79,0,False,1,False,False,False,True,2.695263378429269,True,False,False,False,True,True,False,False,False,False,False,False,False,False,False,False,True,True,0.0,0.0,11.11111111111111,0.0,-0.5222139135453365,False,False,False,False,False,False,False,-1.0,False,6,False,False,375.6860668217486,,3,False,3,False,False,False,False,"ema60_gt_ema120, volume_break, market_above_ma60, avoid_chase, liquidity_ok, mfi_strong",,,48.9,62.1,62.1,34.7,1.63,False,1524,X
2026-09-03,225.5,226.5,216.5,216.5,662259,146441510,6449,鈺邦,,-8.219266821588661,-10.803407163975011,2.584140342386352,230.25810325419624,253.31093331091964,247.6247030582144,42.23872466605536,19.61451792914474,16.71870121570135,1236122.65,289375502.25,248.0,210.5,-0.3076939978624766,-1.2367687390437418,-0.0708154506437768,-0.0377777777777778,225.0,0.7972743052096494,249.22249984754217,228.725,208.22750015245785,0.2017928993553358,0.179232701694543,31.52173913043478,51.81159420289805,229.3,224.0,39623661.0,37454890.95,-68.47826086956522,-76.00126143172494,55.240504224175005,272.375,339.5,,,,0.0,0.0,0.0,0.0,0.0,0.0,,0.0,0.0,0.0,0.0,0.0,3.89,-1.13,0,False,0,False,False,False,True,0.5357550887041832,False,False,False,False,True,True,False,False,False,True,False,False,False,False,False,False,True,True,0.0,0.0,14.549653579676674,0.0,0.2294391359078835,False,False,False,False,False,False,False,-1.0,False,6,False,False,363.1108205179364,,3,True,3,False,True,False,True,"ema60_gt_ema120, market_above_ma60, avoid_chase, liquidity_ok, obv_uptrend, mfi_strong",,close_below_ema20,36.4,59.5,59.5,34.7,-0.54,False,1524,D
2026-09-03,71.5,72.1,67.1,67.4,4089243,284519747,6456,GIS-KY,,1.400136523268614,1.226171463525807,0.173965059742807,68.08836780046656,67.31920198548629,65.35308401297308,49.61430799444872,16.40622400584873,4.07699784053882,4654414.9,323972208.55,74.3,65.5,0.3876099375119564,-0.1318752104177448,-0.0612813370473536,-0.0385164051355205,70.1,0.5787077035543219,74.03128457897847,68.27000000000007,62.508715421021655,0.4244960053549094,0.1687793929684606,30.821917808219226,43.83561643835613,70.75999999999985,69.57999999999993,171593032.0,172650828.2,-69.17808219178077,14.256715290563497,49.2693619638988,63.325,73.4,,,,0.0,0.0,0.0,0.0,0.0,0.0,,0.0,0.0,0.0,0.0,0.0,45.68,0.22,0,False,0,False,False,True,True,0.8785729437227436,False,False,False,False,True,True,False,False,False,False,False,False,False,False,False,False,False,True,0.0,0.0,10.237388724035595,0.0,-0.0957716690749648,False,False,False,False,False,False,False,-1.0,False,4,False,False,232.63646940832783,,3,True,3,False,True,False,True,"ema60_gt_ema120, market_above_ma60, avoid_chase, liquidity_ok",,close_below_ema20,-94.1,23.5,23.5,34.7,-0.19,False,1524,D
2026-09-03,50.4,53.0,50.4,51.7,400204,20701123,6161,捷波,,-0.2816906964585897,-0.2780448170758872,-0.0036458793827024,50.82355220808836,50.86365260681534,49.64080719840675,53.12517642340704,8.678008592813047,1.6761556243756617,164413.85,8602984.2,55.9,49.55,-0.3802044523404733,-0.0906122611190867,0.0217391304347827,0.034,50.0,0.141390256459345,54.428974730729294,51.31750000000011,48.20602526927093,0.5614660302753373,0.1212636909720535,64.86486486486497,41.91147669408565,50.30999999999985,50.46500000000015,18618897.0,18415980.05,-35.13513513513503,18.43861262408388,54.59218729815118,50.475,54.65,,,,71000.0,3.0,0.0,0.0,-4687.0,0.0,,0.0,0.0,0.1217,-0.2106,0.0,0.0,0.0,0,False,0,False,False,True,True,2.43412583550595,True,False,False,False,True,False,True,False,False,True,False,False,False,False,False,False,True,False,0.0,0.0,8.123791102514497,0.0,0.2501271331176882,True,False,False,False,False,False,False,-1.0,False,7,False,False,532.3427839524718,,3,False,3,False,False,False,False,"ema60_gt_ema120, volume_break, market_above_ma60, avoid_chase, foreign_buy_3d, obv_uptrend, mfi_strong",,,205.6,83.2,83.2,34.7,1.37,False,1524,D
2026-09-03,41.95,42.35,40.0,40.3,1166730,47590727,6163,華電網,,-0.3847288960323212,-0.3271944997189646,-0.0575343963133566,42.17271780350305,44.78120258073028,47.04633190556734,41.77860039053594,14.538495221692964,1.7576735834365356,1084499.55,47449531.85,46.8,41.7,-0.1055703566096617,-0.3876288085768891,-0.0735632183908047,-0.0335731414868106,41.7,0.599528650488923,45.015860371912936,42.44749999999995,39.87913962808696,0.0819317212092724,0.121013504772389,6.97674418604645,22.51337482257865,41.85,42.11000000000004,246030120.0,247564181.15,-95.58823529411768,-124.40191387559804,50.01826120817654,42.2875,47.025,,,,413139.0,3.0,0.0,0.0,-10156.0,0.0,,0.0,0.0,0.5114,0.6836,0.0,0.0,0.0,0,False,0,False,False,False,False,1.0758234062891034,False,False,False,False,True,False,True,False,False,False,False,False,False,False,False,False,True,False,20.0,25.0,16.12903225806452,0.0,-0.3643882732164217,True,False,False,False,False,False,False,-1.0,False,4,False,False,361.385574784294,,3,False,3,True,True,True,True,"market_above_ma60, avoid_chase, foreign_buy_3d, mfi_strong",,"macd_death_cross, close_below_ema20, close_below_swing_low",34.6,59.1,59.1,34.7,0.0,False,1524,D
2026-09-03,10.4,10.45,10.25,10.3,332101,3424412,6167,久正,,-0.1002373264547138,-0.1034771041582856,0.0032397777035717,10.584535469154812,11.035382911226264,11.515237897682765,39.90297470119437,11.502966710812702,0.3075236528031799,261482.7,2762270.9,10.95,10.4,0.0279023740900414,-0.2977513629310638,-0.0593607305936071,-0.0096153846153845,10.4,0.7908319554864707,10.870988436789077,10.557500000000005,10.244011563210933,0.0892990461825861,0.0593868693893576,4.761904761904827,6.85045948203818,10.490000000000055,10.590000000000009,22293386.0,23615799.85,-95.23809523809516,-121.59329140461148,35.81972361141078,11.145,11.745,,,,-170000.0,0.0,0.0,0.0,-183.0,0.0,,0.0,0.0,-0.1569,-0.1413,0.0,0.0,0.0,0,False,0,False,False,False,False,1.2700687273001234,False,False,False,False,True,False,False,False,False,False,False,False,False,False,False,False,False,False,20.0,25.0,6.310679611650471,0.0,-0.8144143219567203,False,False,False,False,False,False,False,-1.0,False,2,False,False,107.9277154095206,,3,False,3,False,True,True,True,"market_above_ma60, avoid_chase",,"close_below_ema20, close_below_swing_low",-218.8,1.4,1.4,34.7,0.2,False,1524,D
2026-09-03,258.5,258.5,237.5,241.0,12652571,3143787024,6173,信昌電,,12.816388237455044,6.3901554808447525,6.426232756610292,220.2950612612821,208.2852765947059,181.5669127106184,57.71769949189655,21.93829453420546,19.114543921563552,16743454.55,3664131109.7,261.5,198.0,1.7839521563508969,-0.7359847403194177,0.1080459770114943,-0.074856046065259,260.5,0.5909800670635893,266.43575032543,213.525,160.61424967457006,0.7596353277076374,0.495593024942559,63.125,79.79166666666667,249.6,228.2,753291896.0,694569472.6,-36.41975308641975,108.0554411966517,67.08785120235967,212.875,254.75,,,,566125.0,3.0,157000.0,1.0,-233523.0,0.0,,0.0,0.0,0.4787,0.0662,0.0,0.0,0.0,0,False,0,False,False,True,True,0.755672669711998,False,True,True,False,False,True,True,False,False,True,False,False,False,False,False,False,True,True,0.0,0.0,8.506224066390041,0.0,1.1117195062724654,True,False,False,False,False,False,False,-1.0,False,8,False,False,625.8973607723896,,3,False,3,False,False,False,False,"ema60_gt_ema120, rsi_strong, market_above_ma60, liquidity_ok, foreign_buy_3d, adx_trending, obv_uptrend, mfi_strong",,,299.1,90.2,90.2,34.7,-0.32,False,1524,D
2026-09-03,48.0,48.3,47.85,48.0,180928,8680500,6170,統振,,0.1434205001304391,0.0407931505928065,0.1026273495376325,47.85192751277119,48.497399440795625,49.257040947867054,51.75015463262133,19.43905439738077,0.5430409812735301,136864.45,6530953.9,49.1,47.5,0.1934211144452318,-0.1947488444910563,-0.0224032586558045,0.0,48.0,0.9097294592398416,48.98964554573693,47.684999999999945,46.38035445426296,0.6207224448929207,0.0547193266535381,29.411764705882305,30.756302521008063,48.17000000000007,48.16499999999997,-6272420.0,-6327096.0,-57.14285714285724,48.7804878048792,61.15001396032098,47.825,49.45,,,,5000.0,2.0,0.0,0.0,-197.0,0.0,,0.0,0.0,-0.0406,0.0509,0.0,0.0,0.0,0,False,0,False,False,False,False,1.3219502946163155,False,False,False,False,True,False,False,False,False,True,False,False,False,False,False,False,True,True,10.0,0.0,2.2916666666666696,8.0,0.0406192969794578,True,False,False,False,False,False,False,-1.0,False,4,False,False,301.70693450991666,,3,False,3,False,False,False,False,"market_above_ma60, avoid_chase, obv_uptrend, mfi_strong",,,-25.0,43.0,43.0,34.7,0.25,False,1524,D
2026-09-03,44.2,44.5,42.45,42.55,734853,31689301,6174,安碁,,-0.4467091805150929,-0.5518183647739061,0.1051091842588132,44.516407161463455,44.85360979554524,41.08539825882649,43.14526283227405,12.84792193805353,2.680257434323216,1289702.45,58016659.05,47.5,44.05,0.2200839650370182,-0.4643995630986854,-0.0544444444444445,-0.0340522133938706,44.05,0.2998350870396847,47.344963999795134,44.21999999999999,41.09503600020484,0.2327969218030254,0.141337132509957,2.4390243902437674,21.44792876500166,44.429999999999744,44.69999999999991,42012821.0,42051005.0,-79.16666666666667,-78.22085889570536,57.52619583738044,49.85,50.675,,,,-50849.0,0.0,0.0,0.0,197.0,2.0,,0.0,0.0,0.4074,0.157,0.0,0.0,0.0,0,False,0,False,False,False,True,0.5697849143420639,False,False,False,False,True,True,False,False,False,False,False,False,False,False,False,False,True,False,20.0,0.0,11.633372502937728,0.0,-0.002726740264108,False,False,False,False,False,False,False,-1.0,False,5,False,False,345.6651282602513,,3,False,3,False,True,True,True,"ema60_gt_ema120, market_above_ma60, avoid_chase, liquidity_ok, mfi_strong",,"close_below_ema20, close_below_swing_low",18.9,54.5,54.5,34.7,-0.51,False,1524,D
2026-09-03,72.3,72.3,69.0,69.3,766565,54159443,6175,立敦,,-3.2544856798678268,-3.563908359881701,0.3094226800138742,75.15441436577385,81.09429188178385,77.352772737134,35.668692807346304,17.888005316173366,4.044970657905961,1152394.9,87866949.65,80.5,71.4,-0.4291749891928251,-0.9119728889611622,-0.0660377358490567,-0.0294117647058824,71.4,0.7313299275762459,80.04795853452804,74.87500000000009,69.70204146547213,-0.0388599157318419,0.1381758540107631,2.752293577981624,16.54243119266054,72.94000000000014,73.06000000000022,374142788.0,372941038.65,-97.24770642201838,-166.5008291873962,44.35434066560488,90.6,94.6,,,,-54000.0,0.0,0.0,0.0,-20145.0,0.0,,0.0,0.0,0.4064,-0.0228,0.0,0.0,0.0,0,False,0,False,False,False,True,0.6651929820237837,False,False,False,False,True,True,False,False,False,True,False,False,False,False,False,False,False,False,20.0,25.0,16.161616161616166,0.0,0.0601397834675473,False,False,False,False,False,False,False,-1.0,False,5,False,False,377.3736072218484,,3,False,3,False,True,True,True,"ema60_gt_ema120, market_above_ma60, avoid_chase, liquidity_ok, obv_uptrend",,"close_below_ema20, close_below_swing_low",50.6,62.5,62.5,34.7,-0.41,False,1524,D
2026-09-03,111.0,112.5,104.5,104.5,48531369,5241540312,6182,合晶,,-1.50822242925814,-2.052966516478969,0.5447440872208293,109.72595397380378,107.47096007324042,91.72373609869793,45.69330206133881,11.65570368460449,9.18587646371951,66002243.9,7391431889.3,122.5,105.5,0.3788118737234311,-0.2240705375430489,-0.0412844036697247,-0.0542986425339366,110.5,1.066082306114042,122.30460917572624,108.2,94.09539082427378,0.3688372022966919,0.2607136631372684,3.703703703703704,47.66313932980605,109.3,108.65,638950112.0,767431755.0,-96.36363636363636,-18.392340236027408,60.02715539392379,134.8,123.3,,,,-7201619.0,0.0,0.0,0.0,-2943593.0,0.0,,0.0,0.0,0.189,0.029,0.0,0.0,0.0,0,False,0,False,False,False,True,0.7352987736830565,False,False,False,False,True,True,False,False,False,False,False,False,False,False,False,False,True,True,20.0,0.0,17.22488038277512,0.0,-0.3363708109450004,False,False,False,False,False,False,False,-1.0,False,5,False,False,358.3165380054906,,3,False,3,False,True,True,True,"ema60_gt_ema120, market_above_ma60, avoid_chase, liquidity_ok, mfi_strong",,"close_below_ema20, close_below_swing_low",31.6,58.1,58.1,34.7,-0.34,False,1524,D
2026-09-03,12.8,12.8,12.7,12.75,92928,1186543,6185,幃翔,,-0.2927166706160715,-0.2944970157539971,0.0017803451379256,13.092622855921626,13.604345776793776,13.966269920602407,35.9672065689506,25.09174257328656,0.265916936961753,317481.5,4124242.25,13.7,12.6,-0.4620798620254028,-0.2110576353434829,0.0119047619047618,-0.00390625,12.8,0.6499587289407084,13.92837334625223,13.129999999999928,12.331626653747628,0.2620161032531259,0.1216105630239612,45.4545454545454,45.15151515151532,12.809999999999857,12.775,-1891621.0,-618187.75,-76.1904761904762,-74.0031897926632,19.019166831290818,14.05,14.2,,,,2000.0,1.0,0.0,0.0,-461.0,0.0,,0.0,0.0,0.5574,0.0005,0.0,0.0,0.0,0,False,0,True,True,False,False,0.2927036693476628,False,False,True,False,True,False,False,False,True,False,False,False,False,False,False,False,False,True,0.0,0.0,7.450980392156857,0.0,-1.2882841951747526,False,False,False,False,False,False,False,-1.0,False,6,False,False,457.4676263513796,,5,False,3,False,True,False,True,"macd_golden_cross, market_above_ma60, avoid_chase, hist_turn_positive, adx_trending, kd_golden_cross",,close_below_ema20,130.7,76.2,76.2,34.7,-0.78,False,1524,X
2026-09-03,1365.0,1410.0,1300.0,1300.0,3022194,4082420825,6187,萬潤,,69.59143690578276,69.81072195408541,-0.2192850483026518,1262.736192163817,1148.3847288821014,1028.9280928997202,54.65757982792373,22.64129715763721,102.75383049086436,3953597.65,5025776635.25,1430.0,1195.0,1.0018094301175504,0.3649360007811136,-0.0909090909090909,-0.0298507462686566,1340.0,0.4947459169613523,1463.310515392888,1265.5,1067.689484607112,0.5872046663734652,0.3126203325055519,46.55172413793103,60.87243263614133,1345.0,1312.5,127251745.0,127821298.5,-50.81967213114754,61.26165501165499,37.4557580918667,1025.5,1078.0,,,,-125585.0,0.0,51000.0,1.0,-299.0,0.0,,0.0,0.0,0.7344,0.0417,0.0,0.0,0.0,0,False,0,False,False,True,True,0.7644161767447428,False,False,True,False,True,True,False,False,False,False,False,False,False,False,False,False,False,True,0.0,0.0,10.0,0.0,-0.1039479025454721,False,False,True,False,False,False,False,-1.0,False,6,False,False,436.3967869369018,,3,True,3,True,False,False,True,"ema60_gt_ema120, market_above_ma60, avoid_chase, liquidity_ok, adx_trending, above_ichimoku_cloud",,macd_death_cross,109.6,72.6,72.6,34.7,-0.31,False,1524,D
2026-09-03,68.3,69.4,65.6,65.6,1748364,116702821,6188,廣明,,-1.2705892251001671,-1.205046751334696,-0.065542473765471,68.78163631719423,73.10882856318923,79.33841284686457,34.96813982913312,18.498419242975544,1.964828659528014,639943.9,44369282.25,72.2,67.2,-0.3948269828753454,-0.3226850022436031,-0.0561151079136691,-0.0338733431516938,67.9,0.8124389855438262,72.8602631483287,69.24999999999982,65.63973685167093,-0.0055033179076338,0.1042675277495709,0.0,25.197628458498,67.48000000000029,67.85,147900459.0,150747904.5,-100.0,-118.19062523287914,23.37267795033792,70.075,76.0,,,,-198000.0,0.0,0.0,0.0,-25388.0,0.0,,0.0,0.0,0.0448,-0.089,0.0,0.0,0.0,0,False,0,False,False,False,False,2.732058231979397,True,False,False,False,True,False,False,False,False,False,False,False,False,False,False,False,False,False,20.0,25.0,10.060975609756111,0.0,-1.2850695441226947,False,False,False,False,False,False,False,-1.0,False,3,False,False,226.89974779032164,,3,False,3,True,True,True,True,"volume_break, market_above_ma60, avoid_chase",,"macd_death_cross, close_below_ema20, close_below_swing_low",-99.9,21.1,21.1,34.7,1.67,False,1524,D
2026-09-03,69.2,69.8,67.0,67.3,2104117,143055417,6190,萬泰科,,-0.2300995994668966,-0.8075123949133204,0.5774127954464238,68.38517229425054,70.42887687274175,68.20863920775454,46.07549710092718,19.358747453479275,2.766983529519932,1716287.35,117980133.35,71.6,65.0,0.1770677313078542,-0.4476675484789861,-0.0218023255813953,-0.0260492040520983,69.1,2.916663938476655,71.56368467056265,67.72499999999991,63.88631532943716,0.4446424965224346,0.1133609352694795,35.16483516483516,57.509157509157376,69.84000000000015,68.46000000000004,326735964.0,325352860.9,-64.13043478260873,4.140786749483189,65.07335299865527,69.85,79.0,,,,-29740.0,0.0,0.0,0.0,-84359.0,0.0,,0.0,0.0,0.4504,0.0796,0.0,0.0,0.0,0,False,0,False,False,False,True,1.2259701150859148,False,False,False,False,True,True,False,False,False,True,False,False,False,False,False,False,True,True,0.0,0.0,6.389301634472508,0.0,0.2025136624494393,False,False,False,False,False,False,False,-1.0,False,6,False,False,424.6898651002524,,3,True,3,False,True,False,True,"ema60_gt_ema120, market_above_ma60, avoid_chase, liquidity_ok, obv_uptrend, mfi_strong",,close_below_ema20,97.9,70.3,70.3,34.7,0.15,False,1524,D
2026-09-03,29.85,29.9,29.65,29.65,78186,2322843,6194,育富,,-0.1600437493608275,-0.2415494945671288,0.0815057452063012,29.744708264597644,30.580355501157538,31.52420101788432,42.39025102438124,22.755799058939388,0.2458631844467174,149608.7,4114023.05,30.0,29.45,-0.0219385788335292,-0.203470996858131,-0.0016835016835017,-0.0033613445378152,29.75,0.1220874388888289,29.99368774278292,29.6800000000002,29.36631225721748,0.4521817465131557,0.0211379880581345,50.0,68.51851851851825,29.73999999999978,29.650000000000183,-17544868.0,-17498465.25,-50.0,27.98982188295006,92.76989135150995,30.5375,32.6,,,,-10000.0,0.0,0.0,0.0,-31.0,0.0,,0.0,0.0,-0.3976,0.3198,0.0,0.0,0.0,0,False,0,False,False,False,False,0.5226032978028684,False,False,True,False,True,False,False,False,False,False,False,False,False,False,False,False,True,True,0.0,0.0,1.1804384485666153,15.0,-0.2533513347411279,False,False,False,False,False,False,False,-1.0,False,4,False,False,247.1858169611352,,5,False,3,False,True,False,True,"market_above_ma60, avoid_chase, adx_trending, mfi_strong",,close_below_ema20,-79.6,27.1,27.1,34.7,-0.55,False,1524,D
2026-09-03,19.8,19.8,19.8,19.8,2000,39600,6198,瑞築,,0.0309956736067285,0.1083573784772615,-0.077361704870533,17.503969551269048,17.966863783180212,19.317588116935973,51.90403347866982,6.902435821618404,4.779893876231284,33522.7,659581.9,20.2,0.0,,,0.0076335877862596,0.0179948586118252,19.45,1.364089927156216,27.19224736776747,18.632499999999936,10.0727526322324,0.5681971061667304,0.9187975170017512,99.74811083123424,98.32536841684426,15.609999999999854,17.61999999999989,-707519.0,-751736.55,-1.9801980198019733,41.39287470385773,5.860150193083868,10.9,11.375,,,,0.0,0.0,0.0,0.0,0.0,0.0,,0.0,0.0,0.0,0.0,0.0,0.0,0.0,0,False,0,False,False,True,False,0.0596610654869685,False,False,False,False,True,False,False,False,False,True,False,False,False,False,False,False,False,False,-20.0,0.0,2.020202020202013,8.0,1.0241638795859007,False,False,True,False,False,False,False,-1.0,False,4,False,False,245.8865772099005,,3,False,3,False,False,False,False,"market_above_ma60, avoid_chase, obv_uptrend, above_ichimoku_cloud",,,-80.9,26.8,26.8,34.7,-1.02,False,1524,X
2026-09-03,90.2,91.0,87.3,88.5,320035,28477918,6204,艾華,,1.5739157118570972,0.4831569488828511,1.090758762974246,84.73323920872805,85.6908604024375,84.09611263820811,55.39642612770266,18.507456716249788,4.90171526246055,301162.2,25744427.8,90.0,81.8,0.5134907250084277,-0.707536030657777,-0.0056179775280899,-0.0166666666666667,90.0,0.9622142237031694,91.4714564340842,84.33000000000011,77.18854356591604,0.7919572525919013,0.1693692976185003,54.86111111111113,61.80555555555535,88.18000000000029,86.62000000000008,21927944.0,22484610.85,-35.71428571428571,100.17947462881388,80.45316986106947,83.825,95.5,,,,-69948.0,0.0,0.0,0.0,0.0,0.0,,0.0,0.0,0.3377,0.2106,0.0,0.0,0.0,0,False,0,False,False,True,True,1.062666563068008,False,True,False,False,True,False,False,False,False,False,False,False,False,False,False,False,True,True,0.0,0.0,1.694915254237288,15.0,-0.340225013602591,False,False,False,False,False,False,False,-1.0,False,5,False,False,356.54396546744897,,3,False,3,False,False,False,False,"ema60_gt_ema120, rsi_strong, market_above_ma60, avoid_chase, mfi_strong",,,29.8,57.5,57.5,34.7,-0.01,False,1524,D
2026-09-03,61.0,61.0,60.0,60.3,44912,2710925,6203,海韻電,,-0.9170668531473964,-1.1979037044844827,0.2808368513370862,60.74864010997115,63.384297196392325,65.33178038957129,41.02285849903108,14.69235791513752,0.8241001817499036,77950.45,4700178.7,61.1,59.6,-0.067500366774301,-0.2575925666987473,0.0100502512562812,-0.0098522167487684,60.9,1.4822412107675809,61.17520489520933,60.259999999999856,59.34479510479038,0.5218530299660307,0.0303752039565044,53.33333333333314,67.93650793650825,60.179999999999566,60.03000000000029,-1371618.0,-1334568.75,-46.666666666666856,21.12268518518573,46.29519833113483,66.0,68.3,,,,-13000.0,0.0,0.0,0.0,-811.0,0.0,,0.0,0.0,-0.3717,0.0612,0.0,0.0,0.0,0,False,0,False,False,False,False,0.5761608816883033,False,False,False,False,True,False,False,False,False,False,False,False,False,False,False,False,False,True,0.0,0.0,1.3266998341625278,15.0,-0.0615304809288529,False,False,False,False,False,False,False,-1.0,False,2,False,False,95.0232430457368,,3,False,3,False,True,False,True,"market_above_ma60, avoid_chase",,close_below_ema20,-231.7,0.8,0.8,34.7,-0.5,False,1524,D
2026-09-03,112.0,115.0,103.0,104.0,8842588,967851026,6207,雷科,,-1.7775962399314125,-2.90440248687673,1.1268062469453175,107.1454104515174,110.01931602269774,100.46897192686434,45.76671389084967,11.17967970386168,8.318243741531031,3866846.7,418343138.05,111.5,100.0,0.0577462460596302,-0.7973146063237553,-0.037037037037037,-0.0588235294117647,110.5,1.3378104884934574,113.56528801296844,105.97000000000008,98.3747119870317,0.3703143319492001,0.1433478911572777,41.48936170212765,60.46002402821372,107.7,106.1,115284588.0,115699117.0,-58.51063829787235,17.11221512499036,56.649040926976,123.925,126.75,,,,-2294000.0,0.0,0.0,0.0,-12878.0,0.0,,0.0,0.0,0.0631,0.3194,0.0,0.0,0.0,0,False,0,False,False,False,True,2.2867697341091904,True,False,False,False,True,True,False,False,False,False,False,False,False,False,False,False,True,True,0.0,0.0,7.211538461538461,0.0,-0.0122063722275641,False,False,False,False,False,False,False,-1.0,False,6,False,False,397.7212208743612,,3,True,3,False,True,False,True,"ema60_gt_ema120, volume_break, market_above_ma60, avoid_chase, liquidity_ok, mfi_strong",,close_below_ema20,71.0,66.5,66.5,34.7,1.22,False,1524,D
2026-09-03,81.5,82.0,76.5,76.5,776233,60566093,6208,日揚,,-1.0795580531772373,-0.9594533630569856,-0.1201046901202517,81.61690288638545,82.99529287842326,78.14569050417852,29.951957666478577,9.097481975876333,2.1687300543168497,253683.7,20610704.65,82.7,81.2,-0.0839384868606457,-0.3080806972386793,-0.0738498789346245,-0.0578817733990147,81.2,0.8441535515994538,83.96236510418858,81.52999999999993,79.09763489581128,-0.5339730641872045,0.0596679775343713,0.0,10.666666666666666,80.74000000000015,81.29999999999981,18595770.0,19666680.65,-100.0,-493.9906794211456,39.15394660109949,87.05,92.0,,,,-208000.0,0.0,0.0,0.0,-823.0,0.0,,0.0,0.0,-0.0187,-0.0248,0.0,0.0,0.0,0,False,0,False,False,False,True,3.0598457843369515,True,False,False,False,True,False,False,False,False,False,False,False,False,False,False,False,False,False,20.0,25.0,8.104575163398696,0.0,-0.353141519743411,False,False,False,False,False,False,False,-1.0,False,4,False,False,281.36075960644854,,3,False,3,True,True,True,True,"ema60_gt_ema120, volume_break, market_above_ma60, avoid_chase",,"macd_death_cross, close_below_ema20, close_below_swing_low",-45.4,36.4,36.4,34.7,2.0,False,1524,D
2026-09-03,17.7,17.8,17.7,17.8,6063,107886,6210,慶生,,-0.7571866435244097,-0.5256001043624113,-0.2315865391619983,16.278428907731158,17.62427606107533,18.44546663870476,51.51479097620319,9.122441710597387,3.3564225397722502,8692.15,151036.25,18.05,0.0,,,-0.0138504155124653,-0.0055865921787707,17.9,0.5124133766327,24.34152916362565,16.66500000000001,8.988470836374365,0.5739266389671297,0.9212756271977968,98.34254143646407,65.74585635359108,14.35,16.034999999999947,164700.0,151409.6,-1.6574585635359154,46.102669541815,44.03010516504965,10.0625,11.325,,,,5000.0,2.0,0.0,0.0,0.0,0.0,,0.0,0.0,1.3877,-0.0742,0.0,0.0,0.0,0,False,0,False,False,True,False,0.6975259285677307,False,False,False,False,True,False,False,False,False,True,False,False,False,False,False,False,False,False,-20.0,0.0,1.4044943820224718,15.0,0.0813684559562578,True,False,True,False,False,False,False,-1.0,False,4,False,False,307.9516807571524,,3,False,3,False,False,False,False,"market_above_ma60, avoid_chase, obv_uptrend, above_ichimoku_cloud",,,-18.8,44.9,44.9,34.7,-0.38,False,1524,D
2026-09-03,196.0,210.5,192.5,195.5,13188005,2642058426,6217,中探針,,3.5757557838502407,-3.01525059522742,6.59100637907766,171.10126652936725,186.4750320958792,184.84534370846148,62.37808877303873,17.798285906818137,15.2508821277739,4095728.15,736899216.5,195.5,148.0,0.8292380280435098,-1.0201667376017365,0.1014084507042254,0.0,195.5,4.8440163099518845,194.8633097161941,166.4,137.93669028380592,1.01118440353835,0.3421070879350251,78.41726618705036,86.79071780169882,185.6,171.9,450776467.0,437015717.05,-21.58273381294964,211.4054686668796,80.20101068919467,178.625,219.75,,,,-885474.0,0.0,0.0,0.0,-6322.0,0.0,,0.0,0.0,0.278,-0.0173,0.0,0.0,0.0,0,False,0,False,False,True,True,3.219941489524885,True,True,False,False,False,True,False,False,False,True,False,False,True,False,False,False,True,True,-10.0,-25.0,0.0,25.0,1.4754271245549695,False,False,False,True,False,False,False,-1.0,False,8,True,False,549.9045403899084,,3,False,3,False,False,False,False,"ema60_gt_ema120, volume_break, rsi_strong, market_above_ma60, liquidity_ok, obv_uptrend, bb_squeeze_breakout, mfi_strong",long_upper_shadow,,223.2,84.4,84.4,34.7,2.16,False,1524,D
2026-09-03,43.75,44.7,41.75,42.6,1773638,76294219,6218,豪勉,,1.9212257774482069,1.4470998891287032,0.4741258883195036,39.03952856053103,36.74076526946168,34.41916450497034,67.88562697043697,38.04619352020305,2.2689715055830724,1358879.45,54624916.7,43.55,37.85,1.066628648403527,0.1810030442767189,0.0663329161451813,-0.0218140068886336,43.55,3.317267986951193,43.51020980343294,38.5650000000001,33.61979019656725,0.907970557406776,0.2564610296088595,63.333333333333336,69.70295642426815,41.79000000000015,40.545000000000165,45713560.0,40289508.65,-28.061224489795904,136.23778927022968,76.86711897281641,34.225,36.2,,,,-113457.0,0.0,0.0,0.0,-40.0,0.0,,0.0,0.0,0.3419,-0.4979,0.0,0.0,0.0,0,False,0,False,False,True,True,1.3052210039676442,False,True,True,False,False,True,False,False,False,True,False,False,False,False,False,False,True,True,0.0,-25.0,2.2300469483567973,8.0,2.0,False,False,True,False,False,False,False,-1.0,False,8,False,False,625.0522100396764,,8,False,3,False,False,False,False,"ema60_gt_ema120, rsi_strong, market_above_ma60, liquidity_ok, adx_trending, obv_uptrend, mfi_strong, above_ichimoku_cloud",,,298.3,90.0,90.0,34.7,0.23,False,1524,D
2026-09-03,25.95,26.05,25.55,25.6,178000,4594246,6220,岳豐,,-0.6911023710875241,-0.9398961731060584,0.2487938020185343,26.14643995131687,28.5379240429931,29.462060680786184,40.43944109471024,17.089497499311992,0.8561870154634279,217911.45,5617232.7,26.65,25.5,-0.0073855188873125,-0.8077631075431135,-0.0172744721689058,-0.0115830115830114,25.9,0.4263361165228469,26.227721372545744,25.790000000000056,25.352278627454368,0.2829669603576156,0.0339450463393321,33.33333333333341,44.44444444444465,25.839999999999964,25.81500000000005,19459001.0,19712984.65,-66.6666666666666,-22.05258693808352,70.35865214553286,30.9625,32.8,,,,-66000.0,0.0,0.0,0.0,-449.0,0.0,,0.0,0.0,0.5912,-0.0702,0.0,0.0,0.0,0,False,0,False,False,False,False,0.816845558138409,False,False,False,False,True,False,False,False,False,False,False,False,False,False,False,False,True,True,0.0,0.0,4.101562499999989,0.0,-0.1526350389863625,False,False,False,False,False,False,False,-1.0,False,3,False,False,221.3368351135477,,3,False,3,False,True,False,True,"market_above_ma60, avoid_chase, mfi_strong",,close_below_ema20,-105.4,19.8,19.8,34.7,-0.26,False,1524,D
2026-09-03,20.05,20.05,20.05,20.05,2009,40264,6222,立軒,,0.2187719626293223,-0.0609191668508013,0.2796911294801236,19.31460833311965,19.64451488370574,19.93040784509162,51.34732495341222,7.206262742888777,2.3122337273634948,11337.2,227940.25,21.0,19.9,,,0.0,0.0,20.05,1.00651158895333,27.992116658329216,19.17999999999997,10.367883341670726,0.549363849443465,0.91888599148376,52.380952380952415,50.79365079365076,20.01000000000004,20.10499999999993,-718080.0,-766672.15,-2.4330900243309004,30.84594422218366,55.99559328767336,20.3625,20.975,,,,0.0,0.0,0.0,0.0,-1.0,0.0,,0.0,0.0,-0.4074,0.6716,0.0,0.0,0.0,0,False,0,False,False,True,False,0.1772042479624598,False,False,False,False,True,False,False,False,True,True,False,False,False,False,False,False,True,False,0.0,0.0,4.738154613466331,0.0,0.7889675405435104,False,False,False,False,False,False,False,-1.0,False,5,False,False,296.2396529661467,,3,False,3,False,False,False,False,"market_above_ma60, avoid_chase, kd_golden_cross, obv_uptrend, mfi_strong",,,-30.5,41.3,41.3,34.7,-0.9,False,1524,X
2026-09-03,5370.0,5370.0,5000.0,5045.0,1505814,7756072430,6223,旺矽,,-223.49888155262488,-186.8922433399407,-36.606638212684175,5482.132556329699,5675.8157975539,5225.649974194517,40.837778300849486,17.26483177599445,398.0781930893439,1157665.15,6319083952.85,6600.0,5030.0,-1.3113006954476336,-0.3948655440415783,-0.0088408644400785,-0.0463137996219281,5290.0,0.905838902663937,6687.159456188159,5640.75,4594.340543811841,0.2153360969375282,0.371017845565983,33.333333333333336,54.61988304093635,5181.0,5266.5,65677504.0,67464539.0,-74.18032786885246,-75.9060394595702,26.92274904782468,5837.5,6175.0,,,,203533.0,2.0,-385800.0,0.0,-13077.0,0.0,,0.0,0.0,0.665,-0.015,0.0,0.0,0.0,0,False,0,False,False,False,True,1.30073363614686,False,False,False,False,True,True,False,False,False,False,False,False,False,False,False,False,False,False,0.0,0.0,30.82259663032705,0.0,-1.0825067767551673,True,False,False,False,False,False,False,-1.0,False,4,False,False,270.0172550404065,,3,False,3,False,True,False,True,"ema60_gt_ema120, market_above_ma60, avoid_chase, liquidity_ok",,close_below_ema20,-56.7,32.7,32.7,34.7,0.23,False,1524,D
2026-09-03,118.0,118.0,113.0,113.0,382226,44154380,6227,茂綸,,-1.3014379797245397,-0.3852705781707752,-0.9161674015537644,117.4662216275711,116.9056143249348,111.62821636375584,44.0268423076436,9.144143222087218,5.612666726831835,616534.35,74478743.9,131.0,111.0,-0.6044719811741237,-0.0715116286040718,-0.0959999999999999,-0.0258620689655172,116.0,0.8150077872814055,130.25657687773602,119.8,109.34342312226396,0.1748457894247185,0.1745672266733894,29.41176470588235,36.27450980392192,113.3,116.5,-1640762.0,-1105027.35,-70.58823529411765,-90.0580168776369,44.040582036717616,111.875,121.5,,,,102.0,3.0,0.0,0.0,-22212.0,0.0,,0.0,0.0,0.4548,0.6766,0.0,0.0,0.0,0,False,0,False,False,False,True,0.6199589690339232,False,False,False,False,True,True,True,False,False,False,False,False,False,False,False,False,False,False,10.0,12.0,15.929203539823009,0.0,-0.4609506443013582,True,False,False,False,False,False,False,-1.0,False,5,False,False,382.6681819587229,,3,False,3,False,True,False,True,"ema60_gt_ema120, market_above_ma60, avoid_chase, liquidity_ok, foreign_buy_3d",,close_below_ema20,55.9,63.5,63.5,34.7,-0.45,False,1524,D
2026-09-03,0.0,0.0,0.0,0.0,0,0,6228,全譜,,-3.800470238521621,-2.103758574785469,-1.6967116637361517,9.511553987437855,14.525983393619024,17.97540348249795,39.24634456733335,11.679486304155182,3.974055632219647,3574.7,62836.45,18.4,0.0,,,-1.0,,0.0,0.0265703050271017,28.26105033893792,11.447500000000035,-5.366050338937843,0.1595751709414639,2.9375060648941385,0.0,0.0,0.0,8.640000000000054,-518138.0,-504545.65,-100.0,-95.23809523809524,29.786729779460444,10.1625,11.475,,,,0.0,0.0,0.0,0.0,0.0,0.0,,0.0,0.0,0.14,0.0331,0.0,0.0,0.0,0,False,0,False,False,False,False,0.0,False,False,False,False,True,False,False,False,False,False,False,False,False,False,False,False,False,False,20.0,12.0,999.0,0.0,-0.4665131784384822,False,False,False,False,False,False,False,-1.0,False,2,False,False,156.4018418587382,,3,False,3,False,True,False,True,"market_above_ma60, avoid_chase",,close_below_ema20,-170.4,7.0,7.0,34.7,-1.08,False,1524,X
2026-09-03,24.1,24.1,23.6,23.6,38027,900634,6229,研通,,-0.10616886054326,-0.1809086970273254,0.0747398364840653,23.79919486512794,24.416901880696177,24.56075663319303,45.665230794462246,12.838751839195066,0.6521817147386721,52817.9,1260430.5,24.65,23.3,0.0146300612172933,-0.3047206133789266,-0.0042194092827003,-0.0146137787056366,23.95,0.6834261685351141,24.517630459920014,23.775000000000045,23.03236954008008,0.3821755843283734,0.0624715423697133,40.74074074074085,58.024691358024334,23.91000000000004,23.68500000000004,7990526.0,7943519.65,-66.6666666666666,-1.2691505756500574,44.91482963781882,24.05,25.15,,,,-5000.0,0.0,0.0,0.0,10.0,1.0,,0.0,0.0,0.2495,0.0474,0.0,0.0,0.0,0,False,0,False,False,False,False,0.7199642545424941,False,False,False,False,True,False,False,False,False,True,False,False,False,False,False,False,False,True,0.0,0.0,4.449152542372869,0.0,0.0868192749612269,False,False,False,False,False,False,False,-1.0,False,3,False,False,228.24147384495967,,3,False,3,False,True,False,True,"market_above_ma60, avoid_chase, obv_uptrend",,close_below_ema20,-98.5,21.9,21.9,34.7,-0.35,False,1524,D
2026-09-03,21.7,21.8,20.95,20.95,119643,2528328,6233,旺玖,,-0.2183563736573397,-0.2726458708785921,0.0542894972212524,21.42989602414606,22.53269103406594,23.34538287525823,42.02267397928974,12.510303125361183,0.7132465057719158,136591.45,2940463.5,22.45,20.9,-0.0993444583520504,-0.3653354558160806,-0.0389908256880734,-0.0117924528301887,21.2,0.5014267308264092,22.327612311533883,21.464999999999964,20.602387688466045,0.2014881464628188,0.0803738468701533,0.0,25.28735632183937,21.339999999999964,21.369999999999983,-8321381.0,-8063296.3,-75.67567567567573,-54.99871498329441,44.16063870976969,22.250000000000004,23.025,,,,-47000.0,0.0,0.0,0.0,-266.0,0.0,,0.0,0.0,0.2663,0.1931,0.0,0.0,0.0,0,False,0,False,False,False,False,0.8759186610874985,False,False,False,False,True,False,False,False,False,False,False,False,False,False,False,False,False,False,20.0,0.0,7.159904534606206,0.0,-0.154332878056942,False,False,False,False,True,False,False,-1.0,False,2,True,False,156.9071920741917,,3,False,3,False,True,False,True,"market_above_ma60, avoid_chase",open_high_close_low,close_below_ema20,-169.8,7.0,7.0,34.7,-0.2,False,1524,D
2026-09-03,38.0,38.0,35.1,35.2,410507,14998146,6237,驊訊,,-0.2131950596350833,-0.6861920297006491,0.4729969700655657,34.847390753106545,37.334075477246735,39.12133521373429,50.16044309737172,20.5908815807418,1.4686913605456065,192166.3,6756978.3,37.05,33.5,0.2049416705240287,-0.6518759537985916,0.0114942528735633,-0.0499325236167339,37.05,3.8595894661680457,36.18155913649285,34.425,32.66844086350715,0.7206017389051228,0.1020513659545589,43.63636363636374,68.78787878787928,35.45,34.73499999999986,9715258.0,9213007.55,-55.35714285714281,152.5157232704403,59.46859696380999,36.9125,44.3,,,,-147000.0,0.0,0.0,0.0,-112.0,0.0,,0.0,0.0,0.6571,0.517,0.0,0.0,0.0,0,False,0,False,False,False,False,2.136207024852953,True,False,True,False,True,False,False,False,False,True,False,False,False,False,False,False,True,True,0.0,0.0,5.2556818181818015,0.0,0.3074248720960623,False,False,False,False,True,False,False,-1.0,False,6,True,False,460.05116871368233,,3,False,3,False,False,False,False,"volume_break, market_above_ma60, avoid_chase, adx_trending, obv_uptrend, mfi_strong",open_high_close_low,,133.3,76.4,76.4,34.7,1.07,False,1524,D
2026-09-03,35.95,35.95,34.1,34.1,184030,6405795,6234,高僑,,-0.5771154311584041,-0.691753539085154,0.1146381079267498,35.822376856512825,38.13494434236935,37.885764376367895,40.75447042784074,18.24108593569421,1.7125197668446672,310103.5,11231343.5,37.45,34.9,-0.1468400308535238,-0.5916172366569544,-0.0708446866485014,-0.0407876230661039,35.55,0.4294326541806659,37.9012622239505,35.91999999999989,33.93873777604927,0.0406968401257794,0.1103152685941326,13.92405063291149,40.506329113924345,35.60999999999949,35.59999999999982,65593341.0,65484461.4,-87.05882352941165,-119.11357340720215,46.90240547159274,38.625,45.3,,,,-55000.0,0.0,0.0,0.0,5423.0,3.0,,0.0,0.0,1.1152,0.1503,0.0,0.0,0.0,0,False,0,False,False,False,True,0.5934470265572623,False,False,False,False,True,False,False,False,False,True,False,True,False,False,False,False,False,True,20.0,25.0,9.824046920821118,0.0,0.0512845365568174,False,False,False,False,False,False,False,-1.0,False,5,False,False,406.5498847042544,,3,False,3,False,True,True,True,"ema60_gt_ema120, market_above_ma60, avoid_chase, obv_uptrend, dealer_buy_3d",,"close_below_ema20, close_below_swing_low",79.8,68.4,68.4,34.7,-0.48,False,1524,D
2026-09-03,17.05,17.45,16.75,16.75,75169,1268243,6241,鑫永洋,,0.4414452692116342,0.2933609870827743,0.1480842821288598,16.328296314237697,15.125678495220155,13.963454291821304,54.48254879111269,22.72256288168004,0.966693047927972,255035.55,3993966.25,17.95,13.8,0.4549749630780827,0.5513586289242632,-0.0509915014164304,-0.0289855072463768,17.25,0.1102760214802266,18.709710249014968,16.067500000000017,13.425289750985067,0.6291532345418815,0.3288887815795796,72.63157894736841,79.64912280701719,17.25,16.58000000000002,10014066.0,10259686.05,-27.36842105263159,50.72670276432036,29.192265829408143,16.6375,13.825,,,,-24000.0,0.0,0.0,0.0,999.0,1.0,,0.0,0.0,0.1863,0.1214,0.0,0.0,0.0,0,False,0,False,False,True,True,0.2947393020306385,False,False,True,False,True,False,False,False,False,False,False,False,False,False,False,False,False,True,-10.0,0.0,7.164179104477608,0.0,-0.0673989050682652,False,False,True,False,False,False,False,-1.0,False,5,False,False,362.1386061594872,,3,True,3,False,False,False,False,"ema60_gt_ema120, market_above_ma60, avoid_chase, adx_trending, above_ichimoku_cloud",,,35.4,59.3,59.3,34.7,-0.78,False,1524,X
2026-09-03,23.8,23.95,23.1,23.1,1795565,42331104,6244,茂迪,,-0.3548139375059449,-0.2509433794394737,-0.1038705580664712,24.288306377179765,25.38254283549056,25.709056509779263,39.317790005693965,13.680138943883469,0.943349839322745,2164256.75,53770961.15,26.7,23.5,-0.1860519650743887,-0.3934400132466408,-0.047422680412371,-0.0170212765957445,23.5,0.9751521443781008,26.16380936693035,24.492500000000017,22.821190633069683,0.0834104602197026,0.1364751958297709,0.0,1.0101010101006975,23.789999999999964,24.125,140598984.0,148694498.65,-100.0,-131.49678604224036,34.81673879523022,24.375,27.225,,,,-23574.0,0.0,0.0,0.0,-18090.0,0.0,,0.0,0.0,0.2712,0.0206,0.0,0.0,0.0,0,False,0,False,False,False,False,0.8296450964054981,False,False,False,False,True,True,False,False,False,False,False,False,False,False,False,False,False,False,20.0,25.0,15.584415584415574,0.0,-0.8522143355451876,False,False,False,False,False,False,False,-1.0,False,3,False,False,233.06987893751275,,3,False,3,False,True,True,True,"market_above_ma60, avoid_chase, liquidity_ok",,"close_below_ema20, close_below_swing_low",-93.7,23.8,23.8,34.7,-0.24,False,1524,D
2026-09-03,78.2,79.0,76.1,76.1,886483,68271819,6245,立端,,-0.7985070883068488,0.0132450770277644,-0.8117521653346133,81.36907193886441,81.35882108767207,79.78055890391899,36.3596086183364,12.93433002695647,2.630886424853064,749330.9,63048283.05,88.6,78.2,-0.560426231186284,0.0264316614969127,-0.0908004778972522,-0.0268542199488491,78.2,0.5060961246077205,89.55077635070398,83.11000000000021,76.66922364929644,-0.0441890556589695,0.1549940163807906,0.0,3.248318741276913,79.6199999999997,80.97000000000007,15048772.0,18341167.6,-100.0,-170.8519665176016,27.86124771630493,79.35,83.35,,,,-613405.0,0.0,0.0,0.0,-2502.0,0.0,,0.0,0.0,1.0255,0.4867,0.0,0.0,0.0,0,False,0,False,False,False,True,1.1830327562896443,False,False,False,False,True,True,False,False,False,False,False,False,False,False,False,False,False,False,20.0,25.0,16.4257555847569,0.0,-2.0,False,False,False,False,False,False,False,-1.0,False,4,False,False,282.83032756289646,,3,False,3,False,True,True,True,"ema60_gt_ema120, market_above_ma60, avoid_chase, liquidity_ok",,"close_below_ema20, close_below_swing_low",-43.9,36.9,36.9,34.7,0.11,False,1524,D
2026-09-03,13.15,13.15,12.7,12.75,132003,1699454,6246,臺龍,,-0.1823825248318868,-0.3135479362457686,0.1311654114138817,12.604133739204403,13.48954126974748,14.097096246825972,50.07011213908897,24.71399930780939,0.4962499170851378,80106.1,1027235.9,13.35,12.2,0.0357113866084683,-0.5373290560963371,0.0159362549800796,-0.0304182509505703,13.15,4.116400241401407,13.0980127387236,12.470000000000004,11.84198726127641,0.722925414354717,0.1007237752563904,42.85714285714282,52.91005291005301,12.540000000000054,12.475,9490880.0,9499595.75,-51.61290322580648,126.54320987654285,66.83000176512195,13.85,14.65,,,,0.0,0.0,0.0,0.0,211.0,1.0,,0.0,0.0,-0.1245,0.2384,0.0,0.0,0.0,0,False,0,False,False,False,False,1.6478520362369409,True,False,True,False,True,False,False,False,False,False,False,False,False,False,False,False,True,True,0.0,0.0,4.705882352941174,0.0,-0.0092422757898449,False,False,False,False,False,False,False,-1.0,False,5,False,False,306.3676130528913,,3,False,3,False,False,False,False,"volume_break, market_above_ma60, avoid_chase, adx_trending, mfi_strong",,,-20.4,44.2,44.2,34.7,0.58,False,1524,D
2026-09-03,30.1,30.3,28.9,28.95,352520,10349111,6259,百徽,,-0.5514110478725485,-0.5591830485187221,0.0077720006461736,30.560921652864927,30.63844974133448,28.089287221011585,41.90355542647825,10.43024533104499,1.9202417914435468,607635.0,19097654.8,33.45,29.35,-0.1909397191915135,-0.3316977014510953,-0.0429752066115702,-0.03338898163606,29.95,0.3711371070485947,33.022754072612855,30.575,28.127245927387147,0.1680630586663888,0.1601147390098351,14.772727272727233,34.84848484848529,30.329999999999927,30.069999999999983,10854869.0,10537602.3,-90.2985074626866,-104.63540254811608,52.37071998151682,33.625,32.4,,,,-166718.0,0.0,0.0,0.0,-3603.0,0.0,,0.0,0.0,0.9225,0.0097,0.0,0.0,0.0,0,False,0,False,False,False,True,0.580150912965843,False,False,False,False,True,False,False,False,False,True,False,False,False,False,False,False,True,True,20.0,12.0,15.544041450777216,0.0,0.053640337818376,False,False,False,False,False,False,False,-1.0,False,5,False,False,388.4451931834789,,3,False,3,False,True,True,True,"ema60_gt_ema120, market_above_ma60, avoid_chase, obv_uptrend, mfi_strong",,"close_below_ema20, close_below_swing_low",61.7,64.6,64.6,34.7,-0.49,False,1524,D
2026-09-03,81.2,81.7,78.5,78.6,447942,35811522,6261,久元,,-0.7943894883450895,-1.397574653775954,0.6031851654308646,79.4458082889577,84.31053665900006,85.1243463029547,46.38758055678706,19.118921179971288,3.0057635942676457,443574.85,35283735.3,82.4,77.0,0.1079426856348912,-0.4688825560484284,-0.0038022813688214,-0.0175,80.0,1.3075443431819158,81.7466424037586,78.77000000000025,75.7933575962419,0.4714443361107782,0.0755780729658077,25.31645569620252,45.5490377688584,79.5,79.43000000000029,11111063.0,10842629.15,-67.81609195402304,46.1361014994236,64.33019477350683,83.30000000000001,99.55,,,,9000.0,1.0,0.0,0.0,-35601.0,0.0,,0.0,0.0,-0.0757,-0.0407,0.0,0.0,0.0,0,False,0,False,False,False,False,1.0098453507902894,False,False,False,False,True,False,False,False,False,True,False,False,False,False,False,False,True,True,10.0,0.0,4.834605597964392,0.0,0.1376280101304455,False,False,False,False,False,False,False,-1.0,False,4,False,False,271.74998962946825,,3,False,3,False,True,False,True,"market_above_ma60, avoid_chase, obv_uptrend, mfi_strong",,close_below_ema20,-55.0,33.5,33.5,34.7,-0.06,False,1524,D
2026-09-03,174.5,174.5,171.0,171.5,259187,44677360,6263,普萊德,,3.141370429468651,2.2378629626682858,0.9035074668003652,163.71427449077325,159.86968492951158,154.66616010992934,64.94182855137487,17.059635795999505,4.289092229235119,133165.75,21953141.8,173.0,161.5,0.3228615274275856,0.0110876278335152,0.0362537764350452,-0.0086705202312138,173.0,3.931825850875315,171.25649077077142,163.55,155.8435092292286,1.0157989697562568,0.0942401806269814,79.3103448275862,78.95779001255687,167.9,165.8,4743495.0,4244816.7,-20.6896551724138,230.4872789995685,83.56812448519076,156.0,162.75,,,,5392.0,17.0,0.0,0.0,1670.0,5.0,,0.0,0.0,0.3784,0.1595,0.0,0.0,0.0,0,False,0,False,False,True,True,1.94634881716958,True,True,False,False,True,False,True,False,False,True,False,True,True,False,False,False,True,True,-10.0,-25.0,0.8746355685131195,25.0,0.7731529023134394,True,False,True,False,False,False,False,-1.0,False,11,False,False,843.741322999457,,3,False,3,False,False,False,False,"ema60_gt_ema120, volume_break, rsi_strong, market_above_ma60, avoid_chase, foreign_buy_3d, obv_uptrend, dealer_buy_3d, bb_squeeze_breakout, mfi_strong, above_ichimoku_cloud",,,517.0,98.7,98.7,34.7,0.88,False,1524,D
2026-09-03,56.6,57.6,54.0,54.1,2950318,163632077,6265,方土昶,,1.0667010253992617,1.833877025163632,-0.7671759997643699,56.40775151618847,53.302489785179546,48.59155868379925,46.12278616090858,20.253538615046985,3.332624577105707,7063852.35,420853211.2,63.3,55.8,-0.1084702511759399,0.0782332643762167,-0.0688468158347676,-0.0304659498207884,55.8,0.2499914555485053,62.90620683457681,58.10999999999994,53.31379316542308,0.0819613146068881,0.1650733723826146,0.8849557522124022,8.105516870792902,56.22000000000007,57.89000000000014,523863025.0,526032773.3,-99.31972789115646,-114.16740609287211,37.10493473553627,47.7,51.975,,,,-882000.0,0.0,0.0,0.0,-10476.0,0.0,,0.0,0.0,7.1243,0.024,0.0,0.0,0.0,0,False,0,False,False,True,True,0.417664165927817,False,False,True,False,True,True,False,False,False,False,False,False,False,False,False,False,False,False,20.0,25.0,17.00554528650646,0.0,-0.0709682131359184,False,False,True,False,False,False,False,-1.0,False,6,False,False,463.3250231016472,,3,False,3,False,True,True,True,"ema60_gt_ema120, market_above_ma60, avoid_chase, liquidity_ok, adx_trending, above_ichimoku_cloud",,"close_below_ema20, close_below_swing_low",136.6,76.6,76.6,34.7,-0.66,False,1524,D
2026-09-03,24.75,24.95,24.6,24.6,99168,2449306,6266,泰詠,,-0.0532009225676617,-0.0241066846912358,-0.0290942378764258,24.91313762702656,25.383911540643687,26.27108925314278,40.61524721578444,13.132870978399652,0.3761356521869285,109034.55,2721268.95,25.4,24.75,-0.0346576950606347,-0.0702681127540631,-0.0218687872763417,-0.0060606060606059,24.75,0.8401428149170337,25.436637075146937,25.00249999999992,24.568362924852902,0.0364367350293515,0.0347274932624352,11.111111111111288,17.407407407407543,24.790000000000145,24.97499999999991,-4078209.0,-3875208.9,-88.88888888888872,-111.34453781512484,36.22856891784158,24.7875,26.125,,,,-26000.0,0.0,0.0,0.0,-5.0,0.0,,0.0,0.0,0.0077,0.1851,0.0,0.0,0.0,0,False,0,False,False,False,False,0.9095098755394504,False,False,False,False,True,False,False,False,False,False,False,False,False,False,False,False,False,False,20.0,25.0,3.252032520325192,8.0,-0.5030590568303549,False,False,False,False,False,False,False,-1.0,False,2,False,False,166.05839007343025,,3,False,3,False,True,True,True,"market_above_ma60, avoid_chase",,"close_below_ema20, close_below_swing_low",-160.7,8.5,8.5,34.7,-0.16,False,1524,D
2026-09-03,29.25,29.3,28.2,28.2,247372,7086634,6270,倍微,,-0.5322097573543942,-0.5272773919435408,-0.0049323654108534,29.752898698144723,30.59951571344333,29.63684677701983,37.30610799264024,8.975104222140482,0.9639377348019516,183881.75,5520540.05,31.05,29.1,-0.249034907569906,-0.5365315734694329,-0.0552763819095477,-0.0342465753424657,29.2,0.7136505828347077,31.141970478282527,29.86749999999997,28.593029521717416,-0.1541932623841757,0.0853416240584285,0.0,34.166666666666664,29.329999999999742,29.425,29304066.0,29750285.6,-100.0,-203.70370370370395,43.574683155064015,32.7875,35.7,,,,-66057.0,0.0,0.0,0.0,-4654.0,0.0,,0.0,0.0,0.638,-0.0659,0.0,0.0,0.0,0,False,0,False,False,False,True,1.3452776036773633,False,False,False,False,True,False,False,False,False,False,False,False,False,False,False,False,False,False,20.0,25.0,10.10638297872341,0.0,-0.07811930417683,False,False,False,False,False,False,False,-1.0,False,3,False,False,247.5153443866517,,3,False,3,True,True,True,True,"ema60_gt_ema120, market_above_ma60, avoid_chase",,"macd_death_cross, close_below_ema20, close_below_swing_low",-79.2,27.2,27.2,34.7,0.27,False,1524,D
2026-09-03,1420.0,1430.0,1340.0,1345.0,4901570,6788310705,6274,台燿,,-4.333539646944018,15.625770733749851,-19.95931038069387,1455.9744006010192,1420.1414484794016,1261.3891915796107,42.90795287480914,15.86257383192085,102.91259927913232,5170924.0,7787656735.0,1675.0,1410.0,-0.5710507756610556,-0.2310648182063026,-0.0692041522491349,-0.0460992907801418,1410.0,0.6217259139074184,1667.4182034558423,1507.0,1346.5817965441577,-0.0049302277113241,0.2128974166633607,2.2222222222222223,16.125356125356728,1426.0,1454.0,546860427.0,560447963.85,-98.59154929577464,-153.98575382242174,25.93716469842171,1340.0,1470.0,,,,77476.0,5.0,-416000.0,0.0,-110712.0,0.0,,0.0,0.0,1.2152,0.2069,0.0,0.0,0.0,0,False,0,False,False,False,True,0.9479098899925816,False,False,False,False,True,True,True,False,False,False,False,False,False,False,False,False,False,False,20.0,25.0,24.53531598513011,0.0,-0.5357107203514924,True,False,False,False,False,False,False,-1.0,False,5,False,False,408.0505702557079,,3,False,3,False,True,True,True,"ema60_gt_ema120, market_above_ma60, avoid_chase, liquidity_ok, foreign_buy_3d",,"close_below_ema20, close_below_swing_low",81.3,68.5,68.5,34.7,-0.13,False,1524,D
2026-09-03,46.35,46.35,45.05,45.05,157969,7205920,6275,元山,,0.2659130160940108,0.03647644558973,0.2294365705042808,44.9735263813771,45.85741447978846,47.04505326426188,50.419086596973294,24.84167051807896,1.272500716170146,298609.7,13476391.55,46.4,43.8,0.2527388935392301,-0.2076980254469222,-0.0290948275862069,-0.0185185185185186,45.9,0.4366014530140978,46.54349972616079,44.717500000000015,42.89150027383924,0.5910460158444477,0.0816682384373354,36.76470588235288,55.91687379177044,45.79999999999964,45.30999999999985,24614154.0,23774274.7,-52.43902439024402,61.99770378874843,72.82351203287652,45.275,47.2,,,,-23000.0,0.0,0.0,0.0,610.0,1.0,,0.0,0.0,-0.0124,0.005,0.0,0.0,0.0,0,False,0,False,False,False,False,0.5290149650195556,False,False,True,False,True,False,False,False,False,True,False,False,False,False,False,False,True,True,0.0,0.0,2.996670366259715,8.0,0.4460131182831884,False,False,False,False,False,False,False,-1.0,False,5,False,False,353.6423070695938,,5,False,3,False,False,False,False,"market_above_ma60, avoid_chase, adx_trending, obv_uptrend, mfi_strong",,,26.9,56.6,56.6,34.7,-0.55,False,1524,D
2026-09-03,20.6,20.85,20.3,20.3,13593,278333,6276,安鈦克,,-0.1167337483566655,-0.2925126806495,0.1757789322928345,20.101549352403577,21.90007383963605,25.632479072773613,50.6632855767281,18.622047694358344,0.8682654602852062,30128.3,593957.1,20.7,19.6,0.2492048003888,-0.4151213972070884,0.0049504950495049,-0.0049019607843135,20.4,1.0743480994875774,20.858120319026263,19.815000000000147,18.771879680974028,0.7324755788731355,0.1052859267248157,47.91666666666672,49.35897435897459,20.25,20.195000000000256,-2761763.0,-2786740.75,-40.98360655737704,83.51999999999998,57.86848305721461,21.0375,24.725,,,,1000.0,1.0,0.0,0.0,-3.0,0.0,,0.0,0.0,-0.4099,0.2017,0.0,0.0,0.0,0,False,0,False,False,False,False,0.4511704941865289,False,False,False,False,True,False,False,False,False,True,False,False,False,False,False,False,True,True,0.0,0.0,1.970443349753688,15.0,0.0706892188951543,False,False,False,False,False,False,False,-1.0,False,4,False,False,240.35997556860715,,3,False,3,False,False,False,False,"market_above_ma60, avoid_chase, obv_uptrend, mfi_strong",,,-86.4,25.3,25.3,34.7,-0.62,False,1524,D
2026-09-03,121.5,122.5,117.5,118.0,1310345,156280825,6279,胡連,,0.7646789985085718,1.7393461050537238,-0.974667106545152,125.0403604454522,122.07000607024273,120.58677192728808,35.826330015376,15.01347229936773,3.1270608755016367,924470.3,117343700.9,130.5,125.5,-0.222162083706622,0.1185365464068545,-0.0745098039215685,-0.0708661417322834,127.0,0.978710102203434,132.2848783500695,127.25,122.2151216499305,-0.4185922039081944,0.079133647938224,4.3478260869565215,30.615942028985348,124.8,126.05,11188228.0,11706200.2,-95.65217391304348,-379.8076923076969,41.84892079817007,117.25,119.75,,,,-259000.0,0.0,-3241.0,0.0,-33585.0,0.0,,0.0,0.0,0.382,-0.0008,0.0,0.0,0.0,0,False,0,False,False,False,True,1.4174008618773366,False,False,False,False,True,True,False,False,False,False,False,False,False,False,False,False,False,False,20.0,25.0,10.59322033898305,0.0,-0.1334693713067295,False,False,False,False,False,False,False,-1.0,False,4,False,False,307.5723761630926,,3,False,3,False,True,True,True,"ema60_gt_ema120, market_above_ma60, avoid_chase, liquidity_ok",,"close_below_ema20, close_below_swing_low",-19.2,44.8,44.8,34.7,0.35,False,1524,D
2026-09-03,79.3,79.3,75.6,75.6,1280823,98448319,6284,佳邦,,-1.123896707031605,-1.644230931545945,0.5203342245143396,78.17773332643583,83.24206194504174,85.1148154920508,44.5250019779841,13.428728108646968,3.9090241965013535,1182872.1,93050754.45,81.6,74.8,0.0741227208166772,-0.6472415023232294,-0.0282776349614396,-0.0307692307692308,78.0,0.7664745838370671,81.63228114670858,77.6199999999997,73.60771885329083,0.2482728744399374,0.1033826628886598,24.731182795698903,49.46236559139773,78.53999999999942,77.64999999999964,108565465.0,106701572.3,-75.2688172043011,-52.3176138653768,60.12600369600843,82.42500000000001,98.8,,,,-507020.0,0.0,0.0,0.0,-3680.0,0.0,,0.0,0.0,0.0076,-0.0281,0.0,0.0,0.0,0,False,0,False,False,False,False,1.0828076847868844,False,False,False,False,True,True,False,False,False,True,False,False,False,False,False,False,True,True,10.0,0.0,7.936507936507938,0.0,0.3570185490604303,False,False,False,False,False,False,False,-1.0,False,5,False,False,355.112299436594,,3,False,3,False,True,False,True,"market_above_ma60, avoid_chase, liquidity_ok, obv_uptrend, mfi_strong",,close_below_ema20,28.4,57.0,57.0,34.7,0.01,False,1524,D
2026-09-03,257.0,261.5,245.0,245.5,2679019,672721359,6290,良維,,4.091486387087258,-1.0919447879529942,5.183431175040252,237.86510873467583,247.74509364390173,245.30059456827223,53.91523051191764,25.895655962333457,13.95931434273068,4165118.25,970273758.55,259.5,211.5,1.1429077544551245,-0.6600539646830665,-0.0199600798403193,-0.0428849902534113,256.5,0.5821479804679439,264.31765738441374,229.55,194.7823426155863,0.7293798489735225,0.3029201253270636,56.73076923076923,74.08267020335977,252.6,243.4,502039622.0,483693561.25,-35.15625,92.85978542360306,71.2656268745059,243.75,284.25,,,,151834.0,1.0,0.0,0.0,-170588.0,0.0,,0.0,0.0,0.1436,0.0638,0.0,0.0,0.0,0,False,0,False,False,False,True,0.6432035873171188,False,False,True,False,True,True,False,False,False,True,False,False,False,False,False,False,True,True,0.0,0.0,5.7026476578411405,0.0,1.787261483132767,False,False,False,False,False,False,False,-1.0,False,7,False,False,537.8791736707643,,3,True,3,False,False,False,False,"ema60_gt_ema120, market_above_ma60, avoid_chase, liquidity_ok, adx_trending, obv_uptrend, mfi_strong",,,211.1,83.7,83.7,34.7,-0.43,False,1524,D
2026-09-03,453.0,484.0,453.0,458.0,4429975,2102492545,6291,沛亨,,8.684286163008835,-1.6182042867421331,10.302490449750968,403.3960562041638,418.8056441757848,405.0244251270482,63.704023784947886,18.81625198622009,30.69253973475324,931334.65,391334982.1,440.0,366.0,0.7386318745012068,-0.7311479875043001,0.0983213429256595,0.040909090909091,440.0,2.983636095939395,442.4989127445225,395.075,347.6510872554775,1.1634311295546558,0.2400754932330444,80.3030303030303,80.84731743451569,425.5,408.25,48458192.0,40293468.15,-19.69696969696969,255.56170108161265,74.26507358362622,414.875,510.25,,,,-301629.0,0.0,0.0,0.0,-1165.0,0.0,,0.0,0.0,0.3945,0.0038,0.0,0.0,0.0,0,False,0,False,False,True,True,4.756587763592818,True,True,False,True,False,True,False,False,False,True,False,False,True,True,False,False,True,True,-20.0,-25.0,-3.930131004366813,25.0,2.0,False,False,False,True,False,False,False,-1.0,False,10,True,False,701.5658776359281,,3,False,3,False,False,False,False,"ema60_gt_ema120, volume_break, rsi_strong, breakout_20d, market_above_ma60, liquidity_ok, obv_uptrend, bb_squeeze_breakout, breakout_volume_confirm, mfi_strong",long_upper_shadow,,374.8,95.3,95.3,34.7,3.7,False,1524,D
2026-09-03,61.7,62.4,59.6,60.0,103274,6293590,6292,迅德,,0.9372892423317722,1.320557744093063,-0.3832685017612907,60.9990922565805,58.62600709755984,55.331763198275695,48.31879611186472,25.73801800898982,2.319684326958368,338896.35,21921924.0,66.3,61.0,-0.1598195510430919,-0.0044924078911311,-0.0228013029315961,-0.0275526742301459,61.7,0.3174433614778222,66.26850608511775,62.34500000000007,58.42149391488239,0.2011601423411918,0.1258643382827067,6.0606060606060375,22.332702020202003,61.72000000000007,61.61000000000004,19178476.0,19243211.35,-93.93939393939397,-84.98896247240623,35.084666342744256,53.075,60.05,,,,-13000.0,0.0,0.0,0.0,245.0,1.0,,0.0,0.0,0.2596,0.1958,0.0,0.0,0.0,0,False,0,False,False,True,True,0.3047362416266803,False,False,True,False,True,False,False,False,False,False,False,False,False,False,False,False,False,True,20.0,0.0,10.499999999999996,0.0,-0.0382489971982153,False,False,False,False,False,False,False,-1.0,False,4,False,False,327.5883744498882,,3,False,3,False,True,True,True,"ema60_gt_ema120, market_above_ma60, avoid_chase, adx_trending",,"close_below_ema20, close_below_swing_low",0.8,50.2,50.2,34.7,-0.77,False,1524,D
2026-09-03,82.3,82.3,79.0,79.0,329786,26543652,6411,晶焱,,-0.5159329441767682,-1.1447430622970387,0.6288101181202705,79.53094406798843,83.00105323010143,83.86702718817466,46.77680457125735,12.142499895856938,2.726073498812537,335609.3,26663967.1,81.4,77.5,0.1836523166939719,-0.5528615602525329,-0.0062893081761006,-0.0294840294840295,81.4,1.3337913309654632,81.28009673952731,78.82499999999945,76.36990326047159,0.5356401434580956,0.0622923371906851,44.61538461538471,67.91335101679881,80.17999999999957,79.38999999999942,35018091.0,34257012.3,-63.29113924050628,61.69037493278729,67.05750085206324,84.57499999999999,93.2,,,,-79000.0,0.0,0.0,0.0,-3070.0,0.0,,0.0,0.0,0.1632,0.0829,0.0,0.0,0.0,0,False,0,False,False,False,False,0.982648573802931,False,False,False,False,True,False,False,False,False,True,False,False,False,False,False,False,True,True,0.0,0.0,3.037974683544311,8.0,0.2516217937589932,False,False,False,False,False,False,False,-1.0,False,4,False,False,310.84594726313725,,3,False,3,False,True,False,True,"market_above_ma60, avoid_chase, obv_uptrend, mfi_strong",,close_below_ema20,-15.9,46.2,46.2,34.7,-0.09,False,1524,D
2026-09-03,106.0,106.5,104.5,104.5,67315,7091642,6417,韋僑,,-3.159052542129615,-3.345937126214716,0.1868845840851003,108.97590270723605,115.94844722372108,117.15104104510574,34.0794683634258,27.830246289804226,2.8896290263303905,49468.45,5421359.95,118.5,106.0,-0.4335384811277989,-0.4660747991528167,-0.0141509433962264,-0.0187793427230047,106.5,0.5313413959370801,115.30330941089386,108.975,102.64669058910611,0.1464300566359391,0.1161424071740099,0.0,14.814814814815085,105.9,106.9,9744750.0,9859278.05,-100.0,-108.10810810810771,43.84587861486129,116.875,127.5,,,,-41000.0,0.0,0.0,0.0,-4.0,0.0,,0.0,0.0,0.2608,-0.0135,0.0,0.0,0.0,0,False,0,False,False,False,False,1.3607663066055231,False,False,True,False,True,False,False,False,False,False,False,False,False,False,False,False,False,False,20.0,12.0,13.397129186602871,0.0,-0.2630115086946884,False,False,False,False,False,False,False,-1.0,False,3,False,False,272.451524961719,,5,False,3,False,True,True,True,"market_above_ma60, avoid_chase, adx_trending",,"close_below_ema20, close_below_swing_low",-54.3,33.7,33.7,34.7,0.29,False,1524,D
2026-09-03,35.2,35.2,33.5,33.55,225221,7657144,6418,詠昇,,0.9647564621822228,0.8468498542959308,0.1179066078862918,33.66755102498192,32.558097656770144,33.06297095685861,50.93331596489074,28.56550329446424,1.9485418971501776,231415.0,8178548.85,37.85,32.3,0.5973206422681698,0.1174005734206998,-0.0969044414535666,-0.050919377652051,35.35,0.46228335017134,37.042533736867256,33.42999999999993,29.8174662631326,0.5166088414310739,0.2161252609552698,20.80536912751673,38.03131991051426,35.340000000000146,34.60999999999986,51086927.0,49801720.55,-72.83950617283956,29.948717948717977,70.40575117890452,31.425,33.0,,,,-24000.0,0.0,0.0,0.0,0.0,0.0,,0.0,0.0,0.6297,0.0422,0.0,0.0,0.0,0,False,0,False,False,True,False,0.9732342328716808,False,False,True,False,True,False,False,False,False,True,False,False,False,False,False,False,True,True,10.0,0.0,12.81669150521611,0.0,1.687611616366167,False,False,True,False,False,False,False,-1.0,False,6,False,False,509.9836817251109,,3,True,3,False,True,False,True,"market_above_ma60, avoid_chase, adx_trending, obv_uptrend, mfi_strong, above_ichimoku_cloud",,close_below_ema20,183.2,81.0,81.0,34.7,-0.1,False,1524,D
2026-09-03,157.0,161.0,146.0,146.0,366780,56165289,6419,京晨科,,2.159184698090116,3.902681982239574,-1.7434972841494587,152.99006402860928,145.84861115234355,132.9406437853544,45.00875155233366,19.95538083825578,7.778964563285835,421214.15,67803906.35,180.0,153.0,-0.0607251250997463,0.168177768444113,-0.0519480519480519,-0.0610932475884243,155.5,0.41399022330299,174.44593970125285,156.9,139.35406029874716,0.1893868272207243,0.2236576125080031,0.0,16.129032258065006,152.8,154.7,15019810.0,14915252.65,-100.0,-66.71818650180312,47.268514598444895,133.375,154.25,,,,-133000.0,0.0,0.0,0.0,-1610.0,0.0,,0.0,0.0,4.7447,0.178,0.0,0.0,0.0,0,False,0,False,False,True,True,0.8707684677734592,False,False,False,False,True,True,False,False,False,True,False,False,False,False,False,False,False,False,20.0,12.0,23.28767123287671,0.0,0.0659085862441495,False,False,False,False,False,False,False,-1.0,False,5,False,False,366.4985877126644,,3,False,3,False,True,True,True,"ema60_gt_ema120, market_above_ma60, avoid_chase, liquidity_ok, obv_uptrend",,"close_below_ema20, close_below_swing_low",39.7,60.1,60.1,34.7,-0.2,False,1524,D
2026-09-03,61.8,63.3,59.3,59.3,428700,25998047,6432,今展科,,-2.829251432994141,-2.1554167058014144,-0.6738347271927267,65.94305580719104,66.83146279961258,60.47052940017876,34.7504336747284,14.427588398599122,3.877451032562636,899617.6,63668170.4,78.0,61.8,-1.1164661098663142,-0.3212860066095654,-0.0705329153605015,-0.0404530744336569,61.8,0.2599807977536734,77.0109794379903,67.25999999999976,57.50902056200923,0.0918358739950253,0.2899488384772693,0.0,14.399960749680758,62.37999999999956,63.1899999999996,43525966.0,45067013.25,-100.0,-116.5684348395548,22.08379203181677,71.17500000000001,67.95,,,,-111542.0,0.0,0.0,0.0,3943.0,3.0,,0.0,0.0,0.2121,0.1699,0.0,0.0,0.0,0,False,0,False,False,False,True,0.4765358081033541,False,False,False,False,True,True,False,False,False,False,False,True,False,False,False,False,False,False,20.0,25.0,31.534569983136603,0.0,-0.2504374733737447,False,False,False,False,False,False,False,-1.0,False,5,False,False,371.7601084005486,,3,False,3,False,True,True,True,"ema60_gt_ema120, market_above_ma60, avoid_chase, liquidity_ok, dealer_buy_3d",,"close_below_ema20, close_below_swing_low",45.0,61.4,61.4,34.7,-0.6,False,1524,D
2026-09-03,246.0,250.0,237.0,237.0,420860,102257185,6435,大中,,-7.783773275798751,-7.657147697085232,-0.1266255787135186,255.64904836321665,265.51665920748087,245.07272102010816,38.40098054449567,13.795478703448612,16.04188460671588,678003.55,177161170.1,276.5,244.0,-0.2893224080335609,-0.5952399481332722,-0.1005692599620493,-0.0326530612244897,245.0,0.2973625182237511,272.37226598869285,255.8,239.2277340113072,-0.0672127158961589,0.1295720562055733,0.0,6.4935064935064775,246.9,252.8,23681118.0,24290645.4,-100.0,-177.5997790360451,60.9668655748152,295.625,329.5,,,,-38684.0,0.0,0.0,0.0,-4449.0,0.0,,0.0,0.0,0.2417,0.0362,0.0,0.0,0.0,0,False,0,False,False,False,True,0.6207342129698288,False,False,False,False,True,True,False,False,False,False,False,False,False,False,False,False,True,False,20.0,25.0,16.666666666666664,0.0,-0.0721451339850295,False,False,False,False,False,False,False,-1.0,False,5,False,False,370.3416005218779,,3,False,3,True,True,True,True,"ema60_gt_ema120, market_above_ma60, avoid_chase, liquidity_ok, mfi_strong",,"macd_death_cross, close_below_ema20, close_below_swing_low",43.6,61.1,61.1,34.7,-0.45,False,1524,D
2026-09-03,21.35,21.35,20.95,20.95,21593,454612,6441,廣錠,,-0.0979528522647754,-0.0343236207807679,-0.0636292314840074,21.435116003804414,21.85687275029868,22.3315831841714,42.926042201490816,16.780804926732927,0.7776835758724966,117519.85,2694141.9,23.5,21.25,-0.5277699155901513,-0.127751831762726,-0.0255813953488371,-0.0187353629976582,21.35,0.0509163135053935,23.36973469595864,21.89750000000013,20.425265304041616,0.1782102736061214,0.1344660071659782,32.142857142857125,45.86466165413549,21.23000000000011,21.34500000000016,-381944.0,-328070.3,-80.43478260869568,-92.33298719280012,36.95967364802469,20.825,23.15,,,,-1000.0,0.0,0.0,0.0,-2.0,0.0,,0.0,0.0,-0.5331,-0.0457,0.0,0.0,0.0,0,False,0,False,False,False,False,0.1837391725738247,False,False,False,False,True,False,False,False,False,False,False,False,False,False,False,False,False,False,0.0,12.0,12.171837708830552,0.0,-0.1542432715242508,False,False,False,False,False,False,False,-1.0,False,2,False,False,71.98647246744723,,3,False,3,False,True,True,True,"market_above_ma60, avoid_chase",,"close_below_ema20, close_below_swing_low",-254.8,0.2,0.2,34.7,-0.89,False,1524,X
2026-09-03,46.9,46.9,46.0,46.0,100205,4649430,6465,威潤,,-1.0361065236269482,-1.453382235761084,0.4172757121341357,47.32898769238379,49.854817396104366,47.82394380336294,40.17781737961651,13.019018920856096,1.8776785939697505,203805.75,9781265.6,48.45,45.2,-0.0460568921596011,-0.7213442480783251,-0.010752688172043,-0.020234291799787,46.95,0.7183996578358844,48.60148345978636,46.75750000000007,44.91351654021378,0.2946022791094168,0.0788743392947135,39.34426229508193,52.73224043715891,47.46000000000022,46.61000000000004,9353999.0,9565946.05,-60.65573770491807,-47.32628882484796,40.23474792101055,54.1,60.7,,,,-58000.0,0.0,0.0,0.0,-378.0,0.0,,0.0,0.0,1.1922,0.2003,0.0,0.0,0.0,0,False,0,False,False,False,True,0.4916691506495769,False,False,False,False,True,False,False,False,False,False,False,False,False,False,False,False,False,True,0.0,0.0,5.3260869565217455,0.0,-0.1293569050454055,False,False,False,False,False,False,False,-1.0,False,3,False,False,208.3644086459509,,3,False,3,False,True,False,True,"ema60_gt_ema120, market_above_ma60, avoid_chase",,close_below_ema20,-118.4,16.9,16.9,34.7,-0.58,False,1524,D
2026-09-03,102.0,102.0,98.3,98.3,385331,38480612,6462,神盾,,-0.5650729230447098,-0.9393735201909452,0.3743005971462353,99.94321178420546,104.67973772913082,109.70383154890492,44.0238895189565,10.904327013109786,3.073180279066128,407848.0,41056400.0,102.5,98.5,-0.0399586115135501,-0.346371873812946,-0.0218905472636816,-0.0267326732673267,101.0,0.8140257353933558,102.55132944533936,99.96500000000016,97.37867055466094,0.1781152526796949,0.051744699551627,9.61538461538461,44.47266569908061,100.24000000000088,100.00000000000036,-9159186.0,-9656038.9,-67.14285714285718,-53.02325581395304,56.63354159504204,104.15,124.4,,,,-175844.0,0.0,0.0,0.0,-10420.0,0.0,,0.0,0.0,0.6386,1.1449,0.0,0.0,0.0,0,False,0,False,False,False,False,0.9447907063415782,False,False,False,False,True,False,False,False,False,True,False,False,False,False,False,False,True,True,20.0,12.0,4.272634791454733,0.0,0.1502119044770924,False,False,False,False,False,False,False,-1.0,False,4,False,False,333.2504499171409,,3,False,3,False,True,True,True,"market_above_ma60, avoid_chase, obv_uptrend, mfi_strong",,"close_below_ema20, close_below_swing_low",6.5,51.2,51.2,34.7,-0.13,False,1524,D
2026-09-03,36.9,36.9,36.3,36.55,24314,885954,6474,華豫寧,,-0.2228998223851803,0.1652333088269598,-0.3881331312121401,38.01373781265029,37.73447051409432,37.60070069276991,40.59663819041395,14.124417059445236,0.9164974809918398,109232.7,4263283.45,40.35,36.5,-0.2867708131978128,,-0.0941759603469641,-0.0040871934604905,36.7,0.371166270100095,40.95326778936134,38.57999999999993,36.20673221063851,0.0723196494934624,0.1230309895988293,5.882352941176471,7.943567670970879,36.75,38.014999999999965,-599308.0,-844736.75,-94.11764705882354,-138.95610093328932,66.19692212156531,37.4,19.75,,,,-9000.0,0.0,0.0,0.0,0.0,0.0,,0.0,0.0,0.7357,0.1152,0.0,0.0,0.0,0,False,0,False,False,False,True,0.2225890232503636,False,False,False,False,True,False,False,False,False,True,False,False,False,False,False,False,True,False,20.0,25.0,10.396716826265402,0.0,0.9648998168633086,False,False,False,False,False,False,False,-1.0,False,5,False,False,393.8046880348633,,3,False,3,False,True,False,True,"ema60_gt_ema120, market_above_ma60, avoid_chase, obv_uptrend, mfi_strong",,close_below_ema20,67.1,65.7,65.7,34.7,-0.85,False,1524,X
2026-09-03,42.0,42.0,41.35,41.75,31680,1316339,6470,宇智,,-0.8469955764279931,-1.0605395026307265,0.2135439262027334,42.27606806236989,44.59259090461405,45.87637051348292,35.932233747115674,41.24708562115833,0.7281233505045388,32121.4,1340583.2,43.4,41.5,-0.1137355335032273,-0.3847937820337984,0.001199040767386,-0.0047675804529202,41.95,0.7034583370804481,42.73437855380812,41.910000000000124,41.08562144619213,0.4029572037863871,0.0393404225152943,46.428571428571374,47.619047619047706,41.66000000000022,41.72500000000037,2849144.0,2894870.65,-48.38709677419364,-35.21703521703775,55.8370256668565,47.1625,48.075,,,,-2000.0,0.0,0.0,0.0,-32.0,0.0,,0.0,0.0,-0.396,-0.1123,0.0,0.0,0.0,0,False,0,False,False,False,False,0.9862583822622925,False,False,True,False,True,False,False,False,False,False,False,False,False,False,False,False,True,False,0.0,0.0,3.952095808383232,0.0,-0.1305536138316381,False,False,False,False,False,False,False,-1.0,False,4,False,False,253.29594045664328,,5,False,3,False,True,False,True,"market_above_ma60, avoid_chase, adx_trending, mfi_strong",,close_below_ema20,-73.5,28.9,28.9,34.7,-0.09,False,1524,D
2026-09-03,0.0,0.0,0.0,0.0,0,0,6236,中湛,,0.7008274727491859,1.3051963263586388,-0.6043688536094529,5.007474866408625,3.560776757809121,3.910749837165793,47.56300579493043,8.965115512792828,7.345581476429548,5187.75,80504.85,19.05,0.0,,,-1.0,,0.0,0.0,21.1415460816537,5.649999999999977,-9.841546081653748,0.3176424751209584,5.483733126249128,0.0,33.333333333333336,3.810000000000037,6.75,129196.0,102931.6,-100.0,-51.28205128205128,50.0,4.375,10.0,,,,0.0,0.0,0.0,0.0,0.0,0.0,,0.0,0.0,-0.0027,-0.1514,0.0,0.0,0.0,0,False,0,False,False,False,False,0.0,False,False,False,False,True,False,False,False,False,True,False,False,False,False,False,False,False,False,20.0,0.0,999.0,0.0,0.6487801042214929,False,False,False,False,False,False,False,-1.0,False,3,False,False,192.785361250658,,3,False,3,False,True,False,True,"market_above_ma60, avoid_chase, obv_uptrend",,close_below_ema20,-134.0,13.5,13.5,34.7,-1.08,False,1524,X
2026-09-03,47.9,49.2,47.45,48.75,2841912,137587208,6177,達麗,,0.104255257913735,0.139532235354808,-0.035276977441073,47.76550260584381,47.24723379968869,47.0402261496411,57.299683426914896,21.370740955882194,1.144828121248985,2152380.75,102996630.9,49.1,47.05,-0.0757688155990353,0.0661026482782251,0.0177453027139875,0.0328389830508473,47.2,0.4418631697182846,49.16630012589084,47.934999999999945,46.703699874109056,0.8309509935322928,0.0513737405190733,81.24999999999993,51.248631636563005,47.62999999999992,47.71499999999996,31170447.0,31006139.55,-21.428571428571427,78.5714285714279,49.88661201666813,47.25,46.625,,,,0.0,0.0,0.0,0.0,0.0,0.0,,0.0,0.0,0.0,0.0,0.0,6.88,-0.12,0,False,0,False,False,True,True,1.3203574692813993,False,True,True,False,True,True,False,False,False,True,False,False,False,False,False,False,False,False,-20.0,-12.0,0.717948717948721,25.0,0.0585333886905854,False,False,True,False,False,False,False,-1.0,False,8,False,False,516.905975357101,,5,False,3,False,False,False,False,"ema60_gt_ema120, rsi_strong, market_above_ma60, avoid_chase, liquidity_ok, adx_trending, obv_uptrend, above_ichimoku_cloud",,,190.2,81.7,81.7,34.7,0.25,False,1524,D
2026-09-03,40.1,40.55,40.1,40.3,52269,2103892,6184,大豐電,,-0.5926440593499862,-0.4931648329206627,-0.0994792264293235,41.45167443951319,42.89647730103725,44.42488642949462,17.25039383906298,34.37407899508015,0.3670899308804561,71087.3,2941156.55,42.3,40.2,-0.2361890579240045,-0.2069106041913369,-0.0277442702050665,0.0024875621890545,40.2,1.3029066892578691,42.79130063997163,41.572500000000126,40.35369936002862,-0.0220295913324591,0.0586349456959048,12.903225806451362,11.952963610360408,40.65,41.10500000000011,-15698356.0,-15226926.15,-90.24390243902458,-178.96462871866967,4.283478577774119,43.6875,45.325,,,,0.0,0.0,0.0,0.0,0.0,0.0,,0.0,0.0,0.0,0.0,0.0,2.76,-0.06,0,False,0,False,False,False,False,0.7352790160830416,False,False,True,False,True,False,False,False,True,False,False,False,False,False,False,False,False,False,20.0,25.0,4.962779156327544,0.0,-1.0043258265915336,False,False,False,False,False,False,False,-1.0,False,4,False,False,310.300880241732,,5,False,3,False,True,False,True,"market_above_ma60, avoid_chase, adx_trending, kd_golden_cross",,close_below_ema20,-16.5,45.9,45.9,34.7,-0.34,False,1524,D
2026-09-03,1315.0,1375.0,1315.0,1350.0,3196968,4306859230,6446,藥華藥,,33.11190005004778,57.04844011862061,-23.936540068572825,1388.552270096498,1248.455135069925,1073.4476776018566,48.74007113372834,29.054438028740314,94.55314621229044,4404285.95,6316471377.0,1585.0,1305.0,0.1238731699408422,0.5118658656081982,-0.1346153846153845,0.0344827586206897,1305.0,0.7992513253664563,1596.28560892309,1420.75,1245.21439107691,0.2984739380401194,0.2471027399937919,19.17808219178082,8.675799086757857,1381.0,1441.5,23964608.0,38612598.8,-80.82191780821918,-73.31821617535918,37.17782471715416,1232.5,1172.5,,,,0.0,0.0,0.0,0.0,0.0,0.0,,0.0,0.0,0.0,0.0,0.0,24.62,-0.45,0,False,0,False,False,True,True,0.7258765748395605,False,False,True,False,True,True,False,False,False,False,False,False,False,False,False,False,False,False,20.0,0.0,17.40740740740741,0.0,-1.5598723106760266,False,False,True,False,False,False,False,-1.0,False,6,False,False,398.5402980202833,,3,False,3,False,True,False,True,"ema60_gt_ema120, market_above_ma60, avoid_chase, liquidity_ok, adx_trending, above_ichimoku_cloud",,close_below_ema20,71.8,66.7,66.7,34.7,-0.35,False,1524,D
2026-09-03,76.8,76.8,76.8,76.8,1365,104728,6464,台數科,,-0.2846088903680623,-0.0912598141449349,-0.1933490762231274,77.90630222246355,77.96105125293548,77.63817318563939,39.45105036933224,33.801228128647686,1.0268358426355462,153673.8,12034884.4,79.0,76.8,0.0060467136706728,0.0032327132915755,-0.0141206675224647,0.0,76.8,0.0257773813789352,79.86113258659911,77.88500000000022,75.90886741340132,0.2254738858723022,0.0507448824959591,14.81481481481456,14.638447971780502,77.15999999999985,77.93000000000029,-3275747.0,-3440327.75,-85.18518518518543,-92.52336448598226,55.64112605788137,77.6,77.6,,,,0.0,0.0,0.0,0.0,0.0,0.0,,0.0,0.0,0.0,0.0,0.0,0.89,0.0,0,False,0,False,False,False,True,0.0088824510098663,False,False,True,False,True,False,False,False,True,True,False,False,False,False,False,False,True,False,20.0,0.0,2.864583333333337,8.0,0.4765464104936209,False,False,False,False,False,False,False,-1.0,False,7,False,False,508.8073814360221,,5,False,3,False,True,False,True,"ema60_gt_ema120, market_above_ma60, avoid_chase, adx_trending, kd_golden_cross, obv_uptrend, mfi_strong",,close_below_ema20,182.1,80.7,80.7,34.7,-1.07,False,1524,X
2026-09-03,426.5,426.5,411.5,411.5,732118,305641588,6472,保瑞,,4.016314925323059,7.28092730197055,-3.2646123766474915,427.1076687030735,419.4605046344573,436.2374625414384,44.85399271143172,25.740830202650542,17.166269244633465,1232526.5,543004914.4,470.0,420.0,0.1715398194233935,0.066058055166725,-0.0637087599544937,-0.0260355029585799,422.5,0.4217136235453809,465.9361515972627,429.725,393.5138484027373,0.2483510024384629,0.1685317428460652,0.0,2.3547068260619803,424.4,439.65,-36907947.0,-35827580.6,-84.86842105263158,-65.30099678204202,67.912765443553,405.875,396.25,,,,0.0,0.0,0.0,0.0,0.0,0.0,,0.0,0.0,0.0,0.0,0.0,10.33,-0.78,0,False,0,False,False,False,False,0.5939977761127245,False,False,True,False,True,True,False,False,False,False,False,False,False,False,False,False,True,False,20.0,0.0,14.21628189550425,0.0,-0.3820249988825303,False,False,True,False,False,False,False,-1.0,False,6,False,False,421.3556777745369,,3,False,3,False,True,True,True,"market_above_ma60, avoid_chase, liquidity_ok, adx_trending, mfi_strong, above_ichimoku_cloud",,"close_below_ema20, close_below_swing_low",94.6,70.1,70.1,34.7,-0.48,False,1524,D
