date,open,high,low,close,volume,amount,stock_id,name,industry_category,macd,macd_signal,macd_hist,ema20,ema60,ema120,rsi14,adx14,atr14,volume_ma20,amount_ma20,close_20d_high,close_10d_low,lr_slope_20,lr_slope_60,return_5d,day_return,prev_close,prev_volume_ratio,bb_upper,bb_mid,bb_lower,bb_pct_b,bb_bandwidth,stoch_k,stoch_d,sma5,sma10,obv,obv_ma,williams_r,cci20,mfi14,ichi_senkou_a,ichi_senkou_b,market_ma60,market_above_ma60,market_return_5d,foreign_net,foreign_buy_streak,invest_trust_net,invest_trust_streak,dealer_net,dealer_buy_streak,relative_strength_5d,margin_change_5d,short_ratio,revenue_yoy,revenue_mom,revenue_3m_yoy,foreign_holding_pct,foreign_holding_chg5d,insider_net_30d,has_buyback,limit_down_streak,macd_golden_cross,hist_turn_positive,above_ema60,ema60_gt_ema120,volume_ratio,volume_break,rsi_strong,adx_trending,breakout_20d,avoid_chase,liquidity_ok,foreign_buy_3d,stronger_than_market,kd_golden_cross,obv_uptrend,invest_trust_buy_2d,dealer_buy_3d,bb_squeeze_breakout,breakout_volume_confirm,williams_r_recovery,cci_momentum,mfi_strong,ma5_above_ma10,kd_level_score,bb_level_signal,gap_to_20d_high_pct,breakout_proximity_score,obv_strength,foreign_buy_accel,invest_trust_accel,above_ichimoku_cloud,long_upper_shadow,open_high_close_low,gap_chase_after_blowout,earnings_blocked,f_score,f_score_low,condition_count,skip_trade,entry_signal,entry_score,momentum_score,expected_hold_days,momentum_decay_signal,estimated_sl_days,macd_death_cross,close_below_ema20,close_below_swing_low,base_exit_signal,entry_reason,skip_reason,base_exit_reason
2026-07-29,7450.0,7595.0,6840.0,7145.0,873804,6203902060,2059,川湖,,209.8226721847077,386.0195998041518,-176.19692761944412,7741.861476029467,6670.474185734804,5594.051645238611,44.66614118708765,25.702984606406822,561.1051106830424,634517.45,5067554493.25,8655.0,7450.0,-0.1770687629862078,1.1473745238518744,-0.1206153846153845,-0.0409395973154362,7450.0,0.9966496421755824,8664.698462555272,7985.0,7305.301537444729,-0.1179210681469602,0.1702438228065803,17.579250720461093,27.022030941907968,7761.0,7920.0,15909293.0,16371639.25,-85.19417475728156,-196.78714859437784,34.33712249522992,6410.0,5400.0,,,,0.0,0.0,0.0,0.0,0.0,0.0,,0.0,0.0,2.2052,0.1718,0.0,23.84,0.03,0,False,0,False,False,True,True,1.3771157909053566,False,False,True,False,True,True,False,False,False,False,False,False,False,False,False,False,False,False,20.0,25.0,21.133659902029397,0.0,-0.1322282115725072,False,False,True,False,False,False,False,-1,False,6,False,False,487.1844193701835,,3,False,3,False,True,True,True,"ema60_gt_ema120, market_above_ma60, avoid_chase, liquidity_ok, adx_trending, above_ichimoku_cloud",,"close_below_ema20, close_below_swing_low"
2026-07-29,153.0,156.0,147.5,149.5,752310,113834112,2072,世紀風電,,-2.7353352694970283,-4.843857659234937,2.1085223897379084,147.85856064276666,163.4478445025643,187.64148427699104,49.78566497737714,6.260059919079847,10.776137872838628,510000.2,75375901.45,153.0,139.5,0.0233387445592064,,0.0418118466898955,-0.022875816993464,153.0,1.7219367259067755,152.66116137756495,145.6,138.53883862243504,0.7761585376303155,0.0969939749665516,63.888888888888886,80.89225589225559,148.0,145.25,-14411405.0,-15281806.25,-36.11111111111112,102.14168039538802,53.93651269438914,182.75,184.75,,,,0.0,0.0,0.0,0.0,0.0,0.0,,0.0,0.0,1.0111,0.1142,0.0,1.57,-0.03,0,False,0,False,False,False,False,1.4751170685815418,False,False,False,False,True,True,False,False,False,True,False,False,False,False,False,False,True,True,0.0,0.0,2.341137123745819,8.0,0.5321532723762258,False,False,False,False,False,False,False,-1,False,5,False,False,379.1370099543301,,3,False,3,False,False,False,False,"market_above_ma60, avoid_chase, liquidity_ok, obv_uptrend, mfi_strong",,
2026-07-29,194.5,197.5,176.5,185.0,26323410,4858744387,2301,光寶科,,-4.203044488718206,-1.9037898839533636,-2.299254604764842,208.9655549352589,206.7943490285717,194.52468709685596,37.01084675136482,12.53514995753915,14.705139006347904,19317159.15,4099178364.4,224.0,193.5,-0.5458891204532546,-0.0222270547766013,-0.1513761467889908,-0.0463917525773195,194.0,1.1619695566979142,232.71329463320097,211.575,190.436705366799,-0.1285984858556141,0.1998184533446861,16.19047619047619,30.296423790399786,204.7,205.65,473410969.0,527918664.9,-84.68468468468468,-206.3052367761509,48.858500915123855,222.625,206.25,,,,0.0,0.0,0.0,0.0,0.0,0.0,,0.0,0.0,0.3698,0.075,0.0,40.85,-0.07,0,False,0,False,False,False,True,1.362695715016667,False,False,False,False,True,True,False,False,False,False,False,False,False,False,False,False,False,False,20.0,25.0,21.08108108108108,0.0,-0.6856565657860441,False,False,False,False,False,False,False,-1,False,4,False,False,300.39907836073417,,3,True,3,False,True,True,True,"ema60_gt_ema120, market_above_ma60, avoid_chase, liquidity_ok",,"close_below_ema20, close_below_swing_low"
2026-07-29,37.6,39.25,34.15,34.15,2884206,102190925,2302,麗正,,-0.9364367976760092,0.4760965487854363,-1.4125333464614456,42.06638214603832,37.76416303231797,31.59831323609994,35.88402506484502,24.051758903769866,3.865714121829501,7032575.35,336094303.8,55.4,37.9,-1.807257884326379,1.299734835012179,-0.2158438576349024,-0.0989445910290237,37.9,0.3381497677647186,55.046929033636886,44.58249999999994,34.11807096636299,0.0015255984600006,0.4694411050810053,0.0,14.05082212257124,39.79999999999982,40.62999999999992,175431409.0,189362560.4,-100.0,-144.7212336892053,55.35039538504261,38.625,33.875,,,,0.0,0.0,0.0,0.0,0.0,0.0,,0.0,0.0,0.4571,0.1554,0.0,0.8,-0.86,0,False,1,False,False,False,True,0.4101208812501383,False,False,True,False,True,True,False,False,False,False,False,False,False,False,False,False,True,False,20.0,25.0,62.225475841874086,0.0,-0.2617398162332073,False,False,False,False,False,False,False,-1,False,6,False,False,450.9603310177029,,3,False,3,False,True,True,True,"ema60_gt_ema120, market_above_ma60, avoid_chase, liquidity_ok, adx_trending, mfi_strong",,"close_below_ema20, close_below_swing_low"
2026-07-29,109.5,112.0,102.5,102.5,271683852,28667869043,2303,聯電,,-8.044063665445748,-1.892301003716423,-6.151762661729325,138.20747585980752,130.3816695469422,109.34646041074711,30.117829878287424,28.52268486405801,11.219666114650286,147609546.5,20725413540.7,170.5,113.5,-2.1465014358702894,0.6674338802730371,-0.262589928057554,-0.0969162995594713,113.5,1.0220672028406006,184.57536184038264,146.575,108.57463815961732,-0.0799286883784598,0.5185108216323747,0.0,5.333333333333333,121.7,131.6,5651994761.0,6538723800.5,-100.0,-177.82354960521806,13.823630707321882,135.0,109.3,,,,0.0,0.0,0.0,0.0,0.0,0.0,,0.0,0.0,0.2285,0.0079,0.0,41.41,0.27,0,False,2,False,False,False,True,1.840557460150452,True,False,True,False,True,True,False,False,False,False,False,False,False,False,False,False,False,False,20.0,25.0,66.34146341463415,0.0,-0.6838221109043874,False,False,False,False,False,False,False,-1,False,6,False,False,465.1997092706519,,6,False,3,False,True,True,True,"ema60_gt_ema120, volume_break, market_above_ma60, avoid_chase, liquidity_ok, adx_trending",,"close_below_ema20, close_below_swing_low"
2026-07-29,30.5,30.8,27.45,27.45,9755961,274543587,2305,全友,,-0.2977228975596944,0.9270212621620268,-1.2247441597217212,32.964029958192974,28.91005008145862,23.842801140636155,37.58137870432338,25.53126794196501,2.847514251395745,5030485.1,172141225.1,42.65,30.5,-1.5185391655189535,1.5507932583331032,-0.1866666666666666,-0.0999999999999999,30.5,1.2285041445540763,41.99992897691417,34.96000000000004,27.920071023085903,-0.0333860628869549,0.4027419323177417,0.0,10.881669741067526,31.290000000000145,32.100000000000044,118474857.0,147030581.15,-100.0,-148.8888888888888,15.085879313797534,27.825,26.05,,,,0.0,0.0,0.0,0.0,0.0,0.0,,0.0,0.0,1.4233,0.2928,0.0,3.91,-2.5,0,False,1,False,False,False,True,1.9393678355194808,True,False,True,False,True,True,False,False,False,False,False,False,False,False,False,False,False,False,20.0,25.0,55.37340619307832,0.0,-0.4519367683051012,False,False,False,False,False,False,False,-1,False,6,False,False,453.9704371355336,,6,False,3,False,True,True,True,"ema60_gt_ema120, volume_break, market_above_ma60, avoid_chase, liquidity_ok, adx_trending",,"close_below_ema20, close_below_swing_low"
2026-07-29,1560.0,1595.0,1425.0,1495.0,22142467,32829254150,2308,台達電,,-109.49666124246572,-85.52936334580691,-23.96729789665882,1823.678330774609,1920.9400636917237,1771.854344757451,28.775397343710797,27.763631162377305,123.88193343030288,10937806.95,19920198075.8,2075.0,1580.0,-1.0596863864222432,-0.4656902016697529,-0.2047872340425531,-0.0537974683544303,1580.0,1.5656730470644449,2113.157946195166,1844.0,1574.8420538048338,-0.148318217859599,0.2919283581292474,13.333333333333334,14.97076023391734,1699.0,1756.0,200023681.0,249923733.25,-87.38738738738739,-230.24568393094287,33.63927229433301,2245.0,2100.0,,,,0.0,0.0,0.0,0.0,0.0,0.0,,0.0,0.0,0.5543,0.1126,0.0,62.61,-0.28,0,False,0,False,False,False,True,2.024397313028093,True,False,True,False,True,True,False,False,False,False,False,False,False,False,False,False,False,False,20.0,25.0,38.79598662207358,0.0,-0.8433591928789698,False,False,False,False,False,False,False,-1,False,6,False,False,465.1236628157333,,6,False,3,False,True,True,True,"ema60_gt_ema120, volume_break, market_above_ma60, avoid_chase, liquidity_ok, adx_trending",,"close_below_ema20, close_below_swing_low"
2026-07-29,30.05,30.8,28.0,29.1,27182399,787273117,2312,金寶,,-1.110580253801004,-0.7189469916533242,-0.3916332621476797,32.57658895948951,32.495202973501115,30.22588036654132,36.228196002287,17.150607853640402,2.091233959965963,21692533.25,728270282.2,35.55,29.7,-0.8049931698721792,0.1160765495466444,-0.1181818181818181,-0.0202020202020201,29.7,0.7541333912295856,36.60726040868882,33.00750000000012,29.40773959131141,-0.0427444546821263,0.218117725285992,18.03278688524592,27.564560515380435,31.020000000000078,31.620000000000164,2028463084.0,2109107628.4,-86.0759493670886,-166.48772457232818,44.52468210585853,35.650000000000006,33.225,,,,0.0,0.0,0.0,0.0,0.0,0.0,,0.0,0.0,0.327,0.2022,0.0,7.53,-0.21,0,False,0,False,False,False,True,1.253076286053405,False,False,False,False,True,True,False,False,False,False,False,False,False,False,False,False,False,False,20.0,25.0,22.164948453608236,0.0,-0.2148720043808883,False,False,False,False,False,False,False,-1,False,4,False,False,304.9522988079634,,3,False,3,False,True,True,True,"ema60_gt_ema120, market_above_ma60, avoid_chase, liquidity_ok",,"close_below_ema20, close_below_swing_low"
2026-07-29,182.5,183.0,164.0,171.0,47322132,8056194281,2313,華通,,-14.938521086961174,-11.120014662208538,-3.818506424752636,212.9508180262834,229.95528875868231,216.42796705481555,32.11284207220854,21.78413969357406,16.061945195153264,37278239.15,8157320954.7,248.0,182.0,-1.1365002420150947,-0.4847606167969685,-0.1778846153846154,-0.0604395604395604,182.0,0.9064769949936472,252.7207764399941,215.95,179.17922356000588,-0.1112190760148005,0.3405489830052707,12.06896551724138,9.24437530608096,193.6,203.25,1145446741.0,1289558764.05,-91.66666666666669,-205.41961421005865,47.48088031633797,269.625,255.25,,,,0.0,0.0,0.0,0.0,0.0,0.0,,0.0,0.0,0.2096,0.0227,0.0,18.58,1.39,0,False,0,False,False,False,True,1.269430452698837,False,False,True,False,True,True,False,False,True,False,False,False,False,False,False,False,False,False,20.0,25.0,45.02923976608187,0.0,-0.465181405744998,False,False,False,False,False,False,False,-1,False,6,False,False,487.1121276580484,,3,False,3,False,True,True,True,"ema60_gt_ema120, market_above_ma60, avoid_chase, liquidity_ok, adx_trending, kd_golden_cross",,"close_below_ema20, close_below_swing_low"
2026-07-29,12.25,12.25,10.8,11.3,302042,3386986,2314,台揚,,-0.7088631673323498,-0.5923622270781094,-0.1165009402542404,13.01021143077656,14.303084763582248,15.377014455594791,26.69019560497513,26.659096942430665,0.6158491220591199,146629.4,1911110.75,15.45,12.0,-1.0416640459470523,-0.1862457604051909,-0.1102362204724408,-0.0583333333333332,12.0,1.1573867488071268,14.77476070221808,13.142499999999972,11.510239297781869,-0.064401261849951,0.2483942480073212,22.727272727272734,25.681020733652375,12.170000000000073,12.465000000000057,4705518.0,5319532.9,-84.375,-161.6137597590458,30.89216060671758,15.025000000000002,14.6,,,,0.0,0.0,0.0,0.0,0.0,0.0,,0.0,0.0,0.2472,0.2791,0.0,1.35,-0.08,0,False,0,False,False,False,False,2.05990067476236,True,False,True,False,True,False,False,False,False,False,False,False,False,False,False,False,False,False,10.0,25.0,36.72566371681415,0.0,-0.6249876727184791,False,False,False,False,True,False,False,-1,False,4,True,False,338.09915467500184,,6,False,3,False,True,True,True,"volume_break, market_above_ma60, avoid_chase, adx_trending",open_high_close_low,"close_below_ema20, close_below_swing_low"
2026-07-29,240.0,246.5,231.0,237.0,83675463,19905976064,2317,鴻海,,-2.37500561008514,-3.1084979308867604,0.7334923208016209,245.62810003476216,246.52300329724,239.28115174739068,42.14908722302864,16.761633383792514,9.39446542718338,51314869.95,12440879497.7,257.5,234.0,0.1508271480586946,-0.1200594170708616,-0.0576540755467196,-0.0042016806722688,238.0,1.0619085515009108,255.61345490716027,241.95,228.2865450928397,0.3188598698632965,0.1129444505654911,22.41379310344828,41.95402298850604,247.6,244.65,2426181990.0,2418935516.6,-76.27118644067797,-50.19441498762828,45.02271438704596,270.625,255.25,,,,0.0,0.0,0.0,0.0,0.0,0.0,,0.0,0.0,0.5211,-0.0438,0.0,40.15,0.1,0,False,0,False,False,False,True,1.6306279852512808,True,False,False,False,True,True,False,False,False,True,False,False,False,False,False,False,False,True,10.0,0.0,8.649789029535865,0.0,0.0291696013761991,False,False,False,True,False,False,False,-1,False,6,True,False,426.6563150690272,,3,True,3,False,True,False,True,"ema60_gt_ema120, volume_break, market_above_ma60, avoid_chase, liquidity_ok, obv_uptrend",long_upper_shadow,close_below_ema20
2026-07-29,143.0,146.0,128.5,136.5,3826289,515816799,2316,楠梓電,,-11.780909469558054,-5.8956280233456,-5.885281446212455,170.16019131400066,166.43893265469217,147.08053360369425,31.290900273753635,27.292477391601487,14.355549818773218,2607120.05,451560069.7,221.5,142.5,-2.5497028718384542,0.5958132250466409,-0.1547987616099071,-0.0421052631578947,142.5,0.8953047768797376,235.95658805593416,180.55,125.14341194406586,0.1024840948920137,0.6137533985703035,17.391304347826086,14.670558239398815,151.1,156.2,519458047.0,529445650.1,-91.57894736842104,-121.11924626823316,35.021299832143654,181.125,160.05,,,,0.0,0.0,0.0,0.0,0.0,0.0,,0.0,0.0,0.2783,-0.1609,0.0,35.86,0.13,0,False,0,False,False,False,True,1.46763053738166,False,False,True,False,True,True,False,False,True,False,False,False,False,False,False,False,False,False,20.0,12.0,62.27106227106227,0.0,-0.7793121031114902,False,False,False,False,False,False,False,-1,False,6,False,False,467.32456013647874,,3,False,3,False,True,True,True,"ema60_gt_ema120, market_above_ma60, avoid_chase, liquidity_ok, adx_trending, kd_golden_cross",,"close_below_ema20, close_below_swing_low"
2026-07-29,10.0,10.1,9.26,9.51,11997435,115107124,2323,中環,,-0.3189420862611811,-0.1860094178135997,-0.1329326684475814,10.600882064014751,10.818034244777463,10.68450841885549,33.63273469074163,19.155854062231025,0.4983253632439012,7734716.6,84206200.0,12.0,9.92,-0.8770587478808503,0.0741131625464837,-0.1028301886792453,-0.0413306451612903,9.92,1.0696761024857853,12.04888923047466,10.806500000000003,9.56411076952535,-0.0217768989774149,0.2299336936981733,15.243902439024383,15.698006511681038,10.136000000000058,10.323000000000002,46812032.0,85120522.3,-88.3177570093458,-158.4699453551914,21.889397749879198,11.255,11.06,,,,0.0,0.0,0.0,0.0,0.0,0.0,,0.0,0.0,0.3884,-0.0017,0.0,10.31,-0.54,0,False,0,False,False,False,True,1.5511150078853568,True,False,False,False,True,True,False,False,False,False,False,False,False,False,False,False,False,False,20.0,25.0,26.182965299684547,0.0,-1.1153481966388676,False,False,False,False,False,False,False,-1,False,5,False,False,357.1269717191872,,3,False,3,False,True,True,True,"ema60_gt_ema120, volume_break, market_above_ma60, avoid_chase, liquidity_ok",,"close_below_ema20, close_below_swing_low"
2026-07-29,0.0,0.0,0.0,0.0,0,0,2321,東訊,,-0.2929171722024293,0.5383773451664858,-0.8312945173689151,11.359138548403704,11.1706939746871,11.283768201376471,39.7840864308784,11.917267586624984,4.42329511817459,9915.65,149913.6,16.45,0.0,,,-1.0,-1.0,14.8,0.762971345708225,24.14138175868917,11.149999999999975,-1.8413817586892185,0.0708693575822919,2.330292692141564,0.0,60.385005065856,8.960000000000036,12.309999999999992,1128356.0,1069655.05,-100.0,-133.33333333333334,87.39270023800808,7.3875,7.75,,,,0.0,0.0,0.0,0.0,0.0,0.0,,0.0,0.0,0.0153,0.2367,0.0,0.01,0.0,0,False,1,False,False,False,False,0.0,False,False,False,False,True,False,False,False,False,True,False,False,False,False,False,False,True,False,20.0,25.0,999.0,0.0,0.7629027416101953,False,False,False,False,False,False,False,-1,False,4,False,False,309.15483289932234,,3,False,3,True,True,False,True,"market_above_ma60, avoid_chase, obv_uptrend, mfi_strong",,"macd_death_cross, close_below_ema20"
2026-07-29,35.0,36.3,33.9,34.85,82704423,2906381888,2324,仁寶,,-0.0280429181924048,0.0551779169579451,-0.08322083515035,35.92543027485348,35.03837239914558,33.64752212389421,44.99074047039341,17.321600630017695,1.743983811070087,49197037.0,1764514068.45,37.2,34.4,0.1320938315204973,0.3127004189115921,-0.037292817679558,0.0043227665706051,34.7,0.981873795538172,37.4251119365539,35.75000000000009,34.07488806344629,0.2313612361178518,0.0937125558911217,28.749999999999964,46.66666666666666,36.13000000000029,35.92000000000026,1890390882.0,1698615650.75,-74.44444444444447,-77.24867724867775,59.88343273663793,37.5625,37.25,,,,0.0,0.0,0.0,0.0,0.0,0.0,,0.0,0.0,0.5838,0.3604,0.0,35.72,0.42,0,False,0,False,False,False,True,1.6810854482964086,True,False,False,False,True,True,False,False,False,True,False,False,False,False,False,False,True,True,10.0,0.0,6.743185078909616,0.0,0.4853461736293556,False,False,False,True,False,False,False,-1,False,7,True,False,512.6350085665164,,3,True,3,False,True,False,True,"ema60_gt_ema120, volume_break, market_above_ma60, avoid_chase, liquidity_ok, obv_uptrend, mfi_strong",long_upper_shadow,close_below_ema20
2026-07-29,539.0,545.0,507.0,507.0,51708941,26953210861,2327,國巨*,,-82.99846606023277,-47.78115037161433,-35.21731568861844,736.941174895269,719.2080796914538,595.12376424226,27.53465306060092,34.619775693788256,69.31593284640812,57372955.8,46161707270.55,1140.0,563.0,-3.634404146924619,1.0295443069562635,-0.2788051209103841,-0.0994671403197158,563.0,0.6191020268040309,1134.5206683798094,792.2,449.8793316201906,0.0834315214593371,0.8642278929053505,0.0,5.231689088191463,606.6,651.1,2033746842.0,2261046747.5,-100.0,-126.77133474290346,38.35117020659855,862.125,692.0,,,,0.0,0.0,0.0,0.0,0.0,0.0,,0.0,0.0,0.3891,0.02,0.0,48.12,0.01,0,False,2,False,False,False,True,0.9012772704313068,False,False,True,False,True,True,False,False,False,False,False,False,False,False,False,False,False,False,20.0,25.0,124.85207100591715,0.0,-0.9411517672268634,False,False,False,False,False,False,False,-1,False,5,False,False,392.7189514975907,,8,False,3,False,True,True,True,"ema60_gt_ema120, market_above_ma60, avoid_chase, liquidity_ok, adx_trending",,"close_below_ema20, close_below_swing_low"
2026-07-29,42.6,43.25,38.65,40.35,5595125,225577571,2328,廣宇,,-2.1922318242202365,-1.6067461655281912,-0.5854856586920454,46.87039230132928,49.28584979096405,49.47860451446098,27.655769759162663,20.802567053233552,2.320168525907886,3835172.5,186339491.3,52.2,42.55,-1.0034946456369624,-0.3238699847423439,-0.1414893617021276,-0.0517038777908341,42.55,0.9164024989443806,53.61918054585281,47.64000000000014,41.66081945414748,-0.1096153096645242,0.2510151362658541,16.425120772946887,12.79341632602518,43.96999999999971,45.41000000000004,694014072.0,711339856.45,-86.23481781376515,-197.89989499474973,28.488428687960507,54.6625,53.925,,,,0.0,0.0,0.0,0.0,0.0,0.0,,0.0,0.0,-0.0074,0.1511,0.0,8.51,0.0,0,False,0,False,False,False,False,1.458897872259983,False,False,True,False,True,True,False,False,True,False,False,False,False,False,False,False,False,False,20.0,25.0,29.36802973977695,0.0,-0.6108844705462844,False,False,False,False,False,False,False,-1,False,5,False,False,367.2583650760444,,3,False,3,False,True,True,True,"market_above_ma60, avoid_chase, liquidity_ok, adx_trending, kd_golden_cross",,"close_below_ema20, close_below_swing_low"
2026-07-29,40.65,41.1,37.1,38.75,7251244,278483064,2329,華泰,,-3.3200726603023014,-2.547366190379094,-0.7727064699232074,47.26469028192217,51.81727188378571,52.87830267275755,27.9751863407497,22.388749918487697,2.95196859845843,5230016.0,254296486.7,54.6,40.65,-1.4690684565721723,-0.4801513487624835,-0.1720085470085469,-0.0467404674046739,40.65,1.0105651623604075,56.95515071811303,48.26750000000011,39.57984928188719,-0.0477602811630672,0.3599793118811995,13.199999999999989,13.198646362098469,43.2,44.58999999999996,396419689.0,417475139.05,-89.75155279503106,-172.06150874492582,30.95493903199298,55.6,57.6,,,,0.0,0.0,0.0,0.0,0.0,0.0,,0.0,0.0,0.0362,-0.0192,0.0,9.08,-0.38,0,False,0,False,False,False,False,1.3864668865257774,False,False,True,False,True,True,False,False,True,False,False,False,False,False,False,False,False,False,20.0,25.0,40.903225806451616,0.0,-0.6603016728902733,False,False,False,False,False,False,False,-1,False,5,False,False,385.9410487905745,,3,False,3,False,True,True,True,"market_above_ma60, avoid_chase, liquidity_ok, adx_trending, kd_golden_cross",,"close_below_ema20, close_below_swing_low"
2026-07-29,2260.0,2280.0,2180.0,2200.0,65899191,146603099645,2330,台積電,,-22.23831749148485,1.6670101879735908,-23.90532767945844,2364.10485516917,2306.673349163444,2137.9094027239803,35.58798356400263,13.054952147999272,66.66899267758046,38539005.55,91969022454.6,2505.0,2280.0,-0.4362214840152602,0.1191711389352861,-0.0833333333333333,-0.0350877192982456,2280.0,1.2017963489032473,2549.102124819008,2398.5,2247.8978751809923,-0.1590212463421599,0.1255802583439714,7.547169811320755,15.293501048217877,2317.0,2347.5,522734184.0,633274418.15,-93.33333333333331,-211.0332749562172,28.605981806963754,2353.75,2217.5,,,,0.0,0.0,0.0,0.0,0.0,0.0,,0.0,0.0,0.6787,0.0616,0.0,69.21,-0.14,0,False,0,False,False,False,True,1.709934910346954,True,False,False,False,True,True,False,False,False,False,False,False,False,False,False,False,False,False,20.0,25.0,13.863636363636363,0.0,-2.0,False,False,False,False,False,False,False,-1,False,5,False,False,348.09934910346954,,3,False,3,False,True,True,True,"ema60_gt_ema120, volume_break, market_above_ma60, avoid_chase, liquidity_ok",,"close_below_ema20, close_below_swing_low"
2026-07-29,18.75,18.75,17.3,17.8,3494280,62067114,2331,精英,,-0.7115734905966029,-0.5112832825404807,-0.2002902080561222,19.878056821461943,20.880462742998308,21.457422660088184,30.20079819484343,21.63232761569455,0.8548492713599835,2054933.1,41396734.65,21.45,18.5,-0.7102050551696546,-0.0892861672828902,-0.112219451371571,-0.0378378378378377,18.5,0.9681960315175752,21.9076570970848,20.077499999999965,18.24734290291513,-0.1222143453225075,0.1823092613208655,16.393442622950815,13.301782461618735,18.9,19.35499999999993,87427474.0,97108712.55,-86.84210526315789,-191.49090381967108,29.18160086284317,22.3,22.55,,,,0.0,0.0,0.0,0.0,0.0,0.0,,0.0,0.0,0.2584,0.4596,0.0,5.69,-0.01,0,False,0,False,False,False,False,1.7004349192681747,True,False,True,False,True,False,False,False,True,False,False,False,False,False,False,False,False,False,20.0,25.0,20.50561797752808,0.0,-0.6365521274004506,False,False,False,False,False,False,False,-1,False,5,False,False,409.36572366387634,,3,False,3,False,True,True,True,"volume_break, market_above_ma60, avoid_chase, adx_trending, kd_golden_cross",,"close_below_ema20, close_below_swing_low"
2026-07-29,23.75,24.2,22.45,24.0,77015537,1792858219,2332,友訊,,1.426758476463629,1.4451002135480948,-0.0183417370844658,21.94052423501466,19.10905370168675,17.653531888761407,60.157884595792986,35.20143468891806,1.7874137816065798,48110039.1,1113309296.2,25.95,20.5,1.1151376619624276,1.0019697386484223,0.0041841004184099,0.0169491525423728,23.6,2.127306617981079,26.41683028032925,22.04499999999998,17.673169719670707,0.7235905644366385,0.3966278321913611,79.24528301886791,75.95549104983063,23.280000000000108,22.625,41566879.0,13625773.7,-36.8421052631579,53.67330306205608,51.64257565553279,17.5375,17.125,,,,0.0,0.0,0.0,0.0,0.0,0.0,,0.0,0.0,0.1939,0.0875,0.0,10.91,0.03,0,False,0,False,False,True,True,1.6008205031785143,True,True,True,False,True,True,False,False,False,True,False,False,False,False,False,False,True,True,-10.0,0.0,8.124999999999998,0.0,0.6942470154849253,False,False,True,False,False,False,False,-1,False,10,False,False,739.3391692176042,,8,False,3,False,False,False,False,"ema60_gt_ema120, volume_break, rsi_strong, market_above_ma60, avoid_chase, liquidity_ok, adx_trending, obv_uptrend, mfi_strong, above_ichimoku_cloud",,
2026-07-29,110.0,110.5,102.0,102.0,79625991,8248645602,2337,旺宏,,-10.067989767615728,-7.559427571867584,-2.5085621957481443,131.37921164235377,139.90406985890405,127.02334489327892,31.81152276214347,19.67159424642478,10.58159224677787,65168862.45,8789211044.85,155.5,113.0,-1.3521449309427724,-0.4337335245516578,-0.2444444444444444,-0.0973451327433628,113.0,0.5596444254797727,156.79232242852515,132.7,108.60767757147482,-0.1371324327714329,0.3631096070614192,0.0,9.523809523809785,118.8,123.1,6626581504.0,6775667359.5,-100.0,-187.66814912425195,33.810637177732474,159.0,151.75,,,,0.0,0.0,0.0,0.0,0.0,0.0,,0.0,0.0,2.1609,0.112,0.0,25.4,-0.11,0,False,2,False,False,False,True,1.221841045040368,False,False,False,False,True,True,False,False,False,False,False,False,False,False,False,False,False,False,20.0,25.0,52.45098039215687,0.0,-0.4798980086240378,False,False,False,False,False,False,False,-1,False,4,False,False,301.4596343469152,,3,False,3,False,True,True,True,"ema60_gt_ema120, market_above_ma60, avoid_chase, liquidity_ok",,"close_below_ema20, close_below_swing_low"
2026-07-29,38.8,38.8,34.3,35.15,3412683,120383493,2338,光罩,,-3.185048590543623,-2.2275554509957027,-0.9574931395479204,44.07603721700134,47.29621927299258,46.3968361251494,26.355015539130008,30.67262932832005,2.8364929565553743,3198119.9,150208446.65,53.2,38.1,-1.7435791807633254,-0.3537795074067829,-0.1900921658986175,-0.0774278215223097,38.1,0.6682787389221715,54.9714120601559,45.52750000000005,36.08358793984421,-0.0494280301371634,0.4148662702830524,6.9672131147541085,6.615630239940704,39.439999999999785,41.64499999999989,23688631.0,36003590.75,-94.49838187702264,-160.46284967753985,43.14838708088127,51.975,52.675,,,,0.0,0.0,0.0,0.0,0.0,0.0,,0.0,0.0,0.0008,-0.0169,0.0,4.89,-0.26,0,False,0,False,False,False,True,1.0670903864486132,False,False,True,False,True,True,False,False,True,False,False,False,False,False,False,False,False,False,20.0,25.0,51.35135135135137,0.0,-0.7568905311762123,False,False,False,False,False,False,False,-1,False,6,False,False,456.5882174903716,,8,False,3,False,True,True,True,"ema60_gt_ema120, market_above_ma60, avoid_chase, liquidity_ok, adx_trending, kd_golden_cross",,"close_below_ema20, close_below_swing_low"
2026-07-29,28.55,28.75,25.55,26.3,5631033,147562376,2340,台亞,,-2.247760456107468,-1.4384161507831763,-0.8093443053242915,33.01179838183595,34.58377533944915,33.01754542528415,29.07477308821659,19.97200516561995,2.4788392364851397,6093345.15,217344797.05,38.95,28.35,-1.6386617696111656,-0.2691082204534592,-0.2054380664652568,-0.072310405643739,28.35,0.5974463324245345,40.979195542505366,34.06499999999996,27.15080445749456,-0.0615259181103709,0.405941320563946,8.982035928143715,6.528657386375319,29.67999999999993,31.134999999999945,144265593.0,162548904.2,-94.6808510638298,-163.25117948157452,35.93138443337368,37.55,36.775,,,,0.0,0.0,0.0,0.0,0.0,0.0,,0.0,0.0,0.1634,0.1857,0.0,8.97,-0.29,0,False,0,False,False,False,True,0.924128350090262,False,False,False,False,True,True,False,False,True,False,False,False,False,False,False,False,False,False,20.0,25.0,48.09885931558936,0.0,-0.6143699750937476,False,False,False,False,False,False,False,-1,False,5,False,False,376.86884379977766,,3,False,3,False,True,True,True,"ema60_gt_ema120, market_above_ma60, avoid_chase, liquidity_ok, kd_golden_cross",,"close_below_ema20, close_below_swing_low"
2026-07-29,137.0,137.5,130.0,130.0,82475045,10827575272,2344,華邦電,,-8.244793980509343,-3.961782043577257,-4.283011936932086,163.20414501136335,157.34861522895025,135.88898512604155,35.505983869521856,21.752046196650724,13.881583412169643,132943306.05,22756327222.35,207.5,144.0,-1.3539591047731925,0.6841293924271276,-0.239766081871345,-0.0972222222222222,144.0,0.4948894112674426,195.95198138404905,166.3,136.64801861595097,-0.1121007485106409,0.3566083149013714,0.0,13.52657004830932,149.9,155.4,10000286494.0,10436689669.2,-100.0,-187.48608327766635,28.787013277629512,181.75,158.65,,,,0.0,0.0,0.0,0.0,0.0,0.0,,0.0,0.0,1.8988,0.0298,0.0,17.01,-0.5,0,False,2,False,False,False,True,0.6203775688335983,False,False,True,False,True,True,False,False,False,False,False,False,False,False,False,False,False,False,20.0,25.0,59.61538461538461,0.0,-0.4412675760619897,False,False,False,False,False,False,False,-1,False,5,False,False,380.90856477559214,,3,False,3,False,True,True,True,"ema60_gt_ema120, market_above_ma60, avoid_chase, liquidity_ok, adx_trending",,"close_below_ema20, close_below_swing_low"
2026-07-29,34.65,34.9,31.25,32.05,3802585,121933029,2342,茂矽,,-3.5407932937922126,-1.7161784735616608,-1.824614820230552,43.27462851917622,43.6258683040938,40.05895510988065,29.171136924264744,28.533585375547712,3.593873825298265,3856341.6,183780106.2,59.2,34.7,-2.825606017655897,0.1675078094145397,-0.2537834691501747,-0.0763688760806917,34.7,0.6073600796287508,61.79577864221236,46.40000000000005,31.004221357787745,0.0339631618028375,0.6636111483712194,5.555555555555537,5.341132296257759,37.07999999999993,39.884999999999856,304098500.0,318017579.7,-96.57387580299788,-141.7456996454479,36.52382626555578,48.675,44.8,,,,0.0,0.0,0.0,0.0,0.0,0.0,,0.0,0.0,0.0457,0.0135,0.0,3.95,-0.24,0,False,0,False,False,False,True,0.986060207944234,False,False,True,False,True,True,False,False,True,False,False,False,False,False,False,False,False,False,20.0,25.0,84.71138845553826,0.0,-0.2531596072073133,False,False,False,False,False,False,False,-1,False,6,False,False,461.8226867929546,,3,False,3,False,True,True,True,"ema60_gt_ema120, market_above_ma60, avoid_chase, liquidity_ok, adx_trending, kd_golden_cross",,"close_below_ema20, close_below_swing_low"
2026-07-29,2040.0,2110.0,1840.0,1910.0,3877040,7523217665,2345,智邦,,-98.70994997524213,-61.67512482024126,-37.03482515500087,2266.773357137472,2282.5032047614354,2055.5512744379184,33.39188415765811,21.20324040438857,162.28440601738677,2904147.85,6884700507.9,2750.0,2040.0,-1.4629522109907178,-0.2098894432892063,-0.1641137855579868,-0.0637254901960784,2040.0,0.9690318013705634,2793.085532832275,2344.75,1896.414467167725,0.0151510775271937,0.3824164903143405,12.727272727272728,26.70884670884637,2147.0,2174.0,147099810.0,152671808.3,-90.34482758620688,-149.13407992166944,35.84478394031457,2416.25,2182.5,,,,0.0,0.0,0.0,0.0,0.0,0.0,,0.0,0.0,0.6116,0.3819,0.0,57.68,-0.16,0,False,0,False,False,False,True,1.3350009022440092,False,False,True,False,True,True,False,False,False,False,False,False,False,False,False,False,False,False,20.0,25.0,43.97905759162304,0.0,-0.5093307629770881,False,False,False,False,False,False,False,-1,False,5,False,False,387.23803986671504,,3,False,3,False,True,True,True,"ema60_gt_ema120, market_above_ma60, avoid_chase, liquidity_ok, adx_trending",,"close_below_ema20, close_below_swing_low"
2026-07-29,88.0,88.4,83.4,85.4,3816843,326783296,2347,聯強,,-0.8306248102867357,-0.695628765444715,-0.1349960448420207,87.72114329364908,86.64896173898096,81.98683154643803,43.67309109840319,15.669652961748392,3.629756114671614,8660136.25,764129547.35,94.8,84.0,-0.4088573862450962,0.1012790416357874,-0.0317460317460317,-0.0069767441860464,86.0,0.3160820147897666,95.17773857962558,88.16999999999953,81.16226142037348,0.3023613489198293,0.1589597046529678,35.29411764705892,53.92156862745105,87.27999999999956,86.64999999999964,178981509.0,193875968.55,-47.422680412371065,-60.80886170887853,42.28679387150847,90.5,87.94999999999999,,,,0.0,0.0,0.0,0.0,0.0,0.0,,0.0,0.0,1.3545,0.1268,0.0,29.3,0.42,0,False,0,False,False,False,True,0.4407370611518958,False,False,False,False,True,True,False,False,False,False,False,False,False,False,False,False,False,True,0.0,0.0,11.00702576112411,0.0,-0.5700832640035574,False,False,False,False,True,False,False,-1,False,4,True,False,272.56637144347627,,3,False,3,False,True,False,True,"ema60_gt_ema120, market_above_ma60, avoid_chase, liquidity_ok",open_high_close_low,close_below_ema20
2026-07-29,10.85,10.85,10.0,10.25,3113912,31959604,2349,錸德,,-0.6704940249127755,-0.537095683909415,-0.1333983410033605,11.746652197403131,12.61425214525711,12.77740990010082,26.046524354389646,31.826587458277142,0.520640931531529,2693820.5,32754336.55,13.4,10.65,-1.260414061470472,-0.2326345974318308,-0.1048034934497815,-0.0375586854460093,10.65,0.6462684209212919,13.777059274556422,11.955000000000018,10.132940725443614,0.0321227953972257,0.3048196193318948,14.285714285714286,10.509031198685989,10.900000000000093,11.15500000000002,63862175.0,77239813.05,-91.66666666666669,-138.3753501400559,15.722212907966124,13.8125,14.125,,,,0.0,0.0,0.0,0.0,0.0,0.0,,0.0,0.0,-0.1579,-0.1349,0.0,13.99,-0.04,0,False,0,False,False,False,False,1.155946359454908,False,False,True,False,True,False,False,False,True,False,False,False,False,False,False,False,False,False,20.0,25.0,30.731707317073177,0.0,-0.8274077952902885,False,False,False,False,False,False,False,-1,False,4,False,False,286.6305700510656,,8,False,3,False,True,True,True,"market_above_ma60, avoid_chase, adx_trending, kd_golden_cross",,"close_below_ema20, close_below_swing_low"
2026-07-29,145.0,145.5,130.5,130.5,4975669,668122038,2351,順德,,-13.640874508271963,-7.520156180561153,-6.120718327710811,174.19027790090777,176.2341709481032,155.57547424533777,30.752853438923168,23.763231939635173,14.07980446485946,5642333.45,1109015895.35,228.0,144.5,-2.3714961410915385,-0.0841997356158639,-0.2232142857142857,-0.0968858131487889,144.5,0.8305990949127802,237.21067514013612,184.425,131.63932485986388,-0.0107919890845308,0.5724351377539502,0.0,4.24836601307167,152.1,161.2,74465542.0,94423451.0,-100.0,-142.1603447459394,33.33323017439881,197.5,171.0,,,,0.0,0.0,0.0,0.0,0.0,0.0,,0.0,0.0,0.5172,0.0497,0.0,20.38,1.75,0,False,2,False,False,False,True,0.8818459674693632,False,False,True,False,True,True,False,False,False,False,False,False,False,False,False,False,False,False,20.0,25.0,74.71264367816092,0.0,-1.3337055423688882,False,False,False,False,False,False,False,-1,False,5,False,False,392.813993166267,,3,False,3,False,True,True,True,"ema60_gt_ema120, market_above_ma60, avoid_chase, liquidity_ok, adx_trending",,"close_below_ema20, close_below_swing_low"
2026-07-29,27.9,28.1,26.05,26.95,7807699,209942877,2352,佳世達,,-0.7361564104317679,-0.1512201477674948,-0.5849362626642731,30.14598440262977,29.553901903594177,28.380837678745667,34.47461854889289,17.380740920976056,1.56924260804779,20130221.1,660658286.65,35.4,27.7,-1.0075830748101955,0.3300247307516616,-0.1134868421052631,-0.0270758122743682,27.7,0.342282660681162,35.34463051486576,31.107499999999938,26.870369485134116,0.0093967502991123,0.2724185816838919,15.929203539822987,11.538256850043885,28.539999999999964,29.534999999999947,-77569702.0,1710779.3,-89.09090909090911,-166.56050435265476,19.396916391806982,30.375,29.525,,,,0.0,0.0,0.0,0.0,0.0,0.0,,0.0,0.0,-0.0062,0.0827,0.0,7.68,-0.11,0,False,0,False,False,False,True,0.3878595749750607,False,False,False,False,True,True,False,False,True,False,False,False,False,False,False,False,False,False,20.0,25.0,31.354359925788494,0.0,-1.3860680901326228,False,False,False,False,False,False,False,-1,False,5,False,False,322.2457786681591,,3,False,3,False,True,True,True,"ema60_gt_ema120, market_above_ma60, avoid_chase, liquidity_ok, kd_golden_cross",,"close_below_ema20, close_below_swing_low"
2026-07-29,29.1,29.55,27.7,28.65,37339190,1058579589,2353,宏碁,,-1.0956575208917911,-0.9394912692432736,-0.1561662516485176,30.834235284473337,31.453288648204616,30.655279721251663,34.674288570856305,20.769452625599413,1.3360234095504762,30754372.25,957111586.6,33.1,28.85,-0.6488907968422766,0.068738004596945,-0.0621931260229132,-0.0069324090121317,28.85,0.9263248837263311,33.50811827061924,30.925,28.34188172938076,0.0596407594115648,0.1670569617215354,28.358208955223848,32.72797233874189,29.559999999999853,29.81499999999996,-281733634.0,-208528372.4,-84.29752066115704,-135.2439823920577,34.91520146808483,36.212500000000006,35.6,,,,0.0,0.0,0.0,0.0,0.0,0.0,,0.0,0.0,-0.0302,0.0632,0.0,12.05,-0.38,0,False,0,False,False,False,True,1.2141099709814431,False,False,True,False,True,True,False,False,False,False,False,False,False,False,False,False,False,False,10.0,25.0,15.532286212914496,0.0,-0.4882541588548219,False,False,False,False,False,False,False,-1,False,5,False,False,336.2820498035566,,3,False,3,False,True,True,True,"ema60_gt_ema120, market_above_ma60, avoid_chase, liquidity_ok, adx_trending",,"close_below_ema20, close_below_swing_low"
2026-07-29,54.6,55.3,51.2,53.0,8708993,459996732,2354,鴻準,,-0.6567240785130934,-0.5095479653046371,-0.1471761132084563,55.80050222600218,56.63870167317146,57.52108841256478,38.31120753940647,15.080983809942795,2.0452197197794217,5480738.05,307525479.35,58.4,54.0,-0.1454197114720531,-0.2032928180239703,-0.0552584670231729,-0.0185185185185184,54.0,1.0946724836627997,58.62252611247714,55.87000000000025,53.11747388752337,-0.0213392866630531,0.0985332419000133,27.692307692307647,39.78632478632486,55.45999999999985,55.3,-9246910.0,-1337773.65,-73.52941176470591,-166.4193133471846,31.419484165557463,58.975,58.05,,,,0.0,0.0,0.0,0.0,0.0,0.0,,0.0,0.0,0.1066,0.719,0.0,10.61,0.18,0,False,0,False,False,False,False,1.5890182892429972,True,False,False,False,True,True,False,False,False,False,False,False,False,False,False,False,False,True,10.0,25.0,10.188679245283016,0.0,-0.2221462591409543,False,False,False,False,False,False,False,-1,False,4,False,False,313.2244277827385,,3,False,3,True,True,True,True,"volume_break, market_above_ma60, avoid_chase, liquidity_ok",,"macd_death_cross, close_below_ema20, close_below_swing_low"
2026-07-29,38.05,38.5,35.05,36.0,6826042,246544965,2355,敬鵬,,-4.274652447074445,-3.475427678586727,-0.7992247684877176,45.19210620293826,49.96514698378736,48.45898737118542,19.429382386931906,41.580935168047375,2.468992289877677,4509862.8,208109620.0,54.2,38.0,-1.9228340722474284,-0.5406436379160068,-0.1676300578034681,-0.0526315789473684,38.0,1.148717625045505,56.59698023579763,46.25,35.90301976420237,0.004686402872507,0.4474369831696272,9.134615384615406,7.39644970414156,39.73999999999978,41.70499999999974,490224575.0,518683165.75,-94.46064139941689,-144.00659202171497,23.028909399728136,59.37500000000001,60.25,,,,0.0,0.0,0.0,0.0,0.0,0.0,,0.0,0.0,0.0444,-0.0939,0.0,17.01,1.03,0,False,0,False,False,False,True,1.5135808566061035,True,False,True,False,True,True,False,False,True,False,False,False,False,False,False,False,False,False,20.0,25.0,50.55555555555557,0.0,-0.7116787437676801,False,False,False,False,False,False,False,-1,False,7,False,False,556.5956636408489,,8,False,3,False,True,True,True,"ema60_gt_ema120, volume_break, market_above_ma60, avoid_chase, liquidity_ok, adx_trending, kd_golden_cross",,"close_below_ema20, close_below_swing_low"
2026-07-29,60.0,61.6,58.0,60.3,52792216,3153018873,2356,英業達,,-1.1480969358586108,-0.8900724365553998,-0.258024499303211,62.78074350748377,61.17725867013799,56.39619220486362,44.306383268508846,16.10069982375823,3.6480614850650954,40385548.05,2609662296.7,69.8,57.2,-0.6477224966616987,0.3039031587609139,-0.0226904376012967,0.0255102040816326,58.8,0.5677287064140252,70.26765653343169,63.420000000000165,56.57234346656864,0.2721848354420413,0.2159462798307003,41.97530864197529,50.205761316872064,62.079999999999565,60.86000000000004,1795387737.0,1751641290.85,-78.61635220125787,-83.96060367748922,54.5361086688083,68.45,65.07499999999999,,,,0.0,0.0,0.0,0.0,0.0,0.0,,0.0,0.0,0.6162,0.2349,0.0,17.2,1.2,0,False,0,False,False,False,True,1.3072056354079862,False,False,False,False,True,True,False,False,False,True,False,False,False,False,False,False,True,True,0.0,0.0,15.754560530679932,0.0,0.0939458493564189,False,False,False,True,False,False,False,-1,False,6,True,False,444.1994065463569,,3,True,3,False,True,False,True,"ema60_gt_ema120, market_above_ma60, avoid_chase, liquidity_ok, obv_uptrend, mfi_strong",long_upper_shadow,close_below_ema20
2026-07-29,750.0,771.0,736.0,761.0,7000149,5278683452,2357,華碩,,7.202097926013721,-0.2285770755964959,7.430675001610217,733.2428850392037,711.6882758593921,675.7780903796049,56.86877665819261,15.564402912016384,29.127621302914427,4937777.35,3478271410.4,771.0,688.0,0.8081430805563068,0.1349183057327121,0.0052840158520475,0.0353741496598638,735.0,0.7605306462651261,784.2468342914315,711.2,638.1531657085686,0.8408771953163315,0.205418544126635,79.34782608695652,69.56521739130464,759.2,739.2,971503.0,-10630506.5,-18.09523809523809,99.53766657601308,63.58644026143699,802.0,762.0,,,,0.0,0.0,0.0,0.0,0.0,0.0,,0.0,0.0,0.5563,0.5446,0.0,36.46,0.56,0,False,0,False,False,True,True,1.4176720625120938,False,True,False,False,True,True,False,False,True,True,False,False,False,False,False,False,True,True,-10.0,-12.0,1.314060446780552,15.0,0.6349800197956771,False,False,False,False,False,False,False,-1,False,8,False,False,574.796480862669,,3,True,3,False,False,False,False,"ema60_gt_ema120, rsi_strong, market_above_ma60, avoid_chase, liquidity_ok, kd_golden_cross, obv_uptrend, mfi_strong",,
2026-07-29,134.5,139.0,127.0,137.0,7971337,1066250872,2359,所羅門,,0.7700597365793271,1.38907646691918,-0.6190167303398528,139.4432324965261,135.42247545500416,132.27972813903023,48.26826454670966,13.026937702681398,8.625948977513096,6268424.35,892515622.4,148.0,134.0,-0.0168982973926286,0.1536880721927836,-0.0143884892086331,0.0223880597014924,134.0,0.7765633845212123,149.5220828605718,140.525,131.5279171394282,0.3041031712930128,0.128049569266277,40.0,43.82978723404267,140.5,140.25,123116636.0,106142394.35,-60.0,-115.63796047816577,53.04936290242221,139.5,129.75,,,,0.0,0.0,0.0,0.0,0.0,0.0,,0.0,0.0,0.3556,0.1037,0.0,4.66,0.14,0,False,0,False,False,True,True,1.2716651832928318,False,False,False,False,True,True,False,False,False,True,False,False,False,False,False,False,True,True,0.0,0.0,8.02919708029197,0.0,0.8069121781597958,False,False,False,False,False,False,False,-1,False,6,False,False,432.3995979708459,,3,False,3,False,True,False,True,"ema60_gt_ema120, market_above_ma60, avoid_chase, liquidity_ok, obv_uptrend, mfi_strong",,close_below_ema20
2026-07-29,43.5,43.55,41.1,41.85,1489413,62771492,2362,藍天,,-0.2346370623153859,-0.3198219193393631,0.0851848570239771,43.09086090123102,42.80676300391946,41.95668672236873,44.29358488513262,12.92733625913042,1.6196873075303182,1082380.75,46374070.9,44.95,40.4,0.1168921235608116,0.1150280791619403,-0.0334872979214779,-0.0267441860465116,43.0,0.7059542353490713,45.0123602194887,42.66499999999987,40.31763978051104,0.3264007387461503,0.1100368086013751,36.25000000000007,64.16666666666667,43.37999999999992,42.814999999999785,-8640702.0,-8125179.0,-63.74999999999993,-38.67729554177694,49.65921779584989,46.3125,44.85,,,,0.0,0.0,0.0,0.0,0.0,0.0,,0.0,0.0,0.3025,-0.0726,0.0,9.7,0.09,0,False,0,False,False,False,True,1.376052742992704,False,False,False,False,True,False,False,False,False,False,False,False,False,False,False,False,False,True,0.0,0.0,7.407407407407411,0.0,-0.0818598171786334,False,False,False,False,False,False,False,-1,False,3,False,False,217.77820962378345,,3,False,3,False,True,False,True,"ema60_gt_ema120, market_above_ma60, avoid_chase",,close_below_ema20
2026-07-29,1940.0,1960.0,1765.0,1835.0,3726482,6849211235,2360,致茂,,-54.76025132587961,-62.198680022248645,7.438428696369037,2022.3000850465835,2059.422317556278,1850.711117881685,40.307031338297016,15.539377447395262,155.7779012065546,2969434.7,5856509973.75,2270.0,1835.0,-0.3758955286221979,-0.3817687508571047,-0.1364705882352941,-0.0541237113402062,1940.0,1.1443275376547095,2311.442715682899,2003.25,1695.0572843171012,0.2270376757166555,0.3076927150209896,19.148936170212767,45.39007092198639,2022.0,1992.5,172895953.0,176521152.0,-78.35051546391753,-71.76753296581245,45.24915490492222,2328.75,2257.5,,,,0.0,0.0,0.0,0.0,0.0,0.0,,0.0,0.0,0.7302,-0.0957,0.0,58.9,-0.53,0,False,0,False,False,False,True,1.2549466065039248,False,False,False,False,True,True,False,False,False,False,False,False,False,False,False,False,False,True,20.0,0.0,23.705722070844686,0.0,-0.3674413566109591,False,False,False,False,False,False,False,-1,False,4,False,False,293.14016978570777,,3,True,3,False,True,False,True,"ema60_gt_ema120, market_above_ma60, avoid_chase, liquidity_ok",,close_below_ema20
2026-07-29,49.5,49.5,44.3,45.5,9591290,437817290,2363,矽統,,-3.811246071971659,-1.998331918143528,-1.8129141538281317,58.61662891196407,60.35347003787135,58.24468893631719,27.40396582823483,25.418580652638276,3.9403125216815305,14174131.75,947254437.95,73.5,49.2,-2.001414398083486,-0.0640838859006543,-0.2288135593220338,-0.0752032520325204,49.2,0.4333614113774977,75.8848718830859,61.44500000000016,47.00512811691443,-0.0521170869485854,0.4700096633765384,7.45341614906834,7.70045737341449,52.34000000000015,55.45000000000018,443070385.0,481883210.1,-95.18072289156626,-165.55220842845648,34.14331885159132,62.075,59.25,,,,0.0,0.0,0.0,0.0,0.0,0.0,,0.0,0.0,0.748,0.3356,0.0,6.98,0.29,0,False,0,False,False,False,True,0.6766756630436993,False,False,True,False,True,True,False,False,False,False,False,False,False,False,False,False,False,False,20.0,25.0,61.53846153846154,0.0,-0.7371022130114495,False,False,False,False,False,False,False,-1,False,5,False,False,392.9215300742996,,3,False,3,False,True,True,True,"ema60_gt_ema120, market_above_ma60, avoid_chase, liquidity_ok, adx_trending",,"close_below_ema20, close_below_swing_low"
2026-07-29,69.1,69.7,65.3,67.9,342698,22857181,2364,倫飛,,0.2834835859756452,0.3788504231580231,-0.0953668371823778,69.29642108532978,68.36205973851321,68.16981007153348,45.962544665658704,19.307526134771788,2.49173747895913,205373.85,14232379.1,71.6,67.1,0.1163499161444168,0.039477869265376,-0.0490196078431373,-0.0073099415204678,68.4,0.8277573493773467,72.17907650646863,69.31000000000003,66.44092349353143,0.2542763330254443,0.0827896842149358,36.111111111111214,47.9745370370371,69.82000000000116,69.7400000000005,11462717.0,11630542.15,-63.88888888888879,-90.7362129856012,39.66755521868859,71.94999999999999,72.8,,,,0.0,0.0,0.0,0.0,0.0,0.0,,0.0,0.0,0.6006,0.1319,0.0,16.45,0.21,0,False,0,False,False,False,True,1.6686545049430588,True,False,False,False,True,False,False,False,False,False,False,False,False,False,False,False,False,True,0.0,0.0,5.449189985272442,0.0,-0.0705651943901331,False,False,False,False,False,False,False,-1,False,4,False,False,280.839762716749,,3,False,3,True,True,False,True,"ema60_gt_ema120, volume_break, market_above_ma60, avoid_chase",,"macd_death_cross, close_below_ema20"
2026-07-29,38.65,38.95,34.6,35.85,15652651,559522441,2367,燿華,,-5.038419536622335,-4.272408503503297,-0.766011033119038,46.64679629629774,54.34232678881902,54.28488287957818,23.40749398504262,35.37134421054304,3.0410954473613296,10576570.15,504955987.6,56.6,38.4,-1.939245032847609,-0.7728075459955577,-0.2086092715231787,-0.0664062499999998,38.4,0.9137174444967372,58.33327636078902,47.48499999999994,36.636723639210864,-0.0362603059253939,0.4569138195551897,10.2880658436214,6.041308522734956,40.48000000000029,42.8,2153355538.0,2209886976.9,-93.62244897959184,-158.2742213270281,28.890475307222047,64.4,68.3,,,,0.0,0.0,0.0,0.0,0.0,0.0,,0.0,0.0,-0.0414,-0.1031,0.0,7.09,-0.01,0,False,0,False,False,False,True,1.47993638561552,False,False,True,False,True,True,False,False,True,False,False,False,False,False,False,False,False,False,20.0,25.0,57.88005578800558,0.0,-0.6851776267015924,False,False,False,False,False,False,False,-1,False,6,False,False,456.5772323357361,,8,False,3,False,True,True,True,"ema60_gt_ema120, market_above_ma60, avoid_chase, liquidity_ok, adx_trending, kd_golden_cross",,"close_below_ema20, close_below_swing_low"
2026-07-29,28.3,28.5,25.75,26.8,2335417,62274515,2365,昆盈,,-1.528625657296299,-1.188141482355637,-0.3404841749406617,30.848372304670782,33.071699993845684,34.30188912494545,28.08382372145209,24.564739685632816,1.6691150135070627,3868782.0,124298756.45,35.2,27.95,-1.134693875698861,-0.4100187933087058,-0.1340872374798061,-0.0411449016100178,27.95,0.4126681584597582,35.8769183205444,31.44500000000007,27.013081679455745,-0.024039441167947,0.2818838174936757,17.073170731707332,10.00478240076518,28.970000000000077,29.63500000000004,481500733.0,491758071.7,-86.62420382165605,-173.95234310471113,46.54183493061696,35.537499999999994,35.625,,,,0.0,0.0,0.0,0.0,0.0,0.0,,0.0,0.0,-0.1728,0.0029,0.0,3.02,0.27,0,False,0,False,False,False,False,0.603656913209377,False,False,True,False,True,True,False,False,True,False,False,False,False,False,False,False,False,False,20.0,25.0,31.34328358208956,0.0,-1.4611079919897132,False,False,False,False,False,False,False,-1,False,5,False,False,318.5032732282172,,3,False,3,False,True,True,True,"market_above_ma60, avoid_chase, liquidity_ok, adx_trending, kd_golden_cross",,"close_below_ema20, close_below_swing_low"
2026-07-29,30.2,30.5,27.0,27.6,14029238,388702126,2369,菱生,,-1.954198042789713,-0.655553600053139,-1.298644442736574,35.400612543027265,35.322030360408995,32.57547331521572,32.29969787958969,24.775417796227966,2.881521894048655,20611439.8,816871335.6,43.2,30.0,-1.7895924159352137,0.2881631838040397,-0.242798353909465,-0.0799999999999999,30.0,0.359350114179836,45.99877134230944,37.24999999999996,28.50122865769048,-0.0515060128118841,0.4697326895199727,5.357142857142868,5.657443157443292,31.529999999999927,33.71499999999996,578289446.0,655373245.7,-96.73024523160764,-164.03196029628316,38.49839738380576,35.2625,34.9,,,,0.0,0.0,0.0,0.0,0.0,0.0,,0.0,0.0,0.3652,-0.0218,0.0,15.08,-1.55,0,False,0,False,False,False,True,0.6806529837862175,False,False,True,False,True,True,False,False,False,False,False,False,False,False,False,False,False,False,20.0,25.0,56.52173913043479,0.0,-1.1339144680459714,False,False,False,False,False,False,False,-1,False,5,False,False,358.1995562213105,,3,False,3,False,True,True,True,"ema60_gt_ema120, market_above_ma60, avoid_chase, liquidity_ok, adx_trending",,"close_below_ema20, close_below_swing_low"
2026-07-29,805.0,813.0,729.0,729.0,8159221,6123678038,2368,金像電,,-114.05253159422956,-93.9052518950022,-20.147279699227354,994.5446174615838,1121.211282161144,1056.6522519763007,22.138807529533977,33.62606679965024,74.54379244124235,5319417.15,5440290124.1,1305.0,809.0,-2.40908586907277,-0.7745801994258846,-0.2244680851063829,-0.0988875154511742,809.0,1.0940689442954528,1318.7162813835594,1024.2,729.6837186164407,-0.0011607484197966,0.5751147849708247,0.0,3.763440860215269,855.0,905.4,297524845.0,323774492.2,-100.0,-152.15467039366405,12.968379398935513,1407.5,1277.0,,,,0.0,0.0,0.0,0.0,0.0,0.0,,0.0,0.0,0.7822,-0.059,0.0,29.35,0.81,0,False,2,False,False,False,True,1.5338562045279716,True,False,True,False,True,True,False,False,False,False,False,False,False,False,False,False,False,False,20.0,25.0,79.01234567901234,0.0,-1.4462026158621817,False,False,False,False,False,False,False,-1,False,6,False,False,462.9841306549336,,8,False,3,False,True,True,True,"ema60_gt_ema120, volume_break, market_above_ma60, avoid_chase, liquidity_ok, adx_trending",,"close_below_ema20, close_below_swing_low"
2026-07-29,64.5,65.3,59.6,62.6,5034138,312071135,2374,佳能,,-2.9630411614177774,-2.267090884763922,-0.6959502766538552,69.72417405584058,73.54919317470323,74.86771756001907,30.59726661616968,24.187641915727056,3.317947274569079,3959676.95,284855277.4,77.4,63.9,-1.0169476935039792,-0.3399127655272345,-0.0753323485967504,-0.0203442879499217,63.9,0.9459027043699552,80.1077059811675,71.0199999999999,61.9322940188323,0.0367367728748808,0.2559196277433853,25.00000000000001,23.766283524904185,66.03999999999942,67.0,943550446.0,952044030.1,-83.87096774193549,-144.64114175929728,37.14516379517826,75.775,77.45,,,,0.0,0.0,0.0,0.0,0.0,0.0,,0.0,0.0,0.1897,0.0428,0.0,4.27,-0.63,0,False,0,False,False,False,False,1.2713506843026676,False,False,True,False,True,True,False,False,True,False,False,False,False,False,False,False,False,False,10.0,25.0,23.64217252396167,0.0,-0.3997381078962779,False,False,False,False,False,False,False,-1,False,5,False,False,397.9166495482713,,3,False,3,False,True,True,True,"market_above_ma60, avoid_chase, liquidity_ok, adx_trending, kd_golden_cross",,"close_below_ema20, close_below_swing_low"
2026-07-29,54.2,54.2,53.5,54.0,90259,4854581,2373,震旦行,,-0.8308842203661584,-0.8843841882580075,0.053499967891849,54.65090840857049,55.90195498194742,56.3224775359656,39.26503194640533,19.21770318596058,1.0353962343769705,70893.9,3898195.35,58.7,53.3,-0.2656377979048858,-0.0988436552060783,0.0131332082551596,0.0018552875695732,53.9,1.228500330899245,57.30492397035274,54.50999999999976,51.71507602964679,0.4087631711256613,0.1025472012604288,27.777777777777768,25.0,53.81999999999971,53.939999999999785,192623.0,84700.55,-72.22222222222223,-43.26513213981255,58.86311470336917,57.325,57.3,,,,0.0,0.0,0.0,0.0,0.0,0.0,,0.0,0.0,0.0491,0.1027,0.0,1.38,-0.01,0,False,0,False,False,False,False,1.2731560825402468,False,False,False,False,True,False,False,False,True,True,False,False,False,False,False,False,True,False,10.0,0.0,8.70370370370371,0.0,0.4871945425219934,False,False,False,False,False,False,False,-1,False,5,False,False,363.5778953356664,,3,False,3,False,True,False,True,"market_above_ma60, avoid_chase, kd_golden_cross, obv_uptrend, mfi_strong",,close_below_ema20
2026-07-29,331.0,336.0,315.5,321.5,7550654,2443552530,2376,技嘉,,-0.0335872260585006,1.0317726077316065,-1.065359833790107,338.2207677146625,327.2609520183736,306.91531601348333,41.56087082908294,12.547586352371434,13.815991215086056,5998227.25,2024484462.2,354.5,325.0,0.0601947563224431,0.0977181116227884,-0.0761494252873563,-0.0168195718654434,327.0,1.4684963681611336,355.42301882398084,337.6,319.7769811760192,0.04833689626312,0.1055866044074693,14.117647058823527,38.86226095376393,341.4,338.9,178569708.0,188592536.5,-85.88235294117646,-154.2802486848396,52.0285428143769,348.5,315.5,,,,0.0,0.0,0.0,0.0,0.0,0.0,,0.0,0.0,0.6855,-0.1256,0.0,20.22,-0.53,0,False,0,False,False,False,True,1.258814260496716,False,False,False,False,True,True,False,False,False,False,False,False,False,False,False,False,True,True,20.0,25.0,10.26438569206843,0.0,-0.2479328686513853,False,False,False,False,False,False,False,-1,False,5,False,False,389.61294818115056,,3,True,3,True,True,True,True,"ema60_gt_ema120, market_above_ma60, avoid_chase, liquidity_ok, mfi_strong",,"macd_death_cross, close_below_ema20, close_below_swing_low"
2026-07-29,115.0,118.5,107.0,107.5,6215546,691025148,2375,凱美,,-16.13490216657769,-8.50411828819153,-7.630783878386159,153.45132514985582,151.81948362575866,132.23254885591143,26.820330966552632,30.069579597706767,14.351506542094366,11773930.25,2261059271.75,232.5,118.5,-3.662063150707493,0.8819676173858528,-0.261168384879725,-0.0928270042194092,118.5,0.350710944010134,237.7120386336494,167.1,96.48796136635058,0.0779756458440626,0.8451470811926919,0.9615384615384616,2.9871794871796737,126.1,136.35,537501349.0,582822122.85,-99.46524064171123,-126.13001980911228,15.187002450826498,175.55,152.0,,,,0.0,0.0,0.0,0.0,0.0,0.0,,0.0,0.0,0.1839,0.0933,0.0,15.17,0.47,0,False,0,False,False,False,True,0.527907492912148,False,False,True,False,True,True,False,False,False,False,False,False,False,False,False,False,False,False,20.0,25.0,116.27906976744188,0.0,-0.585817894514409,False,False,False,False,False,False,False,-1,False,5,False,False,403.2492601949485,,8,False,3,False,True,True,True,"ema60_gt_ema120, market_above_ma60, avoid_chase, liquidity_ok, adx_trending",,"close_below_ema20, close_below_swing_low"
2026-07-29,140.5,144.5,133.0,137.5,17643297,2432294116,2377,微星,,2.0148331773308144,3.4374001896677293,-1.422567012336915,143.31608660699212,132.58487820853247,122.56240470449792,45.22173655677069,20.29531602016815,7.730374746416062,17202133.5,2501242453.95,155.0,139.0,0.0550344740780504,0.5752321635877111,-0.1129032258064516,-0.0107913669064748,139.0,0.6723061566856693,153.54221489532097,144.67500000000018,135.8077851046794,0.0954197521599246,0.122581163232359,22.641509433962263,35.84905660377384,144.30000000000072,145.05000000000035,483017569.0,497202852.6,-77.35849056603773,-133.9171683999266,47.30096585987675,133.375,120.35,,,,0.0,0.0,0.0,0.0,0.0,0.0,,0.0,0.0,-0.0923,0.1239,0.0,15.43,0.57,0,False,0,False,False,True,True,1.0256458595673612,False,False,True,False,True,True,False,False,False,False,False,False,False,False,False,False,False,False,10.0,25.0,12.727272727272728,0.0,-0.0911619977605248,False,False,True,False,False,False,False,-1,False,6,False,False,429.16251462254735,,3,True,3,False,True,True,True,"ema60_gt_ema120, market_above_ma60, avoid_chase, liquidity_ok, adx_trending, above_ichimoku_cloud",,"close_below_ema20, close_below_swing_low"
2026-07-29,742.0,777.0,715.0,738.0,5605659,4138656093,2379,瑞昱,,3.562123631978352,10.596394174816432,-7.034270542838081,747.4909883504081,693.5545895741399,633.3111493371764,49.35604160134943,19.5759059058879,45.15808036849912,5116118.45,3947300767.5,840.0,709.0,-0.5567067684654133,0.7044944098944312,-0.0067294751009421,0.0095759233926129,731.0,0.67107233353172,835.228793093484,762.15,689.071206906516,0.3347673861478065,0.1917701058675694,52.12765957446808,58.15602836879407,744.0,735.5,15818833.0,13562975.15,-69.18238993710692,-48.7108063709733,48.045061309151485,730.5,700.0,,,,0.0,0.0,0.0,0.0,0.0,0.0,,0.0,0.0,0.206,-0.017,0.0,45.57,-0.33,0,False,0,False,False,True,True,1.095685929632845,False,False,False,False,True,True,False,False,False,True,False,False,False,False,False,False,False,True,0.0,0.0,13.821138211382117,0.0,0.1406382436408944,False,False,True,True,False,False,False,-1,False,6,True,False,432.6445182200192,,3,True,3,False,True,False,True,"ema60_gt_ema120, market_above_ma60, avoid_chase, liquidity_ok, obv_uptrend, above_ichimoku_cloud",long_upper_shadow,close_below_ema20
2026-07-29,18.9,19.05,18.75,18.8,89201,1687637,2380,虹光,,1.9278595736047104,2.513308822981964,-0.5854492493772541,18.03182362856802,13.039454524288686,9.937200951069704,59.71911800941412,40.544791176665775,1.0266739737553932,80569.65,1628296.5,22.2,18.8,-0.6408808239506115,2.900149323536476,-0.0157068062827225,-0.0079155672823217,18.95,0.3863193202461685,21.85224555885296,19.87499999999998,17.897754441146997,0.2281571843247443,0.1989681065512436,4.347826086956589,30.782608695652016,19.2,19.22999999999997,8110734.0,8283382.55,-97.61904761904758,-91.27864005912808,40.58114654101095,5.867500000000001,5.61,,,,0.0,0.0,0.0,0.0,0.0,0.0,,0.0,0.0,-0.0851,-0.2662,0.0,0.32,0.0,0,False,0,False,False,True,True,1.107129049213941,False,True,True,False,True,False,False,False,False,False,False,False,False,False,False,False,False,False,20.0,0.0,18.085106382978715,0.0,-0.2308981589401478,False,False,True,False,False,False,False,-1,False,6,False,False,433.3005125848576,,8,False,3,False,False,False,False,"ema60_gt_ema120, rsi_strong, market_above_ma60, avoid_chase, adx_trending, above_ichimoku_cloud",,
2026-07-29,319.0,322.5,301.5,309.5,28018749,8733032083,2382,廣達,,-13.089154273181464,-7.869620955697019,-5.219533317484445,341.5743943349724,344.6584704662493,330.2444873499627,31.704199117884727,23.88167946076609,14.351729862510862,21389772.35,7423046836.7,381.0,313.5,-1.1492472377380782,0.1038034225964046,-0.0592705167173251,-0.0127591706539075,313.5,0.9955161510944714,403.8360517916044,350.7,297.56394820839563,0.1123159454753683,0.3030285246170764,16.842105263157894,14.883876357561045,321.8,325.55,303548900.0,353239288.85,-90.41916167664672,-107.04751735184188,39.021903737388165,367.75,363.25,,,,0.0,0.0,0.0,0.0,0.0,0.0,,0.0,0.0,1.0287,0.2366,0.0,19.84,-0.08,0,False,0,False,False,False,True,1.3099133801674143,False,False,True,False,True,True,False,False,True,False,False,False,False,False,False,False,False,False,20.0,12.0,23.101777059773827,0.0,-0.5701465798852707,False,False,False,False,False,False,False,-1,False,6,False,False,453.2573748430509,,3,False,3,False,True,True,True,"ema60_gt_ema120, market_above_ma60, avoid_chase, liquidity_ok, adx_trending, kd_golden_cross",,"close_below_ema20, close_below_swing_low"
2026-07-29,4380.0,4475.0,3985.0,4100.0,3470983,14382479040,2383,台光電,,-189.52654313243147,-95.68351300484866,-93.8430301275828,4892.180344505361,4774.484295289284,4098.082224062953,35.372501075893084,18.44899671593789,366.1880675675382,2338457.2,11754048639.15,6080.0,4395.0,-1.3222915474745018,0.051685512315797,-0.1999999999999999,-0.0702947845804988,4410.0,1.065503349665548,5961.365583070974,5038.0,4114.634416929026,-0.0079244977273,0.3665603743830782,8.88030888030888,29.17222417222365,4635.0,4701.0,135546231.0,145231806.0,-92.40924092409242,-161.0820404541142,21.69197690753174,5285.0,4590.0,,,,0.0,0.0,0.0,0.0,0.0,0.0,,0.0,0.0,1.2069,0.1354,0.0,43.49,-0.2,0,False,0,False,False,False,True,1.4843046945652885,False,False,False,False,True,True,False,False,False,False,False,False,False,False,False,False,False,False,20.0,25.0,48.29268292682927,0.0,-2.0,False,False,False,False,False,False,False,-1,False,4,False,False,285.8430469456529,,3,True,3,False,True,True,True,"ema60_gt_ema120, market_above_ma60, avoid_chase, liquidity_ok",,"close_below_ema20, close_below_swing_low"
2026-07-29,103.0,103.5,99.2,101.5,5355387,538319815,2385,群光,,-3.4501083439909195,-4.0979196111982,0.6478112672072802,106.64081497237666,115.00621355821316,119.59654930153756,33.52780091078648,29.65976245440543,3.4011179355771946,4864207.5,513498468.05,107.5,102.5,-0.1692791686576751,-0.5634000639883243,-0.0469483568075117,-0.0145631067961164,103.0,0.6069009193786551,108.96994318135847,105.45,101.93005681864152,-0.0610886023557263,0.0667604206990703,26.13636363636361,36.4898989898987,104.6,104.45,-89651388.0,-81429835.25,-76.53061224489798,-209.9249102187392,41.833309729960185,129.625,131.5,,,,0.0,0.0,0.0,0.0,0.0,0.0,,0.0,0.0,-0.0548,0.0916,0.0,21.57,0.32,0,False,0,False,False,False,False,1.1009783196954488,False,False,True,False,True,True,False,False,False,False,False,False,False,False,False,False,False,True,10.0,25.0,5.911330049261084,0.0,-0.3038149415512557,False,False,False,False,False,False,False,-1,False,4,False,False,317.3640038983394,,3,False,3,False,True,True,True,"market_above_ma60, avoid_chase, liquidity_ok, adx_trending",,"close_below_ema20, close_below_swing_low"
2026-07-29,70.5,71.0,65.1,67.4,7735237,521417197,2388,威盛,,-0.508073799157998,-0.2163328280394076,-0.2917409711185903,72.09589125666739,71.19704143501465,67.47080601269542,42.95598061478298,13.891241629430914,4.853046310986233,6915234.9,499309405.95,75.8,65.9,0.0149825932265613,-0.1478378645685151,-0.1001335113484646,-0.0343839541547277,69.8,0.7203489104789993,76.75224307367334,71.87500000000054,66.99775692632774,0.0412367261172158,0.1357145898761117,33.80281690140849,52.10645773093287,71.88000000000102,71.74000000000088,112569980.0,128665421.8,-68.2119205298013,-162.43949661181068,62.14295752959851,76.42500000000001,70.85,,,,0.0,0.0,0.0,0.0,0.0,0.0,,0.0,0.0,0.3401,0.124,0.0,15.82,0.42,0,False,0,False,False,False,True,1.1185790666344535,False,False,False,False,True,True,False,False,False,False,False,False,False,False,False,False,True,True,0.0,25.0,12.462908011869423,0.0,-0.78360325993238,False,False,False,False,False,False,False,-1,False,5,False,False,371.782551547156,,3,True,3,True,True,False,True,"ema60_gt_ema120, market_above_ma60, avoid_chase, liquidity_ok, mfi_strong",,"macd_death_cross, close_below_ema20"
2026-07-29,38.0,38.1,36.7,37.6,881193,32846917,2387,精元,,-0.5279177043021761,-0.4262148481061387,-0.1017028561960373,38.89694097460736,39.7116481545909,40.27084624799463,36.47951671858772,18.210065159548584,0.9232114037852814,567882.5,22518384.75,41.35,37.85,-0.4335320912167865,-0.0691218379085685,-0.0284237726098192,-0.0066050198150594,37.85,0.7795450499899476,41.495938346941216,39.24750000000004,36.99906165305886,0.1336346063832861,0.1145774047743767,33.333333333333336,34.795321637426845,38.33000000000029,38.42000000000026,4840144.0,7616255.1,-75.67567567567569,-123.33049161693648,15.556770027306657,40.962500000000006,40.875,,,,0.0,0.0,0.0,0.0,0.0,0.0,,0.0,0.0,-0.1757,0.041,0.0,9.25,-0.07,0,False,0,False,False,False,False,1.5517171245812291,True,False,False,False,True,False,False,False,False,False,False,False,False,False,False,False,False,False,0.0,12.0,9.97340425531915,0.0,-1.0279711662535476,False,False,False,False,False,False,False,-1,False,3,False,False,135.1815172507697,,3,False,3,False,True,True,True,"volume_break, market_above_ma60, avoid_chase",,"close_below_ema20, close_below_swing_low"
2026-07-29,10.65,10.65,9.9,10.05,814950,8215849,2390,云辰,,-0.3751506769058146,-0.1479063221341342,-0.2272443547716803,11.423301275495188,11.37812795147749,11.010453388004438,30.66422741857737,24.30456444860017,0.5420796985579729,1269039.65,15814936.3,13.45,10.5,-1.1809944135284582,0.3334925790244539,-0.1145374449339206,-0.0428571428571428,10.5,0.588382716570775,13.627580809757893,11.809999999999992,9.99241919024209,0.0158399586551477,0.3078036934391028,7.692307692307713,7.699237699237831,10.690000000000056,11.075,24103147.0,26147911.35,-95.38461538461536,-146.25092798812156,35.63622411526134,11.9125,11.465,,,,0.0,0.0,0.0,0.0,0.0,0.0,,0.0,0.0,0.1756,-0.0529,0.0,3.45,-0.11,0,False,0,False,False,False,True,0.6421785166444564,False,False,True,False,True,False,False,False,False,False,False,False,False,False,False,False,False,False,20.0,25.0,33.83084577114426,0.0,-0.2431966693475845,False,False,False,False,False,False,False,-1,False,4,False,False,323.5034251342736,,3,False,3,False,True,True,True,"ema60_gt_ema120, market_above_ma60, avoid_chase, adx_trending",,"close_below_ema20, close_below_swing_low"
2026-07-29,35.0,35.1,32.85,33.6,3397522,114540802,2392,正崴,,-0.9393591778759216,-0.736230487914822,-0.2031286899610995,36.212280350031136,37.15474318063409,38.05864514282204,36.49286107008788,13.129861371593462,1.5365019738031864,1904565.15,69893192.1,39.8,34.4,-0.6000748443241726,,-0.0666666666666666,-0.033093525179856,34.75,1.012329979400041,39.57069504339968,36.49499999999998,33.419304956600286,0.0293746683026133,0.1685543248883244,15.789473684210526,32.83517435564196,35.170000000000435,35.365000000000144,23567069.0,31207628.85,-85.4368932038835,-148.5179268725595,23.856353841256407,38.925,22.125,,,,0.0,0.0,0.0,0.0,0.0,0.0,,0.0,0.0,-0.4248,-0.0907,0.0,6.44,0.31,0,False,0,False,False,False,False,1.7838833184572342,True,False,False,False,True,True,False,False,False,False,False,False,False,False,False,False,False,False,20.0,25.0,18.45238095238094,0.0,-1.2403713672099492,False,False,False,False,False,False,False,-1,False,4,False,False,237.95437677805296,,3,False,3,False,True,True,True,"volume_break, market_above_ma60, avoid_chase, liquidity_ok",,"close_below_ema20, close_below_swing_low"
2026-07-29,63.6,63.8,60.4,61.2,3514275,216091199,2393,億光,,-1.2839836151816826,-0.5326842058054457,-0.7512994093762368,66.65789803886005,67.29467309475304,66.19209447995785,29.91125932732038,17.763712892097647,2.1457808784757604,3018863.35,204733743.05,71.0,63.2,-0.5100165193188215,-0.0184865974216387,-0.0879284649776451,-0.0316455696202531,63.2,0.7574084630640817,72.44602930244626,67.59999999999964,62.75397069755301,-0.160334430578912,0.1433736480013802,9.195402298850627,8.759850342278392,64.3800000000003,65.92999999999992,84497557.0,95517819.9,-93.10344827586204,-218.9763027333522,25.966624203222324,67.9,67.65,,,,0.0,0.0,0.0,0.0,0.0,0.0,,0.0,0.0,0.1058,0.033,0.0,26.09,-1.28,0,False,0,False,False,False,True,1.1641053577334,False,False,False,False,True,True,False,False,True,False,False,False,False,False,False,False,False,False,20.0,25.0,16.013071895424833,0.0,-1.697625170286371,False,False,False,False,False,False,False,-1,False,5,False,False,351.2695515338975,,3,False,3,False,True,True,True,"ema60_gt_ema120, market_above_ma60, avoid_chase, liquidity_ok, kd_golden_cross",,"close_below_ema20, close_below_swing_low"
2026-07-29,56.9,56.9,52.5,54.0,785384,42354985,2397,友通,,-0.9726490955357788,-0.7662106447692636,-0.2064384507665153,57.935239110145446,59.15147638281191,59.9112075500934,37.03818174772461,15.52120835078355,2.3923267349863773,468392.95,27249296.7,61.1,54.7,-0.2879026462697608,-0.1232507393066898,-0.0893760539629004,-0.033989266547406,55.9,0.7597713717570744,62.06955320663493,58.125,54.18044679336507,-0.0228729065007351,0.1357265619487287,17.241379310344822,33.452754142408594,57.320000000000434,57.15,14326492.0,16027295.0,-82.75862068965517,-160.2557347103665,41.65779894773651,63.3,62.400000000000006,,,,0.0,0.0,0.0,0.0,0.0,0.0,,0.0,0.0,0.3137,0.0818,0.0,14.26,0.51,0,False,0,False,False,False,False,1.6767630682741916,True,False,False,False,True,False,False,False,False,False,False,False,False,False,False,False,False,True,20.0,25.0,13.14814814814815,0.0,-1.6523810876463727,False,False,False,False,False,False,False,-1,False,3,False,False,256.9390576309855,,3,True,3,True,True,True,True,"volume_break, market_above_ma60, avoid_chase",,"macd_death_cross, close_below_ema20, close_below_swing_low"
2026-07-29,549.0,565.0,529.0,550.0,5325464,2910658765,2395,研華,,20.762523170668945,20.406267536777705,0.3562556338912372,542.5027478311174,492.8053061010987,441.34798401808007,54.76222135442759,23.426374157634733,30.42213699324473,3856246.05,2126398902.65,600.0,513.0,0.6909249117032273,0.3541334042846784,-0.0771812080536913,-0.0107913669064748,556.0,0.927688967825235,600.1605832673233,540.775,481.38941673267664,0.5776703662105482,0.2196313929723946,45.38152610441768,54.21686746987931,572.8,558.6,82343486.0,87139255.95,-54.618473895582326,19.40265969042968,46.323943606764026,484.5,437.0,,,,0.0,0.0,0.0,0.0,0.0,0.0,,0.0,0.0,0.7339,0.3089,0.0,35.24,-0.26,0,False,0,False,False,True,True,1.3809969413129124,False,False,True,False,True,True,False,False,False,False,False,False,False,False,False,False,False,True,0.0,0.0,9.090909090909092,0.0,-0.4458660568182239,False,False,True,True,False,False,False,-1,False,6,True,False,438.4595767313105,,3,True,3,False,False,False,False,"ema60_gt_ema120, market_above_ma60, avoid_chase, liquidity_ok, adx_trending, above_ichimoku_cloud",long_upper_shadow,
2026-07-29,34.95,35.0,30.9,32.45,3873365,123684961,2399,映泰,,-3.5340299564762887,-2.588196400704329,-0.9458335557719596,40.83937718815768,42.87848340682008,39.18960620271599,29.598147936150056,29.34797831966796,2.938179521100092,7169371.8,340611005.4,55.0,34.3,-2.387320856100999,-0.241201370585272,-0.1774397972116603,-0.0539358600583088,34.3,0.3007843169826881,55.29665509640505,42.66249999999995,30.028344903594853,0.095837635280186,0.5922838603647284,16.315789473684255,18.92120583590683,36.16000000000004,37.30499999999993,399951601.0,418608235.65,-92.09183673469386,-119.48474977790931,18.25903062335824,49.962500000000006,44.875,,,,0.0,0.0,0.0,0.0,0.0,0.0,,0.0,0.0,-0.1032,-0.1726,0.0,5.08,0.22,0,False,0,False,False,False,True,0.5402656059768026,False,False,True,False,True,True,False,False,False,False,False,False,False,False,False,False,False,False,20.0,25.0,69.49152542372879,0.0,-0.7942493215558839,False,False,False,False,False,False,False,-1,False,5,False,False,320.8716642010974,,3,False,3,False,True,True,True,"ema60_gt_ema120, market_above_ma60, avoid_chase, liquidity_ok, adx_trending",,"close_below_ema20, close_below_swing_low"
2026-07-29,25.95,26.1,23.3,24.15,7229079,174412262,2401,凌陽,,-1.2017935695225574,-0.5134391252985583,-0.6883544442239992,28.825123963671725,28.485226132168197,26.541488707948464,34.16342036293739,21.31124139560869,2.124724737479811,8596468.15,267734271.3,34.3,25.85,-1.4251310320070665,0.2453720993387004,-0.1923076923076923,-0.0657640232108318,25.85,0.478934145188607,35.340591292274055,29.864999999999878,24.389408707725693,-0.0218614479191945,0.3666895223354565,12.056737588652451,17.67919548331277,26.759999999999856,27.509999999999856,344168231.0,373557831.95,-92.20183486238534,-155.11586075547572,36.18911589375052,29.575,27.275,,,,0.0,0.0,0.0,0.0,0.0,0.0,,0.0,0.0,0.3525,0.0134,0.0,18.34,0.15,0,False,0,False,False,False,True,0.8409359371615888,False,False,True,False,True,True,False,False,False,False,False,False,False,False,False,False,False,False,20.0,25.0,42.028985507246375,0.0,-0.3956083338797908,False,False,False,False,False,False,False,-1,False,5,False,False,383.6620593650584,,3,False,3,False,True,True,True,"ema60_gt_ema120, market_above_ma60, avoid_chase, liquidity_ok, adx_trending",,"close_below_ema20, close_below_swing_low"
2026-07-29,53.3,53.6,47.75,49.8,4539988,225993390,2402,毅嘉,,-3.2260841500343744,-2.232174518809267,-0.9939096312251072,60.01128425196353,63.06552066806537,61.71018247869761,25.866203444747043,22.007739681717947,3.0015288200176435,3631601.6,234084274.9,69.1,55.0,-1.3374982938284687,-0.2678660145238654,-0.1501706484641638,-0.0945454545454546,55.0,0.6242248613743597,71.57365125778654,61.565000000000055,51.55634874221357,-0.0877415296515192,0.3251409488438714,14.18685121107264,9.64123110544521,55.8,57.37999999999992,586630158.0,600581614.3,-89.00804289544239,-180.0590249705865,14.241019027360238,65.0,68.75,,,,0.0,0.0,0.0,0.0,0.0,0.0,,0.0,0.0,0.217,0.065,0.0,4.65,0.02,0,False,0,False,False,False,True,1.2501338252521972,False,False,True,False,True,True,False,False,True,False,False,False,False,False,False,False,False,False,20.0,25.0,38.75502008032129,0.0,-0.4534057826725407,False,False,False,False,False,False,False,-1,False,6,False,False,467.06046886045146,,3,False,3,False,True,True,True,"ema60_gt_ema120, market_above_ma60, avoid_chase, liquidity_ok, adx_trending, kd_golden_cross",,"close_below_ema20, close_below_swing_low"
2026-07-29,1025.0,1075.0,975.0,1015.0,3931840,4010486431,2404,漢唐,,-47.06498204076229,-21.62887753420168,-25.43610450656061,1166.8753098555264,1161.4066063453795,1094.6099774870895,34.271252613216845,21.95252004058879,76.97053549561507,2485888.15,3011342692.6,1385.0,1010.0,-1.278542878304985,0.264956428697513,-0.1361702127659574,0.0049504950495049,1010.0,1.1068485362535532,1396.131374174137,1201.25,1006.368625825863,0.0221452004090047,0.3244643066374809,14.545454545454543,10.128578456792336,1085.0,1129.5,99574707.0,102904640.65,-87.6923076923077,-168.98517673888247,36.13241032073841,1233.0,1151.0,,,,0.0,0.0,0.0,0.0,0.0,0.0,,0.0,0.0,0.509,-0.0515,0.0,37.96,0.26,0,False,0,False,False,False,True,1.5816640825131252,True,False,True,False,True,True,False,False,True,False,False,False,False,False,False,False,False,False,20.0,25.0,36.45320197044335,0.0,-0.2686841040490846,False,False,False,True,False,False,False,-1,False,7,True,False,532.5924315765423,,3,False,3,False,True,False,True,"ema60_gt_ema120, volume_break, market_above_ma60, avoid_chase, liquidity_ok, adx_trending, kd_golden_cross",long_upper_shadow,close_below_ema20
2026-07-29,31.0,31.35,27.8,28.75,13052174,374824681,2406,國碩,,-1.4779779267399746,-0.828502119393185,-0.6494758073467897,33.9923399248239,34.53153012421229,32.68287723631465,35.33292035159694,20.23349946432165,2.631168098202246,22187265.7,869061056.4,41.8,30.25,-1.7219024793545867,0.0897922401943157,-0.1855524079320112,-0.0680713128038897,30.85,0.2730156660982323,43.40505696181921,35.50500000000007,27.604943038180924,0.0724714370638793,0.4450109540526196,11.6564417177914,31.45440287836088,31.910000000000217,32.19000000000015,533567116.0,604276846.5,-92.27642276422766,-122.70292157229176,24.661142067976957,36.975,35.724999999999994,,,,0.0,0.0,0.0,0.0,0.0,0.0,,0.0,0.0,0.63,-0.1618,0.0,11.2,-1.82,0,False,0,False,False,False,True,0.5882732093481893,False,False,True,False,True,True,False,False,False,False,False,False,False,False,False,False,False,False,20.0,25.0,45.39130434782608,0.0,-1.2129560619986397,False,False,False,False,False,False,False,-1,False,5,False,False,356.3272593494982,,3,True,3,False,True,True,True,"ema60_gt_ema120, market_above_ma60, avoid_chase, liquidity_ok, adx_trending",,"close_below_ema20, close_below_swing_low"
2026-07-29,15.5,15.65,14.5,14.9,3063350,45540659,2405,輔信,,-0.5486129254769594,-0.3660598836552813,-0.182553041821678,16.695550206295316,17.023862189390254,16.954697058079333,32.30107968540618,16.666765303133147,0.836210867287784,2250207.35,38154203.95,17.75,15.4,-0.5909058515935202,0.1022505772516161,-0.115727002967359,-0.0324675324675324,15.4,1.0241973462057088,18.22265707091533,16.809999999999945,15.397342929084555,-0.1760310196027558,0.1680734171225927,14.54545454545456,11.899766899766597,15.93999999999978,16.305000000000017,152470205.0,163524773.55,-89.74358974358974,-229.34472934473024,41.6471397401242,18.7125,18.3,,,,0.0,0.0,0.0,0.0,0.0,0.0,,0.0,0.0,0.2312,0.0999,0.0,4.76,-0.17,0,False,0,False,False,False,True,1.3613634316855288,False,False,False,False,True,False,False,False,True,False,False,False,False,False,False,False,False,False,20.0,25.0,19.12751677852349,0.0,-0.2301595594132173,False,False,False,False,False,False,False,-1,False,4,False,False,325.85171960389664,,3,False,3,False,True,True,True,"ema60_gt_ema120, market_above_ma60, avoid_chase, kd_golden_cross",,"close_below_ema20, close_below_swing_low"
2026-07-29,378.0,378.0,353.5,353.5,56511023,20313584487,2408,南亞科,,-1.8280720422755508,6.6686802447246265,-8.496752287000177,411.7200975665087,377.00531657900245,322.1608759511706,42.08288861506791,12.894149812463388,37.24461499764861,83815411.8,35530644225.65,481.0,381.0,-0.2586071867035092,0.7659884623744149,-0.2065095398428731,-0.0993630573248407,392.5,0.7049046348197779,470.31602961851104,415.975,361.633970381489,-0.0748418868633122,0.2612706514502603,0.0,21.82096191270466,401.8,407.5,4748199113.0,4879791817.85,-100.0,-195.60566637756537,59.2167215063497,400.125,352.0,,,,0.0,0.0,0.0,0.0,0.0,0.0,,0.0,0.0,6.2134,0.0621,0.0,12.42,0.05,0,False,2,False,False,False,True,0.6742318839266265,False,False,False,False,True,True,False,False,False,False,False,False,False,False,False,False,True,False,20.0,25.0,36.06789250353607,0.0,-0.2543430007584549,False,False,False,False,False,False,False,-1,False,5,False,False,368.6902028301648,,3,True,3,False,True,True,True,"ema60_gt_ema120, market_above_ma60, avoid_chase, liquidity_ok, mfi_strong",,"close_below_ema20, close_below_swing_low"
2026-07-29,141.0,142.5,139.0,140.5,36601235,5157010117,2412,中華電,,-0.1620149274589835,-0.6686255311480334,0.5066106036890499,139.16172633397258,139.0336550388025,137.62859527440594,54.7420813346117,19.215287883455822,2.267097543332649,22603841.5,3118288509.1,141.5,133.0,-0.0077895789120914,0.0240322981562647,0.0144404332129963,-0.00354609929078,141.0,0.8231704281513509,144.2275209137327,138.4,132.57247908626732,0.6801795335518486,0.0842127299672353,69.23076923076923,89.74358974358984,139.8,138.95,-120512138.0,-125038784.4,-19.047619047619047,63.8297872340419,64.04195466974289,142.0,140.0,,,,0.0,0.0,0.0,0.0,0.0,0.0,,0.0,0.0,0.114,0.0932,0.0,16.98,0.59,0,False,0,False,False,True,True,1.6192484361563055,True,False,False,False,True,True,False,False,False,True,False,False,False,False,False,False,True,True,0.0,0.0,0.7117437722419928,25.0,0.0866902674164526,False,False,False,True,False,False,False,-1,False,7,True,False,522.2327675705604,,3,False,3,False,False,False,False,"ema60_gt_ema120, volume_break, market_above_ma60, avoid_chase, liquidity_ok, obv_uptrend, mfi_strong",long_upper_shadow,
2026-07-29,24.8,25.15,23.05,23.65,251725370,6041718161,2409,友達,,-0.8034640963017274,-0.1196014320657517,-0.6838626642359757,26.412982938139447,24.94783570693494,21.899243315004007,38.8756740720321,22.918718876221888,2.0476765521575917,297904018.2,8645722185.1,32.7,23.9,-1.5132568465815397,0.7141408541314379,-0.0833333333333333,-0.0104602510460251,23.9,0.6002435571401628,32.68101303129848,27.587499999999977,22.493986968701478,0.1134789509907093,0.3692623855948169,34.374999999999964,25.06844882516877,24.63999999999978,25.34499999999989,4339187404.0,4869597589.85,-84.28571428571429,-109.94989262705806,44.84109959769945,25.575,23.775,,,,0.0,0.0,0.0,0.0,0.0,0.0,,0.0,0.0,0.1383,0.0467,0.0,10.63,0.04,0,False,0,False,False,False,True,0.8449881660575735,False,False,True,False,True,True,False,False,False,False,False,False,False,False,False,False,False,False,0.0,12.0,38.26638477801271,0.0,-0.4538310586651528,False,False,False,False,True,False,False,-1,False,5,True,False,350.0039089565939,,3,False,3,False,True,True,True,"ema60_gt_ema120, market_above_ma60, avoid_chase, liquidity_ok, adx_trending",open_high_close_low,"close_below_ema20, close_below_swing_low"
2026-07-29,39.1,39.15,34.6,36.65,1349008,48673491,2413,環科,,-3.1838814319227566,-2.7575565968995117,-0.4263248350232453,43.09673609978766,46.947995718018646,45.724412799512166,27.183460762524604,36.12936847724082,2.564120756532801,1275991.7,56943035.85,48.5,38.1,-1.3636442212783393,-0.2580320688681553,-0.1168674698795181,-0.0380577427821523,38.1,0.6662636796063922,50.60996315780061,43.48499999999994,36.36003684219927,0.0203483969936928,0.3276975121444489,23.837209302325544,18.034741101426945,39.47000000000007,40.38500000000003,250498647.0,253473545.1,-84.70149253731346,-144.69484307089573,27.139869775333707,57.6,54.65,,,,0.0,0.0,0.0,0.0,0.0,0.0,,0.0,0.0,0.3355,0.0194,0.0,4.53,0.11,0,False,0,False,False,False,True,1.057223177862364,False,False,True,False,True,True,False,False,True,False,False,False,False,False,False,False,False,False,10.0,25.0,32.33287858117326,0.0,-0.0832134577465605,False,False,False,False,True,False,False,-1,False,6,True,False,489.5736702856649,,8,False,3,False,True,True,True,"ema60_gt_ema120, market_above_ma60, avoid_chase, liquidity_ok, adx_trending, kd_golden_cross",open_high_close_low,"close_below_ema20, close_below_swing_low"
2026-07-29,56.6,56.6,53.4,55.3,480294,26188415,2414,精技,,-0.6877241713900304,0.1640920803290357,-0.8518162517190662,58.19903260884207,55.70807477038686,51.68425537925859,41.31033738829939,27.740246322055093,2.4496566371701185,532617.2,31793055.0,64.6,54.5,-0.6342413802093845,0.4462604137905753,-0.0349040139616055,-0.0107334525939177,55.9,0.6692674249461756,65.60061573241939,59.50999999999995,53.41938426758052,0.1543863391684065,0.2046921771944022,26.24999999999993,28.557226349282548,55.72000000000007,57.08999999999978,6942943.0,7304928.95,-85.51724137931038,-106.9639683309097,44.88364249476064,57.325,54.0,,,,0.0,0.0,0.0,0.0,0.0,0.0,,0.0,0.0,0.8726,0.2419,0.0,4.74,-0.38,0,False,0,False,False,False,True,0.9017620910477544,False,False,True,False,True,False,False,False,False,False,False,False,False,False,False,False,False,False,10.0,12.0,16.817359855334534,0.0,-0.134819839947822,False,False,False,False,False,False,False,-1,False,4,False,False,319.39978283110366,,3,False,3,False,True,False,True,"ema60_gt_ema120, market_above_ma60, avoid_chase, adx_trending",,close_below_ema20
2026-07-29,30.8,30.9,28.8,29.9,377792,11245383,2415,錩新,,-0.2898695229777033,0.604350795796371,-0.8942203187740743,33.506160714718895,31.823547839603567,30.049201162274795,36.61211806335268,22.40719364495427,1.86972116693222,837286.4,31066488.4,41.65,30.8,-1.209809420052882,0.5970797496506498,-0.1457142857142858,-0.0292207792207792,30.8,0.2292690221698902,40.783342094718485,35.2349999999999,29.686657905281315,0.0192257516819088,0.3149335657566965,15.602836879432592,12.441601410822235,31.99999999999982,33.004999999999924,13471605.0,15572470.15,-89.05472636815922,-160.43412455240158,24.278093778863703,28.875,28.8,,,,0.0,0.0,0.0,0.0,0.0,0.0,,0.0,0.0,0.092,0.1027,0.0,21.12,0.03,0,False,0,False,False,False,True,0.4512100041276198,False,False,True,False,True,False,False,False,True,False,False,False,False,False,False,False,False,False,20.0,25.0,39.297658862876254,0.0,-0.4059366267657511,False,False,True,False,False,False,False,-1,False,6,False,False,459.6408605200872,,3,False,3,False,True,True,True,"ema60_gt_ema120, market_above_ma60, avoid_chase, adx_trending, kd_golden_cross, above_ichimoku_cloud",,"close_below_ema20, close_below_swing_low"
2026-07-29,39.0,39.7,36.5,38.1,1487755,56180735,2417,圓剛,,-1.7989915739899516,-1.4729118983721643,-0.3260796756177873,41.9986775645513,43.80839884519924,43.0002208971944,30.142889172474696,21.35338110856349,2.1342795845979783,1209250.8,53858432.55,48.05,38.6,-1.0584583009450104,-0.4394776573542261,-0.0684596577017114,-0.0129533678756477,38.6,0.707257191242875,48.66575996356593,42.79750000000004,36.92924003643414,0.099753587165082,0.2742337736347166,27.58620689655176,31.780732727319144,39.90000000000036,40.24500000000008,26499521.0,28959096.95,-85.18518518518516,-126.3089851325145,28.298647483313047,47.7875,48.15,,,,0.0,0.0,0.0,0.0,0.0,0.0,,0.0,0.0,0.0496,0.1262,0.0,2.88,0.29,0,False,0,False,False,False,True,1.2303113630356912,False,False,True,False,True,True,False,False,False,False,False,False,False,False,False,False,False,False,10.0,25.0,26.115485564304446,0.0,-0.3548300039177193,False,False,False,False,False,False,False,-1,False,5,False,False,358.04515358334424,,3,False,3,False,True,True,True,"ema60_gt_ema120, market_above_ma60, avoid_chase, liquidity_ok, adx_trending",,"close_below_ema20, close_below_swing_low"
2026-07-29,23.7,23.85,22.0,22.9,1508089,34039131,2419,仲琦,,-1.358081399007002,-1.070007078500797,-0.2880743205062053,26.071714623649186,28.22026733103673,28.639704751030347,26.677544784789987,29.891343048012136,1.1405408962285954,1053364.95,28703874.95,29.7,23.5,-1.086941365559203,-0.3751544709069406,-0.1124031007751938,-0.025531914893617,23.5,0.720969218677519,30.08809938515221,26.542500000000015,22.996900614847824,-0.0136649130826248,0.2671639359632432,19.14893617021274,12.85064041494661,24.279999999999927,25.069999999999983,185054076.0,188913071.75,-86.95652173913045,-161.24367317425882,25.960257646625863,29.950000000000003,33.6,,,,0.0,0.0,0.0,0.0,0.0,0.0,,0.0,0.0,-0.0067,0.4892,0.0,1.2,-0.05,0,False,0,False,False,False,False,1.4316870900251617,False,False,True,False,True,False,False,False,True,False,False,False,False,False,False,False,False,False,20.0,25.0,29.694323144104807,0.0,-0.4553619349539102,False,False,False,False,False,False,False,-1,False,4,False,False,323.8525276808047,,3,False,3,False,True,True,True,"market_above_ma60, avoid_chase, adx_trending, kd_golden_cross",,"close_below_ema20, close_below_swing_low"
2026-07-29,129.5,130.0,118.5,124.5,3322402,408138821,2421,建準,,-5.145823729796604,-4.56001730728568,-0.5858064225109239,134.487656240275,141.71323440693445,143.65391814548948,35.62447745626956,28.517941651528368,6.412686773099431,1791234.75,243023870.6,149.0,125.5,-0.921891482958236,-0.2863818149964798,-0.0568181818181817,-0.0158102766798419,126.5,0.9657167936250164,152.41645122227567,136.3,120.18354877772435,0.1339144444004391,0.2364849775829149,36.36363636363637,42.3532023532019,129.2,129.4,322456507.0,328305767.15,-76.92307692307692,-112.00986056544173,28.95310568461176,153.625,153.5,,,,0.0,0.0,0.0,0.0,0.0,0.0,,0.0,0.0,0.1865,0.0964,0.0,28.55,0.12,0,False,0,False,False,False,False,1.8548110458442144,True,False,True,False,True,True,False,False,False,False,False,False,False,False,False,False,False,False,0.0,12.0,19.67871485943775,0.0,-0.3518718513851862,False,False,False,False,True,False,False,-1,False,5,True,False,376.3256482418199,,6,False,3,False,True,True,True,"volume_break, market_above_ma60, avoid_chase, liquidity_ok, adx_trending",open_high_close_low,"close_below_ema20, close_below_swing_low"
2026-07-29,54.6,55.3,52.0,53.8,1056818,56010190,2420,新巨,,-1.471795126772939,-0.9631519348672588,-0.5086431919056803,58.08532546100187,58.7003980052764,57.164860774389496,27.458166147026304,23.91626869878855,1.7908353140339346,518831.85,30176358.85,62.0,54.8,-0.6356694293897585,-0.0266717715207125,-0.0724137931034483,-0.0182481751824817,54.8,1.5536253960266475,63.36670933899151,58.809999999999945,54.25329066100838,-0.0497388166861546,0.1549637591903272,25.352112676056294,24.01621374382921,55.87999999999992,56.87999999999992,5624099.0,8904829.95,-81.25000000000003,-174.18439716312048,19.79232693422104,61.3,58.7,,,,0.0,0.0,0.0,0.0,0.0,0.0,,0.0,0.0,0.1073,0.1715,0.0,7.19,-0.19,0,False,0,False,False,False,True,2.0369181267495438,True,False,True,False,True,False,False,False,True,False,False,False,False,False,False,False,False,False,10.0,25.0,15.24163568773235,0.0,-2.0,False,False,False,False,False,False,False,-1,False,6,False,False,446.3691812674954,,3,False,3,False,True,True,True,"ema60_gt_ema120, volume_break, market_above_ma60, avoid_chase, adx_trending, kd_golden_cross",,"close_below_ema20, close_below_swing_low"
2026-07-29,68.0,69.5,64.1,66.5,363845,24104756,2423,固緯,,-1.2168796986342016,0.0574397269905925,-1.2743194256247945,74.78106772695256,72.35026403523088,66.65636067537615,34.96095053940179,16.977495610077504,4.186889875186141,280846.35,21566145.65,84.8,69.2,-0.2552532575256125,0.1330332864611709,-0.1109625668449197,-0.0390173410404625,69.2,1.1493428365468503,84.20374551149843,75.67500000000018,67.14625448850194,-0.0378868432426946,0.2254045724875645,13.79310344827589,10.919818023689004,71.8800000000003,74.60000000000018,3356841.0,4865324.75,-89.74358974358972,-195.074319192796,43.68650082533191,77.2,67.45,,,,0.0,0.0,0.0,0.0,0.0,0.0,,0.0,0.0,0.2666,0.1506,0.0,5.0,0.03,0,False,0,False,False,False,True,1.2955304564221684,False,False,False,False,True,False,False,False,True,False,False,False,False,False,False,False,False,False,20.0,25.0,27.5187969924812,0.0,-2.0,False,False,False,False,False,False,False,-1,False,4,False,False,303.9553045642217,,3,False,3,False,True,True,True,"ema60_gt_ema120, market_above_ma60, avoid_chase, kd_golden_cross",,"close_below_ema20, close_below_swing_low"
2026-07-29,7.71,7.71,7.3,7.65,66200,490416,2424,隴華,,-1.0212871037300797,-1.050079907536527,0.0287928038064473,9.125844163737137,13.18556962879832,20.2649191055713,26.63926185693434,31.85463210248857,0.557502562970191,85238.55,810142.05,10.5,7.78,-1.455456032478302,-1.6580188658867328,-0.1052631578947368,-0.0167095115681233,7.78,0.6733543161354739,10.783759538280467,9.161999999999988,7.54024046171951,0.0338396462883969,0.3540186724035103,18.13471502590676,14.42585738958769,8.141999999999825,8.458999999999833,-6648668.0,-6285470.7,-88.33333333333333,-151.1098618821196,5.819647481975423,13.822500000000002,18.66,,,,0.0,0.0,0.0,0.0,0.0,0.0,,0.0,0.0,0.9499,4.533,0.0,0.66,0.01,0,False,0,False,False,False,False,0.7766439011456671,False,False,True,False,True,False,False,False,True,False,False,False,False,False,False,False,False,False,20.0,25.0,37.25490196078431,0.0,-0.5736411504672765,False,False,False,False,False,False,False,-1,False,4,False,False,355.88274520584935,,8,False,3,False,True,True,True,"market_above_ma60, avoid_chase, adx_trending, kd_golden_cross",,"close_below_ema20, close_below_swing_low"
2026-07-29,44.0,44.65,41.0,44.15,4672485,200732395,2425,承啟,,1.5492055678489791,1.6203567835569732,-0.0711512157079941,43.011185837428926,39.01453698799737,35.93983616385618,55.59561719392376,36.62340168635102,2.681518159649688,4132079.6,184240031.0,46.85,41.25,0.4449796973438875,0.6159789636514803,-0.0221483942414174,0.0196304849884527,43.3,0.8985277014627461,47.10418376416181,43.04249999999983,38.98081623583786,0.636335084697155,0.1887289894481962,51.29870129870127,55.62770562770553,45.21999999999971,43.89499999999989,54659498.0,34474542.2,-44.82758620689656,3.469442220443562,65.13030575556337,37.975,34.8,,,,0.0,0.0,0.0,0.0,0.0,0.0,,0.0,0.0,3.7557,0.3546,0.0,8.87,-0.61,0,False,0,False,False,True,True,1.1307829113456576,False,True,True,False,True,True,False,False,False,True,False,False,False,False,False,False,True,True,0.0,0.0,6.115515288788228,0.0,1.3110093821739073,False,False,True,True,False,False,False,-1,False,9,True,False,692.0399416995435,,8,False,3,True,False,False,True,"ema60_gt_ema120, rsi_strong, market_above_ma60, avoid_chase, liquidity_ok, adx_trending, obv_uptrend, mfi_strong, above_ichimoku_cloud",long_upper_shadow,macd_death_cross
2026-07-29,55.8,56.3,50.3,50.3,8413489,437040546,2426,鼎元,,-4.850315570004199,-3.8234366785517233,-1.0268788914524754,63.09398696462039,64.39678480888257,55.18113274651532,33.47254984425257,20.99060269416979,6.053837425171197,15077595.5,1061892090.0,79.2,53.5,-1.9543342496729164,-0.2590950816480649,-0.1445578231292517,-0.0985663082437275,55.8,0.4737744702423147,81.60082545161146,64.63999999999992,47.67917454838837,0.0772611409476713,0.5247780152107538,0.0,35.24416135881135,58.23999999999978,57.57999999999974,427717756.0,436232563.7,-100.0,-113.80981399262936,30.91729922052231,73.925,62.650000000000006,,,,0.0,0.0,0.0,0.0,0.0,0.0,,0.0,0.0,0.1941,0.0676,0.0,6.74,-1.69,0,False,2,False,False,False,True,0.5580126486348569,False,False,True,False,True,True,False,False,False,False,False,False,False,False,False,False,False,True,20.0,25.0,57.45526838966204,0.0,-0.2282058114404417,False,False,False,False,False,False,False,-1,False,5,False,False,382.8416567490633,,3,False,3,False,True,True,True,"ema60_gt_ema120, market_above_ma60, avoid_chase, liquidity_ok, adx_trending",,"close_below_ema20, close_below_swing_low"
2026-07-29,214.0,217.0,197.0,209.0,1502480,307064487,2428,興勤,,-17.388108708317787,-7.732106279503451,-9.656002428814336,263.57072819972933,259.2835614453389,233.81157769827024,29.71986840702165,28.17192542287081,19.16867330379734,2108718.2,641452275.8,343.5,216.0,-2.2481186792724213,0.5120791416224113,-0.1867704280155642,-0.0324074074074074,216.0,0.3902608335352509,355.4527052064493,279.325,203.19729479355067,0.0381116519321913,0.5450833631536692,14.457831325301203,8.30186417310991,231.3,246.9,55650394.0,60205642.7,-91.04477611940298,-147.2741452615161,37.17590138044137,279.25,236.5,,,,0.0,0.0,0.0,0.0,0.0,0.0,,0.0,0.0,0.4662,0.1218,0.0,19.29,-0.02,0,False,0,False,False,False,True,0.7125086699588403,False,False,True,False,True,True,False,False,True,False,False,False,False,False,False,False,False,False,20.0,25.0,64.35406698564593,0.0,-0.6419128046066271,False,False,False,False,False,False,False,-1,False,6,False,False,474.4221330443089,,3,False,3,False,True,True,True,"ema60_gt_ema120, market_above_ma60, avoid_chase, liquidity_ok, adx_trending, kd_golden_cross",,"close_below_ema20, close_below_swing_low"
2026-07-29,35.15,36.0,31.2,31.2,768669,24677277,2429,銘旺科,,-2.2107230058405776,-0.924474832156008,-1.2862481736845697,40.76143782716179,44.280197006040495,50.52396759554327,31.99232738595346,16.443223575821953,3.344161878925835,1194475.4,53779907.4,49.05,34.65,-1.6292646805710471,-0.4603628749942232,-0.2371638141809291,-0.0995670995670995,34.65,0.8393336548629355,52.38570727126777,42.93000000000029,33.47429272873281,-0.120260318106694,0.4405174596444171,0.0,2.433090024330644,36.570000000000434,39.65500000000029,182971917.0,185649203.35,-100.0,-203.58949257627668,41.56676989419968,44.5125,49.275,,,,0.0,0.0,0.0,0.0,0.0,0.0,,0.0,0.0,-0.2462,-0.4822,0.0,1.1,-0.2,0,False,2,False,False,False,False,0.6435201595612602,False,False,False,False,True,True,False,False,False,False,False,False,False,False,False,False,False,False,20.0,25.0,57.21153846153846,0.0,-0.8238796331036744,False,False,False,False,False,False,False,-1,False,3,False,False,161.5486459983685,,3,False,3,False,True,True,True,"market_above_ma60, avoid_chase, liquidity_ok",,"close_below_ema20, close_below_swing_low"
2026-07-29,22.75,22.9,21.65,22.3,988864,21839052,2427,三商電,,-0.076287631684103,0.2786368698220116,-0.3549245015061146,23.661447732970693,23.30286723755417,23.657051304287435,39.892079059671545,18.05611310377605,0.9795054766824356,3261777.85,82467964.55,26.65,22.75,-0.4940224281077339,0.2926728686344455,-0.0669456066945606,-0.0197802197802197,22.75,0.178647947412907,26.89813657405036,24.34999999999991,21.801863425949456,0.0977452659177367,0.2092925317495246,20.31250000000005,12.117717999705444,22.92999999999993,23.54999999999991,-11625585.0,-13244767.45,-86.59793814432986,-125.84559772785953,54.21284593895096,22.8125,22.425,,,,0.0,0.0,0.0,0.0,0.0,0.0,,0.0,0.0,-0.1168,0.6879,0.0,2.59,0.0,0,False,0,False,False,False,False,0.3031671822776036,False,False,False,False,True,True,False,False,True,True,False,False,False,False,False,False,True,False,10.0,25.0,19.506726457399093,0.0,0.2860799475751573,False,False,False,False,False,False,False,-1,False,6,False,False,386.4646311936779,,3,False,3,False,True,True,True,"market_above_ma60, avoid_chase, liquidity_ok, kd_golden_cross, obv_uptrend, mfi_strong",,"close_below_ema20, close_below_swing_low"
2026-07-29,10.5,10.5,9.9,10.0,476107,4795812,2431,聯昌,,-0.2453372963879196,-0.1442499783489533,-0.1010873180389663,10.80510017137216,11.118227615731154,11.48332829288672,34.29163193797922,20.533858742207556,0.4209382638579374,386329.9,4329849.85,12.1,10.4,-0.817634140601964,0.0761930461015423,-0.0654205607476634,-0.0384615384615385,10.4,1.1512759088079163,12.18593310271248,11.019999999999982,9.854066897287485,0.0625821080013114,0.2116031039405624,9.090909090909062,19.52861952862016,10.45,10.55,26119400.0,27774128.75,-94.5945945945946,-123.59802602063702,21.09001886823916,11.375,11.275,,,,0.0,0.0,0.0,0.0,0.0,0.0,,0.0,0.0,-0.5102,-0.4074,0.0,1.09,-0.04,0,False,0,False,False,False,False,1.2323845500956565,False,False,True,False,True,False,False,False,False,False,False,False,False,False,False,False,False,False,20.0,25.0,21.0,0.0,-1.3147479189953724,False,False,False,False,False,False,False,-1,False,3,False,False,186.5468704730121,,3,False,3,False,True,True,True,"market_above_ma60, avoid_chase, adx_trending",,"close_below_ema20, close_below_swing_low"
2026-07-29,17.45,17.45,17.05,17.15,154655,2661307,2430,燦坤,,-0.2822686060061201,-0.2294381474661317,-0.0528304585399883,17.821435782954104,18.661165001778272,19.85828662071515,20.451589942832346,19.010791737465865,0.247367673326147,211723.05,3799065.55,18.3,17.3,-0.2433209690642202,-0.155306155392557,-0.0365168539325844,-0.0086705202312139,17.3,0.7753286324460614,18.44212707099116,17.872499999999945,17.30287292900873,-0.1341868538153508,0.0637434126161666,9.523809523809314,13.544973544973496,17.439999999999962,17.67999999999993,-4766638.0,-3744776.1,-90.90909090909108,-203.3812768104943,10.507951234588532,18.8125,20.0,,,,0.0,0.0,0.0,0.0,0.0,0.0,,0.0,0.0,-0.0336,-0.0425,0.0,2.56,-0.04,0,False,0,False,False,False,False,0.7304589651433796,False,False,False,False,True,False,False,False,False,False,False,False,False,False,False,False,False,False,20.0,25.0,6.705539358600595,0.0,-2.0,False,False,False,False,False,False,False,-1,False,2,False,False,118.3045896514338,,3,False,3,False,True,True,True,"market_above_ma60, avoid_chase",,"close_below_ema20, close_below_swing_low"
2026-07-29,27.65,28.45,27.0,27.6,77328,2128103,2432,倚天,,-0.0115052362560668,0.0728487913535053,-0.0843540276095721,28.259839672214618,27.94452735606938,27.53239327631702,43.07973335921263,19.206534883811827,0.6757073663639315,45375.9,1277002.2,28.8,28.05,-0.0357607077172784,0.1235993856363637,-0.031578947368421,-0.0195381882770869,28.15,2.4626588747919804,28.83209890480621,28.3025000000001,27.772901095193998,-0.1632377763859744,0.0374241784157657,38.70967741935491,47.294760197985546,28.190000000000147,28.27500000000009,230237.0,396197.55,-68.42105263157885,-214.7465437787991,34.15267213288833,27.9,27.65,,,,0.0,0.0,0.0,0.0,0.0,0.0,,0.0,0.0,0.4262,-0.0393,0.0,0.82,0.05,0,False,0,False,False,False,True,1.704164545496618,True,False,False,False,True,False,False,False,False,False,False,False,False,False,False,False,False,False,0.0,25.0,4.347826086956519,0.0,-0.5524371690037114,False,False,False,True,False,False,False,-1,False,4,True,False,285.4123994269217,,3,False,3,False,True,True,True,"ema60_gt_ema120, volume_break, market_above_ma60, avoid_chase",long_upper_shadow,"close_below_ema20, close_below_swing_low"
2026-07-29,55.8,55.8,49.7,51.8,3972920,204343132,2436,偉詮電,,-4.25533881770707,-3.346368783446746,-0.908970034260324,62.05901295504829,66.41139341525488,64.59573667400261,28.693050853285985,31.64445732858112,3.7935950482825023,3772269.85,251852394.6,77.7,55.0,-1.769095217893958,-0.4002037599723812,-0.1549755301794453,-0.0581818181818182,55.0,0.6458473689136995,78.27406181792186,63.88500000000003,49.495938182078206,0.080062961959481,0.4504676158072104,16.799999999999955,19.88873388289964,56.9,58.09000000000015,153939320.0,171250593.65,-90.18691588785047,-126.60256410256406,16.58197038761847,71.8,72.1,,,,0.0,0.0,0.0,0.0,0.0,0.0,,0.0,0.0,0.1828,-0.0628,0.0,10.45,-0.35,0,False,0,False,False,False,True,1.0531908262077274,False,False,True,False,True,True,False,False,False,False,False,False,False,False,False,False,False,False,20.0,25.0,50.000000000000014,0.0,-1.0427601880966035,False,False,False,False,False,False,False,-1,False,5,False,False,393.018786004918,,8,False,3,False,True,True,True,"ema60_gt_ema120, market_above_ma60, avoid_chase, liquidity_ok, adx_trending",,"close_below_ema20, close_below_swing_low"
2026-07-29,42.15,42.15,41.7,41.95,64282,2691675,2433,互盛電,,-0.4759942174543567,-0.5390066981308789,0.0630124806765221,42.34628903289691,43.50368591200794,44.65071103139381,38.93324715105421,7.832305772630524,0.532528788283649,70128.8,2970340.15,44.8,41.8,-0.1059831859787171,-0.1412963002602917,0.0035885167464115,-0.001190476190476,42.0,0.4407776495921071,43.39682138749794,42.13999999999978,40.88317861250162,0.4244124893601653,0.0596498048171885,43.750000000000334,37.91666666666666,41.979999999999926,41.93499999999985,-2326570.0,-2401695.75,-64.99999999999986,-55.01266739051721,57.7725484347009,43.95,44.55,,,,0.0,0.0,0.0,0.0,0.0,0.0,,0.0,0.0,0.025,-0.0172,0.0,0.96,-0.01,0,False,0,False,False,False,False,0.9166276907632812,False,False,False,False,True,False,False,False,False,True,False,False,False,False,False,False,True,True,0.0,0.0,6.79380214541119,0.0,0.2280130511326683,False,False,False,False,False,False,False,-1,False,4,False,False,281.9024335212248,,3,False,3,False,True,False,True,"market_above_ma60, avoid_chase, obv_uptrend, mfi_strong",,close_below_ema20
2026-07-29,17.15,17.2,16.0,16.6,149224,2457586,2438,翔耀,,-1.0792518014414192,-1.0030444092992137,-0.0762073921422055,18.64983125678672,20.527209962505925,21.56337363529316,42.74722079478144,9.839382102778176,1.843974554687323,163094.25,3189536.05,21.9,16.8,,,-0.0928961748633879,-0.0119047619047618,16.8,1.0234178162419434,27.16681045145029,18.279999999999973,9.393189548549651,0.4054778984441039,0.972298736482531,16.901408450704263,9.479956663054812,17.370000000000072,18.030000000000108,-42718.0,856579.65,-87.36842105263156,-50.87092075644318,13.588519883261895,23.7875,24.725,,,,0.0,0.0,0.0,0.0,0.0,0.0,,0.0,0.0,0.0456,-0.036,0.0,1.01,0.09,0,False,0,False,False,False,False,0.9149556161544627,False,False,False,False,True,False,False,False,True,False,False,False,False,False,False,False,False,False,20.0,0.0,31.927710843373475,0.0,-0.5677457584689369,False,False,False,False,True,False,False,-1,False,3,True,False,212.33660705991736,,3,False,3,False,True,True,True,"market_above_ma60, avoid_chase, kd_golden_cross",open_high_close_low,"close_below_ema20, close_below_swing_low"
2026-07-29,81.7,83.1,80.0,81.3,1716332,139891551,2439,美律,,-2.055598165130519,-1.6587054729540296,-0.3968926921764892,85.36973252183182,87.860084314561,90.4468807586641,32.81129275186822,25.438505320045408,2.0271568364068533,1478029.2,128623590.65,92.2,81.9,-0.615095985497831,-0.0489406437135408,-0.0367298578199053,-0.0073260073260074,81.9,0.906543156109797,92.84880586372296,86.15000000000018,79.45119413627738,0.137995181628921,0.1555149358960599,23.636363636363583,27.717996289425475,82.72000000000044,83.28000000000029,-8819105.0,-2599828.35,-87.00000000000003,-110.44539905041842,19.314806936769344,89.95,89.05000000000001,,,,0.0,0.0,0.0,0.0,0.0,0.0,,0.0,0.0,0.0015,-0.0753,0.0,10.99,-0.2,0,False,0,False,False,False,False,1.1612301028964789,False,False,True,False,True,True,False,False,False,False,False,False,False,False,False,False,False,False,10.0,12.0,13.40713407134072,0.0,-1.066154077586881,False,False,False,True,False,False,False,-1,False,4,True,False,290.8184520979222,,5,False,3,False,True,True,True,"market_above_ma60, avoid_chase, liquidity_ok, adx_trending",long_upper_shadow,"close_below_ema20, close_below_swing_low"
2026-07-29,15.1,15.25,14.7,15.05,706597,10555528,2440,太空梭,,-0.4511203431898565,-0.3527974708513057,-0.0983228723385507,16.119857770908087,16.53337900894744,16.126561770461926,38.5603108726941,22.09874550376974,0.7517912124813959,525689.55,8645640.6,18.0,15.1,-0.6396060986506447,-0.2126765451469658,-0.0652173913043479,-0.0033112582781456,15.1,1.072874347840249,17.77076756712121,16.292499999999972,14.814232432878732,0.0797445511100534,0.1814660202082236,18.91891891891898,20.127444517687763,15.549999999999908,15.744999999999935,4239782.0,5860281.15,-86.27450980392152,-147.0013947001393,45.454335950067374,18.375,18.375,,,,0.0,0.0,0.0,0.0,0.0,0.0,,0.0,0.0,0.5596,0.0203,0.0,1.28,-0.07,0,False,0,False,False,False,True,1.3441336241133193,False,False,True,False,True,False,False,False,False,False,False,False,False,False,False,False,False,False,20.0,25.0,19.60132890365448,0.0,-0.4205665822358007,False,False,False,True,False,False,False,-1,False,4,True,False,328.39453725430354,,3,False,3,False,True,True,True,"ema60_gt_ema120, market_above_ma60, avoid_chase, adx_trending",long_upper_shadow,"close_below_ema20, close_below_swing_low"
2026-07-29,19.05,19.25,18.75,19.1,2277879,43276731,2442,新美齊,,-0.0456486391708388,-0.013856771252751,-0.0317918679180877,19.27541071229702,19.40024642440168,20.149521482186422,44.990237488921714,10.168557357266524,0.3499241398535906,1152147.35,22258047.0,19.8,19.0,-0.0850074447269544,0.0874717480167071,-0.015463917525773,0.0052631578947368,19.0,1.4368874790923936,19.686618083480205,19.3150000000001,18.94338191652,0.2107245185881677,0.0384797394232567,41.17647058823539,26.36285283344114,19.20000000000018,19.26000000000004,-47896308.0,-48755700.9,-61.111111111110894,-151.81518151815158,39.62255632770852,19.5625,19.3,,,,0.0,0.0,0.0,0.0,0.0,0.0,,0.0,0.0,2.2009,-0.653,0.0,2.73,-0.13,0,False,0,False,False,False,False,1.977072637453881,True,False,False,False,True,False,False,False,True,True,False,False,False,False,False,False,False,False,0.0,0.0,3.6649214659685834,0.0,0.2492688020446418,False,False,False,True,False,False,False,-1,False,5,True,False,367.76195199907454,,3,False,3,False,True,False,True,"volume_break, market_above_ma60, avoid_chase, kd_golden_cross, obv_uptrend",long_upper_shadow,close_below_ema20
2026-07-29,108.5,108.5,98.6,98.6,7110604,715240766,2441,超豐,,-5.295303447158432,-1.4936218784637014,-3.8016815686947294,124.5353000137578,121.77042476744862,110.76920070685576,31.803473582823344,18.558130493131955,9.26523363786266,9059871.55,1225861540.25,145.0,109.5,-1.4437725196480198,0.4202994641313133,-0.2266666666666666,-0.0995433789954338,109.5,0.6497266493210422,153.78203525691868,129.72999999999993,105.6779647430812,-0.1471385824001145,0.3708014377078356,0.0,7.884748102139686,114.4199999999997,120.85999999999986,403814634.0,417840757.55,-100.0,-198.43597262952105,37.68339602348042,127.25,115.85,,,,0.0,0.0,0.0,0.0,0.0,0.0,,0.0,0.0,0.3315,0.0746,0.0,10.95,-0.27,0,False,1,False,False,False,True,0.7848460059017062,False,False,False,False,True,True,False,False,False,False,False,False,False,False,False,False,False,False,20.0,25.0,47.058823529411775,0.0,-0.1920849830405901,False,False,False,False,False,False,False,-1,False,4,False,False,300.54344026252994,,3,False,3,False,True,True,True,"ema60_gt_ema120, market_above_ma60, avoid_chase, liquidity_ok",,"close_below_ema20, close_below_swing_low"
2026-07-29,11.3,11.3,10.5,10.6,502356,5344898,2444,兆勁,,-0.5119626477964303,-0.4179873643664172,-0.093975283430013,11.692734384391123,12.383943354722415,12.510705379938974,28.6131921810575,28.12344682006242,0.4829305001422258,376790.2,4493972.3,12.9,10.9,-0.9629509531836844,-0.2671466094156555,-0.0660792951541849,-0.0275229357798165,10.9,0.7013977142138627,13.22336860092227,11.84499999999996,10.466631399077649,0.0483791493919368,0.2327342508944391,6.24999999999998,11.712962962962896,11.039999999999964,11.254999999999928,-2612534.0,-798523.2,-95.45454545454548,-121.4712643678163,17.149724654713808,13.3,13.425,,,,0.0,0.0,0.0,0.0,0.0,0.0,,0.0,0.0,-0.326,-0.0796,0.0,2.51,-0.1,0,False,0,False,False,False,False,1.3332512363644278,False,False,True,False,True,False,False,False,False,False,False,False,False,False,False,False,False,False,20.0,25.0,21.698113207547177,0.0,-0.9668467084668032,False,False,False,False,True,False,False,-1,False,3,True,False,206.73035186204265,,3,False,3,False,True,True,True,"market_above_ma60, avoid_chase, adx_trending",open_high_close_low,"close_below_ema20, close_below_swing_low"
2026-07-29,50.2,50.4,45.2,48.0,831568,39090443,1595,川寶,,-6.983640874720173,-5.653430008657645,-1.3302108660625285,61.58377864393445,67.86076555376569,63.01985081694422,20.762056956104203,41.14383599429612,4.254270045135356,602706.75,39155574.7,82.0,50.0,-2.603360835919717,-0.9059308095452608,-0.1519434628975264,-0.04,50.0,0.8768594216607933,83.16050776534104,63.86000000000004,44.55949223465903,0.0891299805987301,0.6044631307654554,15.642458100558644,9.581968792140591,52.42000000000007,55.41000000000004,36999309.0,40535251.9,-89.81818181818184,-130.16519395628652,19.120698666636954,82.82499999999999,74.2,,,,294000.0,4.0,0.0,0.0,-14882.0,0.0,,0.0,0.0,0.279,0.0882,0.0,0.0,0.0,0,False,0,False,False,False,True,1.379722394016659,False,False,True,False,True,False,True,False,True,False,False,False,False,False,False,False,False,False,20.0,25.0,70.83333333333334,0.0,-0.4791162653800919,True,False,False,False,False,False,False,-1,False,6,False,False,548.0478287556055,,8,False,3,False,True,True,True,"ema60_gt_ema120, market_above_ma60, avoid_chase, foreign_buy_3d, adx_trending, kd_golden_cross",,"close_below_ema20, close_below_swing_low"
2026-07-29,101.5,102.5,91.8,95.4,15018116,1430401426,1785,光洋科,,-11.137495642900204,-8.966737266723987,-2.1707583761762184,117.87276919113326,127.9193398362022,118.18088332602846,27.51925198194374,29.930023714355567,7.88853201693895,13996085.55,1842428012.9,156.0,101.0,-2.506430360621202,-0.6172374842453637,-0.1443946188340806,-0.0554455445544553,101.0,0.4312879181394014,161.59001954651532,123.22000000000008,84.84998045348482,0.1374773804027594,0.622788825621088,16.58986175115211,19.666340178872517,103.8800000000003,106.44000000000014,323257931.0,378404336.9,-93.5368043087971,-103.731466331824,19.791801262839613,145.125,138.5,,,,3822800.0,3.0,2000.0,3.0,4845.0,4.0,,0.0,0.0,0.7084,-0.2332,0.0,0.0,0.0,0,False,0,False,False,False,True,1.0730225923776238,False,False,True,False,True,True,True,False,False,False,True,True,False,False,False,False,False,False,20.0,12.0,63.52201257861634,0.0,-0.8353562838921689,True,True,False,False,False,False,False,-1,False,8,False,False,662.7059505170703,,3,False,3,False,True,True,True,"ema60_gt_ema120, market_above_ma60, avoid_chase, liquidity_ok, foreign_buy_3d, adx_trending, invest_trust_buy_2d, dealer_buy_3d",,"close_below_ema20, close_below_swing_low"
2026-07-29,68.6,68.7,61.2,62.7,20432594,1288278636,1815,富喬,,-8.2983186754618,-6.074396001262999,-2.2239226741988016,83.31748027542231,94.11779313190348,95.31984554054782,24.664826579481485,25.038507127029227,5.868710997799151,18020267.85,1674464672.05,111.0,67.9,-2.347483935200394,-0.5715477437999824,-0.2211180124223601,-0.0765832106038292,67.9,0.6621647741560118,110.2188850150589,86.75500000000011,63.29111498494132,-0.0125962726241188,0.5409229442696966,6.048387096774194,7.227048916951389,71.72000000000116,76.62000000000043,3687470728.0,3754730526.55,-96.12403100775194,-148.46281535222394,27.04909708297789,97.875,107.25,,,,4164952.0,3.0,-1248100.0,0.0,-352162.0,0.0,,0.0,0.0,0.4636,-0.0275,0.0,0.0,0.0,0,False,0,False,False,False,False,1.133867385883501,False,False,True,False,True,True,True,False,False,False,False,False,False,False,False,False,False,False,20.0,25.0,77.0334928229665,0.0,-1.0185081443176016,True,False,False,False,False,False,False,-1,False,5,False,False,444.1165761270238,,3,False,3,False,True,True,True,"market_above_ma60, avoid_chase, liquidity_ok, foreign_buy_3d, adx_trending",,"close_below_ema20, close_below_swing_low"
2026-07-29,50.7,50.7,48.4,49.75,46593,2299532,1583,程泰,,-0.157721499567522,-0.2396778323830462,0.0819563328155242,49.77634777575344,49.62366050504576,48.99225406542224,49.39683906023417,11.392944270560127,1.3888056420187078,22727.55,1127668.7,51.2,48.8,0.0309904495733414,0.0083109267681129,0.0081053698074975,-0.0020060180541625,49.85,0.7840214637054702,50.94814858202248,49.565000000000055,48.181851417977626,0.5668764015683116,0.0558115033601302,58.695652173913,50.294384057970696,49.659999999999854,49.67000000000007,432821.0,530555.3,-52.112676056338,-0.333555703803179,49.22287606373862,53.0125,53.25,,,,0.0,0.0,0.0,0.0,0.0,0.0,,0.0,0.0,-0.1132,0.7249,0.0,0.38,0.01,0,False,0,False,False,True,True,2.050066989182732,True,False,False,False,True,False,False,False,True,False,False,False,False,False,False,False,False,False,0.0,0.0,2.9145728643216136,8.0,-0.2285088124728119,False,False,False,False,False,False,False,-1,False,5,False,False,285.7585641421536,,3,False,3,False,True,False,True,"ema60_gt_ema120, volume_break, market_above_ma60, avoid_chase, kd_golden_cross",,close_below_ema20
2026-07-29,24.55,24.55,23.05,23.75,551685,13041424,1587,吉茂,,-1.0298032410338749,-0.91369131547254,-0.1161119255613347,25.800386525260997,28.56118286462124,31.98243692614133,28.630023406759506,25.693809273368696,0.9072170106166952,298761.0,7844569.45,28.8,24.35,-0.8398555067155428,-0.3713415239002539,-0.0594059405940594,-0.0246406570841889,24.35,1.1769295753561868,28.84427006731648,26.117500000000017,23.39072993268356,0.0658783209524548,0.2088078925866914,22.58064516129032,18.89051808406657,24.579999999999927,24.96000000000004,813817.0,2375210.15,-83.90804597701151,-143.03736050460964,12.837395892007692,29.0375,32.5,,,,0.0,0.0,0.0,0.0,0.0,0.0,,0.0,0.0,-0.1161,-0.1327,0.0,20.65,-0.11,0,False,0,False,False,False,False,1.8465763603683207,True,False,True,False,True,False,False,False,True,False,False,False,False,False,False,False,False,False,10.0,25.0,21.26315789473685,0.0,-0.544928032235504,False,False,False,False,False,False,False,-1,False,5,False,False,346.9266272168572,,6,False,3,False,True,True,True,"volume_break, market_above_ma60, avoid_chase, adx_trending, kd_golden_cross",,"close_below_ema20, close_below_swing_low"
2026-07-29,1420.0,1420.0,1275.0,1325.0,1289868,1713207150,1590,亞德客-KY,,6.825326813802121,5.037648237133792,1.7876785766683296,1365.610930918893,1338.0999352495398,1260.8422168816303,46.246191721697215,10.901327769881194,80.51563450565618,853032.55,1165979804.25,1440.0,1265.0,0.0389424745332682,-0.1355934714223674,-0.0734265734265734,-0.0293040293040293,1365.0,1.7827520285210203,1463.5049998750062,1363.5,1263.4950001249938,0.307509624278185,0.1466886686835441,37.2093023255814,61.2403100775197,1392.0,1370.0,31547843.0,32419140.85,-62.7906976744186,-41.02564102564127,49.535076484486034,1343.75,1325.0,,,,0.0,0.0,0.0,0.0,0.0,0.0,,0.0,0.0,0.4488,0.0008,0.0,80.78,0.12,0,False,0,False,False,False,True,1.512097047175984,True,False,False,False,True,True,False,False,False,False,False,False,False,False,False,False,False,True,0.0,0.0,8.679245283018867,0.0,-0.5473448094705785,False,False,False,False,True,True,False,-1,False,5,True,False,333.5528327581129,,3,True,3,False,True,False,True,"ema60_gt_ema120, volume_break, market_above_ma60, avoid_chase, liquidity_ok","open_high_close_low, gap_chase_after_blowout",close_below_ema20
2026-07-09,68.1,68.3,67.2,67.4,395101,26693218,1589,永冠-KY,,15.069550590427475,8.47263458795631,6.596916002471165,35.68271751892465,22.383785837675784,20.300611766144563,79.23543613850991,48.54164819689859,5.225730198189657,1340707.8,16824763.5,80.6,5.54,13.101738618619684,-0.1372973534711131,-0.1637717121588088,0.0,67.4,0.2865364090870901,83.52186680321336,26.158499999999936,-31.204866803213488,0.8594759364585429,4.385829982851735,82.19505713526443,82.1950571352645,67.59999999999982,44.37299999999991,-16112437.0,-8021964.0,-17.804942864735573,105.30712813838733,32.82325490193145,13.1075,13.595,97957.47983333336,True,-0.0279551354899363,0.0,0.0,0.0,0.0,0.0,0.0,-0.1358165766688724,0.0,0.0,-0.0537,-0.0533,0.0,2.04,0.0,0,False,0,False,False,True,True,0.2946958315600163,False,True,True,False,True,False,False,False,False,False,False,False,False,False,False,False,False,True,-20.0,-12.0,19.584569732937663,0.0,-1.7673745611530365,False,False,True,False,False,False,False,-1,False,6,False,False,309.7384635817637,11.6,8,True,3,False,False,False,False,"ema60_gt_ema120, rsi_strong, market_above_ma60, avoid_chase, adx_trending, above_ichimoku_cloud",,
2026-07-29,116.0,119.5,106.0,109.5,1737996,190111599,1597,直得,,-8.664136804488692,-7.172000056675305,-1.492136747813387,132.39146577596208,139.4752643116794,128.55533936200106,32.63418230492823,18.08151367407774,9.56701295140355,1384745.95,193106569.65,157.0,117.5,-1.3505433293319762,-0.7592021964226983,-0.1511627906976744,-0.0680851063829787,117.5,0.674583695397105,158.4445479466761,134.775,111.10545205332392,-0.0339138723084355,0.3512453785446274,10.9375,21.423611111111317,123.2,125.85,52565558.0,56264182.35,-91.66666666666669,-168.7687687687687,40.53555304204777,165.0,155.5,,,,0.0,0.0,0.0,0.0,0.0,0.0,,0.0,0.0,0.4525,-0.0417,0.0,7.82,0.17,0,False,0,False,False,False,True,1.2551009807972358,False,False,False,False,True,True,False,False,False,False,False,False,False,False,False,False,False,False,20.0,25.0,43.37899543378995,0.0,-0.2668824999471255,False,False,False,False,False,False,False,-1,False,4,False,False,304.3484198086069,,3,False,3,False,True,True,True,"ema60_gt_ema120, market_above_ma60, avoid_chase, liquidity_ok",,"close_below_ema20, close_below_swing_low"
2026-07-29,21.0,21.7,20.2,20.75,4037036,86248012,1598,岱宇,,0.0452267620097934,-0.0672615879073519,0.1124883499171454,19.80789705779308,19.96274995753046,20.227640765270483,63.217641322735794,18.07566027334708,0.6360600816877859,370638.25,7612214.3,20.3,19.6,0.2803591613660262,-0.115121554435746,0.0532994923857867,0.0506329113924051,19.75,1.7676616202762832,20.51215652857856,19.602500000000056,18.69284347142155,1.13073256990367,0.0928102567099607,64.15094339622642,52.66569908079328,19.91000000000004,19.94000000000005,5904894.0,1538186.55,-33.333333333333336,268.6567164179101,78.99157519184608,20.6875,20.75,,,,0.0,0.0,0.0,0.0,0.0,0.0,,0.0,0.0,0.1656,0.0469,0.0,1.68,0.07,0,False,0,False,False,True,False,10.892119202483824,True,True,False,True,False,False,False,False,False,True,False,False,True,True,False,True,True,False,0.0,-25.0,-2.168674698795177,25.0,2.0,False,False,False,True,True,True,False,-1,False,9,True,False,664.0,,3,False,3,False,False,False,False,"volume_break, rsi_strong, breakout_20d, market_above_ma60, obv_uptrend, bb_squeeze_breakout, breakout_volume_confirm, cci_momentum, mfi_strong","long_upper_shadow, open_high_close_low, gap_chase_after_blowout",
2026-07-29,28.4,28.7,27.35,28.0,508903,14134696,1603,華電,,-0.8394217150087293,-0.6749787829021767,-0.1644429321065526,29.83164972420766,31.22406909941653,32.80210376747403,31.584538501529195,25.86746773261516,0.7816528186645778,336445.95,10409936.6,32.9,28.55,-0.8206737056703116,-0.1206476607640304,-0.036144578313253,-0.0192644483362521,28.55,1.2692461419829746,33.5910484651603,30.29999999999982,27.00895153483934,0.1505672851147656,0.2172309217927721,28.888888888888825,43.872053872053584,28.85999999999949,28.9149999999996,5222808.0,7017010.2,-87.25490196078435,-98.40425531914885,15.52999009245852,31.725,31.875,,,,0.0,0.0,0.0,0.0,0.0,0.0,,0.0,0.0,0.043,0.0878,0.0,1.51,0.08,0,False,0,False,False,False,False,1.5125847108577173,True,False,True,False,True,False,False,False,False,False,False,False,False,False,False,False,False,False,10.0,12.0,17.499999999999996,0.0,-1.3719376038023932,False,False,False,False,False,False,False,-1,False,4,False,False,290.6625958629485,,5,False,3,False,True,True,True,"volume_break, market_above_ma60, avoid_chase, adx_trending",,"close_below_ema20, close_below_swing_low"
2026-07-29,23.45,23.55,23.25,23.45,633474,14821450,1604,聲寶,,-0.0039488203190494,0.005894810799138,-0.0098436311181874,23.36216392276092,23.447468043217256,23.71681617519229,52.6186158325036,11.967819114638724,0.2678758695828026,479809.55,11237544.85,23.8,23.1,-0.0332985946534975,0.0371256092376804,0.0107758620689655,0.0042826552462524,23.35,0.7295440452140447,23.736511689064397,23.405000000000065,23.073488310935737,0.5678709099623968,0.0283282793475178,76.92307692307666,64.10256410256382,23.290000000000145,23.35000000000009,-7088883.0,-8177700.0,-28.5714285714285,2.816901408450135,41.62392758434533,23.2625,24.25,,,,0.0,0.0,0.0,0.0,0.0,0.0,,0.0,0.0,0.0676,0.0638,0.0,8.24,0.04,0,False,0,False,False,True,False,1.3202613411925628,False,False,False,False,True,False,False,False,False,True,False,False,False,False,False,False,False,False,-10.0,0.0,1.492537313432842,15.0,1.2849647455530764,False,False,False,False,False,False,False,-1,False,3,False,False,218.62219035856253,,3,False,3,False,False,False,False,"market_above_ma60, avoid_chase, obv_uptrend",,
2026-07-29,30.85,30.95,28.35,29.35,42589062,1242893930,1605,華新,,-1.4054751143184134,-1.049280404902046,-0.3561947094163673,33.497292530683204,34.75198881431906,34.158419487092445,31.93602476055338,17.041081849135715,1.86002707587505,21300667.2,716035652.45,37.2,30.6,-0.8078822517160908,-0.1281864275967453,-0.1238805970149253,-0.0408496732026143,30.6,1.5157323289609803,37.35761821780352,33.762500000000045,30.16738178219657,-0.113679402550491,0.2129651665488912,15.87301587301588,19.54935230797309,31.82000000000007,32.47000000000007,1329854616.0,1442238677.75,-85.91549295774648,-202.9354963306294,24.72041413988857,38.075,36.775,,,,0.0,0.0,0.0,0.0,0.0,0.0,,0.0,0.0,0.2934,-0.0423,0.0,14.72,-0.41,0,False,0,False,False,False,True,1.999423849033236,True,False,False,False,True,True,False,False,False,False,False,False,False,False,False,False,False,False,20.0,25.0,26.74616695059625,0.0,-0.736030288437308,False,False,False,False,False,False,False,-1,False,5,False,False,366.1618750290846,,3,False,3,False,True,True,True,"ema60_gt_ema120, volume_break, market_above_ma60, avoid_chase, liquidity_ok",,"close_below_ema20, close_below_swing_low"
2026-07-29,28.55,28.6,26.85,27.55,3353291,92141645,1608,華榮,,-1.439260889779657,-0.9108570529129356,-0.5284038368667215,31.477758817582504,32.986927114073694,33.38830064789693,23.938242269166597,27.064942093917185,1.120369575894345,2870646.25,93903951.25,35.4,28.3,-1.1120986737342695,-0.1309023062967763,-0.0952380952380952,-0.0265017667844522,28.3,0.8131843843459168,36.61271107103189,32.24499999999989,27.877288928967893,-0.0374668703635839,0.2709078040646309,11.199999999999989,7.552777777778222,29.11999999999971,30.47999999999993,140914427.0,155604266.1,-90.78947368421052,-167.46937804733022,20.62412190001534,34.7,35.225,,,,0.0,0.0,0.0,0.0,0.0,0.0,,0.0,0.0,0.1335,-0.0149,0.0,1.99,0.01,0,False,0,False,False,False,False,1.1681310436630776,False,False,True,False,True,True,False,False,True,False,False,False,False,False,False,False,False,False,20.0,25.0,28.493647912885656,0.0,-1.098305745445965,False,False,False,False,False,False,False,-1,False,5,False,False,413.5016414912792,,3,False,3,False,True,True,True,"market_above_ma60, avoid_chase, liquidity_ok, adx_trending, kd_golden_cross",,"close_below_ema20, close_below_swing_low"
2026-07-29,11.65,11.75,11.15,11.45,986726,11248397,1611,中電,,-0.3364748607983721,-0.199978973051235,-0.136495887747137,12.414377776714735,12.615330862922448,12.654842501991649,29.66364269690807,23.54543730462622,0.3962218725201185,812000.95,10508487.15,13.85,11.8,-0.8742350671217626,0.1620157662038421,-0.0614754098360655,-0.0296610169491526,11.8,0.8818053076913226,13.99850663053862,12.660000000000014,11.32149336946141,0.0480037332676043,0.2114544440029389,19.99999999999993,13.841269841269726,11.879999999999928,12.084999999999946,-3995878.0,-62208.65,-86.66666666666671,-141.61958568738277,14.594490945787555,13.225,13.0,,,,0.0,0.0,0.0,0.0,0.0,0.0,,0.0,0.0,-0.1141,-0.038,0.0,10.07,-0.06,0,False,0,False,False,False,False,1.21517838125682,False,False,True,False,True,False,False,False,False,False,False,False,False,False,False,False,False,False,20.0,25.0,20.960698689956335,0.0,-1.1210993355878092,False,False,False,False,False,False,False,-1,False,3,False,False,188.69859178551448,,3,False,3,False,True,True,True,"market_above_ma60, avoid_chase, adx_trending",,"close_below_ema20, close_below_swing_low"
2026-07-29,34.6,34.85,32.1,33.0,6275432,206937025,1609,大亞,,-0.7896943123617319,-0.1622998181754357,-0.6273944941862962,37.17533784638112,37.1931151277446,37.16528717572695,34.38130552925762,17.575405001796454,1.736817258503564,10264477.35,412296095.1,43.75,34.35,-0.8175452567867664,0.1540766913596415,-0.1258278145695364,-0.0393013100436682,34.35,0.4775795848530378,42.874825453226826,38.21999999999999,33.56517454677314,-0.0607084575406957,0.243580609797323,14.173228346456668,11.342561864424471,35.67999999999993,36.54499999999989,293036178.0,318633772.7,-89.59537572254337,-200.9935419771488,30.425391370366555,37.9875,38.175,,,,0.0,0.0,0.0,0.0,0.0,0.0,,0.0,0.0,0.2267,0.0747,0.0,12.54,-0.16,0,False,0,False,False,False,True,0.6113737490979022,False,False,False,False,True,True,False,False,True,False,False,False,False,False,False,False,False,False,20.0,25.0,32.57575757575758,0.0,-0.4786963323565748,False,False,False,False,False,False,False,-1,False,5,False,False,375.3693815027001,,3,False,3,False,True,True,True,"ema60_gt_ema120, market_above_ma60, avoid_chase, liquidity_ok, kd_golden_cross",,"close_below_ema20, close_below_swing_low"
2026-07-29,30.75,30.75,29.1,29.8,1724494,51230628,1612,宏泰,,-1.577209841379279,-1.4741893908989738,-0.1030204504803051,32.438033448879835,34.62455395854669,35.29697686363813,21.970636502791564,42.64907280582219,0.8659946931159168,1393493.3,46120989.5,37.1,30.5,-0.9278398563293652,-0.3086912862889372,-0.0509554140127388,-0.022950819672131,30.5,0.8115790301381163,36.318852068904015,32.52999999999984,28.741147931095657,0.1397325693439632,0.2329451010700398,24.561403508771924,25.01253132832062,30.719999999999708,31.024999999999817,77393861.0,84708948.45,-85.56701030927837,-108.89734347884114,21.78326795781743,38.2875,38.45,,,,0.0,0.0,0.0,0.0,0.0,0.0,,0.0,0.0,-0.1128,0.0834,0.0,15.03,-0.33,0,False,0,False,False,False,False,1.2375330401660345,False,False,True,False,True,False,False,False,False,False,False,False,False,False,False,False,False,False,10.0,12.0,24.496644295302016,0.0,-1.061817426514276,False,False,False,False,False,False,False,-1,False,3,False,False,196.63352128348905,,10,False,3,False,True,True,True,"market_above_ma60, avoid_chase, adx_trending",,"close_below_ema20, close_below_swing_low"
2026-07-29,31.2,31.45,30.8,31.3,151351,4710468,1614,三洋電,,-0.2092267012584407,-0.1567510870094054,-0.0524756142490353,31.472512254190686,31.78609288703207,32.39155576198143,45.36674098523747,18.221418450481107,0.4431029235426618,68975.85,2179247.9,32.4,31.0,-0.2169243476096301,0.0038752159480383,0.0096774193548387,0.0048154093097914,31.15,0.910680843091188,32.6028309205705,31.630000000000017,30.65716907942954,0.3303919041725656,0.0615131786639568,76.92307692307709,46.24708624708607,31.13999999999978,31.16999999999989,-2267711.0,-2520199.2,-69.69696969696973,-56.57276995305112,49.23036599964991,32.0,32.175,,,,0.0,0.0,0.0,0.0,0.0,0.0,,0.0,0.0,-0.0265,0.0496,0.0,2.29,0.0,0,False,0,False,False,False,False,2.1942607448838976,True,False,False,False,True,False,False,False,False,True,False,False,False,False,False,False,False,False,-10.0,0.0,3.5143769968051046,0.0,1.3246246242651605,False,False,False,False,False,False,False,-1,False,4,False,False,252.8381029400209,,3,False,3,False,True,False,True,"volume_break, market_above_ma60, avoid_chase, obv_uptrend",,close_below_ema20
2026-07-29,43.15,43.15,41.2,42.05,209213,8737775,1615,大山,,-0.6792104202908504,-0.2000860671542241,-0.4791243531366263,44.32115893867888,44.92030305976074,45.67851834121254,30.66028912998128,24.45584277014904,1.2318592177373229,238342.8,10850720.25,47.35,42.15,-0.3937213515334468,0.0324881360496731,-0.0220930232558139,-0.0023724792408066,42.15,0.5126234840798908,48.54533662306552,44.952499999999965,41.35966337693441,0.0960712517003579,0.1598503586259078,13.07692307692299,11.415740568282976,42.659999999999854,44.05999999999985,-359110.0,196643.35,-88.02816901408458,-119.86157718120816,60.51879042592092,44.900000000000006,46.375,,,,0.0,0.0,0.0,0.0,0.0,0.0,,0.0,0.0,0.2836,0.3201,0.0,0.89,-0.03,0,False,0,False,False,False,False,0.8777819174734878,False,False,True,False,True,False,False,False,True,False,False,False,False,False,False,False,True,False,20.0,25.0,12.604042806183127,0.0,-0.7485992137438819,False,False,False,False,True,False,False,-1,False,5,True,False,409.7946286098083,,5,False,3,False,True,True,True,"market_above_ma60, avoid_chase, adx_trending, kd_golden_cross, mfi_strong",open_high_close_low,"close_below_ema20, close_below_swing_low"
2026-07-29,18.8,18.9,17.55,18.2,852875,15474700,1616,億泰,,-0.942738499694368,-0.6825429979239115,-0.2601955017704564,20.405316039064235,21.839911963009563,23.63906807165372,24.744789479400826,29.681249375499767,0.6977181898974587,724408.65,15376580.1,23.65,18.75,-1.2755864854808263,-0.1498362293655161,-0.0922693266832918,-0.0293333333333333,18.75,1.0691732720643503,24.24589381834707,20.944999999999983,17.644106181652894,0.084203529246734,0.3151963541033269,22.0338983050847,13.036163459892125,19.040000000000145,19.58000000000002,31660532.0,34324715.0,-86.59793814432993,-130.12850286422054,11.128069164356234,22.7375,22.85,,,,0.0,0.0,0.0,0.0,0.0,0.0,,0.0,0.0,0.3205,0.2035,0.0,1.6,-0.01,0,False,0,False,False,False,False,1.1773396134902585,False,False,True,False,True,False,False,False,False,False,False,False,False,False,False,False,False,False,10.0,25.0,29.945054945054945,0.0,-0.6210087522573124,False,False,False,False,False,False,False,-1,False,3,False,False,269.32129110781483,,3,False,3,False,True,True,True,"market_above_ma60, avoid_chase, adx_trending",,"close_below_ema20, close_below_swing_low"
2026-07-29,38.25,38.4,35.85,36.7,1140039,41971504,1618,合機,,-0.8518387587036358,-0.7677961855394552,-0.0840425731641806,38.90582799983667,40.04519322650064,40.95844280352897,35.61129646890984,20.47867987854396,1.2797094977523564,847910.05,33164685.1,42.2,37.35,-0.5087984150001892,-0.0392978952752423,-0.0613810741687979,-0.0342105263157893,38.0,0.8327550278248733,42.054681190995765,39.07500000000009,36.09531880900441,0.1014674309491369,0.1525108734994585,23.28767123287676,48.23874755381561,38.1,38.08000000000011,60514257.0,62801328.2,-78.48101265822778,-109.074710449281,19.24446363885012,43.1625,42.15,,,,0.0,0.0,0.0,0.0,0.0,0.0,,0.0,0.0,-0.3772,-0.4741,0.0,1.41,0.16,0,False,0,False,False,False,False,1.344528231502858,False,False,True,False,True,False,False,False,False,False,False,False,False,False,False,False,False,True,10.0,12.0,14.986376021798364,0.0,-0.318492378825395,False,False,False,False,False,False,False,-1,False,3,False,False,191.62337376912384,,3,False,3,False,True,True,True,"market_above_ma60, avoid_chase, adx_trending",,"close_below_ema20, close_below_swing_low"
2026-07-29,17.05,17.25,15.6,16.3,1290535,20928865,1617,榮星,,-0.4303343700801818,0.486205396024345,-0.9165397661045268,19.734735511980887,18.501888262059435,17.293561121944958,34.63279348561748,28.05267500801651,1.3889703654949477,1891447.0,42169441.1,26.7,17.25,-2.1025624065617543,0.7592461243889981,-0.1725888324873096,-0.0550724637681159,17.25,0.2836913459703187,27.534479499069825,21.674999999999887,15.81552050092995,0.0413415132817643,0.5406670818057641,9.459459459459474,7.637280137279959,17.779999999999927,19.26999999999989,6529324.0,11984147.35,-92.30769230769228,-140.53144530396403,29.765701367331204,16.1125,15.85,,,,0.0,0.0,0.0,0.0,0.0,0.0,,0.0,0.0,0.3958,0.0907,0.0,20.09,0.07,0,False,0,False,False,False,True,0.682300376378508,False,False,True,False,True,False,False,False,True,False,False,False,False,False,False,False,False,False,20.0,25.0,63.80368098159508,0.0,-2.0,False,False,True,False,False,False,False,-1,False,6,False,False,477.8230037637851,,3,False,3,False,True,True,True,"ema60_gt_ema120, market_above_ma60, avoid_chase, adx_trending, kd_golden_cross, above_ichimoku_cloud",,"close_below_ema20, close_below_swing_low"
2026-07-29,215.5,216.5,206.0,209.0,381879,79931354,1623,大東電,,-1.771403179447276,-0.3324138166523309,-1.438989362794945,220.65554438351472,222.3261861093788,223.6075837352736,38.41287651494173,15.466683465130544,8.246930402424935,429936.3,97589359.2,235.0,217.0,-0.1534335569713699,-0.1313601202254541,-0.05,-0.0412844036697247,218.0,0.4174904390630738,238.93391511620155,222.7,206.46608488379843,0.078043869826346,0.1457917837108357,14.285714285714286,14.828381495048234,216.8,219.2,-781326.0,-231612.5,-91.66666666666669,-125.51746977976462,40.698340807449135,219.875,220.25,,,,0.0,0.0,0.0,0.0,0.0,0.0,,0.0,0.0,0.1363,0.6933,0.0,2.1,-0.14,0,False,0,False,False,False,False,0.8882222785096304,False,False,False,False,True,True,False,False,False,False,False,False,False,False,False,False,False,False,20.0,25.0,12.440191387559809,0.0,-0.9240332386855362,False,False,False,False,False,False,False,-1,False,3,False,False,232.79382392086987,,3,False,3,False,True,True,True,"market_above_ma60, avoid_chase, liquidity_ok",,"close_below_ema20, close_below_swing_low"
2026-07-29,10.2,10.2,9.81,9.88,112993,1119672,1626,艾美特-KY,,-0.1376328964336597,-0.0672554622795724,-0.0703774341540872,10.218672890929668,10.3587535380534,10.57739694584832,39.38269566269876,29.24914068816562,0.3359564298639188,196334.3,2268072.35,11.85,9.97,-0.7954204219393541,-0.0077827130347793,-0.0169154228855721,-0.0090270812437311,9.97,0.2920346147082189,11.525810930264502,10.459500000000002,9.393189069735502,0.228268751846961,0.2038932894047515,12.962962962963037,9.672779575692402,9.967999999999938,10.044000000000006,4645285.0,4995546.95,-94.77611940298505,-74.48922292773541,43.782216170651466,9.9,10.8,,,,0.0,0.0,0.0,0.0,0.0,0.0,,0.0,0.0,0.0504,-0.0631,0.0,43.86,0.02,0,False,0,False,False,False,False,0.5755132954353875,False,False,True,False,True,False,False,False,False,False,False,False,False,False,False,False,False,False,20.0,0.0,19.939271255060717,0.0,-0.2407411438818201,False,False,False,False,True,False,False,-1,False,3,True,False,232.86623922777204,,3,False,3,False,True,True,True,"market_above_ma60, avoid_chase, adx_trending",open_high_close_low,"close_below_ema20, close_below_swing_low"
2026-07-29,33.4,34.15,33.2,34.0,777707,26200746,1702,南僑,,0.3695385241346471,0.3518526718143628,0.0176858523202843,33.17129911073903,33.218508912065104,34.38157614974507,63.23130229377724,26.925613551643185,0.5530973490789383,398687.75,13279745.9,33.95,33.25,0.2418689581864146,-0.0025591044992895,0.0149253731343284,0.0194902548725637,33.35,0.6635026616660629,34.636492282312915,33.19500000000007,31.753507717687228,0.779224526512318,0.0868499642905763,80.0,44.0,33.45,33.61499999999997,-21728372.0,-23132692.5,-13.88888888888891,70.72533654812113,53.83716914001724,31.575000000000003,34.15,,,,0.0,0.0,0.0,0.0,0.0,0.0,,0.0,0.0,0.0276,-0.007,0.0,8.5,0.04,0,False,0,True,True,True,False,1.950666906620532,True,True,True,True,True,False,False,False,False,True,False,False,False,True,False,False,True,False,-20.0,0.0,-0.1470588235294034,25.0,1.075403759689584,False,False,False,False,False,False,False,-1,False,11,False,False,797.4115141824803,,8,False,3,False,False,False,False,"macd_golden_cross, volume_break, rsi_strong, breakout_20d, market_above_ma60, avoid_chase, hist_turn_positive, adx_trending, obv_uptrend, breakout_volume_confirm, mfi_strong",,
2026-07-29,91.0,91.8,90.0,90.9,692664,62894339,1707,葡萄王,,-1.8606423851258995,-2.2244048026863315,0.3637624175604319,92.33295311646047,98.94565240947588,106.4153315717013,37.561190341119854,35.86287334681424,1.567960290632156,489131.15,44735442.7,93.2,90.6,-0.0512860563372614,-0.3772820668056189,0.0033112582781458,0.0033112582781458,90.6,0.775163018812521,93.00712636844985,91.46000000000022,89.9128736315506,0.3190193084998637,0.0338317596424583,25.714285714285875,18.68172268907559,90.92000000000117,91.27000000000044,-13201903.0,-13429320.4,-74.28571428571412,-69.3459416863647,49.38620627719275,102.75,110.25,,,,0.0,0.0,0.0,0.0,0.0,0.0,,0.0,0.0,-0.0724,0.0406,0.0,14.23,0.01,0,False,0,False,False,False,False,1.4161109959976992,False,False,True,False,True,False,False,False,True,True,False,False,False,False,False,False,False,False,10.0,0.0,2.5302530253025277,8.0,0.0678206099995907,False,False,False,True,False,False,False,-1,False,5,True,False,392.9749572799721,,5,False,3,False,True,False,True,"market_above_ma60, avoid_chase, adx_trending, kd_golden_cross, obv_uptrend",long_upper_shadow,close_below_ema20
2026-07-29,50.2,50.2,46.5,47.5,5458012,262722458,1708,東鹼,,-0.0397351074041196,1.2559095689019537,-1.2956446763060734,52.864711983674056,49.10970790234127,44.68185205666053,36.48194893996473,25.23158522100246,2.840183392909254,8232518.35,468415861.1,61.7,49.55,-0.8747369539491922,0.7531046974682685,-0.121996303142329,-0.0413723511604439,49.55,0.5117749894682899,62.61978949282027,55.18249999999998,47.7452105071797,-0.0164852065672862,0.2695524665544433,10.101010101010102,17.384436736846208,51.229999999999926,52.44499999999989,261188086.0,274927523.9,-92.85714285714286,-158.434025220704,24.663716456272624,47.35,45.45,,,,0.0,0.0,0.0,0.0,0.0,0.0,,0.0,0.0,0.0325,-0.0359,0.0,9.98,-0.53,0,False,0,False,False,False,True,0.6629820630767255,False,False,True,False,True,True,False,False,False,False,False,False,False,False,False,False,False,False,20.0,25.0,29.894736842105267,0.0,-0.1624944662784082,False,False,True,False,False,False,False,-1,False,6,False,False,459.6798870354264,,3,False,3,False,True,True,True,"ema60_gt_ema120, market_above_ma60, avoid_chase, liquidity_ok, adx_trending, above_ichimoku_cloud",,"close_below_ema20, close_below_swing_low"
2026-07-29,24.45,24.8,23.55,24.0,3787408,90852495,1709,和益,,0.9442336676184588,1.3849106892613483,-0.4406770216428897,25.22598638797677,22.642072133391643,20.76153078785622,46.21621508619442,40.578333279625184,1.355471345757153,6484520.85,169575732.95,28.1,24.55,0.5040798793966372,0.749668118834972,-0.1397849462365591,-0.0224032586558045,24.55,0.747997782966543,28.9034143388662,25.67999999999997,22.45658566113374,0.2394067557894409,0.2510447304412955,8.910891089108896,9.27986622528018,25.589999999999964,26.339999999999964,41046976.0,50421622.8,-90.19607843137254,-71.90242619007361,58.65963839546643,20.5625,20.0,,,,0.0,0.0,0.0,0.0,0.0,0.0,,0.0,0.0,0.7014,0.1417,0.0,7.48,0.68,0,False,0,False,False,True,True,0.584069060399428,False,False,True,False,True,True,False,False,False,False,False,False,False,False,False,False,True,False,20.0,0.0,17.08333333333334,0.0,-0.4701951444868472,False,False,True,False,False,False,False,-1,False,7,False,False,545.1983488701521,,8,False,3,False,True,True,True,"ema60_gt_ema120, market_above_ma60, avoid_chase, liquidity_ok, adx_trending, mfi_strong, above_ichimoku_cloud",,"close_below_ema20, close_below_swing_low"
2026-07-29,13.95,13.95,12.7,13.15,11713504,154898798,1710,東聯,,-0.1738528405359716,0.3106471508784922,-0.4844999914144638,15.641604871623851,14.98882209185801,14.275842805200588,37.79181144649654,17.946172458163986,1.189011804842101,16926901.1,291453024.25,18.85,13.8,-1.290999502175571,0.5685659780557056,-0.2507122507122507,-0.0471014492753623,13.8,0.5790531970435167,19.585751138881037,16.54000000000003,13.49424886111903,-0.0565129660011396,0.3682891340847637,7.758620689655189,7.105506824627203,14.830000000000108,15.800000000000043,206832713.0,246165263.6,-92.2413793103448,-191.438053625576,38.61913295564578,14.075,14.025,,,,0.0,0.0,0.0,0.0,0.0,0.0,,0.0,0.0,-0.1818,0.1707,0.0,5.83,-0.12,0,False,0,False,False,False,True,0.6920052247484331,False,False,False,False,True,True,False,False,True,False,False,False,False,False,False,False,False,False,20.0,25.0,43.34600760456274,0.0,-0.7933175853564817,False,False,False,False,False,False,False,-1,False,5,False,False,302.40024122320654,,3,False,3,False,True,True,True,"ema60_gt_ema120, market_above_ma60, avoid_chase, liquidity_ok, kd_golden_cross",,"close_below_ema20, close_below_swing_low"
2026-07-29,32.8,33.2,29.9,31.45,10318721,317613764,1711,永光,,-3.1959454631295827,-2.340800898656014,-0.8551445644735689,39.09942234904105,42.44791188657634,39.71034872301454,25.183118653100266,17.98995333748834,2.670570573550139,7157546.9,296356456.45,47.35,32.65,-1.798147460734981,-0.6967981004537183,-0.1646746347941566,-0.0367534456355282,32.65,0.8604709684894228,49.16087026408815,40.36999999999989,31.57912973591163,-0.007344536549421,0.4355149994594147,12.301587301587304,8.061908630089723,34.559999999999675,36.834999999999766,729052448.0,763583898.25,-89.66666666666667,-159.11468047601278,30.30955610039392,46.025000000000006,48.35,,,,0.0,0.0,0.0,0.0,0.0,0.0,,0.0,0.0,0.1549,-0.0395,0.0,5.53,0.62,0,False,0,False,False,False,True,1.4416560791239803,False,False,False,False,True,True,False,False,True,False,False,False,False,False,False,False,False,False,20.0,25.0,50.55643879173292,0.0,-1.17132067155045,False,False,False,False,False,False,False,-1,False,5,False,False,385.3607127326344,,3,False,3,False,True,True,True,"ema60_gt_ema120, market_above_ma60, avoid_chase, liquidity_ok, kd_golden_cross",,"close_below_ema20, close_below_swing_low"
2026-07-29,47.6,47.6,46.1,46.4,323915,15066291,1713,國化,,-0.4424478077987572,-0.3366751808003653,-0.1057726269983919,48.081067446116045,48.33940592826021,48.16617352122814,32.77586587264861,29.202976640054693,0.7835452901384796,186016.65,8951954.85,49.65,47.4,-0.2072163719550374,0.0177517181375026,-0.0363447559709242,-0.0252100840336134,47.6,1.368543894870921,49.750000000015184,48.15,46.54999999998481,-0.0468749999948095,0.0664589823474635,12.24489795918358,36.26554069903796,47.64000000000014,47.71000000000004,5305337.0,6036477.3,-87.75510204081642,-181.9798458802611,34.57858134861746,49.5,48.8,,,,0.0,0.0,0.0,0.0,0.0,0.0,,0.0,0.0,-0.0768,-0.4215,0.0,1.25,-0.09,0,False,0,False,False,False,True,1.7413226181634816,True,False,True,False,True,False,False,False,False,False,False,False,False,False,False,False,False,False,20.0,25.0,7.004310344827587,0.0,-0.7516703833131295,False,False,False,False,False,False,False,-1,False,5,False,False,363.3931815818772,,5,False,3,False,True,True,True,"ema60_gt_ema120, volume_break, market_above_ma60, avoid_chase, adx_trending",,"close_below_ema20, close_below_swing_low"
2026-07-29,39.5,39.5,38.7,39.15,958368,37394046,1712,興農,,-0.1215357259604061,-0.1022915259533852,-0.0192442000070209,39.42212671448669,40.1572903238384,41.258205430114295,44.47459711169012,20.98034369039601,0.5704399791738994,905728.55,35713346.1,40.25,38.85,-0.1021568855574418,-0.0792462216463314,0.0077220077220077,-0.0050825921219822,39.35,1.0301341623415994,40.26127517467329,39.54750000000004,38.83372482532678,0.2215509770411938,0.036097107259536,36.111111111111086,43.51851851851885,39.22000000000007,39.389999999999965,-13834902.0,-13304857.2,-63.888888888888914,-105.12185047500844,34.53002037676622,39.8,40.925,,,,0.0,0.0,0.0,0.0,0.0,0.0,,0.0,0.0,0.0408,-0.0159,0.0,13.28,-0.49,0,False,0,False,False,False,False,1.0581183512433168,False,False,True,False,True,False,False,False,False,False,False,False,False,False,False,False,False,False,0.0,0.0,2.809706257982124,8.0,-0.2004928793467413,False,False,False,False,False,False,False,-1,False,3,False,False,211.17526896027223,,5,False,3,False,True,False,True,"market_above_ma60, avoid_chase, adx_trending",,close_below_ema20
2026-07-29,13.85,13.85,12.8,13.2,17962178,235271863,1714,和桐,,-0.6402371485004821,-0.0628437037574962,-0.5773934447429858,15.764579075257949,14.631324703895316,12.766012369034598,34.927515256596365,20.46947409104565,1.14789802779473,30082057.65,554620684.8,22.75,13.65,-2.2976582928629083,1.2719672035674787,-0.1592356687898088,-0.032967032967033,13.65,0.4669380196701552,21.796992398216645,16.847499999999968,11.898007601783291,0.1315278712909854,0.5875640181886554,11.940298507462652,9.06217020955834,14.329999999999927,14.904999999999928,-75073470.0,51399868.7,-92.66055045871562,-121.4988850818514,12.156846912798642,15.9,14.86,,,,0.0,0.0,0.0,0.0,0.0,0.0,,0.0,0.0,0.7341,-0.1159,0.0,18.88,0.39,0,False,0,False,False,False,True,0.5971060294141814,False,False,True,False,True,True,False,False,True,False,False,False,False,False,False,False,False,False,20.0,12.0,72.34848484848486,0.0,-0.990626823021182,False,False,False,False,False,False,False,-1,False,6,False,False,451.0835384178876,,3,False,3,False,True,True,True,"ema60_gt_ema120, market_above_ma60, avoid_chase, liquidity_ok, adx_trending, kd_golden_cross",,"close_below_ema20, close_below_swing_low"
2026-07-29,59.0,59.8,52.8,54.8,16745735,922846248,1717,長興,,-4.462785460576527,-3.0945554824919554,-1.368229978084571,65.87974096022644,70.30760957531675,67.37049579179282,29.46348625609683,25.843243847255987,4.272842819036496,21364533.75,1602880981.3,85.4,57.8,-1.8475773675572165,-0.4150018111748058,-0.1246006389776358,-0.0519031141868512,57.8,0.7296450684539578,84.75218189648808,68.71000000000004,52.66781810351198,0.0664554831208711,0.4669533371121537,12.12121212121212,9.425019425019247,59.23999999999978,61.93999999999996,1584013114.0,1649862284.5,-91.869918699187,-130.63341153228802,16.361592423218127,74.275,76.2,,,,0.0,0.0,0.0,0.0,0.0,0.0,,0.0,0.0,0.1621,-0.0076,0.0,10.24,-0.84,0,False,0,False,False,False,True,0.7838099907048054,False,False,True,False,True,True,False,False,True,False,False,False,False,False,False,False,False,False,20.0,25.0,55.83941605839418,0.0,-0.990216672014484,False,False,False,False,True,False,False,-1,False,6,True,False,470.9554998428743,,3,False,3,False,True,True,True,"ema60_gt_ema120, market_above_ma60, avoid_chase, liquidity_ok, adx_trending, kd_golden_cross",open_high_close_low,"close_below_ema20, close_below_swing_low"
2026-07-29,57.5,58.0,56.6,57.8,712070,40961936,1720,生達,,-1.39522481947445,-0.6067255105580225,-0.7884993089164274,61.02752732519052,62.00833176539567,61.79355291685333,31.064587576671613,26.548801035904983,1.244552638893225,362456.3,22155419.5,64.5,56.1,-0.6068103011819308,0.0007128942319343,-0.0897637795275591,0.0087260034904013,57.3,1.174309262443154,68.02891221052575,62.09999999999964,56.17108778947353,0.1373702420179638,0.1909472531570415,23.863636363636303,20.454545454545343,57.01999999999971,60.419999999999526,-1328750.0,-1488548.9,-77.17391304347834,-117.92402354200205,59.52715513580099,62.625,62.25,,,,0.0,0.0,0.0,0.0,0.0,0.0,,0.0,0.0,0.0911,0.0586,0.0,5.31,-0.13,0,False,0,False,False,False,True,1.9645678665262545,True,False,True,False,True,False,False,False,False,True,False,False,False,False,False,False,True,False,10.0,12.0,11.59169550173011,0.0,0.1766825994560644,False,False,False,False,False,False,False,-1,False,7,False,False,518.7658698587353,,8,False,3,False,True,False,True,"ema60_gt_ema120, volume_break, market_above_ma60, avoid_chase, adx_trending, obv_uptrend, mfi_strong",,close_below_ema20
2026-07-29,9.89,9.89,8.9,9.2,43393634,398475237,1718,中纖,,-0.1985801379336393,0.5334885353557274,-0.7320686732893668,11.845297310198468,10.500402175184997,9.195899497841207,33.16256057263085,31.53390771820954,0.9366316368565534,65566809.9,889862373.15,15.2,9.73,-2.0018426588682123,1.5060984277310785,-0.2550607287449393,-0.0544707091469682,9.73,0.4568423262660304,16.66999446902201,13.05400000000002,9.438005530978028,-0.0329101071665081,0.5540055874095275,5.76923076923075,3.7338050696829055,10.305999999999994,11.838000000000012,448304127.0,676917693.4,-95.0413223140496,-185.01846301936095,12.392181620055638,9.16,8.5,,,,0.0,0.0,0.0,0.0,0.0,0.0,,0.0,0.0,0.0192,0.0889,0.0,8.47,0.42,0,False,0,False,False,False,True,0.6618231703842588,False,False,True,False,True,True,False,False,True,False,False,False,False,False,False,False,False,False,20.0,25.0,65.21739130434783,0.0,-0.76065802700384,False,False,True,False,False,False,False,-1,False,7,False,False,542.4903353797965,,8,False,3,False,True,True,True,"ema60_gt_ema120, market_above_ma60, avoid_chase, liquidity_ok, adx_trending, kd_golden_cross, above_ichimoku_cloud",,"close_below_ema20, close_below_swing_low"
2026-07-29,46.25,46.3,45.2,45.3,5088835,231783388,1722,台肥,,-0.4416381282900303,-0.2189771281838136,-0.2226610001062167,46.94434299906958,47.12652055254917,47.21061139115236,33.93737921415398,15.159331465723858,0.8110834833082969,2210253.9,104369745.3,48.95,46.05,-0.2892219394686702,0.0300901582067586,-0.0258064516129032,-0.01628664495114,46.05,1.1440020593626217,49.1125257199799,47.28999999999997,45.46747428002003,-0.0459456561254659,0.0770786940147996,3.703703703703499,12.490978157644957,46.12999999999992,46.6,-39326101.0,-28966342.75,-96.96969696969714,-171.49758454106274,21.077589354715727,47.8,48.025,,,,0.0,0.0,0.0,0.0,0.0,0.0,,0.0,0.0,-0.1047,-0.1525,0.0,8.64,-0.07,0,False,0,False,False,False,False,2.302375758730705,True,False,False,False,True,True,False,False,False,False,False,False,False,False,False,False,False,False,20.0,25.0,8.057395143487872,0.0,-1.3306895805224308,False,False,False,False,False,False,False,-1,False,4,False,False,232.05548262103787,,3,False,3,False,True,True,True,"volume_break, market_above_ma60, avoid_chase, liquidity_ok",,"close_below_ema20, close_below_swing_low"
2026-07-29,20.2,20.2,18.0,18.9,1287185,24121643,1721,三晃,,-1.455369052541034,-1.1463203509549866,-0.3090487015860472,22.08598522062052,23.5435256537976,22.237862961330933,34.122074312811336,21.29069668194736,1.5452196510431355,2509609.55,63451399.05,29.05,19.55,-1.8555575986206796,-0.6902957019311152,-0.1021377672209027,-0.0332480818414323,19.55,0.3494004743925066,28.36594467108388,22.98000000000011,17.594055328916344,0.1212363615704272,0.468750624115208,17.99999999999997,16.28806584362125,20.26000000000004,20.75500000000011,151337148.0,155913269.2,-86.66666666666669,-126.1660079051384,23.81337698247259,25.8625,26.275,,,,0.0,0.0,0.0,0.0,0.0,0.0,,0.0,0.0,0.0868,0.1865,0.0,1.28,-0.07,0,False,0,False,False,False,True,0.5129024951311649,False,False,True,False,True,True,False,False,True,False,False,False,False,False,False,False,False,False,20.0,12.0,53.70370370370373,0.0,-0.4934286323005354,False,False,False,False,True,False,False,-1,False,6,True,False,426.2078813637052,,3,False,3,False,True,True,True,"ema60_gt_ema120, market_above_ma60, avoid_chase, liquidity_ok, adx_trending, kd_golden_cross",open_high_close_low,"close_below_ema20, close_below_swing_low"
2026-07-29,29.5,29.5,28.3,28.9,199880,5767724,1725,元禎,,-1.1631770503951628,-1.00336979231224,-0.1598072580829228,30.71047109061056,31.64061979369289,31.04710369273648,37.984180996930434,24.314752061756263,1.3173852092646807,148340.2,4769808.65,36.0,29.0,-1.0032407253992344,-0.0373397619917692,-0.0334448160535116,-0.0034482758620689,29.0,0.356219992337602,35.43773778460724,31.03499999999999,26.632262215392736,0.2575372297364237,0.2837272617758824,27.906976744185965,32.18899963086005,29.329999999999927,29.444999999999983,-1626123.0,-1112217.35,-88.2352941176471,-78.2656200580811,21.956920168734328,35.7125,35.075,,,,0.0,0.0,0.0,0.0,0.0,0.0,,0.0,0.0,-0.2387,-0.2417,0.0,0.37,0.0,0,False,0,False,False,False,True,1.3474432419532938,False,False,True,False,True,False,False,False,False,False,False,False,False,False,False,False,False,False,10.0,0.0,24.567474048442914,0.0,-0.4432789975768629,False,False,False,False,False,False,False,-1,False,4,False,False,223.15508444861055,,3,False,3,False,True,True,True,"ema60_gt_ema120, market_above_ma60, avoid_chase, adx_trending",,"close_below_ema20, close_below_swing_low"
2026-07-29,84.4,84.4,80.5,82.3,910132,74736864,1723,中碳,,0.255201591455517,0.6901409961628352,-0.4349394047073182,85.75804523793917,83.91748572570206,81.76013476688166,43.25027067069427,17.63371440908017,3.366334105472017,964536.45,83390738.45,89.7,83.8,0.2276026307301257,0.149436476848327,-0.0396732788798133,-0.0178997613365154,83.8,0.8325227279254865,90.51093020410696,85.52499999999982,80.53906979589269,0.1765899372855995,0.1165958539399507,15.789473684210494,17.39323919554954,86.0,86.97000000000007,-22973659.0,-20890136.35,-85.12396694214878,-99.34579680914344,64.01139528920936,85.77499999999999,84.05,,,,0.0,0.0,0.0,0.0,0.0,0.0,,0.0,0.0,0.3212,0.0592,0.0,9.06,0.2,0,False,0,False,False,False,True,0.9435952368622256,False,False,False,False,True,True,False,False,False,False,False,False,False,False,False,False,True,False,20.0,12.0,8.991494532199278,0.0,-1.165733605030225,False,False,False,False,False,False,False,-1,False,5,False,False,347.4471491082596,,3,False,3,False,True,True,True,"ema60_gt_ema120, market_above_ma60, avoid_chase, liquidity_ok, mfi_strong",,"close_below_ema20, close_below_swing_low"
2026-07-29,77.5,78.9,77.3,78.4,97452,7596029,1726,永記,,-0.3019986230688403,-0.1634979877461877,-0.1385006353226525,77.80052743858232,77.63022690894294,76.95267962445149,53.29661903454383,25.455568879389908,0.9982865917704756,58181.95,4557143.35,80.5,75.4,-0.1306301087180808,0.0382951552525081,0.0384105960264902,0.0129198966408268,77.4,0.74265012592385,80.97159677953293,78.09000000000015,75.20840322046736,0.5537896214698926,0.073801940825529,53.44827586206914,37.93103448275906,76.78000000000102,77.57000000000043,764987.0,609415.95,-46.55172413793086,12.057565149747028,81.67130578410175,78.125,77.45,,,,0.0,0.0,0.0,0.0,0.0,0.0,,0.0,0.0,-0.0559,-0.0974,0.0,12.67,0.0,0,False,0,False,False,True,True,1.674952455185844,True,False,True,False,True,False,False,False,False,True,False,False,False,False,False,False,True,False,0.0,0.0,2.6785714285714213,8.0,0.8666241562311076,False,False,True,False,False,False,False,-1,False,8,False,False,570.1490144266318,,5,False,3,False,False,False,False,"ema60_gt_ema120, volume_break, market_above_ma60, avoid_chase, adx_trending, obv_uptrend, mfi_strong, above_ichimoku_cloud",,
2026-07-29,71.1,71.5,64.0,65.4,3574961,235780743,1727,中華化,,-5.025776358499243,-2.7882527046201746,-2.2375236538790686,81.94664873419764,82.45437327540705,73.40142529270275,28.90621679596309,24.32742218072806,5.667986676253394,4136560.05,369254120.3,101.5,71.1,-1.6588544046373732,-0.0620787695430344,-0.1855541718555415,-0.0801687763713078,71.1,0.5988292327029021,102.85388156221188,85.13999999999987,67.42611843778786,-0.0571901316679811,0.4161118525302334,5.555555555555578,8.493589743589837,73.54000000000015,77.96999999999989,241582468.0,256480843.1,-95.31772575250834,-167.23399748861556,20.398179183799925,93.85,79.9,,,,0.0,0.0,0.0,0.0,0.0,0.0,,0.0,0.0,0.1924,-0.0124,0.0,4.39,0.16,0,False,0,False,False,False,True,0.8642352478359404,False,False,True,False,True,True,False,False,False,False,False,False,False,False,False,False,False,False,20.0,25.0,55.19877675840977,0.0,-0.5033421743033634,False,False,False,False,False,False,False,-1,False,5,False,False,382.602246386719,,3,False,3,False,True,True,True,"ema60_gt_ema120, market_above_ma60, avoid_chase, liquidity_ok, adx_trending",,"close_below_ema20, close_below_swing_low"
2026-07-29,20.65,20.65,20.45,20.5,152522,3131364,1731,美吾華,,-0.196196932518621,-0.2159700128212579,0.0197730803026369,20.748013941450303,21.15482304745448,21.42148487499244,35.225744017411486,36.9236043483549,0.1908264822925192,180179.2,3711431.05,20.85,20.55,-0.0375145440418708,-0.1003066918234788,-0.0048543689320389,-0.0048543689320389,20.6,0.6821408265361221,20.799999999994803,20.639999999999965,20.480000000005127,0.0624999999859945,0.015503875968492,28.57142857142886,47.02380952380978,20.57000000000007,20.605000000000015,-269797.0,-833789.7,-74.99999999999977,-140.5228758169872,64.98658987897312,21.5875,21.575,,,,0.0,0.0,0.0,0.0,0.0,0.0,,0.0,0.0,0.0249,-0.0385,0.0,0.94,0.01,0,False,0,False,False,False,False,0.846501704969275,False,False,True,False,True,False,False,False,False,True,False,False,False,False,False,False,True,False,10.0,25.0,1.7073170731707388,15.0,1.1927335155296297,False,False,False,False,False,False,False,-1,False,5,False,False,442.7778192360483,,5,False,3,False,True,True,True,"market_above_ma60, avoid_chase, adx_trending, obv_uptrend, mfi_strong",,"close_below_ema20, close_below_swing_low"
2026-07-29,27.0,27.0,25.75,26.1,447860,11759843,1732,毛寶,,0.1433222426448175,0.1435413103792764,-0.0002190677344588,26.70546890910289,26.56108174659324,26.792999707862503,43.726936989797856,28.27507778963167,0.8362315559894007,476530.45,13051792.85,28.0,26.35,0.1213533088575513,0.0180419752185398,-0.0333333333333333,-0.0242990654205607,26.75,0.7113570145525714,27.68126150299789,26.662500000000044,25.6437384970022,0.2239294975591401,0.0764190532019012,9.090909090909124,20.505427408412896,27.160000000000217,26.865000000000144,5617954.0,2984554.7,-83.33333333333327,-70.63008130081272,64.60518550453429,26.4625,26.6,,,,0.0,0.0,0.0,0.0,0.0,0.0,,0.0,0.0,0.1002,0.0424,0.0,3.53,0.23,0,False,0,False,False,False,False,0.9398350094941468,False,False,True,False,True,False,False,False,False,True,False,False,False,False,False,False,True,True,20.0,0.0,7.279693486590033,0.0,1.811171529749307,False,False,False,False,False,False,False,-1,False,5,False,False,441.13240845193314,,3,False,3,True,True,True,True,"market_above_ma60, avoid_chase, adx_trending, obv_uptrend, mfi_strong",,"macd_death_cross, close_below_ema20, close_below_swing_low"
2026-07-29,51.5,51.5,50.6,51.0,99634,5074065,1730,花仙子,,-0.374283541590394,-0.3807325275314991,0.0064489859411051,51.62008827304774,52.22237996845326,52.5394562301322,36.0677489975562,28.163418476273268,0.5421973588985247,86794.95,4492332.65,53.6,51.1,-0.10719797529986,-0.0513665853165811,-0.0077821011673151,-0.0019569471624266,51.1,0.5516322624036422,52.84957858512384,51.51500000000006,50.18042141487627,0.3070551986444884,0.0518132033436391,30.769230769230727,36.18233618233595,51.3,51.35,-1135792.0,-962151.55,-66.66666666666667,-77.74310972438902,31.14925343812051,53.05,53.05,,,,0.0,0.0,0.0,0.0,0.0,0.0,,0.0,0.0,0.0948,0.1262,0.0,7.13,0.01,0,False,0,False,False,False,False,1.1479239287539196,False,False,True,False,True,False,False,False,False,False,False,False,False,False,False,False,False,False,0.0,0.0,5.098039215686277,0.0,-1.0091308765400695,False,False,False,False,False,False,False,-1,False,3,False,False,209.3696687690584,,5,False,3,False,True,True,True,"market_above_ma60, avoid_chase, adx_trending",,"close_below_ema20, close_below_swing_low"
2026-07-29,32.1,32.15,31.6,32.0,281486,8945284,1733,五鼎,,0.6220077123768917,0.5554324981198954,0.0665752142569963,31.14415281175201,30.268670353708604,30.091640656696427,63.5910254480304,30.171544775096077,0.6236150643726238,235243.45,7321212.1,32.2,31.15,0.4759116395692908,0.1592193871792303,0.0126582278481011,0.0094637223974762,31.7,1.057857783364035,32.78146498020755,30.982499999999938,29.18353501979232,0.7828015028626727,0.1161278128109493,62.49999999999994,62.40079365079388,31.920000000000076,31.76000000000004,11041505.0,10042665.5,-21.81818181818187,77.2357723577241,64.27135732576474,29.4875,29.675,,,,0.0,0.0,0.0,0.0,0.0,0.0,,0.0,0.0,0.2008,0.1942,0.0,3.83,0.13,0,False,0,False,False,True,True,1.196573167074365,False,True,True,False,True,False,False,False,True,True,False,False,False,False,False,False,True,True,0.0,0.0,0.6250000000000089,25.0,0.9666346117753852,False,False,True,False,False,False,False,-1,False,9,False,False,718.5653470120482,,5,False,3,False,False,False,False,"ema60_gt_ema120, rsi_strong, market_above_ma60, avoid_chase, adx_trending, kd_golden_cross, obv_uptrend, mfi_strong, above_ichimoku_cloud",,
2026-07-29,31.95,32.1,31.25,31.95,596265,18917224,1734,杏輝,,-0.0696131580218946,0.1072122140889092,-0.1768253721108038,32.31080037675023,31.97847261499241,31.66570080999953,45.30904559300275,23.82461097997434,0.6533455153236664,504440.95,16475990.95,33.8,31.4,-0.2762367302742025,0.1334538921440651,-0.0273972602739727,0.0031397174254317,31.85,1.026332356895187,33.96946348044756,32.68249999999998,31.395536519552408,0.2154153901300921,0.0787555101627828,54.54545454545444,46.96969696969669,31.859999999999854,32.19500000000007,4553893.0,4435231.6,-55.55555555555562,-109.1347603255958,45.35324880343272,31.4,31.075000000000003,,,,0.0,0.0,0.0,0.0,0.0,0.0,,0.0,0.0,0.0378,-0.0737,0.0,5.89,-0.54,0,False,0,False,False,False,True,1.1820313160539404,False,False,True,False,True,False,False,False,False,True,False,False,False,False,False,False,False,False,0.0,0.0,5.790297339593107,0.0,0.0803595497139194,False,False,True,False,False,False,False,-1,False,6,False,False,422.7846277571064,,5,False,3,False,True,False,True,"ema60_gt_ema120, market_above_ma60, avoid_chase, adx_trending, obv_uptrend, above_ichimoku_cloud",,close_below_ema20
2026-07-29,19.5,19.5,18.0,18.65,368843,6836996,1735,日勝化,,-1.100173097909316,-0.9745759494151592,-0.1255971484941569,20.7015546822234,22.506216220056857,22.299254429228945,31.568003845311864,27.446942305197062,1.0353057766361575,259516.65,5590631.85,24.35,19.0,-1.1389350982601474,-0.5578575814590392,-0.0767326732673268,-0.018421052631579,19.0,0.9916348458720748,24.105065573065417,21.055000000000017,18.004934426934618,0.1057461811250621,0.2897236355322153,22.0338983050847,18.15049357422261,19.4,19.83000000000002,29244059.0,30225010.95,-85.86956521739134,-123.96907216494832,28.71863175606268,23.8375,27.15,,,,0.0,0.0,0.0,0.0,0.0,0.0,,0.0,0.0,0.1584,-0.0495,0.0,51.22,-0.1,0,False,0,False,False,False,True,1.421269117029678,False,False,True,False,True,False,False,False,True,False,False,False,False,False,False,False,False,False,10.0,12.0,30.56300268096516,0.0,-1.288238919703815,False,False,False,False,True,False,False,-1,False,5,True,False,390.753824133851,,3,False,3,False,True,True,True,"ema60_gt_ema120, market_above_ma60, avoid_chase, adx_trending, kd_golden_cross",open_high_close_low,"close_below_ema20, close_below_swing_low"
2026-07-29,132.5,135.0,127.5,134.5,1115590,145862838,1736,喬山,,3.114214634182929,3.3865907777056057,-0.2723761435226768,130.82134973529327,126.51288322740253,129.22497711185338,55.54738842987992,22.361350611385795,6.197004297023735,693861.15,92134376.9,141.5,126.0,0.1965905114060236,0.2027953539660546,-0.0146520146520146,0.0306513409961686,130.5,0.563938024315001,138.95225229167323,131.875,124.79774770832675,0.6854533293301172,0.1073327361770349,52.94117647058823,43.137254901960965,133.3,133.45,1074847.0,-85310.9,-47.05882352941177,17.54385964912265,58.47679834718616,113.375,120.75,,,,0.0,0.0,0.0,0.0,0.0,0.0,,0.0,0.0,0.1449,0.2796,0.0,5.2,-0.23,0,False,0,False,False,True,False,1.6078000620152892,True,True,True,False,True,True,False,False,True,True,False,False,False,False,False,False,True,False,0.0,0.0,5.204460966542751,0.0,0.6140547839411348,False,False,True,False,False,False,False,-1,False,10,False,False,723.4466580274466,,3,False,3,False,False,False,False,"volume_break, rsi_strong, market_above_ma60, avoid_chase, liquidity_ok, adx_trending, kd_golden_cross, obv_uptrend, mfi_strong, above_ichimoku_cloud",,
2026-07-29,32.2,32.2,31.9,32.15,151710,4866318,1737,臺鹽,,0.0895660849150417,0.0732770496899746,0.016289035225067,31.99313098228397,31.84862020963639,31.813928530387106,57.73051809385517,36.03141736458439,0.2420745453549182,119029.4,3807193.65,32.25,31.8,0.0371950266307976,0.0354797812526348,0.0110062893081759,0.0,32.15,1.31546674147571,32.22387893313191,31.98749999999982,31.75112106686773,0.8437277549378203,0.0147794565459688,58.33333333333319,72.22222222222263,32.13999999999978,32.02999999999993,866206.0,934043.5,-41.66666666666681,89.20187793427446,60.89229289650727,31.6875,31.75,,,,0.0,0.0,0.0,0.0,0.0,0.0,,0.0,0.0,-0.1003,0.0282,0.0,8.79,-0.01,0,False,0,False,False,True,True,1.2745590585183155,False,True,True,False,True,False,False,False,False,False,False,False,False,False,False,False,True,True,0.0,-12.0,0.3110419906687447,25.0,-0.4889701049293715,False,False,True,False,False,False,False,-1,False,7,False,False,479.8779493260307,,5,False,3,False,False,False,False,"ema60_gt_ema120, rsi_strong, market_above_ma60, avoid_chase, adx_trending, mfi_strong, above_ichimoku_cloud",,
2026-07-29,61.2,61.2,57.9,58.7,306912,18092717,1760,寶齡富錦,,-0.4188122664949674,-0.1130135086143494,-0.3057987578806179,60.98802672675619,61.61693858550836,62.66809520523872,37.44200412754112,15.840076714327914,1.7427525773682224,285835.75,17898109.35,65.9,59.7,-0.2811469560824901,-0.0488619378910361,-0.0455284552845528,-0.016750418760469,59.7,0.6238655370950286,64.97992175763335,61.62500000000036,58.270078242367376,0.0640732912257172,0.1088818420327129,11.267605633802876,8.294721122669216,60.21999999999971,60.7,-9976663.0,-9468399.3,-88.73239436619713,-151.69082125603853,39.89756881672949,60.875,67.75,,,,0.0,0.0,0.0,0.0,0.0,0.0,,0.0,0.0,-0.0396,-0.4339,0.0,11.59,-0.04,0,False,0,False,False,False,False,1.073735528183581,False,False,False,False,True,False,False,False,True,False,False,False,False,False,False,False,False,False,20.0,25.0,12.26575809199319,0.0,-0.8875240751541774,False,False,False,False,True,False,False,-1,False,3,True,False,215.08706637998569,,3,False,3,False,True,True,True,"market_above_ma60, avoid_chase, kd_golden_cross",open_high_close_low,"close_below_ema20, close_below_swing_low"
2026-07-29,33.85,33.85,31.9,32.5,253528,8215650,1762,中化生,,-1.0658190264628544,-0.57186812920198,-0.4939508972608744,35.530274819842056,35.44901277035525,33.35894135057232,31.91524706551704,19.603586341843556,1.3471982677295231,356286.0,13601439.55,40.7,32.7,-0.8885625971887017,-0.0623448453712374,-0.0687679083094555,-0.0061162079510703,32.7,0.7767304849697136,40.80925755203455,36.37749999999996,31.94574244796537,0.0625324767348985,0.2436537723611899,12.371134020618582,8.74082845732361,33.68999999999996,34.539999999999964,-2291551.0,-1087438.55,-92.30769230769228,-136.37268869586538,7.147097007310435,38.6375,36.075,,,,0.0,0.0,0.0,0.0,0.0,0.0,,0.0,0.0,-0.4017,0.4052,0.0,2.95,-0.08,0,False,0,False,False,False,True,0.7115856362585115,False,False,False,False,True,False,False,False,False,False,False,False,False,False,False,False,False,False,20.0,25.0,25.23076923076924,0.0,-0.8486837187375966,False,False,False,False,True,False,False,-1,False,3,True,False,161.93165173773394,,3,False,3,False,True,True,True,"ema60_gt_ema120, market_above_ma60, avoid_chase",open_high_close_low,"close_below_ema20, close_below_swing_low"
2026-07-29,31.85,31.85,31.1,31.75,139102,4364576,1752,南光,,-0.2801857144324771,-0.3195787736754563,0.0393930592429792,31.91386674453457,32.78631326791353,33.903514936802246,43.7513288872987,13.974164272995525,0.5159013460773021,58090.15,1850256.2,33.5,31.55,-0.139260952223396,-0.0895735500255269,0.0063391442155309,0.001577287066246,31.7,0.9604540662793204,32.65752760205092,31.864999999999963,31.072472397949007,0.4274473218961976,0.0497428276824702,61.90476190476193,43.929267613477954,31.710000000000218,31.66999999999989,-1096385.0,-1162759.8,-51.85185185185201,-72.6256983240231,35.000454707657326,33.3125,34.150000000000006,,,,0.0,0.0,0.0,0.0,0.0,0.0,,0.0,0.0,-0.1807,-0.1696,0.0,1.38,0.04,0,False,0,False,False,False,False,2.3945884112883165,True,False,False,False,True,False,False,False,False,True,False,False,False,False,False,False,False,True,0.0,0.0,5.511811023622047,0.0,0.3875551866282343,False,False,False,False,False,False,False,-1,False,4,False,False,238.596546352422,,3,False,3,False,True,False,True,"volume_break, market_above_ma60, avoid_chase, obv_uptrend",,close_below_ema20
2026-07-29,154.0,156.0,143.0,148.0,1404675,207067884,1773,勝一,,-4.928622288888874,-2.194774186190511,-2.733848102698364,167.66622122790656,169.87797448492378,164.78165489726013,29.662109724417604,15.063853548376404,7.5732441610850385,769176.15,131422600.05,185.0,154.0,-0.6768273698255239,-0.1198682590374003,-0.1242603550295857,-0.0389610389610389,154.0,0.9019622848884572,189.23906777285325,170.95,152.66093222714673,-0.1274239968115002,0.2139697896794765,12.987012987012989,8.398090980057532,158.5,165.45,40444264.0,45599040.3,-88.23529411764706,-228.5836542575952,29.734484712041976,178.25,175.75,,,,0.0,0.0,0.0,0.0,0.0,0.0,,0.0,0.0,0.2049,0.0671,0.0,7.47,-0.41,0,False,0,False,False,False,True,1.8262071698400943,True,False,False,False,True,True,False,False,True,False,False,False,False,False,False,False,False,False,20.0,25.0,25.0,0.0,-2.0,False,False,False,False,False,False,False,-1,False,6,False,False,429.262071698401,,3,False,3,False,True,True,True,"ema60_gt_ema120, volume_break, market_above_ma60, avoid_chase, liquidity_ok, kd_golden_cross",,"close_below_ema20, close_below_swing_low"
2026-07-29,17.65,17.65,16.0,16.65,184479,3026637,1776,展宇,,-0.5316933008764231,-0.2656072646100624,-0.2660860362663606,18.125317190844505,18.11116254485805,17.419395340328578,25.585762701627445,26.787880726132425,0.7458159019614444,169088.15,3231132.15,20.45,17.0,-1.0992002674219312,0.0850700525067569,-0.0698324022346368,-0.0205882352941176,17.0,0.4260188584294533,21.021021793700367,18.634999999999945,16.248978206299522,0.0840356518870142,0.2560796129541646,20.96774193548381,11.751152073732252,17.139999999999965,17.594999999999892,3622208.0,4559505.85,-83.33333333333336,-123.84202827888824,6.200735380190082,18.5625,17.975,,,,0.0,0.0,0.0,0.0,0.0,0.0,,0.0,0.0,0.0598,-0.0998,0.0,1.53,-0.03,0,False,0,False,False,False,True,1.0910226411490105,False,False,True,False,True,False,False,False,False,False,False,False,False,False,False,False,False,False,10.0,25.0,22.82282282282283,0.0,-0.7062669868310131,False,False,False,False,True,False,False,-1,False,4,True,False,307.435022569518,,3,False,3,False,True,True,True,"ema60_gt_ema120, market_above_ma60, avoid_chase, adx_trending",open_high_close_low,"close_below_ema20, close_below_swing_low"
2026-07-29,40.85,40.85,39.2,39.85,117059,4638207,1783,和康生,,0.238179856548065,0.2815826373947083,-0.0434027808466432,40.00449317096996,39.96808240650319,40.79128070030729,49.48003502738785,12.512522107235927,0.8189892890525693,105945.15,4242850.45,40.9,39.9,0.0682389339996499,0.0647021184200849,-0.0012531328320801,-0.0062344139650872,40.1,0.8705275993952508,41.15092322548199,40.134999999999856,39.11907677451772,0.359733495183851,0.0506253008836246,36.111111111111086,55.5207463102203,40.259999999999856,40.244999999999706,-50802.0,41098.65,-60.52631578947366,-21.32948440381664,31.21755685811412,39.150000000000006,40.675,,,,0.0,0.0,0.0,0.0,0.0,0.0,,0.0,0.0,0.0916,0.1703,0.0,7.22,0.01,0,False,0,False,False,False,False,1.1049019233065411,False,False,False,False,True,False,False,False,False,False,False,False,False,False,False,False,False,True,0.0,0.0,2.634880803011285,8.0,-0.2927022312377936,False,False,False,False,False,False,False,-1,False,2,False,False,140.53659245821186,,3,False,3,False,True,True,True,"market_above_ma60, avoid_chase",,"close_below_ema20, close_below_swing_low"
2026-07-29,49.7,50.4,48.1,49.1,412651,20252189,1786,科妍,,-1.4216596615706294,-1.1959041527359748,-0.2257555088346545,51.59631919626303,55.05286252562089,60.76108227730285,35.83799136880921,22.59280346680672,1.659803639151915,225962.8,11833413.55,56.0,49.2,-0.5874181229664691,-0.2027609794885518,-0.018,-0.0020325203252032,49.2,0.8596091696681727,56.02547279421057,52.09249999999993,48.15952720578929,0.1195625857869007,0.1509995793717194,25.64102564102565,19.802654436800367,49.79000000000015,50.365000000000144,-7374250.0,-6321943.15,-87.95180722891567,-112.5213108543287,21.761311200202694,56.925,58.35,,,,0.0,0.0,0.0,0.0,0.0,0.0,,0.0,0.0,0.0095,0.0148,0.0,2.23,-0.01,0,False,0,False,False,False,False,1.8261899746329928,True,False,True,False,True,False,False,False,True,False,False,False,False,False,False,False,False,False,10.0,12.0,14.052953156822806,0.0,-1.1406918122754464,False,False,False,False,False,False,False,-1,False,5,False,False,361.57359799902457,,3,False,3,False,True,True,True,"volume_break, market_above_ma60, avoid_chase, adx_trending, kd_golden_cross",,"close_below_ema20, close_below_swing_low"
2026-07-29,178.5,179.5,170.5,175.5,2059046,358209854,1795,美時,,-4.582737463530066,-2.45748513952719,-2.125252324002876,189.94734143529175,201.0752613046256,217.95299166273784,33.023123828098534,12.859618782049616,7.214727085578513,2464618.0,488138216.85,209.5,176.5,-0.6030730305647012,-0.1913947974794836,-0.0883116883116883,-0.0056657223796033,176.5,0.9940016479929924,212.20367413424867,193.575,174.9463258657513,0.0148608035724552,0.1924698347849534,17.857142857142858,8.800865800865722,181.9,186.75,52668146.0,57042714.75,-87.65432098765432,-167.02663786897057,34.11543904225351,195.5,212.0,,,,0.0,0.0,0.0,0.0,0.0,0.0,,0.0,0.0,2.2546,0.4623,0.0,51.95,-0.08,0,False,0,False,False,False,False,0.8354422470338203,False,False,False,False,True,True,False,False,False,False,False,False,False,False,False,False,False,False,20.0,25.0,19.37321937321937,0.0,-0.574352910776656,False,False,False,False,False,False,False,-1,False,3,False,False,236.46218754101832,,3,False,3,False,True,True,True,"market_above_ma60, avoid_chase, liquidity_ok",,"close_below_ema20, close_below_swing_low"
2026-07-29,19.65,19.85,19.1,19.45,1373310,26737863,1789,神隆,,-0.2215106087829284,-0.1020742581252116,-0.1194363506577167,19.980758790480323,20.213449949804847,20.258339705977026,41.92517880988733,15.820721209616178,0.5893413582200047,797460.35,16158106.7,21.05,19.25,-0.394993501654337,0.0708863959074577,-0.0151898734177216,0.0103896103896103,19.25,0.7424252065374153,21.289954127472267,20.200000000000045,19.110045872527824,0.1559488233970835,0.1079162502447741,23.33333333333319,14.38228438228422,19.55,19.8,15918932.0,16037541.1,-82.05128205128216,-111.19133574007208,35.27979808413059,20.2375,20.4,,,,0.0,0.0,0.0,0.0,0.0,0.0,,0.0,0.0,-0.0391,0.4169,0.0,1.82,-0.05,0,False,0,False,False,False,False,1.722104428138653,True,False,False,False,True,False,False,False,True,False,False,False,False,False,False,False,False,False,10.0,12.0,8.226221079691525,0.0,-0.0724465881098007,False,False,False,False,True,False,False,-1,False,4,True,False,268.35168522406894,,3,False,3,False,True,False,True,"volume_break, market_above_ma60, avoid_chase, kd_golden_cross",open_high_close_low,close_below_ema20
2026-07-29,48.7,48.7,43.35,44.05,35265523,1575991745,1802,台玻,,-5.134308381736162,-3.617328673336053,-1.5169797084001084,57.42482959331858,62.18698072163024,58.91487213171794,26.08699832327133,23.27212249659981,4.058921893923675,37258012.65,2367787309.5,74.8,48.15,-2.2038960337694764,-0.4153514448264631,-0.2077338129496403,-0.0851505711318796,48.15,0.5113512988047989,74.99301937322701,59.73999999999997,44.48698062677291,-0.0143243975530486,0.510646781828827,4.334365325077373,7.22403253900787,49.99999999999964,53.12999999999992,4498536826.0,4640941470.35,-97.31285988483688,-146.34546655670036,28.778038807492536,68.25,68.6,,,,0.0,0.0,0.0,0.0,0.0,0.0,,0.0,0.0,0.27,0.0734,0.0,4.82,-0.13,0,False,0,False,False,False,True,0.9465218483680986,False,False,True,False,True,True,False,False,False,False,False,False,False,False,False,False,False,False,20.0,25.0,69.80703745743475,0.0,-0.949693666692408,False,False,False,False,False,False,False,-1,False,5,False,False,378.0688944833721,,3,False,3,False,True,True,True,"ema60_gt_ema120, market_above_ma60, avoid_chase, liquidity_ok, adx_trending",,"close_below_ema20, close_below_swing_low"
2026-07-29,9.98,9.98,9.1,9.87,235660,2246003,1805,寶徠,,-0.1028822836977525,-0.0788690505987743,-0.0240132330989782,10.109503251680028,10.331321529815629,10.657316268342528,40.50952730504363,14.85119644149601,0.3072926940303511,118315.8,1190089.7,10.4,9.74,-0.1815148281684673,-0.0620229105696731,-0.041747572815534,0.0133470225872689,9.74,2.1500156083935265,10.44913405259645,10.125500000000011,9.801865947403572,0.1052640351807913,0.0639245573248608,57.037037037037024,27.236983360171507,9.972000000000026,10.07100000000005,1586983.0,1642061.7,-53.33333333333337,-234.0681695520412,26.72506827337192,10.7375,10.9,,,,0.0,0.0,0.0,0.0,0.0,0.0,,0.0,0.0,-0.0087,-0.0087,0.0,0.61,0.04,0,False,0,False,False,False,False,1.991788079022413,True,False,False,False,True,False,False,False,True,False,False,False,False,False,False,False,False,False,0.0,12.0,5.369807497467083,0.0,-0.0581492579914557,False,False,False,False,True,False,False,-1,False,4,True,False,261.22008969432665,,3,False,3,False,True,False,True,"volume_break, market_above_ma60, avoid_chase, kd_golden_cross",open_high_close_low,close_below_ema20
2026-07-29,8.16,8.16,7.92,8.03,324324,2597104,1806,冠軍,,-0.0317414896094536,0.0066652965089752,-0.0384067861184289,8.219345954376633,8.264470392797207,8.454697633027736,39.350771963025934,19.128913854721883,0.1666378843548029,449013.25,3740975.75,8.52,8.02,-0.1642389899907015,0.036236038307131,-0.041766109785203,0.0012468827930174,8.02,1.1947774456372635,8.576183616127308,8.282000000000016,7.987816383872724,0.0716960663591517,0.0710416846479814,22.91666666666653,20.138888888888687,8.115999999999985,8.213000000000012,-13477916.0,-13626142.8,-79.24528301886801,-142.5641025641039,36.71640939750579,8.187500000000002,8.5,,,,0.0,0.0,0.0,0.0,0.0,0.0,,0.0,0.0,-0.2044,-0.0822,0.0,9.57,-0.03,0,False,0,False,False,False,False,0.7223038518351074,False,False,False,False,True,False,False,False,True,True,False,False,False,False,False,False,False,False,10.0,25.0,6.102117061021174,0.0,0.0773546887331856,False,False,False,False,False,False,False,-1,False,4,False,False,258.1512947831493,,3,False,3,False,True,False,True,"market_above_ma60, avoid_chase, kd_golden_cross, obv_uptrend",,close_below_ema20
2026-07-29,31.8,31.8,30.7,31.4,1375945,42949600,1808,潤隆,,0.3509218607668032,0.3460901691781494,0.0048316915886537,31.431204345439376,30.87174074021594,30.901241490257604,51.23262425786647,21.72000129649877,0.7853060707641027,992614.7,31119238.75,32.25,31.2,0.3831407383287094,0.1886497562444161,-0.0172143974960876,-0.0063291139240507,31.6,0.7098631701533192,32.9425126262161,31.20999999999999,29.477487373783884,0.5548336552140968,0.1110229174121184,36.84210526315782,47.24310776942366,31.88999999999978,31.96000000000004,28245239.0,27028330.95,-45.2830188679246,8.980213089802398,65.83954807376607,31.075,30.6,,,,0.0,0.0,0.0,0.0,0.0,0.0,,0.0,0.0,1625.3727,0.7483,0.0,4.56,0.04,0,False,0,False,False,True,False,1.386182372676931,False,False,True,False,True,False,False,False,False,True,False,False,False,False,False,False,True,False,0.0,0.0,2.707006369426756,8.0,0.2634230293216849,False,False,True,False,False,False,False,-1,False,6,False,False,465.0229000786296,,5,False,3,False,True,False,True,"market_above_ma60, avoid_chase, adx_trending, obv_uptrend, mfi_strong, above_ichimoku_cloud",,close_below_ema20
2026-07-29,33.65,34.15,30.3,31.85,2873724,90387607,1809,中釉,,-3.985706249514045,-2.605169141211255,-1.3805371083027902,41.73428446209407,42.64007758024107,37.59054455678938,26.242027402694035,35.69119496243268,3.1228268229033667,3721048.45,184205160.7,55.4,33.65,-2.75726968339143,0.1442726080953636,-0.20375,-0.0534918276374442,33.65,0.4195109961315378,58.12491109502486,44.06499999999996,30.00508890497506,0.0656089175299892,0.6381441549994287,13.478260869565226,9.616109384842275,35.60999999999986,37.86499999999997,401330657.0,414364254.6,-92.4390243902439,-130.50526408528268,17.750086828915272,51.1125,43.15,,,,0.0,0.0,0.0,0.0,0.0,0.0,,0.0,0.0,0.0454,0.063,0.0,2.02,0.33,0,False,0,False,False,False,True,0.7722887886611635,False,False,True,False,True,True,False,False,True,False,False,False,False,False,False,False,False,False,20.0,25.0,73.94034536891678,0.0,-0.185969259052887,False,False,False,False,False,False,False,-1,False,6,False,False,485.491256777977,,8,False,3,False,True,True,True,"ema60_gt_ema120, market_above_ma60, avoid_chase, liquidity_ok, adx_trending, kd_golden_cross",,"close_below_ema20, close_below_swing_low"
2026-07-29,25.7,25.7,23.0,23.8,13979790,332920204,1810,和成,,1.4059648492558523,2.0451389398261206,-0.6391740905702683,26.336777363204934,23.074687671089094,21.14536741236393,45.62042355524365,36.08255152937601,2.226867155036357,25708403.6,719202761.5,34.15,24.85,1.3023588183258603,0.7964363515876929,-0.3030746705710102,-0.0422535211267606,24.85,0.4337122118066374,33.548492760890554,26.57250000000004,19.596507239109524,0.3012827639713522,0.5250535524237844,7.174887892376689,4.004100861757252,26.900000000000183,28.4,214891980.0,180209884.3,-92.82511210762333,-55.70881226053629,61.62717209540762,21.0,20.025,,,,0.0,0.0,0.0,0.0,0.0,0.0,,0.0,0.0,-0.1191,0.0041,0.0,4.4,-0.57,0,False,0,False,False,True,True,0.5437828897318229,False,False,True,False,True,True,False,False,True,True,False,False,False,False,False,False,True,False,20.0,0.0,43.487394957983184,0.0,0.3907098897314259,False,False,True,False,True,False,False,-1,False,9,True,False,630.1263475740953,,8,False,3,False,True,True,True,"ema60_gt_ema120, market_above_ma60, avoid_chase, liquidity_ok, adx_trending, kd_golden_cross, obv_uptrend, mfi_strong, above_ichimoku_cloud",open_high_close_low,"close_below_ema20, close_below_swing_low"
2026-07-29,38.85,38.85,38.25,38.7,76250,2932701,1817,凱撒衛,,-0.1965668365902431,-0.2314262211973181,0.034859384607075,38.77717348065608,39.02660797067897,39.0592001790577,45.54292715143352,14.415278633671743,0.4039543529498942,53504.3,2063119.05,38.9,38.4,-0.013792108100187,-0.0277356383759917,0.0,0.0,38.7,1.682907589047894,38.889615099693856,38.63000000000011,38.37038490030636,0.6348149627707879,0.0134411131086588,62.50000000000022,60.41666666666666,38.58000000000029,38.60500000000029,-1920012.0,-1962107.9,-37.49999999999978,4.535147392286189,40.54062036286815,40.475,40.375,,,,0.0,0.0,0.0,0.0,0.0,0.0,,0.0,0.0,0.0418,-0.0396,0.0,1.67,0.14,0,False,0,False,False,False,False,1.4251191025768022,False,False,False,False,True,False,False,False,False,True,False,False,False,False,False,False,False,False,0.0,0.0,0.5167958656330639,25.0,0.1905489437250702,False,False,False,False,False,False,False,-1,False,3,False,False,226.53777835046887,,3,False,3,False,True,False,True,"market_above_ma60, avoid_chase, obv_uptrend",,close_below_ema20
2026-07-29,48.5,48.65,46.9,48.0,276533,13164594,1903,士紙,,0.0622067099232666,0.1042623018019937,-0.0420555918787271,48.49510277843905,48.78412721252669,49.97312515779848,45.6198503800066,18.21525818644601,0.9952225601265456,195339.65,9493614.95,50.1,48.4,0.0099370773669467,-0.0147219762439447,-0.0082644628099173,-0.011328527291452,48.55,0.5705425146808697,49.837641744289805,48.62500000000009,47.41235825571038,0.2422981672273795,0.0498772953949495,34.375000000000014,34.42129629629623,48.55,48.62999999999975,4821220.0,4979640.25,-65.62499999999999,-106.37785800240744,36.8646914243184,48.9125,49.975,,,,0.0,0.0,0.0,0.0,0.0,0.0,,0.0,0.0,-0.0191,-0.0585,0.0,10.87,-0.03,0,False,0,False,False,False,False,1.4156521730227325,False,False,False,False,True,False,False,False,False,False,False,False,False,False,False,False,False,False,0.0,0.0,4.375000000000004,0.0,-0.2631490940568979,False,False,False,False,False,False,False,-1,False,2,False,False,100.99873260154456,,3,False,3,True,True,True,True,"market_above_ma60, avoid_chase",,"macd_death_cross, close_below_ema20, close_below_swing_low"
2026-07-29,21.5,21.55,20.7,21.05,2674965,56247718,1904,正隆,,-0.1195032407003608,0.066627474523303,-0.1861307152236639,21.791734699561125,21.120550411207294,20.14255707304698,42.06309355952834,15.985568638239204,0.7156437717347638,2377746.4,53526610.5,23.9,21.35,-0.4020583019356356,0.3856312292293203,-0.0186480186480185,-0.0140515222482435,21.35,0.6574437081858667,23.908876049648004,22.12999999999988,20.35112395035176,0.1964375341908969,0.1607660234657145,20.58823529411774,23.36106159635589,21.420000000000076,21.569999999999983,57734397.0,62417588.05,-87.93103448275858,-96.84161634928049,19.36309135669903,21.9875,20.575,,,,0.0,0.0,0.0,0.0,0.0,0.0,,0.0,0.0,-0.0209,0.0078,0.0,10.47,0.07,0,False,0,False,False,False,True,1.1250001261698892,False,False,False,False,True,True,False,False,False,False,False,False,False,False,False,False,False,False,10.0,12.0,13.53919239904987,0.0,-0.2466216065595828,False,False,False,False,False,False,False,-1,False,4,False,False,240.29054198298388,,3,False,3,False,True,True,True,"ema60_gt_ema120, market_above_ma60, avoid_chase, liquidity_ok",,"close_below_ema20, close_below_swing_low"
2026-07-29,13.1,13.2,12.45,12.8,4454745,56647296,1905,華紙,,-0.4827463235772491,-0.1682146491143629,-0.3145316744628862,14.384233770502057,14.253385478419656,13.705477453619674,32.91306565981846,22.266909606895947,0.6823934898800811,4192423.0,65082321.9,17.0,13.0,-1.369314415928914,0.4563054068290448,-0.1017543859649122,-0.0153846153846153,13.0,0.6366215470040947,17.33389771121649,14.885000000000014,12.436102288783538,0.0742982668385318,0.3290423528675141,15.909090909090963,8.244206773618012,13.460000000000036,13.870000000000028,234710286.0,251959921.0,-90.41095890410956,-135.9095688748685,5.573374217564023,15.425,15.275,,,,0.0,0.0,0.0,0.0,0.0,0.0,,0.0,0.0,-0.0043,-0.0423,0.0,2.4,0.05,0,False,0,False,False,False,True,1.0625704992077374,False,False,True,False,True,True,False,False,True,False,False,False,False,False,False,False,False,False,20.0,25.0,32.81249999999999,0.0,-0.2023090842020375,False,False,False,False,False,False,False,-1,False,6,False,False,428.1979959816529,,3,False,3,False,True,True,True,"ema60_gt_ema120, market_above_ma60, avoid_chase, liquidity_ok, adx_trending, kd_golden_cross",,"close_below_ema20, close_below_swing_low"
2026-07-29,11.2,11.2,10.9,11.05,74902,824335,1906,寶隆,,-0.0510313355292879,-0.0310405157779709,-0.0199908197513169,11.070884138100512,11.153387304561276,11.36126531291586,48.96352718238481,15.756541996015397,0.2889907945114645,114577.8,1273306.55,11.55,10.9,-0.1864781129959163,0.0793752343121407,-0.0089686098654707,0.0137614678899082,10.9,0.4881770456844246,11.48523964735089,11.120000000000028,10.754760352649166,0.4041725063150352,0.0656905840559102,70.00000000000028,48.97435897435874,10.960000000000036,11.00500000000002,-3821404.0,-3448855.15,-46.15384615384596,-29.001883239169924,48.13918998051915,11.3,11.275,,,,0.0,0.0,0.0,0.0,0.0,0.0,,0.0,0.0,0.0916,0.2759,0.0,0.84,0.02,0,False,0,False,False,False,False,0.6537217506358125,False,False,False,False,True,False,False,False,True,False,False,False,False,False,False,False,False,False,-10.0,0.0,4.524886877828054,0.0,-0.6545479945317336,False,False,False,False,True,False,False,-1,False,3,True,False,178.68264157197734,,3,False,3,False,True,False,True,"market_above_ma60, avoid_chase, kd_golden_cross",open_high_close_low,close_below_ema20
2026-07-29,28.2,28.9,28.2,28.45,3590839,102277978,1907,永豐餘,,0.392111626595625,0.4601711452993158,-0.0680595187036908,27.89101382234209,26.83086389021664,26.21520864416995,58.2873332499752,33.99937738086523,0.7288670076479514,2003353.25,56863944.35,29.2,27.75,0.0950712277252816,0.3447666234744889,0.0142602495543671,0.0106571936056838,28.15,0.7635386335361374,29.011611274191345,28.027499999999964,27.043388725808587,0.7146606847620935,0.0702246917628314,65.38461538461536,37.66788766788704,28.16000000000004,28.134999999999945,20391218.0,18701210.65,-44.64285714285713,90.97080787508496,55.68859406643958,26.475,25.9,,,,0.0,0.0,0.0,0.0,0.0,0.0,,0.0,0.0,0.1266,0.0154,0.0,12.62,0.09,0,False,0,False,False,True,True,1.7924142933853529,True,True,True,False,True,True,False,False,True,True,False,False,False,False,False,False,True,True,0.0,0.0,2.636203866432337,8.0,0.123470913048696,False,False,True,False,False,False,False,-1,False,11,False,False,817.4057938904378,,10,False,3,False,False,False,False,"ema60_gt_ema120, volume_break, rsi_strong, market_above_ma60, avoid_chase, liquidity_ok, adx_trending, kd_golden_cross, obv_uptrend, mfi_strong, above_ichimoku_cloud",,
2026-07-29,10.0,10.1,9.77,9.88,3664061,36289692,1909,榮成,,0.0495339434394086,0.1134296966917362,-0.0638957532523276,10.066252761968745,9.837675761467278,9.749806353364344,45.94368539892427,22.09513551403699,0.3028931396468012,5083383.4,52712217.3,10.9,9.9,-0.1396883797614894,0.2651065347806761,-0.0217821782178216,-0.0169154228855721,10.05,0.4968262393150213,10.82157863540702,10.200000000000044,9.578421364593073,0.2425908953655342,0.1218781638052885,17.46031746031763,29.00851161720736,10.026000000000112,10.078000000000063,90738240.0,96168333.1,-88.77551020408151,-77.45124965668751,35.10648114540021,9.725,9.55,,,,0.0,0.0,0.0,0.0,0.0,0.0,,0.0,0.0,0.441,0.0726,0.0,9.24,0.04,0,False,0,False,False,True,True,0.7207917860376221,False,False,True,False,True,True,False,False,False,False,False,False,False,False,False,False,False,False,20.0,0.0,10.323886639676108,0.0,-0.178622160760692,False,False,True,False,False,False,False,-1,False,6,False,False,440.0644519312479,,3,False,3,False,True,True,True,"ema60_gt_ema120, market_above_ma60, avoid_chase, liquidity_ok, adx_trending, above_ichimoku_cloud",,"close_below_ema20, close_below_swing_low"
2026-07-29,19.1,19.15,18.65,18.95,54262790,1023569998,2002,中鋼,,0.0447879077740651,-0.0035191576267594,0.0483070654008245,18.882550463877894,18.933515506173936,19.0389081637576,51.75259849968816,17.602039051285583,0.3777012139531798,40895728.75,770269761.85,19.25,18.55,0.1152624188365379,0.0247958931195429,0.0053050397877982,-0.0026315789473684,19.0,0.8685676323038047,19.24770941204609,18.78499999999999,18.322290587953887,0.6782976482695471,0.0492637116897633,47.36842105263154,60.0,19.089999999999964,18.91000000000004,58518384.0,-28016986.0,-41.66666666666669,43.35793357933552,50.900285703100266,19.3375,19.525,,,,0.0,0.0,0.0,0.0,0.0,0.0,,0.0,0.0,0.0961,-0.0655,0.0,14.14,0.53,0,False,0,False,False,True,False,1.326857147642833,False,False,False,False,True,True,False,False,False,True,False,False,False,False,False,False,True,True,0.0,0.0,1.5831134564643838,15.0,0.5017652713018818,False,False,False,False,False,False,False,-1,False,5,False,False,374.2897547320509,,3,False,3,False,False,False,False,"market_above_ma60, avoid_chase, liquidity_ok, obv_uptrend, mfi_strong",,
2026-07-29,72.8,73.3,69.0,72.4,2318461,166247991,2006,東和鋼鐵,,0.9861821179674024,0.8421514221583235,0.1440306958090789,70.87029341662169,69.59745878953119,69.10438184554144,61.255155254796776,16.80054024074185,1.73984921326603,2633176.1,185948650.7,73.0,70.0,0.3151380200971542,0.1597923404267791,0.0182841068917019,-0.0013793103448275,72.5,0.7605745366971808,73.47148761352199,70.55500000000029,67.6385123864786,0.8163051321469276,0.0826727407985737,79.06976744186065,86.54177433247241,72.18000000000029,71.61000000000021,56192191.0,52814975.1,-19.565217391304188,60.43956043956163,64.1997331643345,67.575,68.05,,,,0.0,0.0,0.0,0.0,0.0,0.0,,0.0,0.0,0.0901,0.0101,0.0,25.27,0.45,0,False,0,False,False,True,True,0.880480800353611,False,True,False,False,True,True,False,False,False,True,False,False,False,False,False,False,True,True,-10.0,-12.0,0.8287292817679479,25.0,0.1728748173708884,False,False,True,False,False,False,False,-1,False,8,False,False,553.8793058119868,,3,False,3,False,False,False,False,"ema60_gt_ema120, rsi_strong, market_above_ma60, avoid_chase, liquidity_ok, obv_uptrend, mfi_strong, above_ichimoku_cloud",,
2026-07-29,7.23,7.23,6.9,7.0,415648,2900801,2007,燁興,,-0.077039139348539,-0.0627122154115708,-0.0143269239369681,7.180082072736407,7.35545922489177,7.510702636383149,40.45124450498452,11.915046908612211,0.1998817771340937,330498.85,2394307.45,7.52,6.98,-0.2061547421046913,-0.0374595893978679,-0.0168539325842697,0.0028653295128939,6.98,0.888251503383594,7.458938597702398,7.204499999999984,6.950061402297571,0.0981348705608655,0.0706332424741241,25.64102564102557,23.431311236189384,7.097999999999956,7.122999999999957,5882146.0,6186643.15,-83.60655737704923,-120.24879060124373,52.47004226411826,7.49,7.525,,,,0.0,0.0,0.0,0.0,0.0,0.0,,0.0,0.0,-0.2573,-0.1792,0.0,0.78,0.01,0,False,0,False,False,False,False,1.2576382640968342,False,False,False,False,True,False,False,False,True,False,False,False,False,False,False,False,True,False,10.0,25.0,7.428571428571422,0.0,-0.233248810775196,False,False,False,False,True,False,False,-1,False,4,True,False,254.777396911666,,3,False,3,False,True,False,True,"market_above_ma60, avoid_chase, kd_golden_cross, mfi_strong",open_high_close_low,close_below_ema20
2026-07-29,30.5,30.9,30.2,30.75,39533,1209987,2008,高興昌,,0.2329473197130553,0.254440293557406,-0.0214929738443506,30.56497234511305,29.8266015252726,29.182154543447577,53.39846041936114,28.16998510337293,0.7682684507561606,40318.3,1218087.85,31.3,30.15,0.1091721746166116,0.2184769841353381,0.0199004975124379,0.006546644844517,30.55,0.6034042736742719,31.66352078779256,30.51500000000005,29.366479212207548,0.6023055056981701,0.0752758176498446,39.47368421052634,43.37439343038508,30.839999999999964,30.864999999999963,-2499402.0,-2644208.65,-37.70491803278687,32.20858895705482,84.24921729471696,29.875,29.25,,,,0.0,0.0,0.0,0.0,0.0,0.0,,0.0,0.0,0.0461,0.0488,0.0,7.8,0.02,0,False,0,False,False,True,True,0.9805224922677792,False,False,True,False,True,False,False,False,False,True,False,False,False,False,False,False,True,False,0.0,0.0,1.788617886178864,15.0,1.0015859451845894,False,False,True,False,False,False,False,-1,False,7,False,False,531.8242562648928,,5,False,3,False,False,False,False,"ema60_gt_ema120, market_above_ma60, avoid_chase, adx_trending, obv_uptrend, mfi_strong, above_ichimoku_cloud",,
2026-07-29,36.7,36.75,34.8,35.05,1977119,70035792,2009,第一銅,,-0.7327817598932569,-0.5799381921149437,-0.1528435677783132,37.64881762288398,38.962270586863376,39.93689077060764,34.118202285895165,14.19283798470702,1.2749490912994457,1330280.85,50623070.05,39.65,36.1,-0.382564356962678,-0.1136130443741008,-0.0739762219286659,-0.0462585034013606,36.75,3.969591934063592,40.00762542891413,37.83999999999978,35.672374571085435,-0.1435613743000682,0.1145679402174609,5.319148936170209,34.3941322664729,36.95999999999949,37.08999999999978,198629758.0,207079929.6,-94.6808510638298,-215.8081705150963,49.96359323276874,40.8625,41.650000000000006,,,,0.0,0.0,0.0,0.0,0.0,0.0,,0.0,0.0,0.1546,0.0505,0.0,0.74,-0.1,0,False,0,False,False,False,False,1.4862417962342311,False,False,False,False,True,True,False,False,False,False,False,False,False,False,False,False,False,False,20.0,25.0,13.124108416547797,0.0,-1.065473916818106,False,False,False,False,False,False,False,-1,False,3,False,False,237.07673096052503,,3,False,3,False,True,True,True,"market_above_ma60, avoid_chase, liquidity_ok",,"close_below_ema20, close_below_swing_low"
2026-07-29,21.1,21.25,20.7,21.0,2118102,44372695,2010,春源,,-0.586071296050239,-0.6457301613432885,0.0596588652930495,21.575426336697024,22.59954874289159,22.691723998447745,33.921014612672536,37.62770012328946,0.4254076810671041,1423284.95,30723382.5,23.7,20.85,-0.2711751661787357,-0.2056355595598248,-0.004739336492891,-0.004739336492891,21.1,0.7255932303551083,22.515414820389942,21.340000000000053,20.16458517961016,0.3553702088394321,0.1101607141883683,50.0,55.02450980392132,21.08000000000011,21.060000000000127,16259628.0,20227021.65,-61.11111111111104,-78.9991063449507,28.63773648620892,24.0125,23.925,,,,0.0,0.0,0.0,0.0,0.0,0.0,,0.0,0.0,-0.0043,0.0068,0.0,7.74,0.03,0,False,0,False,False,False,False,1.4881784564643925,False,False,True,False,True,False,False,False,False,False,False,False,False,False,False,False,False,True,0.0,0.0,12.857142857142852,0.0,-0.872575746670014,False,False,False,False,False,False,False,-1,False,3,False,False,224.41087560460377,,10,False,3,False,True,False,True,"market_above_ma60, avoid_chase, adx_trending",,close_below_ema20
2026-07-29,16.4,16.4,15.6,16.0,100037,1588698,2012,春雨,,0.1175613974951925,0.1565628550683774,-0.0390014575731848,15.720782060440404,15.479116644865131,15.640262614607169,56.64235172584268,26.37301209518912,0.4707761661467609,80578.55,1289558.85,16.85,15.45,-0.2690304773973742,0.1822852250575238,0.0256410256410257,0.0126582278481011,15.8,0.5205784305299868,16.676148782806298,15.927500000000055,15.178851217193811,0.5484205689403414,0.0940070673748221,60.00000000000007,44.07407407407421,15.769999999999891,15.71999999999998,1305592.0,1256545.5,-33.33333333333324,15.34526854219935,60.97524347058104,14.6875,15.05,,,,0.0,0.0,0.0,0.0,0.0,0.0,,0.0,0.0,-0.1763,-0.0609,0.0,1.44,0.01,0,False,0,False,False,True,False,1.241484241153508,False,True,True,False,True,False,False,False,False,True,False,False,False,False,False,False,True,True,0.0,0.0,5.312500000000009,0.0,0.0407073058788499,False,False,True,False,True,False,False,-1,False,7,True,False,472.90333008208125,,5,False,3,False,False,False,False,"rsi_strong, market_above_ma60, avoid_chase, adx_trending, obv_uptrend, mfi_strong, above_ichimoku_cloud",open_high_close_low,
2026-07-29,17.15,17.15,16.5,16.8,3791909,63430143,2014,中鴻,,-0.1583501288078004,-0.1518438192172504,-0.0065063095905499,17.22651714507583,17.503497848744747,17.407276085850654,40.529911797599965,9.251778041389116,0.5009269175667461,3455109.6,59593631.0,17.85,16.9,-0.0995524874402703,-0.0865893210882823,-0.020408163265306,-0.0088495575221237,16.95,0.8199604608475834,17.712867514638006,17.202500000000008,16.69213248536201,0.105676313190213,0.059336435359744,24.000000000000057,26.84057971014469,17.139999999999965,17.134999999999945,241721091.0,242968819.1,-78.5714285714285,-145.55256064690082,48.496749944379474,18.05,18.225,,,,0.0,0.0,0.0,0.0,0.0,0.0,,0.0,0.0,0.4793,-0.0607,0.0,6.58,0.08,0,False,0,False,False,False,True,1.0974786443822215,False,False,False,False,True,True,False,False,False,False,False,False,False,False,False,False,False,True,10.0,12.0,6.250000000000004,0.0,-0.1183648429988943,False,False,False,False,False,False,False,-1,False,4,False,False,296.55440832783546,,3,False,3,True,True,True,True,"ema60_gt_ema120, market_above_ma60, avoid_chase, liquidity_ok",,"macd_death_cross, close_below_ema20, close_below_swing_low"
2026-07-29,41.4,41.4,40.25,40.95,195289,7948574,2013,中鋼構,,-0.4770632858119512,-0.5003367186728278,0.0232734328608765,41.3686616313195,42.15614091311331,42.42945484291173,41.34999693494933,23.863848964129204,0.6636558173066185,143906.25,5961795.45,44.0,40.5,-0.2367155831387865,-0.0658572620041331,0.0073800738007381,0.0036764705882355,40.8,0.8535028789141401,43.11620763402552,41.327499999999965,39.538792365974416,0.3944768857640571,0.0865625858823084,56.00000000000023,45.333333333333336,40.95,40.925,640737.0,664567.45,-43.99999999999977,-56.73316708229424,48.88116353223121,42.775,43.2,,,,0.0,0.0,0.0,0.0,0.0,0.0,,0.0,0.0,-0.2256,-0.1212,0.0,6.95,0.01,0,False,0,False,False,False,False,1.357057111834962,False,False,True,False,True,False,False,False,True,False,False,False,False,False,False,False,False,True,0.0,0.0,7.448107448107441,0.0,-0.0456398550800244,False,False,False,False,False,False,False,-1,False,4,False,False,253.0228928573893,,5,False,3,False,True,False,True,"market_above_ma60, avoid_chase, adx_trending, kd_golden_cross",,close_below_ema20
2026-07-29,64.5,66.9,64.5,65.6,723047,47160261,2015,豐興,,0.7133304541558232,0.4879000303153216,0.2254304238405016,63.415813574326506,62.89523949073902,63.216431343581775,65.87820504872727,22.701718147704515,1.077962911267763,326190.4,20649878.5,64.6,62.7,0.2799221598178881,0.0254383420774896,0.0462519936204144,0.0154798761609906,64.6,1.4192242685540797,65.49976011567223,63.15499999999993,60.81023988432763,1.021375296273969,0.0742541403110538,69.0476190476188,81.7460317460318,64.39999999999927,64.03999999999978,2306210.0,61260.5,-24.07407407407426,171.55630064263806,73.50250281577134,62.7,62.6,,,,0.0,0.0,0.0,0.0,0.0,0.0,,0.0,0.0,-0.0973,-0.0618,0.0,12.67,0.11,0,False,0,False,False,True,False,2.216640955711756,True,True,True,True,True,False,False,False,False,True,False,False,False,True,False,False,True,True,0.0,-25.0,-1.5243902439024393,25.0,2.0,False,False,True,False,False,False,False,-1,False,10,False,False,721.1664095571175,,5,False,3,False,False,False,False,"volume_break, rsi_strong, breakout_20d, market_above_ma60, avoid_chase, adx_trending, obv_uptrend, breakout_volume_confirm, mfi_strong, above_ichimoku_cloud",,
2026-07-29,8.79,8.84,8.52,8.8,895079,7753167,2017,官田鋼,,-0.091909311037611,-0.0670489141627963,-0.0248603968748147,9.008361834944706,9.108203971520451,9.150247143005142,40.94940444670376,13.28884389920096,0.2270763107362966,494492.5,4497933.65,9.54,8.76,-0.3275261936573257,0.0515765894357463,-0.0156599552572705,0.0045662100456622,8.76,0.9184011645322432,9.485216289921114,9.06900000000005,8.652783710078987,0.1768507065748599,0.0917887947780485,43.75000000000014,33.894291889143155,8.894000000000142,8.922000000000072,5620828.0,5309230.65,-62.16216216216202,-150.08905329497185,34.43283453266967,9.36,9.29,,,,0.0,0.0,0.0,0.0,0.0,0.0,,0.0,0.0,0.1804,0.0599,0.0,1.87,-0.02,0,False,0,False,False,False,False,1.8100962097504008,True,False,False,False,True,False,False,False,True,True,False,False,False,False,False,False,False,False,0.0,12.0,8.40909090909089,0.0,0.0915792542965531,False,False,False,True,False,False,False,-1,False,5,True,False,376.1999131490626,,3,False,3,False,True,False,True,"volume_break, market_above_ma60, avoid_chase, kd_golden_cross, obv_uptrend",long_upper_shadow,close_below_ema20
2026-07-29,21.15,21.3,20.85,21.3,479655,10082487,2020,美亞,,-0.1021095310972413,-0.1047395878249387,0.0026300567276974,21.33067707703184,21.7393426255663,22.36548687443522,47.674722235230455,22.56858356867578,0.3266851114821839,294246.45,6275657.45,21.75,21.1,-0.0991687937295003,-0.032332970707725,0.0094786729857818,0.0094786729857818,21.1,0.9442583495853376,21.70637059363776,21.35,20.99362940636224,0.4298483083443968,0.0333836621674716,69.23076923076927,46.15384615384634,21.240000000000144,21.23000000000011,-13459439.0,-13681289.3,-43.749999999999886,-104.07141301981324,42.7561337737176,21.475,23.15,,,,0.0,0.0,0.0,0.0,0.0,0.0,,0.0,0.0,0.0363,0.0087,0.0,1.66,0.0,0,False,0,True,True,False,False,1.6301131245593616,True,False,True,False,True,False,False,False,True,True,False,False,False,False,True,False,False,True,0.0,0.0,2.1126760563380245,8.0,0.1974197185212181,False,False,False,False,False,False,False,-1,False,9,False,False,671.6701678678482,,5,False,3,False,True,False,True,"macd_golden_cross, volume_break, market_above_ma60, avoid_chase, hist_turn_positive, adx_trending, kd_golden_cross, obv_uptrend, williams_r_recovery",,close_below_ema20
2026-07-29,7.62,7.7,7.31,7.57,1471458,11072163,2022,聚亨,,-0.0625826067376742,-0.0361975202115414,-0.0263850865261327,7.778685958374127,7.939600500140903,8.108517748408927,38.54275748041732,13.581962074108104,0.1864487455044123,793660.45,6269778.4,8.2,7.62,-0.3561887604661106,-0.0292916801090709,-0.0232258064516128,-0.0065616797900261,7.62,1.0241084559836997,8.234857696136109,7.866000000000008,7.497142303863909,0.098761252509163,0.093785328282761,43.33333333333341,36.06606606606632,7.696000000000095,7.712000000000034,713068.0,2289261.6,-70.11494252873555,-141.50555327025927,32.48454514454137,7.8475,8.55,,,,0.0,0.0,0.0,0.0,0.0,0.0,,0.0,0.0,0.1948,-0.0844,0.0,2.17,-0.11,0,False,0,False,False,False,False,1.8540145222053084,True,False,False,False,True,False,False,False,True,False,False,False,False,False,False,False,False,False,0.0,25.0,8.322324966974888,0.0,-0.95703087385747,False,False,False,False,False,False,False,-1,False,4,False,False,302.0557747357634,,3,False,3,False,True,True,True,"volume_break, market_above_ma60, avoid_chase, kd_golden_cross",,"close_below_ema20, close_below_swing_low"
2026-07-29,13.9,13.9,13.55,13.65,2163353,29556077,2023,燁輝,,0.0012424092642202,0.009841849716601,-0.0085994404523807,13.800190613735634,13.87610278675694,14.09790668210456,45.27272465004394,18.560671599607318,0.3047839265747342,2038033.05,28085302.1,14.2,13.6,0.053372231982592,-0.0139230235648923,-0.0144404332129963,-0.0144404332129963,13.85,0.6829362794273763,14.182824538544734,13.797499999999967,13.4121754614552,0.3086028980180941,0.0558542545453549,15.384615384615364,30.76923076923049,13.829999999999927,13.769999999999936,-45621456.0,-45383956.65,-90.00000000000003,-46.54277582454351,55.4230154409656,13.8625,13.925,,,,0.0,0.0,0.0,0.0,0.0,0.0,,0.0,0.0,-0.0188,-0.1244,0.0,3.96,0.07,0,False,0,False,False,False,False,1.0614906367686234,False,False,False,False,True,False,False,False,False,False,False,False,False,False,False,False,True,True,20.0,0.0,4.029304029304021,0.0,-0.0535832272160798,False,False,False,False,False,False,False,-1,False,3,False,False,204.97190764109328,,3,False,3,True,True,False,True,"market_above_ma60, avoid_chase, mfi_strong",,"macd_death_cross, close_below_ema20"
2026-07-29,14.05,14.05,13.65,14.0,33808,470426,2024,志聯,,-0.0155564848250993,-0.0145866543616604,-0.0009698304634388,13.859191040803337,13.92517595763728,14.222782888361108,52.29556892314816,5.391854203570256,0.360471129305402,12452.3,172125.8,14.05,13.55,-0.008830894690454,,0.033210332103321,0.018181818181818,13.75,1.5018496119787756,14.16578029863824,13.84500000000005,13.52421970136186,0.7415983784820519,0.0463387935916486,73.33333333333343,55.55555555555596,13.800000000000182,13.860000000000127,-30694945.0,-30740092.45,-26.66666666666657,49.08267810340792,62.279819534184846,10.8,7.475,,,,0.0,0.0,0.0,0.0,0.0,0.0,,0.0,0.0,0.1718,0.1338,0.0,0.63,0.02,0,False,0,False,False,True,False,2.715000441685472,True,False,False,False,True,False,False,False,True,True,False,False,False,False,False,False,True,False,-10.0,0.0,0.3571428571428622,25.0,0.6457909545410412,False,False,True,False,True,False,False,-1,False,7,True,False,544.8994958713472,,3,False,3,False,False,False,False,"volume_break, market_above_ma60, avoid_chase, kd_golden_cross, obv_uptrend, mfi_strong, above_ichimoku_cloud",open_high_close_low,
2026-07-29,42.1,43.55,42.05,43.25,25417202,1092352264,2027,大成鋼,,0.6253746683499344,0.3333199489431986,0.2920547194067358,42.02295890296963,41.01468337677488,39.90980611433189,56.23184861378643,19.43393930072842,1.5349065307137049,18556280.85,776317592.6,44.55,40.45,0.3996059181237413,0.0711266446264578,-0.0114285714285714,0.0248815165876776,42.2,1.0584502902768784,44.60717243147157,41.5449999999998,38.48282756852804,0.7783971246159914,0.1474147277155749,58.71559633027525,60.94751898983972,43.58999999999978,42.49499999999989,929864986.0,878759505.05,-30.82191780821919,76.55717106444044,63.07434824146354,42.275,40.325,,,,0.0,0.0,0.0,0.0,0.0,0.0,,0.0,0.0,0.4373,0.0207,0.0,21.89,1.12,0,False,0,False,False,True,True,1.3697357894860702,False,True,False,False,True,True,False,False,False,True,False,False,False,False,False,False,True,True,0.0,0.0,3.0057803468208024,8.0,0.676804157522044,False,False,True,False,False,False,False,-1,False,8,False,False,599.8190077851252,,3,False,3,False,False,False,False,"ema60_gt_ema120, rsi_strong, market_above_ma60, avoid_chase, liquidity_ok, obv_uptrend, mfi_strong, above_ichimoku_cloud",,
2026-07-29,11.9,12.45,11.8,12.45,1123355,13573213,2025,千興,,-0.3034291211828979,-0.3545082664429144,0.0510791452600165,12.157157013842092,12.384783333707263,12.169307184978026,51.98481128414096,16.111110703422213,0.5745038370936605,490674.15,6026535.9,13.65,11.25,-0.6434786348913633,0.0451363115040578,0.0779220779220777,0.0595744680851062,11.75,0.6462029826523376,13.536366235038097,12.144999999999936,10.753633764961776,0.6096044996347415,0.229125769458735,100.0,66.66666666666667,11.96999999999989,11.734999999999946,9434220.0,8809159.3,-0.0,9.239415154546014,47.83415450928509,14.175,13.275,,,,0.0,0.0,0.0,0.0,0.0,0.0,,0.0,0.0,0.5786,-0.6404,0.0,1.2,-0.08,0,False,0,True,True,True,True,2.2894114148870486,True,False,False,False,False,False,False,False,False,True,False,False,False,False,False,False,False,True,-20.0,0.0,9.63855421686748,0.0,0.1952302693169565,False,False,False,False,False,False,False,-1,False,6,False,False,430.236877380674,,3,False,3,False,False,False,False,"macd_golden_cross, ema60_gt_ema120, volume_break, market_above_ma60, hist_turn_positive, obv_uptrend",,
2026-07-29,20.85,20.85,20.45,20.55,471672,9724591,2029,盛餘,,-0.014883366507604,-0.0080029565564032,-0.0068804099512007,20.658948990223177,20.655658248310644,20.790721192324146,47.153020276726174,12.88147850435982,0.3411513214002218,219431.35,4532753.6,20.95,20.45,-0.0485761780213702,0.0385099043996975,0.0024390243902439,-0.0024271844660194,20.6,1.2032978390470634,21.022636833984983,20.67999999999997,20.33736316601496,0.3102947682419085,0.0331370245633473,35.71428571428575,50.634920634921095,20.670000000000076,20.630000000000017,-7043013.0,-6951030.05,-62.49999999999994,-37.5275938189863,48.40039788146888,20.8,20.5,,,,0.0,0.0,0.0,0.0,0.0,0.0,,0.0,0.0,0.0258,0.1028,0.0,67.03,0.11,0,False,0,False,False,False,False,2.149519656147583,True,False,False,False,True,False,False,False,False,False,False,False,False,False,False,False,False,True,0.0,0.0,1.9464720194647132,15.0,-0.195965543708345,False,False,False,False,False,False,False,-1,False,3,False,False,219.1436100369757,,3,False,3,False,True,False,True,"volume_break, market_above_ma60, avoid_chase",,close_below_ema20
2026-07-29,15.5,15.55,15.1,15.55,191258,2930126,2028,威致,,-0.2487511349756008,-0.2676673292691658,0.018916194293565,15.805118790954234,16.452646638309602,16.92938844871325,39.75660896885776,27.617764654718652,0.3642270995462732,107088.65,1680634.0,16.2,15.45,-0.2181887638973859,-0.1795854776796188,-0.003205128205128,0.0032258064516128,15.5,1.0210276643345344,16.264449167446735,15.782500000000027,15.30055083255332,0.2587919891720367,0.0610738688353184,64.28571428571433,50.84033613445354,15.580000000000108,15.595000000000072,-5017253.0,-4925713.65,-54.99999999999997,-111.5394500128494,26.628707656606224,17.0125,17.8,,,,0.0,0.0,0.0,0.0,0.0,0.0,,0.0,0.0,0.1307,-0.2356,0.0,0.74,0.03,0,False,0,False,False,False,False,1.785978252597264,True,False,True,False,True,False,False,False,True,False,False,False,False,False,False,False,False,False,0.0,0.0,4.180064308681663,0.0,-0.3057027843660777,False,False,False,False,False,False,False,-1,False,5,False,False,384.19134911357975,,5,False,3,False,True,False,True,"volume_break, market_above_ma60, avoid_chase, adx_trending, kd_golden_cross",,close_below_ema20
2026-07-29,17.25,17.3,16.6,17.05,1064168,17920371,2030,彰源,,-0.3162787805886964,-0.2464996932049367,-0.0697790873837597,17.666710780312165,17.691544294914106,17.094146171001,38.81735186778133,18.990830564885535,0.5358783680860818,977943.45,17487194.1,19.25,17.1,-0.5168631485895939,0.0556037609704601,-0.0201149425287354,-0.0029239766081872,17.1,1.1268333417120824,19.16190680588505,17.79249999999995,16.423093194114855,0.228897214177329,0.1539307917251762,37.499999999999964,33.89406487232615,17.290000000000145,17.34499999999998,12835219.0,15718705.65,-66.66666666666667,-103.47752332485176,33.26676513865722,18.525,17.55,,,,0.0,0.0,0.0,0.0,0.0,0.0,,0.0,0.0,0.3389,-0.1723,0.0,5.46,0.08,0,False,0,False,False,False,True,1.0881692596846986,False,False,False,False,True,False,False,False,True,False,False,False,False,False,False,False,False,False,0.0,0.0,12.903225806451609,0.0,-0.7248285104720061,False,False,False,False,False,False,False,-1,False,4,False,False,272.18375047118286,,3,False,3,False,True,True,True,"ema60_gt_ema120, market_above_ma60, avoid_chase, kd_golden_cross",,"close_below_ema20, close_below_swing_low"
2026-07-29,40.05,40.25,38.55,39.5,901534,35373078,2031,新光鋼,,0.1909394707187246,0.1024892406432015,0.088450230075523,39.6195156276963,39.548074105990814,39.574259677331305,49.49241800113997,12.036001339074206,1.059036434826905,790112.2,31164919.3,40.95,39.05,0.2766188808097118,0.0024543786905269,-0.007537688442211,-0.007537688442211,39.8,0.7612946478919,41.03019872526647,39.34749999999995,37.66480127473342,0.5453141128920445,0.0855301467827195,37.7358490566038,59.74842767295559,40.159999999999854,39.874999999999815,424.0,-610552.45,-51.56250000000002,7.695423248279257,69.31784054315844,40.6625,40.875,,,,0.0,0.0,0.0,0.0,0.0,0.0,,0.0,0.0,0.0782,0.0089,0.0,8.43,0.31,0,False,0,False,False,False,False,1.141020224722514,False,False,False,False,True,False,False,False,False,True,False,False,False,False,False,False,True,True,0.0,0.0,3.670886075949374,0.0,0.219550850268476,False,False,False,False,False,False,False,-1,False,4,False,False,294.04481245044684,,3,False,3,False,True,False,True,"market_above_ma60, avoid_chase, obv_uptrend, mfi_strong",,close_below_ema20
2026-07-29,15.95,15.95,15.0,15.3,342457,5239322,2032,新鋼,,-0.358741825547618,-0.3180662471600124,-0.0406755783876056,16.182357525073904,16.58501829426967,16.421620739193312,34.50816385613612,22.19745587398189,0.5209105743542206,341396.0,5543185.1,17.25,15.6,-0.3610048919318595,-0.1147608181307053,-0.0467289719626168,-0.0192307692307691,15.6,0.8305317622505326,17.074698957145237,16.19250000000004,15.310301042854846,-0.0058382764859411,0.1089638977483641,21.4285714285715,27.142857142856883,15.850000000000184,15.900000000000093,21474636.0,22042788.2,-80.64516129032255,-170.00903342366743,37.57886341993783,17.65,17.15,,,,0.0,0.0,0.0,0.0,0.0,0.0,,0.0,0.0,0.1199,-0.0226,0.0,3.4,-0.28,0,False,0,False,False,False,True,1.003107827859729,False,False,True,False,True,False,False,False,False,False,False,False,False,False,False,False,False,False,10.0,25.0,12.74509803921568,0.0,-0.3583944137715137,False,False,False,False,True,False,False,-1,False,4,True,False,315.7303453133391,,3,False,3,False,True,True,True,"ema60_gt_ema120, market_above_ma60, avoid_chase, adx_trending",open_high_close_low,"close_below_ema20, close_below_swing_low"
2026-07-29,14.7,15.0,14.6,15.0,116794,1720084,2033,佳大,,-0.2246062697441484,-0.189070638962939,-0.0355356307812094,15.348147440499089,15.611947658968212,15.793255977035225,42.44587140289805,23.99299036049675,0.4072319794965928,263551.3,3982610.85,16.55,14.6,-0.4687218792136455,0.0306849199325267,-0.0196078431372549,0.0204081632653061,14.7,5.713832327012103,16.568871927597147,15.447499999999945,14.32612807240274,0.3004676285419347,0.1451849072791335,57.89473684210528,57.89473684210558,15.15,15.069999999999984,-3402283.0,-2240507.9,-62.06896551724135,-76.96719431062184,21.48328352713652,15.9375,15.95,,,,0.0,0.0,0.0,0.0,0.0,0.0,,0.0,0.0,-0.2885,-0.1801,0.0,0.74,-0.06,0,False,0,False,False,False,False,0.443154710297388,False,False,True,False,True,False,False,False,False,False,False,False,False,False,False,False,False,True,0.0,0.0,10.333333333333336,0.0,-2.0,False,False,False,False,False,False,False,-1,False,3,False,False,140.43154710297387,,5,False,3,False,True,False,True,"market_above_ma60, avoid_chase, adx_trending",,close_below_ema20
2026-07-29,18.85,18.9,17.95,18.45,3401706,62364916,2034,允強,,-0.3850491185194968,-0.2257124651813068,-0.15933665333819,19.67995793341378,20.11334213478681,20.30947247341128,27.025099340448836,18.844772259908048,0.4871165341046455,1486615.6,29567632.5,20.75,18.85,-0.4602082237059468,-0.0733346818155956,-0.0562659846547315,-0.0212201591511937,18.85,1.1973111635557514,21.18454118037793,19.897500000000083,18.610458819622234,-0.0623363191747788,0.1293671245511087,22.22222222222222,12.1223196881092,19.07000000000007,19.365000000000144,-2720181.0,3308930.35,-83.33333333333333,-187.06842435655972,26.46148704569656,20.4375,20.775,,,,0.0,0.0,0.0,0.0,0.0,0.0,,0.0,0.0,0.2248,0.0656,0.0,3.67,-0.09,0,False,0,False,False,False,False,2.288221649227951,True,False,False,False,True,False,False,False,True,False,False,False,False,False,False,False,False,False,10.0,25.0,12.466124661246615,0.0,-1.6813824167679634,False,False,False,False,False,False,False,-1,False,4,False,False,307.7056274910639,,3,False,3,False,True,True,True,"volume_break, market_above_ma60, avoid_chase, kd_golden_cross",,"close_below_ema20, close_below_swing_low"
2026-07-29,12.7,12.7,11.9,12.15,577196,6996172,2038,海光,,-0.3050591974469281,-0.2606966251905777,-0.0443625722563504,12.865014731568015,13.467880143344232,13.951179055735151,31.468281613676496,23.348543721298928,0.4545723858065859,373912.05,4846341.2,13.7,12.35,-0.4550191180852086,-0.1616465341470249,-0.0395256916996047,-0.0161943319838056,12.35,0.8780173501843318,13.725768554775218,12.932500000000028,12.139231445224835,0.006787458490785,0.1226782995979414,19.230769230769248,23.87057387057393,12.549999999999908,12.615000000000007,19663913.0,21574700.6,-83.33333333333333,-150.8225108225104,27.70638812541479,13.9375,14.375,,,,0.0,0.0,0.0,0.0,0.0,0.0,,0.0,0.0,-0.1918,-0.1194,0.0,1.74,0.09,0,False,0,False,False,False,False,1.5436678224197375,True,False,True,False,True,False,False,False,False,False,False,False,False,False,False,False,False,False,20.0,25.0,12.757201646090529,0.0,-0.745103552761061,False,False,False,False,True,False,False,-1,False,4,True,False,256.4954355910647,,3,False,3,False,True,True,True,"volume_break, market_above_ma60, avoid_chase, adx_trending",open_high_close_low,"close_below_ema20, close_below_swing_low"
2026-07-29,306.0,314.5,281.0,290.5,3939420,1152995619,2049,上銀,,-9.25414661728962,-6.957456790926477,-2.296689826363144,319.202116483354,322.3726501215227,301.3686072774198,38.02712252961751,21.21054892801272,19.790984639961625,2961088.4,981728558.65,364.0,300.0,-0.8922345833584006,-0.2799550901767921,-0.093603744149766,-0.0316666666666666,300.0,0.7411241560884726,364.62292193966425,325.525,286.4270780603357,0.0520861690034269,0.2402145576509594,20.65217391304348,36.59420289855067,309.2,310.95,148542815.0,154969986.95,-86.42857142857143,-127.43489850317832,36.94391600404566,349.125,332.25,,,,0.0,0.0,0.0,0.0,0.0,0.0,,0.0,0.0,0.3162,0.0298,0.0,36.53,0.09,0,False,0,False,False,False,True,1.330395944950512,False,False,True,False,True,True,False,False,False,False,False,False,False,False,False,False,False,False,10.0,25.0,25.301204819277107,0.0,-0.6054723583847451,False,False,False,False,False,False,False,-1,False,5,False,False,376.03829114888816,,3,False,3,False,True,True,True,"ema60_gt_ema120, market_above_ma60, avoid_chase, liquidity_ok, adx_trending",,"close_below_ema20, close_below_swing_low"
2026-07-29,18.9,18.9,18.0,18.45,511837,9390867,2062,橋椿,,-0.1557195809658544,-0.0976562530409812,-0.0580633279248732,18.880130451830503,19.318167612626148,19.971790862463347,35.70113143536064,35.51730277128514,0.3901731488455917,247367.85,4683310.85,19.35,18.45,-0.1937337462508763,-0.0751378548090814,-0.0238095238095237,0.0,18.45,0.9275016143258924,19.50952809178137,18.980000000000064,18.450471908218763,-0.0004455931857892,0.0557985344342781,35.99999999999994,23.17647058823544,18.629999999999928,18.789999999999964,-6202768.0,-5505374.85,-67.85714285714288,-188.03418803418867,15.934540109635876,18.9875,20.6,,,,0.0,0.0,0.0,0.0,0.0,0.0,,0.0,0.0,0.3139,0.0804,0.0,7.26,-0.06,0,False,0,False,False,False,False,2.0691330744880547,True,False,True,False,True,False,False,False,True,False,False,False,False,False,False,False,False,False,0.0,25.0,4.878048780487817,0.0,-0.4982606300281919,False,False,False,False,True,False,False,-1,False,5,True,False,424.7122031845422,,10,False,3,False,True,False,True,"volume_break, market_above_ma60, avoid_chase, adx_trending, kd_golden_cross",open_high_close_low,close_below_ema20
2026-07-29,17.9,18.1,17.55,17.85,409288,7278937,2069,運錩,,-0.1834459764753546,-0.1625707146460251,-0.0208752618293294,18.43529449135364,18.74020268402974,18.57726650219607,36.07776763692694,13.861800146106216,0.3947462139682187,263329.1,4810655.85,18.75,17.9,0.0065580447472007,-0.1454095479113051,-0.0428954423592491,-0.0027932960893852,17.9,1.1864712383414726,18.943132638099268,18.355000000000064,17.76686736190086,0.0706750762615542,0.0640841882973796,21.4285714285715,22.2943722943722,18.25,18.45,5681055.0,6880142.6,-78.5714285714285,-149.93983152827948,28.53238330224292,19.575,19.575,,,,0.0,0.0,0.0,0.0,0.0,0.0,,0.0,0.0,0.1184,0.0045,0.0,2.36,-0.07,0,False,0,False,False,False,True,1.5542832144263583,True,False,False,False,True,False,False,False,False,False,False,False,False,False,False,False,False,False,10.0,25.0,5.042016806722681,0.0,-1.4547360650419796,False,False,False,True,False,False,False,-1,False,4,True,False,283.0859993637598,,3,False,3,True,True,True,True,"ema60_gt_ema120, volume_break, market_above_ma60, avoid_chase",long_upper_shadow,"macd_death_cross, close_below_ema20, close_below_swing_low"
2026-07-29,32.75,33.2,31.65,32.25,2988348,96719713,2101,南港,,0.0629036292414468,0.2722409525977489,-0.209337323356302,33.18806315184227,33.13295741462389,33.85619549071916,41.657114296451,19.983825307985494,0.9615854191730454,2421709.75,81376201.65,34.55,32.7,-0.0126905750158701,0.088359053216697,-0.0401785714285715,-0.0137614678899083,32.7,0.4650303172140909,35.14149819167529,33.48250000000007,31.823501808324856,0.1285408850399276,0.0990964349540932,17.910447761194064,13.017089241848224,32.91000000000022,33.395000000000074,-47862938.0,-38137796.3,-83.5616438356164,-108.78152537222662,22.67410079535641,32.3125,33.65,,,,0.0,0.0,0.0,0.0,0.0,0.0,,0.0,0.0,3.2825,0.5868,0.0,7.03,-0.12,0,False,0,False,False,False,False,1.233982726460097,False,False,False,False,True,True,False,False,True,False,False,False,False,False,False,False,False,False,20.0,12.0,7.1317829457364255,0.0,-1.0332670899377423,False,False,False,False,False,False,False,-1,False,4,False,False,301.94062218534805,,3,False,3,False,True,True,True,"market_above_ma60, avoid_chase, liquidity_ok, kd_golden_cross",,"close_below_ema20, close_below_swing_low"
2026-07-29,21.2,21.35,20.15,20.65,8706730,179303875,2103,台橡,,0.0516243180956195,0.4912580760544731,-0.4396337579588536,22.74638391877521,21.73186203787899,20.43523059626521,38.94930535070827,23.87223644175906,1.2037068743734856,9243028.4,220858017.6,25.6,21.2,-0.1348098534265985,0.2980835113918543,-0.144927536231884,-0.0259433962264151,21.2,0.7457074467866313,25.99817457442057,23.25999999999999,20.521825425579408,0.0234051136874122,0.2354406340860347,11.235955056179767,5.9458955526376185,22.239999999999963,23.009999999999945,116064604.0,138912490.3,-93.28859060402684,-156.77923131528226,59.30380042527354,21.2375,20.475,,,,0.0,0.0,0.0,0.0,0.0,0.0,,0.0,0.0,0.4024,-0.0363,0.0,24.07,-0.02,0,False,0,False,False,False,True,0.9419780642456967,False,False,True,False,True,True,False,False,True,False,False,False,False,False,False,False,True,False,20.0,25.0,23.970944309927376,0.0,-0.8664189121668031,False,False,False,False,False,False,False,-1,False,7,False,False,529.0227536964553,,3,False,3,False,True,True,True,"ema60_gt_ema120, market_above_ma60, avoid_chase, liquidity_ok, adx_trending, kd_golden_cross, mfi_strong",,"close_below_ema20, close_below_swing_low"
2026-07-29,19.35,19.35,18.9,19.3,391410,7487010,2102,泰豐,,0.2145480697789175,0.1887493308022632,0.0257987389766542,18.90079924667743,18.725030565659733,18.927766359738484,61.62302054564635,26.01228429306738,0.4121069332166668,322250.45,6094281.85,19.25,18.5,0.1787306577116122,0.0789601748989151,0.0104712041884815,0.0025974025974027,19.25,1.804386637649836,19.47810235460519,18.917500000000064,18.356897645394938,0.8411509038963625,0.0592681225960221,69.5652173913045,63.76811594202869,19.15,19.040000000000056,12126719.0,11065149.25,-30.434782608695503,89.87200890372858,61.42265306632431,18.25,19.075,,,,0.0,0.0,0.0,0.0,0.0,0.0,,0.0,0.0,-0.1552,0.1566,0.0,3.01,-0.14,0,False,0,False,False,True,False,1.214614285255459,False,True,True,True,True,False,False,False,False,True,False,False,False,False,False,False,True,True,0.0,-12.0,-0.259067357512957,25.0,0.7920351125022608,False,False,True,False,False,False,False,-1,False,8,False,False,554.6505642025817,,5,False,3,False,False,False,False,"rsi_strong, breakout_20d, market_above_ma60, avoid_chase, adx_trending, obv_uptrend, mfi_strong, above_ichimoku_cloud",,
2026-07-29,9.99,9.99,9.56,9.67,7199125,69611071,2104,國際中橡,,-0.1298633457497207,-0.028120828872071,-0.1017425168776496,10.365037516602644,10.56883123392396,10.803292645541038,36.37517818564474,12.068416290553497,0.3828979688125685,5456906.2,58059803.15,11.4,9.9,-0.4468391964522956,0.0575975051324456,-0.079047619047619,-0.0232323232323232,9.9,1.4500030843078004,11.345087059963312,10.541000000000007,9.736912940036705,-0.0416080194349581,0.152563715010588,7.38255033557043,9.337306988313989,10.103999999999996,10.352,-6513371.0,17628438.05,-93.67816091954026,-196.93339722089087,31.821719086185453,10.4875,10.925,,,,0.0,0.0,0.0,0.0,0.0,0.0,,0.0,0.0,-0.1241,-0.0944,0.0,5.18,-0.47,0,False,0,False,False,False,False,1.3192685994859137,False,False,False,False,True,True,False,False,False,False,False,False,False,False,False,False,False,False,20.0,25.0,17.89038262668046,0.0,-1.8176482190854164,False,False,False,False,False,False,False,-1,False,3,False,False,156.38090736583416,,3,False,3,False,True,True,True,"market_above_ma60, avoid_chase, liquidity_ok",,"close_below_ema20, close_below_swing_low"
2026-07-29,30.95,31.05,30.0,30.4,10884836,330534806,2105,正新,,-0.2638635838000169,-0.0293718080012605,-0.2344917757987564,31.67160896453443,31.82206969008841,32.042747891894166,37.47960973868737,18.993839830977297,0.8972932187029573,13195612.35,425819714.8,33.6,30.7,-0.15818046856776,-0.0374594465671958,-0.0272,-0.009771986970684,30.7,0.6537475221805943,34.015696396769464,32.00500000000011,29.994303603230755,0.1008845486123833,0.1256488921586844,8.69565217391301,4.586584912672454,30.870000000000072,31.82000000000007,-125572874.0,-99573678.85,-91.304347826087,-117.32784431137765,35.70924306845112,32.325,32.375,,,,0.0,0.0,0.0,0.0,0.0,0.0,,0.0,0.0,0.1501,0.096,0.0,9.39,0.03,0,False,0,False,False,False,False,0.8248829771056437,False,False,False,False,True,True,False,False,True,False,False,False,False,False,False,False,False,False,20.0,12.0,10.526315789473696,0.0,-0.6526464710059879,False,False,False,False,False,False,False,-1,False,4,False,False,302.4170721189845,,3,False,3,False,True,True,True,"market_above_ma60, avoid_chase, liquidity_ok, kd_golden_cross",,"close_below_ema20, close_below_swing_low"
2026-07-29,25.75,25.85,25.2,25.65,265339,6760522,2107,厚生,,0.0411440910737965,0.0642850457506718,-0.0231409546768752,25.795775310808622,25.670644055626564,25.46692438676597,46.92945733349371,10.7127476106233,0.379120191886672,284012.0,7335943.95,26.05,25.7,0.018765289812389,0.0226060675414778,-0.0058139534883722,-0.0038834951456311,25.75,0.8771948922440523,26.0972271373598,25.82249999999999,25.54777286264018,0.1860521285633524,0.0212781208140041,49.9999999999998,45.959595959596,25.81999999999989,25.85,-2659516.0,-2580032.95,-55.00000000000007,-181.8181818181865,57.380677071783936,25.6875,25.575000000000003,,,,0.0,0.0,0.0,0.0,0.0,0.0,,0.0,0.0,1.0733,0.8915,0.0,6.53,-0.01,0,False,0,False,False,False,True,0.9342527780516316,False,False,False,False,True,False,False,False,True,False,False,False,False,False,False,False,True,False,0.0,12.0,1.5594541910331468,15.0,-0.0515999431583463,False,False,False,False,False,False,False,-1,False,5,False,False,375.72332846261617,,3,False,3,False,True,True,True,"ema60_gt_ema120, market_above_ma60, avoid_chase, kd_golden_cross, mfi_strong",,"close_below_ema20, close_below_swing_low"
2026-07-29,18.4,18.55,18.05,18.25,1973046,35997149,2106,建大,,0.1787495927091384,0.130700011941098,0.0480495807680404,17.835663511810168,17.747183234448393,18.19126314267657,59.15142109767022,24.184378725087203,0.4458942520086725,1156614.25,20606039.1,18.4,17.7,0.2432247526636151,0.093446919924252,0.0310734463276836,-0.0081521739130433,18.4,2.3478211217862666,18.511704891957823,17.78499999999999,17.058295108042156,0.819937298582952,0.0817211011479149,63.6363636363637,62.9696969696973,18.039999999999964,18.03500000000004,-17703031.0,-18225035.65,-29.629629629629573,122.24548808455518,71.19784526455597,17.637500000000003,17.6,,,,0.0,0.0,0.0,0.0,0.0,0.0,,0.0,0.0,0.116,0.0264,0.0,8.58,0.01,0,False,0,False,False,True,False,1.7058807636167377,True,True,True,False,True,False,False,False,False,True,False,False,False,False,False,False,True,True,0.0,-12.0,0.8219178082191704,25.0,0.1598895489357066,False,False,True,False,False,False,False,-1,False,8,False,False,606.9774822233958,,5,False,3,False,False,False,False,"volume_break, rsi_strong, market_above_ma60, avoid_chase, adx_trending, obv_uptrend, mfi_strong, above_ichimoku_cloud",,
2026-07-29,27.4,27.55,26.1,26.6,1380492,36818790,2108,南帝,,-0.2706499464642107,-0.0983629247077029,-0.1722870217565077,28.122064532082906,27.953784327776344,27.085632006306653,37.94457263072863,12.833159878823816,0.8990412289132208,1045439.15,29871117.9,29.85,27.3,-0.2920438730809137,0.0415903223671558,-0.0533807829181495,-0.0256410256410256,27.3,0.8675869801832022,30.01012824916733,28.3775000000001,26.744871750832868,-0.044367647964796,0.115064981000245,16.393442622950836,21.8273553767267,27.800000000000185,27.915000000000145,10038294.0,14988572.05,-84.375,-178.3197831978319,25.60183739359998,29.5,28.8,,,,0.0,0.0,0.0,0.0,0.0,0.0,,0.0,0.0,0.3178,-0.026,0.0,5.44,0.11,0,False,0,False,False,False,True,1.3204900543470175,False,False,False,False,True,False,False,False,False,False,False,False,False,False,False,False,False,False,20.0,25.0,12.218045112781954,0.0,-0.6314531349740985,False,False,False,False,False,False,False,-1,False,3,False,False,240.627462923781,,3,False,3,False,True,True,True,"ema60_gt_ema120, market_above_ma60, avoid_chase",,"close_below_ema20, close_below_swing_low"
2026-07-29,14.55,14.55,14.05,14.4,211684,3020794,2109,華豐,,-0.0205345846270468,0.0271006381456708,-0.0476352227727176,14.568763673895193,14.537040163707813,14.668027936194411,41.47853299147231,17.519946255145,0.2244808260960192,168077.2,2467620.35,14.95,14.45,-0.1511276906706309,0.0993834871089738,-0.0103092783505155,-0.0034602076124566,14.45,1.2834334480148246,14.975349804217853,14.662500000000025,14.349650195782193,0.0804696111983983,0.0426734600808633,50.0,38.78787878787868,14.459999999999855,14.55,-1772692.0,-1233600.0,-56.24999999999999,-149.50690335305765,13.997862002574152,14.375,14.35,,,,0.0,0.0,0.0,0.0,0.0,0.0,,0.0,0.0,-0.0885,-0.2002,0.0,15.24,0.03,0,False,0,False,False,False,False,1.2594450645298707,False,False,False,False,True,False,False,False,False,False,False,False,False,False,False,False,False,False,0.0,25.0,3.819444444444437,0.0,-0.7109958965715282,False,False,True,False,False,False,False,-1,False,3,False,False,199.0624998864404,,3,False,3,False,True,True,True,"market_above_ma60, avoid_chase, above_ichimoku_cloud",,"close_below_ema20, close_below_swing_low"
2026-07-29,88.0,88.0,86.5,87.3,60800,5297837,2114,鑫永銓,,-0.634279749136013,-0.5067129771832093,-0.1275667719528037,88.33657315106419,89.05839766507967,89.28176923097763,39.73052069044887,18.651968296503576,1.246759222388037,64598.6,5734382.05,90.5,87.0,-0.1884930840157783,-0.0257938318103711,0.002296211251435,0.0011467889908256,87.2,0.8930100648411846,90.9246380554752,88.67999999999975,86.4353619445243,0.1926007744024795,0.0506233210526715,33.33333333333314,31.16219667943854,87.4199999999997,87.72999999999956,259323.0,447676.1,-80.00000000000007,-95.8605664488029,40.277201746237566,90.5,91.15,,,,0.0,0.0,0.0,0.0,0.0,0.0,,0.0,0.0,0.0671,-0.0028,0.0,4.1,0.0,0,False,0,False,False,False,False,0.94119686804358,False,False,False,False,True,False,False,False,True,False,False,False,False,False,False,False,False,False,0.0,12.0,3.665521191294391,0.0,-0.4837513132674212,False,False,False,False,False,False,False,-1,False,3,False,False,205.60695292122676,,3,False,3,False,True,False,True,"market_above_ma60, avoid_chase, kd_golden_cross",,close_below_ema20
2026-07-29,21.9,21.9,21.3,21.55,82745,1778456,2115,六暉-KY,,0.1857049784525379,0.1885403655841265,-0.0028353871315885,21.676420927703248,21.576843687665267,22.169791902641183,48.96469253902968,34.55333519826272,0.4313327583000113,81847.05,1771916.0,22.2,21.7,0.294444142975189,0.0780296294297766,-0.0204545454545453,-0.0091954022988505,21.75,0.5175399382363973,22.50364422450656,21.609999999999992,20.716355775493422,0.4664295933691502,0.0827065455350825,20.833333333333343,31.798245614034997,21.920000000000076,21.93500000000004,-2915357.0,-2912941.85,-79.16666666666666,-8.08380763837301,51.213342542950194,21.5125,21.325,,,,0.0,0.0,0.0,0.0,0.0,0.0,,0.0,0.0,0.3281,-0.0477,0.0,44.47,0.03,0,False,0,False,False,False,False,1.0109710734840167,False,False,True,False,True,False,False,False,False,False,False,False,False,False,False,False,True,False,10.0,0.0,3.0162412993039376,8.0,-0.0055181156897168,False,False,True,False,False,False,False,-1,False,5,False,False,408.0434933465636,,10,False,3,True,True,True,True,"market_above_ma60, avoid_chase, adx_trending, mfi_strong, above_ichimoku_cloud",,"macd_death_cross, close_below_ema20, close_below_swing_low"
2026-07-29,27.45,27.65,26.65,27.0,3854848,104039135,2201,裕隆,,-0.086364957076892,0.0850219060079215,-0.1713868630848135,27.936093554827515,27.967222441938503,28.713873435067384,39.05492279399861,14.138331723640322,0.6837699865043638,2793510.8,79094727.05,29.3,27.3,-0.1375888834687307,0.0619951680451543,-0.0391459074733097,-0.010989010989011,27.3,0.7389463049566343,29.43108485953508,28.17749999999978,26.923915140464487,0.0303469122799223,0.0889777204887093,13.46153846153851,6.113195747342009,27.579999999999565,28.04499999999971,-56817423.0,-44719091.6,-86.53846153846149,-149.2998125482419,30.43430082667409,27.950000000000003,28.0,,,,0.0,0.0,0.0,0.0,0.0,0.0,,0.0,0.0,-0.0806,0.0349,0.0,4.88,-0.09,0,False,0,False,False,False,False,1.3799295137860217,False,False,False,False,True,True,False,False,True,False,False,False,False,False,False,False,False,False,20.0,25.0,8.51851851851852,0.0,-1.7389937065324814,False,False,False,False,False,False,False,-1,False,4,False,False,267.9313706594704,,3,False,3,False,True,True,True,"market_above_ma60, avoid_chase, liquidity_ok, kd_golden_cross",,"close_below_ema20, close_below_swing_low"
2026-07-29,52.2,52.3,50.7,51.7,1294214,66545352,2204,中華,,-0.987747255112886,-0.2934746109577907,-0.6942726441550953,54.56694480327431,55.086844647218086,55.68487189570138,29.83208855703198,29.94683191928856,1.138711790119873,1200895.7,66660868.4,57.9,51.5,-0.5733617215505102,0.0728442374338314,-0.0684684684684684,0.003883495145631,51.5,0.946082376758401,60.19040074584374,55.60500000000002,51.0195992541563,0.0741920699581635,0.1649276412496617,13.888888888888896,6.605914214609584,51.759999999999856,54.08999999999996,-32081494.0,-28863886.65,-86.66666666666667,-142.1950153038913,14.052830444353958,54.875,54.15,,,,0.0,0.0,0.0,0.0,0.0,0.0,,0.0,0.0,0.0671,0.0946,0.0,17.47,-0.25,0,False,0,False,False,False,False,1.077707248014961,False,False,True,False,True,True,False,False,True,False,False,False,False,False,False,False,False,False,20.0,25.0,11.992263056092836,0.0,-0.4928973204326094,False,False,False,False,False,False,False,-1,False,5,False,False,399.8623046349583,,5,False,3,False,True,False,True,"market_above_ma60, avoid_chase, liquidity_ok, adx_trending, kd_golden_cross",,close_below_ema20
2026-07-29,505.0,521.0,505.0,519.0,1285462,662943590,2207,和泰車,,7.487713613992298,4.460141423883135,3.0275721901091632,489.5242213281985,485.6985995722351,497.72944666785816,72.51253584588912,23.452640095240003,12.01098288621482,429862.5,210662321.0,500.0,480.0,0.4288685796575583,0.0743609123060955,0.0548780487804878,0.038,500.0,1.3869803273068275,510.6972287961356,484.875,459.0527712038644,1.1607679040685075,0.1065108689709125,94.44444444444444,79.17378917378967,500.5,495.55,3017571.0,264918.45,-4.166666666666667,189.4568690095852,74.56703104557207,477.125,488.5,,,,0.0,0.0,0.0,0.0,0.0,0.0,,0.0,0.0,0.4836,0.0422,0.0,22.25,0.05,0,False,0,False,False,True,False,2.9904027450638284,True,True,True,True,False,True,False,False,False,True,False,False,False,True,False,False,True,True,-20.0,-25.0,-3.6608863198458574,25.0,0.4052209625114324,False,False,True,False,False,False,False,-1,False,10,False,False,729.7666790007755,,5,False,3,False,False,False,False,"volume_break, rsi_strong, breakout_20d, market_above_ma60, liquidity_ok, adx_trending, obv_uptrend, breakout_volume_confirm, mfi_strong, above_ichimoku_cloud",,
2026-07-29,62.6,63.7,62.5,63.6,2262003,142889864,2206,三陽工業,,0.2049268056182995,0.346496174563564,-0.1415693689452644,62.69267323787561,61.6252795926887,61.03942452164176,54.81487501590816,17.61512249913688,1.3277224276886164,1601973.2,100782951.8,64.8,60.0,-0.0546523704555771,0.1531384545218864,0.06,0.0159744408945687,62.6,0.75330454392389,65.71431465601253,63.06999999999998,60.42568534398742,0.600215002551782,0.0838533266533235,73.6842105263159,64.91228070175445,62.27999999999956,62.77999999999993,3921573.0,1509583.15,-26.315789473684102,16.629828439112245,54.85488518353496,61.075,58.9,,,,0.0,0.0,0.0,0.0,0.0,0.0,,0.0,0.0,-0.1338,-0.0319,0.0,7.49,0.2,0,False,0,False,False,True,True,1.4120105130348,False,False,False,False,False,True,False,False,False,True,False,False,False,False,False,False,True,False,-10.0,0.0,1.886792452830182,15.0,0.3987004239730976,False,False,True,False,False,False,False,-1,False,6,False,False,368.9045102180252,,3,False,3,False,False,False,False,"ema60_gt_ema120, market_above_ma60, liquidity_ok, obv_uptrend, mfi_strong, above_ichimoku_cloud",,
2026-07-29,88.5,88.6,86.2,88.0,882381,77118221,2211,長榮鋼,,-1.876104313400489,-1.325392856626854,-0.5507114567736353,91.07607954723476,93.89431795282916,96.16923663765051,32.841972994783404,26.355109859411805,1.710796404439913,664179.2,61211388.25,96.8,87.0,-0.5915558390108235,-0.0923167884854289,0.0022779043280183,0.0,88.0,0.7430386818220541,99.69836938459488,92.3399999999996,84.98163061540433,0.2050977075787075,0.159375555221904,19.999999999999968,21.403508771930017,87.99999999999928,89.25999999999985,-5080310.0,-3545959.5,-81.81818181818183,-87.73392625532682,28.5909989908795,93.85,96.5,,,,0.0,0.0,0.0,0.0,0.0,0.0,,0.0,0.0,0.4725,0.1652,0.0,3.32,0.2,0,False,0,False,False,False,False,1.3285285055599454,False,False,True,False,True,True,False,False,False,False,False,False,False,False,False,False,False,False,20.0,0.0,9.999999999999996,0.0,-0.7566897984771664,False,False,False,False,False,False,False,-1,False,4,False,False,314.2050074738734,,5,False,3,False,True,False,True,"market_above_ma60, avoid_chase, liquidity_ok, adx_trending",,close_below_ema20
2026-07-29,19.1,19.15,18.0,18.4,6102652,112436959,2208,台船,,0.0823137231436348,0.3612519716213368,-0.278938248477702,19.61907907354836,19.474976841942343,19.776181430353564,42.65498533383612,31.64632057286586,1.054884837042017,12304268.45,253566124.25,21.7,18.85,-0.1377750835282976,0.0647967716621421,-0.0845771144278608,-0.0238726790450929,18.85,0.2969786620508121,21.89978855352763,20.05250000000001,18.205211446472383,0.052722828048612,0.1842452116721228,10.389610389610349,5.887445887445817,19.23000000000011,19.840000000000053,316979525.0,338700742.3,-91.75257731958766,-161.463414634147,61.62188213311676,18.2125,19.55,,,,0.0,0.0,0.0,0.0,0.0,0.0,,0.0,0.0,0.1486,0.0561,0.0,7.33,-0.44,0,False,0,False,False,False,False,0.49597845047017,False,False,True,False,True,True,False,False,True,False,False,False,False,False,False,False,True,False,20.0,25.0,17.934782608695656,0.0,-0.9234380459466311,False,False,False,False,False,False,False,-1,False,6,False,False,478.8785279533421,,8,False,3,False,True,True,True,"market_above_ma60, avoid_chase, liquidity_ok, adx_trending, kd_golden_cross, mfi_strong",,"close_below_ema20, close_below_swing_low"
2026-07-29,78.2,78.6,75.0,77.7,248917,18987848,2228,劍麟,,-2.0027130813841154,-1.6423291390004504,-0.360383942383665,81.3677450568216,84.62713669381517,88.10428435570161,32.66772710746383,27.0214791280094,2.21082051810216,123004.6,10083322.0,87.8,77.5,-0.6669051581685975,-0.1027090749147364,-0.0287499999999999,-0.0025673940949936,77.9,1.0312940535169133,89.23989068013982,82.26500000000033,75.29010931986083,0.1727547276834863,0.1695712801346737,43.54838709677422,48.67092302532728,78.96000000000058,79.10000000000036,-6081686.0,-5433680.45,-76.52173913043477,-104.33106242545992,20.09300172622018,85.975,87.15,,,,0.0,0.0,0.0,0.0,0.0,0.0,,0.0,0.0,0.0224,0.0179,0.0,3.54,0.4,0,False,0,False,False,False,False,2.0236397663176824,True,False,True,False,True,False,False,False,False,False,False,False,False,False,False,False,False,False,0.0,12.0,12.99871299871299,0.0,-0.9765101363159768,False,False,False,False,False,False,False,-1,False,4,False,False,300.5182760273851,,8,False,3,False,True,False,True,"volume_break, market_above_ma60, avoid_chase, adx_trending",,close_below_ema20
2026-07-29,50.7,50.8,49.35,50.8,118807,5981141,2227,裕日車,,0.1850702069328988,0.0908405090031863,0.0942296979297125,50.073015716802566,50.318179571247086,51.28915779401976,57.83609009569548,12.095413444595865,1.0494785282399426,48451.5,2424904.5,50.5,49.55,0.1061901680071682,-0.0307909796965191,0.0252270433905146,0.0079365079365079,50.4,0.7207186616857375,50.84810672364539,49.98249999999998,49.116893276354574,0.9722121361056476,0.0346363916829052,70.8333333333332,62.27777777777798,50.439999999999785,50.21499999999978,-1192250.0,-1229846.55,-28.000000000000117,109.6555070354176,74.33828262580788,49.8375,52.375,,,,0.0,0.0,0.0,0.0,0.0,0.0,,0.0,0.0,-0.0191,0.1363,0.0,40.43,0.01,0,False,0,False,False,True,False,2.452080946926308,True,True,False,True,True,False,False,False,False,True,False,False,False,True,False,True,True,True,-10.0,-25.0,-0.5905511811023566,25.0,0.178123277619278,False,False,False,False,False,False,False,-1,False,9,False,False,601.6582888006944,,3,False,3,False,False,False,False,"volume_break, rsi_strong, breakout_20d, market_above_ma60, avoid_chase, obv_uptrend, breakout_volume_confirm, cci_momentum, mfi_strong",,
2026-07-29,92.3,92.6,86.3,88.8,615539,54769873,2231,為升,,-2.885959242449971,0.1599706807590283,-3.045929923208999,103.05603617727682,104.83980452382742,104.23841015023008,36.145953282098944,27.38098070225945,7.050728244947672,2200798.7,252713931.0,126.5,91.5,-1.2691268267391345,-0.0902200491052494,-0.1542857142857143,-0.0295081967213115,91.5,0.1421772269935936,129.5887696698103,108.975,88.3612303301897,0.0106426354043553,0.3783210767572433,8.012820512820513,4.039533717868835,93.6,101.95,32225821.0,34362975.8,-94.00479616306954,-167.7069645203675,36.57572003078206,97.125,119.25,,,,0.0,0.0,0.0,0.0,0.0,0.0,,0.0,0.0,-0.179,0.0698,0.0,4.42,-0.25,0,False,0,False,False,False,True,0.2796889147562655,False,False,True,False,True,True,False,False,True,False,False,False,False,False,False,False,False,False,20.0,25.0,42.45495495495496,0.0,-0.3767854969078583,False,False,False,False,False,False,False,-1,False,6,False,False,403.2754631846684,,3,False,3,False,True,True,True,"ema60_gt_ema120, market_above_ma60, avoid_chase, liquidity_ok, adx_trending, kd_golden_cross",,"close_below_ema20, close_below_swing_low"
2026-07-29,193.5,199.5,175.5,185.5,1754208,321579030,2233,宇隆,,-20.44982292616132,-18.47595116034845,-1.9738717658128628,223.81961266466155,252.80994201703868,252.20452361454312,32.820347620444124,22.00730599808564,17.598219856181892,993460.55,227242062.75,275.0,192.0,-1.6664758547767151,-0.8975948714399188,-0.1412037037037037,-0.0338541666666666,192.0,0.8596711568018746,277.2295458244041,228.35,179.47045417559588,0.061677596658373,0.428110758260601,16.80672268907563,12.771299907522916,200.9,207.8,25701553.0,29549101.8,-88.70056497175142,-142.73833185323014,23.928770407592523,317.125,301.5,,,,0.0,0.0,0.0,0.0,0.0,0.0,,0.0,0.0,0.0758,-0.0513,0.0,7.22,-0.27,0,False,0,False,False,False,True,1.765755066972715,True,False,True,False,True,True,False,False,True,False,False,False,False,False,False,False,False,False,20.0,25.0,48.24797843665768,0.0,-0.5070319066714426,False,False,False,False,False,False,False,-1,False,7,False,False,511.5731677896698,,3,False,3,False,True,True,True,"ema60_gt_ema120, volume_break, market_above_ma60, avoid_chase, liquidity_ok, adx_trending, kd_golden_cross",,"close_below_ema20, close_below_swing_low"
2026-07-29,132.5,132.5,119.0,131.0,884296,110897205,2236,百達-KY,,-2.8330356940990384,1.989857556394165,-4.822893250493204,151.5868500397415,145.47466378222634,135.13252696486583,29.66895590620136,27.45026765617422,8.594156302256062,910868.35,150152908.6,184.5,131.5,-1.4597504551240312,0.3007268826635728,-0.1465798045602605,-0.0038022813688213,131.5,0.5963619780978057,192.3280766130696,161.55,130.77192338693047,0.0037051797605293,0.3810346841605638,27.906976744186046,13.395892832856893,141.5,149.1,-3270918.0,598033.3,-80.16528925619835,-176.35684464952752,4.267372277975639,135.375,131.5,,,,0.0,0.0,0.0,0.0,0.0,0.0,,0.0,0.0,0.7565,-0.1307,0.0,51.55,-0.57,0,False,0,False,False,False,True,0.9708274527268403,False,False,True,False,True,True,False,False,True,False,False,False,False,False,False,False,False,False,10.0,25.0,40.83969465648856,0.0,-1.804396010323537,False,False,False,False,False,False,False,-1,False,6,False,False,453.055522403386,,3,False,3,False,True,True,True,"ema60_gt_ema120, market_above_ma60, avoid_chase, liquidity_ok, adx_trending, kd_golden_cross",,"close_below_ema20, close_below_swing_low"
2026-07-29,20.0,20.2,18.55,20.0,414047,7953410,2239,英利-KY,,-0.6892012880029768,-0.6706104603073612,-0.0185908276956155,20.705464986552258,22.055796861955777,23.848688457654468,33.69755496046923,26.81240683844456,0.793906475126017,139209.4,2933249.5,23.2,19.85,-0.8161663850038522,-0.1924229001655721,0.0050251256281408,0.0075566750629723,19.85,0.7768645327486801,23.199754888872164,20.904999999999973,18.61024511112778,0.3028111838025639,0.2195412474405352,74.35897435897435,46.15384615384634,19.98000000000011,19.975,-3457725.0,-3412485.5,-58.57142857142859,-88.31362522637694,5.9269526578630405,23.1125,23.225,,,,0.0,0.0,0.0,0.0,0.0,0.0,,0.0,0.0,-0.1968,-0.0078,0.0,75.24,-0.02,0,False,0,False,False,False,False,2.9742747257009943,True,False,True,False,True,False,False,False,False,False,False,False,False,False,False,False,False,True,-10.0,0.0,15.999999999999998,0.0,-0.0879967638538654,False,False,False,False,False,False,False,-1,False,4,False,False,253.68678609076352,,6,False,3,False,True,False,True,"volume_break, market_above_ma60, avoid_chase, adx_trending",,close_below_ema20
2026-07-29,32.65,32.65,29.5,30.5,1188362,36047705,2241,艾姆勒,,-2.647524362712822,-1.5611662132969903,-1.086358149415832,37.332558288058095,37.92688945556213,36.08724623968099,27.316290084252746,30.71742534947192,2.440984842948368,1243830.05,50877952.85,47.6,31.5,-2.1878981502747243,0.3266489032009378,-0.12981455064194,-0.0317460317460317,31.5,0.5299887875399824,49.10457152590108,39.040000000000056,28.975428474099036,0.0757395146915845,0.5156030494826337,10.526315789473683,8.043919322114865,33.04000000000015,34.66000000000004,53995934.0,61116249.2,-93.22033898305084,-129.15950881211413,12.956622128902636,45.0375,41.0,,,,0.0,0.0,0.0,0.0,0.0,0.0,,0.0,0.0,1.2511,0.5507,0.0,10.92,0.03,0,False,0,False,False,False,True,0.9554054430506804,False,False,True,False,True,True,False,False,True,False,False,False,False,False,False,False,False,False,20.0,25.0,56.0655737704918,0.0,-0.3354957718545285,False,False,False,False,True,False,False,-1,False,6,True,False,480.52810516825247,,8,False,3,False,True,True,True,"ema60_gt_ema120, market_above_ma60, avoid_chase, liquidity_ok, adx_trending, kd_golden_cross",open_high_close_low,"close_below_ema20, close_below_swing_low"
2026-07-29,48.85,48.85,42.65,44.25,812457,35651716,2243,宏旭-KY,,0.640596788487521,2.4863733969454835,-1.8457766084579623,50.42116662001111,42.20131024113194,33.1519159729502,40.89886880649209,21.45833896238809,4.101490392512862,896690.15,47902782.6,66.0,47.3,-1.506173472298761,1.958372161100172,-0.1522988505747127,-0.0644820295983086,47.3,0.4726957477956951,65.80705477165003,53.98749999999991,42.167945228349794,0.0880767005134632,0.4378626449326284,10.847457627118654,9.545950213405982,48.86999999999989,50.69499999999998,33528886.0,37071299.65,-89.15254237288134,-131.95988340497007,23.11154083073069,37.95,35.975,,,,0.0,0.0,0.0,0.0,0.0,0.0,,0.0,0.0,-0.4008,1.5073,0.0,28.77,-0.98,0,False,0,False,False,True,True,0.9060621442088996,False,False,True,False,True,False,False,False,True,False,False,False,False,False,False,False,False,False,20.0,25.0,49.15254237288136,0.0,-0.3347937330315558,False,False,True,False,True,False,False,-1,False,6,True,False,415.0430966457103,,3,False,3,False,True,True,True,"ema60_gt_ema120, market_above_ma60, avoid_chase, adx_trending, kd_golden_cross, above_ichimoku_cloud",open_high_close_low,"close_below_ema20, close_below_swing_low"
2026-07-29,226.0,231.0,224.5,226.0,184766,42067850,2247,汎德永業,,-1.825805851417897,-1.308375669158663,-0.517430182259234,226.91256465896467,229.00745591319816,237.9076883395212,47.524688194541646,21.313650992055848,5.061958743174935,66712.1,15382627.05,244.0,220.0,-0.4312434786055596,0.1822706653640656,0.0272727272727273,0.0089285714285713,224.0,0.9015828238793596,242.25946630261765,229.05,215.8405336973824,0.3845524894750816,0.1153413342293616,60.0,56.58219623131905,224.4,223.3,-2059002.0,-2083975.8,-55.88235294117647,-23.40326340326374,40.04157765572194,226.875,223.5,,,,0.0,0.0,0.0,0.0,0.0,0.0,,0.0,0.0,-0.0699,0.0348,0.0,3.64,-0.07,0,False,0,False,False,False,False,2.769602515885424,True,False,True,False,True,False,False,False,False,True,False,False,False,False,False,False,False,True,0.0,0.0,7.964601769911504,0.0,0.0562002642534605,False,False,False,False,False,False,False,-1,False,5,False,False,353.3704283298958,,5,False,3,False,True,False,True,"volume_break, market_above_ma60, avoid_chase, adx_trending, obv_uptrend",,close_below_ema20
2026-07-29,60.0,60.0,56.6,58.5,160288,9297838,2248,華勝-KY,,1.164388561528277,1.676121340826561,-0.511732779298284,60.551508037837,57.64708452351567,54.9639220290978,45.778734110846685,29.17376975268193,2.6948331029798878,287599.55,18142441.95,66.0,59.6,0.5041030970450012,0.2322603784857429,-0.080188679245283,-0.0184563758389262,59.6,0.2866622466490934,67.19899108240271,60.69500000000007,54.19100891759743,0.3312574562149295,0.2143171952352791,15.70247933884296,6.934840051722858,60.90000000000036,62.64000000000033,2493310.0,2582149.7,-81.99999999999999,-57.09188224799279,74.57594704560239,55.625,55.125,,,,0.0,0.0,0.0,0.0,0.0,0.0,,0.0,0.0,1.0659,0.5555,0.0,50.97,0.31,0,False,0,False,False,True,True,0.5573304965185099,False,False,True,False,True,False,False,False,True,False,False,False,False,False,False,False,True,False,20.0,0.0,12.82051282051282,0.0,-0.1412295305047122,False,False,True,False,False,False,False,-1,False,7,False,False,553.8785505991285,,3,False,3,False,True,True,True,"ema60_gt_ema120, market_above_ma60, avoid_chase, adx_trending, kd_golden_cross, mfi_strong, above_ichimoku_cloud",,"close_below_ema20, close_below_swing_low"
2026-07-29,59.5,59.5,54.9,56.3,330342,18633461,2250,IKKA-KY,,-1.286264121623681,-0.4810845838727723,-0.8051795377509086,62.20398680925473,63.388470710575234,66.02246624658665,33.82070257152954,16.07188873590449,2.56445645568631,347108.95,23877083.95,75.4,59.1,-1.074473320334735,-0.0098043576095126,-0.0919354838709678,-0.0473773265651439,59.1,0.8710657367639367,73.23492090360207,64.38499999999985,55.53507909639762,0.0432162565029832,0.2749062950563717,12.389380530973432,14.592756473287103,59.91999999999898,61.03999999999942,-1670748.0,-398094.15,-88.42975206611571,-152.0456333595597,26.260148731194832,62.375,63.9,,,,0.0,0.0,0.0,0.0,0.0,0.0,,0.0,0.0,-0.0365,0.128,0.0,6.43,-0.36,0,False,0,False,False,False,False,0.9516954258886152,False,False,False,False,True,False,False,False,False,False,False,False,False,False,False,False,False,False,20.0,25.0,33.925399644760226,0.0,-1.514578787695593,False,False,False,False,False,False,False,-1,False,2,False,False,126.34200880653904,,3,False,3,False,True,True,True,"market_above_ma60, avoid_chase",,"close_below_ema20, close_below_swing_low"
2026-07-29,60.5,62.0,60.5,62.0,14181,868736,2254,巨鎧精密-創,,-0.1298896296543858,-1.9302148924598328,1.800325262805447,55.43957711628997,58.90866281866436,61.03563284814276,52.31160608669584,14.799670246544178,10.653010564942848,7466.15,448342.05,61.2,0.0,,,0.0247933884297519,0.0247933884297519,60.5,0.7334497073535667,89.88995100761142,53.91499999999997,17.940048992388505,0.6123698542117465,1.334506204492682,97.33124018838303,95.2380952380954,60.619999999999706,54.28999999999978,1332318.0,1295828.0,-2.668759811616958,47.459830964985606,72.3614321288008,62.625,74.7,,,,0.0,0.0,0.0,0.0,0.0,0.0,,0.0,0.0,-0.8841,1.6305,0.0,23.84,0.0,0,False,0,False,False,True,False,1.899372501222183,True,False,False,True,True,False,False,False,False,True,False,False,False,True,False,False,True,True,-20.0,0.0,-1.2903225806451568,25.0,0.3438405127286542,False,False,False,False,False,False,False,-1,False,7,False,False,448.11981116496565,,3,False,3,False,False,False,False,"volume_break, breakout_20d, market_above_ma60, avoid_chase, obv_uptrend, breakout_volume_confirm, mfi_strong",,
2026-07-29,31.95,32.25,31.4,32.25,1277735,40760341,2258,鴻華先進-創,,0.0382801605213316,0.1421703285427522,-0.1038901680214206,32.07901206231257,31.700274726052672,32.591542015409644,52.02681987417757,13.955831753083263,0.993710898269494,534517.85,17173659.9,33.15,31.45,-0.1272949358782834,0.2862941146614919,0.0141509433962263,0.0254372019077901,31.45,1.1109074514102455,33.06799693159303,32.21250000000009,31.357003068407156,0.521917086207477,0.0531158358769382,65.8536585365853,48.78048780487794,31.890000000000143,32.07500000000018,-16126525.0,-16589667.65,-31.818181818181905,-41.87437686939053,53.97720254918092,31.1125,30.125,,,,0.0,0.0,0.0,0.0,0.0,0.0,,0.0,0.0,0.2267,-0.16,0.0,0.42,0.01,0,False,0,False,False,True,False,2.3904440235251267,True,False,False,False,True,False,False,False,True,True,False,False,False,False,False,False,True,False,0.0,0.0,2.7906976744186003,8.0,0.4754100366441807,False,False,True,False,False,False,False,-1,False,7,False,False,532.6093606749814,,3,False,3,False,False,False,False,"volume_break, market_above_ma60, avoid_chase, kd_golden_cross, obv_uptrend, mfi_strong, above_ichimoku_cloud",,
2026-07-29,76.4,77.0,73.5,75.2,738915,55340874,2348,海悅,,1.049113818025717,1.3381930384451597,-0.2890792204194428,76.43963193183107,74.8473806395101,76.06222641651566,47.60507667460414,35.57435572040523,2.512742951336159,684893.65,52634056.2,79.9,76.2,0.3106154366322514,0.2072542646135071,-0.0456852791878171,-0.0157068062827225,76.4,0.7658318833409216,80.86891933162978,76.55500000000029,72.2410806683708,0.3429502390012859,0.1127011777579381,26.56250000000002,20.110353729305643,77.36000000000058,77.9900000000005,-16183471.0,-14892755.75,-80.68181818181814,-62.49074485413945,41.06207956638829,74.325,73.95,,,,0.0,0.0,0.0,0.0,0.0,0.0,,0.0,0.0,2.4766,7.8073,0.0,2.16,0.02,0,False,0,False,False,True,False,1.078875530529448,False,False,True,False,True,True,False,False,True,False,False,False,False,False,False,False,False,False,10.0,0.0,6.250000000000004,0.0,-0.935867916256558,False,False,True,False,False,False,False,-1,False,6,False,False,474.5583403102158,,8,False,3,False,True,True,True,"market_above_ma60, avoid_chase, liquidity_ok, adx_trending, kd_golden_cross, above_ichimoku_cloud",,"close_below_ema20, close_below_swing_low"
2026-07-29,24.9,25.1,23.35,24.1,16134811,387386771,2371,大同,,-0.8387834153562679,-0.6416468001214769,-0.1971366152347909,26.43868101174448,28.18318087180152,30.124961887252184,28.43461989604404,28.88489187621873,0.871351614586582,9533052.8,254847608.3,28.15,24.8,-0.5796105196563747,-0.2883662097857914,-0.087121212121212,-0.0282258064516128,24.8,1.2448958655306928,28.7988091861766,26.7,24.6011908138234,-0.1193988517689925,0.1572141712491834,20.54794520547946,11.9598519619758,25.35,25.884999999999856,144113424.0,197986059.2,-84.84848484848484,-207.2359670125024,27.47915651829426,29.2125,30.475,,,,0.0,0.0,0.0,0.0,0.0,0.0,,0.0,0.0,0.1664,0.4774,0.0,5.84,-0.38,0,False,0,False,False,False,False,1.692512497150965,True,False,True,False,True,True,False,False,True,False,False,False,False,False,False,False,False,False,10.0,25.0,16.80497925311202,0.0,-1.4140962248113944,False,False,False,False,False,False,False,-1,False,6,False,False,464.95597027377295,,3,False,3,False,True,True,True,"volume_break, market_above_ma60, avoid_chase, liquidity_ok, adx_trending, kd_golden_cross",,"close_below_ema20, close_below_swing_low"
