date,open,high,low,close,volume,amount,stock_id,name,industry_category,macd,macd_signal,macd_hist,ema20,ema60,ema120,rsi14,adx14,atr14,volume_ma20,amount_ma20,close_20d_high,close_10d_low,lr_slope_20,lr_slope_60,return_5d,day_return,prev_close,prev_volume_ratio,bb_upper,bb_mid,bb_lower,bb_pct_b,bb_bandwidth,stoch_k,stoch_d,sma5,sma10,obv,obv_ma,williams_r,cci20,mfi14,ichi_senkou_a,ichi_senkou_b,market_ma60,market_above_ma60,market_return_5d,foreign_net,foreign_buy_streak,invest_trust_net,invest_trust_streak,dealer_net,dealer_buy_streak,relative_strength_5d,margin_change_5d,short_ratio,revenue_yoy,revenue_mom,revenue_3m_yoy,foreign_holding_pct,foreign_holding_chg5d,insider_net_30d,has_buyback,limit_down_streak,macd_golden_cross,hist_turn_positive,above_ema60,ema60_gt_ema120,volume_ratio,volume_break,rsi_strong,adx_trending,breakout_20d,avoid_chase,liquidity_ok,foreign_buy_3d,stronger_than_market,kd_golden_cross,obv_uptrend,invest_trust_buy_2d,dealer_buy_3d,bb_squeeze_breakout,breakout_volume_confirm,williams_r_recovery,cci_momentum,mfi_strong,ma5_above_ma10,kd_level_score,bb_level_signal,gap_to_20d_high_pct,breakout_proximity_score,obv_strength,foreign_buy_accel,invest_trust_accel,above_ichimoku_cloud,long_upper_shadow,open_high_close_low,gap_chase_after_blowout,earnings_blocked,f_score,f_score_low,condition_count,skip_trade,entry_signal,entry_score,momentum_score,expected_hold_days,momentum_decay_signal,estimated_sl_days,macd_death_cross,close_below_ema20,close_below_swing_low,base_exit_signal,entry_reason,skip_reason,base_exit_reason,sector_rs,sector_rs_rank,market_rs_rank,sector_breadth_60,sector_vol_zscore,is_sector_leader,sector_stock_count,grade
2026-09-21,33.5,34.15,33.5,34.0,109627,3716589,4545,銘鈺,,0.1620083550694175,-0.1139537150298674,0.275962070099285,32.63949934500581,33.15017172353732,33.52482550211063,61.27882474355407,21.62868451437822,0.8569597043201292,92061.05,3016569.5,33.5,31.4,0.2494723012043692,-0.2552049390877769,0.0194902548725637,0.0149253731343284,33.5,0.8232767334302044,33.697425404857896,32.31499999999996,30.93257459514203,1.1094361381376665,0.0855593628258044,84.61538461538461,70.7692307692311,33.17000000000007,32.65500000000011,22809152.0,22208762.4,-15.384615384615383,186.15354484919723,61.05602411424201,33.8625,38.1,,,,0.0,0.0,0.0,0.0,0.0,0.0,,0.0,0.0,0.5418,0.3562,0.0,29.03,0.01,0,False,0,False,False,True,False,1.190807621681482,False,True,True,True,True,False,False,False,False,True,False,False,True,False,False,False,True,True,-20.0,-25.0,-1.4705882352941175,25.0,1.3970365942685972,False,False,False,False,False,False,False,-1.0,False,8,False,False,593.672515348038,,5,True,3,False,False,False,False,"rsi_strong, breakout_20d, market_above_ma60, avoid_chase, adx_trending, obv_uptrend, bb_squeeze_breakout, mfi_strong",,,251.2,85.9,81.9,39.5,0.31,False,185.0,D
2026-09-21,22.4,22.4,22.2,22.4,49675,1107620,4582,聚恆-創,,-0.7738324833982482,-0.8333973832109747,0.0595648998127265,23.134502127197024,24.95290011685153,25.87913828861153,31.783310832113187,21.054335876156163,0.6245936906169945,58984.95,1357366.15,23.75,22.15,-0.3319399151572506,-0.3959227461271927,0.0022371364653241,-0.0022271714922049,22.45,0.2957005522080355,24.00818046384624,22.99749999999999,21.986819536153742,0.2044070696062794,0.0878948115096202,24.99999999999989,23.95833333333333,22.31999999999989,22.56499999999996,-1729650.0,-1488910.45,-77.77777777777787,-100.3787878787873,22.80048660022456,27.1125,26.475,,,,0.0,0.0,0.0,0.0,0.0,0.0,,0.0,0.0,0.6687,0.6879,0.0,1.75,-0.03,0,False,0,False,False,False,False,0.8421639757260115,False,False,True,False,True,False,False,False,False,False,False,False,False,False,False,False,False,False,10.0,0.0,6.0267857142857215,0.0,-0.2808805812065186,False,False,False,False,False,False,False,-1.0,False,3,False,False,230.0510727827819,,5,False,3,False,True,False,True,"market_above_ma60, avoid_chase, adx_trending",,close_below_ema20,-17.2,46.4,22.4,25.0,-0.02,False,28.0,D
2026-09-21,301.5,301.5,298.0,299.0,75165,22520692,4585,達明,,-0.4487981348016774,-1.4071418137403469,0.9583436789386696,297.6190280483771,302.8560216309945,313.63552034200853,50.83708771273857,12.096731191183238,7.724162277441651,242900.0,72122715.4,303.0,290.5,-0.0029505445310135,-0.0995627888869408,0.0033557046979866,-0.0132013201320132,303.0,0.7702607609780732,304.51906825733505,296.725,288.930931742665,0.6459443210456212,0.0525339506771254,61.90476190476191,69.84126984126972,298.5,296.8,-13205476.0,-13501879.45,-38.095238095238095,56.179775280898845,59.85253084694408,301.75,323.75,,,,0.0,0.0,0.0,0.0,0.0,0.0,,0.0,0.0,-0.0611,0.0707,0.0,1.35,0.34,0,False,0,False,False,False,False,0.3094483326471799,False,False,False,False,True,True,False,False,False,True,False,False,False,False,False,False,True,True,0.0,0.0,1.3377926421404682,15.0,0.4906509099585849,False,False,False,False,False,False,False,-1.0,False,5,False,False,343.9822942459748,,3,True,3,False,False,False,False,"market_above_ma60, avoid_chase, liquidity_ok, obv_uptrend, mfi_strong",,,-72.9,38.2,48.9,52.4,-0.79,False,254.0,D
2026-09-21,56.0,57.0,55.9,57.0,132669,7512836,4588,玖鼎電力,,0.757183933482942,0.218998998896589,0.538184934586353,53.335111753446505,53.72821193791199,55.63566650930801,69.55141551610413,19.78695662630217,1.3673104319093647,62548.15,3346765.0,55.2,50.6,0.269580490579113,-0.1238432180108268,0.0536044362292051,0.0326086956521738,55.2,1.3496423068601575,56.09299936468119,52.94499999999998,49.79700063531877,1.1440598504394328,0.1189158320778624,100.0,91.11111111111131,55.100000000000726,53.39000000000014,-1091024.0,-1507873.85,-0.0,212.41691415641355,68.96726462262515,52.4875,57.75,,,,0.0,0.0,0.0,0.0,0.0,0.0,,0.0,0.0,0.2873,-0.2702,0.0,3.01,0.26,0,False,0,False,False,True,False,2.1210699277276786,True,True,False,True,False,False,False,False,False,True,False,False,False,True,False,False,True,True,-20.0,-25.0,-3.1578947368421004,25.0,2.0,False,False,False,False,False,False,False,-1.0,False,7,False,False,515.2106992772767,,3,True,3,False,False,False,False,"volume_break, rsi_strong, breakout_20d, market_above_ma60, obv_uptrend, breakout_volume_confirm, mfi_strong",,,98.4,64.6,74.1,52.4,0.69,False,254.0,D
2026-09-21,107.0,107.0,105.0,106.0,3630994,384727706,4904,遠傳,,1.1742563614181591,0.8534485117098436,0.3208078497083155,104.35911842624712,102.71517342084806,100.42490667071606,58.30890193140902,21.663894206491555,2.066143285199433,5342497.55,552258390.0,107.0,102.0,0.3155854673551997,0.050612988103271,0.0,-0.0093457943925233,107.0,2.3554148628290976,107.8659539963644,103.725,99.58404600363558,0.7746951550291744,0.0798448589320687,70.0,80.9090909090907,106.2,105.5,43784459.0,20769075.5,-21.428571428571427,98.5947489695914,78.62799206399387,100.775,102.65,,,,0.0,0.0,0.0,0.0,0.0,0.0,,0.0,0.0,0.1565,0.0318,0.0,20.23,0.1,0,False,0,False,False,True,True,0.679643549859934,False,True,True,False,True,True,False,False,False,True,False,False,False,False,False,False,True,True,-10.0,0.0,0.9433962264150944,25.0,0.9995775444847476,False,False,True,False,False,False,False,-1.0,False,9,False,False,668.7913660324162,,5,True,3,False,False,False,False,"ema60_gt_ema120, rsi_strong, market_above_ma60, avoid_chase, liquidity_ok, adx_trending, obv_uptrend, mfi_strong, above_ichimoku_cloud",,,252.0,81.1,88.3,52.4,-0.49,False,254.0,D
2026-09-21,37.0,38.8,36.55,38.5,10235573,389311444,4906,正文,,0.2362667931933089,0.0714473084266173,0.1648194847666916,36.28184768148447,36.71989683172085,36.36497414208441,60.384428614569465,10.43656349271089,1.3719454194448248,6198662.85,228639096.45,38.2,35.1,0.0026858295125413,-0.1431857361183673,0.0845070422535212,0.0405405405405405,37.0,0.9480334409123504,38.338444246621926,36.43500000000004,34.53155575337815,1.0424377424410496,0.1044843829626395,92.40506329113931,81.8655175509466,36.45,36.27000000000008,605911830.0,597080167.2,-7.594936708860696,160.94355224789982,50.34800650865535,35.1375,42.225,,,,0.0,0.0,0.0,0.0,0.0,0.0,,0.0,0.0,0.5609,0.0659,0.0,6.97,0.35,0,False,0,False,False,True,True,1.651254996067418,True,True,False,True,False,True,False,False,False,True,False,False,True,True,False,True,True,True,-20.0,-25.0,-0.7792207792207718,25.0,0.3438764563790348,False,False,False,False,False,False,False,-1.0,False,11,False,False,785.6390674372226,,3,False,3,False,False,False,False,"ema60_gt_ema120, volume_break, rsi_strong, breakout_20d, market_above_ma60, liquidity_ok, obv_uptrend, bb_squeeze_breakout, breakout_volume_confirm, cci_momentum, mfi_strong",,,368.8,91.3,95.8,52.4,0.3,False,254.0,D
2026-09-21,97.8,99.3,96.6,97.7,691649,67482559,4912,聯德控股-KY,,0.6477896420302045,0.9256290220082516,-0.2778393799780472,94.32554566584976,92.39502036954512,91.38848506453344,56.87812900479443,17.80821268417735,4.042679007613248,807420.4,78337750.75,103.0,87.7,-0.1937213244208599,0.2525942990891103,0.1064552661381654,-0.0101317122593718,98.7,0.7205370262989353,106.14516891752766,95.7850000000004,85.42483108247313,0.5924212730141796,0.2163213220760498,87.58620689655174,71.15618661257638,93.54000000000087,93.40000000000036,13023004.0,12484776.3,-38.04878048780487,34.328339897186886,52.12435334708519,87.775,93.75,,,,0.0,0.0,0.0,0.0,0.0,0.0,,0.0,0.0,0.3222,-0.1005,0.0,26.07,0.38,0,False,0,False,False,True,True,0.8566157109728711,False,True,False,False,False,True,False,False,False,True,False,False,False,False,False,False,True,True,-20.0,0.0,5.424769703172975,0.0,0.2740196302022792,False,False,True,True,False,False,False,-1.0,False,7,True,False,491.85439267215605,,3,False,3,False,False,False,False,"ema60_gt_ema120, rsi_strong, market_above_ma60, liquidity_ok, obv_uptrend, mfi_strong, above_ichimoku_cloud",long_upper_shadow,,149.4,77.3,71.7,39.5,-0.13,False,185.0,D
2026-09-21,65.2,65.3,64.4,65.0,2759607,178792989,4915,致伸,,0.8448189984931673,0.2132724958475654,0.631546502645602,62.83985199518708,64.22517456113118,67.43354148023488,60.99477199787676,35.733727849983296,1.5088351606142034,3918303.55,247444493.8,65.6,60.2,0.5692901521793227,-0.162879023242677,0.0061919504643963,-0.0076335877862595,65.5,1.437424906855581,66.38125943074006,61.82499999999963,57.2687405692592,0.8484217753909161,0.147392136861802,75.40983606557377,73.34174022698608,65.1199999999997,63.69999999999963,6062116.0,-15777819.7,-21.739130434782613,104.2157192510364,79.97304751703584,63.2,69.0,,,,0.0,0.0,0.0,0.0,0.0,0.0,,0.0,0.0,0.2038,0.046,0.0,24.98,0.24,0,False,0,False,False,True,False,0.7042861699676127,False,True,True,False,True,True,False,False,False,True,False,False,False,False,False,False,True,True,-10.0,-12.0,0.9230769230769144,25.0,1.714022865019117,False,False,False,False,False,False,False,-1.0,False,7,False,False,555.6111360799055,,10,True,3,False,False,False,False,"rsi_strong, market_above_ma60, avoid_chase, liquidity_ok, adx_trending, obv_uptrend, mfi_strong",,,138.8,68.1,77.8,52.4,-0.47,False,254.0,D
2026-09-21,106.0,106.5,104.5,105.0,3951443,416610193,4916,事欣科,,-0.1054179058934465,-1.2161719635662849,1.110754057672838,99.12313196494333,98.93075175621335,92.49089998540626,60.61588584752874,15.290261488206932,3.603685636438652,2474193.95,252207242.7,105.5,92.3,-0.157624658567363,-0.1927852854474232,0.1182108626198081,-0.004739336492891,105.5,6.808195861644411,106.74961693891136,98.75500000000012,90.76038306108885,0.8905753113450835,0.1619080945554403,83.55263157894737,90.13157894736833,99.94000000000014,97.39000000000014,498827197.0,487687539.75,-16.44736842105263,131.4749113025848,73.61527246599341,102.75,107.45,,,,0.0,0.0,0.0,0.0,0.0,0.0,,0.0,0.0,0.8296,0.0629,0.0,3.03,0.82,0,False,0,False,False,True,True,1.5970627524976366,True,True,False,False,False,True,False,False,False,True,False,False,False,False,False,False,True,True,-20.0,-12.0,0.4761904761904762,25.0,0.8141476175088109,False,False,False,False,False,False,False,-1.0,False,7,False,False,498.74039893508206,,3,False,3,False,False,False,False,"ema60_gt_ema120, volume_break, rsi_strong, market_above_ma60, liquidity_ok, obv_uptrend, mfi_strong",,,81.9,62.6,72.5,52.4,0.26,False,254.0,D
2026-09-21,135.0,135.0,125.0,125.5,21754489,2793521906,4919,新唐,,-1.8171191696605435,-3.372284049737769,1.5551648800772262,119.53482353204627,129.56478750005007,129.2329571685742,54.67778020162911,19.43938847030184,6.652699955052478,3578895.75,435966380.75,126.5,111.0,-0.1262520198443623,-0.6770223924436327,0.1106194690265487,-0.0079051383399209,126.5,2.54615606153092,127.35364965663736,118.875,110.39635034336264,0.8906872124863495,0.1426481540548874,63.46153846153846,66.98717948717967,118.8,117.3,275952619.0,290498964.35,-36.53846153846154,192.38476953907784,70.14192117004188,131.125,164.5,,,,0.0,0.0,0.0,0.0,0.0,0.0,,0.0,0.0,0.121,-0.0157,0.0,4.65,0.36,0,False,0,False,False,False,True,6.0785478314086125,True,False,False,False,False,True,False,False,False,False,False,False,False,False,False,False,True,True,0.0,-12.0,0.796812749003984,25.0,-0.6540882000915464,False,False,False,False,True,True,False,-1.0,False,5,True,False,400.1509415989015,,3,False,3,False,False,False,False,"ema60_gt_ema120, volume_break, market_above_ma60, liquidity_ok, mfi_strong","open_high_close_low, gap_chase_after_blowout",,-22.2,44.4,58.6,51.6,3.53,False,124.0,D
2026-09-21,43.75,43.9,42.05,42.05,4271157,183508392,4927,泰鼎-KY,,1.5878020128107977,1.5774097073636018,0.0103923054471959,40.923217773209856,40.24387790089002,40.83835198118615,55.55216540779126,36.33749976442199,2.293942452240449,4914129.35,206040148.3,44.25,40.05,0.5337193568255288,0.0436859233321247,0.0218712029161602,-0.0497175141242938,44.25,0.9883039410248332,45.556336566830105,41.449999999999726,37.34366343316935,0.5730578205457965,0.1981344543705865,37.037037037037,54.64259777985232,42.46999999999971,42.3149999999996,288437318.0,273313580.7,-65.83333333333339,50.542840375586856,53.12252919438288,33.4,41.325,,,,0.0,0.0,0.0,0.0,0.0,0.0,,0.0,0.0,0.3552,0.1611,0.0,8.51,1.03,0,False,0,False,False,True,False,0.8691584400398416,False,True,True,False,True,True,False,False,False,True,False,False,False,False,False,False,True,True,0.0,0.0,5.231866825208092,0.0,0.6761546059307342,False,False,True,False,False,False,False,-1.0,False,8,False,False,641.8054396715672,,8,False,3,False,False,False,False,"rsi_strong, market_above_ma60, avoid_chase, liquidity_ok, adx_trending, obv_uptrend, mfi_strong, above_ichimoku_cloud",,,299.3,88.6,85.6,39.5,-0.11,False,185.0,D
2026-09-21,34.9,34.9,33.3,33.3,94259,3186596,4935,茂林-KY,,-0.55512087560124,-0.6816679962682098,0.1265471206669698,33.01958839448352,34.48829585169435,35.89808315564734,49.92259115944524,24.407966813445647,0.978336819071736,114176.55,3761291.9,34.45,30.8,-0.3223589319607943,-0.2173291524743865,0.0455259026687597,-0.0333817126269958,34.45,3.66230028135086,35.0677792849858,33.01999999999989,30.972220715013982,0.5683667429524845,0.1240326641420904,63.63636363636359,64.73063973063957,32.229999999999926,32.38500000000003,-602542.0,-502620.9,-36.36363636363641,65.84280114278093,47.52311789970782,35.0125,38.45,,,,0.0,0.0,0.0,0.0,0.0,0.0,,0.0,0.0,-0.1843,0.0742,0.0,26.5,0.02,0,False,0,False,False,False,False,0.8255548096347279,False,False,True,False,True,False,False,False,False,False,False,False,False,False,False,False,False,False,0.0,0.0,3.453453453453471,8.0,-0.3037365879009271,False,False,False,False,False,False,False,-1.0,False,3,False,False,157.61070904153615,,5,False,3,False,False,False,False,"market_above_ma60, avoid_chase, adx_trending",,,-259.2,2.8,8.8,52.4,-0.37,False,254.0,D
2026-09-21,14.0,14.9,14.0,14.45,963475,14023712,4934,太極,,-0.1951241284609057,-0.2903062200799613,0.0951820916190555,13.910313250457492,14.7176642796355,15.293963602044103,56.071559840750936,26.13557317945413,0.488563820736872,392274.4,5492111.1,14.55,13.2,-0.2896880535779764,-0.4336609857254095,0.0703703703703704,0.0395683453237409,13.9,1.1078542548944834,14.703285775197466,13.907499999999937,13.111714224802409,0.8408580656429825,0.1144398022933716,73.52941176470584,75.24509803921562,13.739999999999782,13.684999999999764,54315552.0,52888337.25,-26.47058823529416,99.04486716429884,52.7791178190053,14.975,16.125,,,,0.0,0.0,0.0,0.0,0.0,0.0,,0.0,0.0,1.9298,0.4366,0.0,3.24,-0.01,0,False,0,False,False,False,False,2.4561251001849724,True,True,True,False,False,False,False,False,False,True,False,False,False,False,False,False,True,True,-10.0,-12.0,0.6920415224913594,25.0,0.9221661837270856,False,False,False,False,False,False,False,-1.0,False,6,False,False,488.62724520657474,,6,False,3,False,False,False,False,"volume_break, rsi_strong, market_above_ma60, adx_trending, obv_uptrend, mfi_strong",,,71.8,59.4,71.2,52.4,0.96,False,254.0,D
2026-09-21,90.3,90.8,89.5,90.8,5939887,536403850,4938,和碩,,0.3437828068348239,0.6264925032715675,-0.2827096964367436,90.34698046575105,88.34202186732485,85.37752978076263,52.46527469406998,12.413744687489675,2.343498590835396,8565675.45,779030794.0,95.4,88.3,0.0188184510757002,0.2066060495129191,0.0066518847006651,0.0055370985603544,90.3,1.0691551755499418,93.94818131700993,90.65,87.35181868299009,0.522739804998953,0.0727673759958062,60.97560975609744,44.729059162737634,89.75999999999985,90.37999999999992,211620053.0,221716315.75,-65.75342465753424,-11.91385367343868,43.16486190233073,91.2,90.8,,,,0.0,0.0,0.0,0.0,0.0,0.0,,0.0,0.0,0.3411,0.0266,0.0,31.19,-0.03,0,False,0,False,False,True,True,0.6934522600900085,False,False,False,False,True,True,False,False,False,False,False,False,False,False,False,False,False,False,0.0,0.0,5.066079295154195,0.0,-0.1870048069469031,False,False,False,False,False,False,False,-1.0,False,4,False,False,254.69046491753727,,3,False,3,False,False,False,False,"ema60_gt_ema120, market_above_ma60, avoid_chase, liquidity_ok",,,-92.2,24.2,28.1,45.3,-0.39,False,95.0,D
2026-09-21,31.35,31.7,31.35,31.4,50788,1601361,4942,嘉彰,,-0.7616854779705236,-0.7075647122952973,-0.0541207656752262,32.34849671551318,34.09870356535087,35.455775782820815,23.21580227641496,46.08075432754391,0.5250908344436264,85742.8,2763009.35,33.25,31.2,-0.3838234085101009,-0.339383517121972,-0.0094637223974763,0.0031948881789136,31.3,1.0955943566305182,34.015378802761475,32.47249999999995,30.92962119723842,0.1524354349543433,0.0950267951504522,34.04255319148922,28.61690976403952,31.339999999999783,31.81499999999996,2021135.0,2370928.95,-70.909090909091,-99.78872094913186,15.39482425089166,34.45,35.825,,,,0.0,0.0,0.0,0.0,0.0,0.0,,0.0,0.0,-0.135,-0.0898,0.0,6.14,0.03,0,False,0,False,False,False,False,0.5923296183469632,False,False,True,False,True,False,False,False,False,False,False,False,False,False,False,False,False,False,0.0,12.0,5.891719745222935,0.0,-0.3651161107703033,False,False,False,True,False,False,False,-1.0,False,3,True,False,188.541902854226,,5,False,3,False,True,False,True,"market_above_ma60, avoid_chase, adx_trending",long_upper_shadow,close_below_ema20,-228.3,7.1,13.8,52.4,-0.56,False,254.0,D
2026-09-21,7.15,7.15,7.1,7.1,18991,135121,4943,康控-KY,,-0.3060173984393648,-0.3124129852501177,0.0063955868107528,7.548757410310279,8.201686476611757,8.915348598313342,38.1809418983466,43.43791765846164,0.4657622650953266,50969.45,371729.45,8.38,6.61,-0.8185119986212254,-0.3986504063163522,-0.0340136054421769,-0.0111420612813371,7.18,1.14364494888663,8.569129431339135,7.569500000000016,6.569870568660898,0.2651629767587637,0.2641203332688068,40.20618556701029,55.17054855542847,7.310000000000036,7.267999999999984,129813.0,314524.15,-66.8604651162791,-65.9711722608607,24.004244171123844,8.5525,8.8,,,,0.0,0.0,0.0,0.0,0.0,0.0,,0.0,0.0,0.4241,-0.1112,0.0,15.58,-0.01,0,False,0,False,False,False,False,0.3725957411743701,False,False,True,False,True,False,False,False,False,False,False,False,False,False,False,False,False,True,0.0,0.0,18.02816901408453,0.0,-0.9451668642116516,False,False,False,False,False,False,False,-1.0,False,3,False,False,252.38395504120388,,8,True,3,False,True,False,True,"market_above_ma60, avoid_chase, adx_trending",,close_below_ema20,-90.1,22.2,27.3,39.5,-0.77,False,185.0,D
2026-09-21,75.9,80.0,75.5,77.0,1400509,109114818,4949,有成精密,,0.4838632847567794,0.7859325494977367,-0.3020692647409573,74.64462846601671,74.93483642947425,73.62791222045664,55.726026507005045,14.065720489626338,3.3727139648293902,897591.35,70030265.9,82.3,71.5,-0.1147421118413538,0.0575718524936602,0.0606060606060607,0.032171581769437,74.6,0.3185466428536502,81.66917228212411,75.79499999999989,69.92082771787567,0.6025676420546147,0.15500157746881,66.66666666666667,48.38255977496495,73.73999999999941,74.7899999999996,29770113.0,27766286.5,-57.142857142857146,48.04270462633419,54.731023612891605,69.025,79.5,,,,0.0,0.0,0.0,0.0,0.0,0.0,,0.0,0.0,1.0759,-0.1496,0.0,3.27,0.24,0,False,0,False,False,True,True,1.5602968990287174,True,True,False,False,False,True,False,False,False,True,False,False,False,False,False,False,True,False,0.0,0.0,6.88311688311688,0.0,0.7651950633622849,False,False,False,True,False,False,False,-1.0,False,7,True,False,479.7853097506346,,3,False,3,False,False,False,False,"ema60_gt_ema120, volume_break, rsi_strong, market_above_ma60, liquidity_ok, obv_uptrend, mfi_strong",long_upper_shadow,,62.9,58.3,70.1,52.4,0.23,False,254.0,D
2026-09-21,48.35,49.35,48.1,48.6,222650,10863705,4952,凌通,,-0.8413299001842702,-0.717769882874894,-0.1235600173093762,48.83766087582112,49.91692027638166,48.98980573764299,46.93324826273313,15.195936347487995,1.4731868165537434,268619.8,13446331.6,52.6,46.15,-0.5890637487779639,-0.2219663116570832,0.0296610169491524,0.0146137787056368,47.9,0.739176380988474,53.269995912341166,49.44750000000022,45.62500408765927,0.3891431123230166,0.1546082577416828,76.56250000000001,46.05955387205419,47.490000000000144,47.66500000000015,46752785.0,46569376.55,-56.63716814159285,-34.29785842733315,25.33763173113165,50.175,51.55,,,,0.0,0.0,0.0,0.0,0.0,0.0,,0.0,0.0,0.4489,-0.1014,0.0,6.77,0.26,0,False,0,False,False,False,True,0.8288666732683145,False,False,False,False,True,False,False,False,False,True,False,False,False,False,False,False,False,False,-10.0,0.0,8.23045267489712,0.0,0.0909484322266373,False,False,False,True,False,False,False,-1.0,False,4,True,False,264.38004791940284,,3,False,3,False,True,False,True,"ema60_gt_ema120, market_above_ma60, avoid_chase, obv_uptrend",long_upper_shadow,close_below_ema20,-152.5,22.0,30.4,52.4,-0.36,False,254.0,D
2026-09-21,42.9,46.85,42.65,46.85,27061766,1215872883,4956,光鋐,,1.9649621501415029,0.9366908558277076,1.0282712943137953,36.2899472802971,35.078479577745554,34.66352827559616,72.97374328986541,24.71268798593464,2.532223156699557,6074327.8,238174303.35,42.6,32.05,0.3650529445770196,0.1275276225977842,0.4026946107784432,0.0997652582159625,42.6,4.903023911040705,42.95799515985306,36.217500000000015,29.477004840146968,1.2887031848437518,0.3722231053967305,100.0,100.0,39.1,36.28500000000004,250007493.0,193006603.5,-0.0,304.4025157232704,84.92453564525026,30.6875,35.95,,,,0.0,0.0,0.0,0.0,0.0,0.0,,0.0,0.0,-0.1594,-0.1158,0.0,12.14,1.86,0,False,0,False,False,True,True,4.45510464548851,True,True,True,True,False,True,False,False,False,True,False,False,True,True,False,False,True,True,-20.0,-25.0,-9.071504802561366,25.0,2.0,False,False,True,False,False,False,False,-1.0,False,12,False,False,803.5510464548851,,3,False,3,False,False,False,False,"ema60_gt_ema120, volume_break, rsi_strong, breakout_20d, market_above_ma60, liquidity_ok, adx_trending, obv_uptrend, bb_squeeze_breakout, breakout_volume_confirm, mfi_strong, above_ichimoku_cloud",,,383.1,95.2,96.7,51.6,1.88,False,62.0,C
2026-09-21,476.5,482.0,463.5,470.0,22655501,10660654571,4958,臻鼎-KY,,-1.2050564308011076,0.5280157660354708,-1.7330721968365783,482.96352830227903,483.1123691959122,442.77046433741776,46.182977805250665,9.064574671422436,28.18215393811293,28722571.65,14110445343.8,535.0,473.0,0.0921850808206221,-0.3462151310059568,-0.0398365679264555,-0.0063424947145876,473.0,1.059159093024054,526.6356657000342,485.025,443.4143342999657,0.3194573464852357,0.171581529612017,12.62135922330097,9.707405618744817,478.0,487.6,1101770232.0,1158642681.65,-72.18934911242603,-58.7691213091428,25.01030395859572,490.875,513.5,,,,0.0,0.0,0.0,0.0,0.0,0.0,,0.0,0.0,0.4105,0.1742,0.0,52.53,-1.15,0,False,0,False,False,False,True,0.7887699359259845,False,False,False,False,True,True,False,False,True,False,False,False,False,False,False,False,False,False,20.0,0.0,13.829787234042554,0.0,-0.6084846968880633,False,False,False,False,False,False,False,-1.0,False,5,False,False,335.58588299660306,,3,False,3,False,True,True,True,"ema60_gt_ema120, market_above_ma60, avoid_chase, liquidity_ok, kd_golden_cross",,"close_below_ema20, close_below_swing_low",-6.9,47.6,46.3,39.5,-0.22,False,185.0,D
2026-09-21,23.1,24.4,23.05,23.45,10818233,255009750,4960,誠美材,,0.1050183321545752,-0.2150256918318097,0.320044023986385,21.257244751989823,22.50682023654636,23.303598596243447,64.85257051392333,17.808727460552316,1.063924384195296,3513686.4,77099627.5,22.9,19.5,-0.0566327538082057,-0.2460423371936115,0.1754385964912281,0.0240174672489084,22.9,6.2942875645138106,23.144013584811105,21.202499999999965,19.260986415188828,1.078800997732566,0.1831400622389944,80.6122448979592,86.25772147939642,21.56999999999989,21.004999999999928,320954488.0,291086401.4,-19.387755102040806,232.7764518695309,78.07536235252104,21.1,26.1,,,,0.0,0.0,0.0,0.0,0.0,0.0,,0.0,0.0,-0.139,-0.058,0.0,18.99,-0.36,0,False,0,False,False,True,False,3.0788840461117988,True,True,False,True,False,True,False,False,False,True,False,False,True,True,False,False,True,True,-20.0,-25.0,-2.3454157782516023,25.0,1.8890177596857205,False,False,False,True,False,False,False,-1.0,False,9,True,False,553.4570535773466,,3,False,3,False,False,False,False,"volume_break, rsi_strong, breakout_20d, market_above_ma60, liquidity_ok, obv_uptrend, bb_squeeze_breakout, breakout_volume_confirm, mfi_strong",long_upper_shadow,,136.6,67.3,77.4,52.4,1.47,False,254.0,D
2026-09-21,184.5,184.5,180.0,181.5,699260,127349825,4961,天鈺,,4.472370546471893,3.258340026035236,1.214030520436658,173.79952111250944,168.39516774317664,165.1046055117267,62.613999258998,19.66691763246049,5.779569834954146,953185.9,166360285.5,183.5,165.5,0.6465107420035907,0.1070994230069661,0.0196629213483146,-0.0108991825613079,183.5,1.3260338301061805,185.9716619147356,171.65,157.32833808526448,0.8438846712987041,0.1668705145905683,75.0,79.46127946127974,181.1,178.05,7228518.0,3162601.2,-20.454545454545453,111.21161218072956,72.83948598540732,162.125,165.0,,,,0.0,0.0,0.0,0.0,0.0,0.0,,0.0,0.0,0.5015,0.0725,0.0,25.12,1.6,0,False,0,False,False,True,True,0.733602962444157,False,True,False,False,True,True,False,False,False,True,False,False,False,False,False,False,True,True,-10.0,-12.0,1.1019283746556474,15.0,1.661469445184999,False,False,True,False,False,False,False,-1.0,False,8,False,False,590.2736629666616,,3,False,3,False,False,False,False,"ema60_gt_ema120, rsi_strong, market_above_ma60, avoid_chase, liquidity_ok, obv_uptrend, mfi_strong, above_ichimoku_cloud",,,173.4,73.2,81.7,52.4,-0.44,False,254.0,D
2026-09-21,278.0,278.0,274.0,276.5,1625376,449156131,4967,十銓,,2.994214951528761,4.145344733842936,-1.1511297823141744,273.45751239290684,264.7892814105075,251.28838430856788,53.99603364994789,14.03014363482077,9.058649138233124,3575968.95,989817081.3,281.5,266.0,0.0072945635358227,0.361516984699943,0.0109689213893966,-0.0018050541516245,277.0,1.0047267005292049,282.42566722810324,275.4,268.3743327718967,0.5782843795675328,0.0510215484974819,50.0,41.47286821705408,273.1,275.8,604703071.0,596673451.65,-51.16279069767442,6.909547738692874,59.15757695633069,255.125,255.5,,,,0.0,0.0,0.0,0.0,0.0,0.0,,0.0,0.0,2.7506,0.3804,0.0,12.23,0.12,0,False,0,False,False,True,True,0.4545274365427585,False,False,False,False,True,True,False,False,False,True,False,False,False,False,False,False,True,False,0.0,0.0,1.8083182640144664,15.0,0.2515217815752039,False,False,True,False,False,False,False,-1.0,False,7,False,False,497.56353574433,,3,False,3,False,False,False,False,"ema60_gt_ema120, market_above_ma60, avoid_chase, liquidity_ok, obv_uptrend, mfi_strong, above_ichimoku_cloud",,,80.7,62.2,72.4,52.4,-0.67,False,254.0,D
2026-09-21,93.2,93.2,91.7,92.5,198593,18281618,4968,立積,,-1.0912974429047324,-1.7098641100981462,0.6185666671934138,91.14588644616406,96.6360203832688,103.65691725716968,51.748979957313125,25.129986127719693,2.2921474031441305,299174.25,27234117.15,93.7,88.0,-0.1200504251357237,-0.4154485354860447,0.0393258426966292,0.0054347826086955,92.0,1.133826043491786,94.34219435246612,90.81499999999996,87.28780564753382,0.7388584001363445,0.0776786731809977,87.69230769230772,84.98834498834549,90.75999999999912,89.85999999999986,22334095.0,21621232.0,-22.972972972973,71.85084129149557,60.35184897121303,98.625,104.0,,,,0.0,0.0,0.0,0.0,0.0,0.0,,0.0,0.0,-0.0244,0.0074,0.0,4.89,0.48,0,False,0,False,False,False,False,0.6638037865892535,False,False,True,False,True,False,False,False,False,True,False,False,False,False,False,False,True,True,-20.0,0.0,1.2972972972973005,15.0,0.2498623443993397,False,False,False,False,False,False,False,-1.0,False,5,False,False,364.6363859986847,,5,True,3,False,False,False,False,"market_above_ma60, avoid_chase, adx_trending, obv_uptrend, mfi_strong",,,-52.2,43.7,53.2,52.4,-0.5,False,254.0,D
2026-09-21,37.0,37.45,36.55,36.75,879122,32515205,4976,佳凌,,-0.312570847018911,-0.1236564151408725,-0.1889144318780384,36.89240448535287,36.42175357459455,35.131592300210784,49.19544154446426,31.240671363684985,1.7797692826393532,3561142.7,139360605.65,41.55,34.9,-0.5457899115737431,0.0763071541622961,0.05,0.0040983606557376,36.6,0.2549054700527701,40.78280197382544,37.5125,34.24219802617457,0.3834205516642138,0.1743579859420423,63.76811594202901,51.9061754263433,36.08999999999978,36.28500000000004,98453050.0,99417708.95,-70.46979865771809,-41.488031439799926,42.977566232849405,36.75,37.65,,,,0.0,0.0,0.0,0.0,0.0,0.0,,0.0,0.0,0.1326,0.0274,0.0,2.77,0.0,0,False,0,False,False,True,True,0.2468651424723867,False,False,True,False,False,True,False,False,False,False,False,False,False,False,False,False,False,False,0.0,0.0,13.061224489795912,0.0,-0.0650550391373663,False,False,False,False,False,False,False,-1.0,False,4,False,False,291.68799095507546,,8,False,3,False,True,False,True,"ema60_gt_ema120, market_above_ma60, liquidity_ok, adx_trending",,close_below_ema20,-125.2,30.7,37.7,52.4,-0.84,False,254.0,X
2026-09-21,175.5,176.0,172.0,174.0,1462152,254491427,4977,眾達-KY,,4.901540640761255,5.801252218257275,-0.8997115774960207,169.1171880723162,164.0698831235549,164.48385860835143,54.98807290520434,23.02964933509661,9.745475992038385,4678207.85,816528148.85,185.0,160.5,0.0923623999103317,0.3668897863135846,0.0419161676646706,-0.0057142857142856,175.0,0.724248013462412,185.19807869495293,172.675,160.15192130504704,0.552902326667243,0.1450479651941852,58.69565217391305,58.69565217391331,171.8,171.75,322940529.0,323928354.45,-53.44827586206897,15.9203980099502,55.40384731482665,138.0,168.75,,,,0.0,0.0,0.0,0.0,0.0,0.0,,0.0,0.0,1.0622,0.1477,0.0,14.28,0.21,0,False,0,False,False,True,False,0.3125453265185727,False,False,True,False,True,True,False,False,False,False,False,False,False,False,False,False,True,True,0.0,0.0,6.321839080459771,0.0,-0.0857247608895887,False,False,True,False,False,False,False,-1.0,False,6,False,False,442.09675613451066,,3,False,3,False,False,False,False,"market_above_ma60, avoid_chase, liquidity_ok, adx_trending, mfi_strong, above_ichimoku_cloud",,,25.3,53.9,66.1,52.4,-0.78,False,254.0,D
2026-09-21,61.9,61.9,60.8,60.9,1394120,85199660,4989,榮科,,-1.6859540904907533,-1.932600047606428,0.2466459571156745,61.895499770285554,68.23499569437156,70.96147267675255,45.22471341369743,9.36903353468256,3.042798209467646,4385532.05,282523971.8,68.2,58.3,-0.4953390648290662,-0.7083041056514654,0.0149999999999999,-0.001639344262295,61.0,0.4236130847549247,67.39091868047221,62.21999999999999,57.049081319527765,0.3723631059037034,0.166214036659345,46.42857142857144,41.07142857142875,60.28000000000029,60.55,568608998.0,572038101.95,-64.38356164383558,-39.55060749326404,47.02844469728453,71.4,83.8,,,,0.0,0.0,0.0,0.0,0.0,0.0,,0.0,0.0,1.0183,0.2038,0.0,1.64,0.72,0,False,0,False,False,False,False,0.3178907334630014,False,False,False,False,True,True,False,False,False,False,False,False,False,False,False,False,False,False,0.0,0.0,11.98686371100165,0.0,-0.1735388539324761,False,False,False,False,False,False,False,-1.0,False,3,False,False,201.09644108744035,,3,False,3,False,True,False,True,"market_above_ma60, avoid_chase, liquidity_ok",,close_below_ema20,-215.7,10.2,16.6,52.4,-0.78,False,254.0,D
2026-09-21,80.8,83.3,80.4,83.0,26066,2120734,4994,傳奇,,-1.1502475493793582,-1.3654739504436426,0.2152264010642843,82.88414981499227,86.16355849961514,89.2990456128854,48.34052608675407,11.62174180875717,2.704838391805965,13825.7,1139384.55,85.6,80.7,-0.1501435765550335,-0.2472604380425109,0.0246913580246914,0.0285006195786865,80.7,4.238468641905746,85.37527370891908,82.63500000000022,79.89472629108135,0.5665991865724588,0.0663223503096474,50.6493506493507,32.26022803487589,81.8800000000003,82.26000000000022,-1427889.0,-1380733.7,-49.3506493506493,-30.937215650592112,28.09201101305884,88.85,87.55000000000001,,,,0.0,0.0,0.0,0.0,0.0,0.0,,0.0,0.0,-0.1094,-0.0422,0.0,2.64,-0.04,0,False,0,False,False,False,False,1.885329495070774,True,False,False,False,True,False,False,False,True,False,False,False,False,False,False,False,False,False,0.0,0.0,3.132530120481921,8.0,-0.4191904778603292,False,False,False,False,False,False,False,-1.0,False,4,False,False,221.8230092163838,,3,False,3,False,False,False,False,"volume_break, market_above_ma60, avoid_chase, kd_golden_cross",,,-42.9,50.0,20.7,0.0,-0.71,True,2.0,D
2026-09-21,17.9,18.0,17.8,17.9,36692,656612,4999,鑫禾,,-0.2891210235101766,-0.2705238931509391,-0.0185971303592374,18.24311968747374,18.960736761941007,19.92948532062532,33.77165206855608,23.497901833899604,0.274020114840283,39496.45,723092.15,19.1,17.85,-0.376289972788797,-0.1937588050464726,0.0,0.0,17.9,1.119086337820959,19.18534016821513,18.34000000000001,17.494659831784887,0.2397497383041427,0.0921854054760221,36.36363636363619,30.0699300699301,17.899999999999817,17.964999999999964,-3894975.0,-3813179.05,-75.00000000000011,-80.76009501187654,20.15725559601693,18.9,20.525,,,,0.0,0.0,0.0,0.0,0.0,0.0,,0.0,0.0,-0.2694,-0.279,0.0,1.59,-0.01,0,False,0,False,False,False,False,0.9289948843503656,False,False,True,False,True,False,False,False,False,False,False,False,False,False,False,False,False,False,0.0,0.0,6.703910614525157,0.0,-0.344851385152631,False,False,False,False,False,False,False,-1.0,False,3,False,False,150.1517322216721,,5,False,3,False,True,False,True,"market_above_ma60, avoid_chase, adx_trending",,close_below_ema20,-192.3,5.9,7.8,39.5,-0.03,False,185.0,D
2026-09-21,58.2,58.8,58.2,58.6,47034,2754497,5203,訊連,,-1.0765545347761858,-1.462472874522016,0.3859183397458301,58.31751296726557,61.57549653598762,65.57282983010123,48.00713552004552,27.33688275005576,1.2087485507846012,117588.35,6796533.2,59.2,55.6,-0.1790993357418964,-0.3823843712283249,0.0155979202772962,0.010344827586207,58.0,1.3807050033606352,60.23455490149376,57.96000000000004,55.68544509850632,0.6406868657203374,0.0784870566422954,89.74358974358978,82.62878262878257,57.759999999999856,57.079999999999565,-7470461.0,-7271369.9,-14.634146341463444,41.91295002686683,43.7913357134064,64.75,67.75,,,,0.0,0.0,0.0,0.0,0.0,0.0,,0.0,0.0,-0.2173,-0.0364,0.0,10.07,0.0,0,False,0,False,False,False,False,0.3999886043132674,False,False,True,False,True,False,False,False,False,False,False,False,False,False,False,False,False,True,-20.0,0.0,1.0238907849829375,15.0,-0.1799014930716377,False,False,False,False,False,False,False,-1.0,False,3,False,False,171.84106812627303,,5,True,3,False,False,False,False,"market_above_ma60, avoid_chase, adx_trending",,,-245.0,4.3,10.9,52.4,-0.71,False,254.0,D
2026-09-21,38.0,38.25,37.5,37.7,34234,1292703,5215,科嘉-KY,,-0.5444540500613826,-0.4727675101738824,-0.0716865398875001,38.43404236841694,39.61096209887977,39.90324246140407,40.3409588536812,16.674113580476522,0.8195694800755553,44380.95,1713716.2,40.55,37.25,-0.3076807602840546,-0.2013725038795421,0.0053333333333334,-0.0065876152832674,37.95,0.2979091706057003,40.19671074281469,38.59750000000022,36.99828925718575,0.219392830484401,0.0828660272201288,32.432432432432485,34.856284856284525,37.61000000000022,37.97500000000018,-3006780.0,-2900106.25,-75.99999999999994,-82.06372747292319,28.686732722486667,39.575,43.575,,,,0.0,0.0,0.0,0.0,0.0,0.0,,0.0,0.0,0.0526,-0.2387,0.0,25.86,-0.1,0,False,0,False,False,False,False,0.7713669941720491,False,False,False,False,True,False,False,False,False,False,False,False,False,False,False,False,False,False,0.0,0.0,7.559681697612716,0.0,-0.3706165104884413,False,False,False,False,False,False,False,-1.0,False,2,False,False,113.2662718158592,,3,False,3,False,True,False,True,"market_above_ma60, avoid_chase",,close_below_ema20,-233.7,3.2,3.4,45.3,-0.34,False,95.0,D
2026-09-21,104.0,107.5,104.0,106.5,281650,29900748,5222,全訊,,-2.14909279314908,-2.658432487828972,0.509339694679892,105.42945975942182,111.46231188644342,117.50052040587272,49.76511972797898,15.106334850437618,2.8959167229144422,172803.05,18161198.8,107.0,101.0,-0.1518852941596576,-0.3544825356008094,0.0441176470588235,0.0289855072463767,103.5,1.0517877668637154,107.74175302129278,104.525,101.30824697870725,0.8069865772918845,0.0615499262624783,84.61538461538461,65.24216524216475,103.5,103.45,4867198.0,4697904.4,-26.666666666666668,65.70412220129839,36.34266021392727,116.125,117.25,,,,0.0,0.0,0.0,0.0,0.0,0.0,,0.0,0.0,0.5994,0.0562,0.0,3.27,0.07,0,False,0,False,False,False,False,1.6298902131646404,True,False,False,False,True,False,False,False,False,True,False,False,False,False,False,False,False,True,-20.0,-12.0,0.4694835680751174,25.0,0.1905065624407991,False,False,False,False,False,False,False,-1.0,False,4,False,False,291.584980880936,,3,False,3,False,False,False,False,"volume_break, market_above_ma60, avoid_chase, obv_uptrend",,,-125.3,30.3,37.6,52.4,0.29,False,254.0,D
2026-09-21,55.0,55.9,54.9,55.7,177660,9861848,5225,東科-KY,,-2.702461310825236,-3.048562664809709,0.3461013539844737,56.9832319997163,63.631070799273765,70.720995578764,37.10721091176179,31.49565937473241,1.2959644828660235,269542.9,15350198.0,61.8,53.0,-0.8025131189758684,-0.6356615807529893,0.0489642184557439,0.0108892921960073,55.1,0.3498381687273435,63.48505451689302,57.065000000000325,50.64494548310763,0.3936924915194504,0.22500848214817,93.93939393939404,65.73773448773439,54.6,54.14000000000014,-5625313.0,-4839593.3,-65.93406593406593,-35.57341668527217,27.05762938950518,70.15,70.9,,,,0.0,0.0,0.0,0.0,0.0,0.0,,0.0,0.0,-0.0897,0.0549,0.0,39.72,0.16,0,False,0,False,False,False,False,0.6591158587371434,False,False,True,False,True,False,False,False,False,False,False,False,False,False,False,False,False,True,-20.0,0.0,10.951526032315968,0.0,-0.2571169450045306,False,False,False,False,False,False,False,-1.0,False,3,False,False,188.50575524731707,,10,True,3,False,True,False,True,"market_above_ma60, avoid_chase, adx_trending",,close_below_ema20,-228.3,6.7,13.7,52.4,-0.5,False,254.0,D
2026-09-21,134.0,135.5,133.5,134.5,45797,6169401,5236,凌陽創新,,-2.442958248813312,-2.8480445878135354,0.4050863390002233,134.8836371437154,142.21992869107936,144.53586424612035,45.590414277707,24.83642583220809,2.9121744775883607,86150.75,11637239.1,139.0,130.0,-0.2629085353791081,-0.3926576935665458,0.0346153846153847,0.0037313432835821,134.0,0.7083938833713115,140.44454274712666,134.95,129.45545725287332,0.459050277638179,0.0814307928436706,83.33333333333333,56.53594771241842,132.4,132.75,3274178.0,3195167.1,-44.44444444444444,-12.321405164504297,39.52391833623514,146.25,159.5,,,,0.0,0.0,0.0,0.0,0.0,0.0,,0.0,0.0,0.1322,-0.0214,0.0,6.07,0.06,0,False,0,False,False,False,False,0.5315914254954252,False,False,True,False,True,False,False,False,False,True,False,False,False,False,False,False,False,False,-20.0,0.0,3.3457249070631967,8.0,0.0935086334252164,False,False,False,False,False,False,False,-1.0,False,4,False,False,284.43801785605683,,5,False,3,False,True,False,True,"market_above_ma60, avoid_chase, adx_trending, obv_uptrend",,close_below_ema20,-132.4,29.1,36.2,52.4,-0.61,False,254.0,D
2026-09-21,302.0,302.0,292.5,292.5,154000,45454744,5234,達興材料,,-7.556335657639295,-9.32708397294828,1.7707483153089854,295.8750206548403,322.2930270884572,343.2666495034646,43.76957883453871,30.313680031725337,9.985289880315316,225865.0,66760050.15,303.5,282.5,-0.2452618605648992,-0.5491165017524738,0.0353982300884956,-0.0118243243243243,296.0,0.8876847190583573,307.0522198869519,294.1,281.14778011304816,0.4382345260517129,0.0880803800540759,50.0,58.68965517241365,289.5,289.95,16157214.0,16223856.7,-50.84745762711864,11.908492635537325,24.560667860587827,335.375,356.5,,,,0.0,0.0,0.0,0.0,0.0,0.0,,0.0,0.0,0.1852,0.0125,0.0,8.0,-0.11,0,False,0,False,False,False,False,0.6818232129812056,False,False,True,False,True,True,False,False,False,False,False,False,False,False,False,False,False,False,0.0,0.0,3.7606837606837606,0.0,-0.0560560491667622,False,False,False,False,True,False,False,-1.0,False,4,True,False,296.1455595398109,,8,False,3,False,True,False,True,"market_above_ma60, avoid_chase, liquidity_ok, adx_trending",open_high_close_low,close_below_ema20,-120.7,31.1,38.6,52.4,-0.48,False,254.0,D
2026-09-21,37.2,37.2,36.5,36.5,243792,8986326,5244,弘凱,,0.5251233776008348,0.3407094076932406,0.1844139699075941,34.75197505857323,34.67697452672384,35.90979715096585,63.929735633274525,16.528939909086926,1.003517889026814,173241.7,6091817.0,36.9,33.5,0.0645960657404525,0.0805991227058084,0.0895522388059701,-0.0108401084010839,36.9,2.836466682878944,36.5519219840192,34.85999999999994,33.16807801598068,0.984655916611516,0.0970695343671407,85.10638297872335,88.2787042361512,35.520000000000074,34.83499999999985,12098478.0,11672580.4,-14.893617021276649,194.34385238834216,65.67167496737505,31.775,35.075,,,,0.0,0.0,0.0,0.0,0.0,0.0,,0.0,0.0,0.2977,0.0293,0.0,3.34,0.48,0,False,0,False,False,True,False,1.4072362485475494,False,True,False,False,False,False,False,False,False,True,False,False,False,False,False,False,True,True,-20.0,-25.0,1.0958904109589005,15.0,0.6474969050244241,False,False,True,False,False,False,False,-1.0,False,5,False,False,371.8423253457686,,3,False,3,False,False,False,False,"rsi_strong, market_above_ma60, obv_uptrend, mfi_strong, above_ichimoku_cloud",,,-45.0,44.5,54.1,52.4,0.11,False,254.0,D
2026-09-21,91.0,91.0,89.3,89.8,557156,50082525,5243,乙盛-KY,,-0.2963533262435049,-0.1903442880140483,-0.1060090382294566,89.57104652625071,91.9928623370616,93.2880102558514,50.09068688048016,9.372285886201205,3.117327654212729,1015900.05,92736210.1,95.4,85.3,-0.1982453853963949,-0.123801498057902,0.0405561993047509,-0.0055370985603543,90.3,0.5759735667993708,94.98327221190402,90.32499999999982,85.66672778809561,0.4436486345024895,0.1031446933164509,56.62650602409634,44.74614877420148,88.51999999999971,89.24999999999963,86533679.0,86328921.95,-64.92537313432835,-17.219696236819498,57.47827939080207,85.875,101.35,,,,0.0,0.0,0.0,0.0,0.0,0.0,,0.0,0.0,0.5412,0.0796,0.0,52.59,-0.13,0,False,0,False,False,False,False,0.5484358426796022,False,False,False,False,True,True,False,False,False,True,False,False,False,False,False,False,True,False,0.0,0.0,6.236080178173729,0.0,0.0423712933281631,False,False,False,False,False,False,False,-1.0,False,5,False,False,340.992813946734,,3,False,3,False,False,False,False,"market_above_ma60, avoid_chase, liquidity_ok, obv_uptrend, mfi_strong",,,-75.8,37.8,48.0,52.4,-0.59,False,254.0,D
2026-09-21,42.35,44.3,42.35,43.2,369627,15908292,5258,虹堡,,-1.8008410430822792,-1.7575515044680268,-0.0432895386142524,44.645332754440034,47.80410000489623,50.45435532711499,37.84671579527336,28.191228985865063,1.4257791440388028,330892.5,14979274.35,48.25,41.95,-0.7749623037063182,-0.3607912475661969,0.0212765957446809,0.0212765957446809,42.3,0.4282094576552664,49.15867803191691,44.89249999999993,40.62632196808295,0.3016374390218063,0.190061949408787,54.32098765432109,33.471579218106854,42.42000000000044,43.034999999999854,-9651336.0,-9420068.35,-65.62499999999994,-61.97468053138128,41.88728047551994,51.675,50.8,,,,0.0,0.0,0.0,0.0,0.0,0.0,,0.0,0.0,0.0321,-0.2749,0.0,4.55,0.18,0,False,0,False,False,False,False,1.1170606768059113,False,False,True,False,True,False,False,False,True,False,False,False,False,False,False,False,False,False,0.0,0.0,11.689814814814808,0.0,-0.1397109353633857,False,False,False,False,False,False,False,-1.0,False,4,False,False,299.49407554369844,,3,False,3,False,True,False,True,"market_above_ma60, avoid_chase, adx_trending, kd_golden_cross",,close_below_ema20,-47.4,34.7,39.3,45.3,-0.08,False,95.0,D
2026-09-21,1505.0,1505.0,1470.0,1475.0,382204,569217380,5269,祥碩,,8.874004969308544,-0.5847715513195828,9.458776520628128,1428.2062252713315,1420.343737544632,1405.7138823791831,56.70439240123925,14.947836967101177,53.28963407051328,525384.15,754655631.25,1495.0,1315.0,-0.0447615602424502,-0.0785418853753591,0.0805860805860805,-0.0133779264214046,1495.0,1.507588510598106,1522.8402898546249,1429.0,1335.1597101453751,0.7450972821549363,0.1313370046950663,85.36585365853658,89.4308943089436,1459.0,1413.0,-10616108.0,-12236981.85,-14.634146341463415,96.71694764862464,59.32576627470616,1402.5,1467.5,,,,0.0,0.0,0.0,0.0,0.0,0.0,,0.0,0.0,-0.3251,0.1266,0.0,10.4,1.55,0,False,0,False,False,True,True,0.727475314967153,False,True,False,False,False,True,False,False,False,True,False,False,False,False,False,False,True,True,-20.0,0.0,1.3559322033898304,15.0,1.455063691691821,False,False,True,False,False,False,False,-1.0,False,7,False,False,459.7355174499734,,3,False,3,False,False,False,False,"ema60_gt_ema120, rsi_strong, market_above_ma60, liquidity_ok, obv_uptrend, mfi_strong, above_ichimoku_cloud",,,42.9,55.9,68.3,52.4,-0.45,False,254.0,D
2026-09-21,95.2,95.3,90.7,91.7,1787258,165483074,5285,界霖,,2.2568802914488373,1.5327231785924222,0.724157112856415,85.49492498143442,82.80257139045393,77.6517230755586,60.79643377042651,19.834783374192785,4.51059411117733,1558469.45,134713850.35,93.3,82.5,0.4590757402207204,-0.1526537844261375,0.048,-0.0171489817792067,93.3,2.005116843674171,92.585975502284,85.32000000000025,78.05402449771648,0.9390325839933302,0.1703229137900549,77.21518987341776,88.55890944498545,88.22000000000044,86.48000000000029,48210288.0,46826837.3,-22.784810126582247,189.95363872230044,81.84563840911154,79.975,89.8,,,,0.0,0.0,0.0,0.0,0.0,0.0,,0.0,0.0,0.1993,-0.0905,0.0,8.49,0.94,0,False,0,False,False,True,True,1.1468033588980522,False,True,False,False,True,True,False,False,False,True,False,False,False,False,False,False,True,True,-10.0,-25.0,1.7448200654307462,15.0,0.3212224935680366,False,False,True,False,True,False,False,-1.0,False,8,True,False,555.3227035117969,,3,False,3,False,False,False,False,"ema60_gt_ema120, rsi_strong, market_above_ma60, avoid_chase, liquidity_ok, obv_uptrend, mfi_strong, above_ichimoku_cloud",open_high_close_low,,138.5,67.7,77.6,52.4,-0.11,False,254.0,D
2026-09-21,219.5,219.5,215.0,218.0,41600,9022055,5292,華懋,,4.351039113659112,6.094400627060486,-1.7433615134013731,214.4883685965274,206.48729576197488,203.22980602693104,55.1597421237929,30.93286903706424,8.466356047668398,220773.9,49163776.35,241.0,209.0,-0.166313638736247,0.3032711099600808,0.0116009280742459,-0.009090909090909,220.0,0.2474404183748328,233.6611728454163,219.475,205.2888271545837,0.4480127580541717,0.1292737017465889,55.55555555555556,56.48148148148115,214.5,216.6,5387077.0,5468601.95,-67.74193548387096,-28.293545534924764,28.28467103877452,175.75,190.75,,,,0.0,0.0,0.0,0.0,0.0,0.0,,0.0,0.0,0.089,-0.1467,0.0,3.5,0.12,0,False,0,False,False,True,True,0.1884280705282644,False,True,True,False,True,False,False,False,False,False,False,False,False,False,False,False,False,False,0.0,0.0,10.550458715596331,0.0,-0.0652582674319106,False,False,True,False,False,False,False,-1.0,False,6,False,False,411.1011814960997,,8,False,3,False,False,False,False,"ema60_gt_ema120, rsi_strong, market_above_ma60, avoid_chase, adx_trending, above_ichimoku_cloud",,,163.8,85.7,60.1,25.0,-1.54,False,28.0,X
2026-09-21,73.5,73.5,72.7,72.9,1144838,83522242,5388,中磊,,-2.276333241616939,-2.54225928217364,0.265926040556701,74.78960620931608,79.02788771745678,81.14042217675262,38.15620268319291,28.370476981793445,1.8577280372145697,2384103.75,178573702.3,77.6,71.0,-0.4512264918448089,-0.2886048288282172,0.0267605633802818,-0.0095108695652171,73.6,0.7819437929548636,79.17059649070107,74.55999999999986,69.94940350929865,0.3199799089610431,0.1236747985703117,63.04347826086977,63.37081459270363,72.86000000000058,72.46000000000022,10547723.0,19337238.65,-62.33766233766228,-52.91666666666654,27.55884552495526,87.0,85.6,,,,0.0,0.0,0.0,0.0,0.0,0.0,,0.0,0.0,0.4505,-0.1172,0.0,11.69,0.07,0,False,0,False,False,False,False,0.4801963840709533,False,False,True,False,True,True,False,False,False,False,False,False,False,False,False,False,False,True,0.0,0.0,6.447187928669394,0.0,-0.4046147074605188,False,False,False,False,False,False,False,-1.0,False,4,False,False,304.94658735118327,,5,True,3,False,True,False,True,"market_above_ma60, avoid_chase, liquidity_ok, adx_trending",,close_below_ema20,-111.9,32.3,40.6,52.4,-0.65,False,254.0,D
2026-09-21,540.0,543.0,533.0,537.0,372313,200060396,5434,崇越,,3.221758836222307,3.1588618369245003,0.0628969992978065,532.5539135928564,517.0319564356021,480.1546862862668,52.97438618801046,14.423087451820406,17.81090009432856,575721.4,307082708.55,541.0,527.0,0.0839107807313072,-0.0183042933995512,-0.0037105751391465,-0.0055555555555555,540.0,1.4975135945578768,546.1356664625388,532.8,519.4643335374611,0.6574724447330117,0.0500588080425631,54.285714285714285,50.47619047619022,536.2,534.1,28324315.0,28356900.2,-45.71428571428572,60.64558200195601,61.89565396290892,528.25,510.75,,,,0.0,0.0,0.0,0.0,0.0,0.0,,0.0,0.0,0.3634,-0.0467,0.0,30.11,0.1,0,False,0,False,False,True,True,0.6466895272609287,False,False,False,False,True,True,False,False,False,False,False,False,False,False,False,False,True,True,0.0,0.0,0.74487895716946,25.0,-0.0192300329172917,False,False,True,False,False,False,False,-1.0,False,6,False,False,446.2361348776018,,3,True,3,False,False,False,False,"ema60_gt_ema120, market_above_ma60, avoid_chase, liquidity_ok, mfi_strong, above_ichimoku_cloud",,,29.4,54.3,66.8,52.4,-0.51,False,254.0,D
2026-09-21,72.9,73.7,72.6,73.5,769300,56296484,5469,瀚宇博,,-0.0420631550012444,-0.2439199688537593,0.2018568138525148,72.72409563689908,74.81425106155824,78.5467609649579,52.3017886380419,12.041558173114742,2.0453303852467046,1125041.85,82236944.1,74.8,71.1,0.0020862754764746,-0.2010240434187684,0.0165975103734439,0.0096153846153845,72.8,1.972473829831906,74.89180107121842,72.66999999999989,70.44819892878135,0.6867853991862788,0.0611476832590763,51.999999999999886,44.0,73.1,72.52999999999993,30003310.0,31356134.4,-48.000000000000114,36.11349957007586,54.73248716024464,72.32499999999999,78.0,,,,0.0,0.0,0.0,0.0,0.0,0.0,,0.0,0.0,0.2641,-0.007,0.0,7.86,-0.31,0,False,0,False,False,False,False,0.6837967849818208,False,False,False,False,True,True,False,False,True,False,False,False,False,False,False,False,True,True,0.0,0.0,1.7687074829931932,15.0,-0.2665723076309133,False,False,False,False,False,False,False,-1.0,False,5,False,False,373.6391001582472,,3,True,3,False,False,False,False,"market_above_ma60, avoid_chase, liquidity_ok, kd_golden_cross, mfi_strong",,,31.1,57.3,54.7,39.5,-0.36,False,185.0,D
2026-09-21,52.5,53.1,52.1,52.2,770060,40536475,5471,松翰,,-1.7269664620421352,-1.082915659490411,-0.6440508025517242,54.52276158207526,55.36679932610805,52.58724927283633,39.94017106401515,19.506245853289563,1.99721164497062,2382985.5,140318483.85,61.7,49.9,-1.1571353607716337,-0.1836726994169561,0.0215264187866928,0.0019193857965451,52.1,0.3706861183436069,65.31708609928316,56.310000000000215,47.30291390071727,0.2718463021949238,0.319910712103815,41.8181818181819,25.27669052259201,51.200000000000365,52.08000000000029,105087113.0,108146462.95,-81.14754098360653,-64.09892176359965,33.540912579236604,56.8,57.25,,,,0.0,0.0,0.0,0.0,0.0,0.0,,0.0,0.0,0.2044,-0.138,0.0,10.39,-0.07,0,False,0,False,False,False,True,0.3231492596157215,False,False,False,False,True,True,False,False,False,False,False,False,False,False,False,False,False,False,0.0,0.0,18.19923371647509,0.0,-0.2120504829796719,False,False,False,True,False,False,False,-1.0,False,4,True,False,250.6868868004012,,3,False,3,False,True,False,True,"ema60_gt_ema120, market_above_ma60, avoid_chase, liquidity_ok",long_upper_shadow,close_below_ema20,-166.2,18.1,26.7,52.4,-0.78,False,254.0,D
2026-09-21,39.65,40.2,39.3,40.2,111050,4415208,5484,慧友,,-0.4084993760104751,-0.4432655264401733,0.0347661504296982,40.10726786910777,41.42911169551609,41.87243071043882,49.30259004367918,9.17158703240324,1.3523669749613845,235222.05,9622842.5,43.3,39.0,-0.0868194134372628,-0.2797294421813167,0.0190114068441065,0.0216010165184243,39.35,0.4394332610005274,41.96087281432386,40.07000000000007,38.17912718567628,0.5343756594878174,0.0943784783790261,37.7358490566038,27.358490566037897,39.53000000000029,40.19000000000015,9816407.0,10479837.1,-62.2641509433962,-22.59887005649652,63.99924821335641,43.975,47.6,,,,0.0,0.0,0.0,0.0,0.0,0.0,,0.0,0.0,0.1294,-0.0527,0.0,0.88,-0.02,0,False,0,True,True,False,False,0.4721071005035455,False,False,False,False,True,False,False,False,True,False,False,False,False,False,False,False,True,False,0.0,0.0,7.711442786069638,0.0,-0.5024340672896325,False,False,False,False,False,False,False,-1.0,False,6,False,False,423.6918621975599,,3,False,3,False,False,False,False,"macd_golden_cross, market_above_ma60, avoid_chase, hist_turn_positive, kd_golden_cross, mfi_strong",,,6.9,51.2,62.8,52.4,-0.65,False,254.0,D
2026-09-21,23.9,24.4,23.6,23.8,1004474,23936765,6108,競國,,0.578097572494567,0.6675644256707376,-0.0894668531761706,23.030363008616657,21.28836602820221,19.77119770822745,57.19464250403272,31.777367637792302,1.2074320740079352,3214484.6,76368377.0,25.7,22.15,-0.0908992476913561,0.682533622053806,0.0744920993227991,-0.012448132780083,24.1,0.6420503213457445,25.020435047414992,23.325,21.629564952585007,0.6400820399236844,0.1453749236797421,64.00000000000006,71.11111111111131,23.52000000000008,23.08000000000002,58451324.0,56636682.25,-35.999999999999936,52.76919420014263,56.07444604021787,19.5,19.35,,,,0.0,0.0,0.0,0.0,0.0,0.0,,0.0,0.0,0.4569,-0.0851,0.0,10.13,1.29,0,False,0,False,False,True,True,0.3124836871204796,False,True,True,False,False,True,False,False,False,True,False,False,False,False,False,False,True,True,0.0,0.0,7.983193277310918,0.0,0.1523767550734704,False,False,True,True,False,False,False,-1.0,False,8,True,False,614.9533579320864,,8,False,3,False,False,False,False,"ema60_gt_ema120, rsi_strong, market_above_ma60, liquidity_ok, adx_trending, obv_uptrend, mfi_strong, above_ichimoku_cloud",long_upper_shadow,,272.5,87.0,83.6,39.5,-0.84,False,185.0,D
2026-09-21,51.8,51.8,49.0,49.0,4435065,221190631,6112,邁達特,,1.4481237838193195,1.0139525205923985,0.4341712632269212,47.10261651296287,45.41144838390592,45.40680054064728,56.807817060612535,33.6247375696629,1.9912325310587773,3105670.05,154840401.95,52.1,44.3,0.6173852397914469,0.2038564071420171,-0.0316205533596838,-0.0595009596928982,52.1,3.0936579445265964,51.045400951723785,46.5324999999998,42.019599048275815,0.7733829111690989,0.1939676979196907,54.44444444444443,65.39141414141461,49.54000000000015,47.79999999999982,76218.0,951572.0,-45.55555555555557,115.52637641096466,72.84006555307614,42.8,44.65,,,,0.0,0.0,0.0,0.0,0.0,0.0,,0.0,0.0,0.1879,-0.0413,0.0,2.86,0.81,0,False,0,False,False,True,True,1.4280541488945355,False,True,True,False,True,True,False,False,False,False,False,False,False,False,False,False,True,True,0.0,0.0,6.3265306122449,0.0,-0.2823114368179949,False,False,True,False,False,False,False,-1.0,False,8,False,False,595.8928042471294,,8,True,3,False,False,False,False,"ema60_gt_ema120, rsi_strong, market_above_ma60, avoid_chase, liquidity_ok, adx_trending, mfi_strong, above_ichimoku_cloud",,,179.1,74.0,82.2,52.4,0.12,False,254.0,D
2026-09-21,45.0,45.0,44.3,44.5,97813,4344764,6115,鎰勝,,-0.1503934409958418,-0.3061163545616694,0.1557229135658275,44.29774409739594,45.17143929879612,45.97401373418637,50.98558414045626,20.138110518350523,0.5920425918390554,170156.9,7493619.05,45.4,43.8,0.0428675038407587,-0.1500871086550733,0.0148232611174456,-0.0198237885462554,45.4,0.7683685897675391,44.80825652437378,44.08499999999985,43.36174347562592,0.7868968243040623,0.0328119099182911,48.571428571428655,60.19047619047645,44.30999999999949,44.124999999999815,-5995587.0,-5698414.3,-51.42857142857135,162.73187183810774,53.53974244383611,45.525,47.475,,,,0.0,0.0,0.0,0.0,0.0,0.0,,0.0,0.0,0.1076,-0.0174,0.0,5.22,0.0,0,False,0,False,False,False,False,0.5748400446881672,False,False,True,False,True,False,False,False,False,False,False,False,False,False,False,False,True,True,0.0,0.0,2.0224719101123565,8.0,-0.2288748962932395,False,False,False,False,False,False,False,-1.0,False,4,False,False,311.0019016913628,,5,False,3,False,False,False,False,"market_above_ma60, avoid_chase, adx_trending, mfi_strong",,,-105.8,33.1,41.5,52.4,-0.57,False,254.0,D
2026-09-21,14.25,14.9,14.25,14.8,56764125,825387602,6116,彩晶,,-0.0208895007828342,-0.0558711319370717,0.0349816311542374,14.199384434123742,14.274539911796047,13.447674206834554,56.73182457369286,21.065318687596594,0.640336483994812,28487271.45,410607074.15,14.85,13.65,-0.103649667875849,-0.3493333439120575,0.0685920577617329,0.0571428571428571,14.0,0.5976024115696806,14.899903093495617,14.25500000000002,13.61009690650442,0.9225441042978204,0.0904809671687965,80.00000000000007,43.333333333333336,14.110000000000037,14.215000000000009,3713873178.0,3633845060.65,-19.99999999999993,102.83562772090852,65.17121056121695,14.1,17.125,,,,0.0,0.0,0.0,0.0,0.0,0.0,,0.0,0.0,0.08,0.0712,0.0,4.39,0.08,0,False,0,True,True,True,True,1.9926136169141604,True,True,True,False,False,True,False,False,False,True,False,False,False,False,False,True,True,False,-20.0,-25.0,0.3378378378378306,25.0,0.6302549317088743,False,False,False,False,False,False,False,-1.0,False,11,False,False,747.4891953496481,,3,False,3,False,False,False,False,"macd_golden_cross, ema60_gt_ema120, volume_break, rsi_strong, market_above_ma60, liquidity_ok, hist_turn_positive, adx_trending, obv_uptrend, cci_momentum, mfi_strong",,,327.0,88.7,94.2,51.6,0.24,False,62.0,D
2026-09-21,60.9,61.8,60.8,61.3,148961,9114115,6117,迎廣,,-1.0355780678625806,-1.0423177037346223,0.0067396358720417,62.19182284730896,65.93901957047123,70.26069911027675,39.24758548771831,17.395457980509967,1.4590787872029831,150313.1,9462479.85,65.4,60.7,-0.2515504673180309,-0.2987122742808122,0.0032733224222585,0.0065681444991789,60.9,0.9498978519483796,65.00327461687445,62.425,59.84672538312554,0.2818308428751102,0.0826039124349044,21.42857142857125,11.484593837534703,60.96000000000058,61.35999999999986,11815142.0,12091266.25,-90.1639344262296,-78.55107855107906,28.138089059509937,66.075,76.9,,,,0.0,0.0,0.0,0.0,0.0,0.0,,0.0,0.0,0.0245,0.0248,0.0,1.27,0.07,0,False,0,True,True,False,False,0.9910047760308316,False,False,False,False,True,False,False,False,False,False,False,False,False,False,False,False,False,False,10.0,0.0,6.688417618270813,0.0,-0.328742834655989,False,False,False,False,False,False,False,-1.0,False,4,False,False,270.96513374443646,,3,False,3,False,True,False,True,"macd_golden_cross, market_above_ma60, avoid_chase, hist_turn_positive",,close_below_ema20,-145.9,24.0,32.1,52.4,-0.23,False,254.0,D
2026-09-21,12.5,12.85,12.5,12.65,2457119,31060691,6120,達運,,-0.1624273997088305,-0.2188774186657412,0.0564500189569106,12.361227737196089,12.834925860315966,13.037748185742464,54.33020724714779,16.310106113601964,0.3812274385458022,1451190.95,18041048.45,12.8,11.75,-0.2596330930818406,-0.2736973569257597,0.0720338983050847,0.0242914979757085,12.35,1.701936566972594,12.968202071977077,12.3625,11.756797928022928,0.7373278987321027,0.097990223980113,81.81818181818187,63.78066378066372,12.210000000000036,12.154999999999973,120237794.0,117964686.45,-30.76923076923078,68.40958605664493,49.254582419858814,13.125,13.925,,,,0.0,0.0,0.0,0.0,0.0,0.0,,0.0,0.0,-0.0309,0.3368,0.0,8.45,0.0,0,False,0,False,False,False,False,1.6931741477577436,True,False,False,False,False,False,False,False,False,True,False,False,False,False,False,False,False,True,-20.0,0.0,1.185770750988145,15.0,0.3433077127851971,False,False,False,False,False,False,False,-1.0,False,3,False,False,196.0514340309998,,3,False,3,False,False,False,False,"volume_break, market_above_ma60, obv_uptrend",,,-220.8,8.3,15.1,52.4,0.34,False,254.0,D
2026-09-21,27.45,29.4,27.1,28.0,11880767,337871281,6133,金橋,,1.003743318633358,0.5645335051840148,0.4392098134493432,24.16429311981708,23.15810446583004,22.7186268818411,73.21988681229973,29.847926858685703,1.2677812775749548,3174118.9,81162416.75,27.45,22.1,0.6935285554276548,0.0893600563060632,0.2043010752688172,0.0200364298724955,27.45,4.928015005061422,26.985188597823743,23.869999999999937,20.75481140217613,1.1628812141398404,0.2610128695285977,81.57894736842105,92.44721974427618,25.629999999999928,24.41999999999998,121028133.0,87319388.55,-18.42105263157893,277.3585915342215,94.5772050515396,21.85,23.425,,,,0.0,0.0,0.0,0.0,0.0,0.0,,0.0,0.0,0.0215,-0.1027,0.0,4.56,3.04,0,False,0,False,False,True,True,3.7430125884698273,True,True,True,True,False,True,False,False,False,True,False,False,False,True,False,False,True,True,-20.0,-25.0,-1.9642857142857169,25.0,2.0,False,False,True,True,False,False,False,-1.0,False,11,True,False,741.4301258846983,,6,False,3,False,False,False,False,"ema60_gt_ema120, volume_break, rsi_strong, breakout_20d, market_above_ma60, liquidity_ok, adx_trending, obv_uptrend, breakout_volume_confirm, mfi_strong, above_ichimoku_cloud",long_upper_shadow,,398.9,92.4,93.6,39.5,3.67,False,185.0,C
2026-09-21,19.4,19.65,19.4,19.4,28485,555876,6128,上福,,-0.2689150213701587,-0.2753709182466903,0.0064558968765315,19.50470085931541,19.97386190338135,20.66012258804893,44.67575388264507,23.139286759862934,0.2879975283806847,88855.5,1725658.85,20.45,18.8,-0.3740331020022782,-0.100262249643818,0.0237467018469657,-0.0025706940874036,19.45,0.4080227418077934,20.58704790305377,19.5849999999999,18.58295209694603,0.4076890438889741,0.1023280983460685,72.22222222222217,59.001610305958216,19.20999999999968,19.1449999999998,-8119021.0,-7623309.65,-43.47826086956527,-16.666666666666494,24.445451439772853,20.4,20.65,,,,0.0,0.0,0.0,0.0,0.0,0.0,,0.0,0.0,0.0496,-0.1692,0.0,4.49,0.0,0,False,0,True,True,False,False,0.3205766666103955,False,False,True,False,True,False,False,False,False,False,False,False,False,False,False,False,False,True,-10.0,0.0,5.412371134020623,0.0,-1.2246718021280738,False,False,False,False,False,False,False,-1.0,False,5,False,False,333.50970504056704,,5,False,3,False,True,False,True,"macd_golden_cross, market_above_ma60, avoid_chase, hist_turn_positive, adx_trending",,close_below_ema20,-83.3,35.8,45.6,52.4,-0.78,False,254.0,D
2026-09-21,740.0,745.0,717.0,718.0,1725029,1249608046,6139,亞翔,,-18.01765047208039,-17.75903253130577,-0.2586179407746201,735.7237499255706,760.6643038441488,734.0213447452859,44.12636283154759,23.4656598548198,30.712860555659024,2295708.25,1701975046.05,800.0,696.0,-0.524179474715345,-0.3924787784432553,0.0213371266002844,-0.0204638472032742,733.0,1.998489177309894,797.0086498717956,739.2,681.3913501282045,0.3166364372198961,0.1564086847180614,34.32835820895522,30.845771144278235,713.4,722.4,174036306.0,175040206.0,-68.05555555555556,-43.41155461656481,48.41366880050116,784.75,810.0,,,,0.0,0.0,0.0,0.0,0.0,0.0,,0.0,0.0,0.4169,0.0082,0.0,22.39,0.62,0,False,0,False,False,False,True,0.7514147322509296,False,False,True,False,True,True,False,False,False,False,False,False,False,False,False,False,False,False,0.0,0.0,11.420612813370472,0.0,-0.0640470055001359,False,False,False,False,False,False,False,-1.0,False,5,False,False,351.74558325650764,,3,False,3,False,True,False,True,"ema60_gt_ema120, market_above_ma60, avoid_chase, liquidity_ok, adx_trending",,close_below_ema20,-65.1,40.6,50.6,52.4,-0.43,False,254.0,D
2026-09-21,24.7,24.9,24.65,24.7,83676,2073505,6136,富爾特,,-0.0119716263646623,-0.0253720483795583,0.013400422014896,24.744030805936173,24.78029866757616,24.726242560657003,48.82161002129834,21.09497698724932,0.3440871154145329,236679.5,5774599.0,25.15,24.05,-0.0446230675424748,0.032641157656944,-0.002020202020202,-0.0080321285140562,24.9,0.5375804157025584,25.223169640801032,24.737500000000047,24.25183035919906,0.4613935102694486,0.0392658628237278,58.82352941176461,73.72549019607807,24.76000000000004,24.71999999999989,8012707.0,7221064.15,-35.00000000000014,3.84346610761653,60.68862549263802,24.875,25.25,,,,0.0,0.0,0.0,0.0,0.0,0.0,,0.0,0.0,0.3172,0.0449,0.0,3.76,0.04,0,False,0,False,False,False,True,0.3535413924737884,False,False,True,False,True,False,False,False,False,True,False,False,False,False,False,False,True,True,0.0,0.0,1.8218623481781344,15.0,2.0,False,False,False,False,False,False,False,-1.0,False,6,False,False,477.5354139247379,,5,False,3,False,True,False,True,"ema60_gt_ema120, market_above_ma60, avoid_chase, adx_trending, obv_uptrend, mfi_strong",,close_below_ema20,60.7,57.1,69.7,52.4,-0.75,False,254.0,D
2026-09-21,49.85,49.85,48.4,49.0,1343800,65829995,6141,柏承,,1.6296794443959255,2.5857541463819462,-0.9560747019860204,49.385416665229776,43.79582122584119,37.62844630475798,51.46931581254934,28.248405911099145,3.236111771381146,3649223.25,191851227.65,58.9,48.35,-0.4906987952874492,0.7282484530206692,0.0040983606557376,-0.0170511534603812,49.85,0.3966578548627059,58.99063982551648,51.94249999999992,44.89436017448337,0.2912569789444927,0.2713823872750279,15.584415584415616,21.428571428571257,49.32000000000007,50.16999999999998,127533120.0,130984463.5,-88.99082568807337,-65.66776545799591,34.419448417654735,35.4125,36.95,,,,0.0,0.0,0.0,0.0,0.0,0.0,,0.0,0.0,0.9864,0.0697,0.0,5.64,-0.02,0,False,0,False,False,True,True,0.3682427486452083,False,False,True,False,True,True,False,False,False,False,False,False,False,False,False,False,False,False,20.0,0.0,20.204081632653057,0.0,-0.2136178210369587,False,False,True,False,False,False,False,-1.0,False,6,False,False,451.1190136340086,,3,False,3,False,True,False,True,"ema60_gt_ema120, market_above_ma60, avoid_chase, liquidity_ok, adx_trending, above_ichimoku_cloud",,close_below_ema20,34.3,55.1,67.2,52.4,-0.74,False,254.0,D
2026-09-21,9.02,9.18,8.86,9.06,741309,6737916,6142,友勁,,-0.0787665266337196,-0.1410057622973573,0.0622392356636376,8.856315992343779,9.066867674848751,9.16955199647398,54.4015038357428,16.439409890040828,0.2668487725162372,373004.5,3283998.2,8.95,8.51,0.0471919709917645,-0.2643984826898166,0.0318906605922553,0.0248868778280544,8.84,0.7076897049413131,9.056251593022315,8.762000000000034,8.467748406977751,1.006369391137671,0.0671653944355813,82.60869565217402,62.38471673254268,8.86199999999999,8.755000000000063,-5661589.0,-6647702.4,-17.391304347825987,166.45271715874972,67.47384698383743,10.1,10.075,,,,0.0,0.0,0.0,0.0,0.0,0.0,,0.0,0.0,0.4947,0.3381,0.0,2.19,0.02,0,False,0,False,False,False,False,1.9873996158223293,True,False,False,True,True,False,False,False,False,True,False,False,True,True,False,True,True,True,-20.0,-25.0,-1.2141280353201016,25.0,0.2490506653667575,False,False,False,True,False,False,False,-1.0,False,9,True,False,657.8626041426244,,3,True,3,False,False,False,False,"volume_break, breakout_20d, market_above_ma60, avoid_chase, obv_uptrend, bb_squeeze_breakout, breakout_volume_confirm, cci_momentum, mfi_strong",long_upper_shadow,,241.0,79.9,87.2,52.4,0.58,False,254.0,D
2026-09-21,15.15,15.8,15.0,15.8,2784357,43182286,6152,百一,,0.4559269985644381,0.35711640430775,0.098810594256688,14.560920915062436,14.082869793151458,14.004468843911958,65.6906292725669,27.78389908948681,0.5897078222151559,1248452.3,18400437.4,15.2,13.45,0.6400573339542872,0.2978241741998082,0.0394736842105263,0.0498338870431893,15.05,1.0851584821441325,15.779160395329486,14.395000000000028,13.01083960467057,1.0075278864865782,0.1923112740992643,100.0,81.81818181818137,15.160000000000128,14.940000000000008,53496106.0,47654932.75,-0.0,128.49162011173166,85.7176556510642,13.8875,13.75,,,,0.0,0.0,0.0,0.0,0.0,0.0,,0.0,0.0,1.1848,0.0328,0.0,2.96,0.96,0,False,0,False,False,True,True,2.230247002628775,True,True,True,True,True,False,False,False,False,True,False,False,True,True,False,True,True,True,-20.0,-25.0,-3.797468354430389,25.0,1.2357007871699135,False,False,True,False,False,False,False,-1.0,False,13,False,False,982.1308794723268,,6,True,3,False,False,False,False,"ema60_gt_ema120, volume_break, rsi_strong, breakout_20d, market_above_ma60, avoid_chase, adx_trending, obv_uptrend, bb_squeeze_breakout, breakout_volume_confirm, cci_momentum, mfi_strong, above_ichimoku_cloud",,,565.3,99.6,99.5,52.4,0.78,True,254.0,D
2026-09-21,17.1,17.5,17.0,17.4,2269143,39291915,6153,嘉聯益,,0.0289238915240375,0.056022866610295,-0.0270989750862575,17.231264428617038,17.50192550229566,17.58713249512785,52.24004945849249,12.289125480813851,0.604968048552707,2723679.7,47748893.35,18.0,16.9,-0.0401047481609429,-0.1861381668877818,0.0145772594752187,0.0235294117647058,17.0,1.4978781921210624,18.100656487479824,17.36249999999991,16.624343512519992,0.5254011179445948,0.0850288250516826,52.38095238095225,32.1269841269841,17.149999999999817,17.284999999999854,161305011.0,159608954.2,-64.51612903225818,-25.72769953051626,41.86467904054111,16.5625,19.65,,,,0.0,0.0,0.0,0.0,0.0,0.0,,0.0,0.0,0.1595,0.0048,0.0,8.63,-0.1,0,False,0,False,False,False,False,0.8331166840212525,False,False,False,False,True,False,False,False,True,True,False,False,False,False,False,False,False,False,0.0,0.0,3.4482758620689737,8.0,0.1242855446441359,False,False,False,False,False,False,False,-1.0,False,4,False,False,302.8225933759422,,3,False,3,False,False,False,False,"market_above_ma60, avoid_chase, kd_golden_cross, obv_uptrend",,,-114.0,31.5,40.0,52.4,-0.36,False,254.0,D
2026-09-21,279.0,302.5,276.5,302.5,1074326,320137678,4542,科嶠,,-2.6268412941930137,-5.304824208606136,2.677982914413122,275.8658728976202,284.701271349128,264.0367924408862,58.24174001971084,13.563788427907856,19.43662109952648,732237.1,210297874.4,306.0,250.0,-0.229194193828519,-0.7677837793943427,0.2003968253968253,0.1,275.0,1.5098445835677776,308.46126612398103,277.5,246.5387338760189,0.903730259284136,0.2231442603530165,100.0,73.11778644041927,271.9,270.75,35091212.0,34426163.7,-10.833333333333334,86.1988068905422,48.99164439691219,300.25,380.75,,,,251200.0,1.0,0.0,0.0,7774.0,1.0,,0.0,0.0,1.9465,0.0681,0.0,0.0,0.0,0,False,0,False,False,True,True,1.4671832388716717,False,True,False,False,False,True,False,False,False,True,False,False,False,False,False,False,False,True,-20.0,-25.0,1.1570247933884297,15.0,0.1968809692967152,False,False,False,False,False,False,False,-1.0,False,5,False,False,327.0344040202773,,3,False,3,False,False,False,False,"ema60_gt_ema120, rsi_strong, market_above_ma60, liquidity_ok, obv_uptrend",,,-15.5,44.3,44.4,39.5,0.68,False,185.0,C
2026-09-21,57.1,58.0,56.6,57.0,702360,40196750,6155,鈞寶,,-0.6101176469147873,-0.8348585996633855,0.2247409527485981,56.67815805917715,59.35021705963145,58.42534599325457,49.63149275653313,7.1834001019812135,2.7172492573571394,1169882.95,67304450.6,59.2,55.3,-0.0571462193094935,-0.5528841891353429,0.0233393177737881,0.0035211267605634,56.8,0.5530066882868753,58.93439575725696,56.53500000000004,54.13560424274312,0.5968993961487135,0.0848817814542112,65.30612244897958,51.94698569082842,56.259999999999856,56.35,49221863.0,47552590.9,-44.82758620689654,26.5269363026032,55.36627362502817,61.15,74.0,,,,0.0,0.0,0.0,0.0,0.0,0.0,,0.0,0.0,0.5005,0.162,0.0,8.08,0.81,0,False,0,False,False,False,True,0.600367754739908,False,False,False,False,True,True,False,False,False,True,False,False,False,False,False,False,True,False,0.0,0.0,3.8596491228070224,0.0,0.1327748688467782,False,False,False,True,False,False,False,-1.0,False,6,True,False,412.5969759735604,,3,False,3,False,False,False,False,"ema60_gt_ema120, market_above_ma60, avoid_chase, liquidity_ok, obv_uptrend, mfi_strong",long_upper_shadow,,70.1,65.4,60.5,39.5,-0.47,False,185.0,D
2026-09-21,88.0,89.4,86.0,86.6,305777,26822486,4577,達航科技,,1.4842330477459456,1.8156230773668736,-0.331390029620928,84.56504324591705,85.5077253460791,87.53783047811793,55.84257858827342,28.28841610273681,4.654362330239892,767043.35,67764841.95,91.0,83.2,0.2360223170566369,0.1163990332843424,0.0260663507109002,-0.0034522439585732,86.9,0.3442399882164286,92.82942305406472,85.55,78.27057694593528,0.5721211002713802,0.1701793817431846,39.63963963963958,25.31512404123896,85.0,86.12999999999992,35868472.0,35850443.05,-71.97452229299368,33.42676217170141,67.78850779036141,74.725,87.1,,,,21166.0,4.0,0.0,0.0,4143.0,4.0,,0.0,0.0,0.14,-0.238,0.0,0.0,0.0,0,False,0,False,False,True,False,0.3986437011676068,False,True,True,False,True,True,True,False,False,True,False,True,False,False,False,False,True,False,0.0,0.0,5.080831408775988,0.0,0.0124170977710253,True,False,False,False,False,False,False,-1.0,False,9,False,False,684.1354421849284,,3,False,3,False,False,False,False,"rsi_strong, market_above_ma60, avoid_chase, liquidity_ok, foreign_buy_3d, adx_trending, obv_uptrend, dealer_buy_3d, mfi_strong",,,267.5,83.0,90.0,46.8,-0.68,False,47.0,D
2026-09-21,28.45,28.45,28.45,28.45,10020,285072,4554,橙的,,-0.6303678234213237,-0.6067389202190365,-0.0236289032022871,29.07366001166649,29.939985843150463,30.09047272382344,39.783653452705735,14.624248816741028,0.6474644553152955,36511.9,1048363.4,32.75,28.05,-0.1883089641281762,-0.1796412009438888,0.0053003533568904,0.0,28.45,0.134822460073839,30.167519455104145,28.88250000000003,27.597480544895912,0.3317146101243319,0.0889825641896729,24.390243902439018,23.5772357723575,28.31000000000022,28.46999999999989,201007.0,206239.55,-76.74418604651166,-49.2809379866271,28.042840833396298,31.75,31.5,,,,-2000.0,0.0,0.0,0.0,0.0,0.0,,0.0,0.0,-0.0074,-0.0294,0.0,0.0,0.0,0,False,0,False,False,False,False,0.2744310758958038,False,False,False,False,True,False,False,False,False,False,False,False,False,False,False,False,False,False,10.0,0.0,15.114235500878737,0.0,-0.032185827454133,False,False,False,False,False,False,False,-1.0,False,2,False,False,102.35808082950844,,3,False,3,False,True,False,True,"market_above_ma60, avoid_chase",,close_below_ema20,-314.3,4.3,2.9,46.8,-0.76,False,47.0,X
2026-09-21,746.0,750.0,735.0,735.0,520946,385962952,4749,新應材,,-15.973871301930217,-14.76085567149588,-1.2130156304343362,750.9520706043581,798.9855333683818,838.7319279137093,43.60790393497019,21.579553952846435,29.07477009468283,670920.45,515368118.0,799.0,705.0,-0.4424015296265276,-0.2925283667363769,0.0366713681241184,-0.0080971659919028,741.0,1.2757828976439016,813.6587759129746,757.25,700.8412240870254,0.3027789148063905,0.1489832311996689,35.416666666666664,34.08883655279593,727.4,737.4,32241154.0,32835729.25,-72.58064516129032,-55.69564255695645,42.498185131983135,781.5,863.5,,,,123357.0,1.0,-162000.0,0.0,-11299.0,0.0,,0.0,0.0,0.4195,0.1686,0.0,0.0,0.0,0,False,0,False,False,False,False,0.7764646315371666,False,False,True,False,True,True,False,False,False,False,False,False,False,False,False,False,False,False,0.0,0.0,8.707482993197278,0.0,-0.254478462833077,False,False,False,False,False,False,False,-1.0,False,4,False,False,279.7109047613748,,3,False,3,False,True,False,True,"market_above_ma60, avoid_chase, liquidity_ok, adx_trending",,close_below_ema20,-142.7,20.2,35.0,51.6,-0.36,False,124.0,D
2026-09-21,18.95,19.2,18.85,18.9,99323,1884995,4729,熒茂,,-0.2006176344444661,-0.26760699555409,0.0669893611096239,18.757786663046502,19.55773301987786,20.316471867093547,50.39628702046074,17.751773853478127,0.3874742293647957,66773.9,1253080.1,19.05,18.25,-0.1445629996907294,-0.258835082753804,0.0327868852459014,0.0026525198938991,18.85,1.0727824410204283,19.264598687400508,18.72750000000001,18.190401312599512,0.660585013561354,0.0573593578855156,71.42857142857137,69.64285714285688,18.620000000000072,18.51500000000005,39086564.0,38891907.15,-28.57142857142862,73.15233785821914,61.172382194772965,19.65,22.65,,,,35000.0,4.0,0.0,0.0,0.0,0.0,,0.0,0.0,0.1879,-0.0248,0.0,0.0,0.0,0,False,0,False,False,False,False,1.4874524327619023,False,False,False,False,True,False,True,False,False,True,False,False,False,False,False,False,True,True,-10.0,0.0,0.793650793650805,25.0,0.2557014934121288,True,False,False,True,False,False,False,-1.0,False,5,True,False,432.9429422485646,,3,False,3,False,False,False,False,"market_above_ma60, avoid_chase, foreign_buy_3d, obv_uptrend, mfi_strong",long_upper_shadow,,12.5,54.8,64.8,51.6,-0.1,False,62.0,D
2026-09-21,266.5,273.0,264.0,266.0,238085,63578174,4760,勤凱,,0.5402011044670303,0.4159420319414845,0.1242590725255458,261.5204983349378,268.7957732955218,266.0498414426846,52.86335962389238,10.952961573335909,13.061142589638504,380558.9,101045110.35,272.5,255.5,0.0498063483385323,-0.2476795242253016,0.0410958904109588,0.0018832391713747,265.5,0.6882274885685978,274.6826739050288,262.625,250.56732609497124,0.6399523667078285,0.091824265816497,61.90476190476191,46.41269841269786,261.0,262.7,34826559.0,34136580.2,-48.0,55.01669581809568,59.59454983006312,260.0,316.25,,,,-6321.0,0.0,0.0,0.0,-908.0,0.0,,0.0,0.0,0.9154,0.1311,0.0,0.0,0.0,0,False,0,True,True,False,True,0.6256193193747407,False,False,False,False,True,True,False,False,False,True,False,False,False,False,False,False,True,False,0.0,0.0,2.443609022556391,8.0,0.3392512208814184,False,False,False,True,False,False,False,-1.0,False,8,True,False,558.3272078443244,,3,False,3,False,False,False,False,"macd_golden_cross, ema60_gt_ema120, market_above_ma60, avoid_chase, liquidity_ok, hist_turn_positive, obv_uptrend, mfi_strong",long_upper_shadow,,141.7,66.0,78.0,46.8,-0.54,False,47.0,D
2026-09-21,41.0,41.35,41.0,41.35,3170610,130737397,4903,聯光通,,-0.0047590919934776,-0.4300263268027125,0.4252672348092348,36.35567657245256,37.58030808407638,38.96165694949872,65.46123678248773,11.011243155548812,1.890680429088631,1166903.3,43285375.45,38.05,33.4,-0.1154836005480046,-0.1633675122178557,0.1882183908045978,0.0997340425531914,37.6,2.226515503328669,39.760591767244485,36.32250000000003,32.88440823275558,1.2311468599963211,0.1893092032346038,100.0,75.64102564102541,36.29000000000051,35.75500000000011,161422555.0,156869537.0,-0.0,286.8731563421827,64.39042000930846,37.975,39.85,,,,654000.0,2.0,0.0,0.0,0.0,0.0,,0.0,0.0,-0.5178,-0.2066,0.0,0.0,0.0,0,False,0,False,False,True,False,2.7171146058118096,True,True,False,True,False,False,False,False,False,True,False,False,True,True,False,True,True,True,-20.0,-25.0,-7.980652962515125,25.0,1.2202737158089885,True,False,True,False,False,True,False,-1.0,False,10,True,False,706.8144306478259,,3,False,3,False,False,False,False,"volume_break, rsi_strong, breakout_20d, market_above_ma60, obv_uptrend, bb_squeeze_breakout, breakout_volume_confirm, cci_momentum, mfi_strong, above_ichimoku_cloud",gap_chase_after_blowout,,282.2,95.9,91.4,49.0,1.92,True,49.0,D
2026-09-21,79.8,79.8,76.9,77.2,25163,1951568,4905,台聯電,,-0.343603697572604,1.2906090114208186,-1.6342127089934226,81.21146874909456,77.39720584017077,73.30599402745314,43.97604774715317,8.948157525391247,4.137332524002239,35156.2,2982629.5,90.9,76.5,-1.003291191795963,,-0.0038709677419354,-0.0153061224489796,78.4,0.4771938951280288,94.61135453573908,84.39500000000025,74.17864546426142,0.1478685241966341,0.2421080522717886,13.333333333333403,21.74603174603241,77.90000000000073,80.10000000000036,-446176.0,-306281.35,-89.40397350993372,-102.41538616049029,21.06608598003924,58.25,44.25,,,,1000.0,1.0,0.0,0.0,936.0,1.0,,0.0,0.0,0.6823,-0.1183,0.0,0.0,0.0,0,False,0,False,False,False,True,0.7157485735090824,False,False,False,False,True,False,False,False,False,False,False,False,False,False,False,False,False,False,20.0,12.0,17.74611398963731,0.0,-1.1207502871228316,False,False,True,False,False,False,False,-1.0,False,4,False,False,295.7084822896169,,3,False,3,False,True,False,True,"ema60_gt_ema120, market_above_ma60, avoid_chase, above_ichimoku_cloud",,close_below_ema20,32.7,56.5,38.5,39.1,-0.24,False,46.0,D
2026-09-21,241.5,245.0,231.5,232.0,4396317,1045334640,4908,前鼎,,17.969269839209574,18.4261151769894,-0.4568453377798285,218.2625408536483,192.41577055563795,176.07635419905998,58.853979748077016,32.17836729306442,18.27832932610676,7035455.9,1554934107.5,249.0,223.0,1.5487617306220125,0.7525017316664339,0.0288248337028824,-0.0472279260780287,243.5,1.1315861609440014,265.0294650503123,219.675,174.32053494968775,0.6358741635065885,0.4129233189968114,29.78723404255319,42.198581560283856,235.6,235.95,105289814.0,108156867.7,-50.0,56.4650851987972,55.26574716259025,151.0,186.0,,,,-390636.0,0.0,0.0,0.0,-46739.0,0.0,,0.0,0.0,0.2893,-0.0148,0.0,0.0,0.0,0,False,0,False,False,True,True,0.6248801872242564,False,True,True,False,True,True,False,False,False,False,False,False,False,False,False,False,True,False,10.0,0.0,7.327586206896551,0.0,-0.4088055715967427,False,False,True,False,False,False,False,-1.0,False,8,False,False,571.3431350130817,,8,False,3,True,False,False,True,"ema60_gt_ema120, rsi_strong, market_above_ma60, avoid_chase, liquidity_ok, adx_trending, mfi_strong, above_ichimoku_cloud",,macd_death_cross,146.7,79.6,79.2,49.0,-0.56,False,49.0,D
2026-09-21,35.95,35.95,34.55,35.15,376380,13204256,4909,新復興,,-1.2238704131838745,-1.1765270450165768,-0.0473433681672976,35.94018923897828,39.481422786883584,43.942660658384405,42.702318006133154,22.886197170266165,1.320611572744837,462520.55,17706557.15,42.9,33.45,-0.98618575692223,-0.3472130320380081,0.0461309523809523,-0.0042492917847024,35.3,1.1951096031548656,41.61198747373499,36.61249999999991,31.613012526264832,0.3537350070699057,0.2731027640142078,69.81132075471689,52.62836374884015,34.4,34.514999999999965,59587993.0,60730472.3,-69.16666666666664,-48.4517304189434,33.12494457113772,38.225,43.8,,,,-48985.0,0.0,0.0,0.0,87.0,2.0,,0.0,0.0,-0.4385,-0.0421,0.0,0.0,0.0,0,False,0,False,False,False,False,0.8137584373278117,False,False,True,False,True,False,False,False,False,False,False,False,False,False,False,False,False,False,0.0,0.0,22.04836415362731,0.0,-0.4742496076231215,False,False,False,False,False,False,False,-1.0,False,3,False,False,147.44658908180065,,3,False,3,False,True,False,True,"market_above_ma60, avoid_chase, adx_trending",,close_below_ema20,-277.2,8.2,7.6,49.0,-0.34,False,49.0,D
2026-09-21,60.8,66.7,60.1,62.4,3198091,205410595,4923,力士,,1.9515215255681468,1.2601466777722057,0.6913748477959412,54.5995853839125,51.43468533066781,47.464092279238365,67.25945343532972,25.35183251635941,3.633340591415007,685792.5,39326295.0,60.8,50.9,0.4284093638111801,0.002732946020499,0.1976967370441458,0.0263157894736842,60.8,4.268907974075084,60.67575392314685,54.37499999999991,48.074246076852965,1.1368285524148802,0.231751868437589,73.45679012345677,79.24750146972353,57.09999999999964,55.71999999999989,9551018.0,3060802.05,-25.59523809523812,268.5875272121912,90.23333631181522,50.2375,53.425,,,,28786.0,6.0,0.0,0.0,-346.0,0.0,,0.0,0.0,0.2878,-0.0999,0.0,0.0,0.0,0,False,0,False,False,True,True,4.663350794883292,True,True,True,True,False,False,True,False,False,True,False,False,True,True,False,False,True,True,-10.0,-25.0,-2.5641025641025665,25.0,2.0,True,False,True,True,False,False,False,-1.0,False,12,True,False,940.633507948833,,6,False,3,False,False,False,False,"ema60_gt_ema120, volume_break, rsi_strong, breakout_20d, market_above_ma60, foreign_buy_3d, adx_trending, obv_uptrend, bb_squeeze_breakout, breakout_volume_confirm, mfi_strong, above_ichimoku_cloud",long_upper_shadow,,518.3,99.2,99.1,51.6,2.49,True,124.0,D
2026-09-21,15.35,17.05,15.3,17.05,777682,13092543,4924,欣厚-KY,,1.3244444752913296,0.8367210928541309,0.4877233824371987,12.84888154317106,11.639749988035,11.468633514102152,82.27685211278896,45.88608583605493,0.9207924906020726,381060.25,5181388.0,15.5,12.3,2.6356940697672218,0.079028446177908,0.3861788617886179,0.1,15.5,1.7273155102202329,16.277437615047106,12.220000000000004,8.162562384952903,1.0952032364081,0.664065076112455,100.0,90.66432543166532,14.960000000000036,13.815000000000056,1669242.0,716667.5,-0.0,164.70964134515543,69.25088554595884,10.71,12.17,,,,96000.0,2.0,0.0,0.0,251.0,2.0,,0.0,0.0,-0.1356,0.0196,0.0,0.0,0.0,0,False,0,False,False,True,True,2.040837374142278,True,True,True,True,False,False,False,False,False,True,False,False,False,True,False,False,True,True,-20.0,-25.0,-9.090909090909095,25.0,1.3335372644373842,True,False,True,False,False,False,False,-1.0,False,10,False,False,651.4108209146714,,8,False,3,False,False,False,False,"ema60_gt_ema120, volume_break, rsi_strong, breakout_20d, market_above_ma60, adx_trending, obv_uptrend, breakout_volume_confirm, mfi_strong, above_ichimoku_cloud",,,316.4,89.5,86.5,36.8,0.39,True,19.0,C
2026-09-21,239.0,246.0,238.0,239.5,4324057,1047177825,4931,新盛力,,-2.2537660999886384,-0.0958511424280108,-2.157914957560628,241.6866046320564,235.15784501318544,217.9498304915321,48.88383442109578,11.3142855274693,13.653906220508288,5588431.6,1422700705.85,272.5,225.0,-0.6382134337228972,0.2125827543073431,0.0345572354211662,0.0084210526315788,237.5,0.3940449430229759,270.0405678675312,246.025,222.0094321324688,0.3641506202145292,0.1952286789353212,40.24390243902439,33.333333333333336,234.2,237.45,382121054.0,382312294.35,-60.24096385542169,-44.22560429722498,51.73966502552897,224.125,223.5,,,,-722887.0,0.0,0.0,0.0,20892.0,4.0,,0.0,0.0,1.2587,0.1016,0.0,0.0,0.0,0,False,0,False,False,True,True,0.7737514403862437,False,False,False,False,True,True,False,False,False,False,False,True,False,False,False,False,True,False,0.0,0.0,13.778705636743217,0.0,-0.0099389864243548,False,False,True,True,False,False,False,-1.0,False,7,True,False,482.6182465667702,,3,False,3,False,True,False,True,"ema60_gt_ema120, market_above_ma60, avoid_chase, liquidity_ok, dealer_buy_3d, mfi_strong, above_ichimoku_cloud",long_upper_shadow,close_below_ema20,135.7,69.5,70.7,45.3,-0.33,False,95.0,D
2026-09-21,52.7,53.0,51.9,52.7,101418,5342955,4933,友輝,,-1.0947540882297062,-1.1772261260632144,0.0824720378335082,52.868581190764026,56.381876976316086,59.14052379649272,44.11954119279118,23.76918865278908,1.1004536476443725,68106.35,3615351.65,55.1,51.1,-0.4201685270649647,-0.3923301867526393,0.029296875,0.0134615384615384,52.0,1.3637780775473842,56.27065613033194,53.16500000000024,50.05934386966853,0.4251365926416063,0.1168308522648996,86.95652173913054,43.37944664031602,51.68000000000029,51.76000000000022,1977736.0,1930725.45,-54.54545454545453,-30.17076345815181,44.44528681024774,56.525000000000006,65.95,,,,51000.0,1.0,0.0,0.0,118.0,1.0,,0.0,0.0,-0.3564,-0.1716,0.0,0.0,0.0,0,False,0,True,True,False,False,1.489112248711023,False,False,True,False,True,False,False,False,False,True,False,False,False,False,False,False,False,False,-20.0,0.0,4.554079696394684,0.0,0.0722742298625345,False,False,False,False,False,False,False,-1.0,False,6,False,False,360.75841324546064,,5,False,3,False,True,False,True,"macd_golden_cross, market_above_ma60, avoid_chase, hist_turn_positive, adx_trending, obv_uptrend",,close_below_ema20,-59.7,38.7,52.6,51.6,-0.1,False,62.0,D
2026-09-21,78.8,81.4,77.7,78.8,5343710,424717316,4939,亞電,,2.66200485718349,4.471975726584773,-1.809970869401284,79.7336697298913,70.33997434094388,60.60370548470786,50.97775507087592,28.620334553762312,5.665336620324384,15631243.4,1313911718.75,93.6,77.6,-0.3135220523329469,0.7053601126089197,-0.0223325062034739,0.0063856960408683,78.3,0.3239774059856474,95.48712583142412,83.91999999999999,72.35287416857585,0.2786831372539145,0.2756703010348936,20.46783625730993,16.280148515642697,78.93999999999978,82.02999999999993,571144849.0,572433840.25,-81.77083333333333,-64.29828315974692,25.85497360047105,61.4,62.05,,,,221099.0,1.0,0.0,0.0,-3843.0,0.0,,0.0,0.0,0.4541,0.0339,0.0,0.0,0.0,0,False,0,False,False,True,True,0.3418608400659924,False,False,True,False,True,True,False,False,True,False,False,False,False,False,False,False,False,False,10.0,0.0,18.78172588832487,0.0,-0.019855092753482,False,False,True,False,False,False,False,-1.0,False,7,False,False,523.1803472876181,,3,False,3,False,True,False,True,"ema60_gt_ema120, market_above_ma60, avoid_chase, liquidity_ok, adx_trending, kd_golden_cross, above_ichimoku_cloud",,close_below_ema20,180.7,80.5,74.8,39.5,-0.81,False,185.0,D
2025-09-01,76.6,76.8,75.6,76.1,43817,3339214,4945,陞達科技,,0.1544535630075785,-0.4813199872464255,0.6357735502540041,75.04174608701535,75.89962196842147,76.60530088863594,55.79512152535174,,2.4228743169323423,102733.15,7659938.3,77.8,71.1,0.1618987951105532,,0.0353741496598638,-0.0180645161290323,77.5,1.173338283481798,78.64065696752604,74.15,69.65934303247397,0.7171174523128039,0.1211235864470946,66.66666666666667,80.44444444444446,76.81999999999998,74.73999999999998,354581.0,45698.6,-33.333333333333336,62.301447229084665,82.70950109449882,,,,False,-0.008115548278888,12000.0,2.0,0.0,0.0,0.0,0.0,0.0434896979387519,0.0,0.0,0.0,0.0,0.0,0.0,0.0,0,False,0,False,False,True,False,0.4265127663271301,False,True,False,False,True,False,False,True,False,True,False,False,False,False,False,False,True,True,0.0,0.0,2.2339027595269423,8.0,1.4852421274323708,True,False,False,False,False,False,False,-1.0,False,5,False,False,440.08803319245976,18.8,3,True,3,False,False,False,False,"rsi_strong, avoid_chase, stronger_than_market, obv_uptrend, mfi_strong",,,17.7,54.8,65.9,51.6,-0.62,False,124.0,D
2026-09-21,99.7,99.7,99.7,99.7,268662,26785575,4951,精拓科,,2.3929727563804164,0.520578058978043,1.8723946974023733,83.07458890915372,84.3739122896329,85.66458357010356,80.5535794375134,26.941850054600607,3.299192023936487,259521.8,21478056.05,90.7,79.3,0.7220775117213388,-0.1731502141475961,0.2308641975308643,0.0992282249173097,90.7,4.41126017373124,91.52086952786482,81.4,71.2791304721352,1.4040725181574754,0.2486700129696513,100.0,87.37373737373734,86.8800000000003,84.07999999999993,10665182.0,8704499.05,-0.0,422.05876719151,79.56922752269297,81.05,98.0,,,,-13000.0,0.0,0.0,0.0,35269.0,4.0,,0.0,0.0,0.0316,0.0742,0.0,0.0,0.0,0,False,0,False,False,True,False,1.0352193919740076,False,True,True,True,False,False,False,False,False,True,False,True,False,False,False,False,True,True,-20.0,-25.0,-9.027081243731192,25.0,1.5760691659676702,False,False,True,False,False,True,False,-1.0,False,8,True,False,554.2650239113522,,3,False,3,False,False,False,False,"rsi_strong, breakout_20d, market_above_ma60, adx_trending, obv_uptrend, dealer_buy_3d, mfi_strong, above_ichimoku_cloud",gap_chase_after_blowout,,131.9,66.9,77.5,51.6,-0.17,False,124.0,C
2026-09-21,568.0,573.0,559.0,567.0,692835,393691276,4966,譜瑞-KY,,-8.542275739929437,-11.488305725172168,2.946029985242731,558.4785090276226,586.3021403375209,603.5252609999199,51.27612174432155,17.9813255936858,18.394738528807565,585999.55,330762782.55,590.0,523.0,-0.337498005399183,-0.2786615759713749,0.0558659217877095,-0.0017605633802817,568.0,1.4531492900501513,597.1534665064446,559.65,522.1465334935554,0.5979909417005091,0.1340247172570164,88.46153846153847,83.25641025641016,551.0,545.7,37651383.0,37646965.1,-28.125,26.9832703723696,49.70766667598738,594.75,703.5,,,,-287631.0,0.0,0.0,0.0,6831.0,4.0,,0.0,0.0,0.0023,-0.0196,0.0,0.0,0.0,0,False,0,False,False,False,False,1.1823131946091083,False,False,False,False,False,True,False,False,False,True,False,True,False,False,False,False,False,True,-20.0,0.0,4.056437389770723,0.0,0.0009942252496405,False,False,False,True,False,False,False,-1.0,False,4,True,False,266.83506264908675,,3,False,3,False,False,False,False,"market_above_ma60, liquidity_ok, obv_uptrend, dealer_buy_3d",long_upper_shadow,,-155.5,16.9,31.0,51.6,-0.07,False,124.0,D
2026-09-21,597.0,598.0,575.0,581.0,1637221,957006589,4971,IET-KY,,12.441896693936885,19.7978756847031,-7.355978990766218,569.6794918179935,543.4358405039802,525.2865540030485,52.93349869148868,17.45071255801695,44.6060358812686,2640650.35,1648833023.55,669.0,522.0,-0.230421144287615,0.7273264466972074,0.0941619585687383,-0.018581081081081,592.0,0.825471029022878,663.984027019976,587.3,510.615972980024,0.458922345077425,0.2611409059083127,42.36111111111112,38.88888888888869,564.8,573.1,149764598.0,151593503.8,-70.3883495145631,-8.279966362636625,46.43859902092284,450.625,574.5,,,,-244619.0,0.0,0.0,0.0,988.0,2.0,,0.0,0.0,0.3303,0.0091,0.0,0.0,0.0,0,False,0,False,False,True,True,0.620006734325883,False,False,False,False,False,True,False,False,False,False,False,False,False,False,False,False,False,False,0.0,0.0,15.146299483648882,0.0,-0.2276328907142547,False,False,True,False,False,False,False,-1.0,False,4,False,False,273.4684726546878,,3,False,3,False,False,False,False,"ema60_gt_ema120, market_above_ma60, liquidity_ok, above_ichimoku_cloud",,,-148.9,18.5,33.0,51.6,-0.48,False,124.0,D
2026-09-21,16.3,17.05,16.3,16.4,46830,768981,4972,湯石照明,,-0.0980409167012688,-0.0787956422674359,-0.0192452744338328,16.434153967350646,16.59371351688529,16.80526823929088,44.96290896715984,11.56029917681108,0.2212707537858894,17155.45,282550.7,16.8,16.2,-0.1916826109746286,-0.0605910696645079,0.0092307692307691,0.0061349693251533,16.3,2.0444611283252,16.921353838949557,16.507499999999936,16.093646161050316,0.3701232296494125,0.0501413101862331,27.77777777777771,19.259259259259125,16.26999999999989,16.32499999999991,168896.0,155189.95,-72.22222222222229,30.63457330415612,43.54861184087487,16.6,17.075,,,,0.0,0.0,0.0,0.0,-140.0,0.0,,0.0,0.0,0.2262,-0.1164,0.0,0.0,0.0,0,False,0,False,False,False,False,2.729744774984043,True,False,False,False,True,False,False,False,False,True,False,False,False,False,False,False,False,False,10.0,0.0,2.439024390243916,8.0,0.3156527125341722,False,False,False,True,False,False,False,-1.0,False,4,True,False,264.08528030025053,,3,False,3,False,True,False,True,"volume_break, market_above_ma60, avoid_chase, obv_uptrend",long_upper_shadow,close_below_ema20,-156.4,17.7,30.3,51.6,0.73,False,62.0,D
2026-09-21,140.5,141.5,138.5,138.5,504335,70405910,4973,廣穎,,-3.850606095280739,-2.889038417297084,-0.9615676779836552,144.329176598731,146.08953582821374,131.99884930292205,40.0291582885436,18.97755197538768,5.412417602418516,836554.35,124106884.75,157.5,135.0,-0.7533567824742439,-0.1555148732306423,0.0036231884057971,-0.0071684587813619,139.5,0.6126785242557222,159.97961176131554,146.425,132.87038823868448,0.2076640725845895,0.1851406762686088,21.875,20.80518018018059,138.0,140.6,338328750.0,341779083.3,-84.44444444444444,-79.72972972972974,19.66790325512197,147.875,167.75,,,,-29755.0,0.0,0.0,0.0,-3248.0,0.0,,0.0,0.0,2.0403,-0.0066,0.0,0.0,0.0,0,False,0,False,False,False,True,0.6028717679849492,False,False,False,False,True,True,False,False,False,False,False,False,False,False,False,False,False,False,10.0,0.0,13.718411552346572,0.0,-0.9038502750068635,False,False,False,False,False,False,False,-1.0,False,4,False,False,255.1825143797672,,3,False,3,False,True,False,True,"ema60_gt_ema120, market_above_ma60, avoid_chase, liquidity_ok",,close_below_ema20,-167.2,13.7,28.2,51.6,-0.49,False,124.0,D
2026-09-21,71.5,72.0,71.0,71.4,78909,5636201,4974,亞泰,,0.5373194958493315,0.5798468582925144,-0.0425273624431828,70.78529080269108,70.43954458159693,71.17842682759394,53.77751570215049,21.29337178911271,1.41671428091615,167039.7,11958132.25,74.5,70.3,0.2295259202416119,0.0515635487827846,0.0084745762711866,-0.0055710306406684,71.8,0.7790946523105304,73.71859984230753,70.67499999999981,67.6314001576921,0.6191023849328505,0.0861294614024116,25.45454545454556,23.0303030303027,70.97999999999956,71.53999999999978,9215270.0,9151164.85,-57.74647887323941,46.53331468270606,73.43353352285183,67.975,71.4,,,,-20000.0,0.0,0.0,0.0,-18.0,0.0,,0.0,0.0,0.3955,0.1132,0.0,0.0,0.0,0,False,0,False,False,True,False,0.472396681746914,False,False,True,False,True,False,False,False,False,True,False,False,False,False,False,False,True,False,10.0,0.0,4.341736694677863,0.0,0.2013780854565338,False,False,False,True,False,False,False,-1.0,False,5,True,False,377.1405038429476,,5,False,3,False,False,False,False,"market_above_ma60, avoid_chase, adx_trending, obv_uptrend, mfi_strong",long_upper_shadow,,34.6,58.4,55.3,39.5,-0.63,False,185.0,D
2026-09-21,616.0,650.0,609.0,618.0,14728528,9250445436,4979,華星光,,12.833650127963097,15.57261680415494,-2.7389666761918434,571.0728049999589,536.0629201439889,500.8261881515508,57.94992603025512,18.06974763795969,42.68591932498781,9493484.7,5765155034.7,629.0,509.0,-0.4581834049858479,0.7855351260634166,0.129798903107861,0.0114566284779051,611.0,1.0616108408491394,653.7526514618928,587.75,521.7473485381072,0.7291574605716037,0.2245943052722852,74.52229299363057,59.872611464967726,568.2,570.5,833843201.0,800732507.2,-25.477707006369428,88.09135399673744,71.54146144241919,493.875,505.75,,,,-584009.0,0.0,715000.0,2.0,-23429.0,0.0,,0.0,0.0,0.3745,0.0729,0.0,0.0,0.0,0,False,0,False,False,True,True,1.551435375463343,True,True,False,False,False,True,False,False,False,True,True,False,False,False,False,False,True,False,-10.0,0.0,1.779935275080906,15.0,0.860481277260276,False,True,True,True,False,False,False,-1.0,False,9,True,False,680.8401290817568,,3,False,3,False,False,False,False,"ema60_gt_ema120, volume_break, rsi_strong, market_above_ma60, liquidity_ok, obv_uptrend, invest_trust_buy_2d, mfi_strong, above_ichimoku_cloud",long_upper_shadow,,256.2,87.8,89.2,49.0,0.54,False,49.0,D
2026-05-20,81.6,81.6,81.5,81.6,22181,1809242,4987,科誠,,0.1397501720613263,0.1806316362851156,-0.0408814642237893,81.4685916475794,80.26072640734888,78.237840117017,55.06265672430238,23.90759680535568,0.2571813841371059,29540.6,2406936.25,81.6,81.5,0.0054434544306554,0.0206308058812854,0.0012269938650306,0.0012269938650306,81.5,2.036416115787776,81.62289826126377,81.50500000000002,81.38710173873628,0.9028897414672156,0.0028930313787803,100.0,33.333333333333336,81.56000000000022,81.53000000000011,1995867.0,1984340.95,-33.33333333333649,86.95652173915192,51.954578012368366,81.65,41.7,82638.76516666674,True,-0.0327178554965355,0.0,0.0,0.0,0.0,-2.0,0.0,0.0339448493615661,0.0,0.0,0.0,0.0,0.0,0.0,0.0,0,False,0,False,False,True,True,0.750864911342356,False,True,True,False,True,False,False,True,False,True,False,False,False,False,False,False,True,True,-20.0,-25.0,0.0,25.0,0.1976144743857274,False,False,False,False,False,False,False,-1.0,False,8,False,False,584.8800228060522,13.1,5,False,3,False,False,False,False,"ema60_gt_ema120, rsi_strong, market_above_ma60, avoid_chase, adx_trending, stronger_than_market, obv_uptrend, mfi_strong",,,238.0,83.2,80.7,45.3,-0.35,False,95.0,D
2026-09-21,480.0,508.0,478.0,498.0,8186923,4051887722,4991,環宇-KY,,-5.112696192540625,-2.2834431601331,-2.8292530324075256,472.1588317191873,483.9134592552333,475.4795774904568,54.53440669004871,12.562159527520048,35.62424895159592,5004122.9,2480058304.65,544.0,418.0,-0.7514036152212535,0.1283646531430904,0.1191011235955055,0.0506329113924051,474.0,1.5701139004477918,560.6019679889091,485.175,409.7480320110909,0.5850160117922664,0.3109268531515807,78.64077669902913,49.19093851132675,449.8,462.25,-20924972.0,-31123512.25,-43.35664335664335,20.855807263574523,35.668776054085654,446.25,547.0,,,,59308.0,2.0,0.0,0.0,-3497.0,0.0,,0.0,0.0,0.4562,0.8031,0.0,0.0,0.0,0,False,0,False,False,True,True,1.6360355577997494,True,False,False,False,False,True,False,False,False,True,False,False,False,False,False,False,False,False,-10.0,0.0,9.236947791164658,0.0,0.8706725886533424,True,False,False,False,False,False,False,-1.0,False,5,False,False,361.8084266418376,,3,False,3,False,False,False,False,"ema60_gt_ema120, volume_break, market_above_ma60, liquidity_ok, obv_uptrend",,,-60.6,38.7,52.8,51.6,0.27,False,124.0,D
2026-09-21,51.2,51.5,50.4,50.7,7928,404448,4995,晶達,,0.57413491290324,0.599788540029444,-0.025653627126204,50.3359255005781,48.68553489088447,47.01451586723491,54.71887607481614,13.835771240626912,1.193767700314306,25105.35,1264825.65,51.9,49.6,0.1504334569361887,0.2299353851862371,-0.009765625,-0.0078277886497064,51.1,2.14798873692679,51.71958479910429,50.35750000000007,48.995415200895856,0.6257263865748951,0.0540966012651229,58.69565217391309,60.14492753623199,51.12000000000008,50.70000000000018,963419.0,873836.7,-41.30434782608691,72.62455059065302,69.66554294408485,48.8625,48.25,,,,0.0,0.0,0.0,0.0,-1000.0,0.0,,0.0,0.0,0.4713,-0.1235,0.0,0.0,0.0,0,False,0,False,False,True,True,0.3157892640413298,False,False,False,False,True,False,False,False,False,True,False,False,False,False,False,False,True,True,0.0,0.0,2.3668639053254354,8.0,0.3289432487332482,False,False,True,False,False,False,False,-1.0,False,6,False,False,445.1052116252123,,3,True,3,True,False,False,True,"ema60_gt_ema120, market_above_ma60, avoid_chase, obv_uptrend, mfi_strong, above_ichimoku_cloud",,macd_death_cross,24.6,59.7,66.6,51.6,-0.88,False,62.0,D
2026-09-21,17.3,17.8,17.3,17.3,12312,216354,5205,中茂,,-2.2961497908823567,-1.996114352383528,-0.3000354384988293,13.95865214953491,17.916266851524078,19.89550013108538,51.13881582446903,14.685993669911554,7.987079466326268,2524.15,48619.1,20.6,0.0,,,-0.1240506329113924,inf,0.0,0.0005057273623789,32.00042652223658,13.829999999999972,-4.340426522236633,0.5954848251843046,2.627682794249695,86.28428927680798,28.761429758935872,10.929999999999929,13.389999999999963,28701.0,14464.1,-16.019417475728158,29.386529386529407,80.74254956071641,16.3125,13.15,,,,0.0,0.0,0.0,0.0,0.0,0.0,,0.0,0.0,26.1752,11.3074,0.0,0.0,0.0,0,False,0,False,False,False,False,4.877681595784719,True,False,False,False,True,False,False,False,False,True,False,False,False,False,True,False,True,False,-20.0,0.0,19.07514450867053,0.0,0.6242264003190894,False,False,True,False,False,False,False,-1.0,False,7,False,False,486.2675327616763,,3,False,3,False,False,False,False,"volume_break, market_above_ma60, avoid_chase, obv_uptrend, williams_r_recovery, mfi_strong, above_ichimoku_cloud",,,151.3,78.9,71.0,36.8,2.53,False,19.0,D
2026-09-21,19.9,19.9,19.8,19.9,22198,440686,5220,萬達光電,,-0.1140590072237479,-0.1617347956555914,0.0476757884318434,19.816002290706106,20.19941771357817,20.275356562329826,50.50319145039828,30.10256184886357,0.346235075056643,20429.65,402226.0,20.05,19.55,-0.061921932793632,-0.1216179204532681,0.0101522842639594,0.0075949367088605,19.75,0.9890316391221357,20.088104249810733,19.777499999999964,19.466895750189195,0.6971962715813862,0.0314098596699046,81.24999999999974,66.66666666666667,19.779999999999927,19.7,2496349.0,2430147.15,-28.57142857142862,63.94557823129423,54.91531950043205,20.35,21.55,,,,-5000.0,0.0,0.0,0.0,0.0,0.0,,0.0,0.0,0.7254,-0.0197,0.0,0.0,0.0,0,False,0,False,False,False,False,1.0865580173913894,False,False,True,False,True,False,False,False,False,True,False,False,False,False,False,False,True,True,-20.0,0.0,0.7537688442211162,25.0,0.6547512258191777,False,False,False,False,False,False,False,-1.0,False,5,False,False,413.722594883744,,5,True,3,False,False,False,False,"market_above_ma60, avoid_chase, adx_trending, obv_uptrend, mfi_strong",,,-6.8,48.4,61.0,51.6,-0.37,False,62.0,D
2026-09-21,22.5,22.9,22.5,22.7,19011,431150,5223,安力-KY,,-0.1803943106902146,-0.1346957625327025,-0.045698548157512,23.196441185744856,23.72164195394362,24.54878557721697,42.3459451979038,14.083783017270312,0.5019731305975903,23249.25,551925.9,24.7,22.8,-0.1705688833788002,-0.116461717016052,-0.0319829424307036,-0.0151843817787419,23.05,0.2220600250558309,24.106681412073065,23.28249999999998,22.458318587926897,0.1466190625830757,0.0707983603198183,12.90322580645156,13.634408602150264,22.92999999999993,23.014999999999965,304777.0,365888.75,-93.22033898305088,-131.73541434410964,33.59961491791856,23.35,24.15,,,,-1000.0,0.0,0.0,0.0,-11.0,0.0,,0.0,0.0,0.0653,-0.0822,0.0,0.0,0.0,0,False,0,False,False,False,False,0.817703796896674,False,False,False,False,True,False,False,False,False,False,False,False,False,False,False,False,False,False,20.0,12.0,8.81057268722467,0.0,-0.4199126485591298,False,False,False,False,False,False,False,-1.0,False,2,False,False,145.1380861862572,,3,False,3,False,True,True,True,"market_above_ma60, avoid_chase",,"close_below_ema20, close_below_swing_low",-201.8,5.3,7.2,45.3,-0.3,False,95.0,D
2026-09-21,31.8,32.45,30.55,30.85,183406,5752489,5227,立凱-KY,,-0.4779881541299957,-0.7667658253696952,0.2887776712396994,31.087063305050275,31.67785947162072,30.550924882203685,47.800665219327165,11.63186430924927,1.6411864598942134,274210.25,8457867.55,32.7,29.1,-0.0470418481327625,-0.2771670251556329,0.0457627118644068,-0.0237341772151898,31.6,1.1712035833050756,32.5539624796641,30.675000000000047,28.796037520336,0.5465682529305331,0.1225077411353904,47.29729729729736,70.74442863916556,31.13000000000011,30.530000000000108,7025765.0,6756332.5,-51.31578947368413,60.606060606060346,56.32036077225449,35.375,35.05,,,,9280.0,1.0,0.0,0.0,0.0,0.0,,0.0,0.0,-0.8549,0.25,0.0,0.0,0.0,0,False,0,False,False,False,True,0.6688517296490558,False,False,False,False,True,False,False,False,False,True,False,False,False,False,False,False,True,True,0.0,0.0,5.996758508914104,0.0,0.1573250263874256,False,False,False,False,False,False,False,-1.0,False,5,False,False,288.57641761313965,,3,True,3,False,True,False,True,"ema60_gt_ema120, market_above_ma60, avoid_chase, obv_uptrend, mfi_strong",,close_below_ema20,-53.9,34.1,36.8,39.5,-0.38,False,185.0,D
2026-09-21,41.35,41.75,40.5,40.55,137328,5616131,5228,鈺鎧,,-0.8769450944493968,-0.9877184644691838,0.1107733700197869,40.68697178896208,43.6558321063229,42.57153581699177,47.45631684067336,12.400341821685975,2.039081234618452,259677.55,10733526.5,43.35,38.8,-0.2483311276996539,-0.641003634589558,0.0265822784810125,0.0049566294919454,40.35,1.3225391602715166,43.19686987962725,40.71749999999997,38.238130120372695,0.466221256179583,0.1217839935962315,63.013698630136936,38.16273066380745,39.619999999999706,40.09499999999989,50313012.0,50083828.0,-65.92592592592597,3.344481605350502,53.37819423106609,43.925,57.775000000000006,,,,11000.0,6.0,0.0,0.0,0.0,0.0,,0.0,0.0,0.7025,-0.0892,0.0,0.0,0.0,0,False,0,False,False,False,True,0.5288404792790136,False,False,False,False,True,False,True,False,False,True,False,False,False,False,False,False,True,False,0.0,0.0,6.905055487053032,0.0,0.1201526578285721,True,False,False,False,True,False,False,-1.0,False,6,True,False,451.730236686733,,3,False,3,False,True,False,True,"ema60_gt_ema120, market_above_ma60, avoid_chase, foreign_buy_3d, obv_uptrend, mfi_strong",open_high_close_low,close_below_ema20,109.2,71.9,67.3,39.5,-0.56,False,185.0,D
2026-09-21,20.35,22.5,20.1,21.15,3028581,64812462,5230,雷笛克光學,,0.4921699293592958,0.204062103168865,0.2881078261904307,18.747490111799024,18.42967827368741,18.27990218611796,74.29676985279072,24.961652615056384,0.8390782784402306,528082.85,10471620.05,20.55,17.8,0.6127217187757716,-0.1608603740720467,0.146341463414634,0.0291970802919707,20.55,7.107678235039355,20.290596532091428,18.472499999999947,16.654403467908466,1.2363470400881136,0.1968435817665704,68.60465116279067,75.71374550954776,19.46999999999989,19.09999999999991,11522883.0,5677308.25,-25.96153846153849,301.64081816138423,85.19207105124309,18.375,20.65,,,,-153983.0,0.0,0.0,0.0,8012.0,2.0,,0.0,0.0,0.2042,0.0322,0.0,0.0,0.0,0,False,0,False,False,True,True,5.735048960593968,True,True,True,True,False,False,False,False,False,True,False,False,True,True,False,False,True,True,0.0,-25.0,-2.836879432624104,25.0,2.0,False,False,True,False,False,False,False,-1.0,False,11,False,False,879.0,,3,False,3,False,False,False,False,"ema60_gt_ema120, volume_break, rsi_strong, breakout_20d, market_above_ma60, adx_trending, obv_uptrend, bb_squeeze_breakout, breakout_volume_confirm, mfi_strong, above_ichimoku_cloud",,,458.5,98.4,98.5,51.6,2.73,True,62.0,D
2026-09-21,20.7,20.85,20.55,20.65,123320,2550277,5245,智晶,,-0.5188371610515219,-0.3366451188051067,-0.1821920422464151,21.815943257578493,22.99023150930042,23.982017506533825,43.57301789289205,7.189221481363482,1.373065174799914,48525.55,1058725.2,23.6,20.7,-0.7317790436618794,,-0.0505747126436781,-0.002415458937198,20.7,1.6229782808945887,24.327771446035587,22.34750000000004,20.367228553964484,0.0713971427002129,0.1772253223882356,3.773584905660299,5.0314465408804,20.81999999999989,21.54499999999989,-4635629.0,-4207646.3,-96.8253968253969,-146.86416640403405,10.169578425412652,23.875,25.975,,,,26000.0,16.0,0.0,0.0,-45151.0,0.0,,0.0,0.0,0.4666,-0.0431,0.0,0.0,0.0,0,False,0,False,False,False,False,2.5413416231243127,True,False,False,False,True,False,True,False,False,False,False,False,False,False,False,False,False,False,20.0,25.0,14.285714285714302,0.0,-1.6824721123655095,True,False,False,True,False,False,False,-1.0,False,4,True,False,300.22375088285696,,3,False,3,False,True,True,True,"volume_break, market_above_ma60, avoid_chase, foreign_buy_3d",long_upper_shadow,"close_below_ema20, close_below_swing_low",-120.2,24.2,39.4,51.6,0.6,False,62.0,D
2026-09-21,31.9,32.95,31.15,31.7,748960,23807710,5251,天鉞電,,1.163144701524491,0.457975497844556,0.7051692036799349,27.74395718117863,27.452422478246973,28.85348848128848,78.75710996722222,31.659625100923847,1.2581250225427103,330517.65,9993953.7,31.7,25.45,0.982387881254498,-0.1790655629112277,0.1962264150943395,0.0,31.7,4.870891273699637,31.202505248950523,27.034999999999947,22.86749475104937,1.0596873574634071,0.3083044386129524,83.87096774193544,79.13407874556954,30.48000000000029,28.120000000000072,-10114996.0,-13509924.5,-16.129032258064555,190.3372243839169,88.03748991042875,26.4125,30.1,,,,-7000.0,0.0,0.0,0.0,-583.0,0.0,,0.0,0.0,0.0969,0.2407,0.0,0.0,0.0,0,False,0,False,False,True,False,2.266021194329561,True,True,True,False,False,False,False,False,False,True,False,False,False,False,False,False,True,True,-20.0,-25.0,0.0,25.0,2.0,False,False,True,True,False,False,False,-1.0,False,7,True,False,486.6602119432956,,8,False,3,False,False,False,False,"volume_break, rsi_strong, market_above_ma60, adx_trending, obv_uptrend, mfi_strong, above_ichimoku_cloud",long_upper_shadow,,66.2,66.1,71.2,51.6,0.42,False,62.0,D
2026-09-21,16.8,17.2,16.8,17.1,121501,2074652,5272,笙科,,-0.2585531296340697,-0.328599214978014,0.0700460853439442,16.99983546441096,18.14937441289688,19.362470423906046,48.57425578586447,18.834177951239173,0.3773308710243876,55351.8,935882.15,17.35,16.5,-0.1672231698910873,-0.3923235628882208,0.0178571428571427,0.0178571428571427,16.8,0.7331810201774849,17.428198400252366,16.962500000000045,16.496801599747723,0.6476277349519102,0.0549091702581954,88.88888888888911,66.88453159041335,16.75000000000018,16.82000000000007,15556777.0,15476081.8,-23.809523809523792,31.26897389192601,43.0855740283988,18.4375,19.95,,,,27000.0,1.0,0.0,0.0,-2.0,0.0,,0.0,0.0,0.5769,-0.0051,0.0,0.0,0.0,0,False,0,False,False,False,False,2.1950686337210352,True,False,False,False,True,False,False,False,False,True,False,False,False,False,False,False,False,False,-20.0,0.0,1.461988304093567,15.0,0.2395455225205951,False,False,False,False,False,False,False,-1.0,False,4,False,False,284.8252326074575,,3,False,3,False,False,False,False,"volume_break, market_above_ma60, avoid_chase, obv_uptrend",,,-137.5,21.0,36.5,51.6,0.68,False,124.0,D
2026-09-21,19400.0,19820.0,19200.0,19820.0,160938,3139913885,5274,信驊,,759.5924411079723,646.3554988997078,113.23694220826452,17898.90685548577,16745.77744246633,15428.816968857866,66.7567035964916,20.688972987014488,1028.2610851821682,336875.75,5948989303.15,19290.0,17520.0,1.1173016146353083,0.4323864581975326,0.1023359288097887,0.0274753758424053,19290.0,0.7726402955135857,20356.797440456285,17650.75,14944.702559543715,0.9008152199346195,0.306621241642002,100.0,74.28571428571438,18631.0,18554.5,12206370.0,10640591.5,-0.0,118.30335201022316,68.19205982558121,16083.75,15880.0,,,,16526.0,1.0,11500.0,4.0,845.0,2.0,,0.0,0.0,1.1842,0.0669,0.0,0.0,0.0,0,False,0,False,False,True,True,0.4777369697878224,False,True,True,True,False,True,False,False,False,True,True,False,False,False,False,False,True,True,-20.0,-25.0,-2.674066599394551,25.0,1.162204519270972,False,True,True,False,False,False,False,-1.0,False,10,False,False,748.7238239291299,,3,False,3,False,False,False,False,"ema60_gt_ema120, rsi_strong, breakout_20d, market_above_ma60, liquidity_ok, adx_trending, obv_uptrend, invest_trust_buy_2d, mfi_strong, above_ichimoku_cloud",,,326.4,91.1,94.2,51.6,-0.58,False,124.0,D
2026-09-21,23.8,24.1,23.7,23.85,37737,900576,5278,尚凡,,-0.1859304088186597,-0.1582232246983144,-0.0277071841203453,23.961596637943767,24.194027843636515,24.928840870280183,45.774011863449,13.54214138546092,0.4215475437539145,71623.0,1725527.35,24.9,23.25,-0.2511256991221767,-0.0409861559763175,0.0148936170212765,0.0,23.85,0.4342802701872633,24.90415619759621,24.07499999999996,23.24584380240369,0.3643198949412473,0.0688810963735208,76.1904761904762,71.86147186147173,23.620000000000253,23.73000000000011,-10517532.0,-10367637.9,-48.38709677419352,-38.393574297188,58.41502826598046,24.3125,24.15,,,,13000.0,3.0,0.0,0.0,0.0,0.0,,0.0,0.0,0.2525,0.0353,0.0,0.0,0.0,0,False,0,False,False,False,False,0.5268838222358739,False,False,False,False,True,False,True,False,False,False,False,False,False,False,False,False,True,False,-10.0,0.0,4.402515723270428,0.0,-0.3837817011616091,True,False,False,True,False,False,False,-1.0,False,4,True,False,300.6634578084194,,3,False,3,False,True,False,True,"market_above_ma60, avoid_chase, foreign_buy_3d, mfi_strong",long_upper_shadow,close_below_ema20,-57.6,29.6,39.6,48.1,-0.52,False,27.0,D
2026-09-21,138.0,138.0,136.5,137.0,48642,6670658,5287,數字,,-2.83376871010222,-3.3042514688937894,0.4704827587915696,138.5987255059334,144.13135885559413,149.37325138738038,40.46354463427418,35.62382625965046,1.8482837936701888,95764.75,13280261.1,155.5,134.5,-0.3592673035718075,-0.1820033441842836,0.0185873605947954,-0.0143884892086331,139.0,2.168119346397148,149.2952163963966,137.8,126.30478360360344,0.4652029169172149,0.1668391349259301,60.0,80.0,136.3,135.7,-3587021.0,-3647424.25,-40.0,-11.013929381276276,47.429396572695495,151.125,150.25,,,,-22000.0,0.0,6437.0,5.0,-28.0,0.0,,0.0,0.0,0.0231,0.0316,0.0,0.0,0.0,0,False,0,False,False,False,False,0.5079321984341838,False,False,True,False,True,False,False,False,False,True,True,False,False,False,False,False,False,True,0.0,0.0,13.503649635036496,0.0,0.1856662357149779,False,True,False,False,False,False,False,-1.0,False,5,False,False,437.3073168129216,,5,False,3,False,True,False,True,"market_above_ma60, avoid_chase, adx_trending, obv_uptrend, invest_trust_buy_2d",,close_below_ema20,79.0,63.0,65.3,48.1,-0.54,False,27.0,D
2026-09-21,1330.0,1335.0,1295.0,1295.0,1215534,1593346050,5289,宜鼎,,-48.68874980718829,-42.144473456364906,-6.544276350823381,1353.7055141905928,1423.0084198989189,1360.4230205852318,41.02643301048517,20.11480483009125,67.65542879146895,1480337.25,2061156270.75,1570.0,1260.0,-0.95307846198918,-0.1924746601911652,0.003875968992248,-0.0152091254752851,1315.0,0.8079921711248702,1534.5546062097287,1372.0,1209.4453937902713,0.2631565115397153,0.2369600673611205,35.483870967741936,27.27511146079208,1288.0,1304.0,177923271.0,182129893.8,-74.4186046511628,-63.78460371634448,27.127031824651382,1447.5,1557.5,,,,25700.0,2.0,-5000.0,0.0,-19795.0,0.0,,0.0,0.0,5.7629,0.0218,0.0,0.0,0.0,0,False,0,False,False,False,True,0.8211196468912743,False,False,True,False,True,True,False,False,False,False,False,False,False,False,False,False,False,False,0.0,0.0,21.23552123552124,0.0,-0.7904660818757556,True,False,False,False,False,False,False,-1.0,False,5,False,False,353.7256034864037,,3,False,3,False,True,False,True,"ema60_gt_ema120, market_above_ma60, avoid_chase, liquidity_ok, adx_trending",,close_below_ema20,6.8,52.6,51.0,45.3,-0.3,False,95.0,D
2026-09-21,58.2,59.0,57.8,58.4,255749,14909221,5291,邑昇,,-0.2186875738851341,0.9093845391138548,-1.1280721129989888,60.456515607977366,59.59530647818448,57.79873793426295,45.053396868579874,17.673542084550377,3.0161427683380126,1409462.65,93875779.25,72.4,56.7,-0.8489014553748361,0.2936980379865423,0.0156521739130435,0.0017152658662091,58.3,0.1704811743691776,73.50444714747249,63.28500000000004,53.06555285252759,0.2609948987696348,0.3229658575483114,28.358208955223848,18.46287346808033,57.96000000000022,59.51000000000003,49154095.0,49854411.7,-88.62275449101797,-69.3000693000693,6.224240316868745,51.1375,57.05,,,,23000.0,1.0,0.0,0.0,-364.0,0.0,,0.0,0.0,0.6141,-0.2182,0.0,0.0,0.0,0,False,0,False,False,False,True,0.181451420511214,False,False,False,False,True,True,False,False,False,False,False,False,False,False,False,False,False,False,10.0,0.0,23.97260273972604,0.0,-0.0989178068233452,False,False,True,True,False,False,False,-1.0,False,5,True,False,340.627500523232,,3,False,3,False,True,False,True,"ema60_gt_ema120, market_above_ma60, avoid_chase, liquidity_ok, above_ichimoku_cloud",long_upper_shadow,close_below_ema20,-1.9,49.7,47.9,39.5,-1.02,False,185.0,X
2026-09-21,97.7,97.8,96.0,96.2,127572,12286642,5299,杰力,,-1.5222440669455466,-1.962148130996498,0.4399040640509515,95.86854857058756,99.3081808616402,97.53408132783014,48.76001284897447,9.205631436675157,3.012447761216713,203053.9,19710013.95,101.0,91.8,-0.3269583471782993,-0.3967550826720801,0.0344086021505376,-0.0051706308169596,96.7,1.044487228021901,101.28409272180528,95.8699999999997,90.45590727819412,0.5304760203562088,0.1129465468197682,76.11940298507473,75.16216386422275,94.84000000000016,93.73999999999978,13299337.0,13278507.9,-35.443037974683484,17.265835167522336,53.67628210843889,105.175,113.85,,,,43078.0,4.0,0.0,0.0,478.0,1.0,,0.0,0.0,-0.0324,-0.0199,0.0,0.0,0.0,0,False,0,False,False,False,True,0.628266681900717,False,False,False,False,True,False,True,False,False,True,False,False,False,False,False,False,True,True,-10.0,0.0,4.989604989604986,0.0,0.0083838790996007,True,False,False,False,False,False,False,-1.0,False,6,False,False,416.3832733682024,,3,True,3,False,False,False,False,"ema60_gt_ema120, market_above_ma60, avoid_chase, foreign_buy_3d, obv_uptrend, mfi_strong",,,-6.0,47.6,61.3,51.6,-0.47,False,124.0,D
2026-09-21,9.71,9.85,9.71,9.85,203219,1989399,5302,太欣,,-0.2555878795914506,-0.2585122666383008,0.0029243870468502,10.02619937265724,10.591263237735191,10.790479646048746,41.04058720586725,23.263455557599723,0.2641491897729677,282511.85,2836793.2,10.55,9.6,-0.482980292821635,-0.4857215750219522,0.0196687370600414,0.0102564102564102,9.75,0.4886318453302283,10.695496597272149,10.07099999999996,9.44650340272777,0.3230574826465904,0.1240187860733178,61.53846153846143,38.284052717042265,9.727999999999977,9.791999999999916,6255049.0,7380794.55,-67.0103092783505,-60.22393738449817,29.51759954587609,11.3125,12.775,,,,35000.0,2.0,0.0,0.0,-139.0,0.0,,0.0,0.0,-0.3562,-0.7024,0.0,0.0,0.0,0,False,0,True,True,False,False,0.7193291184068916,False,False,True,False,True,False,False,False,False,False,False,False,False,False,False,False,False,False,0.0,0.0,7.106598984771585,0.0,-0.2043206791702294,True,False,False,False,False,False,False,-1.0,False,5,False,False,314.7414430340262,,5,False,3,False,True,False,True,"macd_golden_cross, market_above_ma60, avoid_chase, hist_turn_positive, adx_trending",,close_below_ema20,-107.6,26.6,42.0,51.6,-0.41,False,124.0,D
2026-09-21,51.9,52.4,51.2,52.1,916116,47586500,5309,系統電,,-0.8330567803981594,-1.0410322780331205,0.2079754976349608,51.47820534427002,54.7009536095896,57.59651972011199,50.6591884714886,20.901090207048348,1.509082091152863,1044333.15,54642962.9,54.7,49.2,-0.3713727968612981,-0.3457513128402792,0.0589430894308942,0.0116504854368932,51.5,0.9539144452327843,54.838259713373645,51.65000000000009,48.46174028662654,0.5705714152006389,0.1234563296562845,93.10344827586216,68.41766032871419,50.78999999999942,50.46999999999971,1062972034.0,1062797333.95,-24.299065420560687,10.420130805896935,37.41276036286607,53.9375,64.25,,,,114000.0,4.0,0.0,0.0,2550.0,2.0,,0.0,0.0,0.2755,0.0268,0.0,0.0,0.0,0,False,0,False,False,False,False,0.8772258163020105,False,False,True,False,False,True,True,False,False,True,False,False,False,False,False,False,False,True,-20.0,0.0,4.990403071017277,0.0,0.0354887750978951,True,False,False,False,False,False,False,-1.0,False,5,False,False,404.1981234641949,,5,False,3,False,False,False,False,"market_above_ma60, liquidity_ok, foreign_buy_3d, adx_trending, obv_uptrend",,,61.7,63.2,59.1,39.5,-0.1,False,185.0,D
2026-09-21,31.7,32.25,29.05,29.05,137060788,4206424791,5314,世紀*,,-2.9694582142256394,-2.759595281067265,-0.2098629331583743,35.263019541736504,44.66109503588853,55.537818743983216,40.75431962032537,16.595416480380123,3.769363332120536,25869609.85,879345644.8,46.8,27.75,-0.386833094423152,-1.586352152723744,-0.2345191040843215,-0.0475409836065573,30.5,6.632413830302204,44.55350948494036,35.117500000000106,25.68149051505985,0.1784922689149608,0.5373964254255132,6.8241469816273,7.086614173228251,30.45999999999985,36.04500000000007,219741248.0,246814871.65,-93.17585301837268,-94.01990236575293,78.61075615555612,41.27499999999999,45.6,,,,-8859171.0,0.0,0.0,0.0,-701209.0,0.0,,0.0,0.0,1.0252,-0.1582,0.0,0.0,0.0,0,False,0,False,False,False,False,5.298138966715031,True,False,False,False,True,True,False,False,False,False,False,False,False,False,False,False,True,False,20.0,12.0,61.101549053356266,0.0,-0.8383140998946561,False,False,False,False,True,True,False,-1.0,False,5,True,False,391.94023080126414,,3,False,3,False,True,False,True,"volume_break, market_above_ma60, avoid_chase, liquidity_ok, mfi_strong","open_high_close_low, gap_chase_after_blowout",close_below_ema20,-30.4,42.7,57.5,51.6,2.96,False,124.0,D
2026-09-21,72.3,73.3,69.2,70.3,338168,23939986,5321,美而快,,0.6603799235046779,2.440216082049789,-1.7798361585451112,73.03076418675695,65.09558096745215,55.452816973570194,47.57729131311595,28.31990651083785,5.203549470455563,843459.1,66035331.8,86.7,66.4,-1.0509083524614522,0.6216237904533689,-0.0208913649025069,-0.0236111111111111,72.0,0.4195761782218514,88.46203373584115,77.03499999999994,65.60796626415873,0.2053040992223804,0.2966712205060353,28.384279475982527,30.56768558951929,69.33999999999978,73.33999999999978,12329930.0,13361773.5,-71.61572052401748,-94.72798224806762,42.34207425294125,58.4,56.2,,,,-108000.0,0.0,0.0,0.0,564.0,1.0,,0.0,0.0,0.3492,1.089,0.0,0.0,0.0,0,False,0,False,False,True,True,0.4009299324650122,False,False,True,False,True,True,False,False,False,False,False,False,False,False,False,False,False,False,10.0,0.0,23.32859174964439,0.0,-0.3328383181943256,False,False,True,False,False,False,False,-1.0,False,6,False,False,440.0152395063182,,3,False,3,False,True,False,True,"ema60_gt_ema120, market_above_ma60, avoid_chase, liquidity_ok, adx_trending, above_ichimoku_cloud",,close_below_ema20,81.7,70.4,65.8,48.1,-0.63,False,27.0,D
2026-09-21,18.65,19.35,18.5,19.25,487518,9315714,5315,光聯,,-0.1675656222681993,-0.2664451824424712,0.0988795601742718,18.730908877440832,19.54631552341912,20.55820257922477,58.182802240837816,24.67934698395299,0.3507274948824371,257328.25,4826304.1,19.5,18.0,-0.2400621327835967,-0.2413584564078127,0.0664819944598338,0.0266666666666666,18.75,0.9746724291081716,19.651035319399178,18.744999999999983,17.83896468060079,0.7786867074535736,0.096669545948167,92.5925925925925,75.308641975309,18.67000000000008,18.43500000000004,7327169.0,7307636.15,-7.407407407407505,48.10849393290512,27.12769652411258,19.3125,21.275,,,,-134975.0,0.0,0.0,0.0,0.0,0.0,,0.0,0.0,-0.2509,-0.0841,0.0,0.0,0.0,0,False,0,False,False,False,False,1.8945374244763256,True,True,True,False,False,False,False,False,False,True,False,False,False,False,False,False,False,True,-20.0,0.0,1.2987012987012987,15.0,0.0085592162670806,False,False,False,False,False,False,False,-1.0,False,5,False,False,309.04808483996817,,5,True,3,False,False,False,False,"volume_break, rsi_strong, market_above_ma60, adx_trending, obv_uptrend",,,-111.4,27.4,41.2,51.6,0.17,False,62.0,D
2026-09-21,83.5,83.8,82.0,82.0,1612064,133331602,5340,建榮,,1.3720643188385395,1.6633376714405117,-0.2912733526019719,81.78972272744751,82.09154218638318,84.87093054678014,51.64418545435154,21.48087234154812,4.1470103426146885,3912521.85,327842618.15,85.9,81.2,0.1616070269673147,0.0685972172514383,-0.0272835112692763,-0.0132370637785799,83.1,0.934067656305392,86.97470799943301,82.47999999999975,77.98529200056649,0.4466038728143995,0.1089890397534741,8.108108108108041,21.221221221221032,82.47999999999956,83.55999999999986,322670304.0,312139733.15,-56.66666666666665,-8.041211207437774,51.57942255062774,71.425,80.6,,,,-100964.0,0.0,0.0,0.0,-3497.0,0.0,,0.0,0.0,0.4777,0.0437,0.0,0.0,0.0,0,False,0,False,False,False,False,0.4120268363485305,False,False,True,False,True,True,False,False,False,True,False,False,False,False,False,False,True,False,20.0,0.0,4.756097560975617,0.0,0.884749757922914,False,False,True,False,False,False,False,-1.0,False,7,False,False,534.7372654585604,,3,False,3,False,False,False,False,"market_above_ma60, avoid_chase, liquidity_ok, adx_trending, obv_uptrend, mfi_strong, above_ichimoku_cloud",,,192.2,82.7,76.0,39.5,-0.71,False,185.0,D
2026-09-21,53.3,54.2,52.3,52.3,2228423,118482504,5328,華容,,-2.8118661928741915,-2.122791830765528,-0.6890743621086641,57.158101819253616,57.87154984047044,51.13728818769812,34.10474516790062,15.51518215405452,3.0884687520066936,4471779.2,269861714.35,63.0,51.5,-1.1423612541202877,-0.450005181761001,-0.0314814814814815,-0.0150659133709981,53.1,0.4386536482590833,66.31287789811934,58.24999999999996,50.187122101880576,0.1310250461942526,0.2768370093774897,8.421052631578917,10.64177537861724,52.37999999999992,54.83999999999996,1228933547.0,1239966254.8,-93.16239316239316,-108.25808878856314,45.05143033413207,65.65,61.9,,,,-492931.0,0.0,0.0,0.0,-882.0,0.0,,0.0,0.0,0.2828,0.0057,0.0,0.0,0.0,0,False,0,False,False,False,True,0.4983302842859504,False,False,False,False,True,True,False,False,False,False,False,False,False,False,False,False,False,False,20.0,12.0,20.458891013384328,0.0,-0.2376887547325755,False,False,False,False,False,False,False,-1.0,False,4,False,False,284.13103778606865,,3,False,3,False,True,False,True,"ema60_gt_ema120, market_above_ma60, avoid_chase, liquidity_ok",,close_below_ema20,-58.4,32.4,36.0,39.5,-0.6,False,185.0,D
2026-09-21,13.0,13.1,13.0,13.1,31555,411705,5344,立衛,,-0.2364803233070489,-0.2415066140142367,0.0050262907071877,13.405343547303486,14.096316953613918,14.531877612833297,37.34543714104336,10.58853901822875,0.2766551392711467,31748.8,422540.35,13.75,13.05,-0.1865982226858099,-0.3765141845355658,-0.0038022813688213,0.0038314176245208,13.05,4.125147122640184,13.794743505391644,13.40500000000002,13.015256494608392,0.1087170205780008,0.0581489750677547,35.29411764705871,27.12418300653614,13.150000000000093,13.25500000000002,3095170.0,3229741.25,-70.00000000000011,-138.0438338240096,25.452029857356152,14.4875,15.225,,,,-4000.0,0.0,0.0,0.0,-106.0,0.0,,0.0,0.0,0.0882,-0.0635,0.0,0.0,0.0,0,False,0,False,False,False,False,0.9938958322834248,False,False,False,False,True,False,False,False,False,False,False,False,False,False,False,False,False,False,0.0,12.0,4.961832061068705,0.0,-0.5544127053939384,False,False,False,False,False,False,False,-1.0,False,2,False,False,125.286005858107,,3,False,3,False,True,False,True,"market_above_ma60, avoid_chase",,close_below_ema20,-297.1,3.2,4.1,51.6,-0.2,False,124.0,D
2026-09-21,21.3,21.4,21.1,21.4,6378,135361,5345,天揚,,-0.2302475045475915,-0.297074639052803,0.0668271345052115,21.863301071507824,22.581225093200825,22.72402222239551,46.96820063972595,6.950798950547561,1.2276369067801267,12309.75,271191.4,22.95,20.55,-0.1511853936660366,-0.2717774948444747,0.0413625304136251,-0.0316742081447964,22.1,0.2600892518499988,23.22105234589984,21.857499999999938,20.49394765410004,0.3322396637812962,0.124767457019321,47.36842105263153,69.59064327485369,21.75,21.64000000000005,452965.0,469386.35,-52.63157894736846,-78.59848484848497,53.551874699469536,23.275,28.525,,,,0.0,0.0,0.0,0.0,0.0,0.0,,0.0,0.0,-0.1245,-0.1672,0.0,0.0,0.0,0,False,0,False,False,False,False,0.5181258758301347,False,False,False,False,True,False,False,False,False,False,False,False,False,False,False,False,True,True,0.0,0.0,7.242990654205611,0.0,-0.1688485549794587,False,False,False,False,False,False,False,-1.0,False,3,False,False,148.15507609854782,,3,False,3,False,True,False,True,"market_above_ma60, avoid_chase, mfi_strong",,close_below_ema20,-194.3,5.4,7.7,39.5,-0.57,False,185.0,D
2026-09-21,172.5,174.0,166.5,172.0,16109989,2751728305,5347,世界,,2.7773193590612664,0.4318476140118211,2.345471745049445,159.02807517641693,159.09937573061006,154.22477163672147,62.568455984300805,15.353510487060795,7.348305177566973,13922344.15,2201953818.35,172.0,152.0,0.5888371635581799,-0.3164498532535669,0.0783699059561129,0.0,172.0,2.371219267395068,169.8317151150174,156.1,142.3682848849826,1.0789517138544222,0.1759348509291148,90.69767441860463,84.18016428226292,164.1,160.8,402407749.0,331722040.0,-7.407407407407407,206.928194540032,64.87011499580824,158.25,177.0,,,,518367.0,4.0,-256000.0,0.0,-296036.0,0.0,,0.0,0.0,0.4048,0.0822,0.0,0.0,0.0,0,False,0,False,False,True,True,1.1571319331306718,False,True,False,False,False,True,True,False,False,True,False,False,True,False,False,False,True,True,-20.0,-25.0,0.0,25.0,1.9518449050115765,True,False,False,True,False,False,False,-1.0,False,8,True,False,624.9934581914457,,3,False,3,False,False,False,False,"ema60_gt_ema120, rsi_strong, market_above_ma60, liquidity_ok, foreign_buy_3d, obv_uptrend, bb_squeeze_breakout, mfi_strong",long_upper_shadow,,202.6,75.8,84.5,51.6,-0.08,False,124.0,D
2026-09-21,16.6,16.6,16.6,16.6,1100,18240,5348,正能量智能,,0.351362982887812,0.4454453106156268,-0.0940823277278148,16.033451830410684,15.361367445549408,15.344380186017244,53.2228275196451,4.638049213132872,1.108189295555326,3697.4,59453.9,16.9,15.55,-0.1182300348517261,,0.067524115755627,0.0121951219512197,16.4,1.6212638943288178,17.059789292581037,16.392500000000062,15.725210707419087,0.6554797913790587,0.081413974998441,80.64516129032275,62.36559139784913,16.160000000000036,16.240000000000055,-394871.0,-399701.1,-19.35483870967725,54.608759391606775,26.830166022891888,8.675,9.9,,,,0.0,0.0,0.0,0.0,0.0,0.0,,0.0,0.0,-0.1195,-0.0601,0.0,0.0,0.0,0,False,0,False,False,True,True,0.2975063558176015,False,False,False,False,False,False,False,False,False,True,False,False,False,False,False,False,False,False,-20.0,0.0,1.807228915662633,15.0,0.2192364587159242,False,False,True,False,False,False,False,-1.0,False,4,False,False,215.6059010627671,,3,False,3,False,False,False,False,"ema60_gt_ema120, market_above_ma60, obv_uptrend, above_ichimoku_cloud",,,0.0,100.0,19.9,100.0,0.0,True,1.0,X
2026-09-21,114.5,115.0,109.0,109.5,9627753,1065477521,5351,鈺創,,-0.3615125243304078,0.957228384567542,-1.3187409088979498,111.31323740484694,104.51334341694373,93.02760501421292,48.69112543132874,15.222620540910636,6.6591046388950685,12297349.0,1414601812.05,119.5,102.5,-0.5234278937400666,0.6276664115085102,0.0330188679245282,-0.0352422907488987,113.5,0.8462209238165244,123.22883590523536,113.12500000000009,103.0211640947648,0.3206126844299894,0.1786313530207339,41.1764705882353,33.45338135254133,107.4,110.2,1256100570.0,1270313451.1,-71.42857142857143,-36.82170542635636,42.50796451898171,106.625,101.85,,,,-3611950.0,0.0,0.0,0.0,1081.0,1.0,,0.0,0.0,5.2532,0.0636,0.0,0.0,0.0,0,False,0,False,False,True,True,0.78291288634648,False,False,False,False,True,True,False,False,False,False,False,False,False,False,False,False,False,False,0.0,0.0,9.1324200913242,0.0,-0.1548073715728137,False,False,True,False,False,False,False,-1.0,False,5,False,False,335.971440404591,,3,False,3,False,True,False,True,"ema60_gt_ema120, market_above_ma60, avoid_chase, liquidity_ok, above_ichimoku_cloud",,close_below_ema20,-86.4,32.3,46.5,51.6,-0.36,False,124.0,D
2026-09-21,27.6,27.9,27.6,27.7,148404,4110024,5353,台林,,-0.1685411469185851,-0.1755423495351235,0.0070012026165384,27.841561792460386,28.216292953226866,27.9831821878305,42.34667509970739,13.651881847374687,0.5324595819506966,41326.45,1147943.75,28.15,27.6,-0.0983864973496887,-0.1476984212692319,0.0036231884057971,0.0036231884057971,27.6,2.6152699393035888,28.218695171230763,27.8625,27.50630482876924,0.2718947179456215,0.0255680697159811,47.36842105263154,38.17118553960669,27.67000000000008,27.7,4595298.0,4587839.75,-72.72727272727275,-53.07767125191094,60.31501709612134,28.35,30.85,,,,27000.0,2.0,0.0,0.0,0.0,0.0,,0.0,0.0,0.0519,-0.0428,0.0,0.0,0.0,0,False,0,False,False,False,True,3.5910173750709293,True,False,False,False,True,False,False,False,False,True,False,False,False,False,False,False,True,False,0.0,0.0,1.6245487364620912,15.0,0.0289649875872221,True,False,False,True,False,False,False,-1.0,False,6,True,False,396.257753601756,,3,False,3,False,True,False,True,"ema60_gt_ema120, volume_break, market_above_ma60, avoid_chase, obv_uptrend, mfi_strong",long_upper_shadow,close_below_ema20,-28.4,44.9,58.2,49.0,2.96,False,49.0,D
2026-09-21,6.57,6.99,6.57,6.99,88332,607444,5355,佳總,,0.2560982242677712,0.1274329003545754,0.1286653239131957,6.276943284201892,6.135848940863433,6.31285923734409,72.09501898727865,25.84958593365716,0.3492071498680893,128988.15,811017.4,6.99,5.76,0.8370874643709805,0.0596831961200599,0.1747899159663866,0.0,6.99,0.9855209733251076,6.997237577319944,6.149500000000001,5.301762422680057,0.99573123952885,0.2757094324156251,92.08633093525184,90.64748201438852,6.859999999999991,6.359000000000014,-11305728.0,-12423753.15,-7.638888888888852,151.1544715447156,86.31900872413294,5.625,5.855,,,,-16000.0,0.0,0.0,0.0,0.0,0.0,,0.0,0.0,1.0335,-0.0993,0.0,0.0,0.0,0,False,0,False,False,True,False,0.6848070927445661,False,True,True,False,False,False,False,False,False,True,False,False,False,False,False,False,True,True,-20.0,-25.0,0.0,25.0,2.0,False,False,True,False,False,False,False,-1.0,False,6,False,False,480.8480709274456,,3,True,3,False,False,False,False,"rsi_strong, market_above_ma60, adx_trending, obv_uptrend, mfi_strong, above_ichimoku_cloud",,,138.3,76.2,70.4,39.5,-0.35,False,185.0,D
2026-09-21,26.0,26.0,25.85,25.95,38190,989979,5356,協益,,0.052486188562689,0.084661091777668,-0.032174903214979,25.904040003275394,25.903604596962268,25.9409376130623,52.4407268951243,22.0760651455696,0.3018109809662748,70749.1,1832316.7,26.25,25.8,-0.0515047442047096,-0.009006981645697,0.0038684719535782,-0.0019230769230769,26.0,0.923672054529952,26.25379710608189,26.005000000000063,25.756202893918232,0.3894681677246402,0.0191345592064472,50.0,41.79487179487175,25.88000000000011,25.93500000000004,4714590.0,4792115.4,-61.53846153846167,-52.00501253132643,29.82740596659579,25.35,26.325,,,,-11000.0,0.0,0.0,0.0,0.0,0.0,,0.0,0.0,0.3386,-0.096,0.0,0.0,0.0,0,False,0,False,False,True,False,0.5397948525140248,False,False,True,False,True,False,False,False,False,False,False,False,False,False,False,False,False,False,0.0,0.0,1.1560693641618525,15.0,-0.2181455869910057,False,False,False,False,False,False,False,-1.0,False,3,False,False,232.78020148124816,,5,False,3,False,False,False,False,"market_above_ma60, avoid_chase, adx_trending",,,-114.1,23.2,23.1,45.3,-0.51,False,95.0,D
2026-08-21,84.5,85.0,83.4,83.5,2134870,179293197,5371,中光電,,0.8571326164416178,0.9573913018052688,-0.100258685363651,84.62304234199108,82.10973833774695,81.5078149962755,49.05997128592759,19.84839020424945,5.418438228575354,11921324.0,1000710058.5,90.5,83.0,0.8890691350242466,0.3382600991381013,-0.0732519422863484,-0.0094899169632265,84.3,0.3378369767483806,95.00919014280184,82.59999999999964,70.19080985719744,0.5362634462701982,0.3004646523680934,9.009009009009011,16.53848970922142,85.53999999999942,86.3799999999992,388786975.0,388264808.35,-54.89130434782608,16.675351745700727,70.58219779879889,89.7,85.15,102981.13349999988,True,-0.0125919186507169,-17000.0,0.0,0.0,0.0,-16840.0,0.0,-0.0606600236356315,0.0,0.0,0.0,0.0,0.0,0.0,0.0,0,False,0,False,False,True,True,0.1790799411206339,False,False,False,False,True,True,False,False,False,True,False,False,False,False,False,False,True,False,20.0,0.0,8.383233532934131,0.0,0.007266793261884,False,False,False,False,False,False,False,-1.0,False,6,False,False,376.87800093034895,9.7,3,False,3,True,True,False,True,"ema60_gt_ema120, market_above_ma60, avoid_chase, liquidity_ok, obv_uptrend, mfi_strong",,"macd_death_cross, close_below_ema20",-43.6,43.5,55.1,51.6,-0.97,False,62.0,X
2026-09-21,23.25,24.25,23.05,23.8,491184,11658541,5381,光譜,,-0.4487210572125235,-0.3446970658916279,-0.1040239913208955,23.94075089382109,24.766631239837626,25.203922037006144,47.03586153697143,16.686505981406594,0.7981858604760815,599448.1,15214121.2,26.95,22.65,-0.7863028765062708,-0.2252849085724609,0.0415754923413567,0.0303030303030302,23.1,0.5492701847676812,27.232162785878728,24.480000000000064,21.7278372141214,0.3764607959439861,0.2248499008070797,73.52941176470591,45.022624434389705,23.21000000000004,23.29500000000008,126611417.0,127898306.2,-68.35443037974683,-47.506159066610685,15.5676911168854,24.2125,28.25,,,,79531.0,1.0,0.0,0.0,0.0,0.0,,0.0,0.0,-0.3587,-0.4597,0.0,0.0,0.0,0,False,0,False,False,False,False,0.8193937056435745,False,False,False,False,True,False,False,False,False,False,False,False,False,False,False,False,False,False,-10.0,0.0,13.235294117647053,0.0,-0.6016335547810668,False,False,False,False,False,False,False,-1.0,False,2,False,False,50.97433439906294,,3,False,3,False,True,False,True,"market_above_ma60, avoid_chase",,close_below_ema20,-198.4,2.8,0.2,27.8,-0.13,False,36.0,D
2026-09-21,292.0,295.0,286.5,287.5,792087,229296212,5386,青雲,,5.375662619681179,2.2662664291691854,3.109396190511994,279.7090270266051,301.63088103435825,308.9617121716172,52.59882199859548,16.464936635727266,17.61174265404362,1922244.35,556808990.15,318.0,257.5,1.1148168405457102,-0.6463568562070413,-0.0480132450331125,-0.0221088435374149,294.0,0.5635037050386493,320.9957263005932,274.2,227.40427369940684,0.6421069940721426,0.341325501827813,14.166666666666666,30.28459441036163,287.1,290.7,119480783.0,114860121.5,-59.195402298850574,49.08811999318214,63.635922895690776,282.5,398.75,,,,-83634.0,0.0,0.0,0.0,-6412.0,0.0,,0.0,0.0,18.4621,1.283,0.0,0.0,0.0,0,False,0,False,False,False,False,0.4120636380073116,False,False,False,False,True,True,False,False,False,True,False,False,False,False,False,False,True,False,20.0,0.0,10.608695652173914,0.0,1.0024025706527817,False,False,False,False,False,False,False,-1.0,False,5,False,False,371.1494672279065,,3,False,3,False,False,False,False,"market_above_ma60, avoid_chase, liquidity_ok, obv_uptrend, mfi_strong",,,24.2,57.9,54.0,45.3,-0.61,False,95.0,D
2026-09-21,93.0,93.5,92.3,93.3,3222830,299333601,5425,台半,,0.3195202642124854,0.022439991230049,0.2970802729824364,91.36282187940505,91.7981921583049,87.45352824958378,53.31031502765995,13.98862325953414,4.546699018261148,14797572.5,1398326530.7,96.6,86.1,-0.1563409409166052,-0.4240148490937066,0.0355160932297446,0.0075593952483801,92.6,0.4856323639821894,97.7743233844106,92.1399999999998,86.50567661558898,0.6029404882234598,0.1222991835122817,78.7610619469026,74.63126843657847,92.53999999999942,90.7799999999992,542559186.0,545343953.75,-23.93162393162393,20.8940719144809,53.412122875495534,93.5,105.1,,,,496884.0,1.0,0.0,0.0,29585.0,1.0,,0.0,0.0,0.2243,-0.0095,0.0,0.0,0.0,0,False,0,False,False,True,True,0.2177945064976029,False,False,False,False,True,True,False,False,True,False,False,False,False,False,False,False,True,True,-10.0,0.0,3.536977491961412,0.0,-0.0666068435624479,False,False,False,False,False,False,False,-1.0,False,6,False,False,406.3786629422266,,3,True,3,False,False,False,False,"ema60_gt_ema120, market_above_ma60, avoid_chase, liquidity_ok, kd_golden_cross, mfi_strong",,,-16.0,45.2,59.3,51.6,-0.77,False,124.0,X
2026-09-21,40.45,40.6,40.0,40.2,553008,22297398,5392,能率,,-1.3064732301996358,-1.0205479438537752,-0.2859252863458605,41.83289134953011,43.06098374993767,43.15104422162817,38.713560187928096,24.69381905567751,1.369100034728139,1406549.95,63015021.75,48.3,39.2,-1.0490672972347856,-0.1354140825512645,0.0125944584382871,0.0,40.2,0.6331314838377842,48.378209593861484,42.71000000000022,37.04179040613896,0.2785896976429226,0.265427749654003,36.842105263158025,28.52460419341029,39.85000000000037,40.27500000000036,531255137.0,533669285.55,-84.32835820895517,-69.28091641656503,14.987813595344818,43.0375,42.375,,,,-165000.0,0.0,0.0,0.0,1254.0,1.0,,0.0,0.0,0.1514,-0.0954,0.0,0.0,0.0,0,False,0,False,False,False,False,0.3931662718412524,False,False,True,False,True,True,False,False,False,False,False,False,False,False,False,False,False,False,0.0,0.0,20.14925373134327,0.0,-0.275815445386847,False,False,False,False,False,False,False,-1.0,False,4,False,False,275.6218773737704,,3,False,3,False,True,False,True,"market_above_ma60, avoid_chase, liquidity_ok, adx_trending",,close_below_ema20,-144.9,21.0,33.7,51.6,-0.83,False,62.0,D
2026-09-21,29.55,29.7,29.15,29.4,610185,17938487,5426,振發,,0.2407452737880149,0.1672926807928012,0.0734525929952136,28.435763722545897,27.76688728228393,26.281403643639067,57.06627067097376,15.55836057480822,1.1176373063558187,849895.0,24910934.5,30.6,27.15,-0.0733582512740876,-0.044381461853452,0.0594594594594595,0.0017035775127767,29.35,0.7078956359068708,30.37871035236116,28.62500000000005,26.87128964763893,0.7209600915443444,0.1225299809509947,88.23529411764703,87.56779307467635,28.71999999999989,28.284999999999947,9557081.0,7803458.55,-41.55844155844158,74.98959633791078,43.088863526645966,27.225,31.275,,,,269700.0,4.0,0.0,0.0,3347.0,9.0,,0.0,0.0,0.4587,-0.138,0.0,0.0,0.0,0,False,0,False,False,True,True,0.7179533942428182,False,True,False,False,False,False,True,False,False,True,False,True,False,False,False,False,False,True,-20.0,0.0,4.081632653061234,0.0,0.3670347310063349,True,False,False,False,False,False,False,-1.0,False,6,False,False,456.5839507145042,,3,False,3,False,False,False,False,"ema60_gt_ema120, rsi_strong, market_above_ma60, foreign_buy_3d, obv_uptrend, dealer_buy_3d",,,109.7,67.4,67.8,45.3,-0.38,False,95.0,D
2026-09-21,171.5,171.5,161.0,161.0,367901,61120878,5432,新門,,4.142755605103019,4.680947553358731,-0.5381919482557116,150.0174861790406,142.67002889968686,141.32378868004454,61.86998507762642,28.586177160788043,7.965362648727203,174455.45,27274634.5,164.5,143.0,0.1319755743718275,0.2526637351483221,0.0952380952380953,0.00625,160.0,1.3984802213313243,165.45140442050928,152.1,138.7485955794907,0.8332982703425786,0.1755608733794777,63.1578947368421,45.12670565302142,150.9,152.25,16921728.0,16384640.35,-36.8421052631579,141.67753150803986,74.96351711852466,122.075,137.15,,,,-66992.0,0.0,0.0,0.0,1657.0,1.0,,0.0,0.0,0.0366,-0.1906,0.0,0.0,0.0,0,False,0,False,False,True,True,2.108853578377746,True,True,True,False,False,False,False,False,False,True,False,False,False,False,False,True,True,False,0.0,-12.0,2.1739130434782608,8.0,1.1613346983828896,False,False,True,False,True,False,False,-1.0,False,9,True,False,661.0245521643722,,6,False,3,False,False,False,False,"ema60_gt_ema120, volume_break, rsi_strong, market_above_ma60, adx_trending, obv_uptrend, cci_momentum, mfi_strong, above_ichimoku_cloud",open_high_close_low,,326.0,94.7,87.5,36.8,0.44,True,19.0,D
2026-09-21,16.5,16.7,16.4,16.4,55370,915068,5438,東友,,-0.2097578732484031,-0.2089265208512156,-0.0008313523971874,16.635724866598586,17.3180516184558,18.24289327337691,40.45557982405369,18.588477736838595,0.3422388279427439,38769.2,645165.3,17.0,16.3,-0.1766308712289912,-0.2559478687329816,0.0,0.0061349693251533,16.3,3.9392862391940464,17.046803182845196,16.65250000000001,16.258196817154825,0.1798149102195418,0.0473566350812412,33.33333333333314,28.571428571428743,16.389999999999965,16.504999999999928,33247083.0,33368358.05,-73.33333333333343,-72.40143369175762,24.336849545216864,17.325,17.925,,,,8000.0,4.0,0.0,0.0,-49.0,0.0,,0.0,0.0,0.2933,0.0687,0.0,0.0,0.0,0,False,0,False,False,False,False,1.4281955779329985,False,False,False,False,True,False,True,False,True,False,False,False,False,False,False,False,False,False,0.0,12.0,3.6585365853658622,0.0,-0.2883469157132581,True,False,False,False,False,False,False,-1.0,False,4,False,False,342.8217927907709,,3,False,3,False,True,False,True,"market_above_ma60, avoid_chase, foreign_buy_3d, kd_golden_cross",,close_below_ema20,-4.1,48.4,48.7,45.3,0.16,False,95.0,D
2026-09-21,247.0,247.5,243.0,245.0,932910,228642528,5439,高技,,-2.7006475914499504,-1.1173147488138406,-1.5833328426361095,250.1762446786512,265.9376304615376,285.9913810835177,45.672148309218485,15.080050519581818,11.222232431915511,2286596.0,597241468.1,275.0,237.5,-0.3876751181997772,-0.3524352899663108,-0.0060851926977687,-0.0080971659919028,247.0,0.6269589636506855,276.7240207152305,255.025,233.3259792847695,0.2689987918910212,0.1701717142651154,27.11864406779661,21.90148305084768,242.3,248.75,26219390.0,25435663.25,-77.46478873239437,-68.00902331021834,26.748971336300382,252.25,284.75,,,,-128970.0,0.0,0.0,0.0,17546.0,1.0,,0.0,0.0,0.0524,0.055,0.0,0.0,0.0,0,False,0,False,False,False,False,0.4079907425710532,False,False,False,False,True,True,False,False,False,True,False,False,False,False,False,False,False,False,10.0,0.0,12.244897959183673,0.0,0.0786304256012119,False,False,False,False,False,False,False,-1.0,False,4,False,False,260.0234725329251,,3,False,3,False,True,False,True,"market_above_ma60, avoid_chase, liquidity_ok, obv_uptrend",,close_below_ema20,-82.5,23.8,29.0,39.5,-0.72,False,185.0,D
2026-09-21,111.0,111.0,108.0,109.0,948091,103600203,5443,均豪,,0.6332868766502031,1.153334599178576,-0.5200477225283728,107.6189536928025,106.61056909851092,106.04270451120708,52.75213018840248,19.89367757401148,5.142464561213022,2535631.9,286224798.85,120.0,102.0,-0.103319389644769,0.0447714407354513,0.0634146341463415,0.0,109.0,0.6641624329561663,117.89334257344584,109.025,100.15665742655418,0.4985904919779,0.162684569107009,58.333333333333336,40.58265582655864,106.6,107.5,172693322.0,171567631.1,-65.85365853658537,-1.3363028953229903,43.19607021947873,99.225,102.95,,,,-120799.0,0.0,0.0,0.0,-13672.0,0.0,,0.0,0.0,0.1438,-0.2593,0.0,0.0,0.0,0,False,0,False,False,True,True,0.3739071905508051,False,False,False,False,False,True,False,False,False,True,False,False,False,False,False,False,False,False,0.0,0.0,10.091743119266056,0.0,0.2101605896025278,False,False,True,False,False,False,False,-1.0,False,5,False,False,351.2609989807384,,3,False,3,False,False,False,False,"ema60_gt_ema120, market_above_ma60, liquidity_ok, obv_uptrend, above_ichimoku_cloud",,,-71.1,36.3,50.3,51.6,-0.66,False,124.0,D
2026-09-21,14.7,15.0,14.65,14.65,137907,2045155,5450,寶聯通,,-0.1008506660531285,-0.110732848381874,0.0098821823287454,14.6699758083728,14.728341250313424,14.545936169650972,48.49739912427243,13.082361299175703,0.4122294882998152,75130.8,1102569.25,15.1,14.35,-0.1270981328157484,-0.1013219017868175,0.0173611111111111,0.0034246575342467,14.6,1.3455208000489494,14.994063515545786,14.657500000000027,14.320936484454268,0.4888579723386458,0.0459237271766342,56.250000000000085,56.52777777777798,14.560000000000036,14.560000000000082,-2070091.0,-2044392.3,-43.74999999999992,43.0711610486878,48.58494153545316,15.9375,16.65,,,,19000.0,2.0,0.0,0.0,494.0,1.0,,0.0,0.0,0.0991,-0.1624,0.0,0.0,0.0,0,False,0,False,False,False,True,1.835558785478126,True,False,False,False,True,False,False,False,False,False,False,False,False,False,False,False,False,False,0.0,0.0,3.0716723549488005,8.0,-0.0123109141295195,True,False,False,True,False,False,False,-1.0,False,4,True,False,276.20785688522705,,3,False,3,False,True,False,True,"ema60_gt_ema120, volume_break, market_above_ma60, avoid_chase",long_upper_shadow,close_below_ema20,-70.7,26.3,33.8,45.3,0.46,False,95.0,D
2026-09-21,27.3,28.1,27.1,27.9,710118,19731291,5452,佶優,,-0.1319211470375414,-0.2521599090660347,0.1202387620284933,26.87103695320224,27.97839502947452,28.998602021171298,57.79380654945938,15.671034390309178,0.725086648894048,377624.15,10260357.05,28.1,25.45,-0.2606014644339953,-0.2850810792003526,0.0793036750483557,0.0219780219780219,27.3,1.6366409768004275,28.5834577064914,27.02000000000008,25.456542293508747,0.7814275040336072,0.1157259590297056,92.45283018867914,85.20357497517337,26.739999999999963,26.52000000000008,55912293.0,55002506.45,-7.547169811320856,69.80299654916251,45.04811410545503,27.0,29.95,,,,145106.0,4.0,0.0,0.0,789.0,2.0,,0.0,0.0,0.1391,0.0254,0.0,0.0,0.0,0,False,0,False,False,False,False,1.8804888405574696,True,True,False,False,False,False,True,False,False,True,False,False,False,False,False,False,False,True,-20.0,0.0,0.7168458781362109,25.0,0.2350645630106328,True,False,False,False,False,False,False,-1.0,False,5,False,False,416.6256631617023,,3,False,3,False,False,False,False,"volume_break, rsi_strong, market_above_ma60, foreign_buy_3d, obv_uptrend",,,0.0,51.1,61.5,46.8,0.24,False,47.0,D
2026-09-21,23.5,25.1,23.5,24.0,2707696,65526882,5457,宣德,,-1.1442401506731803,-0.8970229218480972,-0.2472172288250833,25.92272284869235,28.36001351264756,30.96737042855443,29.72589763843172,37.27807278196135,0.8407719022273832,713398.35,17839825.9,28.0,23.3,-0.8962547574054971,-0.5106900644299589,-0.0204081632653061,0.0300429184549355,23.3,8.564506605338748,29.43427860320488,26.38500000000022,23.33572139679556,0.1089238947379743,0.2311372827898152,19.44444444444444,12.874175545408434,24.17999999999993,25.13500000000004,-44928688.0,-41712013.25,-85.85858585858587,-119.27998265018442,23.79992944295229,29.075,34.05,,,,358665.0,1.0,0.0,0.0,88843.0,2.0,,0.0,0.0,-0.1896,-0.0659,0.0,0.0,0.0,0,False,0,False,False,False,False,3.795489574653488,True,False,True,False,True,False,False,False,True,False,False,False,False,False,False,False,False,False,20.0,12.0,16.666666666666664,0.0,-1.060283061893432,False,False,False,True,False,False,False,-1.0,False,5,True,False,322.23149900381367,,8,False,3,False,True,False,True,"volume_break, market_above_ma60, avoid_chase, adx_trending, kd_golden_cross",long_upper_shadow,close_below_ema20,-20.3,41.1,43.3,39.5,3.74,False,185.0,D
2026-09-21,17.3,17.35,17.1,17.15,69029,1186741,5460,同協,,0.2884767552230656,0.2113054715971773,0.0771712836258882,16.73377017930112,16.324285755110214,15.969598210893594,57.339051690343744,38.001432015295045,0.5129319147548159,158148.25,2634672.55,17.6,16.2,0.3879633624470115,-0.0348086815998468,0.0331325301204816,-0.014367816091954,17.4,0.6633854588499158,17.678186980125403,16.622499999999924,15.566813019874449,0.7498373144364133,0.1270190380659326,46.428571428571374,67.3280423280418,17.129999999999928,17.06999999999989,2000644.0,2181928.35,-37.50000000000004,90.59862104517045,57.69558886053176,16.3375,17.5,,,,9000.0,8.0,0.0,0.0,0.0,0.0,,0.0,0.0,0.7254,0.4393,0.0,0.0,0.0,0,False,0,False,False,True,True,0.4364828570660756,False,True,True,False,True,False,True,False,False,False,False,False,False,False,False,False,True,True,0.0,0.0,2.623906705539375,8.0,-0.1152863225357173,True,False,False,False,False,False,False,-1.0,False,7,False,False,570.9813927002322,,10,False,3,False,False,False,False,"ema60_gt_ema120, rsi_strong, market_above_ma60, avoid_chase, foreign_buy_3d, adx_trending, mfi_strong",,,228.5,83.8,79.0,39.5,-0.68,False,185.0,D
2026-09-21,92.7,93.5,90.5,90.6,521508,47984840,5464,霖宏,,5.237523602233637,3.649161501466348,1.5883621007672888,82.32316285446943,76.0460248060624,67.28827589185589,62.76133869999917,39.12071511548076,5.549103519826239,1027453.9,86378731.75,93.7,75.3,1.7792911117812626,-0.2493601653328092,0.0168350168350168,-0.0226537216828479,92.7,1.146828015165401,98.0124081251926,79.4750000000001,60.9375918748076,0.8000689180727734,0.4664965869818805,63.636363636363626,65.99207443494622,90.46000000000058,87.82000000000025,18040365.0,17118702.15,-28.930817610062903,95.14852261148992,83.87531704588682,74.55,83.8,,,,-7593.0,0.0,0.0,0.0,-2945.0,0.0,,0.0,0.0,0.1956,-0.0644,0.0,0.0,0.0,0,False,0,False,False,True,True,0.5075731378312934,False,True,True,False,True,True,False,False,False,True,False,False,False,False,False,False,True,True,0.0,-12.0,3.421633554083895,8.0,0.2965426839851992,False,False,True,False,False,False,False,-1.0,False,9,False,False,669.6342435861354,,8,True,3,False,False,False,False,"ema60_gt_ema120, rsi_strong, market_above_ma60, avoid_chase, liquidity_ok, adx_trending, obv_uptrend, mfi_strong, above_ichimoku_cloud",,,327.1,89.7,88.5,39.5,-0.59,False,185.0,D
2026-09-21,29.35,29.35,29.35,29.35,662106,19432795,5465,富驊,,0.722629058611389,0.3653958557639284,0.3572332028474606,24.848078511170787,24.340395631271665,25.16350246784233,85.48554073363712,23.630036410685417,0.751171232290085,110755.35,2914783.45,26.7,24.15,0.3716702729096524,0.1007575825228161,0.2103092783505156,0.0992509363295881,26.7,6.553787179524695,27.08757139042444,24.680000000000017,22.2724286095756,1.4698570141209255,0.1951030300181861,100.0,86.66666666666667,25.739999999999963,24.99499999999989,-7926235.0,-9017136.5,-0.0,459.6823833559032,77.58445327281666,23.0625,24.700000000000003,,,,0.0,0.0,0.0,0.0,20999.0,1.0,,0.0,0.0,-0.0437,0.094,0.0,0.0,0.0,0,False,0,False,False,True,False,5.978094963358429,True,True,True,True,False,False,False,False,False,True,False,False,True,True,False,False,True,True,-20.0,-25.0,-9.028960817717213,25.0,2.0,False,False,True,False,False,True,False,-1.0,False,10,True,False,659.0,,5,False,3,False,False,False,False,"volume_break, rsi_strong, breakout_20d, market_above_ma60, adx_trending, obv_uptrend, bb_squeeze_breakout, breakout_volume_confirm, mfi_strong, above_ichimoku_cloud",gap_chase_after_blowout,,312.1,92.6,87.4,45.3,3.57,False,95.0,C
2026-09-21,25.1,25.15,24.8,24.9,221460,5516498,5468,凱鈺,,-0.4467598620363162,-0.3982977600523839,-0.0484621019839323,25.454152820046616,25.44827467052246,23.9295328352819,46.11413518828955,10.955779455246988,1.186738674184705,234434.05,6047827.8,27.9,24.2,-0.0892041675819939,-0.2404488529927986,-0.004,0.004032258064516,24.8,0.6076943749787234,27.017153415140093,25.204999999999973,23.392846584859853,0.4158459770978078,0.1437931692235764,16.27906976744184,15.164184304503578,24.639999999999965,25.339999999999964,11941266.0,11424239.95,-80.89887640449442,-27.06552706552712,68.99694486261826,28.0375,26.425,,,,33000.0,3.0,0.0,0.0,0.0,0.0,,0.0,0.0,2.3289,1.6838,0.0,0.0,0.0,0,False,0,False,False,False,True,0.9446579965666252,False,False,False,False,True,False,True,False,False,True,False,False,False,False,False,False,True,False,20.0,0.0,12.048192771084338,0.0,0.6571114231328393,True,False,False,False,False,False,False,-1.0,False,6,False,False,482.3319170432603,,3,False,3,False,True,False,True,"ema60_gt_ema120, market_above_ma60, avoid_chase, foreign_buy_3d, obv_uptrend, mfi_strong",,close_below_ema20,60.0,57.3,70.6,51.6,-0.24,False,124.0,D
2026-09-21,166.0,171.0,165.0,168.5,598281,100542060,5474,聰泰,,1.775944434799527,0.1094436020337496,1.666500832765777,154.32398818688705,154.6443526467841,155.99808992836546,69.2572521892302,14.13178076525842,5.234578209679651,181470.6,28185680.65,162.5,148.5,0.2604977415704846,-0.0457587565172567,0.1122112211221122,0.0369230769230768,162.5,3.489777284135368,162.22653381970702,152.65,143.073466180293,1.3275436759479289,0.1254704725805045,89.58333333333333,91.56454248366026,157.6,154.45,14379757.0,12837055.0,-10.0,359.64912280701793,79.32735715984143,148.5,163.75,,,,-9394.0,0.0,0.0,0.0,12870.0,2.0,,0.0,0.0,-0.3352,-0.2404,0.0,0.0,0.0,0,False,0,False,False,True,False,3.296848084483106,True,True,False,True,False,False,False,False,False,True,False,False,True,True,False,False,True,True,-20.0,-25.0,-3.560830860534125,25.0,2.0,False,False,True,False,False,False,False,-1.0,False,9,False,False,626.9684808448311,,3,False,3,False,False,False,False,"volume_break, rsi_strong, breakout_20d, market_above_ma60, obv_uptrend, bb_squeeze_breakout, breakout_volume_confirm, mfi_strong, above_ichimoku_cloud",,,280.0,87.4,84.7,45.3,1.56,False,95.0,D
2026-09-21,179.0,179.0,174.5,179.0,2326581,411214762,5475,德宏,,1.4002903603486343,3.4045735825262864,-2.004283222177652,179.24545000717256,186.06812393802488,193.255780231212,50.30770191264324,14.721843449963814,13.799734321721138,6211788.4,1184471241.65,204.5,170.0,-0.5085146030988497,-0.0099499167734416,0.0170454545454545,0.0,179.0,1.2743552324150018,206.3479798522236,185.775,165.2020201477764,0.3353422778648242,0.2214827598140072,30.985915492957748,23.94366197183141,176.3,180.0,270402015.0,266612170.85,-72.8395061728395,-63.43506882106532,34.59633352464164,155.0,212.5,,,,28037.0,1.0,0.0,0.0,-544.0,0.0,,0.0,0.0,2.7188,0.1106,0.0,0.0,0.0,0,False,0,False,False,False,False,0.3745428611187077,False,False,False,False,True,True,False,False,False,True,False,False,False,False,False,False,False,False,0.0,0.0,14.24581005586592,0.0,0.0902628136359377,False,False,False,False,False,False,False,-1.0,False,4,False,False,269.8285823748183,,3,False,3,False,True,False,True,"market_above_ma60, avoid_chase, liquidity_ok, obv_uptrend",,close_below_ema20,-72.7,26.5,31.7,39.5,-0.76,False,185.0,D
2026-09-21,189.0,191.5,186.0,186.5,11450170,2150836264,5483,中美晶,,-0.1137381893514373,-1.2453446578138865,1.1316064684624492,181.78361411194464,180.7674302352125,169.26489302397508,54.152929420426446,13.27052325663336,9.053488079741584,12249991.75,2229968064.25,187.5,176.0,0.0364945090701179,-0.3281202794782097,0.0566572237960338,-0.0053333333333333,187.5,1.4692929646207666,187.69328021227173,181.0,174.30671978772827,0.9108598344587514,0.0739588973731683,76.74418604651163,71.3178294573645,183.1,180.8,493521462.0,510736302.05,-23.25581395348837,176.34408602150472,76.54703604800815,199.5,208.5,,,,-439933.0,0.0,-11000.0,0.0,-181559.0,0.0,,0.0,0.0,0.1168,-0.0402,0.0,0.0,0.0,0,False,0,False,False,True,True,0.9347083845995244,False,False,False,False,False,True,False,False,False,False,False,False,False,False,False,False,True,True,-10.0,-25.0,0.5361930294906166,25.0,-0.2376879329709972,False,False,False,False,False,False,False,-1.0,False,4,False,False,271.49482865034327,,3,False,3,False,False,False,False,"ema60_gt_ema120, market_above_ma60, liquidity_ok, mfi_strong",,,-150.9,17.7,32.2,51.6,-0.25,False,124.0,D
2026-09-21,22.3,22.3,21.8,21.9,223816,4900879,5481,新華,,0.3919701741542774,0.2455713440943561,0.1463988300599212,21.07531308277232,20.72889053953028,20.83648527832185,65.0354622320626,19.178697785818407,0.6576574774642208,291361.45,6141943.5,22.15,20.05,0.2019227794073532,0.0094410472557013,0.0330188679245282,-0.0112866817155756,22.15,0.9344758757761022,22.246482490546864,21.04000000000001,19.83351750945316,0.85640799047576,0.1146846473903853,82.22222222222211,85.91080876795179,21.779999999999927,21.309999999999945,-1131133.0,-2034705.0,-16.32653061224499,139.3700337277763,55.93744793385499,20.3375,20.7,,,,5000.0,9.0,0.0,0.0,0.0,0.0,,0.0,0.0,-0.0312,0.1687,0.0,0.0,0.0,0,False,0,False,False,True,False,0.7681730029830645,False,True,False,False,True,False,True,False,False,True,False,False,False,False,False,False,True,True,-20.0,-12.0,1.1415525114155252,15.0,1.1471235870209668,True,False,True,False,False,False,False,-1.0,False,7,False,False,504.44721307408224,,3,True,3,False,False,False,False,"rsi_strong, market_above_ma60, avoid_chase, foreign_buy_3d, obv_uptrend, mfi_strong, above_ichimoku_cloud",,,161.9,77.8,73.0,39.5,-0.24,False,185.0,D
2026-09-21,29.65,30.05,29.4,29.8,31575,939914,5487,通泰,,0.1769817881930571,0.1285929184499231,0.0483888697431339,29.360297228273208,28.95688585792313,28.382647441498616,54.97169403514656,15.20271061110221,0.8804068055172405,51683.3,1502692.85,29.9,28.0,0.1261737106981998,0.0845437072963441,0.0170648464163822,0.0050590219224284,29.65,0.6579175417965772,30.131974274783456,29.25250000000001,28.37302572521656,0.8112655001391614,0.0601298538438388,65.71428571428584,64.96031746031743,29.68999999999996,29.45500000000002,-51837.0,-204343.15,-24.999999999999925,108.48126232741654,42.19322053051894,29.0,28.65,,,,-5000.0,0.0,0.0,0.0,1.0,2.0,,0.0,0.0,0.2884,-0.1074,0.0,0.0,0.0,0,False,0,False,False,True,True,0.6109323514558861,False,False,False,False,True,False,False,False,True,True,False,False,False,False,False,False,False,True,0.0,-12.0,0.3355704697986506,25.0,0.7086646756517336,False,False,True,False,False,False,False,-1.0,False,6,False,False,467.61329962237966,,3,True,3,False,False,False,False,"ema60_gt_ema120, market_above_ma60, avoid_chase, kd_golden_cross, obv_uptrend, above_ichimoku_cloud",,,45.2,56.5,68.8,51.6,-0.49,False,124.0,D
2026-09-21,11.85,11.9,11.75,11.8,146589,1731513,5488,松普,,-0.282763116737069,-0.3386839144763018,0.0559207977392328,11.994068515272645,12.471996590494886,12.172553501939056,42.46684605299499,16.441721920738225,0.378932655521414,275180.9,3284982.05,12.3,11.55,-0.2362867283242979,-0.4842319518895158,0.0128755364806867,-0.0042194092827003,11.85,0.9074075470438,12.357130526692806,11.917499999999997,11.477869473307184,0.3663650578544826,0.0737789849704739,50.00000000000013,57.2829131652658,11.760000000000035,11.745000000000028,23072454.0,23517508.6,-58.82352941176461,-37.735849056603264,38.32704471193358,14.587500000000002,15.5,,,,-35000.0,0.0,0.0,0.0,-113.0,0.0,,0.0,0.0,0.0481,-0.1126,0.0,0.0,0.0,0,False,0,False,False,False,True,0.5327004890237658,False,False,False,False,True,False,False,False,False,False,False,False,False,False,False,False,False,True,0.0,0.0,4.23728813559322,0.0,-0.0759824934292073,False,False,False,False,False,False,False,-1.0,False,3,False,False,189.4152149690872,,3,False,3,False,True,False,True,"ema60_gt_ema120, market_above_ma60, avoid_chase",,close_below_ema20,-153.1,11.9,14.0,39.5,-0.55,False,185.0,D
2026-09-21,42.35,45.35,42.35,45.35,273393,12263146,5489,彩富,,-0.3083580417847003,-0.7822308178181739,0.4738727760334736,41.57389986931177,43.224845139506286,43.4769744866716,65.31985017943413,19.85110022133508,1.557566252388191,47825.2,2012037.25,41.85,39.4,0.0378529485243419,-0.6722779084356857,0.123915737298637,0.0993939393939393,41.25,0.9750902920780328,43.355086603358906,41.18999999999987,39.024913396640834,1.4607006005085603,0.105126807640643,100.0,68.39826839826856,41.45999999999985,41.07999999999993,5000729.0,4693745.45,-0.0,445.8479532163743,69.9131475304569,47.212500000000006,53.525,,,,7000.0,3.0,0.0,0.0,-1237.0,0.0,,0.0,0.0,0.1754,-0.0488,0.0,0.0,0.0,0,False,0,False,False,True,False,5.716505106094695,True,True,False,True,False,False,True,False,False,True,False,False,True,True,False,True,True,True,-20.0,-25.0,-7.717750826901875,25.0,0.3571507338108264,True,False,False,False,False,False,False,-1.0,False,10,False,False,799.28580880573,,3,False,3,False,False,False,False,"volume_break, rsi_strong, breakout_20d, market_above_ma60, foreign_buy_3d, obv_uptrend, bb_squeeze_breakout, breakout_volume_confirm, cci_momentum, mfi_strong",,,382.7,89.4,96.5,46.8,2.62,False,47.0,D
2026-09-21,25.6,25.75,25.3,25.75,256110,6565571,5490,同亨,,-1.1994548085685215,-1.2528031829528108,0.053348374384289,26.62551842374724,28.36339965104532,28.57458097650465,35.87602404874903,28.56646814202304,0.6658399926829398,458580.6,12373369.6,29.05,25.0,-0.7788697442756666,-0.3239073231956029,0.017786561264822,0.013779527559055,25.4,0.4858221770963375,29.18220247821167,26.577499999999965,23.97279752178826,0.3411526830949045,0.1960080879098267,75.0,47.34689107059361,25.359999999999854,25.48000000000001,16436450.0,18525143.65,-75.80645161290323,-58.32871140691442,10.687083417555115,32.2125,31.8,,,,-76982.0,0.0,0.0,0.0,0.0,0.0,,0.0,0.0,-0.0677,-0.2219,0.0,0.0,0.0,0,False,0,True,True,False,False,0.5584841574196554,False,False,True,False,True,False,False,False,False,False,False,False,False,False,False,False,False,False,-10.0,0.0,12.815533980582527,0.0,-0.5575479512261409,False,False,False,False,False,False,False,-1.0,False,5,False,False,323.89426615948287,,5,False,3,False,True,False,True,"macd_golden_cross, market_above_ma60, avoid_chase, hist_turn_positive, adx_trending",,close_below_ema20,-23.0,41.1,43.5,45.3,-0.5,False,95.0,D
2026-09-21,87.0,92.0,86.2,91.5,401415,36361545,5493,三聯,,1.4632893552896888,0.9731314460269432,0.4901579092627455,84.49618560479608,83.90410070349311,84.88489981297512,69.86689675270654,34.696259371698325,2.525533044155947,127349.5,10986389.7,88.5,83.0,0.2038109207974879,-0.0422962007371983,0.1024096385542168,0.052934407364787,86.9,1.195855911276419,90.17513736092224,84.71499999999978,79.25486263907732,1.1213213653341072,0.1289060346083332,94.6236559139785,80.8165809568333,86.2,85.03999999999978,9798410.0,9236236.6,-5.376344086021507,194.12070600471148,61.07129838013198,79.5,89.3,,,,181050.0,4.0,0.0,0.0,6153.0,2.0,,0.0,0.0,0.4453,0.1882,0.0,0.0,0.0,0,False,0,False,False,True,False,3.152073624160283,True,True,True,True,False,False,True,False,False,True,False,False,True,True,False,True,True,True,-20.0,-25.0,-3.278688524590164,25.0,1.1288419444872893,True,False,True,False,False,False,False,-1.0,False,12,False,False,970.0668395754504,,10,False,3,False,False,False,False,"volume_break, rsi_strong, breakout_20d, market_above_ma60, foreign_buy_3d, adx_trending, obv_uptrend, bb_squeeze_breakout, breakout_volume_confirm, cci_momentum, mfi_strong, above_ichimoku_cloud",,,553.4,93.6,99.4,46.8,1.03,False,47.0,D
2026-09-21,52.6,53.2,52.2,52.4,1464993,77161995,5498,凱崴,,-0.2853110096802425,-0.04700980088433,-0.2383012087959125,52.014552151925365,53.62596708955365,54.58448814144538,50.83829386197578,15.58226303684486,2.5118744065883867,2279995.25,125379436.95,58.1,49.05,-0.4984380899612252,-0.1044873203447341,0.0417495029821073,0.0115830115830115,51.8,0.3896914258210444,57.6846955289968,53.11749999999984,48.55030447100288,0.4214507025761809,0.1719657562572401,61.46788990825687,40.2906591904648,50.88999999999942,51.494999999999706,926491328.0,927510363.25,-57.3248407643312,-26.222106451332664,40.080543558867184,50.175,54.95,,,,59309.0,4.0,0.0,0.0,199.0,1.0,,0.0,0.0,0.8752,0.0222,0.0,0.0,0.0,0,False,0,False,False,False,False,0.6425421281031177,False,False,False,False,True,True,True,False,False,False,False,False,False,False,False,False,False,False,0.0,0.0,10.877862595419852,0.0,-0.1942880891445824,True,False,False,True,False,False,False,-1.0,False,4,True,False,304.09396421129617,,3,False,3,False,False,False,False,"market_above_ma60, avoid_chase, liquidity_ok, foreign_buy_3d",long_upper_shadow,,-38.4,37.8,40.3,39.5,-0.41,False,185.0,D
2026-09-21,888.0,897.0,865.0,865.0,825610,721853568,5536,聖暉*,,-25.570513836968416,-35.67223755373951,10.10172371677109,867.2921540735384,944.3573662644862,944.9366845175074,46.75019523627101,29.76624794310576,41.88694589882361,721215.05,615711686.85,888.0,825.0,-0.028882758820467,-0.9057725129380436,0.0188457008244993,-0.0259009009009009,888.0,1.3874896360371318,890.782356614203,853.1,815.4176433857971,0.6578988294420355,0.0883421793792121,60.49382716049383,57.66460905349777,850.8,851.6,40914235.0,41257494.25,-39.50617283950617,106.08695652173928,46.59886943185643,1053.75,1192.5,,,,-273173.0,0.0,0.0,0.0,-16403.0,0.0,,0.0,0.0,0.4454,0.2556,0.0,0.0,0.0,0,False,0,False,False,False,False,1.1447487126065934,False,False,True,False,True,True,False,False,False,False,False,False,False,False,False,True,False,False,0.0,0.0,2.6589595375722546,8.0,-0.0980555850751461,False,False,False,False,False,False,False,-1.0,False,5,False,False,383.2708201051642,,3,False,3,False,True,False,True,"market_above_ma60, avoid_chase, liquidity_ok, adx_trending, cci_momentum",,close_below_ema20,-33.4,46.8,56.5,46.8,-0.22,False,47.0,D
2026-09-21,38.65,38.65,36.0,37.6,41158,1529434,6103,合邦,,2.082040586802755,2.432848229851573,-0.3508076430488178,33.69639931441173,29.194403525796915,26.09603820706777,54.82428542544706,7.759918251115165,4.497210621005848,44639.2,1828841.0,47.0,29.35,-1.392639589302802,,0.2129032258064516,-0.0346598202824134,38.95,3.4336395970202496,47.63497945865527,37.290000000000006,26.94502054134474,0.5149831133661957,0.5548393380882416,85.93749999999999,88.5586873638343,34.72000000000007,33.60500000000002,488956.0,403865.6,-47.28434504792332,2.070235600431785,47.20954846047691,16.5375,19.7,,,,2077.0,1.0,0.0,0.0,0.0,0.0,,0.0,0.0,-0.5222,-0.2212,0.0,0.0,0.0,0,False,0,False,False,True,True,0.9220147314468,False,False,False,False,False,False,False,False,False,True,False,False,False,False,False,False,False,True,-20.0,0.0,25.0,0.0,0.9246896655149242,False,False,True,False,False,False,False,-1.0,False,4,False,False,230.3164233006471,,3,False,3,False,False,False,False,"ema60_gt_ema120, market_above_ma60, obv_uptrend, above_ichimoku_cloud",,,-192.1,12.1,22.5,51.6,-0.26,False,124.0,C
2026-09-21,91.0,91.3,90.1,91.3,385252,35012537,6104,創惟,,-1.3360725764491548,-0.8884362917074535,-0.4476362847417012,92.92092272464816,94.88454110983758,96.69264675976632,43.90570934919407,18.868014323646744,2.22306177550193,541920.8,52339056.75,102.5,89.2,-0.6333662474733268,-0.1272515818254445,0.0144444444444444,0.0099557522123892,90.4,1.1679288677876634,102.22443366244572,94.6100000000004,86.99556633755508,0.2826496265687199,0.1609646689027648,44.68085106382964,27.119100822103064,90.54000000000087,91.1700000000008,-2088916.0,-886536.5,-78.78787878787884,-77.01945268710843,16.609555164927954,93.725,96.9,,,,40000.0,1.0,0.0,0.0,-10014.0,0.0,,0.0,0.0,0.0337,-0.0533,0.0,0.0,0.0,0,False,0,False,False,False,False,0.7109009286965917,False,False,False,False,True,True,False,False,True,False,False,False,False,False,False,False,False,False,0.0,0.0,12.267250821467693,0.0,-0.420662378558462,False,False,False,False,False,False,False,-1.0,False,4,False,False,252.0610607442644,,3,False,3,False,True,False,True,"market_above_ma60, avoid_chase, liquidity_ok, kd_golden_cross",,close_below_ema20,-170.3,12.9,27.2,51.6,-0.41,False,124.0,D
2026-09-21,10.35,10.5,10.35,10.5,110869,1151889,6109,亞元,,-0.2071048109080617,-0.2007635249827986,-0.0063412859252631,10.705762881979194,11.171126007951193,11.438526333916306,37.69192330112068,16.815328720389374,0.2933815630658749,172496.75,1766369.05,11.0,10.35,-0.274024033484799,-0.4058737301355256,-0.0094339622641509,0.0096153846153845,10.4,1.1208358385630004,11.126870625948802,10.724999999999977,10.32312937405115,0.2200591614916537,0.0749409092678464,25.00000000000004,18.434343434343344,10.429999999999929,10.554999999999971,3332140.0,4651323.7,-74.99999999999996,-102.9411764705881,18.492426843075293,11.6125,12.925,,,,34000.0,1.0,0.0,0.0,-200.0,0.0,,0.0,0.0,0.1563,-0.0864,0.0,0.0,0.0,0,False,0,False,False,False,False,0.6427309500034059,False,False,False,False,True,False,False,False,False,False,False,False,False,False,False,False,False,False,10.0,0.0,4.761904761904762,0.0,-0.5122065115585266,False,False,False,False,False,False,False,-1.0,False,2,False,False,140.28083136133174,,3,False,3,False,True,False,True,"market_above_ma60, avoid_chase",,close_below_ema20,-284.4,6.1,6.6,49.0,-0.54,False,49.0,D
2026-09-21,22.3,22.85,22.3,22.6,83501,1890653,6113,亞矽,,-0.3079349051166815,-0.3169190570440866,0.008984151927405,22.62910044985376,23.35661233081397,23.46608586221877,47.75184812919952,11.232524140940836,0.6125276463622822,82340.25,1877059.85,23.4,21.8,-0.2609642053383113,-0.2298057297990752,0.0157303370786516,0.0134529147982063,22.3,1.4579089870712223,23.57442530346482,22.67750000000005,21.78057469653529,0.4567968482432838,0.0791026615336579,68.75000000000003,54.398148148148415,22.26000000000022,22.30000000000009,1989002.0,2072367.7,-52.173913043478215,-26.06453411387558,39.24066470008405,24.0,25.525,,,,7000.0,2.0,0.0,0.0,41.0,1.0,,0.0,0.0,1.304,-0.0959,0.0,0.0,0.0,0,False,0,True,True,False,False,1.0140969938760205,False,False,False,False,True,False,False,False,False,False,False,False,False,False,False,False,False,False,0.0,0.0,3.539823008849545,0.0,-0.1061447707121853,True,False,False,False,False,False,False,-1.0,False,4,False,False,303.867232690214,,3,False,3,False,True,False,True,"macd_golden_cross, market_above_ma60, avoid_chase, hist_turn_positive",,close_below_ema20,-16.7,45.2,40.2,29.0,0.27,False,31.0,D
2026-09-21,23.0,23.2,23.0,23.15,20111,465098,6114,久威,,-0.8957627707865079,-0.8451552845459788,-0.0506074862405291,24.17737038639424,26.14092456957784,27.74602695435774,32.2602518481949,16.221572424151127,0.5764255330782353,18459.15,444402.35,25.55,22.8,-0.6904592061540401,-0.4784955614189401,0.0109170305676855,-0.0064377682403434,23.3,1.228440738364264,26.43963232049064,24.35749999999989,22.27536767950914,0.2100328379429578,0.1709643699468959,21.95121951219508,17.613305554970793,23.01999999999971,23.44999999999981,1844190.0,1905879.2,-85.24590163934428,-87.91838606143993,27.30565092508654,27.325,29.15,,,,1000.0,1.0,0.0,0.0,-50.0,0.0,,0.0,0.0,-0.2514,-0.3556,0.0,0.0,0.0,0,False,0,False,False,False,False,1.0894867856862314,False,False,False,False,True,False,False,False,False,False,False,False,False,False,False,False,False,False,10.0,0.0,10.3671706263499,0.0,-0.196514396678057,False,False,False,False,False,False,False,-1.0,False,2,False,False,78.53669509672564,,3,False,3,False,True,False,True,"market_above_ma60, avoid_chase",,close_below_ema20,-264.0,1.1,1.7,39.5,0.18,False,185.0,D
2026-09-21,374.5,375.5,372.0,373.5,603944,225455436,6121,新普,,-6.19735713413661,-4.173087752356022,-2.024269381780588,384.0239493503336,389.2053998886024,385.3727949396567,40.68388459365208,17.64994236432546,9.575860874315584,544113.0,209534060.2,409.0,371.5,-0.5305950968814661,-0.0934614965586302,-0.0145118733509235,0.0053835800807537,371.5,3.498055169219945,414.8218867875076,388.725,362.6281132124925,0.2082985391328719,0.1342691454756322,25.925925925925927,17.32253086419708,373.7,376.8,-2614385.0,-465712.75,-90.66666666666669,-83.54359405663033,22.24963905929377,395.875,413.75,104238.36383333307,True,0.0417724788992404,108860.0,1.0,-50000.0,0.0,2108.0,1.0,-0.0562843522501639,0.0,0.0,0.0465,-0.0498,0.0,0.0,0.0,0,False,0,False,False,False,True,1.1099606147987642,False,False,False,False,True,True,False,False,True,False,False,False,False,False,False,False,False,False,10.0,0.0,9.504685408299869,0.0,-0.7036766933617525,False,False,False,False,False,False,False,-1.0,False,5,False,False,322.6554858276466,6.0,3,False,3,False,True,False,True,"ema60_gt_ema120, market_above_ma60, avoid_chase, liquidity_ok, kd_golden_cross",,close_below_ema20,,,,,,,,
2026-09-21,15.1,15.5,15.1,15.5,166574,2555042,6118,建達,,-0.1056617475377574,-0.162397211719865,0.0567354641821075,15.2394127673264,15.77998657588838,16.50138163816571,56.500755807112895,9.900488425251435,0.2820156115961992,79555.75,1211921.15,15.35,14.95,-0.0502944922412104,-0.2140815907158906,0.0333333333333334,0.023102310231023,15.15,0.678193993966217,15.45170995304074,15.195000000000029,14.938290046959311,1.0940556577321343,0.0337887401172376,100.0,71.42857142857126,15.2,15.13000000000002,4192421.0,4003612.0,-25.0,92.75793650793712,56.677397640817695,15.975,17.075,104238.36383333307,True,0.0417724788992404,36000.0,1.0,0.0,0.0,405.0,1.0,-0.0084391455659069,0.0,0.0,0.2964,0.0897,0.0,0.0,0.0,0,False,0,False,False,False,False,2.0938021450366566,True,True,False,True,True,False,False,False,False,True,False,False,True,True,False,False,True,True,-20.0,-25.0,-0.9677419354838732,25.0,0.246826129916309,False,False,False,False,False,False,False,-1.0,False,9,False,False,643.8999350093623,30.8,3,False,3,False,False,False,False,"volume_break, rsi_strong, breakout_20d, market_above_ma60, avoid_chase, obv_uptrend, bb_squeeze_breakout, breakout_volume_confirm, mfi_strong",,,,,,,,,,
2026-09-21,43.1,43.45,42.95,43.25,42662,1838489,6123,上奇,,0.0016665264009034,0.0274301098958269,-0.0257635834949234,43.10807552386758,43.11327482159264,43.67196688284784,53.56968853610498,10.34720886791304,0.4644816972511543,33677.35,1455599.4,43.7,42.5,-0.0786947533316495,0.0670162946222474,0.0116959064327486,0.0023174971031285,43.15,0.4076418612453962,43.96221880339001,43.24000000000005,42.517781196610095,0.5069231096954345,0.0334051250411635,77.27272727272731,64.5396270396274,43.09000000000015,42.96000000000004,-895415.0,-975718.85,-39.28571428571412,-4.739336492891755,47.748685222396,42.7375,44.65,104238.36383333307,True,0.0417724788992404,9000.0,1.0,0.0,0.0,-19.0,0.0,-0.0300765724664917,0.0,0.0,-0.0319,0.2666,0.0,0.0,0.0,0,False,0,False,False,True,False,1.2667861337070765,False,False,False,False,True,False,False,False,False,True,False,False,False,False,False,False,False,True,-10.0,0.0,1.040462427745671,15.0,0.4370926230269674,False,False,False,False,False,False,False,-1.0,False,3,False,False,202.9129728133944,9.9,3,False,3,False,False,False,False,"market_above_ma60, avoid_chase, obv_uptrend",,,,,,,,,,
2026-09-21,49.8,49.95,49.3,49.7,326457,16219486,6125,廣運,,-0.6661342774217189,-0.6261191667579384,-0.0400151106637804,49.86351984538603,52.068018389864896,55.28674397784351,47.64525903112728,12.147286899974114,1.5775334529551268,864654.05,44126184.6,52.4,47.55,-0.3464335100714625,-0.2290107853812608,0.0279214064115822,-0.0099601593625497,50.2,0.5863623962499981,52.77488094969611,50.14999999999964,47.52511905030316,0.414281826752625,0.1046811944046458,75.86206896551738,57.44103597551899,48.76999999999971,49.05999999999949,88870741.0,89621068.65,-71.4285714285714,-35.159723647308205,54.57529206830304,50.0625,59.150000000000006,104238.36383333307,True,0.0417724788992404,-29000.0,0.0,0.0,0.0,-633.0,0.0,-0.0138510724876581,0.0,0.0,-0.0149,-0.072,0.0,0.0,0.0,0,False,0,False,False,False,False,0.3775579377671335,False,False,False,False,True,False,False,False,False,False,False,False,False,False,False,False,True,False,-10.0,0.0,5.432595573440635,0.0,-0.2127290704074862,False,False,False,False,False,False,False,-1.0,False,3,False,False,151.2228305327815,10.2,3,False,3,False,True,False,True,"market_above_ma60, avoid_chase, mfi_strong",,close_below_ema20,,,,,,,,
2026-09-21,26.8,26.8,26.8,26.8,6046,162210,6124,業強,,0.2384513860262131,0.1471570000670438,0.0912943859591693,26.526266609179856,27.01224106628816,27.86659402672776,50.96270388479982,6.015883950427491,1.5021439043759992,15334.3,414295.9,27.6,26.5,,,-0.003717472118959,-0.011070110701107,27.1,0.3674894152249244,37.33203812110922,25.579999999999973,13.827961878890724,0.5519058901710266,0.9188458265136248,62.16216216216223,68.52291852291819,26.86000000000022,26.860000000000035,147469.0,128773.1,-45.23809523809518,31.47726039292304,46.47687760951988,26.425,30.65,104238.36383333307,True,0.0417724788992404,0.0,0.0,0.0,0.0,-639.0,0.0,-0.0454899510181994,0.0,0.0,0.0565,-0.2351,0.0,0.0,0.0,0,False,0,False,False,False,False,0.3942794910755626,False,False,False,False,True,False,False,False,False,True,False,False,False,False,False,False,False,True,0.0,0.0,2.9850746268656745,8.0,0.2757667599016471,False,False,False,False,False,False,False,-1.0,False,3,False,False,215.2519960295754,9.1,3,False,3,False,False,False,False,"market_above_ma60, avoid_chase, obv_uptrend",,,,,,,,,,
2026-09-21,31.3,31.3,30.65,30.75,648275,20019052,6126,信音,,-0.0274954795281097,-0.3541994459187466,0.3267039663906369,29.894601675687035,31.13772495799933,32.07230194272069,56.22609690573047,28.09300090311928,0.7747809468504522,502809.8,15091965.75,31.6,28.5,0.0575770350368335,-0.2937779060245976,0.0658578856152511,-0.0175718849840256,31.3,2.531842298392209,31.339407593135984,29.66750000000011,27.99559240686424,0.8237320066145295,0.1127097054443999,63.013698630136965,80.36529680365311,30.370000000000072,29.620000000000072,100282835.0,100130871.0,-36.98630136986303,123.6727045596502,58.35898966331696,31.450000000000003,36.325,104238.36383333307,True,0.0417724788992404,63318.0,1.0,0.0,0.0,137.0,1.0,0.0240854067160107,0.0,0.0,0.5725,-0.065,0.0,0.0,0.0,0,False,0,False,False,False,False,1.2893046237364507,False,True,True,False,False,False,False,True,False,True,False,False,False,False,False,False,True,True,0.0,-12.0,2.764227642276428,8.0,0.0596304550785366,False,False,False,False,False,False,False,-1.0,False,6,False,False,539.608611698307,20.7,5,True,3,False,False,False,False,"rsi_strong, market_above_ma60, adx_trending, stronger_than_market, obv_uptrend, mfi_strong",,,,,,,,,,
2026-09-21,49.05,49.7,48.9,48.9,1689474,83264718,6127,九豪,,-1.0659896811452825,-1.4196645327152535,0.3536748515699712,49.05282949338955,53.35555620530343,53.10109925688064,47.46044494135829,13.7628191677599,2.6008211695329906,2844923.35,140793994.55,51.8,46.75,-0.1395147131694458,-0.9158131329979218,0.0305584826132769,0.0010235414534287,48.85,0.4699993724024496,51.5034385130701,48.85249999999987,46.20156148692964,0.5089590912361664,0.1085282641858753,53.84615384615385,51.02564102564126,48.28999999999978,48.51999999999989,408811378.0,410955909.8,-46.15384615384615,11.953612845673806,49.33685897756357,55.65,71.55,104238.36383333307,True,0.0417724788992404,501760.0,4.0,0.0,0.0,138.0,1.0,-0.0112139962859634,0.0,0.0,0.2968,0.1475,0.0,0.0,0.0,0,False,0,False,False,False,True,0.5938557184677752,False,False,False,False,True,True,True,False,False,False,False,False,False,False,False,False,False,False,0.0,0.0,5.930470347648259,0.0,-0.12439647333747,True,False,False,True,False,False,False,-1.0,False,5,True,False,364.4457995046281,13.8,3,False,3,False,True,False,True,"ema60_gt_ema120, market_above_ma60, avoid_chase, liquidity_ok, foreign_buy_3d",long_upper_shadow,close_below_ema20,,,,,,,,
2026-09-21,14.7,15.55,14.65,15.45,791454,11979667,6129,普誠,,-0.019268498728783,-0.3112020270347466,0.2919335283059636,14.156083228749845,14.873816745129997,15.248238369750416,63.61041150072879,24.929247547154187,0.5946257629720447,541802.95,7520638.45,14.9,13.1,0.295145469242214,-0.5968689381752809,0.1236363636363635,0.0510204081632652,14.7,0.712194441997582,15.060169866590918,13.827499999999986,12.594830133409054,1.1581243056128216,0.1782925136996468,96.07843137254898,84.87167224613404,14.629999999999928,13.965000000000009,7413892.0,6723391.85,-3.921568627451035,223.11827956989325,59.87108769620039,15.6,17.025,104238.36383333307,True,0.0417724788992404,-36655.0,0.0,0.0,0.0,186.0,1.0,0.0818638847371231,0.0,0.0,0.436,0.0388,0.0,0.0,0.0,0,False,0,False,False,True,False,1.4607783143299609,False,True,True,True,False,False,False,True,False,True,False,False,True,False,False,False,True,True,-20.0,-25.0,-3.559870550161805,25.0,0.1704837844833322,False,False,False,False,False,False,False,-1.0,False,8,False,False,691.6535885570995,34.8,5,True,3,False,False,False,False,"rsi_strong, breakout_20d, market_above_ma60, adx_trending, stronger_than_market, obv_uptrend, bb_squeeze_breakout, mfi_strong",,,,,,,,,,
2026-09-21,29.05,29.9,29.0,29.5,287081,8430016,6134,萬旭,,0.1647270355285215,0.1038014213694208,0.0609256141591006,28.575806683058108,29.016037888204117,29.44681542466254,61.21198319855903,12.804680905585943,0.8645568422222617,152693.05,4406092.7,29.3,28.15,0.0087955392612327,-0.1310521849746142,0.0442477876106195,0.0189982728842832,28.95,0.3240994143153193,29.44899523964482,28.6875,27.92600476035518,1.033489874722638,0.0530889927421225,80.48780487804882,59.82738268614594,28.759999999999856,28.559999999999945,84427464.0,83986076.7,-23.25581395348839,150.85158150851632,64.53114494191857,27.375,32.15,104238.36383333307,True,0.0417724788992404,110109.0,4.0,0.0,0.0,-4036.0,0.0,0.0024753087113791,0.0,0.0,0.2173,0.0361,0.0,0.0,0.0,0,False,0,False,False,True,False,1.8801183157976085,True,True,False,True,True,False,True,True,False,True,False,False,True,True,False,True,True,True,-20.0,-25.0,-0.6779661016949128,25.0,0.2952468909132839,True,False,False,False,False,False,False,-1.0,False,12,False,False,942.3441458489356,29.9,3,False,3,False,False,False,False,"volume_break, rsi_strong, breakout_20d, market_above_ma60, avoid_chase, foreign_buy_3d, stronger_than_market, obv_uptrend, bb_squeeze_breakout, breakout_volume_confirm, cci_momentum, mfi_strong",,,,,,,,,,
2026-09-21,276.0,277.0,272.0,272.5,309223,84601433,6138,茂達,,-6.75536551034952,-7.092105962957925,0.3367404526084048,278.1414657241988,291.9759803641,287.8160279719324,44.44534901946805,17.565137242402663,11.078825241427898,550058.3,156908464.4,297.0,265.0,-0.5177602696438631,-0.5724748571730047,0.0148975791433891,-0.0126811594202898,276.0,0.9792073798464408,300.64653255417994,280.1,259.5534674458201,0.3150539518052669,0.1467085509045335,63.888888888888886,48.50350350350345,271.0,270.85,51240114.0,51599169.0,-68.91891891891892,-48.751835535976646,38.00248822122575,308.875,348.0,104238.36383333307,True,0.0417724788992404,7726.0,2.0,-80000.0,0.0,-2346.0,0.0,-0.0268748997558512,0.0,0.0,0.025,-0.0497,0.0,0.0,0.0,0,False,0,False,False,False,True,0.562164046974657,False,False,False,False,True,True,False,False,False,False,False,False,False,False,False,False,False,True,0.0,0.0,8.990825688073395,0.0,-0.1004542440378544,True,False,False,False,False,False,False,-1.0,False,4,False,False,269.41618954129234,9.6,3,False,3,False,True,False,True,"ema60_gt_ema120, market_above_ma60, avoid_chase, liquidity_ok",,close_below_ema20,,,,,,,,
2026-09-21,82.8,83.1,82.1,83.0,126409,10460820,6143,振曜,,-2.2979423944541963,-2.2513227952091395,-0.0466195992450568,84.850132375416,89.30395582203448,93.92682539452024,38.305229952016575,26.98131743962706,1.7274626765326584,298657.1,25452569.2,90.4,80.2,-0.6209114128000247,-0.3593967466733928,0.0349127182044888,0.002415458937198,82.8,0.6962068966666123,92.2501479273904,85.48999999999978,78.72985207260916,0.3158324324597355,0.1581506124082497,74.00000000000006,52.42442957625705,82.31999999999971,82.30999999999986,20909409.0,21749159.3,-63.72549019607841,-58.22267620020448,35.884132937276746,92.6,96.8,104238.36383333307,True,0.0417724788992404,29000.0,1.0,0.0,0.0,-1060.0,0.0,-0.0068597606947515,0.0,0.0,-0.1297,-0.0666,0.0,0.0,0.0,0,False,0,False,False,False,False,0.4232579771249369,False,False,True,False,True,False,False,False,False,False,False,False,False,False,False,False,False,True,-10.0,0.0,8.915662650602417,0.0,-0.2814040744104548,False,False,False,False,False,False,False,-1.0,False,3,False,False,165.8557308783239,9.6,5,False,3,False,True,False,True,"market_above_ma60, avoid_chase, adx_trending",,close_below_ema20,,,,,,,,
2026-09-21,230.0,230.0,222.5,224.0,41149853,9290494889,6147,頎邦,,11.991548155292662,7.997234184029871,3.994313971262791,194.31032212443992,184.10380784678335,169.58073514621162,66.20802197111963,28.54697775237584,14.31275004311145,47565715.8,9317935219.55,229.0,181.0,1.0656679714515382,0.0122967304601834,0.1851851851851851,-0.0218340611353712,229.0,1.6076774515332568,221.9008725691928,192.175,162.44912743080727,1.0353080876923144,0.3093625348686639,89.83050847457628,90.01294726930367,214.0,201.5,523378267.0,338373003.7,-10.169491525423728,199.05213270142173,89.22432027836922,158.5,210.25,104238.36383333307,True,0.0417724788992404,-10197524.0,0.0,924000.0,6.0,213395.0,6.0,0.1434127062859447,0.0,0.0,0.4361,0.0385,0.0,0.0,0.0,0,False,0,False,False,True,True,0.8651158152023437,False,True,True,False,False,True,False,True,False,True,True,True,True,False,False,False,True,True,-20.0,-25.0,2.232142857142857,8.0,2.0,False,True,True,False,False,False,False,-1.0,False,12,False,False,1025.6511581520235,38.6,5,False,3,False,False,False,False,"ema60_gt_ema120, rsi_strong, market_above_ma60, liquidity_ok, adx_trending, stronger_than_market, obv_uptrend, invest_trust_buy_2d, dealer_buy_3d, bb_squeeze_breakout, mfi_strong, above_ichimoku_cloud",,,,,,,,,,
2026-09-21,61.8,62.4,61.0,61.8,172696,10677072,6150,撼訊,,0.3886364383325897,0.3431168059739965,0.0455196323585932,60.72199339091977,60.56303655076791,61.3967571316157,55.22856702238019,21.039998734773462,2.0553547773910825,207319.25,12818365.55,62.3,58.9,0.0002757987703966,0.038463847191048,0.0198019801980198,0.0081566068515497,61.3,0.779273135175419,62.477324793523614,60.8899999999996,59.30267520647559,0.786645809261288,0.0521374542133033,41.66666666666665,37.5,61.079999999999565,60.79999999999964,-11444974.0,-11939776.55,-58.33333333333335,69.50354609928966,66.8851019313893,57.95,66.69999999999999,104238.36383333307,True,0.0417724788992404,75000.0,1.0,0.0,0.0,61.0,1.0,-0.0219704987012205,0.0,0.0,-0.2127,0.1988,0.0,0.0,0.0,0,False,0,False,False,True,False,0.8329954888414848,False,True,True,False,True,False,False,False,False,True,False,False,False,False,False,False,True,True,0.0,0.0,0.8090614886731393,25.0,0.7442356240292792,False,False,False,False,False,False,False,-1.0,False,6,False,False,407.2607823767662,9.2,3,False,3,False,False,False,False,"rsi_strong, market_above_ma60, avoid_chase, adx_trending, obv_uptrend, mfi_strong",,,,,,,,,,
2026-09-21,178.5,180.5,178.5,180.0,129161,23176133,6146,耕興,,-3.8824698175828303,-3.522577618256223,-0.3598921993266071,182.86100549148563,189.85004146944837,192.47265405728967,39.81256118576052,26.5430789848982,3.3890811294707968,276143.4,50700026.65,195.0,175.5,-0.573212858150772,-0.1301244889683953,0.0055865921787709,0.0084033613445377,178.5,0.9557121419993538,197.85733040093905,184.425,170.992669599061,0.3352854691658465,0.1456671319066179,68.75,43.2870370370371,177.6,178.8,9034615.0,9753437.4,-71.7948717948718,-55.24759793052491,11.302783649600386,194.875,205.5,104238.36383333307,True,0.0417724788992404,5000.0,4.0,0.0,0.0,2927.0,1.0,-0.0361858867204694,0.0,0.0,0.1046,0.0001,0.0,0.0,0.0,0,False,0,False,False,False,False,0.4677316206000215,False,False,True,False,True,True,True,False,False,False,False,False,False,False,False,False,False,False,0.0,0.0,8.333333333333332,0.0,-0.8305804943106883,True,False,False,False,False,False,False,-1.0,False,5,False,False,394.710350274272,4.9,5,False,3,False,True,False,True,"market_above_ma60, avoid_chase, liquidity_ok, foreign_buy_3d, adx_trending",,close_below_ema20,,,,,,,,
2026-09-21,35.7,35.7,35.1,35.2,41908,1478593,6151,晉倫,,-0.3677723384403322,-0.4275618390979411,0.0597895006576089,35.08287068046664,36.11347838737232,36.04902928284717,49.13769954648024,21.829323192584454,0.7193997417747999,102471.1,3596062.05,36.5,34.2,-0.2832506488516663,-0.1773545737714649,0.0262390670553938,-0.007052186177715,35.45,2.3406250166387457,36.67507352760426,35.18749999999991,33.69992647239555,0.5042014729921369,0.0845512484606384,74.3589743589744,68.3201812234068,34.69000000000051,34.59500000000007,11989881.0,12234069.5,-25.641025641025603,14.73495058400682,42.59648562112248,35.900000000000006,39.325,104238.36383333307,True,0.0417724788992404,-12000.0,0.0,0.0,0.0,-548.0,0.0,-0.0155334118438466,0.0,0.0,0.1859,0.0021,0.0,0.0,0.0,0,False,0,False,False,False,True,0.4089738472603494,False,False,True,False,True,False,False,False,False,False,False,False,False,False,False,False,False,True,-10.0,0.0,3.69318181818181,0.0,-0.4090113432901168,False,False,False,False,False,False,False,-1.0,False,4,False,False,279.18160235312206,8.2,5,False,3,False,False,False,False,"ema60_gt_ema120, market_above_ma60, avoid_chase, adx_trending",,,,,,,,,,
2026-09-21,14.15,14.2,14.1,14.15,19468,275160,6154,順發,,0.0658566392901409,0.0595921633037952,0.0062644759863457,13.995278051967455,13.85084024993153,13.73927444480899,60.79514137313924,27.925731718236925,0.1715951618985441,22181.85,310236.8,14.1,13.85,0.0486431616353863,0.0483202782116823,0.0071174377224199,0.00354609929078,14.1,2.1700071040096893,14.182708212887604,14.002500000000031,13.82229178711246,0.9092488284426627,0.0257394340849949,85.714285714286,74.40476190476208,14.080000000000108,14.01000000000008,382994.0,312806.95,-12.499999999999778,177.90811339198146,70.95301605872564,13.775,13.75,104238.36383333307,True,0.0417724788992404,1000.0,4.0,0.0,0.0,0.0,0.0,-0.0346550411768205,0.0,0.0,0.0683,0.0238,0.0,0.0,0.0,0,False,0,False,False,True,True,0.8776544787743132,False,True,True,True,True,False,True,False,False,True,False,False,False,False,False,True,True,True,-20.0,-25.0,-0.3533568904593689,25.0,0.7496903720334006,True,False,True,False,False,False,False,-1.0,False,11,False,False,812.7728292521439,4.1,5,False,3,False,False,False,False,"ema60_gt_ema120, rsi_strong, breakout_20d, market_above_ma60, avoid_chase, foreign_buy_3d, adx_trending, obv_uptrend, cci_momentum, mfi_strong, above_ichimoku_cloud",,,,,,,,,,
2026-09-21,20.65,21.1,20.5,21.05,423275,8856053,6156,松上,,-0.3103803332478669,-0.4227697120386559,0.1123893787907889,20.77056062990032,21.57612028108064,21.780350794938936,51.17531564011581,17.01558784623323,0.579831644622688,475060.85,9829881.9,21.3,20.0,-0.1698821232236005,-0.6193753652485195,0.0524999999999999,0.0193704600484263,20.65,0.8780982683013249,21.475793563681474,20.707500000000028,19.93920643631858,0.7228965698728551,0.0742043765477672,96.29629629629623,81.79683306494917,20.55,20.45500000000002,12881250.0,12144811.5,-13.333333333333286,39.02012248469047,37.78144346497654,22.9875,26.175,104238.36383333307,True,0.0417724788992404,36000.0,4.0,0.0,0.0,-264.0,0.0,0.0107275211007595,0.0,0.0,0.5516,-0.0665,0.0,0.0,0.0,0,False,0,False,False,False,False,0.8909911225056748,False,False,False,False,False,False,True,True,False,True,False,False,False,False,False,False,False,True,-20.0,0.0,1.187648456057007,15.0,0.1083813563362902,True,False,False,False,False,False,False,-1.0,False,4,False,False,390.21048750109225,13.2,3,False,3,False,False,False,False,"market_above_ma60, foreign_buy_3d, stronger_than_market, obv_uptrend",,,,,,,,,,
2026-09-21,17.2,17.25,17.0,17.2,36613,627651,6158,禾昌,,0.0250547583864886,-0.0178067982175579,0.0428615566040465,17.020846330977264,17.29256903852018,17.97774810345523,54.98716291152393,22.316144732722268,0.3826206885922026,50051.15,856849.4,17.5,16.8,0.175661289746678,-0.1785985548571716,0.0207715133531156,0.0,17.2,1.0828805403261743,17.5940655151997,16.962500000000045,16.33093448480039,0.6880248321703211,0.0744660887486693,92.30769230769218,81.56288156288126,17.06999999999989,17.035000000000036,-3687327.0,-3793973.0,-65.71428571428584,47.177107501933534,53.02713611553775,17.3625,18.4,104238.36383333307,True,0.0417724788992404,3000.0,4.0,0.0,0.0,1.0,1.0,-0.0210009655461247,0.0,0.0,0.1368,0.0259,0.0,0.0,0.0,0,False,0,False,False,False,False,0.7315116635681698,False,False,True,False,True,False,True,False,False,True,False,False,False,False,False,False,True,True,-20.0,0.0,1.744186046511632,15.0,0.4241371526626715,True,False,False,False,False,False,False,-1.0,False,6,False,False,492.40476246763376,7.7,5,False,3,False,False,False,False,"market_above_ma60, avoid_chase, foreign_buy_3d, adx_trending, obv_uptrend, mfi_strong",,,,,,,,,,
2026-09-21,158.0,158.0,152.0,152.0,95466,14632378,4169,泰宗,,-4.186775923719779,-5.990699752883593,1.8039238291638144,152.04723577748774,164.95748591029766,169.33195264619883,48.06054730029884,9.708889929872662,7.593853993209385,110259.75,16563041.55,158.0,142.5,-0.2612612399727121,,0.0666666666666666,-0.0379746835443037,158.0,1.1905899678890812,159.39398477067178,150.825,142.2560152293282,0.56856121416049,0.1136281753114111,64.70588235294117,71.56862745098017,150.0,148.3,3791175.0,4089405.8,-35.294117647058826,52.20883534136513,24.78693364038088,151.25,145.0,104238.36383333307,True,0.0417724788992404,-23000.0,0.0,0.0,0.0,1000.0,2.0,0.0248941877674262,0.0,0.0,0.218,0.0066,0.0,6.67,0.0,0,False,0,False,False,False,False,0.8658281920646473,False,False,False,False,False,False,False,True,False,False,False,False,False,False,False,False,False,True,0.0,0.0,3.947368421052632,0.0,-0.3006118240623818,False,False,True,False,False,False,False,-1.0,False,3,False,False,310.0509400318979,18.7,3,False,3,False,True,False,True,"market_above_ma60, stronger_than_market, above_ichimoku_cloud",,close_below_ema20,,,,,,,,
2026-09-21,14.45,14.45,14.05,14.15,97743,1382318,6160,欣技,,-0.1390305640263633,-0.1038353455393946,-0.0351952184869687,14.562363188767613,14.985440976926592,15.629580176471224,39.52283371001233,20.91395636653797,0.4543428293097654,55637.7,820823.45,15.4,14.25,-0.3799083654035179,-0.1871769373287879,-0.0070175438596491,-0.0207612456747403,14.45,0.9039673171796828,15.416213623411146,14.707499999999982,13.998786376588818,0.106681752978985,0.096374451594243,10.526315789473657,31.28654970760241,14.389999999999963,14.414999999999964,763783.0,1000106.4,-89.47368421052636,-109.77826245001803,24.76901544456959,14.675,15.825,104238.36383333307,True,0.0417724788992404,-5000.0,0.0,0.0,0.0,-85.0,0.0,-0.0487900227588895,0.0,0.0,-0.3983,-0.4177,0.0,0.0,0.0,0,False,0,False,False,False,False,1.7567764303700548,True,False,True,False,True,False,False,False,False,False,False,False,False,False,False,False,False,False,20.0,12.0,8.8339222614841,0.0,-0.6590851505160968,False,False,False,False,False,False,False,-1.0,False,4,False,False,246.6587424975074,20.1,3,False,3,False,True,True,True,"volume_break, market_above_ma60, avoid_chase, adx_trending",,"close_below_ema20, close_below_swing_low",,,,,,,,
2026-09-21,17.0,17.0,16.8,16.8,63660,1072954,4178,永笙-KY,,-0.2445188151152528,-0.2887714447915318,0.0442526296762789,16.935725286360757,17.79152425179057,19.4201964081493,45.46008653641556,13.413954303179544,0.396859767837694,92659.55,1564353.7,17.5,16.45,-0.2150901950473945,-0.2227908935912023,0.0090090090090091,-0.0117647058823529,17.0,1.9236784063033947,17.475876519039332,16.904999999999973,16.334123480960614,0.4080361544939171,0.0675393693036805,66.66666666666677,66.66666666666667,16.710000000000036,16.720000000000073,-712346.0,-513520.45,-33.33333333333324,-15.427769985976598,58.3396682609248,18.450000000000003,18.475,104238.36383333307,True,0.0417724788992404,-4000.0,0.0,0.0,0.0,2000.0,3.0,-0.0327634698902312,0.0,0.0,0.0902,-0.0139,0.0,5.46,0.02,0,False,0,False,False,False,False,0.6870311802722978,False,False,False,False,True,False,False,False,False,False,False,True,False,False,False,False,True,False,0.0,0.0,4.166666666666663,0.0,-0.31968795025446,False,False,False,False,False,False,False,-1.0,False,4,False,False,258.03405639966945,6.1,3,False,3,False,True,False,True,"market_above_ma60, avoid_chase, dealer_buy_3d, mfi_strong",,close_below_ema20,,,,,,,,
2026-09-21,25.2,25.3,24.7,25.2,15235,384190,4190,佐登-KY,,0.3780970313702205,0.4655145285039868,-0.0874174971337662,25.244134458071738,24.898016473938423,25.5724021372683,50.37135306789545,6.094409967804559,1.614789203668716,12657.2,324625.95,26.15,25.3,-0.0800325542073223,,-0.0270270270270269,-0.0039525691699605,25.3,2.5056936647955093,26.33138523391856,25.78249999999993,25.23361476608131,-0.0306209422335215,0.0425781234495201,37.037037037037,41.313932980599326,25.43999999999996,25.68999999999996,-1153556.0,-1160577.3,-71.42857142857143,-193.7530502684245,29.127836722873923,13.2,13.625,104238.36383333307,True,0.0417724788992404,8000.0,3.0,0.0,0.0,0.0,0.0,-0.0687995059262673,0.0,0.0,-0.0102,0.036,0.0,58.87,0.02,0,False,0,False,False,True,False,1.203662737414278,False,False,False,False,True,False,True,False,False,True,False,False,False,False,False,False,False,False,0.0,25.0,3.769841269841266,0.0,0.1246458572593702,True,False,True,False,False,False,False,-1.0,False,5,False,False,393.5323776612552,13.7,3,False,3,False,True,True,True,"market_above_ma60, avoid_chase, foreign_buy_3d, obv_uptrend, above_ichimoku_cloud",,"close_below_ema20, close_below_swing_low",,,,,,,,
2026-09-21,13.2,13.2,13.0,13.0,55015,720596,4195,基米-創,,-0.4769868774210941,-0.4463994561606173,-0.0305874212604768,13.772501866783095,15.279444572858926,17.54049472392667,25.85780848841671,20.51831092615402,0.4256290980831028,82677.6,1136624.05,14.7,13.15,-0.5577969482405215,-0.4565737329131844,-0.0334572490706319,-0.0114068441064638,13.15,0.6984781812080992,14.801800264442114,13.837499999999954,12.873199735557794,0.0657472932020603,0.1393749253032937,0.0,6.666666666666667,13.179999999999929,13.489999999999965,7970829.0,8219074.95,-100.0,-124.3119881863338,35.57469047306223,15.6625,16.65,104238.36383333307,True,0.0417724788992404,-8000.0,0.0,0.0,0.0,7.0,3.0,-0.0752297279698723,0.0,0.0,-0.2999,-0.0322,0.0,0.67,-0.01,0,False,0,False,False,False,False,0.6654160256224176,False,False,True,False,True,False,False,False,False,False,False,True,False,False,False,False,False,False,20.0,25.0,13.076923076923071,0.0,-0.4319506801982928,False,False,False,False,False,False,False,-1.0,False,4,False,False,266.4707520938446,4.9,3,False,3,False,True,True,True,"market_above_ma60, avoid_chase, adx_trending, dealer_buy_3d",,"close_below_ema20, close_below_swing_low",,,,,,,,
2026-09-21,14.7,14.75,14.6,14.65,463855,6799158,4306,炎洲,,-0.0944005057001415,-0.0439584553772903,-0.0504420503228512,14.827633554871095,14.843938460069438,14.66278077663209,44.3923097773527,19.351451540888625,0.2604575120718459,935689.0,13967369.5,15.25,14.4,-0.2308223217588468,-0.0676383665606057,0.0,-0.0101351351351351,14.8,0.9780105205617436,15.44640361708869,14.922500000000037,14.398596382911384,0.2399330801395049,0.070216601385646,31.250000000000043,33.12048503611974,14.570000000000071,14.740000000000007,-9019956.0,-8584225.95,-73.68421052631577,-79.09604519773973,46.80455856003705,14.825,15.325,104238.36383333307,True,0.0417724788992404,-253513.0,0.0,0.0,0.0,8000.0,1.0,-0.0417724788992404,0.0,0.0,0.0651,-0.047,0.0,7.46,-0.03,0,False,0,False,False,False,True,0.4957362969961173,False,False,False,False,True,False,False,False,False,False,False,False,False,False,False,False,False,False,0.0,0.0,4.0955631399317385,0.0,-0.1352675440680659,False,False,False,False,False,False,False,-1.0,False,3,False,False,173.33415244114437,3.9,3,False,3,False,True,False,True,"ema60_gt_ema120, market_above_ma60, avoid_chase",,close_below_ema20,,,,,,,,
2026-09-21,7.6,7.67,7.59,7.59,33862,257409,4426,利勤,,-0.0780338313458228,-0.0943919448141038,0.0163581134682809,7.631250023255967,7.848985837038295,8.154052180960202,44.06137960520845,8.631014471738736,0.1240842100594049,84483.15,641508.4,7.81,7.47,-0.0982771678410087,-0.1978744603114508,0.0039682539682539,-0.0052424639580602,7.63,0.8533364228716441,7.760112862133539,7.605000000000018,7.449887137866497,0.451648110305945,0.0407923371817279,60.86956521739129,62.31884057971001,7.55,7.575,-4633595.0,-4549875.25,-65.85365853658546,7.712844853160306,42.3021324761371,8.06,8.595,104238.36383333307,True,0.0417724788992404,17000.0,3.0,0.0,0.0,1000.0,1.0,-0.0378042249309864,0.0,0.0,0.1751,0.0415,0.0,2.15,-0.05,0,False,0,False,False,False,False,0.4008136533734834,False,False,False,False,True,False,True,False,False,False,False,False,False,False,False,False,False,False,0.0,0.0,2.898550724637678,8.0,-0.1366470325081397,True,False,False,True,False,False,False,-1.0,False,3,True,False,250.3683721436372,4.3,3,False,3,False,True,False,True,"market_above_ma60, avoid_chase, foreign_buy_3d",long_upper_shadow,close_below_ema20,,,,,,,,
2026-09-21,8.4,8.4,8.18,8.25,113454,941068,4414,如興,,-0.0511169560008823,-0.0684663758977008,0.0173494198968184,8.265281554824158,8.47444832756436,8.936449679888655,47.31574990971716,11.537665478645568,0.1668142022466434,141687.4,1174022.65,8.42,8.07,-0.1437776870545239,-0.1095170845342532,0.0197775030902349,-0.0072202166064982,8.31,0.9275329982200234,8.50321359829698,8.261999999999967,8.020786401702953,0.4751257804603728,0.0583910913330948,57.142857142857,75.71428571428562,8.25,8.195999999999959,-6566299.0,-6604498.35,-55.55555555555564,0.4694835680744412,35.988044687965186,8.52,8.675,104238.36383333307,True,0.0417724788992404,10000.0,4.0,0.0,0.0,2000.0,2.0,-0.0219949758090054,0.0,0.0,0.1525,-0.0367,0.0,26.51,-0.01,0,False,0,False,False,False,False,0.8007345748457521,False,False,False,False,True,False,True,False,False,True,False,False,False,False,False,False,False,True,0.0,0.0,2.06060606060606,8.0,0.1246069702739772,True,False,False,False,False,False,False,-1.0,False,4,False,False,347.50262939174524,7.2,3,False,3,False,True,False,True,"market_above_ma60, avoid_chase, foreign_buy_3d, obv_uptrend",,close_below_ema20,,,,,,,,
2026-09-21,56.5,56.9,56.3,56.3,27217,1537433,4438,廣越,,-1.0573077573351313,-0.9053394807774906,-0.1519682765576406,57.84358899177808,59.32032631130048,60.858042414139625,35.42358831390142,22.75442742315293,1.0742918744431424,99034.7,5792067.8,60.8,55.6,-0.4247678743446788,-0.1224385257977747,-0.0070546737213404,-0.0035398230088495,56.5,0.5663650838027596,61.23177354886717,58.16499999999978,55.09822645113239,0.1959345106050367,0.1054508226207306,32.142857142857046,35.846560846560656,56.27999999999956,56.94999999999963,-2603648.0,-2247006.6,-75.67567567567573,-88.3430295195002,21.294055108661084,60.95,61.05,104238.36383333307,True,0.0417724788992404,-7000.0,0.0,0.0,0.0,1000.0,2.0,-0.0488271526205809,0.0,0.0,-0.0591,0.1999,0.0,1.82,-0.1,0,False,0,False,False,False,False,0.2748228651169742,False,False,True,False,True,False,False,False,False,False,False,False,False,False,False,False,False,False,0.0,12.0,7.992895204262878,0.0,-1.4373070338057718,False,False,False,False,False,False,False,-1.0,False,3,False,False,172.50054424550046,3.0,5,False,3,False,True,False,True,"market_above_ma60, avoid_chase, adx_trending",,close_below_ema20,,,,,,,,
2026-09-21,93.4,95.3,93.4,95.3,19518,1834077,4439,冠星-KY,,-1.3686623858411764,-1.3430027215026468,-0.0256596643385296,96.0131586727274,97.15764955398556,96.76053529792074,45.125097580632,10.155016206075928,1.8823760709551904,14994.7,1432765.75,99.0,93.5,-0.1949373708036334,-0.0274071040226029,0.0149094781682639,0.0159914712153517,93.8,0.5682728778246701,98.5971817001817,95.76000000000003,92.92281829981836,0.4189336375653023,0.0592560923179126,72.4137931034483,42.14559386973148,94.35999999999986,94.70999999999984,758937.0,807937.95,-63.79310344827594,-60.21251475797008,48.291666206342725,104.0,100.6,104238.36383333307,True,0.0417724788992404,0.0,0.0,0.0,0.0,0.0,0.0,-0.0268630007309764,0.0,0.0,0.1993,-0.0152,0.0,61.23,-0.02,0,False,0,False,False,False,True,1.3016599198383427,False,False,False,False,True,False,False,False,True,False,False,False,False,False,False,False,False,False,-10.0,0.0,3.882476390346278,0.0,-0.2361928081189123,False,False,False,False,False,False,False,-1.0,False,4,False,False,270.18228550095654,12.5,3,False,3,False,True,False,True,"ema60_gt_ema120, market_above_ma60, avoid_chase, kd_golden_cross",,close_below_ema20,,,,,,,,
2026-09-21,171.5,173.5,171.0,171.5,45513,7827188,4441,振大環球,,-3.1284290998069366,-3.3108243210989925,0.1823952212920558,174.99763451191092,182.34809961819525,193.35535818312837,39.50319470735174,21.19107696577013,3.672859559861708,54708.85,9465437.9,178.5,171.0,-0.1293256490970723,-0.1223959171388441,-0.0057971014492753,-0.002906976744186,172.0,0.9920296132521452,177.58246155034806,173.6,169.61753844965193,0.2363439705002981,0.0458808934371896,22.22222222222222,35.58922558922556,171.8,172.7,330001.0,409997.4,-72.72727272727273,-68.83437915953574,45.653090856918894,191.5,193.75,104238.36383333307,True,0.0417724788992404,-6000.0,0.0,0.0,0.0,0.0,0.0,-0.0475695803485157,0.0,0.0,0.2056,-0.1898,0.0,0.91,0.07,0,False,0,False,False,False,False,0.8319129354757046,False,False,True,False,True,False,False,False,False,False,False,False,False,False,False,False,False,False,10.0,0.0,4.081632653061225,0.0,-0.3022591089024819,False,False,False,False,False,False,False,-1.0,False,3,False,False,229.6920200479273,3.6,5,False,3,False,True,False,True,"market_above_ma60, avoid_chase, adx_trending",,close_below_ema20,,,,,,,,
2026-09-21,17.55,17.55,17.5,17.55,25188,441071,4440,宜新實業,,0.0114769738265216,0.0182725499798019,-0.0067955761532802,17.591048339727283,17.57576433889844,17.599642593944342,48.3311373509803,29.204516523197757,0.2015098098274377,47780.65,830501.3,17.75,17.55,-0.0018729953119196,0.0139265801962478,0.0,-0.0028409090909091,17.6,0.602803975702886,17.734693040635232,17.602500000000056,17.47030695936488,0.3014267629074975,0.0150198029410794,42.857142857143295,48.148148148148415,17.610000000000035,17.595000000000162,5490909.0,5665721.1,-66.6666666666664,-75.40983606557954,77.0816891062399,17.8,17.75,104238.36383333307,True,0.0417724788992404,-5000.0,0.0,0.0,0.0,-3188.0,0.0,-0.0417724788992404,0.0,0.0,-0.3933,-0.0707,0.0,2.1,0.05,0,False,0,False,False,False,False,0.5271590068364495,False,False,True,False,True,False,False,False,False,False,False,False,False,False,False,False,True,True,0.0,0.0,1.1396011396011354,15.0,-0.1253971415251049,False,False,False,False,False,False,False,-1.0,False,4,False,False,263.76682437006326,3.0,5,False,3,False,True,False,True,"market_above_ma60, avoid_chase, adx_trending, mfi_strong",,close_below_ema20,,,,,,,,
2026-09-21,31.55,33.05,31.25,32.6,2738281,88860617,4526,東台,,0.0494082307245378,-0.1028643855402453,0.1522726162647831,31.071187766592864,32.23710831658979,33.40857145364269,60.286840790493486,17.285070893882715,1.1944754462359652,2642021.6,84185506.95,32.35,29.8,0.165022140085727,-0.3681759924873168,0.0830564784053156,0.0432000000000001,31.25,0.5724877658112476,32.70880074908197,30.99999999999982,29.291199250917664,0.9681645887794664,0.1102452096182041,86.5671641791046,55.52238805970168,31.089999999999783,31.12499999999982,283846992.0,274990837.95,-22.66666666666668,110.56620597414256,75.18792019460267,30.9,35.724999999999994,104238.36383333307,True,0.0417724788992404,760316.0,4.0,0.0,0.0,5618.0,2.0,0.0412839995060752,0.0,0.0,0.1796,-0.3617,0.0,5.2,0.45,0,False,0,False,False,True,False,1.036433994332219,False,True,False,True,False,True,True,True,False,True,False,False,False,False,False,True,True,False,-20.0,-25.0,-0.7668711656441718,25.0,0.9546486656285648,True,False,False,False,False,False,False,-1.0,False,9,False,False,731.820123930865,19.9,3,False,3,False,False,False,False,"rsi_strong, breakout_20d, market_above_ma60, liquidity_ok, foreign_buy_3d, stronger_than_market, obv_uptrend, cci_momentum, mfi_strong",,,,,,,,,,
2026-09-21,25.0,25.6,24.8,25.15,2051271,51698507,4532,瑞智,,0.0969268384509511,-0.082636487256068,0.1795633257070192,24.0498698698566,24.232915206548903,24.404764914208453,65.36523016965108,17.474333125116857,0.4872459726991299,828975.4,20126437.2,25.0,23.35,0.0775838129669372,-0.2322463071601773,0.0747863247863247,0.0202839756592292,24.65,2.360413413832171,24.89128829780832,23.932499999999937,22.973711702191554,1.1349159677809206,0.0801243746209869,80.43478260869553,76.40509013785777,24.35,23.97999999999993,20801154.0,18282937.75,-19.565217391304465,234.73282442748172,57.11981834054816,24.75,26.675,104238.36383333307,True,0.0417724788992404,70424.0,1.0,58112.0,5.0,5000.0,3.0,0.0330138458870843,0.0,0.0,0.2141,-0.1032,0.0,18.2,0.1,0,False,0,False,False,True,False,2.4744654666471404,True,True,False,True,False,False,False,True,False,True,True,True,True,True,False,False,True,True,-20.0,-25.0,-0.5964214711729565,25.0,0.437925837299685,False,True,False,True,False,False,False,-1.0,False,11,True,False,869.9997647140676,44.8,3,True,3,False,False,False,False,"volume_break, rsi_strong, breakout_20d, market_above_ma60, stronger_than_market, obv_uptrend, invest_trust_buy_2d, dealer_buy_3d, bb_squeeze_breakout, breakout_volume_confirm, mfi_strong",long_upper_shadow,,,,,,,,,
2026-09-21,166.0,167.0,164.0,166.0,254891,42211752,4536,拓凱,,-0.7072856815397301,-0.995315539865436,0.2880298583257057,164.98980326272388,165.36097986079497,164.67138826363822,51.847455747419104,22.36165922375306,2.9433003131129007,157618.9,25997483.55,171.5,160.5,-0.1154997127173955,-0.0482589011232376,0.0342679127725855,0.0,166.0,1.8511056862050068,169.60692508219952,164.775,159.9430749178005,0.6267610713287765,0.0586487644630498,85.71428571428571,89.68253968254005,164.7,163.9,-249420.0,-412501.2,-14.285714285714286,26.10807528840329,61.07969625143052,168.125,166.25,104238.36383333307,True,0.0417724788992404,98300.0,5.0,0.0,0.0,1000.0,1.0,-0.0075045661266548,0.0,0.0,0.0774,-0.1513,0.0,14.78,0.15,0,False,0,False,False,True,True,1.6171347471654731,True,False,True,False,True,False,True,False,False,True,False,False,False,False,False,False,True,True,-20.0,0.0,3.313253012048193,8.0,0.2146219386976492,True,False,False,False,False,False,False,-1.0,False,8,False,False,591.7468107360265,21.4,5,False,3,False,False,False,False,"ema60_gt_ema120, volume_break, market_above_ma60, avoid_chase, foreign_buy_3d, adx_trending, obv_uptrend, mfi_strong",,,,,,,,,,
2026-09-21,59.6,61.9,58.7,60.4,3708988,225776455,4540,全球傳動,,0.4762342280798108,0.4542401050116286,0.0219941230681822,58.66231629912959,58.02097877622789,56.51059397199193,56.204423851559966,26.848754372288774,2.815814471363125,2412582.75,144643443.25,61.4,56.3,0.0066117453970946,0.1348272445803686,0.0728241563055063,0.0185497470489039,59.3,0.4898674835721386,61.75173558816311,58.86999999999989,55.988264411836674,0.7654650215454554,0.0979016676800822,76.92307692307692,65.49360549360487,59.27999999999956,58.41999999999989,235855302.0,226548669.75,-39.02439024390246,65.27989176391041,76.54645164381743,53.650000000000006,62.05,104238.36383333307,True,0.0417724788992404,211954.0,2.0,0.0,0.0,2467.0,3.0,0.0310516774062659,0.0,0.0,0.4504,0.031,0.0,2.67,-0.96,0,False,0,True,True,True,True,1.537351620374472,True,True,True,False,False,True,False,True,False,True,False,True,False,False,False,False,True,True,-10.0,0.0,1.6556291390728477,15.0,1.5129586554404033,True,False,False,False,False,False,False,-1.0,False,12,False,False,988.5290200690296,29.9,3,True,3,False,False,False,False,"macd_golden_cross, ema60_gt_ema120, volume_break, rsi_strong, market_above_ma60, liquidity_ok, hist_turn_positive, adx_trending, stronger_than_market, obv_uptrend, dealer_buy_3d, mfi_strong",,,,,,,,,,
2026-09-21,161.0,161.0,157.0,158.0,288575,45663446,4551,智伸科,,-3.3349031653672228,-3.5332387627628385,0.1983355973956158,161.11713385774547,168.06594312712218,164.15119706527307,45.70963208641886,13.102424717779549,7.466044962235258,922245.75,151637791.4,171.5,153.5,-0.2197817588222326,-0.7030214114076733,0.0128205128205127,-0.0094043887147335,159.5,0.3143837668241563,171.795532615946,161.375,150.954467384054,0.3380601009378632,0.129146802366488,34.285714285714285,35.23809523809541,156.9,158.75,9599183.0,10675035.2,-71.42857142857143,-44.77244772447721,37.43630624884545,183.375,209.75,104238.36383333307,True,0.0417724788992404,-62260.0,0.0,0.0,0.0,-3227.0,0.0,-0.0289519660787276,0.0,0.0,0.335,-0.0281,0.0,54.14,-0.01,0,False,0,False,False,False,True,0.3129046677634459,False,False,False,False,True,True,False,False,False,False,False,False,False,False,False,False,False,False,0.0,0.0,8.544303797468354,0.0,-0.1745330795790176,False,False,False,False,False,False,False,-1.0,False,4,False,False,251.03464972268625,10.2,3,False,3,False,True,False,True,"ema60_gt_ema120, market_above_ma60, avoid_chase, liquidity_ok",,close_below_ema20,,,,,,,,
2026-09-21,16.0,16.15,15.95,15.95,155130,2484677,4552,力達-KY,,-0.5189915128876379,-0.5535256097214414,0.0345340968338034,16.323217143753645,17.634777328923388,18.94004622533496,38.15389856206767,45.643091224713054,0.3942928710606955,202400.85,3286330.8,17.6,15.35,-0.5462401273121475,-0.4313110083020957,0.0390879478827361,0.0,15.95,1.2028333652997911,17.523046913689765,16.3400000000001,15.156953086310434,0.3351713716982807,0.1448037838053437,65.51724137931033,67.95019157088124,15.760000000000035,15.830000000000108,-4042453.0,-3592761.05,-50.0,-41.88596491228091,26.911254981971368,18.05,19.25,104238.36383333307,True,0.0417724788992404,-47000.0,0.0,0.0,0.0,1000.0,2.0,-0.0026845310165042,0.0,0.0,-0.1384,-0.0158,0.0,42.95,0.03,0,False,0,False,False,False,False,0.7664493503856332,False,False,True,False,True,False,False,False,False,False,False,False,False,False,False,False,False,False,0.0,0.0,10.344827586206913,0.0,-0.4242563934508198,False,False,False,True,False,False,False,-1.0,False,3,True,False,177.5734167824465,10.8,10,False,3,False,True,False,True,"market_above_ma60, avoid_chase, adx_trending",long_upper_shadow,close_below_ema20,,,,,,,,
2026-09-21,42.85,43.4,42.8,43.3,56675,2443175,4555,氣立,,-1.072336788730098,-0.9646329591570654,-0.1077038295730327,43.92986787743136,45.18363638109655,44.65150143406932,44.62988224908146,16.442099807241057,1.3488092322357537,131267.9,5837117.8,48.05,41.65,-0.6653607136786719,-0.1701708569994583,0.0334128878281623,0.0105017502917152,42.85,0.4506511794681521,48.41957045842522,44.36749999999993,40.31542954157464,0.3682772164313769,0.1826593997148948,81.81818181818181,55.17279228619433,42.45,42.490000000000144,41983918.0,41834879.8,-60.17699115044252,-44.58296230335431,26.858378500283663,46.0,47.5,104238.36383333307,True,0.0417724788992404,7050.0,1.0,0.0,0.0,0.0,0.0,-0.008359591071078,0.0,0.0,0.2554,-0.0852,0.0,3.57,-0.03,0,False,0,False,False,False,True,0.4317506412458796,False,False,False,False,True,False,False,False,False,True,False,False,False,False,False,False,False,False,-20.0,0.0,10.969976905311778,0.0,0.18485499449856,False,False,False,False,False,False,False,-1.0,False,4,False,False,251.5357663464415,10.9,3,False,3,False,True,False,True,"ema60_gt_ema120, market_above_ma60, avoid_chase, obv_uptrend",,close_below_ema20,,,,,,,,
2026-09-21,49.0,49.9,49.0,49.65,50076,2479658,4557,永新-KY,,-0.2303060833262336,-0.1415625197894318,-0.0887435635368018,50.22045174767453,50.46511044992664,52.93707590728308,44.594126308795154,10.029357515980193,1.0967869533893684,48687.1,2445085.8,52.8,49.65,-0.2350848470533881,0.030342025988237,-0.0168316831683168,-0.004012036108325,49.85,0.6299883216011666,52.31219755605044,50.45250000000014,48.59280244394985,0.2842391099054491,0.0737207296387805,32.49999999999993,28.03763440860227,49.84000000000015,49.97000000000044,-12060790.0,-12008625.05,-67.50000000000007,-107.88381742738484,51.64125072728114,50.85,48.4,104238.36383333307,True,0.0417724788992404,3000.0,1.0,0.0,0.0,1000.0,2.0,-0.0586041620675572,0.0,0.0,0.0422,-0.021,0.0,30.69,-0.13,0,False,0,False,False,False,False,1.02852706363698,False,False,False,False,True,False,False,False,False,False,False,False,False,False,False,False,True,False,0.0,0.0,6.344410876132928,0.0,-0.1733786869469183,False,False,False,False,False,False,False,-1.0,False,3,False,False,188.2047263930068,3.9,3,False,3,False,True,False,True,"market_above_ma60, avoid_chase, mfi_strong",,close_below_ema20,,,,,,,,
2026-09-21,28.95,29.05,28.7,29.0,167001,4809528,4560,強信-KY,,-0.7237067569722342,-0.7560763098022496,0.0323695528300154,29.73428628473652,31.11734824011797,31.92725768470631,36.86774843509597,23.683149990842047,0.6300242937339419,341180.85,10218535.95,33.45,28.6,-0.4205962633130088,-0.2659918046457917,0.0,0.0051993067590987,28.85,0.4817854467376442,31.77147595800261,29.645000000000163,27.51852404199771,0.3483406319331122,0.143462705886486,25.000000000000075,30.792972459639103,29.03000000000029,29.165000000000145,-1404438.0,-980244.3,-66.66666666666667,-68.50553922676882,33.65767787171383,32.275000000000006,32.75,104238.36383333307,True,0.0417724788992404,-18000.0,0.0,0.0,0.0,0.0,0.0,-0.0417724788992404,0.0,0.0,0.3249,0.0216,0.0,83.29,-0.11,0,False,0,False,False,False,False,0.4894794065962378,False,False,True,False,True,False,False,False,False,False,False,False,False,False,False,False,False,False,10.0,0.0,15.344827586206906,0.0,-0.5380257161254239,False,False,False,False,False,False,False,-1.0,False,3,False,False,223.43848547245727,4.5,5,False,3,False,True,False,True,"market_above_ma60, avoid_chase, adx_trending",,close_below_ema20,,,,,,,,
2026-09-21,30.1,31.35,29.95,31.35,209540,6455785,4562,穎漢,,-0.4465835274297092,-0.5732141552462942,0.1266306278165849,30.36758924130426,31.83606022915396,33.634689944741545,56.18510109467969,9.858068408297283,1.0441968173454166,129149.55,3943561.65,32.25,29.05,-0.3426082784822746,-0.2184402714510125,0.0791738382099829,0.0415282392026579,30.1,0.7615686730178799,32.18224014957894,30.402499999999964,28.62275985042099,0.7661905447894131,0.1170785395660867,100.0,71.12612612612611,29.93000000000029,29.76999999999989,16661422.0,16256017.7,-11.4754098360655,37.80219780219835,52.60524468923418,31.825000000000003,36.2,104238.36383333307,True,0.0417724788992404,89839.0,5.0,0.0,0.0,918.0,4.0,0.0374013593107425,0.0,0.0,-0.0099,0.2283,0.0,2.12,0.1,0,False,0,True,True,False,False,1.6224601634306894,True,True,False,False,False,False,True,True,False,True,False,True,False,False,False,False,True,True,-20.0,0.0,2.8708133971291816,8.0,0.4039971053855053,True,False,False,False,False,False,False,-1.0,False,10,False,False,789.0725668989329,30.6,3,False,3,False,False,False,False,"macd_golden_cross, volume_break, rsi_strong, market_above_ma60, hist_turn_positive, foreign_buy_3d, stronger_than_market, obv_uptrend, dealer_buy_3d, mfi_strong",,,,,,,,,,
2026-09-21,15.7,16.0,15.65,16.0,704107,11163651,4564,元翎,,-0.3214449544799294,-0.3328792802722617,0.0114343257923323,16.134907933745453,16.700606548159065,17.040429769821348,44.91993739399463,10.508372933380151,0.4682093759904011,684609.4,11105802.05,17.25,15.65,-0.4914256557877207,-0.2767315956969938,0.0223642172523961,0.019108280254777,15.7,0.7782732472555802,17.286685738133084,16.212499999999956,15.138314261866828,0.4010878694175979,0.1325132753286823,91.66666666666656,56.11111111111071,15.830000000000108,15.764999999999963,56330071.0,57596827.25,-54.16666666666658,-46.86318972033258,40.47064162385126,18.1875,18.55,104238.36383333307,True,0.0417724788992404,415103.0,3.0,0.0,0.0,3000.0,2.0,-0.0194082616468442,0.0,0.0,-0.1218,-0.3331,0.0,1.61,0.12,0,False,0,True,True,False,False,1.0284798894084717,False,False,False,False,True,False,True,False,False,False,False,False,False,False,False,False,False,True,-20.0,0.0,7.8125,0.0,-0.1179517510097141,True,False,False,False,False,False,False,-1.0,False,5,False,False,318.86937788196815,9.5,3,False,3,False,True,False,True,"macd_golden_cross, market_above_ma60, avoid_chase, hist_turn_positive, foreign_buy_3d",,close_below_ema20,,,,,,,,
2026-09-21,64.6,65.9,64.2,65.9,698873,45563589,4566,時碩工業,,-0.92652037778997,-1.1940625579587054,0.2675421801687354,65.13584186329285,66.15083617441748,65.13090677867393,51.07660960292554,8.5391517456796,2.2802039626300843,926690.05,60260776.25,66.8,62.7,-0.137341306902894,-0.0255731942481059,0.0476947535771066,0.0217054263565892,64.5,0.4880982181165036,66.966203019203,64.55500000000038,62.14379698079775,0.7789064191791742,0.0747022854682861,78.57142857142875,57.93650793650826,64.4,64.06000000000058,62999018.0,61631848.05,-26.66666666666645,46.629560915276,55.79356741441128,71.425,69.5,104238.36383333307,True,0.0417724788992404,91450.0,4.0,0.0,0.0,-790.0,0.0,0.0059222746778662,0.0,0.0,0.5395,0.0744,0.0,2.17,0.14,0,False,0,False,False,False,True,0.7541604660587431,False,False,False,False,True,True,True,True,False,True,False,False,False,False,False,False,True,True,-10.0,0.0,1.3657056145675135,15.0,0.1506180137722496,True,False,False,False,False,False,False,-1.0,False,8,False,False,649.3490208258544,13.6,3,False,3,False,False,False,False,"ema60_gt_ema120, market_above_ma60, avoid_chase, liquidity_ok, foreign_buy_3d, stronger_than_market, obv_uptrend, mfi_strong",,,,,,,,,,
2026-09-21,157.0,157.0,153.0,154.5,60297,9304679,4569,六方科-KY,,-2.878072995870042,-1.3759352246461596,-1.5021377712238824,160.87572067028182,163.99808136329426,164.36646852195386,42.247263370508,16.603911594355214,6.165923596632473,137332.0,23234479.85,180.0,152.5,-0.6315081246474367,-0.0548896026751811,0.0131147540983607,-0.0159235668789808,157.0,0.3058580074764137,182.0740140571251,164.325,146.5759859428749,0.2232240628020725,0.2160232959942203,19.23076923076923,13.913408995376209,155.0,157.2,4080639.0,4452293.8,-92.06349206349206,-82.31148696264988,37.26320105576673,162.5,170.5,104238.36383333307,True,0.0417724788992404,-1000.0,0.0,0.0,0.0,0.0,0.0,-0.0286577248008796,0.0,0.0,0.0362,-0.1867,0.0,67.12,0.15,0,False,0,False,False,False,False,0.439060087962019,False,False,False,False,True,False,False,False,False,False,False,False,False,False,False,False,False,False,20.0,0.0,16.50485436893204,0.0,-1.291494785937619,False,False,False,False,False,False,False,-1.0,False,2,False,False,118.89266344836876,9.2,3,False,3,False,True,False,True,"market_above_ma60, avoid_chase",,close_below_ema20,,,,,,,,
2026-09-21,152.5,152.5,150.0,151.5,113014,17064227,4571,鈞興-KY,,-3.006294838056135,-2.8348168021183286,-0.1714780359378065,153.80993464272157,160.78649655333143,166.21349106212838,43.56718870738924,14.972087273897769,4.311567840051475,118560.95,18392444.2,161.5,147.5,-0.3934178533094026,-0.1250139826849103,0.0167785234899329,0.0,151.5,0.4239570199514431,162.99349466361878,154.35,145.7065053363812,0.3351361277518981,0.1119986350971011,66.66666666666667,42.59732878658724,149.8,150.55,29643430.0,29914922.6,-70.58823529411765,-54.7965011205089,50.34515729161071,162.875,178.5,104238.36383333307,True,0.0417724788992404,-8000.0,0.0,0.0,0.0,-1000.0,0.0,-0.0249939554093074,0.0,0.0,-0.0401,-0.117,0.0,63.1,-0.03,0,False,0,False,False,False,False,0.9532143593653728,False,False,False,False,True,False,False,False,False,False,False,False,False,False,False,False,True,False,0.0,0.0,6.6006600660066,0.0,-0.3583746454910307,False,False,False,False,False,False,False,-1.0,False,3,False,False,165.23164784776137,8.0,3,False,3,False,True,False,True,"market_above_ma60, avoid_chase, mfi_strong",,close_below_ema20,,,,,,,,
2026-09-21,141.0,141.0,139.5,140.5,8258,1158832,4572,駐龍,,-0.1898028917239003,-0.1213744938806684,-0.0684283978432318,141.38714626642548,142.4427268867267,144.20725979341225,46.03845306260102,13.755326938139422,2.5611574601309983,17616.85,2504916.2,144.5,140.5,0.0144686818118924,-0.0912967609375023,-0.0140350877192982,0.0,140.5,0.9492624799077604,144.36376045686757,141.45,138.5362395431324,0.3369804220245886,0.0411984511398738,28.571428571428573,30.952380952381645,141.1,141.35,-1103268.0,-1104626.9,-71.42857142857143,-60.85376930063487,56.30448685324939,142.625,146.5,104238.36383333307,True,0.0417724788992404,-1000.0,0.0,0.0,0.0,0.0,0.0,-0.0558075666185386,0.0,0.0,0.4885,0.4044,0.0,1.7,-0.01,0,False,0,False,False,False,False,0.4687557650771846,False,False,False,False,True,False,False,False,False,True,False,False,False,False,False,False,True,False,10.0,0.0,2.8469750889679712,8.0,0.0108993228914627,False,False,False,False,False,False,False,-1.0,False,4,False,False,297.8183495254694,2.7,3,False,3,False,True,False,True,"market_above_ma60, avoid_chase, obv_uptrend, mfi_strong",,close_below_ema20,,,,,,,,
2026-09-21,240.0,241.5,233.0,233.5,1595336,376108029,4576,大銀微系統,,5.812174940921466,6.494159367847168,-0.6819844269257018,229.9176721339856,219.13883631317287,204.5436788383532,53.6200671178671,22.795654633004624,13.77088933244561,3204458.8,756901091.7,247.0,228.0,0.6693616645873255,0.240210879765492,0.0241228070175438,-0.0270833333333333,240.0,0.6474376723624917,255.9458567489739,229.625,203.3041432510261,0.5736108257598997,0.2292507936764194,37.735849056603776,39.60633056527028,233.7,235.6,123425199.0,117784448.2,-70.0,39.37645510679226,51.02643857289405,208.625,213.5,104238.36383333307,True,0.0417724788992404,-595000.0,0.0,0.0,0.0,-46556.0,0.0,-0.0176496718816965,0.0,0.0,0.9805,0.1635,0.0,7.74,0.0,0,False,0,False,False,True,True,0.4978488099144854,False,False,True,False,True,True,False,False,False,True,False,False,False,False,False,False,True,False,0.0,0.0,5.781584582441114,0.0,1.007959274250333,False,False,True,False,False,False,False,-1.0,False,8,False,False,577.0739993901489,13.7,3,False,3,False,False,False,False,"ema60_gt_ema120, market_above_ma60, avoid_chase, liquidity_ok, adx_trending, obv_uptrend, mfi_strong, above_ichimoku_cloud",,,,,,,,,,
2026-09-21,48.25,48.5,48.25,48.45,8000,387200,4581,光隆精密-KY,,0.3662461030356212,-0.9155906187578826,1.2818367217935038,45.05788256638954,46.60687761062,47.96767093044178,51.92367237718249,10.360333668836654,6.643891974770079,6734.5,322155.55,48.55,0.0,,,0.0275715800636269,0.0031055900621119,48.3,0.3006343384541382,71.81329775713262,43.07999999999993,14.34670224286724,0.5934455913377893,1.333950685103655,96.42857142857164,98.67149758454131,48.0,42.889999999999965,-379366.0,-402766.45,-0.1030927835051487,41.27242119928021,71.4161740951225,49.7,26.15,104238.36383333307,True,0.0417724788992404,-1000.0,0.0,0.0,0.0,1000.0,1.0,-0.0142008988356134,0.0,0.0,0.2055,0.0988,0.0,24.02,-0.01,0,False,0,False,False,True,False,1.1879129853738213,False,False,False,False,True,False,False,False,False,True,False,False,False,False,False,False,True,True,-20.0,0.0,0.2063983488131977,25.0,0.5778360493629919,False,False,False,False,False,False,False,-1.0,False,4,False,False,313.8131624460941,29.7,3,False,3,False,False,False,False,"market_above_ma60, avoid_chase, obv_uptrend, mfi_strong",,,,,,,,,,
2026-09-21,443.5,443.5,426.5,434.0,40870,17662140,4583,台灣精銳,,-19.724148450889857,-20.047031154654647,0.3228827037647903,449.8221401169896,507.5814450798678,564.6142783370598,37.97561004957796,32.16826543413308,16.469832297807216,84019.35,38047510.25,478.5,420.0,-0.5991154344389399,-0.6583850538358351,0.0093023255813953,0.0057937427578216,431.5,1.01068881997954,488.06627728247975,450.525,412.9837227175202,0.2799089269704727,0.1666556896175784,34.09090909090909,20.42418522380831,425.5,435.05,690184.0,892345.45,-79.59183673469387,-67.32978793250597,26.641274793118495,509.375,569.5,104238.36383333307,True,0.0417724788992404,-9886.0,0.0,-859.0,0.0,890.0,2.0,-0.032470153317845,0.0,0.0,0.2363,-0.1624,0.0,2.41,0.05,0,False,0,True,True,False,False,0.4864355651406491,False,False,True,False,True,False,False,False,False,False,False,False,False,False,False,False,False,False,0.0,0.0,10.253456221198157,0.0,-0.1449125629929764,False,False,False,False,True,False,False,-1.0,False,5,True,False,378.1254048954908,8.3,8,False,3,False,True,False,True,"macd_golden_cross, market_above_ma60, avoid_chase, hist_turn_positive, adx_trending",open_high_close_low,close_below_ema20,,,,,,,,
2026-09-21,93.0,93.5,91.2,91.7,216801,20054313,4590,富田-創,,0.9143783746387726,0.934703604368504,-0.0203252297297313,89.20378335798277,86.46277379338429,84.2297098079623,57.7176829789961,32.5654156927134,2.933672281799564,309652.9,27981411.1,93.4,86.8,0.1487006686678851,0.063286794575341,0.0385050962627406,0.0076923076923076,91.0,0.5535779379299135,93.01600792797664,89.29499999999989,85.57399207202315,0.823165127104124,0.0833419100280362,57.64705882352948,45.49019607843184,89.4,89.97000000000007,-2155543.0,-2856670.6,-42.35294117647052,126.1063743402352,67.60241526379183,86.77499999999999,86.1,104238.36383333307,True,0.0417724788992404,86000.0,4.0,0.0,0.0,19.0,4.0,-0.0032673826364997,0.0,0.0,0.6292,0.5162,0.0,7.22,0.37,0,False,0,False,False,True,True,0.7001419977012971,False,True,True,False,True,False,True,False,False,True,False,True,False,False,False,True,True,False,0.0,-12.0,1.8538713195201777,15.0,0.6286438421346852,True,False,True,False,True,False,False,-1.0,False,11,True,False,862.5451460826291,11.8,8,False,3,False,False,False,False,"ema60_gt_ema120, rsi_strong, market_above_ma60, avoid_chase, foreign_buy_3d, adx_trending, obv_uptrend, dealer_buy_3d, cci_momentum, mfi_strong, above_ichimoku_cloud",open_high_close_low,,,,,,,,,
2026-09-21,18.75,20.2,18.65,19.55,2461400,48388654,4720,德淵,,-0.1460049911369481,-0.3025176644218429,0.1565126732848948,18.673321555002,19.783394651670044,20.242656768932125,59.177903106494895,19.38489923905352,0.6641290587909884,671284.85,12818019.15,19.45,17.9,-0.007506775928515,-0.4918824707899206,0.0712328767123287,0.0454545454545456,18.7,1.0909737830796726,19.487076169701115,18.602499999999964,17.717923830298812,1.0355672199038233,0.0951029345196778,72.34042553191493,71.30517236900171,18.629999999999928,18.514999999999965,105660310.0,102833554.8,-27.659574468085072,153.27380952380994,67.85972228998658,20.15,23.6,104238.36383333307,True,0.0417724788992404,-956000.0,0.0,0.0,0.0,2311.0,1.0,0.0294603978130882,0.0,0.0,0.2512,-0.0228,0.0,5.35,-0.02,0,False,0,False,False,False,False,3.666699762403397,True,True,False,True,False,False,False,True,False,True,False,False,True,True,False,True,True,True,-10.0,-25.0,-0.5115089514066569,25.0,0.9523191408206358,False,False,False,False,False,False,False,-1.0,False,10,False,False,833.0948273138816,57.0,3,False,3,False,False,False,False,"volume_break, rsi_strong, breakout_20d, market_above_ma60, stronger_than_market, obv_uptrend, bb_squeeze_breakout, breakout_volume_confirm, cci_momentum, mfi_strong",,,,,,,,,,
2026-09-21,190.5,194.5,184.0,191.0,1300758,247592775,4722,國精化,,-6.578292369690928,-6.640674471028991,0.0623821013380627,194.79910907610696,209.4743210236793,210.47794880923212,44.34220465997214,21.71325196730577,11.200068021669992,792352.75,154811928.1,213.5,183.0,-0.775157927532356,-0.586070347613497,0.0052631578947368,0.0079155672823219,189.5,2.403374429697492,216.75935314512424,196.875,176.99064685487576,0.3522707790109686,0.2019997779822144,73.6842105263158,48.12462189957599,187.1,188.15,162636277.0,162330328.75,-56.92307692307692,-57.420924574209074,52.98729026614061,212.875,232.0,104238.36383333307,True,0.0417724788992404,157847.0,4.0,0.0,0.0,10967.0,1.0,-0.0365093210045035,0.0,0.0,0.2414,-0.0728,0.0,4.05,0.03,0,False,0,True,True,False,False,1.6416400397424,True,False,True,False,True,True,True,False,False,True,False,False,False,False,False,False,True,False,-10.0,0.0,11.780104712041885,0.0,0.1209150793916976,True,False,False,True,False,False,False,-1.0,False,10,True,False,742.8673813501243,23.7,3,False,3,False,True,False,True,"macd_golden_cross, volume_break, market_above_ma60, avoid_chase, liquidity_ok, hist_turn_positive, foreign_buy_3d, adx_trending, obv_uptrend, mfi_strong",long_upper_shadow,close_below_ema20,,,,,,,,
2026-09-21,134.0,134.5,132.5,133.5,256420,34261085,4736,泰博,,-0.1109926263453644,-0.8581003122759693,0.7471076859306048,130.32956587376052,129.85041435313548,128.42382612931073,57.43650173268381,20.37952036440319,3.046022638209057,325522.4,42085102.5,140.5,124.5,0.045304147682371,0.0669925020818548,0.0389105058365759,0.0037593984962405,133.0,0.9235291465668816,136.913726723039,128.825,120.736273276961,0.7889824418646928,0.1255769722187308,90.0,91.9696969696967,131.6,129.2,4474785.0,3495817.6,-8.695652173913043,100.56258790436048,61.52019172963459,134.125,132.0,104238.36383333307,True,0.0417724788992404,17398.0,3.0,50000.0,4.0,0.0,0.0,-0.0028619730626644,0.0,0.0,0.4269,0.0547,0.0,7.25,0.31,0,False,0,False,False,True,True,0.7877184488686493,False,True,True,False,True,False,True,False,False,True,True,False,False,False,False,True,True,True,-20.0,0.0,5.243445692883896,0.0,0.8389884222483123,True,True,False,False,False,False,False,-1.0,False,10,False,False,782.9450455556662,10.5,5,True,3,False,False,False,False,"ema60_gt_ema120, rsi_strong, market_above_ma60, avoid_chase, foreign_buy_3d, adx_trending, obv_uptrend, invest_trust_buy_2d, cci_momentum, mfi_strong",,,,,,,,,,
2026-09-21,60.2,60.5,59.9,60.5,52029,3134876,4737,華廣,,0.6953594897781556,0.429361905108772,0.2659975846693836,58.26979872898109,57.6409269953229,58.193035788552365,61.13793060787976,16.44754267414026,1.7375484943731936,102615.5,5939837.05,60.3,54.0,0.1822069581140889,0.0459572759271176,0.1203703703703704,0.0033167495854062,60.3,0.6093820973598193,61.044484490422754,58.13500000000003,55.22551550957731,0.9064293877119712,0.1000940738082985,96.0526315789474,95.5779860610425,59.45999999999985,58.5,-276317.0,-791354.75,-3.947368421052597,173.9078396169953,65.30091539531202,58.775,59.825,104238.36383333307,True,0.0417724788992404,4000.0,4.0,0.0,0.0,1000.0,2.0,0.07859789147113,0.0,0.0,-0.1032,0.0293,0.0,28.89,-0.04,0,False,0,False,False,True,False,0.5070286652601215,False,True,False,True,False,False,True,True,False,True,False,False,False,False,False,False,True,True,-20.0,-25.0,-0.3305785123966989,25.0,0.8487256449763995,True,False,True,False,False,False,False,-1.0,False,8,False,False,635.254994392318,23.6,5,False,3,False,False,False,False,"rsi_strong, breakout_20d, market_above_ma60, foreign_buy_3d, stronger_than_market, obv_uptrend, mfi_strong, above_ichimoku_cloud",,,,,,,,,,
2026-09-21,79.5,82.9,79.3,82.1,838886,67908069,4739,康普,,-2.008905865585973,-2.1865326916348278,0.1776268260488542,81.33315326790631,86.708168999817,87.85937075035457,49.359554293865,16.2577084295736,3.225914678256871,1351250.05,111340366.35,88.8,76.0,-0.6726747612957755,-0.4185996223892496,0.0620957309184992,0.0327044025157232,79.5,0.5682463983349262,90.26586527873096,82.1899999999996,74.11413472126824,0.4944278416681473,0.1965169796503564,90.12345679012331,65.79610275842363,79.05999999999986,78.79999999999927,85548136.0,87489342.7,-37.60683760683765,-15.50387596899268,45.53616328472459,86.625,101.6,104238.36383333307,True,0.0417724788992404,211211.0,1.0,0.0,0.0,11469.0,4.0,0.0203232520192588,0.0,0.0,0.344,-0.106,0.0,4.41,0.0,0,False,0,True,True,False,False,0.6208221786929813,False,False,False,False,False,True,False,True,False,False,False,True,False,False,False,False,False,True,-20.0,0.0,8.160779537149821,0.0,-0.280441505169622,False,False,False,False,False,False,False,-1.0,False,6,False,False,487.8429237248944,16.4,3,False,3,False,False,False,False,"macd_golden_cross, market_above_ma60, liquidity_ok, hist_turn_positive, stronger_than_market, dealer_buy_3d",,,,,,,,,,
2026-09-21,47.9,48.4,47.6,47.8,436677,20927907,4746,台耀,,-1.0754763792783493,-1.4013714811402698,0.3258951018619205,47.645917970730814,49.99091563071591,52.04097431723942,47.78802216555025,21.109427389536695,1.2262684810954805,693989.85,32733058.6,50.0,45.25,-0.3143649468119039,-0.2849868480498627,0.0528634361233479,-0.0010449320794149,47.85,1.1532458187680683,50.24102517709511,47.20749999999989,44.17397482290467,0.5976586587238187,0.1285187810028164,82.35294117647054,87.7864782276544,47.04999999999964,46.369999999999706,-10884981.0,-11484292.7,-25.33333333333341,31.64733548567107,44.150159715903214,52.875,52.6,104238.36383333307,True,0.0417724788992404,55000.0,6.0,0.0,0.0,1000.0,2.0,0.0110909572241075,0.0,0.0,0.2569,0.1863,0.0,8.09,0.88,0,False,0,False,False,False,False,0.6292267819190728,False,False,True,False,False,False,True,True,False,True,False,False,False,False,False,False,False,True,-20.0,0.0,4.602510460251052,0.0,0.3882081143826538,True,False,False,True,False,False,False,-1.0,False,5,True,False,470.9507651917826,13.0,5,True,3,False,False,False,False,"market_above_ma60, foreign_buy_3d, adx_trending, stronger_than_market, obv_uptrend",long_upper_shadow,,,,,,,,,
2026-09-21,113.5,119.0,113.5,115.5,360976,42265706,4755,三福化,,-1.3971427863346833,-1.5307664197516506,0.1336236334169673,114.91640790263828,120.64111743133556,125.66816063782342,49.50249416912138,7.570816257192344,3.461685594719207,196347.55,22856181.85,120.0,111.0,-0.2985941746716472,-0.2831589711475318,0.0358744394618835,0.0221238938053096,113.0,1.9580515323489576,121.02729309557006,115.575,110.12270690442996,0.4931221599164451,0.0943507349438902,65.0,55.0,113.4,113.3,-2898253.0,-2430596.6,-48.0,5.197740112994636,34.777532550126324,119.375,126.75,104238.36383333307,True,0.0417724788992404,-59000.0,0.0,0.0,0.0,0.0,0.0,-0.0058980394373568,0.0,0.0,0.1088,0.091,0.0,22.92,0.07,0,False,0,True,True,False,False,1.838454312264146,True,False,False,False,True,False,False,False,False,False,False,False,False,False,False,False,False,True,0.0,0.0,3.896103896103896,0.0,-0.4841539137682117,False,False,False,False,False,False,False,-1.0,False,5,False,False,362.5746961574229,27.9,3,False,3,False,False,False,False,"macd_golden_cross, volume_break, market_above_ma60, avoid_chase, hist_turn_positive",,,,,,,,,,
2026-09-21,51.2,53.5,49.6,49.65,17213150,878004077,4763,材料*-KY,,-0.0121417864066799,-0.0741636968950578,0.0620219104883779,48.69710719015708,48.19010164476486,48.19297254625847,52.68605276887372,16.20636088666214,2.262485325063548,8657530.2,420231028.0,51.5,44.9,0.2522120596964614,0.007517495312081,0.006079027355623,-0.0168316831683168,50.5,1.934832443273749,52.16042147935331,48.28249999999999,44.40457852064666,0.6763186809326598,0.1606346597360669,55.23255813953487,65.34981724036152,48.17000000000007,48.48500000000004,-331856202.0,-336716520.55,-44.76744186046512,107.84113359220662,59.84101424875894,50.775,48.025,104238.36383333307,True,0.0417724788992404,-1215416.0,0.0,17000.0,5.0,74185.0,3.0,-0.0356934515436173,0.0,0.0,0.2082,-0.0178,0.0,46.59,0.52,0,False,0,True,True,True,False,1.9882286982955024,True,False,False,False,True,True,False,False,False,True,True,True,False,False,False,True,True,False,0.0,0.0,3.726082578046328,0.0,0.271257869320928,False,True,False,False,False,False,False,-1.0,False,11,False,False,838.1373814148062,28.7,3,False,3,False,False,False,False,"macd_golden_cross, volume_break, market_above_ma60, avoid_chase, liquidity_ok, hist_turn_positive, obv_uptrend, invest_trust_buy_2d, dealer_buy_3d, cci_momentum, mfi_strong",,,,,,,,,,
2026-09-21,345.0,345.0,343.0,343.5,57625,19831514,4766,南寶,,0.4497871516637133,0.5893199426361186,-0.1395327909724053,340.8041323975773,341.44443430376185,342.717357739055,53.32537772210948,11.9366496479394,6.089396304742489,137391.8,47184199.7,353.5,333.0,-0.111869133398251,0.0038838073254433,0.0299850074962517,-0.0072254335260115,346.0,0.9607725359327226,351.3038127380283,342.45,333.5961872619717,0.5592964879124969,0.0517086449877546,83.87096774193549,81.17488246520527,340.2,339.7,21120319.0,21176677.7,-33.333333333333336,24.4328097731224,46.45913254576177,327.125,340.5,104238.36383333307,True,0.0417724788992404,-11000.0,0.0,0.0,0.0,1000.0,1.0,-0.0117874714029886,0.0,0.0,0.1417,-0.0734,0.0,15.83,0.14,0,False,0,False,False,True,False,0.4194209552535159,False,False,False,False,True,False,False,False,False,False,False,False,False,False,False,False,False,True,-20.0,0.0,2.911208151382824,8.0,-0.0614223160066602,False,False,True,False,False,False,False,-1.0,False,3,False,False,216.45714176045524,8.4,3,False,3,False,False,False,False,"market_above_ma60, avoid_chase, above_ichimoku_cloud",,,,,,,,,,
2026-09-21,207.5,207.5,200.5,200.5,599557,122151401,4764,雙鍵,,-11.023648203953798,-10.161624094474394,-0.8620241094794032,218.36889696788813,240.66532579164536,233.45207362676743,39.411130918200186,16.941249022364893,14.327106277320462,1035283.7,235210989.6,249.5,202.5,-0.870526208630529,-0.7957746249286459,-0.0337349397590361,-0.0195599022004889,204.5,0.6274648953237428,251.51634327833875,221.775,192.0336567216613,0.1423329000157326,0.2682118658851425,7.042253521126761,13.615023474178694,204.0,210.8,45196585.0,47609338.15,-94.89795918367346,-107.40740740740722,19.496865622698635,275.75,298.5,104238.36383333307,True,0.0417724788992404,-133152.0,0.0,0.0,0.0,-244.0,0.0,-0.0755074186582765,0.0,0.0,0.2275,-0.0896,0.0,24.88,-0.67,0,False,0,False,False,False,True,0.5791233842472359,False,False,False,False,True,True,False,False,False,False,False,False,False,False,False,False,False,False,20.0,12.0,24.438902743142144,0.0,-0.3811232992658248,False,False,False,False,False,False,False,-1.0,False,4,False,False,283.2177542512825,10.7,3,False,3,False,True,True,True,"ema60_gt_ema120, market_above_ma60, avoid_chase, liquidity_ok",,"close_below_ema20, close_below_swing_low",,,,,,,,
2026-09-21,215.0,220.0,211.0,219.0,365558,79456655,4771,望隼,,3.117011636047636,2.584222699023872,0.532788937023764,208.63231604138912,202.57372198649597,197.30475183959092,62.22238290181841,19.39070424401882,7.031206835276107,271217.8,57236858.15,215.0,201.5,0.062663533176084,0.1040853036260513,0.0735294117647058,0.0186046511627906,215.0,1.773175220564381,219.04734004918245,209.65,200.2526599508176,0.9974811995237648,0.0896478898085613,95.23809523809524,86.92895857530009,212.7,209.55,7133730.0,5835115.65,-4.761904761904762,128.9293849658318,70.26782709740311,196.125,198.75,104238.36383333307,True,0.0417724788992404,109173.0,3.0,0.0,0.0,8363.0,1.0,0.0317569328654654,0.0,0.0,0.7064,0.3889,0.0,11.01,0.61,0,False,0,False,False,True,True,1.3478392642370818,False,True,False,True,False,True,True,True,False,True,False,False,False,False,False,False,True,True,-20.0,-25.0,-1.82648401826484,25.0,1.3725245961866883,True,False,True,False,False,False,False,-1.0,False,10,False,False,819.9486877966111,24.0,3,False,3,False,False,False,False,"ema60_gt_ema120, rsi_strong, breakout_20d, market_above_ma60, liquidity_ok, foreign_buy_3d, stronger_than_market, obv_uptrend, mfi_strong, above_ichimoku_cloud",,,,,,,,,,
2026-09-21,254.0,263.5,246.0,257.5,1909144,490578704,4770,上品,,7.181552899760533,4.504095122563074,2.677457777197459,230.87888238115045,224.48143239884,226.4982211962892,66.78345130099821,25.743190025506703,10.674750318785945,791485.95,185762187.55,251.0,220.0,0.8476818335259583,0.1178841914721235,0.1469933184855234,0.0258964143426294,251.0,2.983908830249444,256.3455323030872,227.25,198.15446769691283,1.019839260627487,0.2560662908962567,86.51685393258427,82.79387839879746,238.2,236.9,17692219.0,12177922.25,-12.371134020618555,164.53598484848473,79.48864010831363,220.75,232.75,104238.36383333307,True,0.0417724788992404,38084.0,4.0,0.0,0.0,64975.0,2.0,0.105220839586283,0.0,0.0,-0.295,-0.0656,0.0,7.92,0.81,0,False,0,False,False,True,False,2.412100934956584,True,True,True,True,False,True,True,True,False,True,False,False,False,True,False,False,True,True,-20.0,-25.0,-2.524271844660194,25.0,2.0,True,False,True,False,False,False,False,-1.0,False,12,False,False,1008.1210093495658,57.7,8,False,3,False,False,False,False,"volume_break, rsi_strong, breakout_20d, market_above_ma60, liquidity_ok, foreign_buy_3d, adx_trending, stronger_than_market, obv_uptrend, breakout_volume_confirm, mfi_strong, above_ichimoku_cloud",,,,,,,,,,
2026-09-21,16.2,16.2,15.75,16.15,283465,4570053,4930,燦星網,,-0.04588737577631,-0.0716619910774971,0.025774615301187,16.103479395380155,16.47024395377941,17.37910156281523,50.5113189088006,12.848685073517167,0.2418564393248365,64808.2,1043611.25,16.25,15.8,-0.0506225631202654,-0.1038173362304353,0.0221518987341771,-0.0030864197530864,16.2,5.284604952189114,16.355798724104304,16.104999999999883,15.854201275895464,0.5897133750596346,0.0311454485072241,64.28571428571425,66.66666666666606,16.099999999999817,16.04499999999989,-5028245.0,-5099441.95,-35.71428571428575,-35.5392156862762,42.74099638454302,16.35,17.025,104238.36383333307,True,0.0417724788992404,1000.0,2.0,0.0,0.0,1000.0,2.0,-0.0196205801650632,0.0,0.0,0.3143,0.2195,0.0,2.16,-0.04,0,False,0,False,False,False,False,4.373906388389123,True,False,False,False,True,False,False,False,False,True,False,False,False,False,False,False,False,True,0.0,0.0,0.6191950464396374,25.0,0.1647999720791047,True,False,False,False,False,False,False,-1.0,False,4,False,False,370.7166635488405,46.8,3,False,3,False,False,False,False,"volume_break, market_above_ma60, avoid_chase, obv_uptrend",,,,,,,,,,
2026-09-21,31.05,31.3,30.65,30.95,122142,3779310,4807,日成-KY,,-0.3568994858828311,-0.98409446128075,0.6271949753979188,29.87201010461612,31.26507400082169,29.47314154246316,53.16719203003184,25.311377848795548,1.623845505148496,214905.1,6304191.75,31.4,27.4,0.6306530226456402,-0.6932726708195511,0.1053571428571429,-0.0143312101910827,31.4,0.7548655932692212,31.356553365948013,28.74249999999993,26.128446634051844,0.9222369804603124,0.1818946414506804,75.25773195876289,71.13402061855716,30.809999999999853,29.654999999999927,7216943.0,6166932.0,-24.48979591836734,153.70545028437516,68.85219057063172,35.9625,37.2,104238.36383333307,True,0.0417724788992404,-18641.0,0.0,0.0,0.0,1000.0,1.0,0.0635846639579025,0.0,0.0,1.0543,0.4119,0.0,67.49,-0.42,0,False,0,False,False,False,True,0.5683531940377403,False,False,True,False,False,False,False,True,False,True,False,False,False,False,False,False,True,True,-10.0,-25.0,1.45395799676898,15.0,1.0843380335911912,False,False,False,True,False,False,False,-1.0,False,6,True,False,558.6955883434717,24.9,5,True,3,False,False,False,False,"ema60_gt_ema120, market_above_ma60, adx_trending, stronger_than_market, obv_uptrend, mfi_strong",long_upper_shadow,,,,,,,,,
2026-09-21,55.6,55.6,55.3,55.3,18356,1018878,5007,三星,,-0.1950613385732396,-0.1039074999149258,-0.0911538386583137,55.93165695092418,56.19133769276928,56.25459943003575,36.86942715745719,20.102346469734147,0.4505147814604823,40066.8,2249254.95,56.6,55.6,-0.075051360759479,-0.0017901609462064,-0.007181328545781,-0.0053956834532374,55.6,0.6142261177156492,56.84349237707181,56.03999999999997,55.23650762292812,0.0395102547850332,0.0286756736999232,7.142857142856744,21.42857142857186,55.54000000000015,55.86000000000022,4439637.0,4582785.2,-92.85714285714326,-132.43293941099185,43.937602792642274,56.1,56.7,104238.36383333307,True,0.0417724788992404,-5000.0,0.0,0.0,0.0,3000.0,3.0,-0.0489538074450214,0.0,0.0,0.0351,-0.0749,0.0,3.52,0.0,0,False,0,False,False,False,False,0.4581349146924635,False,False,True,False,True,False,False,False,False,False,False,True,False,False,False,False,False,False,20.0,25.0,2.3508137432188145,8.0,-0.5746406038204804,False,False,False,False,False,False,False,-1.0,False,4,False,False,320.68566190107884,1.4,5,False,3,False,True,True,True,"market_above_ma60, avoid_chase, adx_trending, dealer_buy_3d",,"close_below_ema20, close_below_swing_low",,,,,,,,
2026-09-21,56.2,56.2,54.1,54.6,72693,3969058,5283,禾聯碩,,-0.2673410925510922,-0.3406509028909329,0.0733098103398408,54.40552391321135,54.51049566179942,55.21532007898563,50.38301779143468,17.512701382300826,1.5790706108183992,112871.5,6288815.2,61.1,52.9,-0.2994647271109152,0.0585342611231081,0.0186567164179105,-0.0301953818827708,56.3,0.8822945672515466,59.67002682920571,54.5449999999998,49.419973170793895,0.5053658255686362,0.1879192163976872,56.4102564102565,64.63675213675197,54.0,53.94999999999963,-297328.0,-342571.0,-40.47619047619042,18.782014797951533,51.76350073231743,55.975,55.25,104238.36383333307,True,0.0417724788992404,-43000.0,0.0,0.0,0.0,1000.0,1.0,-0.0231157624813298,0.0,0.0,0.0799,-0.2223,0.0,1.67,0.02,0,False,0,False,False,True,False,0.6440332590600816,False,False,False,False,True,False,False,False,False,True,False,False,False,False,False,False,True,True,0.0,0.0,11.904761904761903,0.0,0.0604613675018901,False,False,False,False,False,False,False,-1.0,False,4,False,False,277.1658690006235,8.4,3,False,3,False,False,False,False,"market_above_ma60, avoid_chase, obv_uptrend, mfi_strong",,,,,,,,,,
2026-09-21,189.5,191.5,188.5,190.0,49150,9351920,5288,豐祥-KY,,-0.4809784732111382,-0.8991314677960554,0.4181529945849171,187.1086488872792,184.89653315101083,176.21128273382192,54.67981689349008,11.683811157820996,5.14948065647689,96169.7,17965375.65,191.5,180.5,-0.1057592170922211,0.0181806473274131,0.0410958904109588,0.0052910052910053,189.0,2.148380745592092,193.4318322906109,187.025,180.61816770938907,0.7321740186924971,0.0685131109810018,82.75862068965517,77.01149425287379,187.2,185.0,297441.0,11525.45,-22.580645161290324,77.51937984496162,32.6578244622617,189.875,180.0,104238.36383333307,True,0.0417724788992404,8038.0,5.0,0.0,0.0,803.0,7.0,-0.0006765884882815,0.0,0.0,0.601,-0.0466,0.0,59.89,-0.33,0,False,0,False,False,True,True,0.5110757338330056,False,False,False,False,True,False,True,False,False,True,False,True,False,False,False,False,False,True,-20.0,0.0,0.7894736842105263,25.0,1.1998230202257334,True,False,True,True,False,False,False,-1.0,False,7,True,False,569.5086335810389,11.5,3,True,3,False,False,False,False,"ema60_gt_ema120, market_above_ma60, avoid_chase, foreign_buy_3d, obv_uptrend, dealer_buy_3d, above_ichimoku_cloud",long_upper_shadow,,,,,,,,,
2026-09-21,294.0,302.0,294.0,300.0,197511,58968875,5284,jpp-KY,,-5.210815458414459,-2.5837553946513507,-2.627060063763108,306.5537769331502,316.63890145472897,319.3261406520873,45.45763239919298,11.891809052262102,13.078379891338344,369083.05,118314992.65,355.0,290.0,-0.7289684056470156,-0.1269346129003013,0.0101010101010101,0.0101010101010101,297.0,0.2207320118332915,347.5256706341305,313.975,280.42432936586954,0.2917329261105214,0.2137155546405317,44.44444444444444,29.50382447665106,294.5,299.85,70379107.0,70420966.35,-83.89261744966443,-77.18405428329103,26.19184647172372,299.375,350.25,104238.36383333307,True,0.0417724788992404,40211.0,1.0,0.0,0.0,-2154.0,0.0,-0.0316714687982302,0.0,0.0,0.1317,-0.1387,0.0,49.97,-1.49,0,False,0,False,False,False,False,0.535139719908568,False,False,False,False,True,True,False,False,False,False,False,False,False,False,False,False,False,False,0.0,0.0,18.33333333333333,0.0,-0.0223575486476158,False,False,False,False,False,False,False,-1.0,False,3,False,False,180.08310661531428,9.3,3,False,3,False,True,False,True,"market_above_ma60, avoid_chase, liquidity_ok",,close_below_ema20,,,,,,,,
2026-09-21,50.2,50.2,49.3,49.55,251087,12434973,5515,建國,,0.143426683136802,0.7152958936372027,-0.5718692105004006,50.30272120012782,47.62391765736327,44.10577595437189,47.56228360496467,20.58560960150899,1.355984758231099,383739.25,19683093.65,53.4,48.4,-0.4776075963718608,0.5230114347810894,0.0020222446916076,-0.0070140280561122,49.9,1.418176906344241,54.50744488141756,51.33249999999989,48.157555118582216,0.2192864653442468,0.1237011593597693,29.629629629629544,31.82914715481699,49.28999999999942,50.02499999999982,18748211.0,19478903.4,-75.25773195876299,-76.58292243875678,35.57462160429144,45.75,44.325,104238.36383333307,True,0.0417724788992404,-45600.0,0.0,0.0,0.0,-23637.0,0.0,-0.0397502342076327,0.0,0.0,-0.0438,-0.0858,0.0,13.0,-0.08,0,False,0,False,False,True,True,0.6543167007284243,False,False,True,False,True,False,False,False,False,False,False,False,False,False,False,False,False,False,10.0,0.0,7.769929364278511,0.0,-0.3086797909307689,False,False,True,False,False,False,False,-1.0,False,5,False,False,327.839009516115,5.6,5,False,3,False,True,False,True,"ema60_gt_ema120, market_above_ma60, avoid_chase, adx_trending, above_ichimoku_cloud",,close_below_ema20,,,,,,,,
2026-09-21,88.5,89.7,88.5,89.4,51053,4561064,5306,桂盟,,-1.1658231493639732,-0.649143514892007,-0.5166796344719663,91.3656204162892,91.16508381799994,90.0114600063846,41.3735636189855,24.884800905440027,1.8347535993188768,96217.5,8799389.5,95.2,88.1,-0.4029835592484602,0.0875710664072407,0.0044943820224718,0.014755959137344,88.1,1.336277272835239,96.89777345018165,92.15500000000011,87.4122265498186,0.2095581278613815,0.1029303553834628,33.333333333333336,27.55555555555596,89.22000000000044,90.30000000000037,-2875654.0,-2612441.55,-67.10526315789471,-91.70530654301923,25.034252219242703,93.775,91.15,104238.36383333307,True,0.0417724788992404,-6899.0,0.0,0.0,0.0,1000.0,2.0,-0.0372780968767685,0.0,0.0,0.1206,-0.1914,0.0,12.96,0.05,0,False,0,False,False,False,True,0.5305999428378414,False,False,True,False,True,False,False,False,True,False,False,False,False,False,False,False,False,False,0.0,0.0,6.487695749440713,0.0,-0.5371432828059154,False,False,False,False,False,False,False,-1.0,False,5,False,False,353.86028003470744,5.0,5,False,3,False,True,False,True,"ema60_gt_ema120, market_above_ma60, avoid_chase, adx_trending, kd_golden_cross",,close_below_ema20,,,,,,,,
2026-09-21,26.4,26.4,25.85,25.95,215420,5599259,5519,隆大,,-0.696939808453422,-0.6770173894396165,-0.0199224190138054,26.52057981447795,28.26658278692119,29.644809213535147,37.23591212520259,43.02269440445763,0.4815822196006563,304529.65,8127748.25,28.0,25.15,-0.5861357023516172,-0.3978350297591975,0.0256916996047429,-0.015180265654649,26.35,1.5450619643429733,28.7255981466518,26.7400000000001,24.7544018533484,0.3010675016663685,0.1485114544990046,44.44444444444444,39.63718820861747,25.58000000000029,25.879999999999928,922297.0,2445588.65,-62.96296296296296,-56.18122977346305,14.603544545444592,29.3625,31.3,104238.36383333307,True,0.0417724788992404,-35000.0,0.0,0.0,0.0,2692.0,3.0,-0.0160807792944974,0.0,0.0,-0.9252,0.0229,0.0,3.62,0.19,0,False,0,False,False,False,False,0.7073859638954696,False,False,True,False,True,False,False,False,False,False,False,True,False,False,False,False,False,False,0.0,0.0,7.899807321772642,0.0,-0.7924123036212637,False,False,False,False,False,False,False,-1.0,False,4,False,False,247.5649119954995,7.9,5,False,3,False,True,False,True,"market_above_ma60, avoid_chase, adx_trending, dealer_buy_3d",,close_below_ema20,,,,,,,,
2026-09-21,62.3,62.3,61.2,61.5,408017,25149023,5522,遠雄,,-0.8157063371364259,-0.7536918836743622,-0.0620144534620636,62.37218573732898,64.5441522091815,66.08000725314254,42.94508982479835,13.907888388608708,1.2012589283721653,550467.1,34180190.1,64.0,60.0,-0.2281664157478934,-0.1208614702675051,0.006546644844517,-0.0112540192926045,62.2,2.5553121340432985,64.97935291537293,62.56499999999996,60.150647084627,0.2794440089477458,0.0771790271037469,40.54054054054051,37.38939608504794,61.02000000000044,61.85999999999986,-22034917.0,-20522182.15,-67.39130434782605,-63.277228295448666,37.134118411980566,64.55,72.65,104238.36383333307,True,0.0417724788992404,-203000.0,0.0,39866.0,1.0,8000.0,8.0,-0.0352258340547233,0.0,0.0,-0.4674,-0.087,0.0,4.37,-0.18,0,False,0,False,False,False,False,0.741219593323561,False,False,False,False,True,False,False,False,False,False,False,True,False,False,False,False,False,False,0.0,0.0,4.065040650406504,0.0,-0.5576322762752101,False,False,False,False,False,False,False,-1.0,False,3,False,False,135.7206086179331,5.1,3,False,3,False,True,False,True,"market_above_ma60, avoid_chase, dealer_buy_3d",,close_below_ema20,,,,,,,,
2026-09-21,10.7,10.7,10.4,10.65,1262058,13346865,5521,工信,,0.0167870971888248,0.0199904187498278,-0.0032033215610029,10.570365400681968,10.68036108896839,11.562318818165055,53.52415756087452,16.11269423090699,0.2200949234466934,1430145.05,15153513.3,11.05,10.35,-0.1139044421354886,0.0759058050030433,0.0289855072463769,-0.0046728971962616,10.7,2.209878296542792,10.88049954627262,10.605000000000018,10.329500453727418,0.5816698259739704,0.051956538665271,88.88888888888911,92.59259259259244,10.559999999999944,10.549999999999956,-17756548.0,-19493004.3,-11.111111111110892,-5.649717514122764,54.49654582604662,10.3,10.525,104238.36383333307,True,0.0417724788992404,-40087.0,0.0,0.0,0.0,12000.0,5.0,-0.0127869716528634,0.0,0.0,-0.1263,-0.2363,0.0,7.39,0.12,0,False,0,False,False,False,False,0.8824685300277758,False,False,False,False,True,False,False,False,False,True,False,True,False,False,False,False,True,True,-20.0,0.0,3.755868544600943,0.0,0.2483188086916843,False,False,True,False,False,False,False,-1.0,False,6,False,False,366.80451100457793,8.7,3,False,3,False,False,False,False,"market_above_ma60, avoid_chase, obv_uptrend, dealer_buy_3d, mfi_strong, above_ichimoku_cloud",,,,,,,,,,
2026-09-21,22.3,22.8,22.3,22.5,230297,5191663,5525,順天,,-0.0236276446524321,-0.0637059636196568,0.0400783189672246,22.08765883212281,22.271876690949693,22.99812739531931,59.51968065817815,12.81007266939556,0.377749991334827,85571.3,1892055.3,22.35,21.7,-0.0073488158584376,-0.0037961396705608,0.0297482837528604,0.0112359550561798,22.25,1.4278409139271355,22.438945906436867,22.0599999999999,21.68105409356293,1.0805577953555334,0.034355929867359,72.72727272727269,60.80808080808068,22.01999999999989,22.04499999999989,-725579.0,-930035.8,-27.272727272727305,195.65217391304276,70.68829847210733,22.425,22.575,104238.36383333307,True,0.0417724788992404,14000.0,3.0,0.0,0.0,4000.0,3.0,-0.0120241951463799,0.0,0.0,16.9921,0.2058,0.0,1.82,0.01,0,False,0,False,False,True,False,2.6912878500151334,True,True,False,True,True,False,True,False,False,True,False,True,True,True,False,True,True,False,-10.0,-25.0,-0.6666666666666604,25.0,0.3521251664486343,True,False,False,False,False,False,False,-1.0,False,12,False,False,906.138380497535,42.0,3,False,3,False,False,False,False,"volume_break, rsi_strong, breakout_20d, market_above_ma60, avoid_chase, foreign_buy_3d, obv_uptrend, dealer_buy_3d, bb_squeeze_breakout, breakout_volume_confirm, cci_momentum, mfi_strong",,,,,,,,,,
2026-09-21,6.94,7.02,6.91,6.95,3355049,23371282,5531,鄉林,,-0.1349231205942338,-0.1219002905690209,-0.0130228300252128,7.210688816408754,7.52009184375713,7.867721030344927,36.16744538161072,19.771473151589305,0.1651767980588049,1078161.7,7621893.8,7.47,6.91,-0.2780300209088479,-0.2231643617278829,-0.0183615819209039,0.0057887120115773,6.91,10.758380928731066,7.504716466807924,7.220499999999947,6.93628353319197,0.0241303168709384,0.0787248713546095,7.017543859649126,23.477392668663622,7.053999999999997,7.1189999999999145,-26168849.0,-19865928.45,-92.98245614035088,-186.65768194070043,8.804540574844992,7.627499999999999,8.06,104238.36383333307,True,0.0417724788992404,849000.0,1.0,0.0,0.0,11000.0,3.0,-0.0601340608201443,0.0,0.0,-0.1407,0.1826,0.0,2.14,-0.39,0,False,0,False,False,False,False,3.111823578967793,True,False,False,False,True,False,False,False,False,False,False,True,False,False,False,False,False,False,20.0,25.0,7.482014388489203,0.0,-2.0,False,False,False,True,False,False,False,-1.0,False,4,True,False,197.1182357896779,43.6,3,False,3,False,True,False,True,"volume_break, market_above_ma60, avoid_chase, dealer_buy_3d",long_upper_shadow,close_below_ema20,,,,,,,,
2026-09-21,76.2,76.2,74.9,74.9,400272,30115657,5534,長虹,,-0.9287991167145576,-1.009835667497713,0.0810365507831551,75.50765917347539,77.09159242523728,77.8009156178919,45.1341884467582,20.580407655716677,1.4328882736130375,851352.8,64235954.45,80.2,72.9,-0.1422187198295432,-0.1245034620653622,0.0176630434782609,-0.0196335078534031,76.4,1.6972029492799363,77.54102274704701,75.25500000000011,72.96897725295321,0.4223542284391756,0.0607540428422535,38.59649122807021,47.095516569200605,74.34000000000087,74.55000000000037,-30966048.0,-29737059.6,-61.40350877192979,2.347417840376454,42.41662862246235,78.75,80.1,104238.36383333307,True,0.0417724788992404,-49000.0,0.0,0.0,0.0,-1575.0,0.0,-0.0241094354209794,0.0,0.0,0.8858,-0.3121,0.0,9.33,0.01,0,False,0,False,False,False,False,0.470159961886541,False,False,True,False,True,True,False,False,False,False,False,False,False,False,False,False,False,False,0.0,0.0,7.076101468624829,0.0,-0.3729641728469453,False,False,False,False,False,False,False,-1.0,False,4,False,False,275.2260295447021,6.8,5,False,3,False,True,False,True,"market_above_ma60, avoid_chase, liquidity_ok, adx_trending",,close_below_ema20,,,,,,,,
2026-09-21,14.15,14.2,14.1,14.2,14176,200355,5533,皇鼎,,0.0156540032393905,-0.0152795488327963,0.0309335520721869,13.961943893079791,13.989353692540986,14.100536751887402,65.25823280930487,23.48546760419078,0.1597596667941921,123083.15,1715604.9,14.15,13.8,0.0203317320968866,-0.0134118179653644,0.0289855072463767,0.0035335689045936,14.15,2.9288178879446414,14.119347391843236,13.942499999999995,13.765652608156756,1.2280288312882122,0.0253681035457398,89.99999999999986,81.58730158730152,14.00000000000009,13.945000000000071,-5463867.0,-5890662.0,-8.333333333333456,283.5820895522389,51.77504290638094,13.9125,13.9,104238.36383333307,True,0.0417724788992404,6000.0,2.0,0.0,0.0,3000.0,3.0,-0.0127869716528636,0.0,0.0,1.8943,1.8277,0.0,2.36,-0.07,0,False,0,False,False,True,False,0.1151741729066895,False,True,True,True,True,False,False,False,False,True,False,True,True,False,False,False,True,True,-20.0,-25.0,-0.3521126760563305,25.0,1.345798455558982,True,False,True,False,False,False,False,-1.0,False,10,False,False,757.3013231957747,7.3,5,False,3,False,False,False,False,"rsi_strong, breakout_20d, market_above_ma60, avoid_chase, adx_trending, obv_uptrend, dealer_buy_3d, bb_squeeze_breakout, mfi_strong, above_ichimoku_cloud",,,,,,,,,,
2026-09-21,35.3,35.7,35.2,35.3,10062,356708,5538,東明-KY,,-0.087568341476377,0.1726597725994141,-0.2602281140757912,35.88721414501895,35.16669800443134,34.048840648458885,43.40967054267619,23.48342661120078,0.8361539707070462,51311.7,1873640.65,37.75,35.05,-0.3686724631476856,0.1855780526973846,-0.0056338028169015,-0.0042313117066292,35.45,0.7955682636912031,38.126458626266206,36.4224999999999,34.71854137373359,0.1706199368057688,0.0935662640547085,23.91304347826077,22.25672877846773,35.229999999999926,35.735000000000035,3408607.0,3562599.15,-83.07692307692317,-94.20447145648036,20.85851790048902,35.075,34.425,104238.36383333307,True,0.0417724788992404,-5000.0,0.0,0.0,0.0,1000.0,2.0,-0.0474062817161419,0.0,0.0,0.2092,-0.038,0.0,64.02,-0.01,0,False,0,False,False,True,True,0.1960956273130689,False,False,True,False,True,False,False,False,False,False,False,False,False,False,False,False,False,False,10.0,12.0,6.940509915014173,0.0,-0.1425955876088056,False,False,True,False,False,False,False,-1.0,False,5,False,False,377.24980922182505,3.9,5,False,3,False,True,False,True,"ema60_gt_ema120, market_above_ma60, avoid_chase, adx_trending, above_ichimoku_cloud",,close_below_ema20,,,,,,,,
2026-09-21,14.45,14.8,14.3,14.35,44000,633000,5546,永固-KY,,0.0237355270849111,0.0159734846706452,0.0077620424142658,14.572293681009253,14.99553862351307,16.204008292896052,45.96185769135547,24.80783347406047,0.6042202916286161,50255.3,732187.2,14.95,14.45,0.0082715896261291,-0.2574801646392137,-0.0271186440677966,-0.0271186440677966,14.75,0.9476786842030308,15.104238500126614,14.644999999999982,14.18576149987335,0.1788161272207823,0.0627160805908683,27.777777777777768,38.148148148148415,14.63000000000011,14.615000000000055,-927578.0,-907770.7,-83.33333333333333,-68.32657788071774,49.46396473748378,14.4625,15.25,104238.36383333307,True,0.0417724788992404,-3000.0,0.0,0.0,0.0,2000.0,1.0,-0.068891122967037,0.0,0.0,0.3281,0.0752,0.0,53.94,0.02,0,False,0,False,False,False,False,0.8755295461374223,False,False,True,False,True,False,False,False,False,False,False,False,False,False,False,False,False,True,10.0,12.0,4.181184668989545,0.0,-0.1366091594927219,False,False,False,True,False,False,False,-1.0,False,3,True,False,259.11598554746155,6.3,3,False,3,False,True,True,True,"market_above_ma60, avoid_chase, adx_trending",long_upper_shadow,"close_below_ema20, close_below_swing_low",,,,,,,,
2026-09-21,53.4,53.4,52.4,52.6,417227,22052903,5607,遠雄港,,0.1335439323632314,0.460771491401011,-0.3272275590377795,53.19107761137545,52.12544327095143,51.10761674189935,48.04711073093937,20.47038379171266,1.547819217668263,1074144.5,58219818.7,57.2,52.1,-0.0761025721502457,0.154382806280156,0.0095969289827255,-0.0075471698113207,53.0,0.5468209759484897,57.02330744327594,53.58999999999996,50.15669255672398,0.3558241555181954,0.1281323919864146,19.512195121951315,23.311444652908296,52.72000000000007,53.16999999999989,7832780.0,7055341.85,-85.29411764705883,-40.75483666349454,64.56103831241137,49.575,50.650000000000006,104238.36383333307,True,0.0417724788992404,189000.0,1.0,0.0,0.0,10000.0,2.0,-0.0321755499165148,0.0,0.0,0.335,-0.056,0.0,5.35,-0.02,0,False,0,False,False,True,True,0.3884272553646181,False,False,True,False,True,True,False,False,False,True,False,False,False,False,False,False,True,False,20.0,0.0,8.745247148288977,0.0,0.268294750411944,False,False,True,False,False,False,False,-1.0,False,8,False,False,587.1038095585894,7.1,5,False,3,False,True,False,True,"ema60_gt_ema120, market_above_ma60, avoid_chase, liquidity_ok, adx_trending, obv_uptrend, mfi_strong, above_ichimoku_cloud",,close_below_ema20,,,,,,,,
2026-09-21,16.9,17.25,16.75,17.15,2875355,49176934,5608,四維航,,0.3405857532378959,0.4559464271898898,-0.1153606739519939,16.698232396906093,15.835221123843386,15.710326810293124,58.23992424158351,36.62220740090426,0.6526252920905821,8635034.9,152028063.3,18.1,16.3,-0.1306854254004626,0.4482188837220312,0.0331325301204816,0.0147928994082839,16.9,0.190087356870954,17.75433653364784,16.977499999999917,16.200663466351994,0.6110272190663095,0.091513654383499,65.51724137931033,54.02298850574698,16.779999999999745,16.86999999999989,33288129.0,35505028.7,-45.71428571428576,4.284490145672416,39.289324772570296,13.875,14.175,104238.36383333307,True,0.0417724788992404,1151000.0,5.0,0.0,0.0,2999.0,4.0,-0.0086399487787587,0.0,0.0,0.3915,0.0259,0.0,6.42,0.34,0,False,0,False,False,True,True,0.3329870733932992,False,True,True,False,True,True,True,False,False,False,False,True,False,False,False,False,False,False,0.0,0.0,5.539358600583108,0.0,-0.0949453031163189,True,False,True,False,False,False,False,-1.0,False,9,False,False,702.1905270965372,11.9,8,False,3,False,False,False,False,"ema60_gt_ema120, rsi_strong, market_above_ma60, avoid_chase, liquidity_ok, foreign_buy_3d, adx_trending, dealer_buy_3d, above_ichimoku_cloud",,,,,,,,,,
2026-09-21,112.0,112.0,110.5,110.5,8498645,941982675,5871,中租-KY,,-0.5892743851352975,-0.438584894551972,-0.1506894905833254,112.55347765224946,113.44038081899316,113.06294445728813,43.99073272942278,11.661564997666108,2.404506090603298,6619431.0,749119989.15,117.0,111.5,-0.1858933561720219,-0.0910460932476181,-0.0264317180616739,-0.013392857142857,112.0,1.2456895621048252,116.62987251894546,113.1,109.57012748105451,0.1317147452145478,0.0624203805295396,0.0,16.666666666666668,111.7,112.3,-48265613.0,-38573744.95,-100.0,-120.1069778750308,29.938525653438504,114.125,116.25,104238.36383333307,True,0.0417724788992404,-4238617.0,0.0,-41136.0,0.0,20974.0,5.0,-0.0682041969609144,0.0,0.0,-0.0068,-0.0348,0.0,44.85,0.03,0,False,0,False,False,False,True,1.2838935854154232,False,False,False,False,True,True,False,False,False,False,False,True,False,False,False,False,False,False,20.0,12.0,5.88235294117647,0.0,-0.8296859221383562,False,False,False,False,False,False,False,-1.0,False,5,False,False,319.8827047884939,8.9,3,False,3,False,True,True,True,"ema60_gt_ema120, market_above_ma60, avoid_chase, liquidity_ok, dealer_buy_3d",,"close_below_ema20, close_below_swing_low",,,,,,,,
2026-09-21,44.9,44.95,44.05,44.35,85282,3780064,5706,鳳凰,,-0.3998289890736686,-0.4047135521929985,0.0048845631193298,44.50472661990727,45.89813864661881,47.59377541180346,44.10365931842339,22.115300054584548,0.5351238931899986,85642.05,3817583.45,45.5,43.75,-0.1801646783112249,-0.1104588811570767,0.0114025085518814,0.003393665158371,44.2,0.8748461232431977,45.64510441002003,44.597500000000124,43.54989558998022,0.3818733495044089,0.0469804096651114,55.5555555555555,32.40740740740754,43.990000000000144,44.16500000000015,-6365944.0,-6197572.25,-58.33333333333327,-22.34960338139112,25.28380710310195,45.275000000000006,49.2,104238.36383333307,True,0.0417724788992404,32000.0,3.0,0.0,0.0,1000.0,1.0,-0.030369970347359,0.0,0.0,-0.0771,-0.2904,0.0,1.9,-0.04,0,False,0,True,True,False,False,0.995795873639176,False,False,True,False,True,False,True,False,False,False,False,False,False,False,False,False,False,False,0.0,0.0,2.59301014656144,8.0,-0.2159899621057634,True,False,False,False,False,False,False,-1.0,False,6,False,False,445.36607919112265,4.8,5,False,3,False,True,False,True,"macd_golden_cross, market_above_ma60, avoid_chase, hist_turn_positive, foreign_buy_3d, adx_trending",,close_below_ema20,,,,,,,,
2026-09-21,49.45,49.6,48.85,49.25,2969452,146444513,5876,上海商銀,,1.570993267169392,1.3417609911084472,0.2292322760609448,47.45672003811072,45.04513774065204,43.46028476884522,67.1716951135975,38.003793647191344,1.1184886786733763,8816589.4,409570492.55,49.95,46.95,0.907752800860946,0.1853468048488297,-0.0130260521042083,-0.0040444893832154,49.45,1.1375095147312069,51.93763090432321,46.80499999999993,41.67236909567665,0.7381819427090128,0.2193197694401575,75.80645161290323,86.34922369387156,49.64000000000014,49.08999999999996,266151201.0,241992547.1,-12.39669421487604,78.28582739509076,68.0741144335524,43.85,43.425,104238.36383333307,True,0.0417724788992404,654350.0,1.0,133000.0,5.0,90000.0,7.0,-0.0547985310034487,0.0,0.0,0.0706,-0.1282,0.0,55.67,0.13,0,False,0,False,False,True,True,0.3368028004116875,False,True,True,False,True,True,False,False,False,True,True,True,False,False,False,False,True,True,-10.0,0.0,1.4213197969543203,15.0,0.3590726950657399,False,True,True,False,False,False,False,-1.0,False,11,False,False,847.6769003449058,3.4,10,True,3,False,False,False,False,"ema60_gt_ema120, rsi_strong, market_above_ma60, avoid_chase, liquidity_ok, adx_trending, obv_uptrend, invest_trust_buy_2d, dealer_buy_3d, mfi_strong, above_ichimoku_cloud",,,,,,,,,,
2026-09-21,27.3,27.3,27.0,27.2,9534595,258917454,5880,合庫金,,0.5238848186326877,0.4616838383932811,0.0622009802394065,26.63887422100389,25.739203383229352,25.082008191561748,62.76046686486993,43.19855956540897,0.5047141317710722,20558612.15,543953878.8,27.55,26.5,0.530862267869069,0.115784957242354,-0.0091074681238615,-0.0036630036630037,27.3,1.5063741169747922,28.1811840896374,26.46250000000009,24.743815910362784,0.7145536822172894,0.129895821606976,65.2173913043477,80.072463768116,27.280000000000108,27.160000000000128,649383307.0,603528824.1,-19.047619047619136,72.68141694371205,67.37736825561416,25.55,25.175,104238.36383333307,True,0.0417724788992404,1770400.0,4.0,407000.0,1.0,582685.0,7.0,-0.0508799470231019,0.0,0.0,0.236,-0.1043,0.0,17.38,0.08,0,False,0,False,False,True,True,0.4637761990174031,False,True,True,False,True,True,True,False,False,True,False,True,False,False,False,False,True,True,0.0,0.0,1.2867647058823584,15.0,0.3232570744663659,True,False,True,False,False,False,False,-1.0,False,11,False,False,873.5168468837704,2.8,5,False,3,False,False,False,False,"ema60_gt_ema120, rsi_strong, market_above_ma60, avoid_chase, liquidity_ok, foreign_buy_3d, adx_trending, obv_uptrend, dealer_buy_3d, mfi_strong, above_ichimoku_cloud",,,,,,,,,,
2026-09-21,42.7,42.7,40.6,42.0,7001,291592,5906,台南-KY,,2.5822020135661354,0.8123039527311872,1.7698980608349482,31.205945290716823,29.683937883553657,30.77091878544142,52.58149684119158,5.692482483143968,17.75549436199727,2636.05,103500.2,42.25,0.0,,,0.0909090909090908,-0.0059171597633136,42.25,1.755574989068649,62.82173585364295,31.34499999999998,-0.13173585364299,0.6692519842200675,2.008405541786121,98.13084112149534,96.9028700923336,32.45,31.69499999999989,654191.0,656961.6,-1.8691588785046664,56.42799277123454,52.37846217633683,20.8,24.025,104238.36383333307,True,0.0417724788992404,-2000.0,0.0,0.0,0.0,1000.0,1.0,0.0491366120098504,0.0,0.0,-0.0564,-0.0692,0.0,19.53,0.01,0,False,0,False,False,True,False,2.655867680810303,True,False,False,False,False,False,False,True,False,False,False,False,False,False,False,False,True,True,-20.0,0.0,0.5952380952380952,25.0,-0.2417867404674881,False,False,True,False,False,False,False,-1.0,False,5,False,False,363.6572359224932,78.0,3,False,3,False,False,False,False,"volume_break, market_above_ma60, stronger_than_market, mfi_strong, above_ichimoku_cloud",,,,,,,,,,
2026-09-21,4.85,4.92,4.83,4.85,215042,1048287,5907,大洋-KY,,-0.0232111896745443,-0.0196044279616276,-0.0036067617129167,4.883037259848793,4.949809481648484,5.1108373194417895,46.99653352424711,9.7599606212873,0.1359042922622313,409170.4,2008884.25,5.2,4.76,-0.2338824764488973,-0.0172985500926571,0.01890756302521,0.0020661157024792,4.84,1.6633987279844051,5.09367829246248,4.908500000000015,4.723321707537551,0.3420441207711389,0.07545209023631,55.55555555555544,57.231040564373565,4.8639999999999874,4.848000000000002,-24580882.0,-23793613.6,-61.53846153846165,-51.34012835032018,40.26113913334672,4.84,5.035,104238.36383333307,True,0.0417724788992404,-45000.0,0.0,0.0,0.0,2000.0,3.0,-0.0228649158740303,0.0,0.0,0.038,0.1346,0.0,51.97,0.05,0,False,0,False,False,False,False,0.5255561008323183,False,False,False,False,True,False,False,False,False,False,False,True,False,False,False,False,False,True,0.0,0.0,7.216494845360836,0.0,-1.2957079866323644,False,False,False,False,False,False,False,-1.0,False,3,False,False,189.7070651687348,8.3,3,False,3,False,True,False,True,"market_above_ma60, avoid_chase, dealer_buy_3d",,close_below_ema20,,,,,,,,
2026-09-21,31.65,32.5,31.6,32.25,10749030,345053646,6005,群益證,,-0.2003121782522612,-0.2837152638281001,0.0834030855758388,31.747174614016856,32.65562437785089,32.30698048186945,52.912980044632384,12.657907125040966,0.7925529104783944,6309604.7,199770839.75,32.75,30.85,0.090704580473063,-0.3182702302703715,0.0046728971962617,0.0238095238095237,31.5,1.716782052864081,33.046677804725164,31.67500000000009,30.303322195275012,0.7095973259971053,0.0866094904325222,79.99999999999991,43.367105707531664,31.400000000000183,31.70500000000011,299913792.0,295003931.6,-40.42553191489371,54.60030165912526,59.23084541040316,32.975,37.575,104238.36383333307,True,0.0417724788992404,1635141.0,1.0,4583.0,1.0,0.0,0.0,-0.0370995817029786,0.0,0.0,0.4535,0.4812,0.0,16.97,-0.18,0,False,0,False,False,False,True,1.7035980082872704,True,False,False,False,True,True,False,False,False,True,False,False,False,False,False,False,True,False,-10.0,0.0,1.550387596899225,15.0,0.2119823174050741,False,False,False,False,False,False,False,-1.0,False,7,False,False,479.5797678917336,19.7,3,False,3,False,False,False,False,"ema60_gt_ema120, volume_break, market_above_ma60, avoid_chase, liquidity_ok, obv_uptrend, mfi_strong",,,,,,,,,,
2026-09-21,61.2,61.5,60.8,61.5,207823,12716658,6024,群益期,,-0.2292906879039549,-0.1543196176808512,-0.0749710702231037,61.54030029828679,61.35535629584514,59.771812741100135,49.14505292346124,13.741217192392403,0.9441303599305252,294299.1,18159453.35,63.5,60.5,-0.1782747999339171,-0.0489341821791614,0.006546644844517,0.0049019607843137,61.2,1.1467481788400613,63.8375238851854,61.875000000000185,59.91247611481497,0.4044597615267255,0.0634351154807339,86.66666666666647,60.53872053872025,61.060000000000215,61.01000000000022,9684067.0,10321991.9,-61.764705882353006,-42.97924297924239,44.30163337507019,60.525000000000006,61.2,104238.36383333307,True,0.0417724788992404,49986.0,1.0,0.0,0.0,3000.0,3.0,-0.0352258340547233,0.0,0.0,0.078,-0.4644,0.0,5.04,-0.03,0,False,0,False,False,True,True,0.7061625400825216,False,False,False,False,True,False,False,False,False,False,False,True,False,False,False,False,False,True,-20.0,0.0,3.252032520325204,8.0,-0.2610626673119329,False,False,True,False,False,False,False,-1.0,False,5,False,False,331.92887339308203,4.5,3,False,3,False,True,False,True,"ema60_gt_ema120, market_above_ma60, avoid_chase, dealer_buy_3d, above_ichimoku_cloud",,close_below_ema20,,,,,,,,
