date,open,high,low,close,volume,amount,stock_id,name,industry_category,macd,macd_signal,macd_hist,ema20,ema60,ema120,rsi14,adx14,atr14,volume_ma20,amount_ma20,close_20d_high,close_10d_low,lr_slope_20,lr_slope_60,return_5d,day_return,prev_close,prev_volume_ratio,bb_upper,bb_mid,bb_lower,bb_pct_b,bb_bandwidth,stoch_k,stoch_d,sma5,sma10,obv,obv_ma,williams_r,cci20,mfi14,ichi_senkou_a,ichi_senkou_b,market_ma60,market_above_ma60,market_return_5d,foreign_net,foreign_buy_streak,invest_trust_net,invest_trust_streak,dealer_net,dealer_buy_streak,relative_strength_5d,margin_change_5d,short_ratio,revenue_yoy,revenue_mom,revenue_3m_yoy,foreign_holding_pct,foreign_holding_chg5d,insider_net_30d,has_buyback,limit_down_streak,macd_golden_cross,hist_turn_positive,above_ema60,ema60_gt_ema120,volume_ratio,volume_break,rsi_strong,adx_trending,breakout_20d,avoid_chase,liquidity_ok,foreign_buy_3d,stronger_than_market,kd_golden_cross,obv_uptrend,invest_trust_buy_2d,dealer_buy_3d,bb_squeeze_breakout,breakout_volume_confirm,williams_r_recovery,cci_momentum,mfi_strong,ma5_above_ma10,kd_level_score,bb_level_signal,gap_to_20d_high_pct,breakout_proximity_score,obv_strength,foreign_buy_accel,invest_trust_accel,above_ichimoku_cloud,long_upper_shadow,open_high_close_low,gap_chase_after_blowout,earnings_blocked,f_score,f_score_low,condition_count,skip_trade,entry_signal,entry_score,momentum_score,expected_hold_days,momentum_decay_signal,estimated_sl_days,macd_death_cross,close_below_ema20,close_below_swing_low,base_exit_signal,entry_reason,skip_reason,base_exit_reason,sector_rs,sector_rs_rank,market_rs_rank,sector_breadth_60,sector_vol_zscore,is_sector_leader,sector_stock_count,grade
2026-09-11,12300.0,12300.0,11950.0,12080.0,399167,4812520420,2059,川湖,,453.903053054466,889.5248029629605,-435.6217499084945,12933.303256194697,10715.82146560616,8522.88919230527,45.08020088071553,36.0778716031175,736.9663829013529,585488.9,8100098216.0,14510.0,12400.0,-0.648703475950119,1.385907626520947,-0.1284271284271284,-0.0412698412698412,12600.0,0.4972281226797805,15170.146443333684,13719.0,12267.853556666316,-0.0647259129253572,0.2115528017105742,4.659498207885305,7.391591052322838,12701.0,13301.0,12363024.0,15140783.7,-95.46247818499128,-208.42750711535265,32.84957203887231,8470.0,7357.5,,,,0.0,0.0,0.0,0.0,0.0,0.0,,0.0,0.0,3.5552,0.4422,0.0,23.67,0.14,0,False,0,False,False,True,True,0.6817669814064793,False,False,True,False,True,True,False,False,False,False,False,False,False,False,False,False,False,False,20.0,25.0,20.1158940397351,0.0,-1.7522681308773018,False,False,True,False,False,False,False,-1.0,False,6,False,False,475.7904522435372,,8,False,3,False,True,True,True,"ema60_gt_ema120, market_above_ma60, avoid_chase, liquidity_ok, adx_trending, above_ichimoku_cloud",,"close_below_ema20, close_below_swing_low",104.9,74.1,78.6,26.5,-0.3,False,185,D
2026-09-11,130.0,130.5,126.5,127.0,416167,53262327,2072,世紀風電,,-5.727706903139222,-4.09980705859484,-1.6278998445443813,139.83834076492224,150.9239719846683,170.25807820015055,28.91973940446444,19.034608607759218,4.345536625523911,345911.5,49102677.95,155.0,130.5,-0.9950982999609168,,-0.0661764705882352,-0.0268199233716475,130.5,0.6643246828438146,159.42926460304776,142.5,125.57073539695224,0.0422128378450191,0.237603713726986,3.0303030303030303,10.835833305243796,130.7,134.95,-17270106.0,-14870999.75,-97.91666666666669,-135.1432880844646,4.012497665188491,154.625,103.5,,,,0.0,0.0,0.0,0.0,0.0,0.0,,0.0,0.0,1.0565,-0.0853,0.0,1.24,0.12,0,False,0,False,False,False,False,1.2031025276696496,False,False,False,False,True,False,False,False,False,False,False,False,False,False,False,False,False,False,20.0,25.0,22.04724409448819,0.0,-2.0,False,False,False,False,False,False,False,-1.0,False,2,False,False,163.03102527669648,,3,False,3,False,True,True,True,"market_above_ma60, avoid_chase",,"close_below_ema20, close_below_swing_low",-67.9,11.1,8.0,18.5,0.08,False,27,D
2026-09-11,283.0,283.0,272.0,277.0,21494554,5925570237,2301,光寶科,,10.942371395232328,15.611595332022391,-4.669223936790065,286.588339422575,255.7427007863865,229.19558172756084,48.64040033641881,36.211305749932414,17.281731384886903,32651003.2,9572396829.25,317.5,291.0,0.4823214157440269,0.7400536291036375,-0.1006493506493506,-0.0481099656357388,291.0,0.6100602200317596,324.1749145784767,291.25,258.3250854215233,0.2835985274003514,0.2260938340152907,8.928571428571429,10.61880625834116,290.1,297.8,470805368.0,475721559.25,-91.07142857142856,-69.12460724654983,57.888073863992815,222.5,222.5,,,,0.0,0.0,0.0,0.0,0.0,0.0,,0.0,0.0,0.3761,0.0188,0.0,43.39,-0.36,0,False,0,False,False,True,True,0.6583122076935143,False,False,True,False,True,True,False,False,False,False,False,False,False,False,False,False,True,False,20.0,0.0,14.620938628158845,0.0,-0.1005325640893445,False,False,True,False,False,False,False,-1.0,False,7,False,False,540.3767313078629,,8,False,3,False,True,True,True,"ema60_gt_ema120, market_above_ma60, avoid_chase, liquidity_ok, adx_trending, mfi_strong, above_ichimoku_cloud",,"close_below_ema20, close_below_swing_low",186.7,87.9,85.5,30.3,-0.31,False,99,D
2026-09-11,41.95,42.5,40.75,41.0,1747354,72132505,2302,麗正,,-0.2050689342402023,0.0887087753554279,-0.2937777095956302,42.71398148905444,41.055387391791,36.19064208077137,43.547029518275664,10.04765358719692,2.357276352140824,3913048.9,173194971.9,45.3,41.8,-0.2523923389840058,-0.2177096412493377,-0.0487238979118329,-0.029585798816568,42.25,0.3326345848152734,45.39150392438096,43.13000000000002,40.86849607561908,0.0290744408982,0.1048691826747478,5.0,12.140472667956296,42.07000000000007,42.67000000000007,166876442.0,170718291.5,-89.34426229508199,-131.98793783344962,55.4196391800901,42.075,43.15,,,,0.0,0.0,0.0,0.0,0.0,0.0,,0.0,0.0,0.8116,0.2254,0.0,1.64,-0.22,0,False,0,False,False,False,True,0.4465454035087576,False,False,False,False,True,True,False,False,False,False,False,False,False,False,False,False,True,False,20.0,25.0,10.487804878048774,0.0,-0.280767783003847,False,False,False,False,False,False,False,-1.0,False,5,False,False,366.0962406390414,,3,False,3,False,True,True,True,"ema60_gt_ema120, market_above_ma60, avoid_chase, liquidity_ok, mfi_strong",,"close_below_ema20, close_below_swing_low",23.8,58.0,59.2,30.9,-0.48,False,243,D
2026-09-11,139.0,141.5,137.5,140.5,120877009,16881145108,2303,聯電,,3.684273944495402,1.3480220293831722,2.33625191511223,131.44708730968165,128.174738430671,116.18782081370324,58.81536950071926,18.777655364844176,7.35409018022473,167919337.7,21855626301.85,143.0,125.0,1.0701185113683274,-0.5227503667817551,0.0807692307692307,-0.0140350877192982,142.5,1.2188624864264967,145.68442489305434,127.775,109.86557510694568,0.8552598722735933,0.2803275271853545,77.77777777777777,84.0665154950863,140.9,134.7,7291355940.0,6847100435.5,-17.54385964912281,114.8491879350348,71.18126943980323,126.75,144.0,,,,0.0,0.0,0.0,0.0,0.0,0.0,,0.0,0.0,0.1898,0.0311,0.0,41.09,0.11,0,False,0,False,False,True,True,0.7198516302866529,False,True,False,False,False,True,False,False,False,True,False,False,False,False,False,False,True,True,-10.0,-12.0,1.7793594306049825,15.0,1.129263973717543,False,False,False,False,False,False,False,-1.0,False,6,False,False,423.74968398747706,,3,False,3,False,False,False,False,"ema60_gt_ema120, rsi_strong, market_above_ma60, liquidity_ok, obv_uptrend, mfi_strong",,,81.4,68.7,70.6,30.9,-0.27,False,243,D
2026-09-11,38.65,41.05,37.7,41.05,57982441,2280982059,2305,全友,,1.9401738338657355,0.6344253545008207,1.3057484793649146,32.26221655853665,30.055590691176672,26.50954631002947,74.99138596795862,28.21231464054873,2.422189989023592,10020580.4,340548852.15,38.5,29.0,1.795980277383769,-0.4055766532323109,0.3306320907617501,0.0662337662337662,38.5,2.314972092784505,38.30009509491391,30.57750000000005,22.854904905086205,1.1780427998159062,0.5051161864059415,100.0,94.73684210526336,36.229999999999926,33.17500000000009,263151054.0,174003287.9,-0.0,241.45979206450235,96.1552574140536,32.1625,30.8,,,,0.0,0.0,0.0,0.0,0.0,0.0,,0.0,0.0,1.978,0.1911,0.0,2.73,0.01,0,False,0,False,False,True,True,5.786335589902556,True,True,True,True,False,True,False,False,False,True,False,False,False,True,False,False,True,True,-20.0,-25.0,-6.211936662606571,25.0,2.0,False,False,True,False,False,False,False,-1.0,False,11,False,False,784.0,,6,False,3,False,False,False,False,"ema60_gt_ema120, volume_break, rsi_strong, breakout_20d, market_above_ma60, liquidity_ok, adx_trending, obv_uptrend, breakout_volume_confirm, mfi_strong, above_ichimoku_cloud",,,430.3,98.0,97.9,30.3,4.31,True,99,C
2026-09-11,1595.0,1635.0,1595.0,1620.0,15886565,25585855855,2308,台達電,,-17.51624483774981,-4.777620485340156,-12.738624352409651,1765.25956981353,1815.4272176552809,1766.4394081750431,37.924350408973616,12.52690346556296,89.82104654962728,10687101.75,18938258818.05,1885.0,1675.0,-0.1672667823481891,-0.2309812804560004,-0.1123287671232876,-0.0328358208955223,1675.0,1.933911392598916,1905.2800352631125,1776.25,1647.2199647368875,-0.1054791804147848,0.1452836428015338,8.620689655172415,17.456896551724032,1749.0,1776.5,140041902.0,160622395.25,-91.3793103448276,-201.2251148545176,45.27000502044696,1692.5,2005.0,,,,0.0,0.0,0.0,0.0,0.0,0.0,,0.0,0.0,0.4775,0.0224,0.0,61.59,-0.28,0,False,0,False,False,False,True,1.486517614562807,False,False,False,False,True,True,False,False,False,False,False,False,False,False,False,False,False,False,20.0,25.0,16.358024691358025,0.0,-0.9448272467347132,False,False,False,False,False,False,False,-1.0,False,4,False,False,298.5272491848115,,3,False,3,False,True,True,True,"ema60_gt_ema120, market_above_ma60, avoid_chase, liquidity_ok",,"close_below_ema20, close_below_swing_low",-72.3,33.0,40.9,26.5,0.4,False,185,D
2026-09-11,30.6,30.85,30.4,30.45,7057940,215656575,2312,金寶,,-0.2615237851574505,-0.1246716904136292,-0.1368520947438213,31.88566668856636,32.12694516621835,30.910277243154027,41.50081642763717,8.819871200841188,1.222837678751841,10215976.15,328625195.1,33.75,31.15,-0.0793720876159445,-0.1838975755103972,-0.0730593607305937,-0.0224719101123594,31.15,0.5280753636156841,33.33294019688944,31.920000000000027,30.50705980311061,-0.0201918677224374,0.0885300875243993,1.515151515151535,8.629069343354786,31.4,32.020000000000074,2160156356.0,2159432582.55,-98.48484848484846,-183.26350843269967,59.835877313222646,31.6625,35.85,,,,0.0,0.0,0.0,0.0,0.0,0.0,,0.0,0.0,0.4923,0.0786,0.0,9.04,-0.08,0,False,0,False,False,False,True,0.6908727953520134,False,False,False,False,True,True,False,False,False,True,False,False,False,False,False,False,True,False,20.0,25.0,10.837438423645322,0.0,0.014462262848409,False,False,False,False,False,False,False,-1.0,False,6,False,False,447.0822751077011,,3,False,3,False,True,True,True,"ema60_gt_ema120, market_above_ma60, avoid_chase, liquidity_ok, obv_uptrend, mfi_strong",,"close_below_ema20, close_below_swing_low",104.7,73.7,74.2,30.9,-0.29,False,243,D
2026-09-11,220.0,224.0,218.5,221.5,9352804,2073592360,2313,華通,,4.265272909210353,6.1908250685651085,-1.925552159354756,228.708330494282,225.58071054333703,218.36240699678524,47.13445783604428,14.42008857868178,12.858307349126974,34221268.85,8118014297.45,252.0,225.5,0.6205301284210151,-0.0098958116844524,-0.1122244488977955,-0.0177383592017738,225.5,0.4012857546290892,258.17611109001075,228.925,199.6738889099893,0.3730817441916648,0.255551915168817,7.317073170731708,5.65454760576722,229.2,238.1,1186139371.0,1236500927.65,-70.64220183486239,-40.46335130816828,63.04318783234753,194.75,229.75,,,,0.0,0.0,0.0,0.0,0.0,0.0,,0.0,0.0,0.1601,0.0058,0.0,19.41,-0.61,0,False,0,False,False,False,True,0.2733038345537559,False,False,False,False,True,True,False,False,False,False,False,False,False,False,False,False,True,False,20.0,0.0,13.769751693002258,0.0,-0.7230874299634692,False,False,False,False,False,False,False,-1.0,False,5,False,False,334.05598918597593,,3,False,3,False,True,True,True,"ema60_gt_ema120, market_above_ma60, avoid_chase, liquidity_ok, mfi_strong",,"close_below_ema20, close_below_swing_low",-36.8,36.8,51.1,26.5,-0.65,False,185,X
2026-09-11,10.5,10.5,10.35,10.5,127766,1330572,2314,台揚,,-0.3309809694110246,-0.294781394398488,-0.0361995750125366,11.308450610471915,12.387009746295412,13.74486973460652,29.0434925791852,16.06645395577616,0.3322649462443471,114291.5,1302266.15,11.9,10.8,-0.1722015009686572,-0.5200264387712131,-0.0748898678414096,-0.0277777777777777,10.8,0.6881523238819688,12.053577672300692,11.287500000000046,10.5214223276994,-0.0139818248684007,0.1357391224452967,13.043478260869591,14.435545385202204,10.889999999999963,11.159999999999943,-1611199.0,-1199321.3,-93.75,-166.1641541038526,44.33592639886,12.3375,14.075,,,,0.0,0.0,0.0,0.0,0.0,0.0,,0.0,0.0,-0.3223,-0.4412,0.0,1.16,-0.01,0,False,0,False,False,False,False,1.1178959065197325,False,False,False,False,True,False,False,False,False,False,False,False,False,False,False,False,False,False,20.0,25.0,13.333333333333336,0.0,-0.5558114294574112,False,False,False,False,False,False,False,-1.0,False,2,False,False,109.50922191170838,,3,False,3,False,True,True,True,"market_above_ma60, avoid_chase",,"close_below_ema20, close_below_swing_low",-232.8,2.1,1.5,30.9,0.05,False,243,D
2026-09-11,157.5,159.5,154.0,158.0,1489229,233460415,2316,楠梓電,,-1.0660945710817489,-1.4710871395058829,0.404992568424134,159.62056161023546,161.37970643169854,151.9518966467924,47.73666231652848,8.796335250783356,8.39683939950168,2139868.7,342651391.05,167.0,153.0,-0.0108146296698762,-0.6116126139873046,0.0193548387096773,-0.0186335403726708,161.0,0.6683675890663701,166.52667506489036,159.25,151.97332493510964,0.414109123407805,0.0913868140017627,27.77777777777778,38.88888888888929,159.4,159.25,432607723.0,431042485.3,-61.90476190476191,-70.10668408447586,65.11709331778101,161.625,187.75,,,,0.0,0.0,0.0,0.0,0.0,0.0,,0.0,0.0,0.7443,0.5919,0.0,37.51,0.53,0,False,0,False,False,False,True,0.6959441016170758,False,False,False,False,True,True,False,False,False,True,False,False,False,False,False,False,True,True,10.0,0.0,5.69620253164557,0.0,0.1970406451436721,False,False,False,True,False,False,False,-1.0,False,6,True,False,439.32392875789486,,3,False,3,False,True,False,True,"ema60_gt_ema120, market_above_ma60, avoid_chase, liquidity_ok, obv_uptrend, mfi_strong",long_upper_shadow,close_below_ema20,68.5,65.4,72.8,26.5,-0.29,False,185,D
2026-09-11,247.5,249.5,247.0,248.0,24164352,5997882502,2317,鴻海,,-0.0703631699505251,0.1046041885572883,-0.1749673585078135,251.3086947760871,250.24173453064293,244.77487329165183,46.53000727039422,7.915568679316164,6.670709834689884,33594036.1,8408427005.7,259.5,247.5,0.1094887844991806,0.03261429076356,-0.03125,-0.0119521912350597,251.0,1.1516215190893042,257.9783661714471,249.9,241.82163382855293,0.3824019634864075,0.0646527904877716,8.333333333333334,30.98290598290623,251.7,251.9,1885115092.0,1943877020.0,-52.38095238095238,-35.58945027009979,46.08910821026492,245.75,270.25,,,,0.0,0.0,0.0,0.0,0.0,0.0,,0.0,0.0,0.5419,0.1518,0.0,40.39,0.01,0,False,0,False,False,False,True,0.7193048173214293,False,False,False,False,True,True,False,False,False,False,False,False,False,False,False,False,False,False,20.0,0.0,4.637096774193548,0.0,-0.6349311855390668,False,False,False,True,False,False,False,-1.0,False,4,True,False,269.57387394674544,,3,False,3,True,True,False,True,"ema60_gt_ema120, market_above_ma60, avoid_chase, liquidity_ok",long_upper_shadow,"macd_death_cross, close_below_ema20",-72.8,24.7,32.5,30.9,-0.27,False,243,D
2026-09-11,10.5,10.75,10.5,10.7,4726062,50324462,2323,中環,,0.0136118897339763,0.0490702556355297,-0.0354583659015534,10.753842943042022,10.741800808039702,10.679117610243406,48.749595117243175,14.97004919377092,0.3112330714931914,6818717.25,75254728.45,11.7,10.55,-0.1978613444119089,-0.1007412525152011,-0.0092592592592594,0.0142180094786728,10.55,0.6856934964466643,11.316542271240593,10.869999999999958,10.423457728759324,0.3096484801677949,0.0821604914886175,30.76923076923064,16.92307692307683,10.7,10.799999999999956,90995074.0,95599318.45,-69.23076923076935,-112.32765612327712,45.95491593396216,10.305,11.005,,,,0.0,0.0,0.0,0.0,0.0,0.0,,0.0,0.0,0.0288,0.0093,0.0,10.15,-0.71,0,False,0,False,False,False,True,0.693101330752496,False,False,False,False,True,True,False,False,True,False,False,False,False,False,False,False,False,False,0.0,0.0,9.345794392523366,0.0,-0.2274101062812131,False,False,False,False,False,False,False,-1.0,False,5,False,False,314.2020920321504,,3,False,3,False,True,False,True,"ema60_gt_ema120, market_above_ma60, avoid_chase, liquidity_ok, kd_golden_cross",,close_below_ema20,-28.1,40.7,46.4,30.9,-0.29,False,243,D
2026-09-09,14.8,15.1,14.8,15.1,10201,150346,2321,東訊,,0.8883409635872201,0.5953493085358871,0.292991655051333,13.123573426297506,12.092057772676966,11.77477812762268,52.48160793994516,6.78659972069256,3.749117939781596,10489.35,156244.05,15.85,13.65,,,-0.006578947368421,0.0942028985507246,13.8,1.0547122846405388,23.253028403982707,12.607500000000003,1.9619715960173032,0.6170679324413573,1.68876119833158,84.61538461538458,50.42735042735027,14.460000000000036,14.519999999999982,1126333.0,1119929.4,-3.821656050955412,43.71754242108605,73.9086025908849,8.2,8.35,104033.23133333315,True,0.0222178733308027,0.0,0.0,0.0,0.0,0.0,0.0,-0.0287968206992237,0.0,0.0,0.0847,-0.2065,0.0,0.01,0.0,0,False,0,False,False,True,True,0.9725102127395884,False,False,False,False,True,False,False,False,False,True,False,False,False,False,False,False,True,False,-20.0,0.0,4.966887417218543,0.0,0.0747473869597988,False,False,True,False,False,False,False,-1.0,False,6,False,False,345.62207077091347,33.2,3,False,3,False,False,False,False,"ema60_gt_ema120, market_above_ma60, avoid_chase, obv_uptrend, mfi_strong, above_ichimoku_cloud",,,3.3,51.9,54.1,30.9,-0.07,False,243,C
2026-09-11,38.0,38.1,37.65,37.8,34534208,1307452166,2324,仁寶,,0.2064098521231585,0.5812078213812394,-0.3747979692580808,39.2351015951492,37.75875341379616,35.893012098753104,44.986995499256906,29.24847443936337,1.780528997534215,85642900.55,3462288297.65,43.2,38.65,-0.2128302709048252,0.2375976266749252,-0.0913461538461539,-0.0219922380336352,38.65,0.3340730282878238,42.00499282433545,39.827499999999965,37.65000717566448,0.0344416345852468,0.1093461966900001,3.370786516853898,9.265291208289758,38.88999999999942,39.47499999999982,1253746252.0,1534098275.05,-96.6292134831461,-151.53450740639303,30.85048227363681,35.625,40.15,,,,0.0,0.0,0.0,0.0,0.0,0.0,,0.0,0.0,0.3826,-0.1549,0.0,36.89,-0.45,0,False,0,False,False,True,True,0.4032349182269726,False,False,True,False,True,True,False,False,False,False,False,False,False,False,False,False,False,False,20.0,25.0,14.285714285714302,0.0,-1.604091428458876,False,False,False,False,False,False,False,-1.0,False,5,False,False,379.7832520407632,,3,False,3,False,True,True,True,"ema60_gt_ema120, market_above_ma60, avoid_chase, liquidity_ok, adx_trending",,"close_below_ema20, close_below_swing_low",26.1,61.6,62.7,30.3,-0.54,False,99,D
2026-09-11,552.0,570.0,544.0,544.0,35558765,19732731743,2327,國巨*,,-18.511561131415306,-24.871398979415808,6.3598378480005024,569.1729953250258,617.5489253885928,582.6034448008089,44.36616466626258,16.47262291922649,39.434714688366405,44048090.4,24923067203.8,622.0,511.0,-0.1493180775366926,-1.2892534475219002,-0.0320284697508896,-0.0489510489510489,572.0,0.8278969330503485,604.7356627803248,561.15,517.5643372196752,0.3032609933404324,0.1553440712120638,35.1063829787234,51.51515151515135,567.4,556.3,1948522204.0,1939374108.9,-66.66666666666667,-41.04145255224351,48.87549311677154,697.0,838.25,,,,0.0,0.0,0.0,0.0,0.0,0.0,,0.0,0.0,0.5151,0.0503,0.0,45.07,0.86,0,False,0,False,False,False,True,0.8072714316804981,False,False,False,False,True,True,False,False,False,True,False,False,False,False,False,False,False,True,0.0,0.0,14.338235294117649,0.0,0.0424927053494351,False,False,False,True,False,False,False,-1.0,False,5,True,False,358.5826267809982,,3,False,3,False,True,False,True,"ema60_gt_ema120, market_above_ma60, avoid_chase, liquidity_ok, obv_uptrend",long_upper_shadow,close_below_ema20,16.2,55.6,57.1,30.9,-0.2,False,243,D
2026-09-11,45.6,46.45,45.5,46.0,1183172,54453295,2328,廣宇,,0.093921893363408,0.0742961390338908,0.0196257543295171,46.06289018504364,46.894225725153774,47.86111029080677,49.51079648301684,12.447937966585718,1.4830045182615934,2057414.45,95074718.6,47.8,45.8,0.1790206491266024,-0.1945990682787673,-0.0128755364806867,-0.0021691973969631,46.1,0.5220616970287755,47.785290793323,45.94749999999995,44.1097092066769,0.5142834538595991,0.0799952464583733,15.624999999999986,17.243128418975783,46.07999999999993,46.48999999999978,648337415.0,646539050.1,-56.25000000000001,-4.855275443512065,61.56260377895488,44.0125,51.575,,,,0.0,0.0,0.0,0.0,0.0,0.0,,0.0,0.0,0.1637,0.0462,0.0,9.34,0.1,0,False,0,False,False,False,False,0.5750771313966421,False,False,False,False,True,True,False,False,False,True,False,False,False,False,False,False,True,False,20.0,0.0,3.913043478260864,0.0,0.2297964741509911,False,False,False,False,False,False,False,-1.0,False,5,False,False,363.50832900377833,,3,False,3,False,True,False,True,"market_above_ma60, avoid_chase, liquidity_ok, obv_uptrend, mfi_strong",,close_below_ema20,-7.4,47.0,58.1,26.5,-0.39,False,185,D
2026-09-11,41.5,41.95,41.35,41.6,1348641,56136641,2329,華泰,,-0.7497563746162044,-0.7380312603174817,-0.0117251142987226,43.18111517932773,46.16793756641256,48.867519571555945,38.00107084180942,19.54351457498824,1.326667022995064,1774283.75,76893682.75,45.1,42.2,-0.1476256336504331,-0.4811466480305991,-0.0303030303030302,-0.014218009478673,42.2,0.7177450901634104,44.51774813911294,43.15750000000016,41.797251860887386,-0.0725058374334707,0.0630364659265607,8.620689655172418,9.994775339602713,42.490000000000144,42.81500000000015,459119740.0,464063701.6,-93.15068493150686,-191.88921859545007,37.42202084764491,44.075,50.05,,,,0.0,0.0,0.0,0.0,0.0,0.0,,0.0,0.0,0.0184,-0.0174,0.0,9.23,-0.04,0,False,0,False,False,False,False,0.7601044646889202,False,False,False,False,True,True,False,False,False,False,False,False,False,False,False,False,False,False,20.0,25.0,8.413461538461538,0.0,-0.3906667949360122,False,False,False,True,False,False,False,-1.0,False,3,True,False,217.91304310765705,,3,False,3,True,True,True,True,"market_above_ma60, avoid_chase, liquidity_ok",long_upper_shadow,"macd_death_cross, close_below_ema20, close_below_swing_low",-124.4,13.6,18.0,30.9,-0.23,False,243,D
2026-09-11,2430.0,2430.0,2405.0,2410.0,20979357,50681037890,2330,台積電,,16.2914038449062,14.310161743941336,1.981242100964863,2416.791679587616,2371.4147044329943,2247.957067651347,50.01704367570804,11.03990097976564,43.58388170535804,20295276.15,48963150097.3,2470.0,2385.0,0.1575202272610099,-0.0061560456403357,0.0,-0.0163265306122448,2450.0,0.9769190214255774,2474.1347764706584,2411.0,2347.8652235293416,0.4920804344617839,0.0523722741357597,24.0,50.30769230769268,2451.0,2428.5,246025503.0,240798847.6,-61.29032258064516,14.348785871965504,52.07083185170907,2322.5,2357.5,,,,0.0,0.0,0.0,0.0,0.0,0.0,,0.0,0.0,0.4469,0.0562,0.0,69.3,0.1,0,False,0,False,False,True,True,1.033706407586871,False,False,False,False,True,True,False,False,False,True,False,False,False,False,False,False,True,True,10.0,0.0,2.489626556016597,8.0,0.1181439874921037,False,False,True,False,False,False,False,-1.0,False,7,False,False,519.7547919257739,,3,False,3,False,True,False,True,"ema60_gt_ema120, market_above_ma60, avoid_chase, liquidity_ok, obv_uptrend, mfi_strong, above_ichimoku_cloud",,close_below_ema20,177.4,80.2,83.7,30.9,-0.02,False,243,D
2026-09-11,18.5,18.8,18.5,18.7,795070,14832807,2331,精英,,-0.216900870383391,-0.120775550879331,-0.09612531950406,19.36277068402904,19.92235814059037,20.61577063321805,40.14816082593423,12.1677957413728,0.5615580732973192,1661545.9,32728484.2,20.7,18.75,-0.283790426256894,-0.1944510827576374,-0.0459183673469388,-0.0026666666666667,18.75,0.4541070650632038,20.3133527129305,19.52500000000009,18.736647287069683,-0.0232429510729158,0.0807531588148941,12.499999999999943,6.944444444444646,18.96000000000004,19.280000000000108,95425205.0,98591648.95,-90.47619047619052,-201.6269079608809,38.68705624985582,19.1,21.85,,,,0.0,0.0,0.0,0.0,0.0,0.0,,0.0,0.0,-0.1343,-0.315,0.0,5.74,-0.09,0,False,0,False,False,False,False,0.4785122096235801,False,False,False,False,True,False,False,False,True,False,False,False,False,False,False,False,False,False,20.0,25.0,10.6951871657754,0.0,-0.5857353623154491,False,False,False,False,False,False,False,-1.0,False,3,False,False,182.7562977484504,,3,False,3,False,True,True,True,"market_above_ma60, avoid_chase, kd_golden_cross",,"close_below_ema20, close_below_swing_low",-171.0,16.2,12.3,30.3,-0.47,False,99,D
2026-09-11,18.85,19.15,18.65,19.0,6713977,127312837,2332,友訊,,-0.6826483780642079,-0.5964293940315097,-0.0862189840326981,19.90482725871938,20.01017624624668,18.911405322638185,40.91020757748591,19.58666005034253,0.908119304126604,12184107.35,246596364.7,22.6,18.65,-0.6406433313348631,0.013976467509947,-0.0281329923273657,0.0079575596816976,18.85,0.2674219909495456,21.53829179330157,19.9,18.261708206698422,0.2253236561155352,0.1646524415378465,20.58823529411769,17.873756109050493,19.039999999999964,19.244999999999983,-293151150.0,-270869591.2,-84.44444444444439,-105.56484356341062,48.04767390040617,22.35,20.675,,,,0.0,0.0,0.0,0.0,0.0,0.0,,0.0,0.0,0.0469,-0.1057,0.0,5.64,-0.27,0,False,0,False,False,False,True,0.5510438152861482,False,False,False,False,True,True,False,False,True,False,False,False,False,False,False,False,False,False,10.0,0.0,18.94736842105264,0.0,-0.1982779523210646,False,False,False,False,False,False,False,-1.0,False,5,False,False,323.1311027250087,,3,False,3,False,True,False,True,"ema60_gt_ema120, market_above_ma60, avoid_chase, liquidity_ok, kd_golden_cross",,close_below_ema20,-19.2,44.0,48.8,30.9,-0.4,False,243,D
2026-09-11,118.5,120.5,117.5,119.0,22360977,2663783455,2337,旺宏,,-1.3651510425626014,-1.400208117937858,0.0350570753752566,123.83657919150588,129.12276492199027,125.46914707896674,43.90190080289011,9.705756263113546,6.829591317401576,40631247.35,5046741341.0,137.0,117.0,-0.0544033503239533,-0.4740004834004823,-0.0205761316872428,-0.0285714285714285,122.5,0.5704350312628855,129.52371385562404,123.45,117.37628614437595,0.1336672993016071,0.0983995764378134,18.51851851851852,45.67901234567944,123.7,122.85,6611787087.0,6578073634.2,-82.75862068965517,-122.4141608018771,34.02837624321492,117.275,141.9,,,,0.0,0.0,0.0,0.0,0.0,0.0,,0.0,0.0,1.8048,0.1105,0.0,24.71,0.69,0,False,0,False,False,False,True,0.5503394175271362,False,False,False,False,True,True,False,False,False,True,False,False,False,False,False,False,False,True,20.0,12.0,15.126050420168069,0.0,0.2035550260057241,False,False,False,True,False,False,False,-1.0,False,5,True,False,389.94605448734006,,3,False,3,False,True,False,True,"ema60_gt_ema120, market_above_ma60, avoid_chase, liquidity_ok, obv_uptrend",long_upper_shadow,close_below_ema20,47.6,64.6,64.9,30.9,-0.4,False,243,D
2026-09-11,44.75,49.4,44.0,47.75,67315117,3181008276,2338,光罩,,0.6716179450957753,-0.3796070810068632,1.0512250261026386,40.638421949435326,42.31055663557704,43.59683772886396,72.24028056464016,21.791318033798603,2.1758004213730624,5149322.75,233160407.6,45.65,37.75,0.5954328572685669,-0.5139497896513735,0.2370466321243522,0.0460021905805039,45.65,6.9656877068162215,44.688416665982125,39.64249999999984,34.596583334017545,1.3033723639014831,0.2545710621672352,85.83690987124464,85.75516043327177,42.23999999999978,40.52999999999975,91013759.0,11739218.95,-13.46938775510203,317.0482089954214,94.77924826304827,40.5625,47.225,,,,0.0,0.0,0.0,0.0,0.0,0.0,,0.0,0.0,0.0442,-0.0071,0.0,4.4,-0.17,0,False,0,False,False,True,False,13.072615617267338,True,True,True,True,False,True,False,False,False,True,False,False,True,True,False,False,True,True,-20.0,-25.0,-4.397905759162306,25.0,2.0,False,False,True,False,False,False,False,-1.0,False,11,False,False,799.0,,3,False,3,False,False,False,False,"volume_break, rsi_strong, breakout_20d, market_above_ma60, liquidity_ok, adx_trending, obv_uptrend, bb_squeeze_breakout, breakout_volume_confirm, mfi_strong, above_ichimoku_cloud",,,456.7,97.5,98.0,30.9,9.47,False,243,C
2026-09-11,31.4,32.1,30.7,31.65,2286140,72013165,2340,台亞,,0.0240120782593606,0.1937971630692719,-0.1697850848099112,32.573150268914446,33.01218396332651,32.628914535026546,45.13548083915723,12.968822574073409,1.6909206938878054,3213698.9,105896626.65,34.75,31.65,0.2764916510036835,-0.3396882126604925,-0.0704845814977973,0.0,31.65,0.4753410253570871,35.38257088118778,32.604999999999926,29.82742911881207,0.3280871954577246,0.1703769901050674,20.65217391304348,11.581489956776446,32.20999999999985,33.014999999999965,166540232.0,167515902.25,-81.00000000000003,-62.74241387177727,43.18778914183294,31.325,35.3,,,,0.0,0.0,0.0,0.0,0.0,0.0,,0.0,0.0,0.0218,-0.1839,0.0,9.53,-0.24,0,False,0,False,False,False,True,0.7113734270500575,False,False,False,False,True,True,False,False,True,False,False,False,False,False,False,False,False,False,10.0,0.0,9.794628751974727,0.0,-0.0675772966999634,False,False,False,False,False,False,False,-1.0,False,5,False,False,326.30280671010104,,3,False,3,False,True,False,True,"ema60_gt_ema120, market_above_ma60, avoid_chase, liquidity_ok, kd_golden_cross",,close_below_ema20,-16.0,45.3,49.6,30.9,-0.27,False,243,D
2026-09-11,38.6,38.6,37.6,37.7,1300187,49268548,2342,茂矽,,-0.3446905590080646,-0.2687427155578208,-0.0759478434502438,39.38624647775622,40.48327766915362,39.47157835797447,41.73176670395962,11.065237456982342,2.0681713732054154,2462883.55,99297282.5,41.35,38.95,-0.1196272500118012,-0.6836070149115637,-0.0503778337531486,-0.0382653061224489,39.2,0.5630129040109157,41.491591454539446,39.64500000000008,37.7984085454607,-0.0266459982847823,0.0931563352018851,2.083333333333364,10.573454323454522,38.92000000000044,39.49500000000025,327300852.0,323169056.15,-91.26213592233005,-176.84537684537696,48.59451116565537,39.825,46.675,,,,0.0,0.0,0.0,0.0,0.0,0.0,,0.0,0.0,0.112,0.0408,0.0,3.93,-0.55,0,False,0,False,False,False,True,0.5279124950913737,False,False,False,False,True,True,False,False,False,True,False,False,False,False,False,False,False,False,20.0,25.0,9.681697612732092,0.0,0.4529065517807531,False,False,False,False,False,False,False,-1.0,False,5,False,False,380.7140035722828,,3,False,3,True,True,True,True,"ema60_gt_ema120, market_above_ma60, avoid_chase, liquidity_ok, obv_uptrend",,"macd_death_cross, close_below_ema20, close_below_swing_low",38.4,61.7,62.8,30.9,-0.42,False,243,D
2026-09-11,173.0,173.5,170.5,171.5,74789115,12874110885,2344,華邦電,,2.2448955044770287,3.0627855528378167,-0.817890048360788,176.98780120091894,168.8674814925997,151.54434681353143,47.24567757132516,13.816529229748683,10.62680780289641,138260502.45,24938556424.4,188.0,169.0,0.0350609571656618,-0.1482128156655061,-0.014367816091954,-0.0445682451253481,179.5,0.4633342016756439,188.6093240329551,178.55,168.49067596704492,0.1495788396464966,0.1126779505231597,22.641509433962263,47.16981132075489,180.4,178.25,9859746832.0,9659774839.6,-77.35849056603773,-119.57411957411936,29.31583973672737,153.625,175.25,,,,0.0,0.0,0.0,0.0,0.0,0.0,,0.0,0.0,2.9155,0.2999,0.0,19.44,1.24,0,False,0,False,False,True,True,0.540928997614821,False,False,False,False,True,True,False,False,False,True,False,False,False,False,False,False,False,True,10.0,12.0,9.620991253644316,0.0,0.4420414169025825,False,False,False,False,False,False,False,-1.0,False,5,False,False,392.7137869789792,,3,False,3,False,True,False,True,"ema60_gt_ema120, market_above_ma60, avoid_chase, liquidity_ok, obv_uptrend",,close_below_ema20,50.4,65.0,65.6,30.9,-0.41,False,243,D
2026-09-11,1910.0,1925.0,1870.0,1885.0,3760126,7097210210,2345,智邦,,-65.89624943824833,-51.55124648959098,-14.345002948657353,2075.203366618815,2171.7748673205974,2085.358927706474,37.15014094787284,13.269262181627775,121.17595400418124,3292679.35,6836958906.0,2300.0,1955.0,-0.4939364971435687,-0.3837412627359268,-0.1023809523809523,-0.0407124681933842,1965.0,0.9117630663122296,2265.477519058876,2082.0,1898.5224809411245,-0.0368505117424912,0.1762512190767294,4.109589041095891,10.726588159897195,1984.0,2049.0,121117026.0,128800605.45,-95.89041095890413,-191.5971881641332,36.37965238640327,2275.0,2332.5,,,,0.0,0.0,0.0,0.0,0.0,0.0,,0.0,0.0,0.7169,-0.0021,0.0,56.78,-0.16,0,False,0,False,False,False,True,1.141965433105413,False,False,False,False,True,True,False,False,False,False,False,False,False,False,False,False,False,False,20.0,25.0,22.015915119363395,0.0,-1.3686453250822346,False,False,False,False,False,False,False,-1.0,False,4,False,False,289.9959104300673,,3,False,3,False,True,True,True,"ema60_gt_ema120, market_above_ma60, avoid_chase, liquidity_ok",,"close_below_ema20, close_below_swing_low",-52.3,30.9,38.4,30.9,0.07,False,243,D
2026-09-11,87.6,89.6,87.6,89.0,2484676,220632959,2347,聯強,,-0.1370261356904905,-0.4172170190748592,0.2801908833843687,88.28492145369243,88.07949873139374,84.87914163289308,52.405680186301765,9.446466332136696,2.236285456222091,2893371.8,252882846.95,90.9,86.0,0.1072988090105847,-0.0699604967724967,0.0113636363636364,0.0022522522522523,88.8,0.977132339436981,89.65878470163717,87.5199999999999,85.38121529836262,0.8459908795090822,0.0488753359606325,79.06976744186039,76.3565891472869,88.9199999999997,87.94000000000014,196962099.0,191190500.7,-18.750000000000075,97.38562091503344,53.53676237298128,90.075,89.3,,,,0.0,0.0,0.0,0.0,0.0,0.0,,0.0,0.0,1.2688,-0.0534,0.0,29.84,0.07,0,False,0,False,False,True,True,0.8587475691855434,False,False,False,False,True,True,False,False,False,True,False,False,False,False,False,False,True,True,-10.0,-12.0,2.134831460674164,8.0,0.2519244073673983,False,False,False,False,False,False,False,-1.0,False,6,False,False,407.6105685802642,,3,False,3,False,False,False,False,"ema60_gt_ema120, market_above_ma60, avoid_chase, liquidity_ok, obv_uptrend, mfi_strong",,,109.2,74.3,68.0,14.3,-0.21,False,35,D
2026-09-11,10.4,10.4,10.25,10.3,1355048,13966466,2349,錸德,,-0.2100302009029899,-0.1643599504805648,-0.045670250422425,10.886853401928818,11.507497031278946,12.02189175514,31.779729950454183,13.315576943257591,0.3147595733511278,1534483.65,16864705.7,11.6,10.5,-0.3472138377421657,-0.4020405771406664,-0.0593607305936071,-0.0190476190476189,10.5,0.9477070708637836,11.517364848412152,10.962499999999954,10.407635151587757,-0.0969922242288052,0.1012296188665359,4.761904761904827,10.052910052909889,10.590000000000057,10.804999999999971,35594609.0,41075115.05,-95.65217391304344,-226.5702537927126,27.03927861128993,11.1625,13.0,,,,0.0,0.0,0.0,0.0,0.0,0.0,,0.0,0.0,-0.1045,0.1407,0.0,13.59,-0.21,0,False,0,False,False,False,False,0.8830644757928832,False,False,False,False,True,False,False,False,False,False,False,False,False,False,False,False,False,False,20.0,25.0,12.62135922330096,0.0,-0.6198686426140441,False,False,False,False,False,False,False,-1.0,False,2,False,False,106.39222104656032,,3,False,3,False,True,True,True,"market_above_ma60, avoid_chase",,"close_below_ema20, close_below_swing_low",-224.7,1.4,1.0,27.1,-0.15,False,70,D
2026-09-11,226.5,237.5,226.5,234.0,3662954,850122063,2351,順德,,14.89064245507666,14.36046775241698,0.5301747026596786,217.7752123152988,195.3134219880726,174.31510656967498,62.9390140180892,33.61138738791606,14.330030511414115,6503042.65,1416717350.2,240.0,223.0,1.7019710336004157,0.183931751170666,-0.022964509394572,-0.0063694267515923,235.5,1.6056329030046497,263.0660215766535,215.7,168.33397842334645,0.6931764521365249,0.4391842519856608,53.333333333333336,59.63601532567069,233.6,231.8,94126163.0,107215399.25,-22.950819672131143,56.79372886566245,73.21165265038678,164.5,178.5,,,,0.0,0.0,0.0,0.0,0.0,0.0,,0.0,0.0,0.54,0.0942,0.0,24.19,-0.17,0,False,0,False,False,True,True,0.5632677189961225,False,True,True,False,True,True,False,False,False,False,False,False,False,False,False,False,True,True,0.0,0.0,2.564102564102564,8.0,-0.9957853484973956,False,False,True,False,False,False,False,-1.0,False,8,False,False,576.6832530079924,,8,False,3,False,False,False,False,"ema60_gt_ema120, rsi_strong, market_above_ma60, avoid_chase, liquidity_ok, adx_trending, mfi_strong, above_ichimoku_cloud",,,226.9,86.0,87.8,29.5,-0.5,False,129,D
2026-09-11,28.75,29.0,28.65,28.7,2516741,72407464,2352,佳世達,,-0.0756944132168229,-0.1647506704557584,0.0890562572389355,28.744894086648063,28.94854723833854,28.48459487792669,48.80081444299536,15.06665121191353,0.8439890615000294,4497256.05,128958013.55,29.5,28.2,0.0336144831297516,-0.2336653614307937,-0.0188034188034188,-0.0103448275862069,29.0,0.7944737190293777,29.348609768932302,28.62999999999997,27.91139023106764,0.5487051547490281,0.0501997742879729,35.483870967741964,49.66579482708524,28.829999999999927,28.734999999999943,-87372440.0,-87691258.3,-47.61904761904767,18.538913362702257,61.20259041015608,29.5375,31.175,,,,0.0,0.0,0.0,0.0,0.0,0.0,,0.0,0.0,0.0413,-0.0256,0.0,7.01,0.14,0,False,0,False,False,False,True,0.5596170135787577,False,False,False,False,True,True,False,False,False,True,False,False,False,False,False,False,True,True,0.0,0.0,2.7874564459930338,8.0,0.004888566457496,False,False,False,True,False,False,False,-1.0,False,6,True,False,403.65483293327753,,3,False,3,False,True,False,True,"ema60_gt_ema120, market_above_ma60, avoid_chase, liquidity_ok, obv_uptrend, mfi_strong",long_upper_shadow,close_below_ema20,49.9,66.7,67.3,30.3,-0.4,False,99,D
2026-09-11,31.1,31.2,30.75,31.1,9509718,294621811,2353,宏碁,,0.1746198746381644,0.202075842467625,-0.0274559678294605,31.386740236096333,31.252118528297405,30.790317133609232,48.47754044662727,11.255364465112043,1.0048106176464908,15787260.25,497579874.85,32.7,30.85,0.1508388013649085,-0.0723727587375161,-0.0489296636085627,-0.0126984126984126,31.5,0.3730352004177522,32.43789328454853,31.36499999999988,30.29210671545122,0.3765021629754385,0.0684134088664855,15.217391304347906,34.40579710144933,31.549999999999635,31.709999999999763,12008353.0,18511366.85,-77.99999999999994,-59.56423316355349,52.68545045483028,30.075000000000003,35.925,,,,0.0,0.0,0.0,0.0,0.0,0.0,,0.0,0.0,0.2193,-0.0329,0.0,13.57,-0.03,0,False,0,False,False,False,True,0.6023665822573616,False,False,False,False,True,True,False,False,False,False,False,False,False,False,False,False,True,False,20.0,0.0,5.1446945337620615,0.0,-0.1472622174255245,False,False,False,False,False,False,False,-1.0,False,5,False,False,344.2565192134673,,3,False,3,True,True,False,True,"ema60_gt_ema120, market_above_ma60, avoid_chase, liquidity_ok, mfi_strong",,"macd_death_cross, close_below_ema20",-9.5,46.5,53.7,30.3,-0.36,False,99,D
2026-09-11,64.1,66.7,63.9,65.7,18151328,1196418042,2354,鴻準,,1.6112609747131614,1.6489255299233956,-0.0376645552102341,63.52489453799914,60.58266067169915,59.521560854374776,62.28944803778728,20.173973671895336,2.1060128655204573,11917539.55,766874761.75,66.3,63.7,0.5168239318106514,0.3008649485224062,0.0015243902439026,0.0107692307692308,65.0,0.5944545467174966,67.74348079062483,63.26000000000022,58.77651920937561,0.7721100093817798,0.1417477328683084,57.142857142857146,50.20703933747367,65.0800000000003,65.16000000000022,82686020.0,29586144.8,-19.480519480519472,70.2172760996289,68.6272464267724,56.1,58.8,,,,0.0,0.0,0.0,0.0,0.0,0.0,,0.0,0.0,0.3746,0.423,0.0,13.7,0.11,0,False,0,False,False,True,True,1.523076799858407,True,True,True,False,True,True,False,False,False,True,False,False,False,False,False,False,True,False,0.0,0.0,0.9132420091324114,25.0,0.7449184893186113,False,False,True,False,False,False,False,-1.0,False,10,False,False,729.1697898704074,,3,False,3,False,False,False,False,"ema60_gt_ema120, volume_break, rsi_strong, market_above_ma60, avoid_chase, liquidity_ok, adx_trending, obv_uptrend, mfi_strong, above_ichimoku_cloud",,,386.8,96.3,96.9,30.9,0.37,False,243,D
2026-09-11,61.5,62.2,60.8,62.0,9980073,614758205,2356,英業達,,-0.3649797921424778,0.156808572962835,-0.5217883651053128,64.96312163362089,63.899374055296725,60.10512371988539,41.17311647098683,12.95008600365015,2.6786710415003614,18144968.45,1190009631.9,69.9,62.6,-0.153473821234918,0.0068979042795291,-0.0814814814814814,-0.0095846645367412,62.6,0.7743565627814304,68.10910894654198,65.36000000000013,62.61089105345828,-0.111107101489507,0.0841220607876942,15.789473684210543,15.59824458867782,63.8,65.14000000000014,1671639739.0,1724411703.4,-84.21052631578945,-221.15477923338207,44.88822654309341,63.475,72.69999999999999,,,,0.0,0.0,0.0,0.0,0.0,0.0,,0.0,0.0,0.6573,-0.118,0.0,18.42,-0.55,0,False,0,False,False,False,True,0.5500187574037915,False,False,False,False,True,True,False,False,True,False,False,False,False,False,False,False,False,False,20.0,25.0,12.74193548387098,0.0,-0.8100401593545192,False,False,False,False,False,False,False,-1.0,False,5,False,False,370.7797056617837,,3,False,3,False,True,True,True,"ema60_gt_ema120, market_above_ma60, avoid_chase, liquidity_ok, kd_golden_cross",,"close_below_ema20, close_below_swing_low",17.1,55.6,60.7,30.3,-0.41,False,99,D
2026-09-11,41.65,42.0,41.3,41.5,1370968,57015879,2355,敬鵬,,-0.2952649434405856,-0.2638061388140263,-0.0314588046265592,42.48273353849294,44.77056835172951,45.73295989819341,43.83678093276111,19.45338316024805,1.4053369483253852,1822567.8,78023032.05,44.5,41.85,0.05538537088286,-0.4799036210040036,-0.0303738317757008,-0.008363201911589,41.85,0.60686339940291,44.61767813611332,42.530000000000015,40.44232186388671,0.2533144640012376,0.0981743774330262,5.79710144927544,10.872675667532045,42.02000000000008,42.68500000000004,514080731.0,514569377.6,-83.33333333333339,-75.68116217845059,56.08625112486538,41.3,52.65,,,,0.0,0.0,0.0,0.0,0.0,0.0,,0.0,0.0,0.1591,0.0782,0.0,17.18,-0.22,0,False,0,False,False,False,False,0.7522178324449713,False,False,False,False,True,True,False,False,False,False,False,False,False,False,False,False,True,False,20.0,0.0,7.228915662650602,0.0,-0.032732792881069,False,False,False,True,False,False,False,-1.0,False,4,True,False,287.1293848098769,,3,False,3,True,True,True,True,"market_above_ma60, avoid_chase, liquidity_ok, mfi_strong",long_upper_shadow,"macd_death_cross, close_below_ema20, close_below_swing_low",-83.7,29.7,37.8,26.5,-0.24,False,185,D
2026-09-11,930.0,930.0,912.0,924.0,5904124,5446691684,2357,華碩,,34.41786386390709,44.86851782150317,-10.450653957596082,950.6438453184652,857.8244437851545,778.9230903264073,48.83653862594596,32.076747269503294,40.47562770157763,3605225.5,3472073876.2,1025.0,965.0,0.3967915177651905,0.7111926779311273,-0.0985365853658536,-0.0657229524772498,989.0,0.6021016493402092,1033.2580302759434,961.65,890.0419697240566,0.2371104898786161,0.1489274273923847,10.169491525423728,31.237931774296765,971.8,987.4,36174562.0,37877658.3,-82.17054263565892,-82.07732339329772,56.74358016965621,768.75,799.5,,,,0.0,0.0,0.0,0.0,0.0,0.0,,0.0,0.0,0.5333,-0.2117,0.0,39.66,-0.18,0,False,0,False,False,True,True,1.6376573393259313,True,False,True,False,True,True,False,False,False,False,False,False,False,False,False,False,True,False,20.0,0.0,10.930735930735931,0.0,-0.0944019248539111,False,False,True,False,False,False,False,-1.0,False,8,False,False,595.2437502950124,,8,False,3,False,True,True,True,"ema60_gt_ema120, volume_break, market_above_ma60, avoid_chase, liquidity_ok, adx_trending, mfi_strong, above_ichimoku_cloud",,"close_below_ema20, close_below_swing_low",241.5,90.9,89.5,30.3,0.57,False,99,D
2026-09-11,127.0,130.5,127.0,128.0,2493198,319853288,2359,所羅門,,-3.725164110596012,-1.2325421345576757,-2.492621976038336,141.30745317808834,141.13477475457694,137.34737558657469,35.22596598996549,15.407111705812673,7.3648595269231185,8467043.95,1342510545.05,177.5,130.0,-1.2957749658934263,0.1179253894401749,-0.0985915492957746,-0.0153846153846153,130.0,0.2969603353415703,171.8067990754514,146.8,121.7932009245486,0.12410223029193,0.340692085496613,4.081632653061225,3.872505940175567,133.8,138.45,102184156.0,125135605.65,-95.91836734693878,-143.19689573163103,30.767930329780143,134.375,135.75,,,,0.0,0.0,0.0,0.0,0.0,0.0,,0.0,0.0,0.3632,-0.2909,0.0,6.46,0.1,0,False,0,False,False,False,True,0.2944590833262416,False,False,False,False,True,True,False,False,True,False,False,False,False,False,False,False,False,False,20.0,12.0,38.671875,0.0,-1.013416840387587,False,False,False,True,False,False,False,-1.0,False,5,True,False,352.7835887486113,,3,False,3,False,True,True,True,"ema60_gt_ema120, market_above_ma60, avoid_chase, liquidity_ok, kd_golden_cross",long_upper_shadow,"close_below_ema20, close_below_swing_low",10.4,53.1,55.8,30.9,-0.6,False,243,X
2026-09-11,2175.0,2235.0,2120.0,2160.0,2248955,4881711925,2360,致茂,,32.007434410657424,13.149547126881624,18.8578872837758,2118.413090341517,2087.346029385382,1952.936736674228,52.926430091938784,15.185177327637165,146.57602312278598,2265100.45,4858399417.5,2360.0,1960.0,0.0180015740734781,0.0170744976060046,0.0640394088669951,-0.0091743119266054,2180.0,1.1240663002493425,2365.766559815059,2111.0,1856.2334401849407,0.5961664671289086,0.241370497219383,38.3177570093458,52.94352584072234,2234.0,2118.0,178910751.0,171783704.8,-53.65853658536585,32.50188964474679,61.56473488596276,1997.5,2262.5,,,,0.0,0.0,0.0,0.0,0.0,0.0,,0.0,0.0,1.7526,0.3209,0.0,59.08,0.06,0,False,0,False,False,True,True,0.9928720821189188,False,False,False,False,False,True,False,False,False,True,False,False,False,False,False,False,True,True,0.0,0.0,9.25925925925926,0.0,1.305934560228627,False,False,False,True,False,False,False,-1.0,False,5,True,False,375.5999355439327,,3,True,3,False,False,False,False,"ema60_gt_ema120, market_above_ma60, liquidity_ok, obv_uptrend, mfi_strong",long_upper_shadow,,33.3,60.9,61.7,30.9,-0.05,False,243,D
2026-09-11,47.3,47.45,46.8,47.15,641879,30208108,2362,藍天,,0.3814266968132642,0.6310682943373156,-0.2496415975240513,47.709675363379205,46.05308282407075,44.29122042415865,48.76889971061168,20.317783416289235,1.442473984068704,1062905.85,51162408.5,49.9,47.25,-0.0037338622097379,0.2505524477685371,-0.0436105476673427,-0.0094537815126051,47.6,0.3364236028672604,49.35288157382084,47.98500000000004,46.61711842617923,0.194783519282414,0.0570128821015234,11.290322580645205,22.281959378734125,47.70999999999985,47.925,5072280.0,6952922.05,-88.7096774193548,-120.40133779264168,46.53988574109886,46.25,46.25,,,,0.0,0.0,0.0,0.0,0.0,0.0,,0.0,0.0,-0.0806,-0.1855,0.0,10.72,0.09,0,False,0,False,False,True,True,0.60389073971133,False,False,True,False,True,True,False,False,False,False,False,False,False,False,False,False,False,False,20.0,12.0,5.832449628844115,0.0,-0.3814247511072288,False,False,True,False,False,False,False,-1.0,False,6,False,False,408.46181038382656,,3,False,3,False,True,True,True,"ema60_gt_ema120, market_above_ma60, avoid_chase, liquidity_ok, adx_trending, above_ichimoku_cloud",,"close_below_ema20, close_below_swing_low",54.7,67.7,68.1,30.3,-0.36,False,99,D
2026-09-11,51.6,51.8,50.5,50.7,4409621,224432639,2363,矽統,,-0.7093357540222414,-1.0398571394793044,0.330521385457063,51.91389534027238,54.68523675891421,55.58168245299531,43.45280671443397,14.49659454069288,2.2969070611047644,4408622.65,230372637.5,53.4,50.1,0.0530675576110366,-0.61858183872232,-0.0078277886497064,-0.0361216730038022,52.6,1.4851523476893558,52.94158021895846,51.33500000000004,49.728419781041616,0.3023752587929542,0.0625920022970066,9.677419354838738,30.10752688172033,52.04000000000015,51.500000000000185,419500558.0,423081916.55,-78.8732394366197,-48.56115107913684,66.3344200048484,55.05,60.2,,,,0.0,0.0,0.0,0.0,0.0,0.0,,0.0,0.0,0.7207,-0.133,0.0,6.17,-0.09,0,False,0,False,False,False,False,1.0002264539470167,False,False,False,False,True,True,False,False,False,False,False,False,False,False,False,False,True,True,20.0,0.0,5.325443786982239,0.0,-0.1421763621593272,False,False,False,False,False,False,False,-1.0,False,4,False,False,303.2961481935582,,3,False,3,False,True,False,True,"market_above_ma60, avoid_chase, liquidity_ok, mfi_strong",,close_below_ema20,-39.0,36.6,42.9,30.9,-0.04,False,243,D
2026-09-11,62.1,62.9,61.9,62.0,241398,15015525,2364,倫飛,,-2.890858848973153,-1.710444170913719,-1.1804146780594338,69.16902889085661,70.58817268430793,70.0054910795354,31.803618442707204,23.56202111411797,2.7606940165428595,683242.5,51714437.65,88.1,63.3,-1.7274038256247497,0.088760002546136,-0.0801186943620179,-0.0205371248025275,63.3,0.7666609002010821,87.76899370342414,72.20499999999956,56.64100629657497,0.1721599804504506,0.4311057046859547,1.5384615384615588,5.616835994194237,64.55999999999986,65.66000000000022,10115576.0,12174096.85,-99.37888198757764,-96.12462006079016,39.54610846956207,68.875,74.1,,,,0.0,0.0,0.0,0.0,0.0,0.0,,0.0,0.0,0.5151,0.0391,0.0,18.4,-0.81,0,False,0,False,False,False,True,0.3533123305414988,False,False,True,False,True,True,False,False,False,False,False,False,False,False,False,False,False,False,20.0,12.0,42.09677419354838,0.0,-1.798880341134304,False,False,False,True,False,False,False,-1.0,False,5,True,False,348.94655921180333,,3,False,3,False,True,True,True,"ema60_gt_ema120, market_above_ma60, avoid_chase, liquidity_ok, adx_trending",long_upper_shadow,"close_below_ema20, close_below_swing_low",-4.8,49.5,54.7,30.3,-0.58,False,99,D
2026-09-11,28.0,28.35,27.9,28.05,448380,12622724,2365,昆盈,,-0.597918666669333,-0.4341171462927878,-0.1638015203765451,29.38070260119735,30.821084854749984,32.40360031620826,34.33200185412811,17.089892799067457,0.9127025851932192,1080862.1,32499893.8,31.25,28.3,-0.4546568741460302,-0.2614681442109198,-0.0377358490566036,-0.008833922261484,28.3,0.3750504419890025,31.389045979731133,29.65999999999985,27.930954020268576,0.0344253366095927,0.1165910977566613,5.357142857142932,7.606227106227379,28.39999999999964,28.98999999999978,483404486.0,485037174.1,-95.31249999999991,-153.53154003460818,34.99094593497219,29.475,33.15,,,,0.0,0.0,0.0,0.0,0.0,0.0,,0.0,0.0,0.2183,0.4001,0.0,3.03,0.07,0,False,0,False,False,False,False,0.4148355280474724,False,False,False,False,True,False,False,False,False,False,False,False,False,False,False,False,False,False,20.0,25.0,11.408199643493758,0.0,-0.3578781708299957,False,False,False,True,False,False,False,-1.0,False,2,True,False,174.85381723051478,,3,False,3,False,True,True,True,"market_above_ma60, avoid_chase",long_upper_shadow,"close_below_ema20, close_below_swing_low",-178.9,13.1,10.3,30.3,-0.53,False,99,D
2026-09-11,40.05,41.0,40.05,40.7,2077151,84383988,2367,燿華,,-0.7885404430396221,-0.6188209207606915,-0.1697195222789306,42.79688135756975,46.650118272026816,49.43152186291601,39.66295173154023,18.33430445085473,1.658314318516376,4484427.4,195777744.15,45.55,41.15,-0.1620622134032054,-0.5310359811105064,-0.0556844547563805,-0.0109356014580801,41.15,0.6331466885685233,45.60266178789375,42.99499999999989,40.38733821210603,0.0599506019809611,0.1213006995182633,12.621359223301068,10.804341963323168,41.59000000000015,42.65,2166313798.0,2169239599.85,-90.07633587786252,-159.24684857188433,41.500734635321066,41.725,52.775,,,,0.0,0.0,0.0,0.0,0.0,0.0,,0.0,0.0,0.2495,0.1861,0.0,8.69,0.02,0,False,0,False,False,False,False,0.4631920231332098,False,False,False,False,True,True,False,False,True,False,False,False,False,False,False,False,False,False,20.0,25.0,11.916461916461902,0.0,-0.0956662406671251,False,False,False,False,False,False,False,-1.0,False,4,False,False,318.4839253433266,,3,False,3,False,True,True,True,"market_above_ma60, avoid_chase, liquidity_ok, kd_golden_cross",,"close_below_ema20, close_below_swing_low",-23.9,41.6,47.3,30.9,-0.47,False,243,D
2026-09-11,1010.0,1040.0,1000.0,1030.0,4402634,4489967500,2368,金像電,,18.444058218171904,24.81573482118192,-6.3716766030100125,1060.9697500537895,1064.7261686288882,1043.8594710787495,47.87920431487449,18.658754474444144,75.79073976483593,8422993.65,9194817002.35,1225.0,1045.0,0.449660959232262,-0.2238136880862548,-0.0143540669856458,-0.0143540669856458,1045.0,0.5112970112190457,1206.2839092690374,1065.45,924.6160907309626,0.37414252652648,0.2643651213459804,12.244897959183673,17.25992722670465,1074.0,1108.0,303745010.0,300763706.35,-65.15151515151516,-54.231782439043705,63.51941401022329,943.75,1142.5,,,,0.0,0.0,0.0,0.0,0.0,0.0,,0.0,0.0,0.7738,0.2131,0.0,25.12,-0.83,0,False,0,False,False,False,True,0.5226923090462023,False,False,False,False,True,True,False,False,False,True,False,False,False,False,False,False,True,False,20.0,0.0,18.932038834951456,0.0,0.1205451600526109,False,False,False,False,False,False,False,-1.0,False,6,False,False,421.67346501109336,,3,False,3,False,True,True,True,"ema60_gt_ema120, market_above_ma60, avoid_chase, liquidity_ok, obv_uptrend, mfi_strong",,"close_below_ema20, close_below_swing_low",79.3,68.3,70.1,30.9,-0.42,False,243,D
2026-09-11,52.8,53.0,52.8,52.9,21731,1148874,2373,震旦行,,-0.1939717267199157,-0.2341406675446291,0.0401689408247133,53.28355003481661,54.18392248323123,55.05330167002466,41.04890410955417,15.247059633026913,0.555079189163623,31209.6,1658843.6,53.8,52.9,-0.0114923670551475,-0.1447026803648985,-0.0056390977443609,-0.0037664783427495,53.1,0.5857356891919818,53.69350827105068,53.225,52.75649172894932,0.1531544691077116,0.0176048199549339,10.000000000000142,26.666666666666668,53.27999999999993,53.16000000000004,434962.0,491429.4,-89.99999999999986,-128.5767372723963,48.94519045573434,54.875,56.0,,,,0.0,0.0,0.0,0.0,0.0,0.0,,0.0,0.0,-0.0353,0.053,0.0,1.41,0.02,0,False,0,False,False,False,False,0.6962921665128678,False,False,False,False,True,False,False,False,False,False,False,False,False,False,False,False,False,True,20.0,12.0,1.701323251417767,15.0,-0.3564760275888294,False,False,False,False,False,False,False,-1.0,False,2,False,False,154.68520933406273,,3,False,3,False,True,False,True,"market_above_ma60, avoid_chase",,close_below_ema20,-187.6,5.8,6.6,30.9,-0.28,False,243,D
2026-09-11,29.5,29.75,29.2,29.5,2514939,74103233,2369,菱生,,-0.8415941705447594,-0.7889808575578847,-0.0526133129868746,31.15845267315733,32.735886184888216,32.12474783880826,38.65200676100879,15.38189928266031,1.3263430632459123,4382841.0,137527484.15,33.1,30.0,-0.245841161832105,-0.6027656804975772,-0.0499194847020934,-0.0166666666666667,30.0,0.730923141904422,32.64200350988846,31.075,29.507996490111537,-0.0025515227187036,0.1008530014409307,10.000000000000012,7.1003371700965845,30.18999999999996,30.684999999999945,600447021.0,608812768.25,-92.5,-191.8063314711356,37.404021881720944,33.2375,36.075,,,,0.0,0.0,0.0,0.0,0.0,0.0,,0.0,0.0,0.3422,0.017,0.0,14.58,-0.11,0,False,0,False,False,False,True,0.5738147927337542,False,False,False,False,True,True,False,False,False,False,False,False,False,False,False,False,False,False,20.0,25.0,12.20338983050848,0.0,-0.1616033885575627,False,False,False,False,False,False,False,-1.0,False,4,False,False,298.7989072646468,,3,False,3,False,True,True,True,"ema60_gt_ema120, market_above_ma60, avoid_chase, liquidity_ok",,"close_below_ema20, close_below_swing_low",-51.0,34.1,41.2,29.5,-0.48,False,129,D
2026-09-11,66.5,68.0,66.4,67.3,1827659,123005109,2374,佳能,,-0.5225105651656747,-0.4388088704220708,-0.0837016947436039,68.27317115898687,70.17736195487838,72.24547585904834,44.7202949596972,11.130976779023996,2.157191280912077,2631044.5,181140433.95,70.9,67.3,-0.0881039711047536,-0.1964248152890136,-0.0146412884333821,0.0,67.3,0.5495532625689641,70.5920860105601,68.28999999999996,65.98791398943983,0.2849776256276617,0.0674208818439048,16.666666666666536,11.229314420803954,67.44000000000014,68.09000000000015,901575944.0,906676469.25,-72.58064516129029,-89.56916099773291,51.64532827485972,66.725,72.7,,,,0.0,0.0,0.0,0.0,0.0,0.0,,0.0,0.0,0.6411,0.1057,0.0,5.22,-0.04,0,False,0,False,False,False,False,0.6946514967724795,False,False,False,False,True,True,False,False,True,False,False,False,False,False,False,False,True,False,20.0,0.0,5.349182763744441,0.0,-0.7736451071343389,False,False,False,False,False,False,False,-1.0,False,5,False,False,357.66277368211274,,3,False,3,False,True,False,True,"market_above_ma60, avoid_chase, liquidity_ok, kd_golden_cross, mfi_strong",,close_below_ema20,15.3,54.7,56.7,30.9,-0.29,False,243,D
2026-09-11,343.5,350.5,342.5,349.0,3432007,1193778203,2376,技嘉,,1.600984593406622,2.5931446979523467,-0.9921601045457248,352.9369137241827,343.79956192246453,325.5724740490565,48.32551055635031,8.72898942585143,12.37210992114418,6437940.85,2282230394.8,397.5,349.0,0.1391979852454468,0.1324840980377659,-0.0332409972299169,-0.0071123755334281,351.5,0.7486721969445274,365.36541635597655,351.675,337.9845836440235,0.4023039208434211,0.0778583428220745,22.80701754385965,23.35741314069492,354.3,356.15,245636301.0,238164508.0,-61.971830985915496,-55.59515324305127,56.976887167562815,334.25,357.0,,,,0.0,0.0,0.0,0.0,0.0,0.0,,0.0,0.0,0.5967,0.0308,0.0,22.78,-0.66,0,False,0,False,False,True,True,0.5330907940851927,False,False,False,False,True,True,False,False,False,True,False,False,False,False,False,False,True,False,10.0,0.0,13.896848137535816,0.0,0.2904855974156052,False,False,False,False,False,False,False,-1.0,False,6,False,False,413.8167351098392,,3,False,3,False,True,False,True,"ema60_gt_ema120, market_above_ma60, avoid_chase, liquidity_ok, obv_uptrend, mfi_strong",,close_below_ema20,60.1,68.7,69.0,30.3,-0.42,False,99,D
2026-09-11,119.5,123.5,118.0,118.5,2981405,359711112,2375,凱美,,-3.524693451010606,-3.912828744361724,0.3881352933511182,125.19065658555604,133.74002954363863,128.89682498916966,41.29484885704436,17.689980471261972,8.007832897577297,4370301.0,559967380.5,133.0,118.0,-0.1388882260419593,-1.0877699623151964,-0.052,-0.0286885245901639,122.0,0.5341820636215723,131.80878777758397,124.55,117.29121222241604,0.0832637497211896,0.1165602212377995,3.333333333333333,15.396825396825683,122.7,123.55,574302933.0,566647366.45,-90.74074074074076,-123.20623206232048,68.71032850314698,145.125,170.25,,,,0.0,0.0,0.0,0.0,0.0,0.0,,0.0,0.0,0.3792,0.1434,0.0,8.48,-0.33,0,False,0,False,False,False,True,0.6821967182580788,False,False,False,False,True,True,False,False,False,True,False,False,False,False,False,False,True,False,20.0,25.0,12.236286919831224,0.0,0.1596170549813252,False,False,False,True,False,False,False,-1.0,False,6,True,False,448.7373718423567,,3,False,3,False,True,False,True,"ema60_gt_ema120, market_above_ma60, avoid_chase, liquidity_ok, obv_uptrend, mfi_strong",long_upper_shadow,close_below_ema20,77.9,68.1,74.6,26.5,-0.3,False,185,D
2026-09-11,146.0,151.0,144.5,149.0,8830213,1309395160,2377,微星,,1.3682686519471474,1.634929670411781,-0.2666610184646336,151.37480842529868,144.73957304777676,134.3325421850857,48.43006108250866,19.10179247597797,7.092578793498177,11577800.2,1743588483.9,161.5,145.0,0.3976536107871187,0.184715659981066,-0.0773993808049535,0.0,149.0,1.200855544226965,160.89856819163643,149.5499999999998,138.2014318083632,0.4757678682141973,0.1517695512087814,23.07692307692308,35.543184885290124,153.09999999999928,154.14999999999964,449179101.0,460511717.05,-65.21739130434783,-19.66163694558724,71.24969704784385,145.125,140.0,,,,0.0,0.0,0.0,0.0,0.0,0.0,,0.0,0.0,-0.0002,0.0894,0.0,18.4,0.06,0,False,0,False,False,True,True,0.7626848665085791,False,False,False,False,True,True,False,False,False,False,False,False,False,False,False,False,True,False,10.0,0.0,8.389261744966444,0.0,-0.3595653045980572,False,False,True,False,False,False,False,-1.0,False,6,False,False,373.3120650099091,,3,False,3,True,True,False,True,"ema60_gt_ema120, market_above_ma60, avoid_chase, liquidity_ok, mfi_strong, above_ichimoku_cloud",,"macd_death_cross, close_below_ema20",19.6,56.6,61.1,30.3,-0.21,False,99,D
2026-09-11,691.0,704.0,688.0,704.0,1978660,1384384875,2379,瑞昱,,-8.064687021995042,-5.488655915497825,-2.576031106497217,718.6618010431575,712.6128572584844,671.0187137389354,45.52538100312265,7.819760349062791,31.817078483050057,2566591.25,1842509122.25,744.0,692.0,-0.10641846577551,-0.2392003038230843,-0.0126227208976157,0.0114942528735633,696.0,1.089566530040272,748.227245112107,718.3,688.3727548878929,0.2610872643567363,0.0833279830491633,25.53191489361702,23.04964539007112,705.2,715.5,-14613580.0,-13653812.1,-74.46808510638297,-136.7919299412482,44.97856714020608,738.75,774.0,,,,0.0,0.0,0.0,0.0,0.0,0.0,,0.0,0.0,0.3254,0.0475,0.0,44.08,0.42,0,False,0,False,False,False,True,0.7709291458076933,False,False,False,False,True,True,False,False,True,False,False,False,False,False,False,False,False,False,10.0,0.0,5.681818181818182,0.0,-0.160960107749975,False,False,False,False,False,False,False,-1.0,False,5,False,False,355.7777701650772,,3,False,3,False,True,False,True,"ema60_gt_ema120, market_above_ma60, avoid_chase, liquidity_ok, kd_golden_cross",,close_below_ema20,13.4,53.9,56.4,30.9,-0.23,False,243,D
2026-09-11,17.1,17.5,16.85,16.9,165483,2812015,2380,虹光,,-0.347377407443517,-0.0545866631230703,-0.2927907443204466,18.32233796827961,16.766120229785074,13.600030006319225,32.25321952213844,22.70586495257693,0.7524341522916491,104222.05,1942380.1,20.25,17.1,-0.8323374601227134,0.872026461449493,-0.0714285714285715,-0.0116959064327486,17.1,0.8142375282085753,20.58953747615857,18.725,16.860462523841434,0.010602488999047,0.1991495301637988,2.083333333333216,10.703057708872317,17.53000000000002,17.99000000000001,7477332.0,7984465.3,-98.1132075471699,-155.1685139108797,21.2463123215988,20.1125,14.575,,,,0.0,0.0,0.0,0.0,0.0,0.0,,0.0,0.0,-0.1171,-0.102,0.0,0.57,0.03,0,False,0,False,False,True,True,1.5877926024291404,True,False,True,False,True,False,False,False,False,False,False,False,False,False,False,False,False,False,20.0,25.0,19.8224852071006,0.0,-1.0421435665992256,False,False,False,False,False,False,False,-1.0,False,5,False,False,313.3722032251007,,3,False,3,False,True,True,True,"ema60_gt_ema120, volume_break, market_above_ma60, avoid_chase, adx_trending",,"close_below_ema20, close_below_swing_low",-40.3,41.4,46.2,30.3,0.53,False,99,D
2026-09-11,330.5,336.5,329.5,336.5,11011208,3678490420,2382,廣達,,3.015495275297326,2.529840331019176,0.4856549442781497,333.9364702086219,333.6515524982715,328.3810328723732,52.09951435887546,10.27939551808642,11.20093764287548,15719242.5,5241568121.35,347.5,328.0,0.2144712647086703,-0.2301277773478463,-0.0246376811594203,0.0014880952380953,336.0,0.7765300514292541,347.2959421588697,333.975,320.65405784113034,0.5947755785546565,0.0797720916767403,36.17021276595744,46.04366569322762,338.0,338.75,495903587.0,468075043.05,-46.875,7.803790412485819,59.24362922627358,319.375,358.5,,,,0.0,0.0,0.0,0.0,0.0,0.0,,0.0,0.0,1.3132,-0.0491,0.0,23.87,0.31,0,False,0,False,False,True,True,0.7004922788105088,False,False,False,False,True,True,False,False,False,True,False,False,False,False,False,False,True,False,0.0,0.0,3.268945022288262,8.0,0.3992273627089541,False,False,False,False,False,False,False,-1.0,False,6,False,False,424.79565114061256,,3,False,3,False,False,False,False,"ema60_gt_ema120, market_above_ma60, avoid_chase, liquidity_ok, obv_uptrend, mfi_strong",,,71.1,72.7,70.8,30.3,-0.27,False,99,D
2026-09-11,5270.0,5420.0,5210.0,5365.0,1096726,5862718730,2383,台光電,,-7.272744745771888,41.62995044869251,-48.9026951944644,5465.177571324211,5254.945926442252,4679.609087840374,47.73233323363665,7.985176459489965,292.6733889757847,1948703.4,11038946420.0,6350.0,5290.0,-0.7200892159416706,0.0836716712187833,-0.0092336103416436,-0.001860465116279,5375.0,0.6693079819402966,6195.036164759632,5611.75,5028.463835240368,0.2884828966398646,0.2078803099780396,29.52380952380953,26.507936507936392,5390.0,5422.5,144439494.0,146908753.65,-79.33333333333333,-85.49471661863596,34.75077796364387,4883.75,5090.0,,,,0.0,0.0,0.0,0.0,0.0,0.0,,0.0,0.0,1.294,0.0831,0.0,43.42,0.01,0,False,0,False,False,True,True,0.5627978069931012,False,False,False,False,True,True,False,False,False,False,False,False,False,False,False,False,False,False,10.0,0.0,18.35973904939422,0.0,-0.3984663800849634,False,False,True,False,False,False,False,-1.0,False,5,False,False,340.84638150891146,,3,False,3,False,True,False,True,"ema60_gt_ema120, market_above_ma60, avoid_chase, liquidity_ok, above_ichimoku_cloud",,close_below_ema20,-30.0,39.5,52.9,26.5,-0.4,False,185,D
2026-09-11,102.5,105.5,102.0,105.0,1802172,188066685,2385,群光,,-0.1181964771637495,0.1648148778730833,-0.2830113550368329,106.6172678481376,109.29671883581332,113.87461488713647,45.86671147445749,16.23147633723622,2.9383988761505546,2773544.4,296790186.75,110.5,103.5,0.0309113640397484,-0.0020543469258988,-0.0497737556561086,0.0144927536231884,103.5,1.0563931820978132,110.40105618091404,106.85,103.29894381908596,0.2395141183708613,0.0664680614115871,31.57894736842105,23.598211214310748,106.2,107.2,-4028214.0,-5807713.15,-68.42105263157895,-130.0813008130079,47.020452578805845,104.35,124.35,,,,0.0,0.0,0.0,0.0,0.0,0.0,,0.0,0.0,-0.1224,-0.1054,0.0,24.19,0.1,0,False,0,False,False,False,False,0.6497721832035571,False,False,False,False,True,True,False,False,True,True,False,False,False,False,False,False,False,False,0.0,0.0,5.238095238095238,0.0,0.2181117569069803,False,False,False,False,False,False,False,-1.0,False,5,False,False,284.1150629149193,,3,False,3,False,True,False,True,"market_above_ma60, avoid_chase, liquidity_ok, kd_golden_cross, obv_uptrend",,close_below_ema20,-86.8,27.0,36.8,26.5,-0.33,False,185,D
2026-09-11,36.7,36.9,36.3,36.35,209808,7668430,2387,精元,,-0.291944821125,-0.3667383398577904,0.0747935187327904,36.69539918758059,37.76379599979341,38.789261535912495,42.06698971592474,15.158142062354578,0.5340303216298347,277137.25,10086577.3,37.05,36.2,0.0574678009575964,-0.1898573942742559,-0.0013736263736262,-0.0095367847411445,36.7,0.4749218555003132,37.087703218467865,36.47250000000004,35.85729678153221,0.4004394025236684,0.0337351823136788,40.00000000000009,55.55555555555596,36.44000000000051,36.57500000000018,8692056.0,8870466.5,-59.99999999999991,11.675824175823289,52.35546930086382,38.6875,40.3,,,,0.0,0.0,0.0,0.0,0.0,0.0,,0.0,0.0,-0.2712,-0.1122,0.0,8.76,-0.07,0,False,0,False,False,False,False,0.7570544919529945,False,False,False,False,True,False,False,False,False,False,False,False,False,False,False,False,True,False,0.0,0.0,1.9257221458046647,15.0,-0.0605901628620813,False,False,False,False,False,False,False,-1.0,False,3,False,False,151.84346296518495,,3,False,3,False,True,False,True,"market_above_ma60, avoid_chase, mfi_strong",,close_below_ema20,-201.9,6.1,6.1,30.3,-0.22,False,99,D
2026-09-11,75.7,76.5,75.1,75.2,2593225,196338908,2388,威盛,,0.6830999677614784,0.4883361324098788,0.1947638353515995,75.70176233255872,74.11773706616587,70.83611042037148,49.5939610829912,14.06256692253707,3.768540199213484,4273712.35,327100799.55,81.4,72.7,0.298242606996124,0.0460989173708359,-0.0761670761670761,-0.0321750321750321,77.7,0.455826898233994,80.22710447516542,74.91000000000022,69.59289552483503,0.5272704816460061,0.1419598044363951,24.27184466019418,44.61235401716598,76.92000000000044,76.34000000000052,95646971.0,101688668.55,-60.93749999999999,15.645371577575556,49.72195073411993,74.17500000000001,76.7,,,,0.0,0.0,0.0,0.0,0.0,0.0,,0.0,0.0,0.4329,-0.0898,0.0,15.72,0.11,0,False,0,False,False,True,True,0.6067851056938823,False,False,False,False,True,True,False,False,False,False,False,False,False,False,False,False,False,True,10.0,0.0,8.244680851063833,0.0,-0.3673618349440608,False,False,False,False,False,False,False,-1.0,False,4,False,False,276.65950903761006,,3,True,3,False,True,False,True,"ema60_gt_ema120, market_above_ma60, avoid_chase, liquidity_ok",,close_below_ema20,-73.2,27.1,34.6,29.5,-0.42,False,129,D
2026-09-11,10.1,10.35,10.0,10.0,801841,8117083,2390,云辰,,-0.1788969455459401,-0.1820977179479796,0.0032007724020394,10.251487226812362,10.648137765138411,10.699955381125603,39.27056471359505,13.049747186703916,0.2699039224499823,450256.5,4627663.4,10.65,10.0,-0.1258831323768418,-0.4237654856500334,-0.024390243902439,0.0,10.0,1.3079331530162772,10.564576798343504,10.232500000000003,9.900423201656508,0.149930375804954,0.0649062884619591,0.0,5.555555555555354,10.040000000000054,10.150000000000045,25133613.0,26004537.35,-100.0,-79.36507936507978,42.12413253609331,11.2875,12.075,,,,0.0,0.0,0.0,0.0,0.0,0.0,,0.0,0.0,0.0669,0.004,0.0,2.73,-0.14,0,False,0,False,False,False,False,1.7808538022216225,True,False,False,False,True,False,False,False,False,False,False,False,False,False,False,False,False,False,20.0,12.0,6.500000000000003,0.0,-0.5587480383105046,False,False,False,True,False,False,False,-1.0,False,3,True,False,213.10356156249017,,3,False,3,False,True,False,True,"volume_break, market_above_ma60, avoid_chase",long_upper_shadow,close_below_ema20,-42.8,25.0,17.3,25.0,0.49,False,8,D
2026-09-11,42.3,43.15,41.0,42.3,2532212,107359130,2392,正崴,,1.1001830055893365,1.6188022176179149,-0.5186192120285784,43.047862061847866,40.48398098850359,39.66310681746819,49.495947301275706,30.53855972906824,2.036241029988575,5690527.0,251399831.35,46.65,42.8,0.2362837772368921,0.3410106519345101,-0.0723684210526316,-0.0253456221198157,43.4,0.2453306464050018,47.42335579406148,43.77499999999982,40.12664420593816,0.2978541453658869,0.1666867295973351,18.705035971222973,15.674540014006803,43.12999999999956,44.29999999999982,23836274.0,16602126.1,-82.8947368421053,-71.01224349025703,40.84577803548038,36.212500000000006,38.425,,,,0.0,0.0,0.0,0.0,0.0,0.0,,0.0,0.0,0.3279,0.6261,0.0,8.59,-0.05,0,False,0,False,False,True,True,0.4449872568920242,False,False,True,False,True,True,False,False,False,True,False,False,False,False,False,False,False,False,20.0,0.0,10.283687943262414,0.0,0.2472768119100865,False,False,True,False,False,False,False,-1.0,False,7,False,False,532.4171943118413,,8,False,3,False,True,True,True,"ema60_gt_ema120, market_above_ma60, avoid_chase, liquidity_ok, adx_trending, obv_uptrend, above_ichimoku_cloud",,"close_below_ema20, close_below_swing_low",190.1,82.3,85.0,30.9,-0.48,False,243,D
2026-09-11,61.5,62.1,61.3,62.1,833766,51534714,2393,億光,,-0.572507122759518,-0.1889942530937275,-0.3835128696657904,64.0335463364376,65.05462041095522,65.20170304431196,40.239450152939874,12.414073128717623,1.5507400372135702,1552599.7,100574878.45,66.8,61.8,-0.2010934657349921,-0.1696820940690421,-0.0416666666666666,0.0048543689320388,61.8,0.6657381743566516,67.61885884191452,64.63999999999979,61.66114115808506,0.0736622420203127,0.092167662187956,15.384615384615458,9.965084560829078,62.53999999999942,63.95999999999949,85666847.0,88198913.0,-86.20689655172406,-158.93913375309916,26.879621708289093,61.5,63.5,,,,0.0,0.0,0.0,0.0,0.0,0.0,,0.0,0.0,0.1744,0.0784,0.0,28.38,-0.19,0,False,0,False,False,False,False,0.5370128565656686,False,False,False,False,True,True,False,False,False,False,False,False,False,False,False,False,False,False,20.0,25.0,7.568438003220606,0.0,-0.3934039800088335,False,False,False,False,False,False,False,-1.0,False,3,False,False,235.64928080555063,,3,False,3,False,True,False,True,"market_above_ma60, avoid_chase, liquidity_ok",,close_below_ema20,-106.7,15.6,22.2,30.9,-0.41,False,243,D
2026-09-11,655.0,695.0,650.0,674.0,4576433,3095218302,2395,研華,,13.421892061252834,20.518585280263704,-7.09669321901087,666.4983243947744,605.7269832089652,532.4254865217845,53.86819620314136,30.960281206505893,31.659343453739435,3229517.1,2193013911.85,711.0,653.0,-0.0214730380006161,0.7115319304818519,-0.0520393811533052,0.022761760242792,659.0,0.4737775094951004,709.1322775662959,675.85,642.5677224337041,0.4722074308719564,0.098490131142401,35.36585365853659,20.73170731707372,664.6,678.8,98703110.0,97126678.15,-64.63414634146342,-18.988164910911,47.74245439041519,591.5,560.5,,,,0.0,0.0,0.0,0.0,0.0,0.0,,0.0,0.0,0.8758,0.1135,0.0,35.44,-0.05,0,False,0,False,False,True,True,1.4170641796570762,False,False,True,False,True,True,False,False,False,True,False,False,False,False,False,False,False,False,0.0,0.0,5.489614243323442,0.0,0.1729291273173162,False,False,True,False,False,False,False,-1.0,False,7,False,False,521.2457913243785,,8,False,3,False,False,False,False,"ema60_gt_ema120, market_above_ma60, avoid_chase, liquidity_ok, adx_trending, obv_uptrend, above_ichimoku_cloud",,,167.5,86.9,83.9,30.3,0.37,False,99,D
2026-09-11,59.4,60.5,59.3,59.8,255543,15290245,2397,友通,,-0.4374955556121875,0.1091124198987484,-0.546607975510936,61.6632515797155,61.19182544407385,60.89429143489129,41.10712116258286,11.29359970758948,1.803886237717224,277808.05,17488353.7,65.8,59.8,-0.4126361059025203,0.148124956243951,-0.0385852090032154,0.0,59.8,0.5606110438609005,65.76429810426865,62.47000000000044,59.17570189573223,0.0947543428839823,0.1054681640553284,19.999999999999897,17.414965986394844,60.240000000000144,61.310000000000585,14166869.0,14724419.0,-80.0000000000001,-145.42020774315384,36.054712981828985,57.75,61.1,,,,0.0,0.0,0.0,0.0,0.0,0.0,,0.0,0.0,0.5127,0.0001,0.0,14.54,-0.28,0,False,0,False,False,False,True,0.9198545542506776,False,False,False,False,True,False,False,False,False,False,False,False,False,False,False,False,False,False,20.0,25.0,10.033444816053512,0.0,-0.4687780242644777,False,False,False,False,False,False,False,-1.0,False,3,False,False,238.57320925133303,,3,False,3,False,True,False,True,"ema60_gt_ema120, market_above_ma60, avoid_chase",,close_below_ema20,-115.1,29.3,23.3,30.3,-0.07,False,99,D
2026-09-11,45.3,46.15,45.15,45.5,2215732,101138441,2399,映泰,,0.6697443275294077,0.9231918078374712,-0.2534474803080634,45.43465748035764,44.13367757419818,41.35390716063867,51.47538571416095,14.593919128969548,1.9792943750463623,5588470.8,261565180.15,47.9,44.4,-0.0404484134334396,-0.0812718005519531,-0.0380549682875264,0.0033076074972435,45.35,0.2380600843558222,48.206771083325805,46.14499999999985,44.08322891667389,0.3435810829785813,0.0893605410478259,29.76190476190474,30.95238095238104,45.81999999999971,45.86499999999978,446313670.0,443934049.05,-76.19047619047619,-60.8786924576401,72.59207643107707,39.55,43.75,,,,0.0,0.0,0.0,0.0,0.0,0.0,,0.0,0.0,0.1072,0.2148,0.0,6.0,-0.67,0,False,0,False,False,True,True,0.3964827014932242,False,False,False,False,True,True,False,False,False,True,False,False,False,False,False,False,True,False,10.0,0.0,5.274725274725272,0.0,0.1190865201058398,False,False,True,True,False,False,False,-1.0,False,7,True,False,490.39386525620233,,3,False,3,False,False,False,False,"ema60_gt_ema120, market_above_ma60, avoid_chase, liquidity_ok, obv_uptrend, mfi_strong, above_ichimoku_cloud",long_upper_shadow,,136.7,84.8,80.5,30.3,-0.54,False,99,D
2026-09-11,24.25,24.35,23.7,24.1,2658941,64025536,2401,凌陽,,-0.6339049798486229,-0.6289011233019641,-0.0050038565466588,25.51667309866744,26.666471990676666,26.22848385192716,37.08643745674426,22.04908408259915,0.9317471425062284,2098325.2,53389670.4,26.8,24.85,-0.223908272800986,-0.552419040380377,-0.0622568093385212,-0.0321285140562247,24.9,0.6637562484344575,26.402918647512703,25.394999999999936,24.38708135248717,-0.1424129582261403,0.0793792988787375,17.391304347826175,15.026492130279316,24.91000000000004,25.130000000000017,339867786.0,343321413.55,-85.1851851851851,-270.7731793391079,44.4439785353889,27.6375,29.425,,,,0.0,0.0,0.0,0.0,0.0,0.0,,0.0,0.0,0.3759,0.016,0.0,16.99,-0.12,0,False,0,False,False,False,True,1.267172981575973,False,False,True,False,True,True,False,False,True,False,False,False,False,False,False,False,False,False,20.0,25.0,11.203319502074685,0.0,-0.1525319724496437,False,False,False,False,False,False,False,-1.0,False,6,False,False,470.841346146364,,3,False,3,True,True,True,True,"ema60_gt_ema120, market_above_ma60, avoid_chase, liquidity_ok, adx_trending, kd_golden_cross",,"macd_death_cross, close_below_ema20, close_below_swing_low",128.5,76.1,78.0,30.9,0.17,False,243,D
2026-09-11,53.8,54.3,53.4,54.0,1034429,55771380,2402,毅嘉,,-0.4474694513524468,-0.2130526518316548,-0.234416799520792,55.94905349630237,58.07045065232608,59.0675647344122,42.31165793103322,15.035643403749251,2.02603155265709,1982142.85,114102046.4,62.2,54.2,0.2224311427400429,-0.3892018779935503,-0.0542907180385289,-0.003690036900369,54.2,0.3999563327544495,60.66655297730049,55.78000000000011,50.893447022699725,0.3178675225390185,0.1752080665937745,6.122448979591849,3.888598174312696,54.700000000000365,56.91000000000022,603681350.0,605538517.0,-90.19607843137254,-66.01963984082018,53.616665661195086,56.375,60.125,,,,0.0,0.0,0.0,0.0,0.0,0.0,,0.0,0.0,0.2402,0.0281,0.0,5.28,-0.14,0,False,0,False,False,False,False,0.5218740919707174,False,False,False,False,True,True,False,False,True,False,False,False,False,False,False,False,True,False,20.0,0.0,15.18518518518519,0.0,-0.1831062884112933,False,False,False,False,False,False,False,-1.0,False,5,False,False,363.0214654587716,,3,False,3,False,True,True,True,"market_above_ma60, avoid_chase, liquidity_ok, kd_golden_cross, mfi_strong",,"close_below_ema20, close_below_swing_low",-7.8,45.9,58.0,26.5,-0.44,False,185,D
2026-09-11,1025.0,1040.0,1000.0,1005.0,1637345,1663887285,2404,漢唐,,-22.93460163245232,-21.96768386874456,-0.9669177637077516,1071.213766680464,1109.163627892486,1092.484451751463,37.24049156600875,18.24614610965103,45.18780744391052,1217145.0,1301389698.0,1155.0,1025.0,-0.3274726745286789,-0.4176531861309304,-0.0607476635514018,-0.0518867924528302,1060.0,0.5477300838557408,1132.773780845922,1071.0,1009.226219154078,-0.034207224296495,0.115357200459238,4.761904761904762,38.429406850459294,1053.0,1055.5,54218627.0,54859882.4,-95.23809523809524,-184.35155412647347,46.08330078985938,1131.25,1212.5,,,,0.0,0.0,0.0,0.0,0.0,0.0,,0.0,0.0,0.6377,0.1375,0.0,37.02,0.0,0,False,0,False,False,False,True,1.3452341339774636,False,False,False,False,True,True,False,False,False,False,False,False,False,False,False,False,False,False,20.0,25.0,14.925373134328357,0.0,-0.1394301006910127,False,False,False,False,False,False,False,-1.0,False,4,False,False,306.7791801314825,,3,False,3,True,True,True,True,"ema60_gt_ema120, market_above_ma60, avoid_chase, liquidity_ok",,"macd_death_cross, close_below_ema20, close_below_swing_low",-35.6,37.9,43.9,30.9,0.23,False,243,D
2026-09-11,14.55,14.8,14.55,14.65,991005,14545047,2405,輔信,,-0.343332144159536,-0.3158525366556529,-0.0274796075038831,15.275731414914166,15.975789424396904,16.34095206830931,32.87451102388124,23.79503768645006,0.3574492087987728,847047.45,12952516.35,16.05,14.75,-0.3154381727097068,-0.341507034893054,-0.0298013245033111,-0.0067796610169491,14.75,1.3223382665435848,15.906116872026924,15.29000000000001,14.673883127973095,-0.0193819785315435,0.0805908269492366,9.999999999999964,9.738562091503503,14.86999999999989,15.055000000000016,154621857.0,157745574.75,-90.90909090909092,-175.06631299734818,30.42654812975185,16.0,18.15,,,,0.0,0.0,0.0,0.0,0.0,0.0,,0.0,0.0,0.2195,0.003,0.0,4.93,-0.07,0,False,0,False,False,False,False,1.1699521673785809,False,False,True,False,True,False,False,False,True,False,False,False,False,False,False,False,False,False,20.0,25.0,9.556313993174063,0.0,-0.391288162490193,False,False,False,False,False,False,False,-1.0,False,4,False,False,347.00406372390347,,5,False,3,False,True,True,True,"market_above_ma60, avoid_chase, adx_trending, kd_golden_cross",,"close_below_ema20, close_below_swing_low",-6.7,47.5,54.4,30.3,0.15,False,99,D
2026-09-11,26.5,26.9,26.3,26.4,3041349,80740982,2406,國碩,,-1.2066154377286828,-1.230280363802496,0.023664926073813,28.190998253046228,30.721614757613192,31.14779034156426,32.47984071094615,28.43953344762733,0.99745174568316,3028023.3,85175651.3,29.5,26.9,-0.4535030181663647,-0.6441565305649871,-0.0311926605504587,-0.0185873605947954,26.9,0.7685856917710395,29.62330157881871,28.00499999999997,26.38669842118124,0.0041097342401628,0.1155723319991958,3.9999999999999134,13.721925133690092,26.95999999999985,27.34499999999989,484714453.0,494869464.8,-96.66666666666674,-148.36913285600644,32.20056806228675,33.8875,36.875,,,,0.0,0.0,0.0,0.0,0.0,0.0,,0.0,0.0,0.6613,0.2391,0.0,7.78,0.27,0,False,0,False,False,False,False,1.004400791764053,False,False,True,False,True,True,False,False,False,False,False,False,False,False,False,False,False,False,20.0,25.0,11.74242424242425,0.0,-0.159154483036306,False,False,False,True,False,False,False,-1.0,False,4,True,False,343.13415412120486,,3,False,3,False,True,True,True,"market_above_ma60, avoid_chase, liquidity_ok, adx_trending",long_upper_shadow,"close_below_ema20, close_below_swing_low",0.8,50.6,53.3,30.9,-0.04,False,243,D
2026-09-11,498.0,498.0,490.0,493.0,38482147,19009520526,2408,南亞科,,12.537653913000042,17.870842795627233,-5.333188882627191,505.3787167301534,457.279205192013,393.6040074490194,48.99606294107144,19.08240831054785,30.39458183927169,75420843.6,39226998841.25,543.0,477.5,-0.0340993233162989,0.3916681175825826,-0.0060483870967742,-0.0427184466019417,515.0,0.4847513437056395,550.8045299715591,515.275,479.7454700284409,0.1865283608053525,0.1379051185155852,28.395061728395063,44.35559296670484,515.8,513.15,6228606773.0,6166405483.8,-76.76767676767676,-113.14856009138424,34.37592229871835,401.0,396.5,,,,0.0,0.0,0.0,0.0,0.0,0.0,,0.0,0.0,7.1961,0.4927,0.0,16.49,1.05,0,False,0,False,False,True,True,0.5102322536206689,False,False,False,False,True,True,False,False,False,True,False,False,False,False,False,False,False,True,10.0,12.0,10.141987829614605,0.0,0.395402749195836,False,False,True,False,False,False,False,-1.0,False,6,False,False,471.8471555265567,,3,False,3,False,True,False,True,"ema60_gt_ema120, market_above_ma60, avoid_chase, liquidity_ok, obv_uptrend, above_ichimoku_cloud",,close_below_ema20,129.5,76.5,78.0,30.9,-0.43,False,243,D
2026-09-11,30.5,30.9,29.0,30.2,519203137,15496491269,2409,友達,,1.1249953606347631,0.5909449895804,0.5340503710543631,27.652141330913928,26.13986506925685,23.805334986690905,66.6947794156032,21.860096966488022,1.65983800395396,244933686.95,6971621671.8,31.2,25.85,0.8490183837438279,-0.1768890863223312,0.126865671641791,-0.032051282051282,31.2,2.203117052553435,30.739175402603664,27.082499999999985,23.4258245973963,0.9262751894494446,0.2700397232606801,67.47967479674793,76.16269271936471,30.039999999999964,28.29999999999991,6722656614.0,4978049898.55,-26.31578947368425,138.39285714285722,64.0750192399812,26.012500000000003,27.475,,,,0.0,0.0,0.0,0.0,0.0,0.0,,0.0,0.0,-0.0264,-0.1836,0.0,15.88,4.06,0,False,0,False,False,True,True,2.1197702262408216,True,True,True,False,False,True,False,False,False,True,False,False,False,False,False,False,True,True,0.0,-25.0,3.3112582781456954,8.0,2.0,False,False,True,False,False,False,False,-1.0,False,9,False,False,643.1977022624083,,3,False,3,False,False,False,False,"ema60_gt_ema120, volume_break, rsi_strong, market_above_ma60, liquidity_ok, adx_trending, obv_uptrend, mfi_strong, above_ichimoku_cloud",,,300.9,90.9,92.7,30.9,0.84,False,243,D
2026-09-11,140.0,140.5,139.0,140.5,14548634,2038171660,2412,中華電,,0.5552515131203108,0.0315493901892997,0.523702122931011,137.8310572002398,137.90319027289175,137.44928098259535,68.2127638705086,18.752019451616885,1.5400531065872185,9198082.15,1261054925.5,139.5,135.5,0.1409777401709004,-0.0602575192481923,0.0218181818181817,0.007168458781362,139.5,0.7879586149984679,140.04336190184904,137.175,134.30663809815098,1.0795991080931244,0.0418204760612214,100.0,100.0,139.3,138.15,-49232975.0,-100458071.25,-0.0,197.3069524594679,73.04651341252493,138.25,139.5,,,,0.0,0.0,0.0,0.0,0.0,0.0,,0.0,0.0,0.0368,-0.0683,0.0,17.39,0.2,0,False,0,False,False,True,True,1.581702985768615,True,True,False,True,True,True,False,False,False,True,False,False,True,True,False,False,True,True,-20.0,-25.0,-0.7117437722419928,25.0,0.9796056985209602,False,False,True,False,False,False,False,-1.0,False,12,False,False,827.5722982399377,,3,False,3,False,False,False,False,"ema60_gt_ema120, volume_break, rsi_strong, breakout_20d, market_above_ma60, avoid_chase, liquidity_ok, obv_uptrend, bb_squeeze_breakout, breakout_volume_confirm, mfi_strong, above_ichimoku_cloud",,,485.2,99.2,98.5,30.9,0.41,True,243,D
2026-09-11,49.4,52.0,48.5,50.2,5052523,251578842,2413,環科,,1.5640120205036254,0.7421302984843441,0.8218817220192813,45.70999551447571,45.32340672096949,45.05149766842854,64.0954733653553,18.63194658473164,2.4632812335299,2882896.4,140296682.85,50.7,41.65,0.669059762373975,-0.1371708831068389,0.0960698689956334,-0.009861932938856,50.7,6.580139453264548,50.34283285746724,44.97250000000004,39.60216714253284,0.9867016755517648,0.2388274104160183,74.24892703862662,84.26323319027203,49.14000000000051,46.25000000000036,281902276.0,256463943.75,-25.75107296137337,168.62187943982133,79.19868479948931,40.2375,50.9,,,,0.0,0.0,0.0,0.0,0.0,0.0,,0.0,0.0,0.1979,0.0734,0.0,2.91,-1.62,0,False,0,False,False,True,True,1.7525856981888075,True,True,False,False,False,True,False,False,False,True,False,False,False,False,False,False,True,True,-10.0,-25.0,0.99601593625498,25.0,2.0,False,False,False,True,False,False,False,-1.0,False,7,True,False,486.52585698188807,,3,False,3,False,False,False,False,"ema60_gt_ema120, volume_break, rsi_strong, market_above_ma60, liquidity_ok, obv_uptrend, mfi_strong",long_upper_shadow,,115.7,77.8,80.1,26.5,0.64,False,185,D
2026-09-11,27.2,27.55,27.05,27.05,107543,2935533,2415,錩新,,-0.9363453324177478,-0.8476564154171211,-0.0886889170006266,28.95894450987235,30.18914266842644,29.80698124640332,34.57759440873052,16.49181151834866,1.1253744728350843,181359.7,5272895.75,30.8,27.8,-0.4807256010752413,-0.4455387166408219,-0.0407801418439716,-0.0269784172661871,27.8,0.2721560608931017,31.104587337309766,29.04499999999998,26.985412662690194,0.0156796791618872,0.1418204398216414,0.0,14.876385336743624,27.91000000000004,28.239999999999963,12761196.0,13026160.05,-93.4782608695652,-152.62974573319366,35.441088623713114,33.2625,34.525,,,,0.0,0.0,0.0,0.0,0.0,0.0,,0.0,0.0,0.0833,0.0461,0.0,20.74,0.09,0,False,0,False,False,False,True,0.5929817925371512,False,False,False,False,True,False,False,False,False,False,False,False,False,False,False,False,False,False,20.0,25.0,13.863216266173753,0.0,-0.0971406994902352,False,False,False,True,False,False,False,-1.0,False,3,True,False,219.7641295314887,,3,False,3,False,True,True,True,"ema60_gt_ema120, market_above_ma60, avoid_chase",long_upper_shadow,"close_below_ema20, close_below_swing_low",-151.1,14.1,18.5,26.5,-0.38,False,185,D
2026-09-11,52.5,53.5,52.4,53.0,229635,12153604,2414,精技,,-0.7095352840861366,-1.0010162925804098,0.2914810084942731,52.857428440008405,54.03423366017967,52.40810653830209,48.22023996244257,13.378974031374335,1.1776603321396115,178398.6,9332420.55,53.3,51.7,0.027156478258714,-0.3588489603012425,0.0095238095238094,0.0076045627376426,52.6,0.6135707635195239,52.98313583329608,52.27999999999993,51.57686416670378,1.011992111556072,0.0268988459562414,73.68421052631577,73.45029239766033,52.44000000000015,52.35999999999986,1339108.0,1142949.2,-26.31578947368423,178.7758696609428,55.9790895150144,58.95,58.8,,,,0.0,0.0,0.0,0.0,0.0,0.0,,0.0,0.0,0.2535,-0.3666,0.0,4.31,0.07,0,False,0,False,False,False,True,1.2872018053953338,False,False,False,False,True,False,False,False,False,True,False,False,True,False,False,True,True,True,-10.0,-25.0,0.5660377358490513,25.0,0.0976130634999891,False,False,False,False,False,False,False,-1.0,False,7,False,False,519.0433748159531,,3,False,3,False,False,False,False,"ema60_gt_ema120, market_above_ma60, avoid_chase, obv_uptrend, bb_squeeze_breakout, cci_momentum, mfi_strong",,,220.6,91.4,83.6,14.3,0.24,False,35,D
2026-09-11,38.15,38.7,38.05,38.4,290606,11170102,2417,圓剛,,-1.1902274714144312,-0.538286017754861,-0.6519414536595702,41.43479710012693,42.73630761891961,42.75726015262135,34.50684018848246,19.137494547782204,1.52821962572337,851665.3,36800058.95,45.65,38.1,-0.8310578141937917,-0.1345268020035479,-0.0943396226415094,-0.0013003901170351,38.45,0.6933591255655708,47.177918402626354,42.42749999999997,37.67708159737358,0.0760899715935269,0.2239311014142427,8.527131782945698,7.046905214162204,38.60999999999986,40.8,13052682.0,15738924.65,-92.7152317880795,-147.92158233563424,29.184992801884533,41.650000000000006,45.45,,,,0.0,0.0,0.0,0.0,0.0,0.0,,0.0,0.0,0.1893,-0.0528,0.0,2.16,-0.72,0,False,0,False,False,False,False,0.341220899806532,False,False,False,False,True,False,False,False,False,False,False,False,False,False,False,False,False,False,20.0,25.0,18.880208333333336,0.0,-0.8192022682874618,False,False,False,False,False,False,False,-1.0,False,2,False,False,168.58178177861578,,3,False,3,False,True,False,True,"market_above_ma60, avoid_chase",,close_below_ema20,-185.1,10.1,9.4,30.3,-0.59,False,99,D
2026-09-11,26.9,27.35,26.8,27.05,966605,26168747,2419,仲琦,,0.5111581526847395,0.315258287674322,0.1958998650104174,26.119171952032342,26.46161610122515,27.29526896999726,59.25741134425972,27.11679221892876,0.857307251370985,1445185.0,39736574.6,27.9,25.1,0.6970950962058577,-0.1771331343351689,-0.0018450184501844,0.0074487895716945,26.85,0.7856072095557874,28.151599210887696,25.7375,23.323400789112306,0.7718405262883494,0.1875939163390146,43.67816091954027,45.35648842245549,26.95,26.755000000000017,136865835.0,147211141.35,-45.37037037037037,72.98286154438661,71.42133020979024,24.9125,28.275,,,,0.0,0.0,0.0,0.0,0.0,0.0,,0.0,0.0,-0.0385,-0.3017,0.0,1.01,0.08,0,False,0,False,False,True,False,0.6688451651518663,False,True,True,False,True,False,False,False,False,False,False,False,False,False,False,False,True,True,0.0,0.0,3.142329020332709,8.0,-1.8186924041221653,False,False,False,False,False,False,False,-1.0,False,5,False,False,327.8641428020527,,3,False,3,False,False,False,False,"rsi_strong, market_above_ma60, avoid_chase, adx_trending, mfi_strong",,,-14.5,45.7,49.7,30.9,-0.31,False,243,D
2026-09-11,54.0,54.1,53.2,53.3,439223,23483001,2420,新巨,,-0.8403781832618975,-0.7404498077436457,-0.0999283755182518,54.984908065149256,56.48104342163856,56.45354663726879,36.70104936753018,15.184897578216914,1.189205349713489,496763.75,27736540.5,58.6,53.7,-0.4068596269031072,-0.2311376569379034,-0.0202205882352941,-0.01841620626151,54.3,0.524822424743712,58.35268335562765,55.37000000000008,52.3873166443725,0.1529970242911462,0.1077364405139091,4.545454545454296,27.830940988835817,53.94000000000015,54.28000000000011,4623059.0,5309234.3,-87.75510204081644,-91.40826873384974,32.48948998279192,56.25,59.05,,,,0.0,0.0,0.0,0.0,0.0,0.0,,0.0,0.0,0.1859,0.1292,0.0,7.94,0.1,0,False,0,False,False,False,True,0.8841687824443711,False,False,False,False,True,False,False,False,False,False,False,False,False,False,False,False,False,False,20.0,12.0,9.94371482176361,0.0,-0.3930406303754487,False,False,False,False,False,False,False,-1.0,False,3,False,False,226.1252002599384,,3,False,3,False,True,True,True,"ema60_gt_ema120, market_above_ma60, avoid_chase",,"close_below_ema20, close_below_swing_low",-144.7,15.1,19.7,26.5,-0.12,False,185,D
2026-09-11,161.0,166.5,160.0,164.5,2503930,408882994,2421,建準,,6.507870323429671,6.879356336726777,-0.3714860132971056,161.18829501420277,151.62366564231226,148.4779984415586,55.57903769912966,24.107187208668822,8.03185947348257,5334784.1,895129196.3,179.5,163.5,1.0635333138267644,0.308662483813477,-0.0758426966292135,-0.003030303030303,165.0,0.3683031979822352,184.5259499819504,159.525,134.5240500180496,0.5994962192155043,0.3134424069199237,18.75,26.157407407407543,167.3,170.35,312029305.0,315763375.25,-44.82758620689656,26.555687673404687,69.82033640140318,136.5,148.25,,,,0.0,0.0,0.0,0.0,0.0,0.0,,0.0,0.0,0.3165,0.1425,0.0,36.0,-0.86,0,False,0,False,False,True,True,0.4693592004969798,False,True,True,False,True,True,False,False,False,False,False,False,False,False,False,False,True,False,20.0,0.0,9.118541033434653,0.0,-0.4085589308699015,False,False,True,False,False,False,False,-1.0,False,8,False,False,564.790884834531,,3,False,3,True,False,False,True,"ema60_gt_ema120, rsi_strong, market_above_ma60, avoid_chase, liquidity_ok, adx_trending, mfi_strong, above_ichimoku_cloud",,macd_death_cross,193.9,89.7,87.1,26.5,-0.48,False,185,D
2026-09-11,71.8,73.0,71.3,72.2,121367,8737577,2423,固緯,,-0.3603661717486233,-0.1798914609743341,-0.1804747107742891,73.92286448436859,73.43867025995677,69.70652427128951,43.15031174159681,7.616614301330252,2.230216945833387,92604.5,6875789.9,77.0,73.0,-0.1172106630994977,-0.0723314079445098,-0.0190217391304347,-0.0109589041095889,73.0,1.4156592824364231,75.93710878910623,74.14000000000014,72.34289121089405,-0.0397558600125498,0.0484787911817126,17.307692307692406,22.20279720279784,73.48000000000029,73.64000000000033,2423242.0,2586312.2,-85.93749999999993,-208.11030008110384,32.422893643720485,72.75,76.0,,,,0.0,0.0,0.0,0.0,0.0,0.0,,0.0,0.0,0.1746,-0.1499,0.0,5.02,0.01,0,False,0,False,False,False,True,1.310595057475609,False,False,False,False,True,False,False,False,False,False,False,False,False,False,False,False,False,False,20.0,25.0,6.648199445983376,0.0,-0.2269898027711345,False,False,False,False,False,False,False,-1.0,False,3,False,False,245.38207294150249,,3,False,3,False,True,True,True,"ema60_gt_ema120, market_above_ma60, avoid_chase",,"close_below_ema20, close_below_swing_low",-97.0,21.4,26.3,30.9,0.2,False,243,D
2026-09-11,8.02,8.49,8.01,8.01,139000,1124510,2424,隴華,,-0.205318186558383,-0.2434317924711327,0.0381136059127497,8.154814872605932,9.91557332645596,15.172116799207824,41.11461799735769,12.30750215127162,0.4002109002096967,26636.5,216088.0,8.86,7.96,-0.196186916297266,-0.5029631851730525,-0.0012468827930174,0.0,8.01,0.5461709095266861,8.373869779317667,8.109000000000105,7.844130220682543,0.3131157124546649,0.0653273595554467,32.53012048192765,34.06434727674726,8.009999999999854,8.015999999999986,-6022415.0,-6001475.05,-62.92134831460676,7.1389346512904375,55.41172477949261,8.4225,10.65,,,,0.0,0.0,0.0,0.0,0.0,0.0,,0.0,0.0,0.0268,-0.5844,0.0,0.59,-0.03,0,False,0,False,False,False,False,5.218403318754341,True,False,False,False,True,False,False,False,False,False,False,False,False,False,False,False,True,False,0.0,0.0,10.61173533083645,0.0,-0.0752207345419202,False,False,False,True,False,False,False,-1.0,False,4,True,False,239.09735118549696,,3,False,3,False,True,False,True,"volume_break, market_above_ma60, avoid_chase, mfi_strong",long_upper_shadow,close_below_ema20,-103.2,17.3,23.6,30.9,3.28,False,243,D
2026-09-11,36.5,37.6,36.5,36.95,725103,26762892,2425,承啟,,-1.4017729001556418,-1.497456912373918,0.095684012218276,38.54043910153253,39.6148611771343,37.792956291083264,40.14245645196393,25.361026270020112,1.5541291258065095,1263040.75,48289740.35,41.1,36.35,-0.2307919559927158,-0.1953048373316419,-0.0250659630606858,-0.0093833780160856,37.3,0.2777324264878124,39.17364161753461,37.78249999999989,36.39135838246518,0.2007853156333613,0.073639468935868,30.61224489795924,42.85714285714312,37.25,37.3,49179869.0,51089391.3,-69.38775510204076,-109.21325051759786,35.77858713962684,46.0,42.025,,,,0.0,0.0,0.0,0.0,0.0,0.0,,0.0,0.0,1.436,-0.2071,0.0,6.1,0.63,0,False,0,False,False,False,True,0.5740931161563869,False,False,True,False,True,False,False,False,False,False,False,False,False,False,False,False,False,False,0.0,0.0,11.23139377537212,0.0,-0.1082763090415887,False,False,False,False,False,False,False,-1.0,False,4,False,False,304.4416154530648,,3,False,3,False,True,False,True,"ema60_gt_ema120, market_above_ma60, avoid_chase, adx_trending",,close_below_ema20,-49.3,40.4,43.5,30.3,-0.38,False,99,D
2026-09-11,94.0,101.5,92.4,97.1,50681192,4966838119,2426,鼎元,,7.698623571856473,8.364935243087398,-0.6663116712309254,91.44465253066063,78.1283788015409,66.65792889471248,58.57976380504325,30.66720506509072,7.884425515176325,53155048.0,5058681270.85,107.5,95.0,1.9314482377983924,0.4623241587336273,-0.0708133971291866,0.0104058272632674,96.1,0.5308513238268842,115.57259952745888,91.49000000000004,67.40740047254121,0.6164741371379666,0.5264531539503514,25.268817204301023,36.15155263742236,97.8600000000002,99.86000000000004,638697110.0,595091075.4,-45.27687296416939,35.77630751856468,64.54132188372249,61.175,72.05,,,,0.0,0.0,0.0,0.0,0.0,0.0,,0.0,0.0,0.3632,0.0253,0.0,7.36,-2.82,0,False,0,False,False,True,True,0.953459622499071,False,True,True,False,True,True,False,False,False,True,False,False,False,False,False,False,True,False,10.0,0.0,10.710607621009276,0.0,0.5185581521973073,False,False,True,False,False,False,False,-1.0,False,9,False,False,645.7572940513585,,8,False,3,False,False,False,False,"ema60_gt_ema120, rsi_strong, market_above_ma60, avoid_chase, liquidity_ok, adx_trending, obv_uptrend, mfi_strong, above_ichimoku_cloud",,,303.4,91.4,92.8,30.9,-0.08,False,243,D
2026-09-11,22.4,22.9,22.3,22.4,885909,20043084,2427,三商電,,-0.1064819542910484,-0.1559439187045642,0.0494619644135157,22.31837778060715,22.61824245673773,23.10781492092212,50.208027543219096,10.096718426338038,0.5041774132530585,330196.45,7378938.75,22.85,21.8,-0.0406275760384656,-0.1319463314216969,0.0090090090090089,-0.0044444444444444,22.5,0.9104124811656724,22.849545266568267,22.299999999999955,21.75045473343164,0.5909843156547444,0.0492865709926738,54.54545454545445,56.00790513833999,22.21000000000004,22.184999999999945,-18161353.0,-17590168.85,-47.82608695652186,66.93440428380164,64.36935553613372,23.4375,23.625,,,,0.0,0.0,0.0,0.0,0.0,0.0,,0.0,0.0,0.3148,-0.2304,0.0,3.14,0.02,0,False,0,False,False,False,False,2.682975543801273,True,False,False,False,True,False,False,False,False,False,False,False,False,False,False,False,True,True,0.0,0.0,2.0089285714285845,8.0,-0.1126035599243937,False,False,False,False,False,False,False,-1.0,False,4,False,False,308.47851271892,,3,False,3,False,False,False,False,"volume_break, market_above_ma60, avoid_chase, mfi_strong",,,-33.9,39.1,44.8,30.9,1.28,False,243,D
2026-09-11,30.6,31.1,30.1,30.45,140022,4296176,2429,銘旺科,,-1.2295251123524764,-1.2353524670217615,0.0058273546692853,32.116599148943784,36.24269281952166,42.879641098581615,38.36968794412198,10.904577242353083,1.4652949612358417,308886.05,10377780.1,36.0,30.4,-0.6294740756422156,-0.7080858333373549,-0.0333333333333333,-0.017741935483871,31.0,0.5706552122205248,35.25852691352036,32.39750000000022,29.53647308648009,0.1596501782634281,0.1766202277039965,14.062499999999964,16.848323925529865,30.650000000000727,31.365000000000144,107596207.0,107984850.15,-91.81818181818184,-109.28061504667755,32.887794013125784,37.75,41.3,,,,0.0,0.0,0.0,0.0,0.0,0.0,,0.0,0.0,-0.3155,0.6355,0.0,0.88,0.1,0,False,0,False,False,False,False,0.4533127993316629,False,False,False,False,True,False,False,False,False,False,False,False,False,False,False,False,False,False,20.0,12.0,18.22660098522168,0.0,-0.1510883059628658,False,False,False,True,False,False,False,-1.0,False,2,True,False,94.72006832176224,,3,False,3,False,True,False,True,"market_above_ma60, avoid_chase",long_upper_shadow,close_below_ema20,-247.6,0.8,0.4,30.9,-0.48,False,243,D
2026-09-11,247.5,263.0,247.0,255.0,2241225,575871267,2428,興勤,,0.3809814850521889,0.1973237135688177,0.1836577714833711,252.3949929494496,252.28474010886308,239.3753972312274,51.497215890912905,14.173522075710633,11.720265061530084,1707129.65,440236653.6,267.0,244.5,-0.0599077495492367,-0.4266136082555525,-0.0192307692307692,0.0179640718562874,250.5,0.4701608457514822,264.0423599316374,254.025,244.0076400683626,0.5486655169951862,0.0788690871499844,48.83720930232558,31.782945736433856,253.4,253.0,72091469.0,69755572.25,-48.888888888888886,7.900334244910423,62.33754073412115,250.0,279.75,,,,0.0,0.0,0.0,0.0,0.0,0.0,,0.0,0.0,0.4836,0.0057,0.0,14.04,0.22,0,False,0,False,False,True,True,1.3128616212599904,False,False,False,False,True,True,False,False,True,True,False,False,False,False,False,False,True,True,0.0,0.0,4.705882352941177,0.0,0.4031072155687841,False,False,False,False,False,False,False,-1.0,False,7,False,False,507.96590279942535,,3,False,3,False,False,False,False,"ema60_gt_ema120, market_above_ma60, avoid_chase, liquidity_ok, kd_golden_cross, obv_uptrend, mfi_strong",,,137.1,82.2,82.0,26.5,0.25,False,185,D
2026-09-11,17.95,17.95,17.7,17.95,44635,795923,2430,燦坤,,0.133342662342681,0.0980179270124431,0.0353247353302378,17.73517774900838,17.929821308082463,18.876185045842323,62.80949769593681,36.44718945295549,0.2441257987807748,52245.95,920543.85,18.0,17.8,0.2246290586362213,-0.0635209875548181,0.0056022408963585,0.0,17.95,0.9836644967414112,18.237125446738755,17.694999999999983,17.15287455326121,0.7351854183694965,0.0612744217845462,87.49999999999977,91.66666666666669,17.93999999999978,17.875,-4638247.0,-4694509.2,-9.090909090909207,77.2288472458812,55.62958841451396,17.325,18.425,,,,0.0,0.0,0.0,0.0,0.0,0.0,,0.0,0.0,0.0314,0.1172,0.0,2.85,0.0,0,False,0,False,False,True,False,0.8543245935809379,False,True,True,False,True,False,False,False,False,True,False,False,False,False,False,False,True,True,-20.0,0.0,0.2785515320334302,25.0,0.0687762754039858,False,False,False,False,False,False,False,-1.0,False,6,False,False,459.3685612406572,,5,False,3,False,False,False,False,"rsi_strong, market_above_ma60, avoid_chase, adx_trending, obv_uptrend, mfi_strong",,,161.0,82.9,76.3,14.3,-0.22,False,35,D
2026-09-11,9.96,9.98,9.93,9.98,106551,1060925,2431,聯昌,,-0.1261898927473321,-0.1167839479046965,-0.0094059448426355,10.17558429375217,10.52022256535273,10.954887024938788,39.85352732363743,27.407624432286568,0.2224806756045975,146523.25,1491907.1,10.4,9.93,-0.1633745046300119,-0.2680513764976299,-0.0118811881188117,-0.0069651741293532,10.05,1.147724174067401,10.463276416839676,10.189999999999989,9.916723583160298,0.1157736506711114,0.0536361956505769,17.77777777777782,18.766835016835103,10.009999999999945,10.089999999999964,26892702.0,27210710.75,-89.99999999999997,-134.15803605677198,41.32070923158504,10.6,11.075,,,,0.0,0.0,0.0,0.0,0.0,0.0,,0.0,0.0,-0.6218,-0.0913,0.0,1.11,0.07,0,False,0,False,False,False,False,0.727195172097261,False,False,True,False,True,False,False,False,False,False,False,False,False,False,False,False,False,False,20.0,12.0,4.208416833667334,0.0,-0.2540083495456909,False,False,False,False,False,False,False,-1.0,False,3,False,False,196.2238515264244,,5,False,3,False,True,False,True,"market_above_ma60, avoid_chase, adx_trending",,close_below_ema20,-146.1,10.3,14.6,30.9,-0.26,False,243,D
2026-09-11,41.0,41.05,41.0,41.05,33272,1365123,2433,互盛電,,-0.2083439408261824,-0.1771971739396028,-0.0311467668865796,41.55904664465116,42.27947818820656,43.40752521711504,26.513913132776324,10.918954358963788,0.2728272789385137,22654.2,940620.0,41.85,41.2,-0.0759732629244114,-0.1011014789540852,-0.0132211538461539,-0.0036407766990292,41.2,0.9190278135844184,42.01996301607344,41.59750000000022,41.175036983926994,-0.1479857161097913,0.0203119425962243,6.666666666666288,12.905982905982455,41.32000000000007,41.43999999999996,-2259579.0,-2165282.95,-93.75000000000033,-227.4914089347085,36.74386218985037,42.7125,43.5,,,,0.0,0.0,0.0,0.0,0.0,0.0,,0.0,0.0,0.0208,0.0297,0.0,1.02,0.02,0,False,0,False,False,False,False,1.468690132514059,False,False,False,False,True,False,False,False,False,False,False,False,False,False,False,False,False,False,20.0,25.0,1.948842874543251,15.0,-1.4176850964165977,False,False,False,False,False,False,False,-1.0,False,2,False,False,167.6746801681414,,3,False,3,False,True,True,True,"market_above_ma60, avoid_chase",,"close_below_ema20, close_below_swing_low",-174.7,7.0,9.2,30.9,0.32,False,243,D
2026-09-11,27.25,27.25,27.2,27.2,15530,423005,2432,倚天,,-0.1496828302466788,-0.1558711435718967,0.0061883133252179,27.633235803801163,27.81065710742749,27.630630152795767,42.5162715116729,12.154263925096636,0.3862111898970037,19932.3,548644.7,28.0,26.9,-0.0236967142706057,-0.0832244401416965,0.0018416206261511,-0.0109090909090909,27.5,1.2281511903241338,28.14905386961634,27.55499999999993,26.96094613038352,0.2012055487247657,0.0431176824254335,25.0,45.833333333333336,27.649999999999817,27.4699999999998,443712.0,469219.0,-75.0,-116.75272518645971,34.03738202149303,28.175,28.85,,,,0.0,0.0,0.0,0.0,0.0,0.0,,0.0,0.0,0.871,0.1241,0.0,0.88,0.02,0,False,0,False,False,False,True,0.7791373800314063,False,False,False,False,True,False,False,False,False,False,False,False,False,False,False,False,False,True,10.0,0.0,2.941176470588238,8.0,-0.1752410326991952,False,False,False,False,False,False,False,-1.0,False,3,False,False,228.6884814079237,,3,False,3,False,True,False,True,"ema60_gt_ema120, market_above_ma60, avoid_chase",,close_below_ema20,-61.6,50.0,20.3,50.0,-0.02,True,4,D
2026-09-11,58.2,60.2,58.2,60.2,258793,15339499,2434,統懋,,1.96632221655085,1.6912360230338808,0.2750861935169693,59.58730752010405,54.759949981871344,48.12144403813634,52.10890011952248,17.03771877880514,4.535098045786103,1019336.05,61903014.65,68.2,56.4,1.567062996692058,0.2698592513138687,-0.1054977711738484,-0.0211382113821138,61.5,0.3930686723352999,70.47606223794034,57.58999999999988,44.70393776205942,0.6012722099197805,0.4475104093745611,15.03759398496241,31.285109325036803,61.82000000000007,63.57000000000007,4041255.0,7040509.8,-54.85436893203882,19.95186850111252,43.68228649960853,63.1125,60.275,,,,0.0,0.0,0.0,0.0,0.0,0.0,,0.0,0.0,-0.1744,-0.5304,0.0,1.4,-0.36,0,False,0,False,False,True,True,0.25388388843895,False,False,False,False,True,True,False,False,False,False,False,False,False,False,False,False,False,False,20.0,0.0,13.289036544850497,0.0,-0.8983924167117685,False,False,False,False,False,False,False,-1.0,False,4,False,False,191.75812988384823,,3,False,3,False,False,False,False,"ema60_gt_ema120, market_above_ma60, avoid_chase, liquidity_ok",,,-150.6,9.1,13.8,30.9,-0.63,False,243,X
2026-09-11,67.0,67.4,66.4,67.1,3317408,221795809,2436,偉詮電,,1.094250074053022,0.945471709624775,0.1487783644282471,66.38514501198303,65.79041497670472,64.82168494547228,52.37118997266517,15.161008775296605,3.136245031146067,6085998.95,409945783.6,71.7,65.1,0.3570898391089052,-0.1337820337019797,0.0291411042944784,-0.0161290322580646,68.2,1.1129484784961898,70.33961200109212,66.0550000000002,61.77038799890829,0.6219480316693174,0.1297286201223799,33.70786516853931,44.94382022471897,68.62000000000043,67.27000000000044,177390049.0,169741500.9,-50.42735042735046,29.55854126679449,57.17236391549856,60.35,66.1,,,,0.0,0.0,0.0,0.0,0.0,0.0,,0.0,0.0,0.4293,0.0846,0.0,11.46,0.16,0,False,0,False,False,True,True,0.5450884936481956,False,False,False,False,True,True,False,False,False,True,False,False,False,False,False,False,True,True,0.0,0.0,6.855439642324901,0.0,0.4087693274361541,False,False,True,True,False,False,False,-1.0,False,7,True,False,500.35611686571576,,3,True,3,False,False,False,False,"ema60_gt_ema120, market_above_ma60, avoid_chase, liquidity_ok, obv_uptrend, mfi_strong, above_ichimoku_cloud",long_upper_shadow,,158.0,78.6,81.3,30.9,-0.4,False,243,D
2026-09-11,19.1,19.45,19.0,19.05,123680,2372675,2438,翔耀,,0.4539246676220827,0.3846299043624627,0.06929476325962,19.36831620887145,19.47171675053607,20.392141739068983,48.95753518877518,20.04651381962481,0.9467358661725872,172801.95,3624964.6,22.05,18.15,0.8030084671439486,,-0.1301369863013698,-0.0378787878787878,19.8,0.535132024995343,21.74550368400935,19.06500000000001,16.384496315990667,0.4972020183949959,0.2811962952016092,18.556701030927872,34.18556701030926,20.02000000000008,20.05,898784.0,1179546.6,-73.83177570093454,3.653494856263776,76.39562796171978,14.225,14.575,,,,0.0,0.0,0.0,0.0,0.0,0.0,,0.0,0.0,1.8557,2.4676,0.0,0.65,-0.11,0,False,0,False,False,False,False,0.7157326638964433,False,False,True,False,True,False,False,False,False,False,False,False,False,False,False,False,True,False,20.0,0.0,15.748031496062993,0.0,-0.3930675518253305,False,False,True,True,False,False,False,-1.0,False,5,True,False,387.4405160170605,,3,True,3,False,True,False,True,"market_above_ma60, avoid_chase, adx_trending, mfi_strong, above_ichimoku_cloud",long_upper_shadow,close_below_ema20,45.1,63.0,63.9,30.9,-0.27,False,243,D
2026-09-11,76.1,76.9,76.0,76.5,742851,56745720,2439,美律,,-1.63517723174823,-1.493864059594534,-0.141313172153696,78.56877127686731,82.20592269115129,85.95156277783884,37.78218776664772,36.97203954461996,1.4877215986391936,1523065.7,120099488.95,82.5,74.9,-0.3662760467741737,-0.3123449089826524,-0.0179717586649551,-0.0090673575129534,77.2,1.3830576928775,83.3496460786759,78.93499999999986,74.52035392132382,0.2242134526070412,0.1118552246449876,42.85714285714282,36.73469387755116,76.32000000000043,77.27999999999993,-29338074.0,-23955146.15,-73.75000000000007,-95.49920036554708,30.68959640427872,83.675,87.1,,,,0.0,0.0,0.0,0.0,0.0,0.0,,0.0,0.0,-0.0029,0.0543,0.0,9.31,0.41,0,False,0,False,False,False,False,0.4877340485049332,False,False,True,False,True,True,False,False,False,False,False,False,False,False,False,False,False,False,0.0,0.0,7.84313725490196,0.0,-0.6777664582744886,False,False,False,False,False,False,False,-1.0,False,4,False,False,271.74414298575545,,5,False,3,False,True,False,True,"market_above_ma60, avoid_chase, liquidity_ok, adx_trending",,close_below_ema20,-70.6,25.1,33.0,30.9,-0.45,False,243,D
2026-09-11,14.2,14.2,13.8,14.05,199000,2779900,2440,太空梭,,-0.2388912240509171,-0.3087049046650318,0.0698136806141146,14.3312154057832,15.124061238522891,15.414972635561687,41.314154267345245,21.975815995573104,0.4427372804803738,238005.75,3355256.1,14.45,14.15,0.2028619361091869,-0.3992018683341058,-0.01056338028169,-0.01056338028169,14.2,0.640496601411686,14.55431706335008,14.092499999999973,13.630682936649864,0.4539861090323633,0.0655408285754987,16.666666666666668,15.811965811965516,14.229999999999928,14.229999999999972,2730802.0,2546873.0,-73.52941176470584,-22.20324508966615,46.46332815801692,15.7875,18.525,,,,0.0,0.0,0.0,0.0,0.0,0.0,,0.0,0.0,0.4693,-0.0156,0.0,0.52,-0.05,0,False,0,False,False,False,False,0.8361142535421938,False,False,True,False,True,False,False,False,True,True,False,False,False,False,False,False,False,False,20.0,0.0,2.846975088967961,8.0,0.0832269560273265,False,False,False,False,False,False,False,-1.0,False,5,False,False,407.3598660077499,,3,False,3,False,True,True,True,"market_above_ma60, avoid_chase, adx_trending, kd_golden_cross, obv_uptrend",,"close_below_ema20, close_below_swing_low",36.5,60.0,67.9,26.5,-0.16,False,185,D
2026-09-11,113.5,113.5,110.5,111.5,2722337,304735534,2441,超豐,,-1.4910493384854533,-1.4195615239985329,-0.0714878144869204,115.94659294251684,118.00188012404485,112.9933849749442,43.462824468153975,12.281553637205516,5.412847563757541,3450173.95,399716907.1,120.0,113.5,-0.0236741759384821,-0.3839473735505772,-0.0387931034482759,-0.0304347826086957,115.0,0.5586245302725203,119.67557467468356,115.325,110.97442532531645,0.0604029023730965,0.0754489429817222,8.333333333333334,15.058479532163496,114.7,115.4,406387305.0,406686828.3,-88.0,-155.4297478126615,42.892542575462805,116.25,124.0,,,,0.0,0.0,0.0,0.0,0.0,0.0,,0.0,0.0,0.4165,0.0659,0.0,9.72,-0.37,0,False,0,False,False,False,True,0.7890434046086284,False,False,False,False,True,True,False,False,False,False,False,False,False,False,False,False,False,False,20.0,25.0,7.623318385650224,0.0,-0.0282115803652458,False,False,False,False,False,False,False,-1.0,False,4,False,False,302.5518950817033,,3,False,3,True,True,True,True,"ema60_gt_ema120, market_above_ma60, avoid_chase, liquidity_ok",,"macd_death_cross, close_below_ema20, close_below_swing_low",-39.8,36.2,42.5,30.9,-0.21,False,243,D
2026-09-11,15.5,15.5,14.95,15.1,1602368,24202456,2442,新美齊,,-0.8504090091783496,-0.3550097827798141,-0.4953992263985355,18.16481241215559,18.939066881941656,19.60525973440834,14.472796158346997,25.22651434392983,0.5014029129962524,1875191.75,35209322.1,19.9,15.65,-1.0695787253299844,-0.1250388118459243,-0.2176165803108808,-0.0351437699680511,15.65,0.6076407496504422,21.74704988500532,18.69249999999997,15.63795011499463,-0.0880571827678122,0.3268209051764448,3.333333333333341,3.580246913580292,16.42999999999993,17.865000000000055,-48527751.0,-47884467.35,-96.93877551020408,-194.5674229846893,40.4202029615054,19.3,19.35,,,,0.0,0.0,0.0,0.0,0.0,0.0,,0.0,0.0,2.3393,-0.0195,0.0,1.1,-0.46,0,False,0,False,False,False,False,0.8545088788919853,False,False,True,False,True,False,False,False,False,False,False,False,False,False,False,False,False,False,20.0,25.0,31.78807947019867,0.0,-0.283662538852952,False,False,False,False,False,False,False,-1.0,False,3,False,False,280.14113832268447,,3,False,3,False,True,True,True,"market_above_ma60, avoid_chase, adx_trending",,"close_below_ema20, close_below_swing_low",9.5,55.2,35.8,36.2,0.04,False,58,D
2026-09-11,63.3,63.5,61.9,62.4,207446,12958228,1595,川寶,,0.5239939555245599,0.9643512469833296,-0.4403572914587699,64.96566631345372,65.36189964831887,63.32541573930514,44.82657670509325,18.12589183489052,3.312502771146122,358878.0,24214120.3,73.0,63.3,0.3158852531665971,-0.2951667357591991,-0.0930232558139534,-0.0142180094786729,63.3,0.4017431616648854,70.99323938294795,65.07999999999984,59.166760617051736,0.2733898607480607,0.1817221691133411,3.81679389312977,3.858471527595005,64.77999999999956,66.60999999999967,24299251.0,26755936.0,-92.64705882352942,-81.81627955639236,66.64315562970047,59.95,76.0,,,,11679.0,1.0,0.0,0.0,-148.0,0.0,,0.0,0.0,0.3561,-0.216,0.0,0.0,0.0,0,False,0,False,False,False,True,0.5780404482860471,False,False,False,False,True,False,False,False,False,False,False,False,False,False,False,False,True,False,20.0,0.0,16.98717948717949,0.0,-1.0029848835964927,False,False,False,False,False,False,False,-1.0,False,4,False,False,273.7445858797026,,3,False,3,False,True,True,True,"ema60_gt_ema120, market_above_ma60, avoid_chase, mfi_strong",,"close_below_ema20, close_below_swing_low",-76.1,25.6,33.6,29.5,-0.48,False,129,D
2026-09-11,97.1,97.3,95.6,95.9,4296757,413197242,1785,光洋科,,-3.122671687613135,-3.2291950582430693,0.1065233706299344,102.27245554729744,111.64520340250668,112.09045614524494,35.442176147916484,25.817723817346188,4.069060781709998,3987024.65,404774662.65,105.0,98.3,-0.1850325122637117,-0.7296286573968349,-0.0598039215686273,-0.0244150559511697,98.3,1.5678196925773962,105.57763071169924,101.58500000000004,97.59236928830084,-0.2119366165448089,0.0786066980695809,3.1914893617022466,12.0300133621137,99.54000000000016,100.77000000000008,345421082.0,356350201.7,-96.80851063829776,-286.19742126400274,26.38321152276309,114.05,128.8,,,,438279.0,1.0,0.0,0.0,2217.0,3.0,,0.0,0.0,0.3071,-0.1417,0.0,0.0,0.0,0,False,0,False,False,False,False,1.0776850852928637,False,False,True,False,True,True,False,False,False,False,False,True,False,False,False,False,False,False,20.0,25.0,9.489051094890504,0.0,-0.2834245646398224,False,False,False,False,False,False,False,-1.0,False,5,False,False,417.3757560772508,,3,False,3,False,True,True,True,"market_above_ma60, avoid_chase, liquidity_ok, adx_trending, dealer_buy_3d",,"close_below_ema20, close_below_swing_low",30.8,60.4,69.3,37.5,-0.03,False,48,D
2026-09-11,125.0,129.0,122.0,127.5,44556222,5632438341,1815,富喬,,9.530718578179844,9.603435061307328,-0.0727164831274844,117.58052757689045,104.67282069647914,100.36931154306404,62.64036421646317,40.99025049689036,9.269246530112294,79336810.3,9487184939.25,135.0,118.5,1.568207063975947,0.4601621261458293,0.0759493670886075,0.0119047619047618,126.0,0.566424842509296,141.4072262844655,117.73999999999997,94.07277371553442,0.7061923075118905,0.4020252468908705,49.09090909090909,47.30253353204231,128.9,126.95,3572915819.0,3302239362.7,-35.8974358974359,55.97478269175649,67.97542816106818,82.15,88.8,,,,-5551636.0,0.0,7612000.0,5.0,-92490.0,0.0,,0.0,0.0,0.7921,0.0679,0.0,0.0,0.0,0,False,0,False,False,True,True,0.5616084366325981,False,True,True,False,False,True,False,False,True,True,True,False,False,False,False,False,True,True,0.0,0.0,5.88235294117647,0.0,1.1426537350666452,False,True,True,False,False,False,False,-1.0,False,10,False,False,819.3279291871257,,8,False,3,True,False,False,True,"ema60_gt_ema120, rsi_strong, market_above_ma60, liquidity_ok, adx_trending, kd_golden_cross, obv_uptrend, invest_trust_buy_2d, mfi_strong, above_ichimoku_cloud",,macd_death_cross,448.5,97.8,98.3,26.5,-0.4,False,185,D
2026-09-11,47.4,48.45,47.4,47.9,16784,803444,1583,程泰,,-0.3952136011944134,-0.2874658303676401,-0.1077477708267732,48.97828125381517,49.36848856785008,49.079828607577255,42.10608454992963,11.636994640442156,1.1597353816024112,41772.95,2145560.9,53.6,48.05,-0.2723661524220157,-0.0381477143082153,-0.0214504596527069,-0.0103305785123967,48.4,0.1748729107177313,52.25250851788029,49.31749999999984,46.38249148211938,0.2585185883849662,0.119025032407582,25.641025641025603,38.17663817663803,48.54999999999964,48.44999999999982,360903.0,434107.25,-90.19607843137254,-82.13721918639956,50.829633863377005,49.8625,55.125,,,,0.0,0.0,0.0,0.0,0.0,0.0,,0.0,0.0,0.2393,0.1546,0.0,0.44,0.02,0,False,0,False,False,False,True,0.4017911112334657,False,False,False,False,True,False,False,False,False,False,False,False,False,False,False,False,True,True,10.0,0.0,11.899791231732785,0.0,-0.4104397820722761,False,False,False,False,False,False,False,-1.0,False,4,False,False,284.0926337274674,,3,False,3,False,True,True,True,"ema60_gt_ema120, market_above_ma60, avoid_chase, mfi_strong",,"close_below_ema20, close_below_swing_low",-30.3,37.7,36.7,24.5,-0.76,False,53,D
2026-09-11,23.8,23.8,23.6,23.6,67706,1602031,1587,吉茂,,-0.2877027356495532,-0.2977186294906486,0.0100158938410954,24.068805497202792,25.622835092328064,28.714956277531364,35.090994028996775,10.405353397881113,0.4922643784676007,144891.15,3491439.5,24.45,23.6,-0.0770023963397583,-0.2938177989973667,-0.0187110187110186,0.0,23.6,0.7860122716005905,24.4400925820755,24.03499999999985,23.62990741792421,-0.036914299653384,0.0337085568608819,0.0,6.349206349206118,23.789999999999782,23.94999999999981,1405318.0,1793343.35,-100.0,-176.22080679405332,41.32077313876285,25.375,27.675,,,,0.0,0.0,0.0,0.0,0.0,0.0,,0.0,0.0,-0.0078,0.2784,0.0,20.99,-0.03,0,False,0,False,False,False,False,0.4672887198424472,False,False,False,False,True,False,False,False,False,False,False,False,False,False,False,False,False,False,20.0,25.0,3.6016949152542286,0.0,-0.3014261103403652,False,False,False,False,False,False,False,-1.0,False,2,False,False,136.05577387434008,,3,False,3,False,True,False,True,"market_above_ma60, avoid_chase",,close_below_ema20,-117.5,9.3,3.9,20.9,-0.67,False,43,D
2026-04-02,5.54,5.54,5.54,5.54,8432214,46714700,1589,永冠-KY,,-1.6474831917656738,-1.7462142324083418,0.098731040642668,8.060332413949963,11.927501126401198,14.9978165197982,24.03486780615428,38.86850311420786,0.6867610120245633,2095284.55,14583299.7,8.77,6.15,-0.7335134465925206,-2.041892835075404,-0.2767624020887729,-0.0991869918699187,6.15,1.123162066389619,8.983092366489211,7.3875,5.791907633510788,-0.0789385932150895,0.4319708606400573,0.0,4.477701538590736,6.465999999999985,7.085999999999967,-13595998.0,-1919506.95,-100.0,-181.9945965387737,20.13410560593421,16.6625,17.125,73624.8746666667,True,-0.0228127295812279,1521952.0,9.0,0.0,0.0,0.0,0.0,-0.2539496725075449,0.0,0.0,0.0225,0.0109,0.0,2.04,0.0,0,False,1,False,False,False,False,4.024376545896833,True,False,True,False,True,False,True,False,False,False,False,False,False,False,False,False,False,False,20.0,25.0,58.30324909747292,0.0,-2.0,True,False,False,False,False,False,False,-1.0,False,5,False,False,456.2437654589683,58.6,8,False,3,False,True,True,True,"volume_break, market_above_ma60, avoid_chase, foreign_buy_3d, adx_trending",,"close_below_ema20, close_below_swing_low",141.9,81.1,75.9,24.5,2.65,False,53,X
2026-09-11,1260.0,1295.0,1250.0,1285.0,1173008,1497894095,1590,亞德客-KY,,-32.70257087181085,-14.63439334740697,-18.06817752440388,1389.47953476252,1392.9550810264311,1329.8883780237263,33.549272790362906,16.783314311832058,62.8911960076865,650071.0,909292465.3,1480.0,1305.0,-0.6233638085952161,0.0726318372149632,-0.078853046594982,-0.0153256704980843,1305.0,1.2577301627417077,1523.3743865850545,1408.75,1294.1256134149455,-0.039806596514146,0.1627320483904943,16.27906976744186,16.272917435708223,1325.0,1366.0,30117637.0,33192382.15,-86.27450980392157,-188.9046605157326,30.51748112261221,1410.0,1392.5,,,,0.0,0.0,0.0,0.0,0.0,0.0,,0.0,0.0,0.5078,0.0209,0.0,80.71,-0.11,0,False,0,False,False,False,True,1.8044305929659992,True,False,False,False,True,True,False,False,True,False,False,False,False,False,False,False,False,False,20.0,25.0,15.17509727626459,0.0,-2.0,False,False,False,False,False,False,False,-1.0,False,6,False,False,429.04430592966,,3,False,3,False,True,True,True,"ema60_gt_ema120, volume_break, market_above_ma60, avoid_chase, liquidity_ok, kd_golden_cross",,"close_below_ema20, close_below_swing_low",114.7,77.4,71.6,24.5,0.56,False,53,D
2026-09-11,143.5,151.5,142.5,147.0,1692093,250093653,1597,直得,,3.0365324143864143,2.6491929959544294,0.3873394184319849,144.34687152055932,141.2201716745285,133.77263860145436,52.73383458264176,11.12231887765978,10.272948474077008,3071660.8,452501479.45,155.0,138.5,0.5844460112030744,0.0065070146923275,-0.0516129032258064,-0.0067567567567567,148.0,0.579638096301104,157.68296766833083,142.775,127.86703233166917,0.6417027489593775,0.2088316255413179,33.333333333333336,42.59259259259306,148.3,147.25,57921837.0,57125636.45,-42.5,39.13208262270226,67.35927472599107,129.0,161.5,,,,0.0,0.0,0.0,0.0,0.0,0.0,,0.0,0.0,0.4775,0.0362,0.0,5.4,1.17,0,False,0,False,False,True,True,0.5508723489260273,False,False,False,False,True,True,False,False,False,True,False,False,False,False,False,False,True,True,0.0,0.0,5.442176870748299,0.0,0.1902067730063494,False,False,False,False,False,False,False,-1.0,False,6,False,False,437.7912047653364,,3,False,3,False,False,False,False,"ema60_gt_ema120, market_above_ma60, avoid_chase, liquidity_ok, obv_uptrend, mfi_strong",,,123.4,79.2,72.6,24.5,-0.62,False,53,D
2026-09-11,20.95,20.95,20.35,20.5,130090,2673424,1598,岱宇,,0.1344600161749767,0.1074595874494757,0.0270004287255009,20.43019251484297,20.23593948736705,20.26794398927857,51.88719574066641,20.82930458346744,0.529633091879502,250235.25,5108105.6,21.1,19.9,0.1501263169796409,0.1162728373220281,0.0148514851485148,-0.0167865707434053,20.85,0.6185048639745937,21.110626864875787,20.37750000000001,19.64437313512423,0.5835462495435548,0.0719545444608787,42.105263157894726,58.77192982456109,20.70000000000018,20.425,7411466.0,6686336.8,-57.89473684210528,50.93411996066841,54.82540361671915,20.325000000000003,20.275,,,,0.0,0.0,0.0,0.0,0.0,0.0,,0.0,0.0,0.058,0.1332,0.0,2.05,0.14,0,False,0,False,False,True,False,0.5198708015757173,False,False,True,False,True,False,False,False,False,True,False,False,False,False,False,False,True,True,0.0,0.0,2.926829268292689,8.0,0.3180448617013027,False,False,True,False,False,False,False,-1.0,False,6,False,False,452.0152463561728,,5,False,3,False,False,False,False,"market_above_ma60, avoid_chase, adx_trending, obv_uptrend, mfi_strong, above_ichimoku_cloud",,,147.3,92.9,75.2,21.4,-1.08,True,14,D
2026-09-11,30.0,30.15,29.9,30.0,69053,2074605,1603,華電,,0.0104590808659246,0.1071551358468075,-0.0966960549808828,30.33691025367259,30.583713515265607,31.74011303363117,44.66611714464786,14.066891384637133,0.5143669863850662,147186.45,4497089.35,31.1,30.05,-0.1266407943058814,-0.0596415034753452,-0.013157894736842,-0.0033222591362126,30.1,0.801381528326518,31.270147042943083,30.589999999999872,29.90985295705666,0.0662702601434865,0.0444685873124036,19.99999999999993,30.04329004329035,30.17999999999993,30.33499999999985,-1775161.0,-1571237.35,-87.87878787878792,-116.8421052631563,36.43399703219269,29.325,30.950000000000003,,,,0.0,0.0,0.0,0.0,0.0,0.0,,0.0,0.0,0.0261,0.0433,0.0,2.29,0.13,0,False,0,False,False,False,False,0.4691532406685533,False,False,False,False,True,False,False,False,False,False,False,False,False,False,False,False,False,False,20.0,25.0,3.666666666666672,0.0,-0.211937292424469,False,False,False,False,False,False,False,-1.0,False,2,False,False,157.14828489759194,,3,False,3,False,True,True,True,"market_above_ma60, avoid_chase",,"close_below_ema20, close_below_swing_low",-166.8,18.8,7.1,31.2,-0.48,False,16,D
2026-09-11,23.45,23.45,23.35,23.45,204467,4786957,1604,聲寶,,0.0766980072473231,0.0550068916562183,0.0216911155911048,23.40506773262485,23.373288892406777,23.54456186748397,54.41004272499534,14.216626834984698,0.1724403675868779,196540.4,4592331.8,23.65,23.25,0.1065476316853027,0.0042662255527733,-0.0021276595744681,-0.0021276595744681,23.5,0.7625938769429297,23.683481354104853,23.355000000000064,23.02651864589528,0.6446048593212221,0.0281294244576996,58.33333333333319,70.72649572649607,23.56999999999989,23.47499999999991,-2545102.0,-3072194.7,-38.46153846153855,34.65732087227611,64.45818946522236,23.3875,23.45,,,,0.0,0.0,0.0,0.0,0.0,0.0,,0.0,0.0,0.1103,-0.0341,0.0,8.44,0.03,0,False,0,False,False,True,False,1.040330639400347,False,False,False,False,True,False,False,False,False,True,False,False,False,False,False,False,True,True,0.0,0.0,0.8528784648187604,25.0,0.3737343897708227,False,False,False,False,False,False,False,-1.0,False,4,False,False,329.88811907125336,,3,False,3,False,False,False,False,"market_above_ma60, avoid_chase, obv_uptrend, mfi_strong",,,5.9,62.5,50.3,31.2,-0.16,False,16,D
2026-09-11,37.1,37.75,37.0,37.4,11202902,417766876,1605,華新,,0.4832247598875128,0.7269079072421545,-0.2436831473546417,37.769634260256645,36.56490916220784,35.46266145823192,49.46939181679426,20.63543703079985,1.3208548581152166,19652968.1,752489962.15,39.4,37.6,0.0562429140138151,0.146502072816201,-0.0260416666666666,-0.0105820105820105,37.8,0.5530294412341877,39.58685694315634,38.10500000000002,36.623143056843695,0.262122786799384,0.077777559016209,13.79310344827582,23.551949515438537,37.909999999999854,38.17000000000007,1558766146.0,1559379824.05,-87.87878787878792,-92.8780094691242,54.03238200473416,32.6125,36.175,,,,0.0,0.0,0.0,0.0,0.0,0.0,,0.0,0.0,0.1008,-0.0602,0.0,18.2,-0.07,0,False,0,False,False,True,True,0.57003613617019,False,False,True,False,True,True,False,False,False,False,False,False,False,False,False,False,True,False,20.0,0.0,5.347593582887701,0.0,-0.0083947195401523,False,False,True,False,False,False,False,-1.0,False,7,False,False,510.59962472722,,3,False,3,False,True,True,True,"ema60_gt_ema120, market_above_ma60, avoid_chase, liquidity_ok, adx_trending, mfi_strong, above_ichimoku_cloud",,"close_below_ema20, close_below_swing_low",186.6,93.8,82.2,31.2,-0.42,True,16,D
2026-09-11,36.0,36.4,35.85,36.2,1654152,59735931,1608,華榮,,0.5522613232599625,0.7864369373636543,-0.2341756141036918,36.29623111823759,35.0043534887182,34.438283116097594,51.58619402321362,23.996877527743152,1.0767177543625763,3524584.45,130545303.7,38.2,36.05,0.0976950717709372,0.2181908046981164,-0.0082191780821917,-0.0068587105624142,36.45,0.6542231748483687,38.20378903111714,36.622500000000215,35.04121096888329,0.366406459639518,0.0863561488766149,13.725490196078502,24.105157214401213,36.47000000000007,36.70500000000011,136221103.0,136573367.2,-89.2307692307692,-58.83665907771959,53.74202231623092,31.3625,33.05,,,,0.0,0.0,0.0,0.0,0.0,0.0,,0.0,0.0,0.4267,0.1496,0.0,5.13,-0.27,0,False,0,False,False,True,True,0.4693183050274196,False,False,True,False,True,True,False,False,False,False,False,False,False,False,False,False,True,False,20.0,0.0,5.524861878453039,0.0,-0.023069380599024,False,False,True,False,False,False,False,-1.0,False,7,False,False,509.41635048308586,,5,False,3,False,True,False,True,"ema60_gt_ema120, market_above_ma60, avoid_chase, liquidity_ok, adx_trending, mfi_strong, above_ichimoku_cloud",,close_below_ema20,185.5,87.5,82.2,31.2,-0.48,True,16,D
2026-09-11,37.3,38.0,37.2,37.85,2422552,91310504,1609,大亞,,0.2014087495827112,0.167791726689213,0.0336170228934982,37.44202406397919,37.17396564803824,37.11176934187934,54.47925154495845,10.96173124904269,0.9364106717564544,3019474.6,113607289.75,38.15,37.0,0.0894849481109871,-0.0473781918727232,0.0133868808567603,0.0026490066225166,37.75,1.0353111753242477,38.22017739902769,37.44500000000016,36.66982260097264,0.7612305263981619,0.041403519777141,71.87500000000017,74.11616161616136,37.700000000000365,37.52000000000025,321987211.0,320396126.4,-43.90243902439023,44.141689373298725,46.95250178683957,36.45,38.375,,,,0.0,0.0,0.0,0.0,0.0,0.0,,0.0,0.0,0.1153,-0.1376,0.0,13.32,0.26,0,False,0,False,False,True,True,0.8023091169569699,False,False,False,False,True,True,False,False,False,True,False,False,False,False,False,False,False,True,-10.0,0.0,0.792602377807126,25.0,0.109773148823834,False,False,False,False,False,False,False,-1.0,False,5,False,False,364.3403689554557,,3,False,3,False,False,False,False,"ema60_gt_ema120, market_above_ma60, avoid_chase, liquidity_ok, obv_uptrend",,,40.4,75.0,58.5,31.2,-0.29,False,16,D
2026-09-11,11.5,11.65,11.5,11.55,351639,4064921,1611,中電,,-0.136846765955271,-0.1190408765488343,-0.0178058894064366,11.829096878592324,12.123259311520275,12.329419825919976,36.94200270598912,11.73515824005914,0.19543215236113,482786.5,5753209.35,12.3,11.65,-0.2730204712936808,-0.2386979607094255,-0.0170212765957445,-0.0085836909871244,11.65,0.7266335006904482,12.316781934179271,11.894999999999982,11.473218065820692,0.0910208901297682,0.0709175173063119,11.111111111111288,18.46560846560836,11.660000000000036,11.720000000000027,-3063681.0,-2087469.85,-91.66666666666654,-128.91703198571147,32.508109832022015,12.1625,13.075,,,,0.0,0.0,0.0,0.0,0.0,0.0,,0.0,0.0,-0.0157,0.0619,0.0,9.53,-0.15,0,False,0,False,False,False,False,0.7283530090422993,False,False,False,False,True,False,False,False,False,False,False,False,False,False,False,False,False,False,20.0,25.0,6.493506493506493,0.0,-0.4755391780797853,False,False,False,False,False,False,False,-1.0,False,2,False,False,136.57705995346558,,3,False,3,False,True,True,True,"market_above_ma60, avoid_chase",,"close_below_ema20, close_below_swing_low",-187.4,6.2,4.0,31.2,-0.33,False,16,D
2026-09-11,34.65,35.0,34.5,34.85,435791,15144905,1612,宏泰,,0.3997066678943071,0.4620409318458898,-0.0623342639515827,34.53671054051674,34.31744845842041,34.76385859442717,56.80499465567528,22.01785339163384,0.5926235533777396,563186.9,19657190.45,35.5,34.65,0.0579209426712459,-0.0398162422678901,0.0,0.0014367816091955,34.8,0.6414663282232931,35.34910642991489,34.79000000000015,34.23089357008541,0.5536570470214431,0.0321417895898096,43.750000000000334,43.02777777777798,34.850000000000364,34.83500000000022,48977371.0,47605054.3,-69.99999999999982,-9.761245218311302,57.845175794946975,31.725,35.8,,,,0.0,0.0,0.0,0.0,0.0,0.0,,0.0,0.0,0.0744,0.0413,0.0,15.75,0.16,0,False,0,False,False,True,False,0.7737946319419006,False,True,True,False,True,False,False,False,False,True,False,False,False,False,False,False,True,True,0.0,0.0,1.865136298421804,15.0,0.260199378088814,False,False,False,False,False,False,False,-1.0,False,6,False,False,440.8603388564848,,5,False,3,False,False,False,False,"rsi_strong, market_above_ma60, avoid_chase, adx_trending, obv_uptrend, mfi_strong",,,116.9,81.2,73.0,31.2,-0.31,False,16,D
2026-09-11,31.1,31.4,30.9,31.1,126648,3948814,1614,三洋電,,-0.045705054708133,-0.1115120475059966,0.0658069927978635,30.8215006221681,31.14544431858628,31.73712724109629,56.18524100974971,13.100460684090208,0.3531262751658898,49265.75,1517106.4,31.1,30.55,0.0285589965292445,-0.0825785075015428,0.0163398692810456,0.0,31.1,3.428184640516697,31.057579355100344,30.74249999999993,30.42742064489952,1.0673173983203972,0.0204979656892195,65.00000000000021,54.44444444444465,30.86000000000022,30.76000000000004,-3064227.0,-3234729.2,-34.99999999999979,296.2281508739622,64.8177179219863,31.4,32.3,,,,0.0,0.0,0.0,0.0,0.0,0.0,,0.0,0.0,0.0794,0.1104,0.0,2.33,0.03,0,False,0,False,False,False,False,2.5707108894110005,True,True,False,False,True,False,False,False,False,True,False,False,True,False,False,False,True,True,0.0,-25.0,0.0,25.0,0.8726252895311919,False,False,False,False,False,False,False,-1.0,False,7,False,False,516.1786123684843,,3,False,3,False,False,False,False,"volume_break, rsi_strong, market_above_ma60, avoid_chase, obv_uptrend, bb_squeeze_breakout, mfi_strong",,,192.2,100.0,83.3,31.2,0.72,True,16,D
2026-09-11,43.95,43.95,43.6,43.7,60511,2646465,1615,大山,,0.0247499833427937,0.0824942618645663,-0.0577442785217725,43.97314547445658,44.15957405984594,44.85785867830097,46.12515878525329,19.467342843207835,0.6541620092937781,90813.65,4014001.8,45.0,43.85,-0.0276727937217586,-0.0630158065504531,-0.0068181818181817,-0.0056882821387941,43.95,0.3954251603398854,44.80075714142612,44.14000000000014,43.47924285857417,0.1670486231517838,0.0299391545729937,17.391304347826356,30.37904124860688,43.87000000000044,44.000000000000185,635209.0,434726.35,-91.66666666666654,-102.2222222222224,52.91272579540242,43.55,44.75,,,,0.0,0.0,0.0,0.0,0.0,0.0,,0.0,0.0,0.1152,-0.2188,0.0,1.05,-0.03,0,False,0,False,False,False,False,0.6663205366153657,False,False,False,False,True,False,False,False,False,True,False,False,False,False,False,False,True,False,20.0,12.0,2.9748283752860343,8.0,0.3242831536754374,False,False,False,False,False,False,False,-1.0,False,4,False,False,325.5546032102589,,3,False,3,False,True,True,True,"market_above_ma60, avoid_chase, obv_uptrend, mfi_strong",,"close_below_ema20, close_below_swing_low",1.6,56.2,49.4,31.2,-0.37,False,16,D
2026-09-11,18.8,19.35,18.7,18.8,367332,6941480,1616,億泰,,-0.2527190621225514,-0.2338494437176617,-0.0188696184048897,19.21138939031127,20.140188854661503,21.86343316124459,41.5383800637213,16.984965208667052,0.545289482444669,346956.1,6619135.55,20.1,18.7,-0.1268761854125773,-0.3186304978554273,-0.0105263157894736,-0.0052910052910051,18.9,0.8698043622665649,20.00079356368798,19.232500000000027,18.46420643631207,0.2185320687030464,0.0798953400429433,51.219512195121965,55.63051375194603,18.859999999999854,19.034999999999947,-13481805.0,-14067777.4,-57.99999999999998,-60.92254134029556,26.468836390325777,19.7875,21.525,,,,0.0,0.0,0.0,0.0,0.0,0.0,,0.0,0.0,0.0411,-0.0682,0.0,2.0,0.32,0,False,0,False,False,False,False,1.0587276027140031,False,False,False,False,True,False,False,False,False,True,False,False,False,False,False,False,False,False,0.0,0.0,6.91489361702128,0.0,0.4671509048730971,False,False,False,False,False,False,False,-1.0,False,3,False,False,211.1930868856172,,3,False,3,False,True,False,True,"market_above_ma60, avoid_chase, obv_uptrend",,close_below_ema20,-112.8,25.0,17.2,31.2,-0.14,False,16,D
2026-09-11,17.95,17.95,17.5,17.5,295105,5193634,1617,榮星,,-0.1646565356426492,-0.1541945950004546,-0.0104619406421946,18.07392075710764,18.16444578007016,17.567536992886268,44.73312241105835,9.915095597999606,0.7812104266715792,560894.5,10320116.2,19.6,17.55,0.132276270251975,-0.2429168628368555,-0.0566037735849056,-0.0304709141274238,18.05,0.5343370128445832,19.076036648621823,17.93000000000011,16.783963351378397,0.3123969244276561,0.127834539723559,0.0,19.14893617021274,17.75000000000018,18.2050000000002,8689934.0,9528814.4,-77.77777777777774,-49.86876640419895,65.44094974174226,19.4375,20.75,,,,0.0,0.0,0.0,0.0,0.0,0.0,,0.0,0.0,0.4038,0.1159,0.0,19.9,-0.1,0,False,0,False,False,False,True,0.5261328110723139,False,False,False,False,True,False,False,False,False,False,False,False,False,False,False,False,True,False,20.0,0.0,12.000000000000009,0.0,-0.2863971702642521,False,False,False,False,False,False,False,-1.0,False,4,False,False,281.8245620675521,,3,False,3,True,True,True,True,"ema60_gt_ema120, market_above_ma60, avoid_chase, mfi_strong",,"macd_death_cross, close_below_ema20, close_below_swing_low",-42.1,37.5,36.3,31.2,-0.45,False,16,D
2026-09-11,38.7,39.25,38.7,38.8,241434,9400408,1618,合機,,-0.0665601434343301,0.0470682073692912,-0.1136283508036214,39.46160830340489,39.67721239328746,40.359258543952585,43.46718048265612,10.264586290186571,0.7934846936660593,469925.15,18597817.5,41.7,39.1,0.0514515904876606,-0.0501618794179633,-0.021437578814628,-0.0076726342710998,39.1,0.3477162801518106,40.55337325279309,39.43999999999987,38.32662674720665,0.2125851557892877,0.0564590898982363,5.555555555555249,9.9400871459693,39.19999999999963,39.494999999999706,33330077.0,34022825.55,-96.00000000000024,-85.3846153846155,45.50877888910987,38.575,41.175,,,,0.0,0.0,0.0,0.0,0.0,0.0,,0.0,0.0,1.8703,1.0705,0.0,2.16,0.04,0,False,0,False,False,False,False,0.5137711824957655,False,False,False,False,True,False,False,False,False,False,False,False,False,False,False,False,False,False,20.0,0.0,7.4742268041237265,0.0,-0.3074848935847974,False,False,False,True,False,False,False,-1.0,False,2,True,False,151.44789310194008,,3,False,3,False,True,True,True,"market_above_ma60, avoid_chase",long_upper_shadow,"close_below_ema20, close_below_swing_low",-172.5,12.5,6.0,31.2,-0.46,False,16,D
2026-09-11,208.0,210.0,205.5,205.5,104717,21733633,1623,大東電,,-0.0539786761844425,-1.4668365747285084,1.4128578985440658,208.0878925560256,212.39236072778905,216.94727006913183,46.9130203530609,13.124274184237878,6.158958574968124,98552.45,20337682.15,218.5,202.0,0.2576128720603244,-0.1564518066021106,-0.0120192307692307,-0.0594965675057208,218.5,1.3858080213280877,216.0116758726164,205.3,194.5883241273837,0.5093356073493259,0.1043514454224678,14.705882352941176,66.56862745098017,210.3,208.4,-1506687.0,-1592537.0,-54.71698113207548,34.29290545854956,58.29596370499795,218.625,227.0,,,,0.0,0.0,0.0,0.0,0.0,0.0,,0.0,0.0,0.1452,0.0274,0.0,1.57,0.2,0,False,0,False,False,False,False,1.0625509563689184,False,False,False,False,True,False,False,False,False,True,False,False,False,False,False,False,True,True,20.0,0.0,6.326034063260341,0.0,0.1447441048607881,False,False,False,False,False,False,False,-1.0,False,4,False,False,322.36243882201865,,3,False,3,False,True,False,True,"market_above_ma60, avoid_chase, obv_uptrend, mfi_strong",,close_below_ema20,-1.6,50.0,48.6,31.2,-0.14,False,16,D
2026-09-11,9.61,9.65,9.44,9.65,116499,1114614,1626,艾美特-KY,,-0.0334778904075037,-0.0554754045937385,0.0219975141862348,9.69107124153143,9.898067523959558,10.203264077170443,46.23136924121634,20.0421766843592,0.181591409666025,75945.6,730436.0,9.76,9.63,0.0630222602564497,-0.190933804002398,-0.0010351966873706,-0.0020682523267838,9.67,1.7560408781848726,9.792922138974806,9.656499999999983,9.52007786102516,0.476176887238285,0.0282549865841293,55.26315789473696,62.97442953789687,9.70600000000004,9.692000000000007,1981331.0,2042773.55,-53.33333333333326,-77.61465801752632,41.32302496399527,10.55,11.25,,,,0.0,0.0,0.0,0.0,0.0,0.0,,0.0,0.0,0.0838,-0.3773,0.0,43.9,0.04,0,False,0,False,False,False,False,1.5339795853874352,True,False,True,False,True,False,False,False,False,False,False,False,False,False,False,False,False,True,0.0,0.0,1.1398963730569889,15.0,-0.0782712213481538,False,False,False,False,False,False,False,-1.0,False,4,False,False,299.4005411976965,,5,False,3,False,True,False,True,"volume_break, market_above_ma60, avoid_chase, adx_trending",,close_below_ema20,-24.6,43.8,41.4,31.2,0.13,False,16,D
2026-09-11,32.4,32.45,32.15,32.2,165514,5343398,1702,南僑,,-0.1380508009299887,-0.1102744659617869,-0.0277763349682018,32.66995418646436,32.931907330115955,33.73168679973117,37.62875609655424,10.085734250707231,0.349234987316195,142502.65,4639258.85,33.05,32.45,0.0004379711475014,0.0278163045713971,-0.0122699386503066,-0.0107526881720428,32.55,0.6086159580732653,33.162813836971004,32.615000000000144,32.067186163029284,0.1212216888360413,0.033592754068426,6.666666666667235,32.77777777777798,32.51000000000022,32.57500000000018,-16000291.0,-15788479.6,-94.99999999999956,-110.75268817204372,31.15075728938744,33.3375,32.375,,,,0.0,0.0,0.0,0.0,0.0,0.0,,0.0,0.0,0.0935,-0.0054,0.0,8.73,0.01,0,False,0,False,False,False,False,1.1614801549304523,False,False,False,False,True,False,False,False,False,False,False,False,False,False,False,False,False,False,20.0,12.0,2.6397515527950133,8.0,-0.1946489027293509,False,False,False,False,False,False,False,-1.0,False,2,False,False,159.27901471655233,,3,False,3,False,True,True,True,"market_above_ma60, avoid_chase",,"close_below_ema20, close_below_swing_low",-81.7,18.2,7.4,18.2,0.9,False,22,D
2026-09-11,90.6,90.8,89.0,89.0,850789,76109867,1707,葡萄王,,-0.0985848318683793,-0.1661289611728667,0.0675441293044874,90.44241149586524,93.18671880838318,99.62986612367028,42.24527652584872,14.81870278613129,1.3826249833623525,580917.95,52301515.45,91.8,89.3,0.0362812857035207,-0.095774375879061,-0.016574585635359,-0.0262582056892779,91.4,0.3766826233109662,91.81506992839412,90.38499999999983,88.95493007160557,0.015757945642921,0.0316439658880185,0.0,43.85964912280724,90.62000000000045,90.6300000000003,-9827353.0,-11444876.35,-94.73684210526308,-110.0671140939575,23.71093165791588,90.6,96.85,,,,0.0,0.0,0.0,0.0,0.0,0.0,,0.0,0.0,-0.0508,-0.1256,0.0,13.38,-0.1,0,False,0,False,False,False,False,1.4645596680219644,False,False,False,False,True,True,False,False,False,True,False,False,False,False,False,False,False,False,20.0,25.0,3.1460674157303337,8.0,0.8485658804471117,False,False,False,False,False,False,False,-1.0,False,4,False,False,302.828387245585,,3,False,3,False,True,True,True,"market_above_ma60, avoid_chase, liquidity_ok, obv_uptrend",,"close_below_ema20, close_below_swing_low",0.0,50.9,42.7,34.0,0.18,False,53,D
2026-09-11,49.0,49.25,48.3,48.5,1541659,75104034,1708,東鹼,,-0.2445019319588013,-0.1024637588873546,-0.1420381730714467,50.16568822505261,49.64876419859691,46.81567709447727,40.44464672462584,13.756386934863416,1.5271702320862188,3081808.75,156262231.8,51.4,49.4,-0.0276686412199298,-0.1983327918839812,-0.052734375,-0.0182186234817813,49.4,0.5725057220288552,51.78603297764028,50.28500000000004,48.7839670223598,-0.0945905341820729,0.0597010232729538,5.000000000000071,9.716267339218271,49.66000000000022,50.26000000000022,284194103.0,283824863.15,-94.99999999999991,-198.1672394043527,46.79941152727765,52.475,50.35,,,,0.0,0.0,0.0,0.0,0.0,0.0,,0.0,0.0,0.2466,0.2319,0.0,8.91,-0.2,0,False,0,False,False,False,True,0.500244864318722,False,False,False,False,True,True,False,False,False,True,False,False,False,False,False,False,False,False,20.0,25.0,5.979381443298966,0.0,0.0172047293273437,False,False,False,False,False,False,False,-1.0,False,5,False,False,375.2089053951153,,3,False,3,False,True,True,True,"ema60_gt_ema120, market_above_ma60, avoid_chase, liquidity_ok, obv_uptrend",,"close_below_ema20, close_below_swing_low",16.2,52.9,61.6,32.4,-0.71,False,34,D
2026-09-11,35.3,36.8,34.7,36.2,16271099,586486602,1709,和益,,1.8073955854103327,1.987530007931476,-0.1801344225211429,33.58032745589834,29.07304637342403,25.37489223432132,60.53302848467369,38.80773872406852,2.2565339255491224,14450124.65,502112558.1,37.1,33.45,0.4341284243319638,0.9166601591064112,0.0647058823529411,0.0254957507082154,35.3,1.253436054584691,37.38822735090515,34.229999999999976,31.0717726490948,0.8118838166345769,0.1845297897110824,71.57894736842117,65.03220075505244,34.98000000000011,34.719999999999985,123992876.0,103184146.25,-30.612244897959147,101.94747713189736,53.06743993841633,25.387500000000003,23.425,,,,0.0,0.0,0.0,0.0,0.0,0.0,,0.0,0.0,0.8329,0.0965,0.0,9.48,0.88,0,False,0,False,False,True,True,1.126017899091272,False,True,True,False,False,True,False,False,False,True,False,False,False,False,False,False,True,True,-10.0,-12.0,2.486187845303863,8.0,0.6498112552130533,False,False,True,False,False,False,False,-1.0,False,8,False,False,620.0579140534693,,8,False,3,False,False,False,False,"ema60_gt_ema120, rsi_strong, market_above_ma60, liquidity_ok, adx_trending, obv_uptrend, mfi_strong, above_ichimoku_cloud",,,261.0,97.1,91.3,32.4,0.64,True,34,D
2026-09-11,16.0,16.3,15.9,16.0,3321973,53201800,1710,東聯,,0.2554559031356316,0.2616378349377261,-0.0061819318020945,15.749511936094647,15.257655089945384,14.68306910722465,54.53143278974073,22.19620381321053,0.6358147168068407,4975154.45,78731349.25,16.35,15.65,0.3337348680746581,0.0024349795234622,0.0031347962382446,0.0031347962382446,15.95,0.6878999525639883,16.615396790837686,15.772499999999969,14.929603209162252,0.634951279013608,0.1068818248011055,42.30769230769234,46.15384615384634,15.929999999999929,16.0599999999999,256447606.0,258183015.0,-48.38709677419352,59.15586573612502,69.50230109147496,15.1875,16.325,,,,0.0,0.0,0.0,0.0,0.0,0.0,,0.0,0.0,0.3077,0.486,0.0,5.63,0.06,0,False,0,False,False,True,True,0.6677125370449555,False,False,True,False,True,True,False,False,False,False,False,False,False,False,False,False,True,False,0.0,0.0,2.187500000000009,8.0,-0.0625780286484342,False,False,False,False,False,False,False,-1.0,False,6,False,False,418.92618902666834,,3,False,3,True,False,False,True,"ema60_gt_ema120, market_above_ma60, avoid_chase, liquidity_ok, adx_trending, mfi_strong",,macd_death_cross,59.9,58.8,69.3,32.4,-0.35,False,34,D
2026-09-11,38.2,39.0,38.1,38.45,2395790,92310310,1711,永光,,0.1719688636465335,0.6768456024170466,-0.5048767387705131,40.44736026718543,40.68218156199348,39.584768342357904,42.91851181307277,20.337194720896864,1.9560651644878968,5256197.95,222537059.75,44.2,39.05,0.0677801605129901,-0.1830369847405679,-0.0910165484633568,-0.0153649167733673,39.05,0.4552232743112893,45.16263461316005,41.09999999999995,37.03736538683985,0.1738569607741982,0.1976951149956255,5.303030303030323,5.129021305492036,39.55,41.23499999999986,736148199.0,746533684.3,-96.6019417475728,-99.18699186991888,48.67045215556457,35.8875,41.05,,,,0.0,0.0,0.0,0.0,0.0,0.0,,0.0,0.0,0.2571,0.1312,0.0,5.7,0.04,0,False,0,False,False,False,True,0.4558028489014573,False,False,True,False,True,True,False,False,True,False,False,False,False,False,False,False,False,False,20.0,12.0,14.954486345903767,0.0,-0.5550957554152093,False,False,False,True,False,False,False,-1.0,False,6,True,False,444.8968794240321,,3,False,3,False,True,True,True,"ema60_gt_ema120, market_above_ma60, avoid_chase, liquidity_ok, adx_trending, kd_golden_cross",long_upper_shadow,"close_below_ema20, close_below_swing_low",85.8,67.6,73.7,32.4,-0.81,False,34,D
2026-09-11,40.6,40.65,40.15,40.25,693279,27929420,1712,興農,,0.3420930596821918,0.3068754811677578,0.035217578514434,40.17356626285901,39.9773290249298,40.64792559540011,53.230806167374304,26.541527831825924,0.5308607347094367,1313229.2,52550098.45,41.05,39.8,0.2179476386921814,0.0428815325339546,-0.0098400984009839,-0.0134803921568626,40.8,0.4653866526622691,41.21802230951035,40.07499999999982,38.93197769048928,0.5765514367235406,0.0570441576798772,36.36363636363648,61.19528619528622,40.60999999999986,40.54499999999989,2121406.0,-2825213.05,-58.33333333333327,43.02906448683076,33.07882127987118,39.4,39.45,,,,0.0,0.0,0.0,0.0,0.0,0.0,,0.0,0.0,0.2154,-0.0845,0.0,12.97,-0.1,0,False,0,False,False,True,False,0.5279192695380213,False,False,True,False,True,True,False,False,False,True,False,False,False,False,False,False,False,True,0.0,0.0,1.9875776397515457,15.0,1.0208644539221845,False,False,True,False,False,False,False,-1.0,False,6,False,False,492.52956614244647,,5,False,3,False,False,False,False,"market_above_ma60, avoid_chase, liquidity_ok, adx_trending, obv_uptrend, above_ichimoku_cloud",,,133.5,76.5,80.7,32.4,-0.65,False,34,D
2026-09-11,42.6,43.0,42.55,42.55,147942,6312473,1713,國化,,-0.7727764021521821,-0.7224034880476703,-0.0503729141045118,43.96573988102741,45.63599549164515,46.59877196312376,32.26426141163445,19.60347832921121,0.7208936050392409,244812.6,10733931.25,45.45,42.85,-0.1716863127612874,-0.2789743570558102,-0.0207134637514385,-0.0070011668611436,42.85,0.5446218439910757,45.22123527322995,43.89500000000017,42.56876472677038,-0.00707443360509,0.0604276237944995,0.0,7.14285714285749,43.02000000000008,43.65500000000011,1573476.0,3314264.9,-100.0,-154.16028586013334,25.06746692334056,46.337500000000006,47.475,,,,0.0,0.0,0.0,0.0,0.0,0.0,,0.0,0.0,-0.0606,0.2367,0.0,1.19,0.11,0,False,0,False,False,False,False,0.6043071312505974,False,False,False,False,True,False,False,False,False,False,False,False,False,False,False,False,False,False,20.0,25.0,6.815511163337264,0.0,-1.761046228755195,False,False,False,True,False,False,False,-1.0,False,2,True,False,119.91051656744362,,3,False,3,False,True,True,True,"market_above_ma60, avoid_chase",long_upper_shadow,"close_below_ema20, close_below_swing_low",-239.1,2.9,2.4,32.4,-0.49,False,34,D
2026-09-11,15.65,15.85,15.3,15.35,19762675,306154356,1714,和桐,,0.0244452868879356,0.1920350531274674,-0.1675897662395317,16.509948093081885,15.80414963598452,14.246237449327875,41.66052883097297,17.87648399686081,0.8012919359396294,14614181.5,249195233.45,18.55,16.25,-0.2109948216213962,-0.2286670053093162,-0.0780780780780779,-0.0696969696969697,16.5,0.3720616783345527,17.895131571352355,16.75500000000004,15.614868428647728,-0.1161569573648274,0.1360944877770588,1.5384615384615057,12.107023411370998,16.269999999999982,16.735000000000035,-85380300.0,-37865014.3,-98.4615384615385,-251.8735744542195,32.194939270753096,16.525,17.15,,,,0.0,0.0,0.0,0.0,0.0,0.0,,0.0,0.0,0.7738,0.0832,0.0,16.46,-0.12,0,False,0,False,False,False,True,1.3522943450510725,False,False,False,False,True,True,False,False,False,False,False,False,False,False,False,False,False,False,20.0,25.0,20.84690553745929,0.0,-0.3610846333746257,False,False,False,False,False,False,False,-1.0,False,4,False,False,304.18992785001524,,3,False,3,False,True,True,True,"ema60_gt_ema120, market_above_ma60, avoid_chase, liquidity_ok",,"close_below_ema20, close_below_swing_low",-54.9,41.2,43.5,32.4,1.13,False,34,D
2026-09-11,70.5,71.6,70.2,70.9,4923000,348851265,1717,長興,,0.793112810858446,1.72196204689997,-0.928849236041524,73.56429879477169,71.91803729322666,69.39644771420843,45.54540701257238,14.195660339851525,3.6102552298485593,16877814.4,1311020140.5,84.7,71.7,0.2506237371708403,0.0605565637982112,-0.0683311432325886,-0.01115760111576,71.7,0.3827269576949062,82.62354845338156,74.18499999999995,65.74645154661833,0.305357519830112,0.2275001268014186,4.57516339869283,2.975015065127688,72.13999999999979,76.15999999999985,1721050462.0,1709824283.0,-94.80519480519474,-67.08697057872605,61.67819168866097,65.425,71.35,,,,0.0,0.0,0.0,0.0,0.0,0.0,,0.0,0.0,0.2386,0.0682,0.0,12.58,-1.31,0,False,0,False,False,False,True,0.2916846863774021,False,False,False,False,True,True,False,False,False,True,False,False,False,False,False,False,True,False,20.0,0.0,19.46403385049365,0.0,0.1889269726561576,False,False,False,False,False,False,False,-1.0,False,6,False,False,405.1839705356479,,3,False,3,False,True,True,True,"ema60_gt_ema120, market_above_ma60, avoid_chase, liquidity_ok, obv_uptrend, mfi_strong",,"close_below_ema20, close_below_swing_low",46.1,55.9,67.5,32.4,-1.17,False,34,X
2026-09-11,10.6,10.7,10.35,10.4,12521222,131323583,1718,中纖,,-0.0655127740463719,-0.0604740409593434,-0.0050387330870284,10.657712204866604,10.51255166429938,9.724413154708913,45.18866771498969,23.19510048851337,0.4942720616669674,18141498.8,196059310.05,11.15,10.4,0.0124906990997014,-0.3086046101755248,-0.0188679245283017,-0.0188679245283017,10.6,0.6101935338529092,11.033911850895658,10.652499999999977,10.271088149104292,0.1689929804134034,0.0716098288468779,8.82352941176473,21.568627450980177,10.539999999999964,10.684999999999992,532145349.0,537107775.15,-91.17647058823526,-90.0343642611678,58.41603120858196,11.0825,11.245,,,,0.0,0.0,0.0,0.0,0.0,0.0,,0.0,0.0,0.1117,0.1917,0.0,5.73,0.4,0,False,0,False,False,False,True,0.6901977691060454,False,False,True,False,True,True,False,False,False,False,False,False,False,False,False,False,True,False,20.0,12.0,7.211538461538461,0.0,-0.0352001751225082,False,False,False,False,False,False,False,-1.0,False,6,False,False,453.4795755895904,,3,False,3,True,True,False,True,"ema60_gt_ema120, market_above_ma60, avoid_chase, liquidity_ok, adx_trending, mfi_strong",,"macd_death_cross, close_below_ema20",94.4,73.5,75.6,32.4,-0.3,False,34,D
2026-09-11,56.0,56.2,55.8,56.0,183746,10276411,1720,生達,,-0.5259108793659308,-0.6373049253669782,0.1113940460010474,56.52217772047769,58.352202766497896,59.59881470115359,39.3476429022835,20.131376043706872,0.6412921582180326,205017.5,11555274.75,57.2,56.0,-0.0484751209473084,-0.2778941579924081,0.0,-0.0053285968028419,56.3,0.5917139573222575,57.35295230312851,56.420000000000165,55.48704769687182,0.2749081069890526,0.0330716874558079,20.000000000000284,36.66666666666666,56.14000000000014,56.19000000000015,-3189023.0,-2946892.45,-88.23529411764692,-72.46376811594274,29.155997404807863,58.675,60.3,,,,0.0,0.0,0.0,0.0,0.0,0.0,,0.0,0.0,0.0635,-0.029,0.0,4.99,-0.06,0,False,0,False,False,False,False,0.8962454424622288,False,False,True,False,True,False,False,False,False,False,False,False,False,False,False,False,False,False,10.0,0.0,2.142857142857148,8.0,-0.2760072664977661,False,False,False,False,False,False,False,-1.0,False,3,False,False,218.65036722664908,,5,False,3,False,True,False,True,"market_above_ma60, avoid_chase, adx_trending",,close_below_ema20,-84.2,18.9,18.2,34.0,-0.39,False,53,D
2026-09-11,23.3,23.3,22.35,22.4,796291,17966675,1721,國慶科技,,0.6207978197125712,0.2082255981585696,0.4125722215540015,21.41908748350072,21.706760757146515,21.55677647635424,56.49473967058464,21.00271112763415,1.2675672624831344,920344.45,20427510.85,24.6,20.0,1.0087482937283485,-0.343205444839511,0.0980392156862746,-0.0406852248394005,23.35,1.7534637604809094,23.89496341441837,20.819999999999936,17.745036585581502,0.7569136257998189,0.2953855345262673,36.87943262411344,49.00485591974939,23.289999999999964,21.864999999999963,134724046.0,137507514.0,-57.05128205128208,95.0313555233961,38.444663187828986,21.6,24.5,,,,0.0,0.0,0.0,0.0,0.0,0.0,,0.0,0.0,-0.4346,-0.2912,0.0,1.35,-0.31,0,False,0,False,False,True,True,0.8652097592374247,False,True,True,False,False,False,False,False,False,False,False,False,False,False,False,False,False,True,0.0,0.0,9.821428571428584,0.0,-0.8152704835948009,False,False,False,False,False,False,False,-1.0,False,4,False,False,218.86885178923663,,3,False,3,False,False,False,False,"ema60_gt_ema120, rsi_strong, market_above_ma60, adx_trending",,,-77.8,50.0,18.4,50.0,-0.71,True,2,D
2026-09-11,43.55,43.55,42.75,43.25,5066091,218164856,1722,台肥,,-0.5700669722303644,-0.4721416625846302,-0.0979253096457341,44.7343577835934,45.72784135078995,46.35027557230456,26.221530787060985,22.772557671106203,0.5921517039671401,3010175.0,134978469.75,46.55,43.75,-0.264704446875183,-0.155416756737941,-0.0345982142857141,-0.0114285714285714,43.75,1.82832057012142,46.56710085565044,44.90749999999999,43.24789914434953,0.0006329400359476,0.0739119681857352,20.0,8.181818181818016,44.07000000000007,44.35999999999986,-61280868.0,-48275992.3,-80.0,-184.67756106132484,30.402261961311467,46.58749999999999,47.25,,,,0.0,0.0,0.0,0.0,0.0,0.0,,0.0,0.0,0.0975,0.2094,0.0,8.03,-0.32,0,False,0,False,False,False,False,1.682988862773759,True,False,True,False,True,True,False,False,True,False,False,False,False,False,False,False,False,False,10.0,25.0,7.630057803468201,0.0,-1.5469063481206493,False,False,False,False,False,False,False,-1.0,False,6,False,False,428.2670124502898,,5,False,3,False,True,True,True,"volume_break, market_above_ma60, avoid_chase, liquidity_ok, adx_trending, kd_golden_cross",,"close_below_ema20, close_below_swing_low",69.2,64.7,71.5,32.4,1.84,False,34,D
2026-09-11,82.1,82.1,81.0,81.7,508597,41451313,1723,中碳,,-0.6612513704531722,-0.0742605532718038,-0.5869908171813684,84.94818556262639,84.74791095731712,83.17629083300068,36.45908126039764,16.518876345171265,2.2812535949015444,627434.9,53917335.2,88.4,82.3,-0.2870169818661247,0.0031281352297115,-0.0499999999999999,-0.0072904009720533,82.3,1.4988841965622162,89.57546040765011,85.90999999999985,82.2445395923496,-0.0742798355171254,0.0853325668176059,8.333333333333362,11.005389718076309,83.1,84.70999999999985,-27418183.0,-22794179.85,-91.66666666666664,-205.00078876794325,22.88712354878332,85.625,86.4,,,,0.0,0.0,0.0,0.0,0.0,0.0,,0.0,0.0,0.4618,0.0133,0.0,9.08,-0.65,0,False,0,False,False,False,True,0.810597242837464,False,False,False,False,True,True,False,False,False,False,False,False,False,False,False,False,False,False,20.0,25.0,8.20073439412485,0.0,-2.0,False,False,False,False,False,False,False,-1.0,False,4,False,False,279.1059724283746,,3,False,3,False,True,True,True,"ema60_gt_ema120, market_above_ma60, avoid_chase, liquidity_ok",,"close_below_ema20, close_below_swing_low",-79.9,29.4,35.4,32.4,-0.04,False,34,D
2026-09-11,32.6,33.45,32.3,32.9,48157,1575642,1725,元禎,,0.5103677479069297,0.3360969102530611,0.1742708376538686,31.80711548205386,31.468404785011344,31.12307329937902,64.17824210225321,23.11388123476817,0.8388076356554234,36221.1,1149182.4,33.1,31.3,0.3532255814218097,-0.1684132265560267,0.0281249999999999,-0.0060422960725076,33.1,0.5888926835294033,33.09930300658368,31.642500000000062,30.185696993416443,0.9315957594530666,0.0920788816676063,71.69811320754715,74.842767295598,32.67000000000007,32.10500000000011,-1185139.0,-1330245.7,-26.31578947368423,143.0540242557882,65.28767937083407,30.8625,36.775,,,,0.0,0.0,0.0,0.0,0.0,0.0,,0.0,0.0,0.2239,0.4606,0.0,0.54,0.05,0,False,0,False,False,True,True,1.329528920988043,False,True,True,False,True,False,False,False,False,True,False,False,False,False,False,False,True,True,-10.0,-25.0,0.6079027355623187,25.0,0.1574631165912338,False,False,False,False,False,False,False,-1.0,False,7,False,False,500.1848466089753,,5,False,3,False,False,False,False,"ema60_gt_ema120, rsi_strong, market_above_ma60, avoid_chase, adx_trending, obv_uptrend, mfi_strong",,,141.1,79.4,81.2,32.4,1.08,False,34,D
2026-09-11,77.0,77.0,76.8,76.9,20643,1587920,1726,永記,,-0.1045698369283911,-0.076713242230776,-0.0278565946976151,77.37325563861128,77.47808740759949,77.14073980660572,43.92219239152174,13.9497218690924,0.7597772705953456,25834.25,1998470.45,78.2,76.9,-0.0209621905355048,-0.0336215117594347,-0.0064599483204134,-0.0051746442432081,77.3,0.6708893736318002,78.13083285172065,77.41000000000004,76.68916714827942,0.146242538209328,0.0186237657078055,18.75000000000061,33.333333333333336,77.34000000000015,77.25000000000037,338089.0,447474.3,-67.99999999999955,-120.98765432098564,20.99228940004491,77.875,78.19999999999999,,,,0.0,0.0,0.0,0.0,0.0,0.0,,0.0,0.0,0.1156,0.1306,0.0,12.6,-0.01,0,False,0,False,False,False,True,0.799055517384867,False,False,False,False,True,False,False,False,False,False,False,False,False,False,False,False,False,True,20.0,12.0,1.6905071521456398,15.0,-1.2995449609250478,False,False,False,False,False,False,False,-1.0,False,3,False,False,244.39601564274807,,3,False,3,False,True,False,True,"ema60_gt_ema120, market_above_ma60, avoid_chase",,close_below_ema20,-114.7,20.6,25.8,32.4,-0.07,False,34,D
2026-09-11,89.1,92.3,89.0,89.6,1398176,126425565,1727,中華化,,2.150361485244076,2.958839186237721,-0.8084777009936444,90.04303288227602,85.71062833152261,78.75463182003718,51.00549459133084,25.08081319728011,4.77722311657969,6056435.1,561767049.1,99.9,89.2,0.1306736515251209,-0.0131838873258448,-0.0538542766631469,-0.008849557522124,90.4,0.1872065329321539,99.58905131631096,92.14500000000017,84.70094868368936,0.3290581370373029,0.1615725501396883,10.937499999999936,13.19639513108632,90.54000000000016,92.60000000000018,282032953.0,276837795.2,-92.1348314606742,-46.48339598997504,66.84307583741487,75.825,86.85,,,,0.0,0.0,0.0,0.0,0.0,0.0,,0.0,0.0,0.3245,0.0482,0.0,6.18,-1.42,0,False,0,False,False,True,True,0.2308579183817226,False,False,True,False,True,True,False,False,False,True,False,False,False,False,False,False,True,False,20.0,0.0,11.495535714285728,0.0,0.2694494634636296,False,False,True,True,False,False,False,-1.0,False,8,True,False,585.5419727453808,,3,False,3,False,True,False,True,"ema60_gt_ema120, market_above_ma60, avoid_chase, liquidity_ok, adx_trending, obv_uptrend, mfi_strong, above_ichimoku_cloud",long_upper_shadow,close_below_ema20,226.5,94.1,88.7,32.4,-1.3,True,34,X
2026-09-11,51.3,51.4,51.2,51.4,16988,872075,1730,花仙子,,-0.0223887110165463,-0.0138493346661445,-0.0085393763504018,51.49736480540502,51.72808547284498,52.07530207846857,47.41366414244674,13.950842252137235,0.4424996718118705,35359.55,1825128.6,51.9,51.3,0.0044283655912514,-0.0476375018695593,-0.0019417475728155,-0.0019417475728155,51.5,0.8412703325520605,51.91447496829358,51.509999999999856,51.10552503170613,0.3640212514708992,0.015704716299504,45.4545454545454,48.48484848484865,51.47999999999956,51.47999999999975,-709147.0,-753623.1,-68.75000000000003,-90.72978303747436,55.77537256343064,51.675,52.15,,,,0.0,0.0,0.0,0.0,0.0,0.0,,0.0,0.0,0.1737,-0.0156,0.0,7.16,-0.01,0,False,0,False,False,False,False,0.4804359783990463,False,False,False,False,True,False,False,False,False,True,False,False,False,False,False,False,True,False,0.0,0.0,0.9727626459143968,25.0,0.2302596841671595,False,False,False,False,False,False,False,-1.0,False,4,False,False,307.5674759939964,,3,False,3,False,True,False,True,"market_above_ma60, avoid_chase, obv_uptrend, mfi_strong",,close_below_ema20,-51.5,44.1,44.3,32.4,-0.76,False,34,D
2026-09-11,20.8,20.9,20.8,20.8,69198,1441084,1731,美吾華,,0.0087660674472402,0.0239784717981721,-0.0152124043509318,20.908033936326976,20.98396141861747,21.190730888445525,44.97530589280306,12.82193679016403,0.2017257639487794,83683.45,1752492.0,21.2,20.9,0.0176606041816815,-0.022036899644754,-0.0071599045346061,-0.0047846889952152,20.9,0.6891249633541227,21.148313777797828,20.917499999999883,20.68668622220194,0.2454658012167227,0.0220689640538253,0.0,17.777777777776766,20.90999999999985,20.92499999999982,2898026.0,3009359.65,-100.0,-78.43137254901666,39.24132612404365,20.725,21.2,,,,0.0,0.0,0.0,0.0,0.0,0.0,,0.0,0.0,0.1382,0.1184,0.0,1.07,0.03,0,False,0,False,False,False,False,0.8269018545483008,False,False,False,False,True,False,False,False,False,False,False,False,False,False,False,False,False,False,20.0,0.0,1.923076923076916,15.0,-0.0435838860295645,False,False,False,False,False,False,False,-1.0,False,2,False,False,172.74601191312823,,3,False,3,False,True,True,True,"market_above_ma60, avoid_chase",,"close_below_ema20, close_below_swing_low",-130.1,9.4,10.0,34.0,-0.46,False,53,D
2026-09-11,25.75,26.0,25.75,26.0,51319,1327408,1732,毛寶,,-0.1333761166493481,-0.105400940035133,-0.0279751766142151,26.215414286821066,26.3837361883456,26.58285979695642,44.48870808313458,17.824445791749312,0.3751117876092065,95110.1,2496609.5,26.7,25.85,-0.0634567146854467,-0.0172769749866333,-0.0038314176245211,0.0038610038610038,25.9,0.7573208719516424,26.687060602085783,26.225000000000044,25.7629393979143,0.256525443865595,0.0352381774707905,45.4545454545454,24.382284382284222,26.039999999999964,26.08500000000004,9303890.0,9425034.55,-80.0,-102.31023102310292,55.60023873130983,27.2875,27.4,,,,0.0,0.0,0.0,0.0,0.0,0.0,,0.0,0.0,-0.1269,-0.2345,0.0,2.58,0.0,0,False,0,False,False,False,False,0.539574661366143,False,False,False,False,True,False,False,False,True,False,False,False,False,False,False,False,True,False,0.0,0.0,2.69230769230769,8.0,-0.061617557508805,False,False,False,False,False,False,False,-1.0,False,4,False,False,222.65633592355576,,3,False,3,False,True,False,True,"market_above_ma60, avoid_chase, kd_golden_cross, mfi_strong",,close_below_ema20,-136.4,8.8,19.0,32.4,-0.63,False,34,D
2026-09-11,30.6,30.95,30.6,30.8,67040,2061347,1733,五鼎,,-0.0521494480683166,0.1281915643048427,-0.1803410123731594,31.626306713299712,31.19745463579056,30.72756278907304,38.56819386462954,18.22941756047204,0.4931491326864503,128380.55,4097007.45,32.4,31.0,-0.0576078038663164,0.1385349689436411,-0.0479134466769706,-0.0064516129032258,31.0,0.5802949083600017,32.8802174954446,31.8025000000001,30.72478250455561,0.0348966662239109,0.0677756462821784,10.526315789473657,11.48059247116665,31.2,31.70000000000018,11475943.0,11574698.1,-89.47368421052636,-138.09687392648615,52.86429264305653,31.5375,30.700000000000003,,,,0.0,0.0,0.0,0.0,0.0,0.0,,0.0,0.0,0.3052,-0.1804,0.0,3.36,-0.11,0,False,0,False,False,False,True,0.5221974824067976,False,False,False,False,True,False,False,False,False,False,False,False,False,False,False,False,True,False,20.0,25.0,5.194805194805188,0.0,-0.1690084819779706,False,False,False,False,False,False,False,-1.0,False,4,False,False,308.19387304033233,,3,False,3,False,True,True,True,"ema60_gt_ema120, market_above_ma60, avoid_chase, mfi_strong",,"close_below_ema20, close_below_swing_low",5.4,52.8,44.6,34.0,-0.77,False,53,D
2026-09-11,30.9,31.2,30.9,31.2,135143,4196782,1734,杏輝,,-0.2489302143019429,-0.2691108721021765,0.0201806578002335,31.286117226586907,31.6177031624137,31.57799611342462,45.50765946129829,22.776752202189773,0.4293427278614253,226407.7,7109351.35,32.55,30.6,-0.2471936939238416,-0.0991654014302748,0.0196078431372548,0.0016051364365972,31.15,0.4067769399417026,32.872957765060654,31.40500000000002,29.937042234939383,0.4301751028267656,0.093485608346482,89.47368421052616,84.21052631579005,31.140000000000143,30.88000000000011,5357223.0,5018920.75,-61.36363636363638,-27.95303189624962,43.66495169417601,32.1375,32.45,,,,0.0,0.0,0.0,0.0,0.0,0.0,,0.0,0.0,-0.0286,0.0169,0.0,5.53,-0.18,0,False,0,True,True,False,True,0.5969010771276771,False,False,True,False,True,False,False,False,False,True,False,False,False,False,False,False,False,True,-20.0,0.0,4.3269230769230695,0.0,0.5797745291698188,False,False,False,False,False,False,False,-1.0,False,7,False,False,462.9263051213146,,5,False,3,False,True,False,True,"macd_golden_cross, ema60_gt_ema120, market_above_ma60, avoid_chase, hist_turn_positive, adx_trending, obv_uptrend",,close_below_ema20,160.1,77.4,77.1,34.0,-0.7,False,53,D
2026-09-11,20.05,20.05,19.85,19.95,22207,442706,1735,日勝化,,-0.1117210151570162,-0.0597058560017764,-0.0520151591552398,20.37857034018246,21.08682295569653,21.476422018265907,43.7516821878071,10.386077471880377,0.5515640125381986,76876.2,1594063.75,21.65,20.05,-0.0321862492206915,-0.1882578093991228,-0.0148148148148148,-0.0049875311720698,20.05,0.7274213117233873,21.275278144001508,20.432499999999937,19.589721855998366,0.2137443564275448,0.0824938841552989,4.761904761904665,7.570207570207761,20.15,20.45,30008821.0,29891067.15,-95.23809523809534,-100.75026795284008,63.749778044452505,20.5125,22.8,,,,0.0,0.0,0.0,0.0,0.0,0.0,,0.0,0.0,0.1803,0.1032,0.0,51.54,-0.02,0,False,0,False,False,False,False,0.2888670355714772,False,False,False,False,True,False,False,False,False,True,False,False,False,False,False,False,True,False,20.0,0.0,8.52130325814536,0.0,0.2636394208470386,False,False,False,False,False,False,False,-1.0,False,4,False,False,301.05234340587924,,3,False,3,False,True,True,True,"market_above_ma60, avoid_chase, obv_uptrend, mfi_strong",,"close_below_ema20, close_below_swing_low",-58.0,38.2,41.8,32.4,-1.17,False,34,X
2026-09-11,123.5,130.5,123.5,128.5,372843,47775886,1736,喬山,,-1.4014700381093237,-1.4930791453172467,0.0916091072079232,127.5757553345737,128.17289162897112,129.46474953108356,50.60964794709606,15.106535092321993,5.070139433345876,384899.75,49191231.35,136.0,122.0,-0.2068855534494207,0.0460847976865861,0.0239043824701195,0.028,125.0,0.3304989289330766,131.87763085038188,127.125,122.37236914961814,0.6446567220647395,0.0747709868299999,58.333333333333336,41.66666666666666,126.4,125.55,-3578330.0,-3039287.8,-41.66666666666666,1.5649452269167017,47.64151231844929,133.75,124.75,,,,0.0,0.0,0.0,0.0,0.0,0.0,,0.0,0.0,0.358,-0.1186,0.0,5.64,0.0,0,False,0,True,True,True,False,0.9686756096879772,False,False,False,False,True,False,False,False,True,False,False,False,False,False,False,False,False,True,0.0,0.0,5.836575875486381,0.0,-0.224764294070276,False,False,False,False,False,False,False,-1.0,False,5,False,False,376.9895845680365,,3,False,3,False,False,False,False,"macd_golden_cross, market_above_ma60, avoid_chase, hist_turn_positive, kd_golden_cross",,,72.3,71.4,62.2,21.4,-0.65,False,14,D
2026-09-11,30.7,30.7,30.45,30.6,209614,6398754,1737,臺鹽,,-0.3362896778651816,-0.3246029281940616,-0.0116867496711199,31.006464562295847,31.46653855967146,31.62534080444055,30.026590732481807,33.11214833290106,0.2362712831489104,277787.6,8683341.4,32.5,30.55,-0.2975109502556296,-0.0664720534808702,-0.0016313213703098,-0.0032573289902279,30.7,0.6185830574139217,32.45259293359098,31.10749999999998,29.762407066408983,0.3113513247575001,0.0864802979082856,33.33333333333386,39.89898989898999,30.640000000000143,30.655000000000108,-819858.0,-425572.6,-74.9999999999997,-63.86554621848748,27.91284457769727,32.075,31.9,,,,0.0,0.0,0.0,0.0,0.0,0.0,,0.0,0.0,0.0519,0.0804,0.0,7.75,-0.13,0,False,0,False,False,False,False,0.7545837179197344,False,False,True,False,True,False,False,False,False,False,False,False,False,False,False,False,False,False,0.0,0.0,6.209150326797381,0.0,-0.7492828267345237,False,False,False,False,False,False,False,-1.0,False,3,False,False,208.55444325838303,,5,False,3,False,True,False,True,"market_above_ma60, avoid_chase, adx_trending",,close_below_ema20,-32.4,31.8,16.7,18.2,-0.39,False,22,D
2026-09-11,31.45,31.55,31.25,31.35,35378,1110474,1752,南光,,-0.1124651052506031,-0.0837416528740782,-0.0287234523765249,31.667051749829795,32.09131092148983,32.99779215355272,41.04888183836753,14.903916393322,0.3548034027989563,41880.85,1324805.65,32.0,31.35,-0.0653569850732501,-0.0520967239816983,-0.0156985871271585,0.0,31.35,1.150805923773493,32.05916569987511,31.70000000000009,31.34083430012508,0.012759709346011,0.0226602965220829,13.333333333333522,19.595959595959965,31.53000000000029,31.60500000000011,-1222998.0,-1099809.45,-86.66666666666647,-164.43252904379136,37.64227475102543,32.0,33.05,,,,0.0,0.0,0.0,0.0,0.0,0.0,,0.0,0.0,-0.0657,0.108,0.0,1.48,0.0,0,False,0,False,False,False,False,0.8447297511869983,False,False,False,False,True,False,False,False,False,False,False,False,False,False,False,False,False,False,20.0,25.0,2.0733652312599635,8.0,-0.9347467138455844,False,False,False,False,False,False,False,-1.0,False,2,False,False,140.23033694572297,,3,False,3,False,True,False,True,"market_above_ma60, avoid_chase",,close_below_ema20,-162.6,3.8,4.4,34.0,-0.45,False,53,D
2026-09-11,54.8,54.8,54.1,54.1,189293,10272709,1760,寶齡富錦,,-1.1350646638181274,-0.8548858542610371,-0.2801788095570903,57.04795203350705,58.98148443196976,60.604669136196506,20.02052434606684,17.455725355783244,0.841079949001952,114679.3,6545220.0,59.0,55.0,-0.362681470246605,-0.1739245645228309,-0.0390763765541739,-0.0163636363636363,55.0,1.4164929708934064,60.07231347825736,57.375,54.67768652174264,-0.1070855364790334,0.0940239992420867,0.0,3.160638644509769,55.48000000000029,56.32000000000007,-9174296.0,-8454585.2,-100.0,-182.306940371456,9.30209457446449,60.95,62.3,,,,0.0,0.0,0.0,0.0,0.0,0.0,,0.0,0.0,0.1955,0.3049,0.0,10.97,-0.1,0,False,0,False,False,False,False,1.6506291894003535,True,False,False,False,True,False,False,False,False,False,False,False,False,False,False,False,False,False,20.0,25.0,9.05730129390018,0.0,-1.5686967889950998,False,False,False,False,False,False,False,-1.0,False,3,False,False,232.6819304260624,,3,False,3,False,True,True,True,"volume_break, market_above_ma60, avoid_chase",,"close_below_ema20, close_below_swing_low",-126.4,17.6,21.3,32.4,1.77,False,34,D
2026-09-11,160.5,160.5,158.5,159.0,340739,54358257,1773,勝一,,0.1896438311137274,0.0644635464513847,0.1251802846623426,161.4193167201543,163.33225208441914,162.49838132528382,46.47576221632392,18.24577528623676,5.233658917888513,612616.9,100127232.75,171.5,159.5,0.2432587528248432,-0.1852802802716438,-0.0215384615384615,-0.0154798761609906,161.5,0.6851859037967947,168.25793563685298,160.575,152.892064363147,0.3975001175042301,0.0956927994625936,3.333333333333333,22.616487455197177,161.9,163.2,42762070.0,41675974.45,-85.29411764705883,-32.95019157088065,55.17711838932959,159.875,173.5,,,,0.0,0.0,0.0,0.0,0.0,0.0,,0.0,0.0,0.3355,0.0689,0.0,6.85,0.09,0,False,0,False,False,False,True,0.5562024162245606,False,False,False,False,True,True,False,False,False,True,False,False,False,False,False,False,True,False,20.0,0.0,7.861635220125786,0.0,0.4385382183754464,False,False,False,False,False,False,False,-1.0,False,6,False,False,425.824482782751,,3,False,3,False,True,True,True,"ema60_gt_ema120, market_above_ma60, avoid_chase, liquidity_ok, obv_uptrend, mfi_strong",,"close_below_ema20, close_below_swing_low",66.8,61.8,71.1,32.4,-0.59,False,34,D
2026-09-11,34.0,34.15,33.15,33.7,154069,5160671,1762,中化生,,-0.1554902751325357,0.0426024256052674,-0.1980927007378032,35.14670303849325,35.175377033167074,34.019018994468794,36.89681387035668,13.627083735099616,0.8625425485391145,107927.85,3805066.2,36.3,34.6,-0.0916277464102061,-0.1189314496417642,-0.0573426573426573,-0.0302158273381294,34.75,0.2656572524887283,36.743850432479846,35.38249999999998,34.02114956752011,-0.1179525711594684,0.0769504943110219,16.923076923077055,16.117216117215623,34.61000000000022,35.26000000000003,-1937181.0,-1517048.6,-83.07692307692294,-215.59293346027704,28.324353424437632,34.5625,37.875,,,,0.0,0.0,0.0,0.0,0.0,0.0,,0.0,0.0,0.2323,-0.118,0.0,3.12,-0.16,0,False,0,False,False,False,True,1.4275184764636746,False,False,False,False,True,False,False,False,False,False,False,False,False,False,False,False,False,False,20.0,25.0,7.715133531157252,0.0,-0.6646895800934572,False,False,False,False,False,False,False,-1.0,False,3,False,False,241.29890980351527,,3,False,3,False,True,True,True,"ema60_gt_ema120, market_above_ma60, avoid_chase",,"close_below_ema20, close_below_swing_low",-61.5,28.3,24.9,34.0,0.14,False,53,D
2026-09-11,17.45,17.6,17.2,17.6,53165,927016,1776,展宇,,0.0146769078946675,-0.080627570879005,0.0953044787736726,17.240708414720963,17.453684773980203,17.26088407125039,60.513348282974974,19.117846399388924,0.3562990517879251,43792.85,747769.75,17.55,17.0,0.1442552674432358,-0.2900757370632997,0.0232558139534884,0.0028490028490029,17.55,0.8471542361789273,17.51548809503779,17.13750000000009,16.759511904962395,1.1117917549146412,0.0441123962115471,100.0,94.10256410256382,17.389999999999965,17.245000000000072,4789501.0,4685020.5,-0.0,216.41025641025405,85.31107970074734,17.7,18.7,,,,0.0,0.0,0.0,0.0,0.0,0.0,,0.0,0.0,0.0532,0.1551,0.0,1.68,-0.03,0,False,0,False,False,True,True,1.214010962976833,False,True,False,True,True,False,False,False,False,True,False,False,True,False,False,False,True,True,-20.0,-25.0,-0.2840909090909131,25.0,0.1336846628121857,False,False,False,False,False,False,False,-1.0,False,8,False,False,533.7443255835146,,3,False,3,False,False,False,False,"ema60_gt_ema120, rsi_strong, breakout_20d, market_above_ma60, avoid_chase, obv_uptrend, bb_squeeze_breakout, mfi_strong",,,174.7,85.3,85.0,32.4,0.83,False,34,D
2026-09-11,42.55,43.3,42.25,43.3,219151,9372429,1786,科妍,,-1.7433993110109256,-1.32179604634353,-0.4216032646673957,46.92449490399847,50.38996945995988,55.71776895388757,32.826832736032074,21.28731251224319,1.4615543888303146,206888.15,9663153.65,50.4,42.75,-0.7805842478645578,-0.2922648854215386,-0.079702444208289,0.0128654970760233,42.75,1.605328754510733,52.21167976188153,47.54499999999971,42.87832023811789,0.0451798477074054,0.1963058055266314,18.58407079646013,8.493540840199179,44.59000000000015,45.52999999999993,-18046195.0,-16921104.7,-86.95652173913047,-156.1977417526988,12.5440106665812,50.9,54.8,,,,0.0,0.0,0.0,0.0,0.0,0.0,,0.0,0.0,0.0003,0.0103,0.0,2.06,-0.09,0,False,0,False,False,False,False,1.059272848638262,False,False,True,False,True,False,False,False,True,False,False,False,False,False,False,False,False,False,20.0,25.0,16.3972286374134,0.0,-1.2839154667499442,False,False,False,False,False,False,False,-1.0,False,4,False,False,315.18574288538326,,3,False,3,False,True,False,True,"market_above_ma60, avoid_chase, adx_trending, kd_golden_cross",,close_below_ema20,12.4,54.7,46.5,34.0,-0.23,False,53,D
2026-09-11,36.4,36.65,36.35,36.4,60352,2201082,1783,和康生,,-0.8182616500748239,-0.4233170370023921,-0.3949446130724318,38.92299426619933,39.65569170189751,40.32658931478354,22.86695734573556,20.755860106430635,0.6895905092070234,72751.65,2874095.4,41.35,37.05,-0.5280961300921714,-0.011052536811388,-0.0496083550913837,-0.0175438596491227,37.05,1.5187071806406895,42.26650668970296,39.44499999999989,36.62349331029683,-0.0396053128480003,0.1430602960934502,1.3888888888888091,1.2552742616032144,37.37999999999956,38.41499999999978,-1377330.0,-997480.3,-99.02912621359228,-174.77320980505684,32.24773971373132,40.1,39.8,,,,0.0,0.0,0.0,0.0,0.0,0.0,,0.0,0.0,-0.0262,-0.2598,0.0,6.88,-0.12,0,False,0,False,False,False,False,0.8295619412068318,False,False,True,False,True,False,False,False,False,False,False,False,False,False,False,False,False,False,20.0,25.0,13.598901098901106,0.0,-1.6455004640736304,False,False,False,False,False,False,False,-1.0,False,3,False,False,208.5496138431848,,5,False,3,False,True,True,True,"market_above_ma60, avoid_chase, adx_trending",,"close_below_ema20, close_below_swing_low",-94.3,17.0,16.7,34.0,-0.46,False,53,D
2026-09-11,175.0,176.0,172.0,173.5,1335501,231546328,1795,美時,,-3.319078078548017,-1.8079112821056904,-1.5111667964423263,183.9491048597114,190.907627609094,204.63163142419288,31.35915658541253,16.26769739293045,4.7648292545210325,1084238.55,204721638.35,196.5,177.0,-0.4413554307200109,-0.1108201397671087,-0.0467032967032966,-0.019774011299435,177.0,0.632008414545287,200.2281699257804,186.425,172.62183007421964,0.0318104439234709,0.1480828207137494,9.67741935483871,7.626960852767297,178.1,181.05,50520506.0,54776817.2,-94.44444444444444,-143.8969764837626,12.0191002054045,187.0,193.75,,,,0.0,0.0,0.0,0.0,0.0,0.0,,0.0,0.0,0.0394,-0.2669,0.0,49.45,-2.32,0,False,0,False,False,False,False,1.2317409300748436,False,False,False,False,True,True,False,False,False,False,False,False,False,False,False,False,False,False,20.0,25.0,13.256484149855908,0.0,-0.8518827902989033,False,False,False,False,False,False,False,-1.0,False,3,False,False,202.0948158171616,,3,False,3,False,True,True,True,"market_above_ma60, avoid_chase, liquidity_ok",,"close_below_ema20, close_below_swing_low",-100.7,11.3,15.7,34.0,-0.06,False,53,D
2026-09-11,18.5,18.5,18.15,18.3,848728,15515981,1789,神隆,,-0.1444984332203134,-0.1129383206969995,-0.0315601125233139,19.000461964148577,19.41117536051216,19.7332289532354,35.943176665983714,17.401065515768096,0.4180414354893209,420986.35,7982709.85,19.45,18.6,-0.0796778322645077,-0.1797171471614277,-0.0418848167539267,-0.0161290322580645,18.6,2.003757307101355,19.55191953403348,19.029999999999973,18.508080465966472,-0.1993415195235012,0.0548522894412507,10.000000000000142,18.573975044563365,18.91999999999989,18.959999999999944,16111503.0,17509611.25,-89.99999999999984,-261.21574031541644,38.14756893259054,19.450000000000003,19.85,,,,0.0,0.0,0.0,0.0,0.0,0.0,,0.0,0.0,-0.0705,-0.2534,0.0,1.84,-0.01,0,False,0,False,False,False,False,2.016046363498484,True,False,False,False,True,False,False,False,False,False,False,False,False,False,False,False,False,False,20.0,25.0,6.284153005464472,0.0,-1.0380536246370982,False,False,False,False,False,False,False,-1.0,False,3,False,False,202.70382013933963,,3,False,3,True,True,True,True,"volume_break, market_above_ma60, avoid_chase",,"macd_death_cross, close_below_ema20, close_below_swing_low",-100.1,13.2,15.8,34.0,0.73,False,53,D
2026-09-11,58.5,59.2,57.8,58.2,11734113,686309750,1802,台玻,,0.7078081722980514,0.7844582107434024,-0.076650038445351,58.83807263102298,59.22439456552301,58.22044162913837,48.63838234291645,14.231656888501185,2.694639515133858,31397279.45,1871031268.9,61.3,58.6,0.2389934951253032,-0.2961553669762354,-0.015228426395939,-0.023489932885906,59.6,0.2952024782597164,61.92798089723168,59.07500000000009,56.22201910276849,0.3466516195658468,0.0965884349464779,10.769230769230813,28.205128205127647,59.72000000000044,59.92000000000007,4880700184.0,4861876381.6,-69.04761904761904,-44.67805519053888,46.54299268076842,54.425,61.625,,,,0.0,0.0,0.0,0.0,0.0,0.0,,0.0,0.0,0.2845,0.089,0.0,5.58,0.05,0,False,0,False,False,False,True,0.3737302468733481,False,False,False,False,True,True,False,False,False,True,False,False,False,False,False,False,False,False,20.0,0.0,5.326460481099646,0.0,0.131892579663856,False,False,False,True,False,False,False,-1.0,False,5,True,False,350.32001342469977,,3,False,3,True,True,True,True,"ema60_gt_ema120, market_above_ma60, avoid_chase, liquidity_ok, obv_uptrend",long_upper_shadow,"macd_death_cross, close_below_ema20, close_below_swing_low",27.0,80.0,55.2,20.0,-0.59,True,5,D
2026-09-11,10.0,10.15,9.99,10.1,24302,244580,1805,寶徠,,-0.0015643216218794,0.0097773339801096,-0.0113416556019891,10.111102030427974,10.174848426384926,10.42237468908965,49.37113877664507,10.361179607452796,0.1664827605542378,69519.9,701641.15,10.35,9.96,-0.0309803232194099,-0.0336750077876149,0.0,0.0,10.1,0.6318623231358169,10.33525765956489,10.143499999999994,9.951742340435098,0.3865755868665236,0.037808973148301,58.33333333333321,47.50221043324503,10.071999999999935,10.100999999999976,1196155.0,1232620.65,-64.1025641025643,-40.31879981247011,30.10734538338987,9.7875,10.6,,,,0.0,0.0,0.0,0.0,0.0,0.0,,0.0,0.0,0.0088,0.0088,0.0,0.65,0.01,0,False,0,False,False,False,False,0.349568972337417,False,False,False,False,True,False,False,False,False,False,False,False,False,False,False,False,False,False,0.0,0.0,2.4752475247524752,8.0,-0.2297449185577172,False,False,False,False,False,False,False,-1.0,False,2,False,False,118.73875070068156,,3,False,3,False,True,False,True,"market_above_ma60, avoid_chase",,close_below_ema20,-151.9,8.6,2.4,36.2,-0.88,False,58,D
2026-09-11,8.0,8.05,7.95,8.03,154451,1232641,1806,冠軍,,-0.0091422716306475,-0.0155329933053864,0.0063907216747389,8.03124047899818,8.100168071651403,8.259596060259552,48.82754943633617,8.55518560132153,0.0938875482627841,235444.6,1880900.4,8.07,8.01,0.0391992531962783,-0.0696418647607651,-0.0012437810945273,0.0,8.03,0.3342899354532066,8.101591412440794,8.019500000000061,7.937408587559329,0.563953096235973,0.0204729502938416,47.05882352941155,42.76960784313693,8.032000000000153,8.03300000000013,-15210635.0,-15341219.35,-52.94117647058845,-11.82557280118109,52.68955821491187,8.2,8.309999999999999,,,,0.0,0.0,0.0,0.0,0.0,0.0,,0.0,0.0,-0.2267,-0.1171,0.0,9.66,-0.03,0,False,0,False,False,False,False,0.655997206986272,False,False,False,False,True,False,False,False,False,True,False,False,False,False,False,False,True,False,0.0,0.0,0.4981320049813316,25.0,0.1250830198409995,False,False,False,False,False,False,False,-1.0,False,4,False,False,238.0609683079547,,3,False,3,False,True,False,True,"market_above_ma60, avoid_chase, obv_uptrend, mfi_strong",,close_below_ema20,-85.3,20.0,23.1,20.0,1.3,False,5,D
2026-09-11,33.95,34.45,33.6,34.45,2080015,70702124,1808,潤隆,,0.4482471853148198,0.6430737738177952,-0.1948265885029754,34.52378852777622,33.13151381033117,32.26434530722978,51.25966836400453,23.992962490762466,1.1186970415661133,2415125.05,84778004.1,37.0,34.1,0.0883501505572244,0.2926673457913252,-0.0072046109510086,0.0014534883720931,34.4,1.0885707179555604,36.9452326839632,34.85000000000023,32.75476731603726,0.4045452080186967,0.1202429086922786,34.00000000000006,38.885012919896326,34.61000000000022,34.79500000000026,24137432.0,19611358.35,-71.18644067796602,-48.79725085910498,43.32000209118351,32.0125,30.950000000000003,,,,0.0,0.0,0.0,0.0,0.0,0.0,,0.0,0.0,34.6015,-0.6409,0.0,4.17,-0.26,0,False,0,False,False,True,True,0.8612452593293255,False,False,True,False,True,True,False,False,False,True,False,False,False,False,False,False,False,False,0.0,0.0,7.402031930333807,0.0,0.5977127850734791,False,False,True,False,False,False,False,-1.0,False,7,False,False,505.785006014175,,3,False,3,False,True,False,True,"ema60_gt_ema120, market_above_ma60, avoid_chase, liquidity_ok, adx_trending, obv_uptrend, above_ichimoku_cloud",,close_below_ema20,235.2,91.4,81.8,36.2,0.05,False,58,D
2026-09-11,37.25,38.0,37.25,37.45,622776,23366991,1809,中釉,,-0.4944360496061151,-0.5483915720347945,0.0539555224286794,38.45463088805295,39.783696076435305,37.84422796595513,44.28661014609884,9.574843912477174,1.699758748001594,1129724.6,43750549.35,40.15,37.1,-0.0599066815580968,-0.6211235708046867,-0.0079470198675496,-0.0157687253613664,38.05,0.6724765142364703,39.9619889115661,38.37250000000004,36.78301108843397,0.209812382682453,0.0828452100627305,23.80952380952382,41.8803418803418,38.1,38.175,414748255.0,412628065.75,-80.48780487804868,-101.11557340473026,62.406462654297705,39.2875,45.55,,,,0.0,0.0,0.0,0.0,0.0,0.0,,0.0,0.0,-0.0988,-0.0064,0.0,2.21,0.33,0,False,0,False,False,False,True,0.5512635557373894,False,False,False,False,True,False,False,False,False,True,False,False,False,False,False,False,True,False,10.0,0.0,7.20961281708944,0.0,0.2360793330926188,False,False,False,True,False,False,False,-1.0,False,5,True,False,323.3455875544853,,3,False,3,False,True,False,True,"ema60_gt_ema120, market_above_ma60, avoid_chase, obv_uptrend, mfi_strong",long_upper_shadow,close_below_ema20,0.0,60.0,48.8,20.0,0.6,True,5,D
2026-09-11,23.7,24.2,23.55,23.55,2591112,61842033,1810,和成,,-0.4306318072381465,-0.2563412886289856,-0.1742905186091609,24.610375073124704,24.20494148532244,22.666390908921755,40.68667852885262,10.75132303882662,1.0647395691014838,5677536.5,148294416.55,27.55,23.7,-0.6026851923082115,0.1979483040676548,-0.0288659793814433,-0.0063291139240505,23.7,0.1884965623264694,26.811219234405144,24.957499999999985,23.10378076559482,0.1203578260729348,0.1485500738780056,0.0,3.2529239766081446,23.860000000000035,24.17999999999993,228799984.0,240678571.8,-100.0,-103.43249427917632,35.48541016283515,26.4125,26.35,,,,0.0,0.0,0.0,0.0,0.0,0.0,,0.0,0.0,-0.0371,-0.0073,0.0,1.65,0.22,0,False,0,False,False,False,True,0.4563796287351037,False,False,False,False,True,True,False,False,False,False,False,False,False,False,False,False,False,False,20.0,12.0,16.985138004246284,0.0,-0.1440528600552055,False,False,False,True,False,False,False,-1.0,False,4,True,False,244.83516196668856,,3,False,3,False,True,True,True,"ema60_gt_ema120, market_above_ma60, avoid_chase, liquidity_ok",long_upper_shadow,"close_below_ema20, close_below_swing_low",-78.5,40.0,25.9,20.0,-0.04,False,5,D
2026-09-11,40.5,40.5,40.25,40.45,14361,579209,1817,凱撒衛,,0.2762361419136496,0.2946409828416327,-0.018404840927983,39.98601690197461,39.5187243284806,39.2793228196236,64.15324684034368,46.71730877806588,0.3507636310105183,52564.2,2108414.1,40.5,39.9,0.0337525650754143,0.0440157716567654,0.0099875156054933,-0.0012345679012345,40.5,1.5733868330578804,40.50165443925867,40.13249999999998,39.763345560741286,0.930036816891058,0.0183967826205042,91.66666666666715,63.88888888888929,40.19000000000015,40.16499999999997,1251532.0,1142367.25,-26.6666666666661,131.64251207729555,49.94547035193912,38.5625,39.7,,,,0.0,0.0,0.0,0.0,0.0,0.0,,0.0,0.0,0.052,0.0258,0.0,1.89,0.09,0,False,0,False,False,True,True,0.2732087618569292,False,True,True,False,True,False,False,False,False,True,False,False,False,False,False,False,False,True,-20.0,-25.0,0.1236093943139608,25.0,0.4907167810215138,False,False,True,False,False,False,False,-1.0,False,7,False,False,503.6206889908274,,5,False,3,False,False,False,False,"ema60_gt_ema120, rsi_strong, market_above_ma60, avoid_chase, adx_trending, obv_uptrend, above_ichimoku_cloud",,,180.3,100.0,81.6,20.0,-1.27,True,5,X
2026-09-11,47.2,47.5,47.2,47.4,38276,1811655,1903,士紙,,-0.0936778442378241,-0.036581813563717,-0.057096030674107,47.79859401195114,48.0958244930713,49.00557213191621,43.385210129117965,11.32098343361127,0.6128154530576119,99819.55,4808081.6,49.05,47.5,-0.0675350273966997,-0.0099069828298852,-0.0052465897166841,-0.0021052631578947,47.5,0.2271870079594984,48.99418237092199,47.95499999999993,46.91581762907786,0.2329631374002818,0.0433398966081561,23.52941176470554,34.92647058823544,47.64000000000014,47.680000000000106,-1750027.0,-1702085.9,-89.47368421052653,-89.513400988811,28.20436432405856,48.1,49.4,,,,0.0,0.0,0.0,0.0,0.0,0.0,,0.0,0.0,-0.0391,-0.0351,0.0,10.89,0.02,0,False,0,False,False,False,False,0.3834519390239687,False,False,False,False,True,False,False,False,False,False,False,False,False,False,False,False,False,False,10.0,0.0,3.4810126582278453,8.0,-0.0807924554169284,False,False,False,False,False,False,False,-1.0,False,2,False,False,110.86500992523656,,3,False,3,False,True,True,True,"market_above_ma60, avoid_chase",,"close_below_ema20, close_below_swing_low",-167.3,14.3,1.7,42.9,-0.97,False,7,D
2026-09-11,25.25,25.45,24.7,24.8,1907342,47603167,1904,正隆,,0.3851863273014473,0.5206333499837378,-0.1354470226822904,24.67124549775532,23.330019979551626,21.894089929031423,53.74915233621105,32.090796806883816,0.7472104582489117,2385140.55,59975990.85,25.75,24.45,-0.0883973287850118,0.2887760644343849,0.0,-0.0293542074363992,25.55,1.3195501165412922,25.87171093890912,25.03250000000008,24.19328906109104,0.3614770201265974,0.0670497104890872,50.0,60.41666666666666,24.76000000000004,24.83000000000011,79210762.0,77210715.7,-60.52631578947366,-12.244897959183492,33.52175476003569,22.0875,21.675,,,,0.0,0.0,0.0,0.0,0.0,0.0,,0.0,0.0,0.2282,0.0974,0.0,12.17,0.09,0,False,0,False,False,True,True,0.7996769833962196,False,False,True,False,True,True,False,False,False,True,False,False,False,False,False,False,False,False,0.0,0.0,3.83064516129032,0.0,0.1518980599656872,False,False,True,False,False,False,False,-1.0,False,7,False,False,514.8195465535504,,8,False,3,False,False,False,False,"ema60_gt_ema120, market_above_ma60, avoid_chase, liquidity_ok, adx_trending, obv_uptrend, above_ichimoku_cloud",,,236.7,100.0,83.1,42.9,0.03,True,7,D
2026-09-11,13.2,13.25,13.1,13.2,1288136,16968377,1905,華紙,,-0.110132501424772,-0.0973335300743872,-0.0127989713503847,13.471930890009592,13.704455346772347,13.576116310976074,42.71767944041168,12.609094783272177,0.3634598307512198,1554961.5,20995729.8,13.85,13.2,-0.0252365303200978,-0.453840563071614,-0.0222222222222222,-0.0075187969924812,13.3,0.9475314088837796,13.868069210132496,13.472499999999943,13.076930789867395,0.1555596428895023,0.0587224657832698,9.999999999999964,21.666666666666668,13.269999999999891,13.474999999999907,240720494.0,244826505.75,-90.00000000000003,-126.38888888889004,70.71428682986101,14.124999999999998,15.275,,,,0.0,0.0,0.0,0.0,0.0,0.0,,0.0,0.0,0.0148,0.0015,0.0,2.54,-0.06,0,False,0,False,False,False,True,0.8284037900616832,False,False,False,False,True,False,False,False,False,False,False,False,False,False,False,False,True,False,20.0,12.0,4.924242424242427,0.0,-0.3166160109432473,False,False,False,False,False,False,False,-1.0,False,4,False,False,276.4846457692978,,3,False,3,False,True,False,True,"ema60_gt_ema120, market_above_ma60, avoid_chase, mfi_strong",,close_below_ema20,-1.7,42.9,34.5,42.9,0.09,False,7,D
2026-09-11,28.7,29.05,28.65,29.05,808765,23355439,1907,永豐餘,,-0.040238853011516,0.1665357247235894,-0.2067745777351055,29.63411309502193,28.806327815388897,27.70823902608856,43.02785171991176,18.00501838958996,0.6685156743960914,1023514.75,30691272.85,31.2,29.1,-0.1901796904638281,0.1871242269924478,-0.0268006700167504,-0.0034305317324184,29.15,0.6161629815685067,31.18052011025086,29.9125,28.644479889749142,0.1599028702197129,0.0847819547179847,19.047619047619136,17.752715121135527,29.129999999999928,29.560000000000127,44859597.0,47410664.25,-83.33333333333326,-120.19524100060954,22.3028824644355,28.9125,27.225,,,,0.0,0.0,0.0,0.0,0.0,0.0,,0.0,0.0,0.0728,-0.023,0.0,13.02,0.0,0,False,0,False,False,True,True,0.7901840203084518,False,False,False,False,True,False,False,False,True,False,False,False,False,False,False,False,False,False,20.0,12.0,7.401032702237516,0.0,-0.347550387608968,False,False,True,False,False,False,False,-1.0,False,5,False,False,365.7312355517769,,3,False,3,False,True,True,True,"ema60_gt_ema120, market_above_ma60, avoid_chase, kd_golden_cross, above_ichimoku_cloud",,"close_below_ema20, close_below_swing_low",87.6,85.7,59.0,42.9,0.0,True,7,D
2026-09-11,10.95,11.0,10.9,11.0,31309,343052,1906,寶隆,,-0.0514252031393542,0.0008093561412228,-0.0522345592805771,11.237116690758404,11.2356319244617,11.324027624356452,39.484263317410345,16.80611001164293,0.2136514993574615,72215.9,820365.7,11.65,11.1,-0.2437615374924086,0.0185823993058745,-0.0178571428571427,-0.009009009009009,11.1,0.4877831975910844,11.71283318532086,11.337499999999975,10.962166814679094,0.050399467460573,0.0662109257456907,18.18181818181815,20.134680134680213,11.099999999999907,11.174999999999908,-3363762.0,-3280192.3,-87.50000000000003,-151.8013291360614,29.820390090382347,11.0625,11.275,,,,0.0,0.0,0.0,0.0,0.0,0.0,,0.0,0.0,1.022,0.1782,0.0,1.0,0.02,0,False,0,False,False,False,False,0.4335471828226194,False,False,False,False,True,False,False,False,False,False,False,False,False,False,False,False,False,False,20.0,25.0,5.909090909090913,0.0,-0.2203132347589253,False,False,False,False,False,False,False,-1.0,False,2,False,False,176.69171301111908,,3,False,3,False,True,True,True,"market_above_ma60, avoid_chase",,"close_below_ema20, close_below_swing_low",-101.5,28.6,10.8,42.9,-0.85,False,7,D
2026-09-11,19.0,19.05,18.9,18.9,26834303,508650329,2002,中鋼,,-0.006487508439374,0.0119249502183262,-0.0184124586577003,19.08483678134426,19.050898966596453,19.069389291851422,45.12090684783319,12.281447651234243,0.2691100131371886,26242458.0,501536015.05,19.45,18.95,-0.0128616615231595,0.0255984256805662,-0.0104712041884817,-0.0104712041884817,19.1,0.8102407748284156,19.40278212965659,19.092500000000065,18.78221787034354,0.1897984421256233,0.0325030383298702,0.0,50.0,19.07000000000007,19.05000000000009,260953441.0,288175188.85,-100.0,-86.78500986193245,42.26021562261608,18.925,19.625,,,,0.0,0.0,0.0,0.0,0.0,0.0,,0.0,0.0,0.2185,0.0616,0.0,15.08,0.1,0,False,0,False,False,False,False,1.0225529559769135,False,False,False,False,True,True,False,False,False,False,False,False,False,False,False,False,False,True,20.0,12.0,2.910052910052914,8.0,-0.2000364136268118,False,False,False,False,False,False,False,-1.0,False,3,False,False,252.8250925962474,,3,False,3,False,True,True,True,"market_above_ma60, avoid_chase, liquidity_ok",,"close_below_ema20, close_below_swing_low",-61.4,33.3,28.0,40.0,0.06,False,30,D
2026-09-11,10.55,10.65,10.4,10.45,2667535,27963953,1909,榮成,,0.16474255106694,0.2533577204286726,-0.0886151693617326,10.678690707386844,10.269744282964352,10.034189463969254,48.81819552066005,13.11539875755983,0.5980640042371149,4193144.25,46314953.9,11.45,10.65,-0.2711683528583868,,-0.05,-0.0187793427230047,10.65,0.3835989593312174,11.459680742636923,10.989999999999942,10.52031925736296,-0.0748585698533853,0.0854742024817077,4.761904761904665,7.469654528478107,10.679999999999929,10.899999999999954,98841554.0,111697272.45,-95.23809523809534,-209.757834757834,49.84710508805836,10.155,9.975,,,,0.0,0.0,0.0,0.0,0.0,0.0,,0.0,0.0,0.2032,-0.0817,0.0,10.43,-0.18,0,False,0,False,False,True,True,0.6361658080329576,False,False,False,False,True,False,False,False,False,False,False,False,False,False,False,False,False,False,20.0,25.0,9.569377990430622,0.0,-0.6689086720035132,False,False,True,False,False,False,False,-1.0,False,4,False,False,313.3347540162874,,3,False,3,False,True,True,True,"ema60_gt_ema120, market_above_ma60, avoid_chase, above_ichimoku_cloud",,"close_below_ema20, close_below_swing_low",35.2,71.4,46.1,42.9,-0.36,True,7,D
2026-09-11,80.6,82.5,80.6,82.5,1099446,90076460,2006,東和鋼鐵,,0.8851241296299435,1.1861889331777884,-0.3010648035478449,81.35722335151071,77.61213649551644,74.35413463743569,56.66994570149461,19.82458688452035,2.0690174329184705,1462899.5,119098687.35,82.7,80.6,0.0505938782426484,0.4017506745353484,0.0110294117647058,0.0160098522167486,81.2,0.3826512980679004,83.05496666634176,81.55499999999975,80.05503333365775,0.8150070002238241,0.0367841742711546,70.27027027027033,57.56976488683844,81.68000000000029,81.72999999999993,103708423.0,101278031.8,-26.829268292682823,47.4576271186413,46.119253941712,77.175,74.85,,,,0.0,0.0,0.0,0.0,0.0,0.0,,0.0,0.0,0.1389,-0.0506,0.0,27.47,-0.05,0,False,0,False,False,True,True,0.7515526527967232,False,True,False,False,True,True,False,False,True,True,False,False,False,False,False,False,False,False,-10.0,-12.0,0.2424242424242458,25.0,0.1054087179805192,False,False,True,False,False,False,False,-1.0,False,8,False,False,556.7804311437335,,3,False,3,False,False,False,False,"ema60_gt_ema120, rsi_strong, market_above_ma60, avoid_chase, liquidity_ok, kd_golden_cross, obv_uptrend, above_ichimoku_cloud",,,242.5,90.0,86.7,40.0,-0.39,False,30,D
2026-09-11,6.87,6.87,6.8,6.81,253955,1729495,2007,燁興,,-0.0539191234799485,-0.0429449519859088,-0.0109741714940396,6.9737635189985125,7.119005807437343,7.295277216903888,37.06809294222231,9.575622118763112,0.1057029912346855,172796.6,1204412.5,7.1,6.87,-0.1217283421801288,-0.0956444737685392,-0.0271428571428572,-0.0087336244541484,6.87,1.3194559506160417,7.132068477097077,6.985999999999967,6.839931522902857,-0.1024571608388789,0.041817485570315,3.846153846153767,23.745819397993422,6.911999999999898,6.939999999999918,5867739.0,6585771.9,-96.77419354838716,-220.16036655211764,32.206524948844915,7.1975,7.525,,,,0.0,0.0,0.0,0.0,0.0,0.0,,0.0,0.0,0.0955,0.2451,0.0,0.85,0.02,0,False,0,False,False,False,False,1.4696759079750412,False,False,False,False,True,False,False,False,False,False,False,False,False,False,False,False,False,False,20.0,25.0,4.258443465491924,0.0,-0.8916089244495258,False,False,False,False,False,False,False,-1.0,False,2,False,False,158.99745198635608,,3,False,3,False,True,True,True,"market_above_ma60, avoid_chase",,"close_below_ema20, close_below_swing_low",-155.3,13.3,7.3,40.0,0.81,False,30,D
2026-09-11,30.6,30.6,30.5,30.55,8000,244300,2008,高興昌,,0.0131545836463793,0.0312781976102567,-0.0181236139638774,30.756459936611268,30.454404660111845,29.838925771831843,47.77978659406064,43.85553938207952,0.4886363039829666,19448.05,596140.7,31.4,30.5,0.0021708005665425,0.0146732955490172,-0.008116883116883,-0.008116883116883,30.8,0.2334251334951761,31.28385391258316,30.75000000000005,30.21614608741693,0.3126828376771449,0.0347222056964627,5.000000000000071,18.33333333333333,30.839999999999964,30.78000000000002,-2592146.0,-2595533.65,-94.99999999999991,-81.6921954777537,70.80669532295188,30.675,29.7,,,,0.0,0.0,0.0,0.0,0.0,0.0,,0.0,0.0,0.0369,-0.0326,0.0,7.86,0.02,0,False,0,False,False,True,True,0.4113522949601631,False,False,True,False,True,False,False,False,False,True,False,False,False,False,False,False,True,True,20.0,0.0,2.7823240589197966,8.0,0.038895719961648,False,False,False,False,False,False,False,-1.0,False,6,False,False,477.58027158914143,,5,False,3,False,True,False,True,"ema60_gt_ema120, market_above_ma60, avoid_chase, adx_trending, obv_uptrend, mfi_strong",,close_below_ema20,163.3,76.7,78.8,40.0,-0.96,False,30,D
2026-09-11,39.0,39.15,38.65,39.0,2623563,102052369,2009,第一銅,,0.1893945079105279,0.3947815251350757,-0.2053870172245477,39.92985302543357,39.51439377121485,39.84191506235938,45.923097758933146,26.426128310164103,1.4752612971307058,2927711.0,120503535.9,43.2,38.95,-0.0092992842223759,0.1057899224248978,-0.0101522842639593,-0.0310559006211179,40.25,1.375252610894922,42.6079333640953,40.24250000000002,37.87706663590474,0.2373631363157748,0.1175589669675234,10.144927536231917,32.194773825208664,39.86000000000022,39.935000000000215,196788793.0,207287714.65,-93.69369369369366,-91.08589951377591,64.01321237676981,38.025,40.125,,,,0.0,0.0,0.0,0.0,0.0,0.0,,0.0,0.0,0.2141,0.1265,0.0,2.9,-0.16,0,False,0,False,False,False,False,0.8961140631708526,False,False,True,False,True,True,False,False,False,False,False,False,False,False,False,False,True,False,20.0,0.0,10.769230769230775,0.0,-1.5763482257019232,False,False,False,False,False,False,False,-1.0,False,5,False,False,370.0449619232854,,3,False,3,False,True,False,True,"market_above_ma60, avoid_chase, liquidity_ok, adx_trending, mfi_strong",,close_below_ema20,55.8,60.0,60.4,40.0,-0.15,False,30,D
2026-09-11,22.1,22.2,22.0,22.05,874433,19296607,2010,春源,,0.0141645107813346,0.0932308412446889,-0.0790663304633543,22.444090463541983,22.500067925776555,22.57318013062098,42.23399008921484,16.768755105700265,0.3652168098556787,796308.25,17990558.65,22.95,22.3,-0.1337355848872014,-0.0190713684864872,-0.0221729490022173,-0.0156249999999998,22.4,0.4271966262884633,23.044281015036145,22.609999999999943,22.175718984963748,-0.1447438186461685,0.0384149504675983,6.666666666666761,35.25793650793639,22.339999999999964,22.43999999999996,16649255.0,17540556.8,-95.4545454545454,-199.99999999999952,28.273671350303573,21.6625,22.9,,,,0.0,0.0,0.0,0.0,0.0,0.0,,0.0,0.0,-0.0095,-0.0281,0.0,8.68,-0.09,0,False,0,False,False,False,False,1.098108678391816,False,False,False,False,True,False,False,False,False,False,False,False,False,False,False,False,False,False,20.0,25.0,4.081632653061218,0.0,-0.2583153907060043,False,False,False,False,False,False,False,-1.0,False,2,False,False,142.8813020954461,,3,False,3,False,True,True,True,"market_above_ma60, avoid_chase",,"close_below_ema20, close_below_swing_low",-171.4,10.0,5.0,40.0,0.19,False,30,D
2026-09-11,14.3,14.35,14.0,14.1,63412,896068,2012,春雨,,-0.2506597805074548,-0.2212581406862502,-0.0294016398212046,14.674219479231445,15.04266682608568,15.312824194943158,28.717464649453305,33.00822640629838,0.2701561862162965,56625.35,829953.25,15.2,14.35,-0.290949687814878,-0.1723634878111117,-0.0275862068965517,-0.0174216027874564,14.35,1.148202164244945,15.223450093129427,14.700000000000044,14.176549906870664,-0.0731205399286679,0.0712176997454939,13.333333333333286,26.86868686868729,14.400000000000182,14.480000000000109,913269.0,1093994.15,-88.88888888888893,-160.04993757802683,22.374174392506504,15.75,16.1,,,,0.0,0.0,0.0,0.0,0.0,0.0,,0.0,0.0,-0.0215,0.0386,0.0,1.47,0.02,0,False,0,False,False,False,False,1.1198517978255322,False,False,True,False,True,False,False,False,False,False,False,False,False,False,False,False,False,False,20.0,25.0,7.801418439716309,0.0,-0.3155843419714123,False,False,False,False,False,False,False,-1.0,False,3,False,False,242.4115058745984,,5,False,3,False,True,True,True,"market_above_ma60, avoid_chase, adx_trending",,"close_below_ema20, close_below_swing_low",-71.8,26.7,25.5,40.0,0.23,False,30,D
2026-09-11,41.5,41.85,41.45,41.45,78979,3282295,2013,中鋼構,,0.0913977555744836,0.1012391542332108,-0.0098413986587272,41.618512799256585,41.72051671713408,42.01739194190815,47.13532513425018,19.25626497234742,0.461036542549717,65610.05,2732531.05,42.1,41.45,0.0549207164639162,-0.0483886223021946,-0.0071856287425149,-0.0095579450418159,41.85,0.5035159726048725,42.232114853655176,41.64000000000024,41.047885146345294,0.3395581542774841,0.0284397143926483,12.500000000000222,46.56862745098018,41.73000000000029,41.695000000000256,885280.0,1018306.45,-88.23529411764692,-14.709548740964124,36.50527616228183,41.525000000000006,42.3,,,,0.0,0.0,0.0,0.0,0.0,0.0,,0.0,0.0,0.1108,0.188,0.0,7.04,0.01,0,False,0,False,False,False,False,1.2037637526567957,False,False,False,False,True,False,False,False,False,False,False,False,False,False,False,False,False,True,20.0,0.0,1.5681544028950507,15.0,-0.4811132834352088,False,False,False,True,False,False,False,-1.0,False,2,True,False,186.26427812534544,,3,False,3,True,True,False,True,"market_above_ma60, avoid_chase",long_upper_shadow,"macd_death_cross, close_below_ema20",-128.0,23.3,13.0,40.0,0.37,False,30,D
2026-09-11,16.75,16.8,16.6,16.65,3238938,54046011,2014,中鴻,,-0.0927426687727788,-0.061225256812,-0.0315174119607787,17.030292521835065,17.222651275022187,17.26806060659749,37.39686267155305,12.707693536489565,0.3067832763207659,1794239.05,30628178.05,17.5,16.9,-0.1048147213470683,-0.0511534349199129,-0.0205882352941176,-0.0147928994082839,16.9,0.8224072766517789,17.433917334923986,17.064999999999962,16.696082665075938,-0.062456627424989,0.043236722522593,7.692307692307271,23.39743589743557,16.91999999999989,16.954999999999927,260852427.0,265626736.15,-94.11764705882383,-190.24780175859289,19.82031428698805,17.1,18.025,,,,0.0,0.0,0.0,0.0,0.0,0.0,,0.0,0.0,0.1719,-0.3166,0.0,7.25,0.01,0,False,0,False,False,False,False,1.805187552907178,True,False,False,False,True,False,False,False,False,False,False,False,False,False,False,False,False,False,20.0,25.0,5.105105105105114,0.0,-0.7421884793894926,False,False,False,False,False,False,False,-1.0,False,3,False,False,244.14561377639788,,3,False,3,False,True,True,True,"volume_break, market_above_ma60, avoid_chase",,"close_below_ema20, close_below_swing_low",-70.1,30.0,25.7,40.0,1.37,False,30,D
2026-09-11,64.2,64.6,64.1,64.4,187687,12056103,2015,豐興,,0.175377572059034,0.1961098986033291,-0.020732326544295,64.47521055119529,63.93487654582984,63.74319887289315,50.24321613700037,9.71417480597968,0.907589591506621,164021.5,10534102.75,65.2,63.8,0.0741025501699498,0.1054488557623203,-0.007704160246533,-0.0046367851622873,64.7,0.6486768307859804,65.51836241734206,64.42000000000061,63.32163758265917,0.4908955369899581,0.0341000440031491,42.857142857143295,61.90476190476208,64.68000000000102,64.51000000000094,-1653002.0,-1613327.05,-68.42105263157859,11.1428183177076,58.2377480041779,64.52499999999999,63.9,,,,0.0,0.0,0.0,0.0,0.0,0.0,,0.0,0.0,0.0545,-0.0104,0.0,12.84,0.03,0,False,0,False,False,True,True,1.1442829141301598,False,False,False,False,True,False,False,False,False,False,False,False,False,False,False,False,True,True,0.0,0.0,1.242236024844716,15.0,-0.0262320772894696,False,False,False,False,False,False,False,-1.0,False,4,False,False,281.12804421382793,,3,False,3,True,True,False,True,"ema60_gt_ema120, market_above_ma60, avoid_chase, mfi_strong",,"macd_death_cross, close_below_ema20",-33.1,46.7,36.1,40.0,0.27,False,30,D
2026-09-11,8.81,8.87,8.7,8.77,515988,4523705,2017,官田鋼,,-0.0249166211776881,0.0156556036887223,-0.0405722248664104,8.991672870089438,9.023802326007733,9.072945239851816,42.02221414952048,22.596673801211374,0.2254033823877883,920897.05,8575405.25,9.45,8.85,-0.0699611912540214,-0.0405390978514186,-0.0415300546448088,-0.0090395480225988,8.85,0.2907197966818826,9.389794334349016,9.046500000000036,8.703205665651058,0.0972843529090125,0.0758955030893666,13.207547169811344,5.681755489352629,8.885999999999877,8.992999999999984,10196166.0,9957278.45,-94.39999999999998,-142.7371956339229,57.20353371504693,8.942499999999999,9.31,,,,0.0,0.0,0.0,0.0,0.0,0.0,,0.0,0.0,-0.2031,-0.2763,0.0,1.77,-0.03,0,False,0,False,False,False,False,0.5603101888533577,False,False,True,False,True,False,False,False,True,True,False,False,False,False,False,False,True,False,20.0,25.0,7.753705815279359,0.0,0.1184444960419849,False,False,False,False,False,False,False,-1.0,False,6,False,False,422.02443584103736,,5,False,3,False,True,True,True,"market_above_ma60, avoid_chase, adx_trending, kd_golden_cross, obv_uptrend, mfi_strong",,"close_below_ema20, close_below_swing_low",107.8,73.3,70.3,40.0,-0.71,False,30,D
2026-09-11,21.65,21.75,21.55,21.6,425719,9198492,2020,美亞,,0.0756309015759058,0.1047299238005767,-0.0290990222246709,21.699157607082533,21.665766314177155,22.020167877676645,48.20622918615799,20.89936011878889,0.2820910275835725,281771.2,6130616.35,21.95,21.65,0.0146261773816081,0.0210749213213938,-0.0114416475972539,-0.0046082949308754,21.7,0.7906090065124309,22.00958297094152,21.77000000000008,21.53041702905864,0.1452168546619618,0.0220103785890161,6.666666666666761,19.804639804639617,21.72999999999993,21.775,-9348989.0,-9143000.6,-93.33333333333324,-84.59696727853296,34.00598657395909,21.2375,21.325000000000003,,,,0.0,0.0,0.0,0.0,0.0,0.0,,0.0,0.0,-0.6227,-0.0884,0.0,2.02,0.07,0,False,0,False,False,False,False,1.5108676827156218,True,False,True,False,True,False,False,False,False,False,False,False,False,False,False,False,False,False,20.0,12.0,1.6203703703703605,15.0,-0.2890468015429103,False,False,True,True,False,False,False,-1.0,False,5,True,False,343.6401152086413,,5,False,3,False,True,True,True,"volume_break, market_above_ma60, avoid_chase, adx_trending, above_ichimoku_cloud",long_upper_shadow,"close_below_ema20, close_below_swing_low",29.4,56.7,53.5,40.0,0.88,False,30,D
2026-09-11,7.35,7.38,7.21,7.3,399192,2910316,2022,聚亨,,-0.0816125702449834,-0.0557398757857063,-0.0258726944592771,7.555242861831177,7.714785700710339,7.897062671424584,27.6451535508899,19.83776394372225,0.139790468193243,294301.8,2232674.0,7.77,7.44,-0.2210230062912392,-0.0830595110233849,-0.0331125827814569,-0.0188172043010753,7.44,0.6037015250226627,7.821246643363133,7.588500000000044,7.3557533566369555,-0.1197726330900925,0.0613419367103083,20.454545454545404,25.249554367201807,7.426000000000021,7.500000000000045,2237982.0,3740975.95,-84.74576271186443,-202.20082530949023,12.330494203744593,7.6975,7.845000000000001,,,,0.0,0.0,0.0,0.0,0.0,0.0,,0.0,0.0,0.1924,0.1613,0.0,1.98,-0.03,0,False,0,False,False,False,False,1.3564035286226588,False,False,False,False,True,False,False,False,False,False,False,False,False,False,False,False,False,False,10.0,25.0,6.438356164383559,0.0,-1.3015171791435618,False,False,False,False,False,False,False,-1.0,False,2,False,False,162.94582913650385,,3,False,3,False,True,True,True,"market_above_ma60, avoid_chase",,"close_below_ema20, close_below_swing_low",-151.3,16.7,7.9,40.0,0.62,False,30,D
2026-09-11,14.0,14.05,13.85,13.9,893275,12457255,2023,燁輝,,0.0439693644855356,0.0321840080337742,0.0117853564517613,13.8911703244953,13.862733474367309,13.991959560573084,50.87006186847364,25.888852265566538,0.2331574859969909,1013757.65,14090199.85,14.15,13.65,0.0358889694488514,0.0264536882579792,0.0036101083032491,-0.0141843971631204,14.1,1.2790610862731713,14.129723523306144,13.89249999999995,13.655276476693755,0.515807875828506,0.034151308016008,45.454545454545546,67.17171717171732,13.979999999999928,13.924999999999956,-41874334.0,-43097846.85,-49.99999999999985,45.83333333333184,55.26723926686339,13.849999999999998,13.925,,,,0.0,0.0,0.0,0.0,0.0,0.0,,0.0,0.0,0.1099,0.0766,0.0,4.1,0.11,0,False,0,False,False,True,False,0.8811524134984332,False,False,True,False,True,False,False,False,False,True,False,False,False,False,False,False,True,True,0.0,0.0,1.7985611510791366,15.0,0.4568824369563123,False,False,False,False,False,False,False,-1.0,False,5,False,False,419.29411337846005,,5,False,3,False,False,False,False,"market_above_ma60, avoid_chase, adx_trending, obv_uptrend, mfi_strong",,,105.0,70.0,69.4,40.0,-0.17,False,30,D
2026-09-11,0.0,0.0,0.0,0.0,47,619,2024,志聯,,-1.1541259764616978,-0.3043660883451605,-0.8497598881165372,12.076660214765058,13.127707477315244,13.671751002268968,4.853288332003743,18.45663166291048,1.153925997103605,12388.6,164187.35,13.6,13.15,,,-1.0,-1.0,13.15,0.5617657786203551,18.500598402053303,12.677500000000032,6.854401597946757,-0.5885527879393071,0.9186509015268404,0.0,16.666666666666668,10.579999999999927,11.929999999999971,-30770630.0,-30828353.25,-100.0,-666.6666666666664,14.840003410727874,13.725,13.95,,,,0.0,0.0,0.0,0.0,0.0,0.0,,0.0,0.0,0.2066,0.0186,0.0,0.65,0.01,0,False,1,False,False,False,False,0.003793810438629,False,False,False,False,True,False,False,False,False,True,False,False,False,False,False,False,False,False,20.0,25.0,999.0,0.0,1.994528042378672,False,False,False,False,False,False,False,-1.0,False,3,False,False,273.97227461293033,,3,False,3,False,True,True,True,"market_above_ma60, avoid_chase, obv_uptrend",,"close_below_ema20, close_below_swing_low",-40.3,40.0,33.7,40.0,-1.64,False,30,X
2026-09-11,12.45,12.45,12.2,12.3,239496,2939668,2025,千興,,-0.0187959391470151,0.0647355634379755,-0.0835315025849906,12.62802512145207,12.548605347394409,12.327313379207938,42.3426810927039,13.98519503448725,0.3793883562978014,457654.95,5865753.2,13.45,12.4,-0.157862955796457,-0.0406886728912845,-0.0314960629921259,-0.0080645161290322,12.4,0.5608247982373764,13.336847455814793,12.7625,12.188152544185208,0.0973691575390735,0.0900054778945804,13.333333333333522,17.222222222222626,12.450000000000092,12.605000000000064,10156183.0,10063190.55,-92.85714285714276,-136.84210526315735,28.6882254892993,12.45,13.525,,,,0.0,0.0,0.0,0.0,0.0,0.0,,0.0,0.0,2.0078,0.3191,0.0,1.65,-0.02,0,False,0,False,False,False,True,0.5233112850631245,False,False,False,False,True,False,False,False,False,True,False,False,False,False,False,False,False,False,20.0,25.0,9.349593495934949,0.0,0.0776111635512911,False,False,False,False,False,False,False,-1.0,False,4,False,False,316.16444681324674,,3,False,3,False,True,True,True,"ema60_gt_ema120, market_above_ma60, avoid_chase, obv_uptrend",,"close_below_ema20, close_below_swing_low",1.9,53.3,46.7,40.0,-0.77,False,30,D
2026-09-11,47.2,47.4,46.3,46.5,20851259,973773646,2027,大成鋼,,0.5340552970833983,1.0779776139599102,-0.5439223168765119,48.54406952326431,45.93469222509472,43.391338816368766,42.02949171543447,28.328452131295485,1.623693600110041,15930328.1,786624169.35,51.0,48.2,-0.2297458395844848,0.4608765259812774,-0.0737051792828685,-0.0352697095435685,48.2,1.2055206629394957,51.52444420001706,49.47250000000004,47.42055579998302,-0.2243130685462561,0.0829529213206131,4.444444444444508,18.87624554609526,48.35000000000037,49.03000000000011,1012145142.0,1062458154.2,-96.07843137254898,-257.0422535211286,26.422202065650296,43.525000000000006,42.575,,,,0.0,0.0,0.0,0.0,0.0,0.0,,0.0,0.0,0.4612,0.0597,0.0,25.1,-0.54,0,False,0,False,False,True,True,1.3089032987336902,False,False,True,False,True,True,False,False,False,False,False,False,False,False,False,False,False,False,20.0,25.0,9.67741935483871,0.0,-0.5011757118361796,False,False,True,False,False,False,False,-1.0,False,6,False,False,482.0749244453028,,3,False,3,False,True,True,True,"ema60_gt_ema120, market_above_ma60, avoid_chase, liquidity_ok, adx_trending, above_ichimoku_cloud",,"close_below_ema20, close_below_swing_low",167.8,80.0,79.7,40.0,0.54,False,30,D
2026-09-11,16.05,16.05,15.7,15.7,103062,1625938,2028,威致,,0.0203553225257113,0.0131189031154687,0.0072364194102426,15.74172177928001,15.947984975941754,16.41508831131454,48.76987770406951,12.929578759065734,0.249217013144933,80214.4,1265138.25,16.0,15.65,0.0374140569430509,-0.0626536887741968,-0.0031746031746032,-0.01875,16.0,1.9133771824169417,15.98664319133584,15.75,15.51335680866416,0.3943557181642259,0.0300499290585191,22.22222222222209,51.32275132275148,15.769999999999891,15.74999999999991,-5033672.0,-4988762.05,-77.77777777777791,55.00000000000324,49.496999405922764,15.5375,16.975,,,,0.0,0.0,0.0,0.0,0.0,0.0,,0.0,0.0,0.1283,-0.1425,0.0,0.85,0.02,0,False,0,False,False,False,False,1.2848316511748514,False,False,False,False,True,False,False,False,False,False,False,False,False,False,False,False,False,True,10.0,0.0,1.910828025477712,15.0,-0.191922765365837,False,False,False,False,False,False,False,-1.0,False,2,False,False,180.5452433273585,,3,False,3,False,True,False,True,"market_above_ma60, avoid_chase",,close_below_ema20,-133.7,20.0,11.9,40.0,0.5,False,30,D
2026-09-11,21.15,21.3,21.0,21.1,363703,7668373,2029,盛餘,,0.0417727685484052,0.1762216928557578,-0.1344489243073525,21.59671259402903,21.25679980116905,21.09218513626103,40.86150721730112,17.95388577568092,0.3716992665880578,407140.85,8899988.95,22.45,21.3,-0.1691401568140073,0.1188500601293376,-0.0321100917431191,-0.0208816705336426,21.55,1.0012394490150018,22.58705191073497,21.85499999999997,21.12294808926497,-0.0156738128324313,0.0669917099734617,8.695652173913178,18.507016333103213,21.370000000000072,21.614999999999963,-4780953.0,-3612845.55,-93.74999999999991,-164.78555304740388,14.971247879933998,20.3125,20.525,,,,0.0,0.0,0.0,0.0,0.0,0.0,,0.0,0.0,0.3025,-0.1738,0.0,67.93,0.22,0,False,0,False,False,False,True,0.8933100178967549,False,False,False,False,True,False,False,False,False,False,False,False,False,False,False,False,False,False,20.0,25.0,6.398104265402833,0.0,-0.96520229267516,False,False,True,True,False,False,False,-1.0,False,4,True,False,312.35067266686565,,3,False,3,False,True,True,True,"ema60_gt_ema120, market_above_ma60, avoid_chase, above_ichimoku_cloud",long_upper_shadow,"close_below_ema20, close_below_swing_low",-1.9,50.0,45.8,40.0,-0.15,False,30,D
2026-09-11,22.5,23.5,22.5,23.5,2375000,54971681,2030,彰源,,1.0140686550253903,1.0951358283035744,-0.081067173278184,22.55686119362993,20.470034975323188,18.96329121794425,65.26506833487247,43.26560125370143,0.8315079890588835,3049401.35,69340152.25,23.8,22.6,0.5561506347230055,0.5091495065268057,0.0021321961620468,-0.0063424947145876,23.65,0.835275644259576,24.603330874561685,22.76750000000002,20.931669125438354,0.6995009480856663,0.1612676731798979,66.66666666666667,75.65422565422523,23.5,23.234999999999943,53011288.0,54139574.5,-33.333333333333336,43.76141688507653,50.33571972894747,17.725,18.4,,,,0.0,0.0,0.0,0.0,0.0,0.0,,0.0,0.0,0.4119,0.0924,0.0,10.09,0.37,0,False,0,False,False,True,True,0.7788413945576563,False,True,True,False,True,True,False,False,False,False,False,False,False,False,False,False,True,True,0.0,0.0,1.276595744680854,15.0,-0.0619438342500485,False,False,True,False,False,False,False,-1.0,False,8,False,False,622.045087934576,,8,False,3,False,False,False,False,"ema60_gt_ema120, rsi_strong, market_above_ma60, avoid_chase, liquidity_ok, adx_trending, mfi_strong, above_ichimoku_cloud",,,307.8,96.7,91.4,40.0,-0.34,True,30,D
2026-09-11,43.65,44.05,43.6,43.95,506003,22182100,2031,新光鋼,,0.4585995958101847,0.825499795864492,-0.3669002000543072,44.60598529412228,42.78481655924598,41.52362849425384,47.64003111859053,23.491209316458733,1.0517707261808968,910266.65,41266317.6,46.55,44.3,-0.1332570488457144,0.367205064248763,-0.0222469410456062,-0.0112485939257592,44.45,0.4024664220285684,46.79369686142157,45.25000000000009,43.70630313857861,0.0789328745531645,0.0682296955324409,15.909090909091004,24.053030303030635,44.48000000000029,44.80500000000029,16809364.0,17481722.45,-89.5522388059701,-138.6172585349102,14.210951522418044,39.2625,40.575,,,,0.0,0.0,0.0,0.0,0.0,0.0,,0.0,0.0,0.3757,0.1267,0.0,10.23,-0.03,0,False,0,False,False,True,True,0.5558843664106556,False,False,True,False,True,False,False,False,False,False,False,False,False,False,False,False,False,False,20.0,25.0,5.915813424345835,0.0,-0.0643658828337103,False,False,True,False,False,False,False,-1.0,False,5,False,False,404.786453070102,,5,False,3,False,True,True,True,"ema60_gt_ema120, market_above_ma60, avoid_chase, adx_trending, above_ichimoku_cloud",,"close_below_ema20, close_below_swing_low",90.5,66.7,67.5,40.0,-0.72,False,30,D
2026-09-11,16.7,17.0,16.6,17.0,216285,3617781,2032,新鋼,,0.0849262780325332,0.1429478177670844,-0.0580215397345512,17.014861089956735,16.831033239466564,16.6212619442995,50.75279472752361,13.340933562805551,0.3955695850633574,296356.6,5067407.35,17.4,16.85,0.0329373461147617,0.0495462594886512,-0.0173410404624277,0.0089020771513352,16.85,0.4615703936137917,17.542249930506507,17.092500000000065,16.642750069493623,0.3971650758279104,0.0526254123746018,53.33333333333314,32.9292929292933,17.00000000000018,17.10500000000011,26882887.0,27115765.1,-55.55555555555564,-79.10750507099407,27.32406736321944,16.15,17.125,,,,0.0,0.0,0.0,0.0,0.0,0.0,,0.0,0.0,0.0095,-0.0615,0.0,3.64,-0.14,0,False,0,False,False,True,True,0.7298133397400295,False,False,False,False,True,False,False,False,True,False,False,False,False,False,False,False,False,False,0.0,0.0,2.35294117647058,8.0,-0.1160126456001025,False,False,False,False,False,False,False,-1.0,False,4,False,False,263.90598165019907,,3,False,3,False,True,False,True,"ema60_gt_ema120, market_above_ma60, avoid_chase, kd_golden_cross",,close_below_ema20,-50.4,36.7,31.0,40.0,-0.43,False,30,D
2026-09-11,29.5,29.5,27.7,28.4,1191652,33809882,2033,佳大,,2.232057103719832,2.08491000715373,0.1471470965661021,24.46055305178265,20.539294091751085,18.58301364372153,74.25767221500125,53.89661278281479,1.468023176551114,1492354.3,37273738.9,27.6,23.9,1.2992781409241008,1.049964050043528,0.0902111324376198,0.0289855072463767,27.6,0.7718659847145644,28.44996460022076,24.477499999999964,20.50503539977917,0.99371113335812,0.3245809090161001,81.96721311475407,83.57240437158482,26.889999999999965,26.059999999999945,27874845.0,20582613.2,-14.569536423841075,158.98068228524437,83.76881113231319,15.4875,15.725,,,,0.0,0.0,0.0,0.0,0.0,0.0,,0.0,0.0,-0.1648,0.1249,0.0,1.31,-0.35,0,False,0,False,False,True,True,0.7985047518541676,False,True,True,True,False,False,False,False,False,True,False,False,False,False,False,False,True,True,-20.0,-25.0,-2.8169014084506943,25.0,0.6702145086036893,False,False,True,False,True,False,False,-1.0,False,8,True,False,491.027621621786,,8,False,3,False,False,False,False,"ema60_gt_ema120, rsi_strong, breakout_20d, market_above_ma60, adx_trending, obv_uptrend, mfi_strong, above_ichimoku_cloud",open_high_close_low,,176.8,83.3,80.6,40.0,-0.31,False,30,C
2026-09-11,20.4,20.4,20.2,20.25,584277,11845004,2034,允強,,0.2016353712311733,0.2385229704034074,-0.0368875991722341,20.43377862100636,20.19441642799235,20.23454230423547,48.06677409037161,27.04740546895567,0.4361076420182755,1140922.35,23402097.25,21.1,20.45,0.1930339383793067,0.0244750755561645,-0.0402843601895734,-0.0097799511002444,20.45,0.6484694922512483,21.1294627491533,20.45500000000002,19.78053725084673,0.3480271888570748,0.0659460033393577,4.166666666666728,19.055555555555355,20.65999999999985,20.66999999999998,16078076.0,14332425.3,-88.46153846153855,-42.03821656051021,61.14459798909872,19.0625,19.6,,,,0.0,0.0,0.0,0.0,0.0,0.0,,0.0,0.0,0.4122,0.1057,0.0,5.63,0.32,0,False,0,False,False,True,False,0.51210934731886,False,False,True,False,True,False,False,False,False,True,False,False,False,False,False,False,True,False,20.0,0.0,4.197530864197538,0.0,0.4236894624973788,False,False,True,False,False,False,False,-1.0,False,6,False,False,495.2053670231571,,5,False,3,True,True,True,True,"market_above_ma60, avoid_chase, adx_trending, obv_uptrend, mfi_strong, above_ichimoku_cloud",,"macd_death_cross, close_below_ema20, close_below_swing_low",180.9,86.7,81.0,40.0,-0.79,False,30,D
2026-09-11,12.2,12.35,12.1,12.1,103108,1254460,2038,海光,,-0.1306643485317629,-0.0627055146717708,-0.067958833859992,12.580822647986542,12.912328932579284,13.40263096515996,34.19543483182247,18.75025544762894,0.2989796907186468,174780.6,2220995.15,13.0,12.25,-0.1815901697076957,-0.1279440074030824,-0.0509803921568627,-0.0122448979591837,12.25,0.5088470961835346,13.142749935930974,12.65500000000002,12.167250064069064,-0.0689390803718979,0.077084146334406,5.555555555555446,20.37037037037044,12.309999999999944,12.539999999999964,19331628.0,20020888.7,-95.45454545454557,-174.81481481481595,33.383746111015995,12.65,13.55,,,,0.0,0.0,0.0,0.0,0.0,0.0,,0.0,0.0,-0.0143,-0.0102,0.0,1.85,-0.01,0,False,0,False,False,False,False,0.5899281728063641,False,False,False,False,True,False,False,False,False,False,False,False,False,False,False,False,False,False,20.0,25.0,7.438016528925623,0.0,-0.5055390965576102,False,False,False,False,False,False,False,-1.0,False,2,False,False,134.83281256937232,,3,False,3,False,True,True,True,"market_above_ma60, avoid_chase",,"close_below_ema20, close_below_swing_low",-179.4,3.3,3.7,40.0,-0.66,False,30,D
2026-09-11,354.5,378.0,346.0,359.0,8746128,3165145022,2049,上銀,,3.455502471380157,3.739952512767098,-0.2844500413869406,356.8943526991688,345.49248218027617,324.3657113354289,51.67503194110974,16.4283051521809,21.246840298703376,4832090.15,1761657973.8,381.5,344.5,-0.0691044618618441,0.2024160158874296,-0.0110192837465564,-0.0110192837465564,363.0,0.7984338942789205,377.605333458979,358.15,338.694666541021,0.5218449095666292,0.1086434927208097,43.03797468354431,57.317879111382354,361.4,357.55,157979687.0,166521612.4,-45.91836734693877,11.91829423719517,53.06363512453198,331.25,352.5,,,,0.0,0.0,0.0,0.0,0.0,0.0,,0.0,0.0,0.3394,0.05,0.0,39.88,1.16,0,False,0,False,False,True,True,1.810009277248273,True,False,False,False,True,True,False,False,False,False,False,False,False,False,False,False,True,True,0.0,0.0,6.267409470752089,0.0,-1.1173359087717087,False,False,True,True,False,False,False,-1.0,False,7,True,False,499.6920618672223,,3,False,3,False,False,False,False,"ema60_gt_ema120, volume_break, market_above_ma60, avoid_chase, liquidity_ok, mfi_strong, above_ichimoku_cloud",long_upper_shadow,,185.3,83.0,81.1,24.5,0.57,False,53,D
2026-09-11,18.1,18.3,18.1,18.1,161586,2932496,2062,橋椿,,-0.0369161547299938,0.0646663319558922,-0.101582486685886,18.99969498934228,19.10144432227312,19.555436609731505,33.5582168236909,28.66989297766435,0.34720581512281,182247.7,3479548.55,19.55,18.3,-0.019913476134104,-0.001264010905935,-0.0670103092783503,-0.0109289617486338,18.3,2.666210814519097,19.81851201750532,19.08000000000002,18.341487982494723,-0.1634963120237846,0.0774121611640771,0.0,32.936507936507645,18.940000000000147,19.05500000000011,-4644147.0,-4845293.6,-100.0,-229.166666666668,58.6932421745725,18.7125,18.925,,,,0.0,0.0,0.0,0.0,0.0,0.0,,0.0,0.0,0.0717,-0.1211,0.0,7.1,-0.02,0,False,0,False,False,False,False,0.8866284732262738,False,False,True,False,True,False,False,False,False,True,False,False,False,False,False,False,True,False,20.0,25.0,8.011049723756901,0.0,0.4601131778919107,False,False,False,False,False,False,False,-1.0,False,5,False,False,414.3876428669657,,5,False,3,False,True,True,True,"market_above_ma60, avoid_chase, adx_trending, obv_uptrend, mfi_strong",,"close_below_ema20, close_below_swing_low",64.4,85.7,69.0,28.6,0.55,True,7,D
2026-09-11,30.25,30.6,30.25,30.25,869838,26410054,2101,南港,,-0.7110812191251021,-0.5418928476786836,-0.1691883714464185,31.689042571938167,32.545029347835374,33.259106678037135,32.63379015248896,19.18209138942334,0.7101339093204472,1628463.75,51785624.25,33.5,30.4,-0.4171303311142997,-0.0609535251247161,-0.0350877192982456,-0.0049342105263157,30.4,0.7430978208138286,33.78172403816542,31.84499999999989,29.908275961834367,0.0882221812275629,0.1216344191028754,0.0,5.40540540540557,30.65,31.029999999999927,-40452570.0,-34076470.55,-100.0,-126.508796148809,6.0112867775956005,33.1375,32.4,,,,0.0,0.0,0.0,0.0,0.0,0.0,,0.0,0.0,0.4309,-0.6452,0.0,6.42,-0.17,0,False,0,False,False,False,False,0.5341463695461444,False,False,False,False,True,True,False,False,False,False,False,False,False,False,False,False,False,False,20.0,25.0,10.743801652892564,0.0,-1.1532542656532705,False,False,False,False,False,False,False,-1.0,False,3,False,False,226.50241250762213,,3,False,3,False,True,True,True,"market_above_ma60, avoid_chase, liquidity_ok",,"close_below_ema20, close_below_swing_low",-83.5,27.3,19.9,54.5,-0.5,False,11,D
2026-09-11,23.3,25.2,23.3,24.65,3483002,85435990,2069,運錩,,0.9613409474187442,0.6895831658052782,0.271757781613466,21.47479956316261,20.15572649400836,19.44474188038517,77.28466211652079,42.01829832514346,0.8590892827417242,1017833.1,22804875.5,23.3,20.4,0.7774683314342236,0.3518887544654615,0.1738095238095236,0.0717391304347825,23.0,2.165011106956185,23.738883586590884,21.265000000000008,18.79111641340913,1.1841469862097824,0.2326718633050435,88.54166666666666,74.22933604336019,22.74999999999982,21.884999999999856,20921863.0,13922862.1,-11.458333333333346,225.76143671884512,76.46360515856261,18.5,19.025,,,,0.0,0.0,0.0,0.0,0.0,0.0,,0.0,0.0,-0.0384,-0.1347,0.0,3.99,0.28,0,False,0,False,False,True,True,3.4219775324657844,True,True,True,True,False,False,False,False,False,True,False,False,False,True,False,False,True,True,-20.0,-25.0,-5.476673427991878,25.0,2.0,False,False,True,False,False,False,False,-1.0,False,10,False,False,743.2197753246578,,8,False,3,False,False,False,False,"ema60_gt_ema120, volume_break, rsi_strong, breakout_20d, market_above_ma60, adx_trending, obv_uptrend, breakout_volume_confirm, mfi_strong, above_ichimoku_cloud",,,429.0,100.0,97.1,40.0,4.08,True,30,D
2026-09-11,17.8,17.95,17.7,17.95,92589,1650253,2102,泰豐,,-0.2447173587773505,-0.1785380780666933,-0.0661792807106572,18.30372437865095,18.564397347775824,18.770962985068333,35.72405370286637,20.853952216325222,0.3158258025939159,223667.25,4090185.7,18.9,17.7,-0.3003593846749703,-0.0176490724129275,-0.0164383561643836,0.0027932960893854,17.9,2.374751467167653,19.10917056986254,18.397499999999944,17.68582943013735,0.1855989140548935,0.0773660084101205,36.8421052631577,25.70556826849679,17.849999999999817,18.11999999999989,1412397.0,2296654.5,-70.8333333333335,-122.60536398467448,25.183125960676747,18.9375,18.675,,,,0.0,0.0,0.0,0.0,0.0,0.0,,0.0,0.0,0.0252,0.1671,0.0,3.93,0.14,0,False,0,False,False,False,False,0.4139586819259413,False,False,True,False,True,False,False,False,False,False,False,False,False,False,False,False,False,False,0.0,12.0,5.292479108635094,0.0,-0.8144836725886697,False,False,False,False,False,False,False,-1.0,False,3,False,False,201.3657827481954,,5,False,3,False,True,False,True,"market_above_ma60, avoid_chase, adx_trending",,close_below_ema20,-108.7,18.2,15.6,54.5,-0.83,False,11,D
2026-09-11,25.5,25.95,25.3,25.75,2539776,65054524,2103,台橡,,0.2727273438831723,0.751556959331392,-0.4788296154482196,26.895970235549324,25.05687533604332,22.992578805940248,44.54780428228674,30.951463737503435,1.0489847110502897,5552218.45,152851483.4,28.8,25.75,-0.3207120967263587,0.5136482290200552,-0.0884955752212389,-0.0038684719535784,25.85,0.6679679350145822,29.44213009949853,27.617500000000017,25.792869900501504,-0.0117475592760654,0.1321357906760939,10.843373493975893,17.670682730923847,26.25,27.29499999999998,168749365.0,187256835.8,-89.15662650602411,-185.55085409810297,29.885706585729352,22.800000000000004,23.125,,,,0.0,0.0,0.0,0.0,0.0,0.0,,0.0,0.0,0.3252,-0.0694,0.0,25.81,-0.38,0,False,0,False,False,True,True,0.4574344512687536,False,False,True,False,True,True,False,False,False,False,False,False,False,False,False,False,False,False,20.0,25.0,11.84466019417476,0.0,-0.5605521950718168,False,False,True,False,False,False,False,-1.0,False,6,False,False,472.84771817182576,,8,False,3,False,True,False,True,"ema60_gt_ema120, market_above_ma60, avoid_chase, liquidity_ok, adx_trending, above_ichimoku_cloud",,close_below_ema20,162.8,90.9,78.3,54.5,-0.71,True,11,D
2026-09-11,30.45,30.5,30.3,30.4,2957716,89925978,2105,正新,,-0.1875231908577213,-0.1439405027542135,-0.0435826881035077,30.895626992347594,31.246564449460045,31.551225998225306,41.51588092481826,6.726327200012343,0.5353271501393562,4061740.75,125591552.35,31.55,30.55,-0.1231888702680414,-0.0017381057216228,-0.0177705977382875,-0.0065359477124183,30.6,0.883312395155541,31.64867434396409,30.977500000000056,30.306325656036023,0.069783912932908,0.0433330219652348,11.76470588235272,33.08823529411772,30.620000000000072,30.775000000000183,-96312889.0,-85805738.7,-92.00000000000016,-137.83582882022063,17.866127159960044,31.4,32.175,,,,0.0,0.0,0.0,0.0,0.0,0.0,,0.0,0.0,0.124,0.0028,0.0,8.93,-0.17,0,False,0,False,False,False,False,0.728189262202419,False,False,False,False,True,True,False,False,False,False,False,False,False,False,False,False,False,False,20.0,25.0,3.782894736842112,0.0,-0.4094335003006322,False,False,False,False,False,False,False,-1.0,False,3,False,False,237.36869061841665,,3,False,3,False,True,True,True,"market_above_ma60, avoid_chase, liquidity_ok",,"close_below_ema20, close_below_swing_low",-72.7,36.4,22.8,54.5,0.04,False,11,D
2026-09-11,10.45,10.55,10.4,10.5,2010432,21060432,2104,國際中橡,,0.052823850519756,0.0352621821896708,0.0175616683300851,10.378516815924158,10.394451486070713,10.585884852599936,52.9963129049213,19.350788608943184,0.328176171723937,3319917.25,34637226.35,10.8,10.05,0.0125653835816079,-0.0138063189298898,0.0194174757281553,-0.0094339622641509,10.6,1.2877523197744996,10.765094815186728,10.402499999999986,10.039905184813245,0.6344475926245672,0.069713014215187,54.081632653061234,67.6870748299322,10.410000000000036,10.4,-11406397.0,-9327701.6,-45.918367346938766,43.51708256966973,49.066729472605246,10.224999999999998,10.55,,,,0.0,0.0,0.0,0.0,0.0,0.0,,0.0,0.0,-0.0309,0.7721,0.0,6.06,0.32,0,False,0,False,False,True,False,0.6055669008015184,False,False,False,False,True,False,False,False,False,False,False,False,False,False,False,False,False,True,0.0,0.0,2.857142857142864,8.0,-0.1664777479419378,False,False,False,False,False,False,False,-1.0,False,2,False,False,127.05793603271192,,3,False,3,False,False,False,False,"market_above_ma60, avoid_chase",,,-183.0,9.1,2.9,54.5,-0.3,False,11,D
2026-09-11,16.75,16.8,16.7,16.7,780713,13075827,2106,建大,,-0.2346022346165348,-0.1957683765329773,-0.0388338580835575,17.230556569093896,17.53637193823293,17.8936511407831,36.17047642794099,14.831090469759358,0.3464871868043164,2068996.75,35493929.3,17.65,16.85,-0.2008026072997012,-0.0207610558405112,-0.0346820809248555,-0.0089020771513353,16.85,0.2723351712694158,17.741919534031958,17.21999999999998,16.698080465968005,0.0018389175982413,0.060617832059463,0.0,14.285714285714372,16.9,17.09499999999998,-14287760.0,-18059431.45,-100.0,-164.26710544357704,57.3465035923296,18.137500000000003,17.75,,,,0.0,0.0,0.0,0.0,0.0,0.0,,0.0,0.0,0.2823,0.0411,0.0,7.5,-0.28,0,False,0,False,False,False,False,0.3773389204212138,False,False,False,False,True,False,False,False,False,True,False,False,False,False,False,False,True,False,20.0,25.0,5.688622754491014,0.0,1.0608531099574792,False,False,False,False,False,False,False,-1.0,False,4,False,False,336.5036265237019,,3,False,3,False,True,True,True,"market_above_ma60, avoid_chase, obv_uptrend, mfi_strong",,"close_below_ema20, close_below_swing_low",26.5,81.8,51.7,54.5,-0.94,True,11,D
2026-09-11,27.05,27.05,26.7,26.75,211838,5696469,2107,厚生,,0.2545765190369096,0.2749961676410378,-0.0204196486041282,26.605608136614244,26.141840244476665,25.80690922228754,56.31247258864844,26.24683872061268,0.3942104270328965,295434.4,7867896.6,27.05,26.5,0.1679892029622666,0.0839786577169298,-0.001865671641791,-0.011090573012939,27.05,0.911244079838334,27.422223976506142,26.65249999999992,25.88277602349369,0.5633343919223055,0.0577599832290577,50.0,68.75,26.789999999999964,26.829999999999927,3387639.0,2681418.55,-55.55555555555564,44.22514619882993,54.88565230851922,25.65,25.575000000000003,,,,0.0,0.0,0.0,0.0,0.0,0.0,,0.0,0.0,0.1825,-0.4034,0.0,6.71,0.1,0,False,0,False,False,True,True,0.7170390448776445,False,True,True,False,True,False,False,False,False,True,False,False,False,False,False,False,True,False,0.0,0.0,1.1214953271028063,15.0,0.5333817452655694,False,False,True,False,False,False,False,-1.0,False,8,False,False,603.5709713919633,,5,False,3,False,False,False,False,"ema60_gt_ema120, rsi_strong, market_above_ma60, avoid_chase, adx_trending, obv_uptrend, mfi_strong, above_ichimoku_cloud",,,293.5,100.0,90.0,54.5,0.01,True,11,D
2026-09-11,29.0,29.3,28.9,29.1,489135,14221785,2108,南帝,,0.0520127104588823,0.2557727453138497,-0.2037600348549673,29.56380273293997,28.985221866161226,28.053911158143595,46.57759155947982,24.400356736667835,0.8788805798916091,842317.7,25319012.85,31.4,29.0,-0.1156487877291976,0.1217118466055128,-0.0202020202020201,0.003448275862069,29.0,0.5367235146905243,31.18137784820283,29.86749999999997,28.553622151797114,0.2079256640753291,0.0879804368094322,8.333333333333334,11.666666666666666,29.15,29.68500000000004,20981281.0,21401050.25,-91.66666666666669,-97.8510744627678,39.05095601184419,27.8,29.4,,,,0.0,0.0,0.0,0.0,0.0,0.0,,0.0,0.0,0.3274,-0.0268,0.0,6.59,-0.14,0,False,0,False,False,True,True,0.580701319703955,False,False,True,False,True,False,False,False,False,False,False,False,False,False,False,False,False,False,20.0,0.0,7.903780068728512,0.0,-0.1678875154223486,False,False,False,False,False,False,False,-1.0,False,4,False,False,298.7923630119713,,3,False,3,False,True,False,True,"ema60_gt_ema120, market_above_ma60, avoid_chase, adx_trending",,close_below_ema20,-11.3,45.5,41.1,54.5,-0.37,False,11,D
2026-09-11,14.75,14.85,14.6,14.7,154542,2275922,2109,華豐,,0.0503742937918474,0.0637415493750605,-0.0133672555832131,14.770243646249224,14.660487265512073,14.676635105951028,47.25531641724336,10.945178650353643,0.1529395254018561,93010.0,1375082.9,14.95,14.75,0.0543364438414748,0.0230075422286754,-0.0067567567567567,-0.0033898305084746,14.75,0.5546501235476579,14.975567345765496,14.782500000000004,14.589432654234512,0.2863439835646442,0.0261210682584802,28.5714285714285,42.85714285714312,14.83999999999978,14.814999999999964,-945522.0,-898049.8,-71.4285714285715,-80.54342552159196,48.46875130190999,14.45,14.525,,,,0.0,0.0,0.0,0.0,0.0,0.0,,0.0,0.0,0.2439,0.3094,0.0,15.3,0.01,0,False,0,False,False,True,False,1.6615632727663692,True,False,False,False,True,False,False,False,False,False,False,False,False,False,False,False,False,True,10.0,0.0,1.7006802721088436,15.0,-0.1570821951241669,False,False,True,False,False,False,False,-1.0,False,4,False,False,324.7306463861737,,3,False,3,False,True,True,True,"volume_break, market_above_ma60, avoid_chase, above_ichimoku_cloud",,"close_below_ema20, close_below_swing_low",14.7,72.7,49.2,54.5,2.65,False,11,D
2026-09-11,89.4,89.5,88.6,89.2,26080,2326207,2114,鑫永銓,,0.2947989460251818,0.2807539244485638,0.014045021576618,89.06318820603194,88.87111928468521,89.02996857759067,52.7241464656459,21.490683957840226,0.8939444703385773,29985.65,2679963.8,90.0,88.8,0.0841735048345714,-0.0014501316860885,0.0045045045045044,0.0011223344556678,89.1,0.8516706501339407,90.21878569538292,89.01499999999979,87.81121430461664,0.5768409197375173,0.0270468054908307,42.85714285714296,50.79365079365076,89.57999999999956,89.3699999999997,214488.0,258143.4,-70.96774193548377,8.438818565402178,66.4461011672532,88.475,90.85,,,,0.0,0.0,0.0,0.0,0.0,0.0,,0.0,0.0,0.0817,0.0169,0.0,4.22,-0.06,0,False,0,False,False,True,False,0.8697493634455147,False,False,True,False,True,False,False,False,False,False,False,False,False,False,False,False,True,True,0.0,0.0,0.896860986547082,25.0,-0.3045640684203013,False,False,False,False,False,False,False,-1.0,False,4,False,False,310.04272481341155,,5,False,3,False,False,False,False,"market_above_ma60, avoid_chase, adx_trending, mfi_strong",,,0.0,54.5,45.2,54.5,0.44,False,11,D
2026-09-11,23.75,23.8,23.7,23.75,64456,1531098,2115,六暉-KY,,0.3515858749503522,0.422726639362084,-0.0711407644117318,23.65541386122339,22.818155746210792,22.657402558167,57.0492840924141,57.950029113603925,0.4449066266659874,73288.95,1756199.15,24.25,23.8,0.1320525000795404,0.3057488056357799,-0.0021008403361344,-0.0124740124740124,24.05,1.244970830991719,24.47527366796406,23.79000000000001,23.10472633203596,0.4708145797292563,0.0576102284963472,18.18181818181815,40.9090909090913,23.92000000000008,23.9,-1686223.0,-1748313.75,-81.81818181818184,-17.17815093611272,49.62426685071939,21.65,21.625,,,,0.0,0.0,0.0,0.0,0.0,0.0,,0.0,0.0,0.2975,0.0795,0.0,44.53,0.04,0,False,0,False,False,True,True,0.8794777384585262,False,True,True,False,True,False,False,False,False,True,False,False,False,False,False,False,False,True,20.0,0.0,2.1052631578947367,8.0,0.0985522684085586,False,False,True,False,False,False,False,-1.0,False,7,False,False,572.977404605488,,5,False,3,False,False,True,True,"ema60_gt_ema120, rsi_strong, market_above_ma60, avoid_chase, adx_trending, obv_uptrend, above_ichimoku_cloud",,close_below_swing_low,319.4,93.0,87.7,20.9,-0.06,False,43,D
2026-09-11,30.0,30.4,29.95,30.0,1673874,50387858,2201,裕隆,,0.6064357025538136,0.6442530411711666,-0.0378173386173529,29.855138547262342,28.889955027637967,28.89525926044454,54.13676362320398,24.82168397330334,0.7039188319395941,4523530.75,136988265.75,31.95,28.4,0.4492690325393658,0.1668494433862624,-0.0353697749196142,-0.0066225165562913,30.2,0.7282566292136015,32.014591685298846,29.78000000000002,27.54540831470119,0.5492259953904198,0.1500733166755423,9.090909090909062,40.74960127591718,30.390000000000143,30.765000000000143,-26492236.0,-24828834.0,-52.63157894736841,26.210826210825708,51.624811844031846,27.925,28.15,,,,0.0,0.0,0.0,0.0,0.0,0.0,,0.0,0.0,-0.0392,0.0039,0.0,4.7,-0.08,0,False,0,False,False,True,False,0.3700370556782442,False,False,True,False,True,True,False,False,False,False,False,False,False,False,False,False,True,False,20.0,0.0,6.499999999999997,0.0,-0.1773879018104462,False,False,True,False,False,False,False,-1.0,False,6,False,False,406.571715735057,,5,False,3,True,False,False,True,"market_above_ma60, avoid_chase, liquidity_ok, adx_trending, mfi_strong, above_ichimoku_cloud",,macd_death_cross,153.0,86.0,67.6,20.9,-0.82,False,43,D
2026-09-11,53.0,53.1,52.7,52.8,564058,29810788,2204,中華,,-0.0182051257250392,0.0972302703621739,-0.1154353960872131,53.53570673715864,53.85898745987362,54.52776369281159,43.50850621288506,13.12739528792629,0.8782418236544692,845351.9,45533787.6,55.1,53.1,-0.0181605374925441,-0.1085820954459414,-0.0240295748613679,-0.0056497175141243,53.1,0.3361966472903347,55.30598804778239,53.79999999999991,52.29401195221743,0.1679920529673582,0.0559846857911703,4.1666666666664325,9.325396825396334,53.23999999999978,53.78999999999978,-4748215.0,-3470901.5,-95.83333333333356,-95.57362240289018,41.76868272881212,53.1,54.1,,,,0.0,0.0,0.0,0.0,0.0,0.0,,0.0,0.0,0.1364,-0.0537,0.0,18.84,-0.1,0,False,0,False,False,False,False,0.6672463857950753,False,False,False,False,True,False,False,False,False,False,False,False,False,False,False,False,False,False,20.0,12.0,4.356060606060614,0.0,-0.3132650940781258,False,False,False,False,False,False,False,-1.0,False,2,False,False,164.91328272901325,,3,False,3,False,True,True,True,"market_above_ma60, avoid_chase",,"close_below_ema20, close_below_swing_low",-88.6,16.3,8.5,20.9,-0.38,False,43,D
2026-09-11,63.6,63.6,62.7,63.1,909814,57508169,2206,三陽工業,,0.2862275977248316,0.2810451635082138,0.0051824342166177,63.280836798323975,62.55237682737085,61.81062626592262,49.56918476550807,9.339477260711572,1.1211124496809686,582408.2,36790029.2,64.3,63.1,0.0625317217753145,0.0362993569594933,-0.0047318611987381,-0.0140624999999999,64.0,0.3273285116111213,64.54320075010006,63.36999999999989,62.19679924989973,0.3849301792652101,0.0370270080511334,45.454545454545546,75.75757575757598,63.68000000000029,63.45,16364625.0,16923745.3,-54.54545454545445,-8.857808857809735,37.35056349695765,63.15,62.85,,,,0.0,0.0,0.0,0.0,0.0,0.0,,0.0,0.0,-0.0594,0.0668,0.0,7.98,0.03,0,False,0,False,False,True,True,1.5621586371895178,True,False,False,False,True,False,False,False,False,False,False,False,False,False,False,False,False,True,0.0,0.0,1.901743264659264,15.0,-0.1735103849388606,False,False,False,False,False,False,False,-1.0,False,4,False,False,253.53946175262885,,3,False,3,False,True,False,True,"ema60_gt_ema120, volume_break, market_above_ma60, avoid_chase",,close_below_ema20,0.0,51.2,28.2,20.9,0.95,False,43,D
2026-09-11,521.0,531.0,521.0,530.0,157054,82641011,2207,和泰車,,6.142579227043143,5.975067409958557,0.1675118170845859,523.5589791764381,509.8460983015521,507.5448181478973,56.706546868232,22.291002105775963,11.863290344586687,230774.55,120149450.8,539.0,513.0,0.2305639773389303,0.2170622408716163,-0.0166975881261595,0.0037878787878788,528.0,0.578902874299026,540.3847763108503,522.0,503.6152236891498,0.7175713172881676,0.0704397559802691,58.13953488372093,56.58914728682188,532.4,527.0,9872995.0,10000329.45,-41.86046511627907,59.15538362347012,46.44942308234506,525.0,514.0,,,,0.0,0.0,0.0,0.0,0.0,0.0,,0.0,0.0,0.1589,0.0364,0.0,22.45,0.02,0,False,0,False,False,True,True,0.6805516466178788,False,True,True,False,True,True,False,False,True,False,False,False,False,False,False,False,False,True,0.0,0.0,1.69811320754717,15.0,-0.0614430941085082,False,False,True,False,False,False,False,-1.0,False,8,False,False,591.0681993368767,,5,False,3,False,False,False,False,"ema60_gt_ema120, rsi_strong, market_above_ma60, avoid_chase, liquidity_ok, adx_trending, kd_golden_cross, above_ichimoku_cloud",,,337.5,95.3,89.2,20.9,-0.36,True,43,D
2026-09-11,19.05,19.25,18.9,19.1,4230791,80619128,2208,台船,,-0.1110331574689347,-0.0925769397953951,-0.0184562176735395,19.04899299498676,19.21212470745222,19.48813118441062,50.14138704928731,21.322728958205985,0.4540714758104028,2602826.8,50107049.3,20.3,18.7,-0.1606502035642358,0.0103765982088516,0.0159574468085106,0.0213903743315508,18.7,0.4751726373380441,19.564238500127765,19.10500000000001,18.645761499872272,0.4945562055461096,0.0480752159254379,57.14285714285751,23.214285714285623,18.860000000000035,18.94500000000007,286949867.0,288383098.25,-67.99999999999983,-30.64516129032219,40.51222624302621,19.675,19.975,,,,0.0,0.0,0.0,0.0,0.0,0.0,,0.0,0.0,0.2017,0.0015,0.0,6.59,0.02,0,False,0,False,False,False,False,1.6254600575036342,True,False,True,False,True,True,False,False,True,False,False,False,False,False,False,False,False,False,0.0,0.0,6.282722513089,0.0,-0.095602104154779,False,False,False,True,False,False,False,-1.0,False,6,True,False,430.107375325179,,5,False,3,False,False,False,False,"volume_break, market_above_ma60, avoid_chase, liquidity_ok, adx_trending, kd_golden_cross",long_upper_shadow,,-82.8,39.3,71.8,57.1,0.86,False,28,D
2026-09-11,83.0,83.5,82.5,82.7,397512,32952246,2211,長榮鋼,,-0.98905870708532,-1.2755352885008282,0.2864765814155081,83.80445673147307,87.4154744282408,91.11797902350123,40.478723546874285,25.719845149542312,1.2090695234648416,465873.65,38547789.0,84.8,82.6,0.0557953619773298,-0.2991757397470045,-0.0036144578313253,-0.0095808383233532,83.5,0.2560182099530157,84.97189743304993,83.1,81.22810256695006,0.3931565392051797,0.045051683105895,17.647058823529363,58.82352941176456,83.28000000000029,83.12999999999957,-8264222.0,-8047508.2,-87.50000000000007,-12.820512820514264,28.72395400927413,89.55,91.55,,,,0.0,0.0,0.0,0.0,0.0,0.0,,0.0,0.0,0.383,-0.1086,0.0,3.83,0.01,0,False,0,False,False,False,False,0.8532613939423275,False,False,True,False,True,False,False,False,False,False,False,False,False,False,False,False,False,True,20.0,0.0,2.539298669891166,8.0,-0.047056925934376,False,False,False,False,False,False,False,-1.0,False,3,False,False,280.9679308282108,,5,False,3,False,True,False,True,"market_above_ma60, avoid_chase, adx_trending",,close_below_ema20,-33.3,43.3,35.9,40.0,-0.22,False,30,D
2026-09-11,47.0,47.1,46.9,47.1,39584,1860532,2227,裕日車,,-0.4828735582549015,-0.4459161853153852,-0.0369573729395162,48.06551383979184,49.028613415018505,50.14663402894311,36.45633225319921,18.075719341217983,0.70973662455372,35393.0,1687673.6,49.05,47.05,-0.1538026419127156,-0.0787405865719986,-0.011542497376705,0.0010626992561106,47.05,1.7029221310950122,49.186980215691726,48.07499999999991,46.963019784308095,0.0615929194417746,0.0462602273818748,14.285714285714503,27.377289377289344,47.659999999999854,47.689999999999785,-1501064.0,-1501171.2,-90.47619047619035,-148.59742228961295,32.38398662892031,49.85,49.8,,,,0.0,0.0,0.0,0.0,0.0,0.0,,0.0,0.0,0.025,-0.0066,0.0,40.47,0.02,0,False,0,False,False,False,False,1.118413245557031,False,False,False,False,True,False,False,False,False,True,False,False,False,False,False,False,False,False,20.0,25.0,4.140127388535023,0.0,0.0005899724557073,False,False,False,False,False,False,False,-1.0,False,3,False,False,241.1912121250388,,3,False,3,False,True,False,True,"market_above_ma60, avoid_chase, obv_uptrend",,close_below_ema20,-12.3,41.9,24.8,20.9,0.29,False,43,D
2026-09-11,75.6,75.6,74.6,74.7,53703,4028435,2228,劍麟,,-0.7319468959921949,-1.047222017621423,0.3152751216292282,75.38774351743669,78.61537766670698,82.8822684735518,43.37150628558011,19.7270644173331,1.4978635623036256,107411.8,8062508.05,77.8,73.8,-0.0978052454531307,-0.3160983482527392,0.0121951219512195,-0.0119047619047617,75.6,0.6678424110859971,77.35180107121437,75.12999999999992,72.90819892878548,0.4032316606623827,0.0591455096822692,37.50000000000006,62.5,75.34000000000015,74.92000000000007,-6042662.0,-5967492.85,-54.05405405405401,-11.42857142857289,47.2854951623474,79.975,82.75,,,,0.0,0.0,0.0,0.0,0.0,0.0,,0.0,0.0,-0.0054,0.0571,0.0,3.75,0.16,0,False,0,False,False,False,False,0.4999730011041617,False,False,False,False,True,False,False,False,False,False,False,False,False,False,False,False,False,True,0.0,0.0,4.149933065595708,0.0,-0.0933140410150588,False,False,False,False,False,False,False,-1.0,False,2,False,False,108.87996151886092,,3,False,3,False,True,False,True,"market_above_ma60, avoid_chase",,close_below_ema20,-144.7,2.3,1.4,20.9,-0.63,False,43,D
2026-09-11,89.7,90.7,89.2,89.3,162029,14522460,2231,為升,,-2.3831110079226647,-2.393956913118565,0.0108459051959002,92.34637766337605,97.36437807722837,99.92088948941816,40.03980919792303,8.914415830647489,3.1363330647996346,248520.45,23416526.45,102.0,89.2,-0.3878787094698437,-0.2664756944046625,-0.0143487858719646,-0.0055679287305122,89.8,0.2802096452414654,97.06132213346648,92.22000000000008,87.37867786653365,0.1984294868735234,0.1049950581970595,6.122448979591772,12.188875550219867,89.75999999999985,90.45999999999984,34601305.0,35144124.15,-96.47058823529414,-88.6370882691978,52.58859550483762,100.775,107.15,,,,0.0,0.0,0.0,0.0,0.0,0.0,,0.0,0.0,-0.1316,0.0662,0.0,3.93,0.0,0,False,0,True,True,False,False,0.6519745155780943,False,False,False,False,True,False,False,False,False,False,False,False,False,False,False,False,True,False,20.0,12.0,14.221724524076151,0.0,-0.1267138095446747,False,False,False,True,False,False,False,-1.0,False,5,True,False,311.99917944124485,,3,False,3,False,True,False,True,"macd_golden_cross, market_above_ma60, avoid_chase, hist_turn_positive, mfi_strong",long_upper_shadow,close_below_ema20,58.5,74.4,45.7,20.9,-0.4,False,43,D
2026-09-11,161.0,162.5,159.5,160.5,406868,65527365,2233,宇隆,,-10.930168077882882,-11.48503699500078,0.5548689171178989,174.60182409481635,204.7251724103121,223.22440749679703,35.18243197196065,29.6747867123856,8.655432592431564,815948.9,140533267.7,198.0,161.0,-0.8454656275698244,-0.8361353383470729,-0.0474777448071216,-0.0213414634146341,164.0,0.4108326808174223,193.0748544625825,173.75,154.42514553741745,0.1571772370742789,0.2224443679146192,5.714285714285714,20.0865800865807,164.0,167.15,18509981.0,21263607.45,-86.36363636363636,-112.56876851460032,32.71090798379575,211.875,283.0,,,,0.0,0.0,0.0,0.0,0.0,0.0,,0.0,0.0,-0.0012,-0.0097,0.0,8.66,0.45,0,False,0,False,False,False,False,0.4986439714545849,False,False,True,False,True,True,False,False,False,False,False,False,False,False,False,False,False,False,20.0,12.0,23.36448598130841,0.0,-0.3590358466500092,False,False,False,True,False,False,False,-1.0,False,4,True,False,292.6780095547457,,3,False,3,False,True,True,True,"market_above_ma60, avoid_chase, liquidity_ok, adx_trending",long_upper_shadow,"close_below_ema20, close_below_swing_low",39.1,69.8,39.0,20.9,-0.63,False,43,D
2026-09-11,125.0,129.0,121.5,123.0,349124,43427901,2236,百達-KY,,-3.1821791898372567,-4.471854875777955,1.289675685940698,124.40222430449796,132.00271567392244,131.1887365946163,44.98079146324464,27.834422028269685,5.881363954427708,285942.25,34903602.1,127.5,118.0,-0.0216016734669764,-0.5502329613376196,0.0123456790123457,-0.031496062992126,127.0,1.5484820108113015,126.31052881254269,122.15,117.98947118745734,0.6021504763333829,0.0681216342618528,45.45454545454545,54.54545454545465,122.8,121.95,-1244230.0,-1612105.95,-48.0,102.15903106898357,44.59784204258567,144.375,154.25,,,,0.0,0.0,0.0,0.0,0.0,0.0,,0.0,0.0,0.6474,0.3345,0.0,49.0,0.07,0,False,0,False,False,False,True,1.220959826678289,False,False,True,False,True,False,False,False,False,True,False,False,False,False,False,False,False,True,0.0,0.0,3.658536585365853,0.0,0.1954968337547294,False,False,False,False,False,False,False,-1.0,False,5,False,False,394.5555602718397,,3,False,3,False,True,False,True,"ema60_gt_ema120, market_above_ma60, avoid_chase, adx_trending, obv_uptrend",,close_below_ema20,141.0,81.4,66.1,20.9,0.44,False,43,D
2026-09-11,27.7,27.7,27.15,27.2,209792,5736745,2237,華德動能-創,,-1.0595217616630317,-1.3785179042803395,0.318996142617308,28.26630940108777,31.44145391918176,32.46840424956752,29.986447146586386,32.515234895461404,0.7074082197760888,181530.1,5019812.15,28.1,27.65,0.1017472889607302,-0.9059204992534868,-0.0180505415162455,-0.0162748643761301,27.65,0.3823874523872735,28.3461350607997,27.632499999999983,26.918864939200265,0.1969739690792988,0.0516518636243349,4.5454545454546045,29.01515151515135,27.690000000000147,27.75000000000018,4062014.0,3845348.25,-95.65217391304344,-59.19003115264885,53.77506818105327,35.275,37.375,,,,0.0,0.0,0.0,0.0,0.0,0.0,,0.0,0.0,0.7335,-0.1924,0.0,4.4,0.15,0,False,0,False,False,False,False,1.155687128470705,False,False,True,False,True,False,False,False,False,True,False,False,False,False,False,False,True,False,20.0,12.0,3.3088235294117725,8.0,0.3887844586525527,False,False,False,False,False,False,False,-1.0,False,5,False,False,431.2222847885377,,10,False,3,False,True,True,True,"market_above_ma60, avoid_chase, adx_trending, obv_uptrend, mfi_strong",,"close_below_ema20, close_below_swing_low",177.7,88.4,72.0,20.9,0.35,False,43,D
2026-09-11,19.6,19.6,19.05,19.25,53090,1022407,2239,英利-KY,,-0.0883427430804211,-0.0845847477431263,-0.0037579953372947,19.839454647564185,20.55190292374917,22.15888071035128,38.821592680253765,13.17341883545812,0.5500170459094395,33653.1,664575.15,20.35,19.75,0.0482407806585777,-0.2368174851748247,-0.0302267002518892,-0.0350877192982456,19.95,0.5697310055752248,20.44959002617004,19.83999999999992,19.2304099738298,0.0160681977469988,0.0614506074768266,15.38461538461532,32.74725274725279,19.789999999999782,19.84499999999998,-3969589.0,-3971689.45,-86.20689655172418,-144.27157001414324,39.17056637221047,20.35,22.125,,,,0.0,0.0,0.0,0.0,0.0,0.0,,0.0,0.0,-0.2061,0.0606,0.0,75.34,0.03,0,False,0,False,False,False,False,1.5775664054723042,True,False,False,False,True,False,False,False,False,True,False,False,False,False,False,False,False,False,20.0,25.0,5.7142857142857215,0.0,0.0053888246551252,False,False,False,False,False,False,False,-1.0,False,4,False,False,255.84032995058456,,3,False,3,True,True,True,True,"volume_break, market_above_ma60, avoid_chase, obv_uptrend",,"macd_death_cross, close_below_ema20, close_below_swing_low",2.3,53.5,28.6,20.9,0.97,False,43,D
2026-09-11,34.3,34.7,33.9,33.9,195134,6655911,2241,艾姆勒,,-0.1523860880240093,-0.2471359187500531,0.0947498307260438,34.385709920013824,35.35024899980706,35.18938150913545,46.56091664263212,13.014546780155204,1.3991023924867223,413392.1,14191413.3,35.5,34.05,0.2047166508890721,-0.6258995052851182,-0.0410183875530411,-0.0258620689655172,34.8,0.8468168275927931,36.06259404683046,34.23499999999994,32.40740595316942,0.4083494497640454,0.1067675797768671,21.42857142857145,36.30952380952355,34.3,34.425,54653248.0,54408726.25,-75.86206896551738,-8.895131086141376,52.12367705347443,36.6125,42.2,,,,0.0,0.0,0.0,0.0,0.0,0.0,,0.0,0.0,0.4206,-0.1695,0.0,8.15,0.04,0,False,0,False,False,False,True,0.472031274908253,False,False,False,False,True,False,False,False,False,True,False,False,False,False,False,False,True,False,10.0,0.0,4.719764011799414,0.0,0.0387719951094534,False,False,False,False,False,False,False,-1.0,False,5,False,False,350.185576690396,,3,False,3,False,True,True,True,"ema60_gt_ema120, market_above_ma60, avoid_chase, obv_uptrend, mfi_strong",,"close_below_ema20, close_below_swing_low",96.6,79.1,55.1,20.9,-0.67,False,43,D
2026-09-11,48.0,51.2,48.0,50.0,639765,32063103,2243,宏旭-KY,,1.3184461207931335,0.2749373650692633,1.0435087557238705,44.9224879508643,42.86708592954665,37.16790617222386,63.745264163696845,31.56487467211848,2.849047248170307,308504.1,13864625.8,49.95,41.35,1.2126926620214935,-0.5194905379366981,0.0869565217391303,0.0309278350515462,48.5,2.221119415746718,49.99100928699318,43.31499999999996,36.63899071300674,1.0006733598337207,0.3082539206738186,86.95652173913041,87.82904466134278,47.82999999999993,46.01499999999987,35436887.0,34882693.55,-10.000000000000025,156.44690333487006,74.22296260138585,49.475,44.975,,,,0.0,0.0,0.0,0.0,0.0,0.0,,0.0,0.0,-0.0857,-0.5239,0.0,27.21,-0.22,0,False,0,False,False,True,True,2.073764983998592,True,True,True,True,False,False,False,False,False,True,False,False,True,True,False,False,True,True,-20.0,-25.0,-0.0999999999999943,25.0,0.2033360442547047,False,False,True,False,False,False,False,-1.0,False,11,False,False,783.1776823710424,,8,False,3,False,False,False,False,"ema60_gt_ema120, volume_break, rsi_strong, breakout_20d, market_above_ma60, adx_trending, obv_uptrend, bb_squeeze_breakout, breakout_volume_confirm, mfi_strong, above_ichimoku_cloud",,,529.6,100.0,97.8,20.9,1.71,True,43,D
2026-09-11,227.0,230.0,227.0,230.0,17981,4113569,2247,汎德永業,,1.2804963075049045,1.0783935866000582,0.2021027209048462,229.5810402490559,228.7465711037812,234.2083245322179,52.291975669256566,17.591898215179253,3.54934951529754,29554.95,6731381.2,234.0,229.5,0.2372980510525322,-0.0426100675320311,-0.0064794816414687,0.0,230.0,0.7278488495826339,235.6267480380688,228.475,221.3232519619312,0.6066172907576176,0.0626042064827119,35.294117647058826,43.01470588235316,231.9,231.35,-4950778.0,-5056090.1,-47.82608695652174,22.38805970149275,60.79013923935242,230.5,225.25,,,,0.0,0.0,0.0,0.0,0.0,0.0,,0.0,0.0,-0.0136,0.0068,0.0,4.0,0.06,0,False,0,False,False,True,False,0.6083921644259253,False,False,False,False,True,False,False,False,False,True,False,False,False,False,False,False,True,True,0.0,0.0,1.7391304347826086,15.0,0.7481939363178828,False,False,False,False,False,False,False,-1.0,False,4,False,False,280.06224888007387,,3,False,3,False,False,False,False,"market_above_ma60, avoid_chase, obv_uptrend, mfi_strong",,,26.5,65.1,35.6,20.9,-0.46,False,43,D
2026-09-11,61.3,61.3,59.0,59.3,67465,4027821,2248,華勝-KY,,-0.066948082570164,0.3744257475991046,-0.4413738301692687,61.07132252637923,59.786639509227975,57.3299579541375,42.77909219182302,17.674645436753735,1.7936118354742523,87645.35,5447355.0,66.9,60.3,-0.2370523136296264,0.1556540884634956,-0.0357723577235772,-0.0165837479270315,60.3,0.1277119932010778,65.67221361903583,61.99499999999989,58.31778638096395,0.13355406032864,0.1186293610464052,7.894736842105194,8.692185007974937,60.119999999999344,61.04999999999982,2465881.0,2732829.3,-94.5454545454546,-101.64835164835132,11.986038789244006,61.325,61.9,,,,0.0,0.0,0.0,0.0,0.0,0.0,,0.0,0.0,0.5938,-0.2449,0.0,50.73,-0.06,0,False,0,False,False,False,True,0.7697499068689896,False,False,False,False,True,False,False,False,False,False,False,False,False,False,False,False,False,False,20.0,12.0,12.816188870151784,0.0,-0.5014375119741499,False,False,False,False,False,False,False,-1.0,False,3,False,False,223.6802489250001,,3,False,3,False,True,True,True,"ema60_gt_ema120, market_above_ma60, avoid_chase",,"close_below_ema20, close_below_swing_low",-29.9,34.9,19.2,20.9,-0.23,False,43,D
2026-09-11,57.3,57.3,55.8,55.8,43822,2458875,2250,IKKA-KY,,-1.2113755533458743,-0.857980375782584,-0.3533951775632903,58.24134986262254,60.315857128603504,62.99829324763319,33.45811288027146,17.967840844325362,1.488720624156265,56165.05,3339960.9,62.3,55.9,-0.496041523144078,-0.2151044271082267,-0.0312500000000001,-0.0017889087656529,55.9,0.7172223404516893,62.854768099901634,58.91999999999989,54.98523190009814,0.1035344497077477,0.1335630719586474,0.0,0.6802721088436859,56.28000000000029,57.20999999999985,-2399925.0,-2181941.45,-100.0,-117.79867641936625,30.3012841898871,62.12500000000001,65.8,,,,0.0,0.0,0.0,0.0,0.0,0.0,,0.0,0.0,-0.0114,0.096,0.0,6.34,0.18,0,False,0,False,False,False,False,0.7802361076861856,False,False,False,False,True,False,False,False,False,False,False,False,False,False,False,False,False,False,20.0,12.0,11.648745519713264,0.0,-0.2121613222936833,False,False,False,False,True,False,False,-1.0,False,2,True,False,127.25642520933766,,3,False,3,False,True,True,True,"market_above_ma60, avoid_chase",open_high_close_low,"close_below_ema20, close_below_swing_low",-126.3,7.0,3.0,20.9,-0.21,False,43,D
2026-09-11,65.6,66.0,64.9,65.8,834010,54733392,2254,巨鎧精密-創,,3.2063277436642608,2.6448171154648694,0.5615106281993913,60.31150107154117,57.87920738208626,59.16544295831716,54.02939695559979,7.029548219130598,7.404455305345036,644762.9,40793327.45,65.6,61.5,,,0.0595813204508854,0.0030487804878049,65.6,3.041352812769509,85.66618370027531,58.50499999999975,31.343816299724185,0.6342909072097296,0.9285081172643596,75.0,82.6719576719576,64.4199999999997,63.119999999999706,10875618.0,3162532.35,-14.705882352941185,80.38282963511551,78.70115671640211,31.425,35.45,,,,0.0,0.0,0.0,0.0,0.0,0.0,,0.0,0.0,-0.8933,-0.0757,0.0,24.0,0.1,0,False,0,False,False,True,False,1.2935142515178837,False,False,False,True,False,False,False,False,False,True,False,False,False,False,False,False,True,True,-10.0,0.0,-0.3039513677811593,25.0,2.0,False,False,True,False,False,False,False,-1.0,False,5,False,False,351.9351425151788,,3,False,3,False,False,False,False,"breakout_20d, market_above_ma60, obv_uptrend, mfi_strong, above_ichimoku_cloud",,,61.6,75.0,55.6,50.0,1.16,True,4,D
2026-09-11,30.5,30.9,30.1,30.55,439498,13347971,2258,鴻華先進-創,,-0.0970514094370109,-0.0842027347470646,-0.0128486746899462,31.21436856240849,31.35635961973412,31.998882065391832,44.21305376643663,10.19611599912025,0.8565712871318629,373193.0,11661885.05,32.15,30.1,-0.0941208793748436,-0.1189892795236586,0.0082508250825081,-0.0176848874598071,31.1,0.70580489392579,32.3266623437155,31.28249999999989,30.238337656284283,0.1492403674541068,0.0667569627565323,26.829268292683,56.09756097560967,31.359999999999854,31.079999999999927,-18224646.0,-18085608.25,-73.170731707317,-160.3118115573634,38.39916059101284,31.2,31.7,,,,0.0,0.0,0.0,0.0,0.0,0.0,,0.0,0.0,1.1329,0.3141,0.0,0.49,0.02,0,False,0,False,False,False,False,1.177669463253598,False,False,False,False,True,False,False,False,False,False,False,False,False,False,False,False,False,True,10.0,12.0,5.23731587561374,0.0,-0.1933548722576221,False,False,False,True,False,False,False,-1.0,False,2,True,False,176.4564361654445,,3,False,3,True,True,False,True,"market_above_ma60, avoid_chase",long_upper_shadow,"macd_death_cross, close_below_ema20",-77.1,25.6,10.7,20.9,0.38,False,43,D
2026-09-11,71.0,71.0,70.1,70.3,282334,19885883,2348,海悅,,-0.3759619583006781,-0.4718198644825712,0.0958579061818931,71.35458317809636,72.42411923776702,73.81292560503437,43.99592775367608,9.33821193601292,1.6307919411073464,303410.85,21559156.65,72.4,70.6,0.0466153918836412,-0.104719594500135,-0.0249653259361997,-0.0140252454417952,71.3,0.8845745937209097,72.66253009605167,71.10499999999975,69.54746990394783,0.2415780272752699,0.0438092988130771,15.99999999999966,41.333333333333336,71.18000000000029,71.14999999999964,-2516340.0,-2593415.85,-84.00000000000034,-64.28571428571647,52.466045681346976,73.675,74.55,,,,0.0,0.0,0.0,0.0,0.0,0.0,,0.0,0.0,9.8224,0.3867,0.0,2.24,0.12,0,False,0,False,False,False,False,0.9305336312132544,False,False,False,False,True,False,False,False,False,True,False,False,False,False,False,False,True,True,20.0,0.0,2.987197724039841,8.0,0.0771103217655878,False,False,False,False,False,False,False,-1.0,False,4,False,False,328.2306601733196,,3,False,3,False,True,True,True,"market_above_ma60, avoid_chase, obv_uptrend, mfi_strong",,"close_below_ema20, close_below_swing_low",22.5,66.7,49.8,21.2,0.01,False,33,D
2026-09-11,27.5,27.7,27.3,27.45,4457513,122315828,2371,大同,,0.3078913092319837,0.3957609590282265,-0.0878696497962428,27.654511234162204,27.606618310555326,28.84900943860709,49.42468723908263,21.86263170566027,0.783208500631534,9292139.1,260423482.2,29.2,27.6,0.1367419376061948,0.038968713497325,-0.0248667850799289,-0.014362657091562,27.85,0.2982000790176135,28.93160432391597,27.840000000000053,26.748395676084137,0.3213638442723434,0.0784198508560283,8.108108108108041,23.723723723724103,27.859999999999854,27.99499999999989,431477477.0,433125732.85,-87.50000000000007,-52.75142314990512,52.80307683182408,25.3375,28.05,,,,0.0,0.0,0.0,0.0,0.0,0.0,,0.0,0.0,-0.1415,-0.3051,0.0,6.38,0.11,0,False,0,False,False,False,False,0.4797079501317409,False,False,True,False,True,True,False,False,False,False,False,False,False,False,False,False,True,False,20.0,0.0,6.375227686703097,0.0,-0.0638403087253763,False,False,False,True,False,False,False,-1.0,False,5,True,False,299.0309957966129,,5,False,3,False,True,True,True,"market_above_ma60, avoid_chase, liquidity_ok, adx_trending, mfi_strong",long_upper_shadow,"close_below_ema20, close_below_swing_low",-15.3,41.5,41.3,24.5,-0.68,False,53,D
