date,open,high,low,close,volume,amount,stock_id,name,industry_category,macd,macd_signal,macd_hist,ema20,ema60,ema120,rsi14,adx14,atr14,volume_ma20,amount_ma20,close_20d_high,close_10d_low,lr_slope_20,lr_slope_60,return_5d,day_return,prev_close,prev_volume_ratio,bb_upper,bb_mid,bb_lower,bb_pct_b,bb_bandwidth,stoch_k,stoch_d,sma5,sma10,obv,obv_ma,williams_r,cci20,mfi14,ichi_senkou_a,ichi_senkou_b,market_ma60,market_above_ma60,market_return_5d,foreign_net,foreign_buy_streak,invest_trust_net,invest_trust_streak,dealer_net,dealer_buy_streak,relative_strength_5d,margin_change_5d,short_ratio,revenue_yoy,revenue_mom,revenue_3m_yoy,foreign_holding_pct,foreign_holding_chg5d,insider_net_30d,has_buyback,limit_down_streak,macd_golden_cross,hist_turn_positive,above_ema60,ema60_gt_ema120,volume_ratio,volume_break,rsi_strong,adx_trending,breakout_20d,avoid_chase,liquidity_ok,foreign_buy_3d,stronger_than_market,kd_golden_cross,obv_uptrend,invest_trust_buy_2d,dealer_buy_3d,bb_squeeze_breakout,breakout_volume_confirm,williams_r_recovery,cci_momentum,mfi_strong,ma5_above_ma10,kd_level_score,bb_level_signal,gap_to_20d_high_pct,breakout_proximity_score,obv_strength,foreign_buy_accel,invest_trust_accel,above_ichimoku_cloud,long_upper_shadow,open_high_close_low,gap_chase_after_blowout,earnings_blocked,f_score,f_score_low,condition_count,skip_trade,entry_signal,entry_score,momentum_score,expected_hold_days,momentum_decay_signal,estimated_sl_days,macd_death_cross,close_below_ema20,close_below_swing_low,base_exit_signal,entry_reason,skip_reason,base_exit_reason,sector_rs,sector_rs_rank,market_rs_rank,sector_breadth_60,sector_vol_zscore,is_sector_leader,sector_stock_count,grade
2026-09-07,93.3,95.1,92.2,95.1,191038,17982420,6854,錼創科技-KY創,,-1.4002172526365513,-2.4513163022798587,1.0510990496433077,94.15741689256508,105.00486528051516,117.46292319704052,49.48456564833469,18.7979303997012,4.913062818438431,218341.0,20522548.85,99.5,89.5,0.1164207590335078,-0.6920264931565253,0.0203862660944205,0.0247844827586205,92.8,1.406490578488159,97.58463523611772,92.8899999999998,88.19536476388184,0.7353750492687569,0.1010794538942395,49.03225806451609,38.92473118279546,95.21999999999971,93.60999999999912,-4114117.0,-4928033.75,-50.96774193548391,39.93282328792609,59.01389143982852,99.25,130.5,,,,0.0,0.0,0.0,0.0,0.0,0.0,,0.0,0.0,-0.4674,0.1647,0.0,31.16,-0.38,0,False,0,False,False,False,False,0.874952482584581,False,False,False,False,True,False,False,False,True,True,False,False,False,False,False,False,True,True,0.0,0.0,4.626708727655106,0.0,0.3028168283918043,False,False,False,False,False,False,False,-1.0,False,5,False,False,312.38332676654744,,3,True,3,False,False,False,False,"market_above_ma60, avoid_chase, kd_golden_cross, obv_uptrend, mfi_strong",,,-50.8,39.0,40.0,40.7,-0.14,False,246,D
2026-09-07,142.0,142.5,140.0,140.5,111654,15763676,6862,三集瑞-KY,,-2.6758479228712133,-3.776725239991062,1.1008773171198487,141.1463149050424,153.91052732763464,163.54192501673123,45.97536985384463,13.289341523895944,6.735773393042506,161572.75,23121485.1,149.0,137.0,-0.1677217793361965,-0.7958806787631716,0.007168458781362,0.0035714285714285,140.0,1.2651632128109984,147.29270049942812,140.575,133.85729950057186,0.4944177326745682,0.0955746114092567,41.935483870967744,42.54992319508468,140.0,140.1,8937265.0,8318609.0,-48.648648648648646,-6.4102564102566415,47.96999904852133,149.875,181.75,,,,0.0,0.0,0.0,0.0,0.0,0.0,,0.0,0.0,0.2786,0.1404,0.0,64.77,-0.02,0,False,0,False,False,False,False,0.6910447460973462,False,False,False,False,True,False,False,False,False,True,False,False,False,False,False,False,False,False,0.0,0.0,6.049822064056939,0.0,0.2038729571970998,False,False,False,False,False,False,False,-1.0,False,3,False,False,214.35692294733863,,3,False,3,False,True,False,True,"market_above_ma60, avoid_chase, obv_uptrend",,close_below_ema20,-161.0,10.4,16.0,42.0,-0.33,False,193,D
2026-09-07,105.0,105.0,103.0,103.5,61309,6351707,6863,永道-KY,,-2.61055510414252,-1.4425010345571156,-1.1680540695854045,110.09416580908442,109.72517570021957,109.16505210875766,35.99301510520988,16.378490412878268,3.99245959919952,176274.85,20046235.7,132.5,104.0,-0.491097165801335,0.3975722509247039,-0.0504587155963303,-0.0095693779904306,104.5,0.4657062153519374,118.55634034421584,110.125,101.69365965578416,0.1071205923655444,0.1531230936520468,5.0,6.666666666666667,105.6,107.85,-245394.0,-67877.7,-96.0,-133.2345191040845,46.44301406576414,114.5,111.75,,,,0.0,0.0,0.0,0.0,0.0,0.0,,0.0,0.0,1.1616,-0.0144,0.0,69.72,-0.16,0,False,0,False,False,False,True,0.3478034444505271,False,False,False,False,True,False,False,False,False,False,False,False,False,False,False,False,False,False,20.0,12.0,28.019323671497588,0.0,-0.0832766961884769,False,False,False,False,False,False,False,-1.0,False,3,False,False,224.4787140902436,,3,False,3,False,True,True,True,"ema60_gt_ema120, market_above_ma60, avoid_chase",,"close_below_ema20, close_below_swing_low",-138.7,16.3,18.4,40.7,-0.98,False,246,D
2026-09-07,65.3,65.3,64.6,65.0,208721,13563130,6869,雲豹能源,,-0.7821403911084133,-0.672361272786541,-0.1097791183218722,66.70554441407648,70.49823201911464,78.0219815768381,43.12153710258196,13.144534161758214,2.0289202267379074,436777.55,29145031.85,70.2,64.5,-0.0424395344016785,-0.2633468872511054,-0.0240240240240239,0.0077519379844961,64.5,0.6859658622760422,69.67524508828149,66.61499999999924,63.554754911717,0.2361322453905542,0.0918785585313301,10.638297872340418,3.546099290779845,65.81999999999971,66.71999999999935,-13451713.0,-13300944.9,-90.9090909090909,-111.57872018992192,35.60717319069923,67.875,76.9,,,,0.0,0.0,0.0,0.0,0.0,0.0,,0.0,0.0,-0.2198,-0.2277,0.0,2.84,-0.19,0,False,0,False,False,False,False,0.4778656778490561,False,False,False,False,True,False,False,False,True,False,False,False,False,False,False,False,False,False,20.0,0.0,8.000000000000004,0.0,-0.1402384577735849,False,False,False,False,False,False,False,-1.0,False,3,False,False,163.09579528520754,,3,False,3,False,True,False,True,"market_above_ma60, avoid_chase, kd_golden_cross",,close_below_ema20,-132.7,25.9,7.6,22.2,-0.82,False,27,D
2026-09-07,68.5,68.7,68.1,68.6,110959,7591503,6873,泓德能源,,-2.577348757352468,-2.969348113865694,0.3919993565132262,70.67776129583436,77.1978655613307,85.60529491876329,37.18581080979979,23.790096675296027,2.353254206413588,479483.7,33559148.3,79.0,68.1,-0.2627192132148819,-0.4040037127394351,-0.0057971014492754,0.0073421439060206,68.1,0.4122985321129628,73.41972726305858,69.56999999999971,65.72027273694084,0.3740170492975411,0.1106720501094978,31.914893617021256,38.15152538556746,68.53999999999942,68.9199999999997,-47467134.0,-46879509.7,-50.79365079365086,-53.07774227902004,40.96351523785911,83.25,89.25,,,,0.0,0.0,0.0,0.0,0.0,0.0,,0.0,0.0,-0.0865,-0.7045,0.0,6.68,-0.17,0,False,0,False,False,False,False,0.2314134974765565,False,False,True,False,True,False,False,False,False,False,False,False,False,False,False,False,False,False,0.0,0.0,15.160349854227414,0.0,-0.3138558977171637,False,False,False,False,False,False,False,-1.0,False,3,False,False,173.54786420215962,,3,False,3,False,True,False,True,"market_above_ma60, avoid_chase, adx_trending",,close_below_ema20,-122.3,29.6,8.7,22.2,-1.25,False,27,X
2026-09-07,37.95,37.95,36.8,37.95,15000,561450,6887,寶綠特-KY,,0.3254622045138546,0.2848366263191293,0.0406255781947252,37.329415478395504,37.14802707632897,39.84840078499155,53.61495699011648,28.07031693373961,1.7285132426723453,35707.15,1336537.35,39.45,36.55,0.3117003475759647,0.1260378933541002,0.0383036935704514,-0.0026281208935609,38.05,0.4156025268190911,39.092148845606495,37.09000000000015,35.0878511543938,0.7147692470235416,0.1079616524996679,32.40740740740742,29.98084291187721,37.62000000000008,37.79000000000015,-2497535.0,-2597858.65,-62.93103448275856,37.498210963217424,65.73771458283235,36.9875,20.425,,,,0.0,0.0,0.0,0.0,0.0,0.0,,0.0,0.0,0.3555,-0.6327,0.0,53.34,0.03,0,False,0,False,False,True,False,0.4200839327697674,False,False,True,False,True,False,False,False,False,True,False,False,False,False,False,False,True,False,0.0,0.0,3.9525691699604737,0.0,0.211750817891613,False,False,True,False,False,False,False,-1.0,False,6,False,False,461.741849142397,,3,False,3,False,False,False,False,"market_above_ma60, avoid_chase, adx_trending, obv_uptrend, mfi_strong, above_ichimoku_cloud",,,165.9,88.9,71.1,22.2,-0.92,False,27,D
2026-09-07,40.35,40.4,40.05,40.1,150095,6033193,6909,創控,,-0.7389814422603251,-0.9829663595846118,0.2439849173242866,40.8691209429139,44.03910275683728,45.829223432996905,43.3892384324745,16.024468792375547,1.463068269195477,173774.9,7063348.75,41.9,39.6,-0.0298093775471029,-0.6363673237943174,-0.0171568627450979,-0.0147420147420147,40.7,0.7986899442116073,41.939055889850174,40.572499999999856,39.20594411014954,0.3271201333552451,0.0673636522201157,18.96551724137942,29.178981937602657,40.490000000000144,40.68999999999996,25057584.0,25351231.0,-63.5135135135135,-52.332195676905776,49.57593330053558,44.75,50.55,,,,0.0,0.0,0.0,0.0,0.0,0.0,,0.0,0.0,-0.1281,0.2677,0.0,9.27,0.16,0,False,0,False,False,False,False,0.8637323341863526,False,False,False,False,True,False,False,False,False,False,False,False,False,False,False,False,False,False,20.0,0.0,4.488778054862835,0.0,-0.043603708193374,False,False,False,False,False,False,False,-1.0,False,2,False,False,88.11407884354303,,3,False,3,False,True,False,True,"market_above_ma60, avoid_chase",,close_below_ema20,-275.1,0.8,0.5,40.7,-0.16,False,246,D
2026-09-07,30.1,30.45,30.1,30.1,20365,613847,6908,宏碁遊戲-創,,-1.0823099514296608,-1.181507080646723,0.0991971292170621,31.141065900976063,34.32634071590818,38.63326056273218,32.045857216226324,31.139499563331,0.7765923586057031,16417.1,505829.65,33.7,30.0,-0.5587600135598845,-0.5005038523296703,-0.0049586776859503,0.0,30.1,2.1755385765761885,33.49831038805456,31.12250000000004,28.74668961194552,0.2848102682896905,0.1526747779294414,8.333333333333456,8.33333333333394,30.17999999999993,30.339999999999964,-1245682.0,-1215831.45,-91.66666666666654,-59.67147167281247,59.80104343981726,34.8875,36.85,,,,0.0,0.0,0.0,0.0,0.0,0.0,,0.0,0.0,0.0199,0.174,0.0,0.72,0.01,0,False,0,False,False,False,False,1.2404748707140727,False,False,True,False,True,False,False,False,False,False,False,False,False,False,False,False,True,False,20.0,0.0,11.960132890365454,0.0,-0.2804227966835397,False,False,False,False,False,False,False,-1.0,False,4,False,False,309.03967514693824,,10,False,3,False,True,False,True,"market_above_ma60, avoid_chase, adx_trending, mfi_strong",,close_below_ema20,25.0,60.6,39.0,24.2,1.88,False,33,D
2026-09-07,64.0,65.0,64.0,64.0,38100,2456789,6921,嘉雨思-創,,-0.6105345134828895,-0.096323469484189,-0.5142110439987004,65.67568902696661,67.54922875030087,69.50250935214626,43.8561699724815,19.89778065530973,2.205719563887543,25053.0,1719688.35,75.3,63.6,-0.4290243771750905,-0.1030849224173392,-0.0077519379844961,0.0062893081761006,63.6,0.1219127054822252,73.34594437365874,67.04499999999999,60.74405562634124,0.2583695538775356,0.1879616488525244,46.03174603174598,35.15048304521982,63.94000000000015,65.10999999999986,-1065286.0,-1078309.55,-69.4736842105263,-66.93406336877364,45.482585217567774,63.125,67.45,,,,0.0,0.0,0.0,0.0,0.0,0.0,,0.0,0.0,0.3437,0.996,0.0,29.57,0.01,0,False,0,False,False,False,False,1.520775954975452,True,False,False,False,True,False,False,False,False,True,False,False,False,False,False,False,False,False,0.0,0.0,17.656249999999996,0.0,0.1160386292788924,False,False,False,False,False,False,False,-1.0,False,4,False,False,281.6002231011013,,3,False,3,False,True,False,True,"volume_break, market_above_ma60, avoid_chase, obv_uptrend",,close_below_ema20,-81.6,28.0,31.2,40.7,0.88,False,246,D
2026-09-07,19.2,19.2,18.55,18.55,13229,248845,6916,華凌,,-0.1070912461592143,-0.1462255034723246,0.0391342573131102,18.60077028500293,18.89855536711743,18.91593719357207,47.97067560803369,9.03672004476858,0.4976218335264519,18866.4,351809.3,19.0,18.2,-0.0899529994772013,-0.2845469608814916,0.0136612021857922,-0.0080213903743314,18.7,0.8810027689632582,19.006522961798268,18.620000000000022,18.233477038201784,0.4094491053334059,0.041516966895622,35.00000000000014,47.22222222222202,18.57000000000007,18.495000000000072,3751747.0,3744945.3,-64.99999999999986,56.010928961747815,51.2836927472132,18.9,20.175,,,,0.0,0.0,0.0,0.0,0.0,0.0,,0.0,0.0,0.4722,0.1711,0.0,0.67,0.02,0,False,0,False,False,False,False,0.7011936564474409,False,False,False,False,True,False,False,False,False,True,False,False,False,False,False,False,True,True,0.0,0.0,2.425876010781668,8.0,0.0198279243579788,False,False,False,False,True,False,False,-1.0,False,4,True,False,305.2498716567701,,3,False,3,False,True,False,True,"market_above_ma60, avoid_chase, obv_uptrend, mfi_strong",open_high_close_low,close_below_ema20,-57.9,36.2,37.7,40.7,-0.42,False,246,D
2026-09-07,76.5,76.7,75.5,76.6,33780,2577091,6923,中台,,-0.1546655358467035,-0.1064844225353637,-0.0481811133113398,76.26473159824161,77.1713947243283,80.09436462338508,51.32344062792699,8.331829833028447,1.5545602266690084,46175.05,3526564.05,77.4,75.3,-0.0144014565203931,-0.0320501842417287,-0.0039011703511054,0.0172642762284196,75.3,0.3333911923511063,77.80715594232096,76.34500000000044,74.88284405767992,0.5872000012511853,0.038303908371747,71.87499999999984,41.78240740740754,75.74000000000015,76.30000000000072,-9168511.0,-9145518.3,-32.352941176470786,8.53517877739341,49.88910996627492,76.65,77.1,,,,0.0,0.0,0.0,0.0,0.0,0.0,,0.0,0.0,0.1485,-0.1711,0.0,1.25,-0.05,0,False,0,False,False,False,False,0.7315639073482324,False,False,False,False,True,False,False,False,False,False,False,False,False,False,False,False,False,False,-10.0,0.0,1.0443864229765163,15.0,-0.1344774981861606,False,False,False,False,False,False,False,-1.0,False,2,False,False,140.7019090952484,,3,False,3,False,False,False,False,"market_above_ma60, avoid_chase",,,-155.1,7.4,3.7,22.2,-0.38,False,27,D
2026-09-07,123.5,125.0,119.0,125.0,219941,27381936,6924,榮惠-KY創,,1.6300192259679989,0.5534811108233426,1.0765381151446562,115.4433553163781,115.07042472626836,108.16565266196577,61.818577431681256,22.1304248341847,5.73337292569619,44564.0,5222483.75,123.0,110.0,0.0854628235351161,-0.1021695678151011,0.1160714285714286,0.0162601626016261,123.0,1.6344721320120037,122.94374728496604,115.75,108.55625271503396,1.142919443342918,0.1242980092434738,100.0,80.24691358024695,117.9,115.6,1947591.0,1640511.65,-0.0,233.23543808125208,83.91197379969447,106.025,142.15,,,,0.0,0.0,0.0,0.0,0.0,0.0,,0.0,0.0,0.2584,0.1086,0.0,76.17,0.08,0,False,0,False,False,True,True,4.935396283996051,True,True,True,True,False,False,False,False,False,True,False,False,True,True,False,False,True,True,-20.0,-25.0,-1.6,25.0,2.0,False,False,False,False,False,False,False,-1.0,False,10,False,False,778.3539628399606,,3,False,3,False,False,False,False,"ema60_gt_ema120, volume_break, rsi_strong, breakout_20d, market_above_ma60, adx_trending, obv_uptrend, bb_squeeze_breakout, breakout_volume_confirm, mfi_strong",,,403.0,95.9,97.0,42.0,3.54,False,193,D
2026-09-07,48.8,48.8,47.85,47.9,101588,4910690,6928,攸泰科技,,-0.4075282151577539,-0.5316430150870487,0.1241147999292947,48.31101508021764,49.00806169371474,49.46719040359014,46.9827938956848,12.990556194608368,1.684251719151425,99608.85,4898866.1,50.8,47.05,-0.1085253178905959,-0.1148883864816191,0.0020920502092049,-0.0123711340206186,48.5,0.7419145607072704,49.77194701740471,48.21249999999982,46.653052982594936,0.3998042265905701,0.0646905685208147,20.6349206349206,32.69990312243863,48.12000000000008,47.95499999999993,-3385365.0,-3422904.25,-70.42253521126766,-22.0757167116174,52.66987171381045,51.875,51.075,,,,0.0,0.0,0.0,0.0,0.0,0.0,,0.0,0.0,0.1826,0.2771,0.0,0.86,0.06,0,False,0,False,False,False,False,1.0198692184479592,False,False,False,False,True,False,False,False,False,True,False,False,False,False,False,False,True,True,10.0,0.0,6.054279749478077,0.0,0.0462610220786878,False,False,False,False,False,False,False,-1.0,False,4,False,False,310.7538244494238,,3,False,3,False,True,False,True,"market_above_ma60, avoid_chase, obv_uptrend, mfi_strong",,close_below_ema20,-21.3,44.4,39.6,38.0,0.14,False,108,D
2026-09-07,285.5,288.5,279.0,286.5,270684,76798851,6937,天虹,,4.374497405626585,3.153234763495585,1.2212626421309998,277.97468167307915,275.2556616906421,271.9907674188831,54.91625709753443,12.994048154839136,15.71883927872338,462721.3,133334023.8,293.5,260.5,0.0806012824563696,0.0470819221974474,0.0159574468085106,0.0123674911660778,283.0,1.10379716594245,300.9952026407521,278.85,256.7047973592479,0.6727236396094716,0.1588323660803452,45.794392523364486,44.59813084112162,286.0,282.15,19286348.0,16674688.15,-46.4,31.218529707955543,72.13202575869927,267.125,292.0,,,,0.0,0.0,0.0,0.0,0.0,0.0,,0.0,0.0,0.6161,-0.4459,0.0,4.25,0.04,0,False,0,False,False,True,True,0.5849827963398271,False,False,False,False,True,True,False,False,True,True,False,False,False,False,False,False,True,True,0.0,0.0,2.4432809773123907,8.0,1.721446365707393,False,False,False,False,False,False,False,-1.0,False,7,False,False,524.507184351887,,3,True,3,False,False,False,False,"ema60_gt_ema120, market_above_ma60, avoid_chase, liquidity_ok, kd_golden_cross, obv_uptrend, mfi_strong",,,161.3,79.7,78.6,40.7,-0.6,False,246,D
2026-09-07,699.0,733.0,699.0,719.0,597836,431695454,6944,兆聯實業,,-28.69809852135336,-34.319105036394525,5.621006515041167,730.2443211891422,804.2573764573922,817.6916143886308,43.067704564172224,25.97341219789708,28.41499135094412,272275.35,196713735.95,760.0,695.0,-0.3453638350785381,-0.8155697911138784,0.0027894002789399,0.0330459770114941,696.0,1.2666488262276054,760.1608487388462,723.4,686.6391512611538,0.4401537212693572,0.1016335325928842,66.66666666666667,29.41176470588228,707.6,712.2,31171036.0,31063135.15,-50.0,-32.46890153911043,30.973946263582675,864.0,886.5,,,,0.0,0.0,0.0,0.0,0.0,0.0,,0.0,0.0,0.2931,-0.0489,0.0,14.52,-0.17,0,False,0,False,False,False,False,2.1957037241895017,True,False,True,False,True,True,False,False,False,True,False,False,False,False,False,False,False,False,0.0,0.0,5.702364394993046,0.0,0.0532597050303106,False,False,False,False,False,False,False,-1.0,False,6,False,False,447.59615370225873,,6,False,3,False,True,False,True,"volume_break, market_above_ma60, avoid_chase, liquidity_ok, adx_trending, obv_uptrend",,close_below_ema20,151.8,81.5,69.0,22.2,2.15,False,27,D
2026-09-07,70.8,70.8,69.1,69.3,159724,11104408,6947,台鎔科技,,-2.1788070276789995,-2.372790279307244,0.1939832516282438,71.41985984853892,76.34847142166726,78.4665500054805,38.32982500105008,10.29113324055396,2.456190233976824,280526.7,20162647.9,78.4,68.4,-0.4400796295092294,-0.587593909726556,-0.0142247510668562,-0.0071633237822349,69.8,0.923166395489642,75.36791964855577,71.20499999999956,67.04208035144335,0.271194238560399,0.116927733966891,20.930232558139352,17.82945736434097,69.4,69.7599999999995,7548832.0,8267645.5,-79.06976744186065,-64.9350649350648,31.900275195196546,80.8,85.0,,,,0.0,0.0,0.0,0.0,0.0,0.0,,0.0,0.0,0.4644,0.0727,0.0,0.2,-0.01,0,False,0,False,False,False,False,0.5693718280648509,False,False,False,False,True,False,False,False,False,False,False,False,False,False,False,False,False,False,10.0,0.0,13.131313131313144,0.0,-0.2992591867390701,False,False,False,False,False,False,False,-1.0,False,2,False,False,142.10260803977968,,3,False,3,False,True,False,True,"market_above_ma60, avoid_chase",,close_below_ema20,-153.7,11.1,4.0,22.2,-0.66,False,27,D
2026-09-07,71.1,71.3,71.0,71.3,31476,2240001,6951,青新-創,,-0.3503749557595483,-0.4314234707229312,0.0810485149633828,71.71180735870907,73.59379641450501,75.1358375865156,42.60562816862192,23.801747248399145,0.7064881542445234,19660.15,1404755.7,72.3,71.0,-0.0275752639094604,-0.1974691163585993,-0.0055788005578801,0.004225352112676,71.0,2.4945241733525303,72.31298058217521,71.6949999999999,71.07701941782457,0.1804106703405809,0.0172391542555358,36.36363636363578,37.37373737373673,71.5,71.63999999999979,-1108942.0,-1132288.9,-60.00000000000038,-162.22616933096407,32.12736012649313,73.02499999999999,77.6,,,,0.0,0.0,0.0,0.0,0.0,0.0,,0.0,0.0,0.2337,0.0888,0.0,1.65,0.0,0,False,0,False,False,False,False,1.6010050788015349,True,False,True,False,True,False,False,False,False,True,False,False,False,False,False,False,False,False,0.0,12.0,1.402524544179523,15.0,0.1260232196958096,False,False,False,False,False,False,False,-1.0,False,5,False,False,394.522329424365,,5,False,3,False,True,False,True,"volume_break, market_above_ma60, avoid_chase, adx_trending, obv_uptrend",,close_below_ema20,98.7,66.7,58.3,22.2,1.12,False,27,D
2026-09-07,32.3,32.4,31.8,31.8,1024513,32730097,6962,奕力-KY,,-0.240380215087633,-0.4247851020874691,0.184404886999836,31.83329852304066,33.198279062084424,34.74945950924244,48.21368342105425,15.109270037561938,1.0797168287315246,2654370.5,84825561.2,34.15,31.15,-0.0991859102102619,-0.4235390921860633,0.0079239302694136,-0.0046948356807511,31.95,0.3936055547100562,33.79412176309403,31.745000000000072,29.695878236906108,0.5134203835493129,0.1290988667880899,31.666666666666643,35.42328042327972,32.05999999999985,31.72999999999993,-46584745.0,-55660873.3,-48.80952380952379,13.36361541753119,70.11791421225468,33.0625,35.0,,,,0.0,0.0,0.0,0.0,0.0,0.0,,0.0,0.0,0.2391,0.2777,0.0,37.86,-1.19,0,False,0,False,False,False,False,0.3859721165526817,False,False,False,False,True,True,False,False,False,True,False,False,False,False,False,False,True,True,0.0,0.0,7.389937106918232,0.0,1.1163297240328007,False,False,False,False,False,False,False,-1.0,False,5,False,False,352.2556778539204,,3,False,3,False,True,False,True,"market_above_ma60, avoid_chase, liquidity_ok, obv_uptrend, mfi_strong",,close_below_ema20,-10.9,49.2,49.4,40.7,-0.92,False,246,D
2026-09-07,33.5,34.1,33.4,33.8,61310,2072265,6969,成信實業*-創,,0.6576566338528806,0.935690563098808,-0.2780339292459274,33.67625977410205,31.559740611952613,30.83766856462975,52.34600308801547,21.05477930751613,1.5606274608006812,162156.45,5520668.05,35.25,33.2,0.2341913716315769,0.6887718954866956,-0.023121387283237,0.0119760479041914,33.4,0.4893449776611547,35.871543361954465,33.80749999999989,31.74345663804532,0.498183177703982,0.1221056488622099,34.782608695652094,22.657004830917987,33.96999999999971,34.124999999999815,2022008.0,1669722.3,-62.79069767441871,-3.597000237537382,76.63903387692035,32.65,31.4,,,,0.0,0.0,0.0,0.0,0.0,0.0,,0.0,0.0,-0.0651,0.0116,0.0,1.03,-0.18,0,False,0,False,False,True,True,0.3780916516117613,False,False,True,False,True,False,False,False,True,True,False,False,False,False,False,False,True,False,0.0,0.0,4.289940828402376,0.0,0.1956577161118252,False,False,True,False,False,False,False,-1.0,False,8,False,False,546.1288091094596,,3,False,3,False,False,False,False,"ema60_gt_ema120, market_above_ma60, avoid_chase, adx_trending, kd_golden_cross, obv_uptrend, mfi_strong, above_ichimoku_cloud",,,104.2,100.0,81.1,75.0,-0.87,True,4,D
2026-09-07,35.35,35.8,35.15,35.5,383134,13567964,6994,富威電力,,-1.0087632798517916,-1.297974185527378,0.2892109056755865,36.18593076705767,42.06720973687917,52.276904398027256,40.29931956345215,27.94991039028269,1.1216571918758271,420373.0,15065298.5,36.95,35.2,-0.0655743826147708,-0.757739024702934,0.0056657223796034,0.0085227272727272,35.2,0.9523016077320916,36.864075942276514,35.792499999999926,34.72092405772334,0.3635187724639923,0.0598771218705924,27.65957446808503,23.07328605200928,35.619999999999706,35.869999999999706,1125907.0,1255820.0,-65.38461538461546,-55.61833019460315,61.134603319645954,41.64999999999999,51.85,,,,0.0,0.0,0.0,0.0,0.0,0.0,,0.0,0.0,0.6337,0.1727,0.0,4.74,-0.34,0,False,0,False,False,False,False,0.911414386747008,False,False,True,False,True,False,False,False,True,False,False,False,False,False,False,False,True,False,10.0,0.0,4.084507042253529,0.0,-0.0580055851196797,False,False,False,False,False,False,False,-1.0,False,5,False,False,398.418076846034,,3,False,3,False,True,False,True,"market_above_ma60, avoid_chase, adx_trending, kd_golden_cross, mfi_strong",,close_below_ema20,102.6,70.4,59.3,22.2,-0.07,False,27,D
2026-09-07,2000.0,2000.0,2000.0,2000.0,327155,654310000,7610,聯友金屬-創,,-7.570412711207155,-47.59955324951419,40.02914053830703,1694.1797990147088,1681.455370198445,1418.3217458960094,61.11545907624024,13.48443898256621,147.61851640357335,551869.05,917858719.25,1950.0,1495.0,-0.4465724334571914,-0.6952832659912931,0.3289036544850499,0.098901098901099,1820.0,0.6750722681083622,1974.801623256092,1694.5,1414.1983767439085,1.0449486814439286,0.3308369704999607,100.0,85.33333333333333,1720.0,1644.0,42737504.0,42223991.8,-0.0,164.05077112051322,46.41229013355903,1745.0,1855.5,,,,0.0,0.0,0.0,0.0,0.0,0.0,,0.0,0.0,7.2199,0.2905,0.0,19.82,0.25,0,False,0,False,False,True,True,0.5928127333830371,False,True,False,True,False,True,False,False,False,True,False,False,True,False,False,True,False,True,-20.0,-25.0,-2.5,25.0,0.3552364688477843,False,False,True,False,False,False,False,-1.0,False,9,False,False,595.1909649600038,,3,False,3,False,False,False,False,"ema60_gt_ema120, rsi_strong, breakout_20d, market_above_ma60, liquidity_ok, obv_uptrend, bb_squeeze_breakout, cci_momentum, above_ichimoku_cloud",,,299.3,96.3,85.9,22.2,-0.62,True,27,C
2026-09-07,174.0,174.0,172.0,174.0,46531,8051496,7689,大鵬科CLMX,,-4.880427579060665,-6.375745237657814,1.4953176585971484,176.466161966416,195.05365468878625,203.9695738410944,40.59360781439088,21.104574714601373,5.351584630396115,86273.05,15061832.5,180.5,170.5,0.0203402515891825,-0.8392056514109067,-0.0028653295128939,0.0086956521739129,172.5,0.4982185900452315,180.04075807087776,174.5,168.95924192912224,0.4548798202697207,0.0635043904971662,36.8421052631579,18.629908103592243,173.0,175.3,-471659.0,-657113.3,-68.18181818181819,-21.40672782874647,63.99513438161085,204.375,213.5,,,,0.0,0.0,0.0,0.0,0.0,0.0,,0.0,0.0,0.2044,-0.0179,0.0,0.2,0.08,0,False,0,False,False,False,False,0.5393457168837777,False,False,True,False,True,False,False,False,False,True,False,False,False,False,False,False,True,False,0.0,0.0,3.7356321839080464,0.0,0.6002811764199225,False,False,False,False,False,False,False,-1.0,False,5,False,False,372.5968312858768,,3,False,3,False,True,False,True,"market_above_ma60, avoid_chase, adx_trending, obv_uptrend, mfi_strong",,close_below_ema20,9.4,52.4,54.4,40.7,-0.67,False,246,D
2026-09-07,146.5,146.5,145.0,145.5,17434,2538635,7631,聚賢研發-創,,1.289104257222732,1.458028210145654,-0.168923952922922,143.88150755454373,140.1529794176444,135.15679768337398,53.57811134186822,24.94100667522696,4.94928459735032,94609.25,13842947.65,148.0,141.0,0.0850468449984087,-0.0307414167692675,0.0104166666666667,-0.0034246575342465,146.0,0.6731219906572913,149.7697472408516,144.775,139.7802527591484,0.5725762451070878,0.0690001345653822,42.85714285714285,30.158730158730275,144.8,145.25,2174464.0,2036518.25,-67.85714285714286,34.72222222222237,62.109594204543015,141.0,89.25,,,,0.0,0.0,0.0,0.0,0.0,0.0,,0.0,0.0,1.2815,-0.0625,0.0,1.39,0.04,0,False,0,False,False,True,True,0.184273736447546,False,False,True,False,True,False,False,False,False,True,False,False,False,False,False,False,True,False,0.0,0.0,1.718213058419244,15.0,0.2165173615652831,False,False,True,False,False,False,False,-1.0,False,7,False,False,519.4409457032588,,3,False,3,False,False,False,False,"ema60_gt_ema120, market_above_ma60, avoid_chase, adx_trending, obv_uptrend, mfi_strong, above_ichimoku_cloud",,,156.3,78.9,78.0,40.7,-1.24,False,246,X
2026-09-07,645.0,675.0,621.0,660.0,2867311,1867344084,7711,永擎,,65.16251935290575,52.90111783719045,12.2614015157153,516.2844226249067,424.38223360541286,382.8447892425482,77.21709513451589,51.250748994747084,35.87349828609956,1690925.7,880271490.45,632.0,487.0,1.8194744087369124,0.996278179351111,0.233644859813084,0.0443037974683544,632.0,1.457700100063641,640.6549410807283,513.15,385.6450589192716,1.07586003630645,0.4969499798527853,92.61083743842364,87.5269358027981,610.4,557.5,29060135.0,20489771.15,-6.578947368421052,199.1684768645038,69.80044028921826,301.375,347.5,,,,0.0,0.0,0.0,0.0,0.0,0.0,,0.0,0.0,2.8616,1.0166,0.0,3.33,0.83,0,False,0,False,False,True,True,1.6957049029416251,True,True,True,True,False,True,False,False,False,True,False,False,False,True,False,False,True,True,-20.0,-25.0,-4.242424242424243,25.0,1.4772211286352577,False,False,True,False,False,False,False,-1.0,False,11,False,False,769.6837025730393,,8,False,3,False,False,False,False,"ema60_gt_ema120, volume_break, rsi_strong, breakout_20d, market_above_ma60, liquidity_ok, adx_trending, obv_uptrend, breakout_volume_confirm, mfi_strong, above_ichimoku_cloud",,,437.7,97.2,96.6,38.0,1.25,False,108,C
2026-09-07,179.5,185.0,173.0,180.5,194952,34798133,7730,暉盛-創,,4.095423311094294,2.71139021220194,1.384033098892354,174.32827211098032,172.17490553493306,166.04961593329585,55.10570215371746,17.889316256865172,10.097922774641802,128704.2,22668767.7,188.0,171.0,0.5510918121168712,-0.1118964775899368,0.0433526011560694,-0.032171581769437,186.5,2.0743419941168795,189.90542080165363,173.3,156.6945791983464,0.7167966739898272,0.1916378626849812,44.44444444444444,71.85185185185219,179.8,179.55,2347626.0,2316171.75,-37.87878787878788,71.95615916130592,78.11942961074232,160.0,190.0,,,,0.0,0.0,0.0,0.0,0.0,0.0,,0.0,0.0,0.4404,-0.1876,0.0,2.42,-0.05,0,False,0,False,False,True,True,1.5147291230589213,True,True,False,False,True,False,False,False,False,True,False,False,False,False,False,False,True,True,0.0,0.0,4.1551246537396125,0.0,0.1057659852971382,False,False,False,True,False,False,False,-1.0,False,7,True,False,486.41648305415487,,3,False,3,False,False,False,False,"ema60_gt_ema120, volume_break, rsi_strong, market_above_ma60, avoid_chase, obv_uptrend, mfi_strong",long_upper_shadow,,123.2,74.0,73.2,40.7,0.87,False,246,D
2026-09-07,131.0,131.0,127.5,128.0,89412,11510189,7740,熙特爾-創,,-5.601263091903945,-5.033811953932485,-0.5674511379714602,137.10015001429866,148.08686169112275,158.1350338770979,37.35583014090024,13.813885163377911,5.651244824622316,182608.05,26454233.1,177.0,129.0,-0.8224882958278258,-0.2980893647763878,-0.0115830115830115,-0.0303030303030302,132.0,0.3512824869871185,152.5135620878557,137.875,123.23643791214432,0.1627059426761455,0.2123454155989945,9.090909090909092,23.51515151515196,130.4,132.1,-6879269.0,-6532041.85,-93.75,-105.28735632183869,30.92537705404915,152.5,167.5,,,,0.0,0.0,0.0,0.0,0.0,0.0,,0.0,0.0,15.2878,-0.1883,0.0,4.88,0.07,0,False,0,False,False,False,False,0.4896388740803048,False,False,False,False,True,False,False,False,False,False,False,False,False,False,False,False,False,False,20.0,12.0,38.28125,0.0,-0.6646373689382225,False,False,False,False,False,False,False,-1.0,False,2,False,False,158.92074031354437,,3,False,3,False,True,True,True,"market_above_ma60, avoid_chase",,"close_below_ema20, close_below_swing_low",-136.9,18.5,6.8,22.2,-0.8,False,27,D
2026-09-07,368.0,368.0,348.0,354.0,892657,317552473,7749,意騰-KY,,0.0248095119289928,-1.526077503389493,1.550887015318486,361.9709478833219,382.1195349512779,406.49120002061227,45.57063610300798,16.02322977351925,15.416957683361758,234196.2,84877294.1,382.0,362.0,0.3311348497036921,-0.5440671057739978,-0.0220994475138122,-0.039348710990502,368.5,0.7657427442528182,391.6818559783583,359.225,326.7681440216417,0.4195085315182104,0.180704884005057,15.384615384615383,22.07735767057784,365.4,369.25,-6335457.0,-4756278.25,-50.0,-20.75226977950714,28.435045261412867,363.0,429.0,,,,0.0,0.0,0.0,0.0,0.0,0.0,,0.0,0.0,0.4267,0.2842,0.0,22.91,-1.01,0,False,0,False,False,False,False,3.811577643018973,True,False,False,False,True,True,False,False,False,False,False,False,False,False,False,False,False,False,20.0,0.0,7.909604519774012,0.0,-1.209666781748448,False,False,False,False,False,False,False,-1.0,False,4,False,False,278.59977504920835,,3,False,3,False,True,True,True,"volume_break, market_above_ma60, avoid_chase, liquidity_ok",,"close_below_ema20, close_below_swing_low",-84.6,27.2,30.6,40.7,4.52,False,246,D
2026-09-07,6155.0,6575.0,6150.0,6565.0,1408004,9133675960,7769,鴻勁,,-82.91745423854627,-75.4434255828479,-7.474028655698376,6219.518588042124,6281.562941590186,5851.752314113988,55.88092644938002,10.370109417020364,351.6991557683684,650723.2,4078166344.25,6770.0,5710.0,-0.5501425965764947,-0.2152170025684306,0.1203071672354949,0.0978260869565217,5980.0,0.6716804827323589,6909.543376461427,6313.0,5716.456623538573,0.711216828434851,0.1889888726315308,98.95287958115183,54.89301968153692,5999.0,6123.5,73170948.0,71233748.4,-12.903225806451612,31.23951894973871,43.247194007344014,5986.25,6762.5,,,,0.0,0.0,0.0,0.0,0.0,0.0,,0.0,0.0,1.0083,-0.0105,0.0,19.82,0.23,0,False,0,False,False,True,True,2.163752575595891,True,True,False,False,False,True,False,False,False,True,False,False,False,False,False,False,False,False,-20.0,0.0,3.1226199543031226,8.0,1.4202373487649098,False,False,False,False,False,False,False,-1.0,False,6,False,False,411.6803739411378,,3,False,3,False,False,False,False,"ema60_gt_ema120, volume_break, rsi_strong, market_above_ma60, liquidity_ok, obv_uptrend",,,48.5,60.6,61.9,40.7,1.9,False,246,D
2026-09-07,289.5,289.5,282.5,283.0,58022,16572061,7768,頌勝科技,,-1.0012343140269309,-1.9354223657025167,0.9341880516755864,284.4578706844789,304.20776630128205,315.4855983372597,48.23844174046169,18.797877852250625,12.726038009595456,105132.95,30332425.95,310.0,278.0,0.3627235217990845,-0.5619415544706031,-0.0291595197255574,0.0017699115044247,282.5,0.9199192138392864,307.62755610360585,283.175,258.72244389639417,0.4964216419899308,0.1727027887603485,22.727272727272727,14.39393939393934,284.4,286.85,4871993.0,4550525.9,-73.46938775510205,7.610872675250072,71.59496905012543,284.25,338.0,,,,0.0,0.0,0.0,0.0,0.0,0.0,,0.0,0.0,0.0269,-0.0603,0.0,1.06,-0.04,0,False,0,False,False,False,False,0.5518916762061752,False,False,False,False,True,False,False,False,False,True,False,False,False,False,False,False,True,False,10.0,0.0,9.540636042402827,0.0,0.6609035855061879,False,False,False,False,True,False,False,-1.0,False,4,True,False,278.449759788136,,3,False,3,False,True,False,True,"market_above_ma60, avoid_chase, obv_uptrend, mfi_strong",open_high_close_low,close_below_ema20,-84.7,26.8,30.6,40.7,-0.65,False,246,D
2026-09-07,117.5,117.5,115.0,115.5,234207,27090727,7786,東方風能,,-2.6473922914658203,-2.131131401970733,-0.5162608894950869,120.23676602966202,124.41915659905705,133.10345281185624,33.97520464054162,16.35880821719834,3.1964703988757024,163870.75,19994045.2,132.0,116.5,-0.5768991045313984,-0.1227496974296844,-0.0128205128205127,-0.0085836909871244,116.5,0.4124648245617333,129.92996931613433,121.375,112.82003068386568,0.1566323160902527,0.1409675685459828,7.6923076923076925,7.81662781662817,116.5,117.95,-12640134.0,-11952898.25,-95.65217391304348,-105.27952725293562,15.537899060335931,126.5,125.0,,,,0.0,0.0,0.0,0.0,0.0,0.0,,0.0,0.0,0.2266,-0.0153,0.0,2.16,0.03,0,False,0,False,False,False,False,1.4292178439410328,False,False,False,False,True,False,False,False,False,False,False,False,False,False,False,False,False,False,20.0,12.0,14.285714285714285,0.0,-1.5295934276441503,False,False,False,False,False,False,False,-1.0,False,2,False,False,157.9370573076805,,3,False,3,False,True,True,True,"market_above_ma60, avoid_chase",,"close_below_ema20, close_below_swing_low",-137.9,14.8,6.3,22.2,0.82,False,27,D
2026-09-07,335.0,335.0,310.0,316.5,3776454,1199211604,7788,松川精密,,23.053614454046908,19.04171556062448,4.011898893422426,288.1248255057287,253.72149991483263,226.0661540075174,62.71405352912543,33.728150988278394,21.34501929486125,2572101.6,758892084.6,335.0,253.0,1.432797898612702,0.1854000479970833,0.0015822784810126,-0.0552238805970148,335.0,1.834888185877003,343.78020143359026,285.2,226.6197985664097,0.7671551073060359,0.4108008515679542,67.72486772486772,74.8625376076355,320.6,307.65,21647537.0,21685670.3,-29.90196078431373,94.32222651057108,59.52200707769332,216.25,238.5,,,,0.0,0.0,0.0,0.0,0.0,0.0,,0.0,0.0,0.9938,0.1909,0.0,9.72,-1.26,0,False,0,False,False,True,True,1.4682367135108505,False,True,True,False,True,True,False,False,False,False,False,False,False,False,False,False,True,True,0.0,0.0,5.845181674565561,0.0,-0.0071493233865794,False,False,True,False,False,False,False,-1.0,False,8,False,False,574.5965752544696,,8,True,3,False,False,False,False,"ema60_gt_ema120, rsi_strong, market_above_ma60, avoid_chase, liquidity_ok, adx_trending, mfi_strong, above_ichimoku_cloud",,,199.2,82.9,84.0,42.0,0.38,False,193,D
2026-09-07,519.0,549.0,510.0,536.0,1861003,987189201,7795,長廣,,12.01433853267804,18.46033501511271,-6.445996482434673,519.5244819204208,484.54283006816695,441.3883172301669,53.65777382970315,18.914434024456536,42.69163145286598,1349805.0,727600957.85,580.0,489.0,-0.0471772995579226,0.24632278333871,0.0551181102362203,0.0613861386138614,505.0,0.7673253930595313,597.1711756776622,536.95,476.72882432233786,0.4921124090545412,0.2243083180097296,40.869565217391305,18.260869565217337,516.6,533.1,34983499.0,33189240.2,-61.15702479338843,-21.300282024640254,50.891242285885,445.875,497.5,,,,0.0,0.0,0.0,0.0,0.0,0.0,,0.0,0.0,0.6101,0.0456,0.0,6.65,0.13,0,False,0,False,False,True,True,1.3787198891691763,False,False,False,False,False,True,False,False,False,True,False,False,False,False,False,False,True,False,0.0,0.0,8.208955223880597,0.0,0.2470368892332163,False,False,True,False,False,False,False,-1.0,False,6,False,False,431.7516415624904,,3,False,3,False,False,False,False,"ema60_gt_ema120, market_above_ma60, liquidity_ok, obv_uptrend, mfi_strong, above_ichimoku_cloud",,,56.4,59.1,65.5,42.0,0.3,False,193,D
2026-09-07,60.9,60.9,60.2,60.7,56569,3419962,7818,溢泰實業,,-1.159801757783157,-1.234531782049784,0.0747300242666271,61.81274940870779,66.54769487683602,75.34621898055504,34.11658309350864,17.87055259134094,1.118063252706071,63154.75,3892138.15,63.4,60.2,-0.2600916884205897,-0.1204307732042266,0.0083056478405316,0.0,60.7,0.5841675594339006,63.90211706872302,61.805000000000106,59.70788293127719,0.2365430818144509,0.0678623758182319,46.42857142857151,39.160401002506354,60.659999999999854,60.939999999999785,-4184130.0,-4302220.5,-65.78947368421045,-83.34782356691558,49.29174063774551,66.44999999999999,65.45,,,,0.0,0.0,0.0,0.0,0.0,0.0,,0.0,0.0,0.1338,0.1089,0.0,0.45,-0.02,0,False,0,False,False,False,False,0.8957204327465472,False,False,False,False,True,False,False,False,True,True,False,False,False,False,False,False,False,False,0.0,0.0,4.448105436573304,0.0,0.1573550299934245,False,False,False,False,False,False,False,-1.0,False,4,False,False,295.84546468738654,,3,False,3,False,True,False,True,"market_above_ma60, avoid_chase, kd_golden_cross, obv_uptrend",,close_below_ema20,0.0,51.9,35.4,22.2,-0.1,False,27,D
2026-09-07,938.0,989.0,926.0,930.0,254988,243735711,7822,倍利科,,5.706087534398193,2.3227366614259326,3.383350872972261,914.1456466346688,964.6079275218796,1015.6698161858224,52.55098965805912,11.321897786532285,47.95549512001322,193869.9,178828364.7,957.0,898.0,0.3579414150491838,-0.4740839522983563,0.0175054704595185,0.0086767895878525,922.0,0.5277602777635327,966.0424188251288,911.8,857.5575811748712,0.6677653798835439,0.1189787646964877,39.795918367346935,27.18472004186333,924.0,929.7,6405137.0,6126947.3,-46.92307692307692,101.17994100294966,74.69488229971114,902.25,1015.0,,,,0.0,0.0,0.0,0.0,0.0,0.0,,0.0,0.0,0.634,0.0778,0.0,0.77,-0.11,0,False,0,False,False,False,False,1.3152531672013037,False,False,False,False,True,True,False,False,False,True,False,False,False,False,False,True,True,False,0.0,0.0,2.903225806451613,8.0,0.4860075438451489,False,False,False,True,False,False,False,-1.0,False,6,True,False,436.9846221981548,,3,False,3,False,False,False,False,"market_above_ma60, avoid_chase, liquidity_ok, obv_uptrend, cci_momentum, mfi_strong",long_upper_shadow,,73.8,67.5,66.9,40.7,0.56,False,246,D
2026-09-07,15.8,15.8,15.55,15.7,167825,2627952,8011,台通,,-0.1964668312337032,-0.201908302100229,0.0054414708665258,16.002362162217864,16.744909533281106,17.820484548873075,39.313996654449646,25.56714039051851,0.3443292783871155,329484.55,5285292.9,16.5,15.7,-0.1162475285904279,-0.2514568953553242,-0.0156739811912225,0.0,15.7,0.7364542635293092,16.30741540276835,15.975000000000046,15.64258459723174,0.0863609241480868,0.0416169518332774,18.749999999999805,8.630952380952294,15.8,15.910000000000036,18132479.0,18525754.65,-81.2500000000002,-153.0864197530874,42.11300529522516,16.475,17.450000000000003,,,,0.0,0.0,0.0,0.0,0.0,0.0,,0.0,0.0,-0.3133,-0.1343,0.0,2.86,-0.3,0,False,0,False,False,False,False,0.5093562050178074,False,False,True,False,True,False,False,False,True,False,False,False,False,False,False,False,False,False,20.0,25.0,5.0955414012738895,0.0,-0.1870056793537495,False,False,False,False,False,False,False,-1.0,False,4,False,False,287.8494938979331,,5,False,3,False,True,False,True,"market_above_ma60, avoid_chase, adx_trending, kd_golden_cross",,close_below_ema20,-75.3,29.3,33.1,40.7,-0.72,False,246,D
2026-09-07,296.0,296.0,290.5,291.5,252670,73913671,8016,矽創,,-1.4701771418800718,-1.0455566715674651,-0.4246204703126066,295.1396266920105,292.6927722194827,275.32966048496166,47.1369593427276,8.256950552120648,11.043497138829112,789951.65,235959497.0,315.5,289.0,-0.2790315133414215,-0.1287968215898052,0.0086505190311418,-0.0068143100511073,293.5,0.2921757745138847,312.0051714915758,297.5,282.9948285084242,0.2931772125726116,0.0975137579265601,21.21212121212121,22.222222222222623,293.5,294.1,70169754.0,71385753.35,-59.09090909090909,-62.50000000000012,64.19708326091555,297.0,313.75,,,,0.0,0.0,0.0,0.0,0.0,0.0,,0.0,0.0,0.3448,0.0193,0.0,46.42,-0.03,0,False,0,False,False,False,True,0.3198550189748955,False,False,False,False,True,True,False,False,False,False,False,False,False,False,False,False,True,False,10.0,0.0,8.233276157804461,0.0,-0.1620567911730657,False,False,False,False,False,False,False,-1.0,False,5,False,False,331.25386869567217,,3,False,3,False,True,False,True,"ema60_gt_ema120, market_above_ma60, avoid_chase, liquidity_ok, mfi_strong",,close_below_ema20,-31.9,42.7,44.2,40.7,-1.02,False,246,D
2026-09-07,445.0,462.0,444.0,462.0,13046649,6007324096,8021,尖點,,5.356365480963859,0.6381675889676323,4.718197891996227,426.52976805942535,428.340725280486,396.8577164845415,56.90087029018254,11.649582837886085,32.21478234062095,6305988.25,2717138475.4,459.0,388.5,0.251829179624835,-0.5736334073836811,0.0620689655172412,0.1,420.0,1.06353327170635,466.27185239917634,424.5750000000004,382.8781476008244,0.9487748816351812,0.1964168987772521,95.48872180451129,63.34141364339788,440.9,433.85,1365902071.0,1339633069.95,-3.278688524590164,137.44946710768087,59.310196920512006,407.0,456.0,,,,0.0,0.0,0.0,0.0,0.0,0.0,,0.0,0.0,1.0256,0.0733,0.0,15.18,-3.4,0,False,0,False,False,True,True,2.0689301157514843,True,True,False,True,False,True,False,False,False,True,False,False,False,True,False,True,True,True,-20.0,-25.0,-0.6493506493506493,25.0,1.505896984502832,False,False,True,False,False,False,False,-1.0,False,11,False,False,768.7600649715488,,3,False,3,False,False,False,False,"ema60_gt_ema120, volume_break, rsi_strong, breakout_20d, market_above_ma60, liquidity_ok, obv_uptrend, breakout_volume_confirm, cci_momentum, mfi_strong, above_ichimoku_cloud",,,405.6,98.0,96.5,40.7,1.75,False,246,D
2026-09-07,243.0,256.0,241.0,249.5,5872402,1479288962,8028,昇陽半導體,,-8.559589236659093,-9.89971945904418,1.3401302223850884,251.392033080478,266.23522914668075,256.2316991192872,46.74874976546316,20.710304131383538,13.12268853455677,2759372.65,698805851.25,267.5,236.5,-0.4450833427855608,-0.5538118442197595,0.0352697095435685,0.0439330543933054,239.0,0.5031811359946147,268.44964285367286,250.075,231.70035714632712,0.4843534373816399,0.1469530569123092,69.76744186046511,41.25581395348854,245.1,245.25,194343935.0,191195021.7,-26.0,-16.227324263038298,54.22246431379903,284.375,296.0,,,,0.0,0.0,0.0,0.0,0.0,0.0,,0.0,0.0,0.3653,0.0659,0.0,25.33,-0.21,0,False,0,False,False,False,True,2.1281656176450108,True,False,True,False,True,True,False,False,True,True,False,False,False,False,False,False,True,False,0.0,0.0,7.214428857715431,0.0,0.3948041041122185,False,False,False,False,False,False,False,-1.0,False,9,False,False,646.0193054257968,,3,False,3,False,True,False,True,"ema60_gt_ema120, volume_break, market_above_ma60, avoid_chase, liquidity_ok, adx_trending, kd_golden_cross, obv_uptrend, mfi_strong",,close_below_ema20,282.9,90.7,89.9,40.7,1.85,False,246,D
2026-09-07,324.0,327.0,306.0,327.0,22298940,7176480622,8039,台虹,,27.15916505260645,29.2204110316239,-2.061245979017446,289.1416530922096,231.71786929427964,189.00674912364468,62.78372241546033,35.666837142097485,25.63638158125344,38989084.75,11390418574.95,352.5,265.0,1.782159093979693,1.576869504172278,0.0,0.0991596638655463,297.5,1.0070332240073954,360.7852926028896,289.4,218.0147073971104,0.7633595705012073,0.4933330518513448,49.31506849315068,39.45422918025664,310.0,318.5,511751361.0,564426226.0,-35.23809523809524,69.47890818858563,45.7722937163863,202.125,191.5,,,,0.0,0.0,0.0,0.0,0.0,0.0,,0.0,0.0,-0.0606,0.0144,0.0,18.39,-3.76,0,False,0,False,False,True,True,0.5719277624233023,False,True,True,False,True,True,False,False,True,False,False,False,False,False,False,False,False,False,0.0,0.0,7.79816513761468,0.0,-1.337167093482995,False,False,True,False,False,False,False,-1.0,False,8,False,False,519.673272502437,,8,False,3,False,False,False,False,"ema60_gt_ema120, rsi_strong, market_above_ma60, avoid_chase, liquidity_ok, adx_trending, kd_golden_cross, above_ichimoku_cloud",,,144.3,76.2,78.2,42.0,-0.43,False,193,D
2026-09-07,93.9,94.3,91.6,92.9,182235,16992273,6840,東研信超,,6.702291219875306,6.795771403848705,-0.0934801839733987,85.82350447838522,75.09658568488582,70.20843291862813,69.36063369747856,39.55974421928653,4.193625500941347,623238.6,53666493.0,98.4,82.7,1.5099169497740437,0.6795717735948602,-0.0117021276595744,0.0010775862068965,92.8,0.6392750030237313,102.6531757775438,85.82500000000019,68.99682422245658,0.7102129218735956,0.3921509065550497,57.22891566265062,55.58424172881981,92.1199999999997,92.64000000000014,14827587.0,13065947.35,-32.272727272727245,71.28218416527275,62.90976535460301,60.95,67.05000000000001,,,,27000.0,2.0,0.0,0.0,-1886.0,0.0,,0.0,0.0,0.1712,-0.0752,0.0,0.0,0.0,0,False,0,False,False,True,True,0.2924000535268515,False,True,True,False,True,True,False,False,False,True,False,False,False,False,False,False,True,False,0.0,0.0,5.920344456404736,0.0,0.6353903623813008,True,False,True,False,False,False,False,-1.0,False,9,False,False,680.5486848838441,,8,False,3,True,False,False,True,"ema60_gt_ema120, rsi_strong, market_above_ma60, avoid_chase, liquidity_ok, adx_trending, obv_uptrend, mfi_strong, above_ichimoku_cloud",,macd_death_cross,337.3,89.4,93.0,40.4,-0.77,False,47,X
2026-09-07,119.5,119.5,119.5,119.5,1205,143995,6855,數泓科,,-3.03786477487391,-7.616409953009323,4.578545178135413,82.27513740549168,92.73862075247918,96.65524578542964,52.36075148879992,9.891892067255162,57.23869827287224,5681.05,659598.7,120.5,0.0,,,0.0301724137931034,-0.0082987551867219,120.5,0.1953490494990757,187.5243052421216,75.975,-35.574305242121554,0.6950931021288188,2.9364739780749343,99.1701244813278,66.39004149377554,71.4,70.75,286653.0,267051.65,-0.8298755186721992,54.873389232589055,67.91454608909605,60.125,68.0,,,,0.0,0.0,0.0,0.0,0.0,0.0,,0.0,0.0,0.5985,0.1403,0.0,0.0,0.0,0,False,0,False,False,True,False,0.212108677093143,False,False,False,False,True,False,False,False,False,True,False,False,False,False,False,False,True,True,-20.0,0.0,0.8368200836820083,25.0,0.518377267542002,False,False,True,False,False,False,False,-1.0,False,5,False,False,323.34161398143544,,3,False,3,False,False,False,False,"market_above_ma60, avoid_chase, obv_uptrend, mfi_strong, above_ichimoku_cloud",,,-19.9,38.3,42.3,40.4,-0.85,False,47,X
2026-09-07,115.0,115.0,111.5,111.5,32149,3628514,6859,伯特光,,1.6472149432794936,0.9919349340895722,0.6552800091899214,109.35798658636614,110.71538602128362,113.33199576302178,54.31486977545432,25.35743075498029,4.012645049108322,55384.8,6048259.4,115.0,107.5,0.4645570801594863,-0.3413896204864712,0.0045045045045044,-0.0304347826086957,115.0,0.5407812501425823,116.88969924245195,108.91000000000004,100.93030075754812,0.6622868181686089,0.1465374941227052,57.89473684210526,71.92982456140332,112.3,110.6,2004615.0,1957874.6,-40.0,97.83527820057532,73.00977947696308,106.125,117.0,,,,-3500.0,0.0,0.0,0.0,471.0,4.0,,0.0,0.0,0.0024,0.2675,0.0,0.0,0.0,0,False,0,False,False,True,False,0.5804661206684867,False,False,True,False,True,False,False,False,False,True,False,True,False,False,False,False,True,True,0.0,0.0,3.1390134529147984,8.0,0.1538055655461676,False,False,False,False,False,False,False,-1.0,False,6,False,False,460.6503279932389,,3,False,3,False,False,False,False,"market_above_ma60, avoid_chase, adx_trending, obv_uptrend, dealer_buy_3d, mfi_strong",,,118.2,74.6,70.9,45.8,-0.49,False,59,D
2026-09-07,112.5,121.5,112.5,121.5,99710,11876608,6877,鏵友益,,-2.5938933523631675,-2.846514263996017,0.2526209116328495,117.21341774254692,124.0826836796871,124.63899408609876,53.675081881125,20.83961494918554,5.281711190789021,43727.8,5133810.35,128.5,110.0,-0.6145875622613605,-0.2586021400556911,0.0704845814977974,0.0995475113122172,110.5,0.6390365203270036,129.06434232859294,118.25,107.43565767140706,0.650263414142488,0.1829064241622485,100.0,38.59649122806999,114.1,114.9,12505863.0,12496688.5,-0.0,8.6509867531765,38.71485601354585,120.0,143.0,,,,1245.0,5.0,0.0,0.0,-804.0,0.0,,0.0,0.0,0.3895,2.4348,0.0,0.0,0.0,0,False,0,True,True,False,False,2.280242774619349,True,False,True,False,False,False,True,False,False,True,False,False,False,False,True,False,False,False,-20.0,0.0,5.761316872427984,0.0,0.0298096128666077,True,False,False,False,False,False,False,-1.0,False,8,False,False,623.1601431005927,,3,False,3,False,False,False,False,"macd_golden_cross, volume_break, market_above_ma60, hist_turn_positive, foreign_buy_3d, adx_trending, obv_uptrend, williams_r_recovery",,,279.9,83.0,87.8,40.4,1.17,False,47,D
2026-09-07,353.0,357.5,348.5,353.0,19609,6922218,6894,衛司特,,3.8934666478529607,1.469969996372607,2.4234966514803538,343.29908920765286,342.22951965671564,331.20349084209374,57.600888668128384,17.896303131368022,11.563155329795734,47764.35,16505903.95,356.0,324.0,0.2765866803595674,-0.1346863935377501,-0.0028248587570621,0.0,353.0,0.4902491735150761,361.94044586632526,340.325,318.7095541336747,0.7931931193643895,0.127028257496953,55.319148936170215,56.71132125032879,353.3,345.5,6116243.0,5825725.2,-38.888888888888886,90.18224573780113,62.835446654548655,327.375,356.5,,,,-5200.0,0.0,0.0,0.0,1628.0,2.0,,0.0,0.0,0.6988,-0.0332,0.0,0.0,0.0,0,False,0,False,False,True,True,0.4105363100303887,False,True,False,False,True,False,False,False,False,True,False,False,False,False,False,False,True,True,0.0,0.0,0.84985835694051,25.0,1.7495867439807682,False,False,False,False,False,False,False,-1.0,False,6,False,False,460.10040402807306,,3,True,3,False,False,False,False,"ema60_gt_ema120, rsi_strong, market_above_ma60, avoid_chase, obv_uptrend, mfi_strong",,,135.2,84.2,70.7,31.6,-0.75,False,19,D
2026-09-07,156.0,158.5,153.5,153.5,25932,4015755,6895,宏碩系統,,8.775261601589676,6.443668472453597,2.3315931291360794,143.1190595932692,139.86637271512822,150.84602523441202,61.84482029982365,32.485646950730576,7.16547517464919,80901.75,11808745.9,167.5,136.5,2.0414295109058687,-0.1967745850682001,-0.0611620795107034,-0.0191693290734824,156.5,0.5981010782634625,172.43148856171192,137.8,103.1685114382881,0.7266723241194676,0.5026340865270232,50.76923076923077,58.37606837606836,158.4,152.9,-116571.0,-542598.1,-32.323232323232325,77.6521389102352,73.92038353589467,127.0,144.25,,,,-2000.0,0.0,0.0,0.0,623.0,1.0,,0.0,0.0,-0.4104,0.2607,0.0,0.0,0.0,0,False,0,False,False,True,False,0.3205369475938406,False,True,True,False,True,False,False,False,False,True,False,False,False,False,False,False,True,True,0.0,0.0,9.120521172638435,0.0,1.0618126617688712,False,False,True,False,False,False,False,-1.0,False,7,False,False,475.9471214171649,,8,True,3,False,False,False,False,"rsi_strong, market_above_ma60, avoid_chase, adx_trending, obv_uptrend, mfi_strong, above_ichimoku_cloud",,,76.6,65.9,72.2,45.5,-0.88,False,123,D
2026-09-07,50.0,50.0,49.5,49.8,16300,812583,6899,創為精密,,-0.548308330804403,-0.672917662486711,0.124609331682308,50.29449965875331,52.35623514042623,53.30305423349542,39.31547414432022,20.01284024506312,0.6855861235560805,11786.1,593356.05,51.0,49.7,-0.1004291024728445,-0.3734656494819148,-0.004,-0.004,50.0,0.3404197375363823,50.98080936538357,50.22750000000015,49.47419063461673,0.2162520342604765,0.0299958933008178,24.99999999999989,28.53535353535396,49.89000000000014,50.03500000000022,2386621.0,2408352.8,-72.72727272727296,-114.13902053712404,24.49857141728276,52.825,58.55,,,,-2000.0,0.0,0.0,0.0,0.0,0.0,,0.0,0.0,0.0621,-0.0959,0.0,0.0,0.0,0,False,0,False,False,False,False,1.3829850417016656,False,False,True,False,True,False,False,False,False,False,False,False,False,False,False,False,False,False,10.0,0.0,2.409638554216873,8.0,-0.1316823528090697,False,False,False,False,False,False,False,-1.0,False,3,False,False,225.2496621833078,,5,False,3,False,True,False,True,"market_above_ma60, avoid_chase, adx_trending",,close_below_ema20,-117.2,22.0,18.9,45.8,0.28,False,59,D
2026-09-07,188.0,199.5,188.0,199.5,4105170,810646119,6907,雅特力-KY,,1.54121161860337,1.066546504582878,0.474665114020492,185.6662680422564,175.11116710333803,152.72773130658,57.742392164545926,14.44357250725212,13.30966420371978,2237943.35,417553048.3,194.0,177.5,0.3105175922992613,0.3987479300255745,0.0842391304347827,0.0991735537190081,181.5,0.3389409795935543,199.9170074721364,184.125,168.3329925278636,0.9867968821293884,0.1715357227115969,100.0,53.62318840579732,186.8,186.15,41834730.0,33008304.65,-25.0,127.74731711889046,69.46234684865641,190.25,177.5,,,,509870.0,2.0,0.0,0.0,9499.0,1.0,,0.0,0.0,1.9845,0.0913,0.0,0.0,0.0,0,False,0,True,True,True,True,1.834349381542656,True,True,False,True,False,True,False,False,False,True,False,False,False,True,False,True,True,True,-20.0,-25.0,-2.756892230576441,25.0,0.8183593042690431,True,False,True,False,False,False,False,-1.0,False,13,False,False,938.163805466655,,3,False,3,False,False,False,False,"macd_golden_cross, ema60_gt_ema120, volume_break, rsi_strong, breakout_20d, market_above_ma60, liquidity_ok, hist_turn_positive, obv_uptrend, breakout_volume_confirm, cci_momentum, mfi_strong, above_ichimoku_cloud",,,538.8,97.6,99.3,45.5,1.03,False,123,D
2026-09-07,314.0,316.5,312.0,315.0,159587,50168171,6903,巨漢,,-6.0817589647264185,-7.988775529854562,1.907016565128144,315.8430749710087,335.5276253036597,331.7232931042688,47.10535970324676,13.605399077760808,12.347677040784228,294219.35,92968073.25,324.0,304.5,-0.1433328217830886,-0.5253155849339934,0.0063897763578275,0.008,312.5,0.7171207402894895,325.7325955254018,314.25,302.7674044745982,0.5326581215170756,0.0730793669078873,60.46511627906977,48.91320869433063,312.2,312.45,47104194.0,46831009.95,-34.61538461538461,-6.389391199518545,35.89472330974466,335.25,359.0,,,,34000.0,1.0,0.0,0.0,956.0,2.0,,0.0,0.0,1.6093,-0.1602,0.0,0.0,0.0,0,False,0,False,False,False,True,0.5424082406544641,False,False,False,False,True,True,False,False,False,True,False,False,False,False,False,False,False,False,0.0,0.0,2.857142857142857,8.0,0.1029647761058009,False,False,False,False,False,False,False,-1.0,False,5,False,False,339.6596597198143,,3,False,3,False,True,False,True,"ema60_gt_ema120, market_above_ma60, avoid_chase, liquidity_ok, obv_uptrend",,close_below_ema20,-3.6,48.9,46.6,40.4,-0.53,False,47,D
2026-09-07,143.0,143.0,136.0,136.5,1524181,209306550,6913,鴻呈,,4.293631751529915,5.699831557794517,-1.4061998062646015,146.51418502114117,137.48180420569088,132.27351283794752,43.52246137782395,26.19808555502873,8.145439744776914,796638.2,121410721.15,166.0,138.5,0.2086037598724614,0.4348945682884643,-0.1777108433734939,-0.0960264900662252,151.0,1.0918003489612238,164.37773414138954,148.375,132.37226585861046,0.1289696530892664,0.2157066101619482,1.5151515151515151,27.588383838383987,150.4,151.9,38787384.0,37784636.45,-98.48484848484848,-104.66860824287376,53.13101899255189,120.875,131.75,,,,-682284.0,0.0,0.0,0.0,-76314.0,0.0,,0.0,0.0,0.6745,0.2099,0.0,0.0,0.0,0,False,1,False,False,False,True,1.91326627319654,True,False,True,False,True,True,False,False,False,True,False,False,False,False,False,False,True,False,20.0,12.0,21.611721611721613,0.0,0.4433198035758738,False,False,True,False,False,False,False,-1.0,False,9,False,False,691.4525003748759,,6,False,3,False,True,True,True,"ema60_gt_ema120, volume_break, market_above_ma60, avoid_chase, liquidity_ok, adx_trending, obv_uptrend, mfi_strong, above_ichimoku_cloud",,"close_below_ema20, close_below_swing_low",316.1,93.3,93.9,42.0,0.79,False,193,X
2026-09-07,213.5,217.0,209.0,209.0,434307,92404856,6922,宸曜,,4.969193208344194,5.3014074388020775,-0.3322142304578834,202.0656173889656,192.16768140055467,185.68279529658048,58.05187105823264,27.679928373976583,9.514469967668852,308591.1,63747575.7,213.0,201.0,0.1199772218620582,0.2852967900246112,0.0096618357487923,0.0023980815347721,208.5,0.4463902118273317,213.95697722428145,204.1,194.2430227757185,0.7485549011886452,0.0965896837264228,50.0,38.68686868686867,206.1,206.35,7462252.0,6945994.6,-28.571428571428573,125.20404831864155,79.5541684778452,180.0,189.0,,,,-53150.0,0.0,0.0,0.0,39531.0,1.0,,0.0,0.0,0.893,0.2703,0.0,0.0,0.0,0,False,0,False,False,True,True,1.4073866679888047,False,True,True,False,True,True,False,False,False,True,False,False,False,False,False,True,True,False,0.0,0.0,1.9138755980861244,15.0,0.6215304639337271,False,False,True,False,True,False,False,-1.0,False,10,True,False,746.5322322470928,,3,False,3,False,False,False,False,"ema60_gt_ema120, rsi_strong, market_above_ma60, avoid_chase, liquidity_ok, adx_trending, obv_uptrend, cci_momentum, mfi_strong, above_ichimoku_cloud",open_high_close_low,,414.5,96.3,95.7,38.0,0.77,False,108,D
2026-09-07,237.5,238.0,237.0,238.0,7475,1774869,6953,家碩,,4.943619385122275,4.2548590739484045,0.6887603111738709,232.90645054664333,229.8243337496041,229.1575433752792,55.841638458897634,19.63053938334972,7.900682612202685,31420.9,7390621.55,250.0,223.5,0.4938483107367041,-0.0055675111677212,0.017094017094017,-0.0020964360587002,238.5,0.5099861391129032,247.65886330485108,232.0,216.3411366951489,0.6915847875797348,0.1349902009038886,36.36363636363637,48.18678589170364,241.1,238.6,3840102.0,3707573.05,-45.90163934426229,50.88997730259191,67.0165626930854,215.75,235.5,,,,0.0,0.0,0.0,0.0,180.0,3.0,,0.0,0.0,0.3904,0.1467,0.0,0.0,0.0,0,False,0,False,False,True,True,0.2378989780687376,False,True,False,False,True,False,False,False,False,True,False,True,False,False,False,False,True,True,0.0,0.0,5.042016806722689,0.0,1.104756531230341,False,False,True,False,False,False,False,-1.0,False,8,False,False,580.6360681554514,,3,False,3,False,False,False,False,"ema60_gt_ema120, rsi_strong, market_above_ma60, avoid_chase, obv_uptrend, dealer_buy_3d, mfi_strong, above_ichimoku_cloud",,,181.2,81.3,84.6,45.5,-0.98,False,123,X
2026-09-07,69.2,70.1,69.2,70.0,29285,2045431,6967,汎瑋材料,,-0.2666918128019233,0.1163307997524823,-0.3830226125544056,71.5852209789179,71.74039664164745,70.94520434709592,44.64201834527092,10.725574852402795,2.2747273925665707,96499.3,7029289.3,75.6,69.2,-0.0273003890973161,-0.0125865489341392,-0.0410958904109589,0.0115606936416183,69.2,0.4406821859828209,76.06482715681963,72.01499999999979,67.96517284317994,0.2512239508041029,0.1124717671823885,25.92592592592601,12.3456790123455,70.6199999999997,71.75999999999985,3699370.0,3887249.65,-82.716049382716,-85.48305513404205,51.14102364617346,72.45,73.6,,,,-3000.0,0.0,0.0,0.0,-143.0,0.0,,0.0,0.0,0.1839,-0.0706,0.0,0.0,0.0,0,False,0,False,False,False,True,0.3034737039543292,False,False,False,False,True,False,False,False,True,False,False,False,False,False,False,False,True,False,10.0,0.0,7.999999999999992,0.0,-0.9988064892515934,False,False,False,False,False,False,False,-1.0,False,5,False,False,341.0490591685242,,3,False,3,False,True,False,True,"ema60_gt_ema120, market_above_ma60, avoid_chase, kd_golden_cross, mfi_strong",,close_below_ema20,-34.3,38.9,47.0,42.0,-0.68,False,193,D
2026-09-07,26.1,26.35,26.1,26.3,37996,997153,6971,惠民實業,,-0.0326818260902541,-0.093997150187748,0.0613153240974938,26.10548109743221,26.611608051572187,27.852060391172035,53.80572056971484,15.947667075483,0.3353657873001587,30439.0,790412.3,26.35,26.0,0.1489290180372363,-0.1401055031909983,0.0095969289827255,0.0076628352490422,26.1,0.4395341734500113,26.565338885758425,25.974999999999817,25.38466111424121,0.7752656210191441,0.0454543896638005,53.84615384615389,32.783882783883506,26.11999999999971,26.179999999999744,-1016184.0,-1112680.65,-40.00000000000009,67.25543478260917,70.25681215691775,27.0,27.875,,,,12000.0,2.0,0.0,0.0,0.0,0.0,,0.0,0.0,-0.2515,-0.007,0.0,0.0,0.0,0,False,0,False,False,False,False,1.2482670258549886,False,False,False,False,True,False,False,False,False,True,False,False,False,False,False,False,True,False,0.0,0.0,0.1901140684410673,25.0,0.7093501491175555,True,False,False,False,False,False,False,-1.0,False,4,False,False,270.99487204796054,,3,False,3,False,False,False,False,"market_above_ma60, avoid_chase, obv_uptrend, mfi_strong",,,-53.9,42.1,29.0,31.6,0.27,False,19,D
2026-09-07,359.0,359.0,345.0,349.5,48623,17174155,6983,華洋精機,,10.160621247044162,4.177551567466431,5.9830696795777305,330.1086099311377,333.47238033078327,328.3645755233079,60.03442623579276,23.330887872589603,15.005727148269289,56913.2,18527751.35,358.0,288.0,1.1807170019203208,-0.2412724737645741,0.0043103448275862,-0.0154929577464788,355.0,0.8783758447981859,371.7394423083993,319.65,267.5605576916007,0.7865263926543018,0.3259154844886549,81.45161290322581,89.99554825011971,352.7,341.2,875374.0,727749.8,-14.64968152866242,90.24653168353947,58.463183317792506,325.5,400.0,,,,-1000.0,0.0,0.0,0.0,456.0,4.0,,0.0,0.0,-0.204,-0.3329,0.0,0.0,0.0,0,False,0,False,False,True,True,0.8543360766922261,False,True,True,False,True,False,False,False,False,True,False,True,False,False,False,False,True,True,-20.0,0.0,2.432045779685265,8.0,1.12507875882794,False,False,False,False,False,False,False,-1.0,False,8,False,False,510.0443058728575,,3,True,3,False,False,False,False,"ema60_gt_ema120, rsi_strong, market_above_ma60, avoid_chase, adx_trending, obv_uptrend, dealer_buy_3d, mfi_strong",,,166.8,72.3,76.8,40.4,-0.22,False,47,D
2026-09-07,184.0,184.0,183.0,183.5,19858,3644726,6996,力領科技,,0.8244134704469843,0.0868264916937799,0.7375869787532043,180.4439151532598,181.30576574083844,178.9235079800602,55.7065448047017,12.318617728385458,3.806875903661133,67627.2,12148806.85,183.5,177.5,0.1867052450988033,-0.1765911439837487,0.0338028169014084,0.0,183.5,0.7072508966568415,184.559630075784,179.525,174.490369924216,0.894765845768817,0.0560883450860215,63.1578947368421,66.88596491228054,182.9,181.15,6319509.0,6003454.8,-29.166666666666668,132.6013513513518,72.72071449322186,178.75,187.5,,,,-6000.0,0.0,0.0,0.0,266.0,4.0,,0.0,0.0,0.3331,-0.0752,0.0,0.0,0.0,0,False,0,False,False,True,True,0.2936392457472733,False,True,False,False,True,False,False,False,False,True,False,True,False,False,False,False,True,True,0.0,-12.0,0.0,25.0,1.4409471642185363,False,False,False,False,False,False,False,-1.0,False,7,False,False,518.2277584280952,,3,False,3,False,False,False,False,"ema60_gt_ema120, rsi_strong, market_above_ma60, avoid_chase, obv_uptrend, dealer_buy_3d, mfi_strong",,,118.8,71.5,77.8,45.5,-0.91,False,123,X
2026-09-07,106.0,106.0,103.0,104.5,203579,21206015,7402,邑錡,,-0.9767815533434288,-0.4734398961836532,-0.5033416571597755,107.99806317282103,109.67750211521565,112.02641110824386,45.00936179078612,18.717960075202967,5.716783717912935,1060660.7,120847498.45,118.0,103.0,-0.1399469769744052,-0.0070379123173771,-0.045662100456621,0.0,104.5,0.2839218473967748,117.47830397032344,108.77500000000018,100.0716960296769,0.2544036141574988,0.1600239755517952,10.81081081081081,7.207207207206618,105.8,108.45000000000036,52840950.0,51356149.65,-89.1891891891892,-88.35725677830902,58.84490762233744,114.125,119.0,,,,-41500.0,0.0,0.0,0.0,385.0,2.0,,0.0,0.0,0.3531,0.0421,0.0,0.0,0.0,0,False,0,False,False,False,False,0.1919360262900284,False,False,False,False,True,True,False,False,True,True,False,False,False,False,False,False,True,False,20.0,0.0,12.91866028708134,0.0,0.1363341944866683,False,False,False,False,False,False,False,-1.0,False,6,False,False,438.5553705967403,,3,False,3,False,True,False,True,"market_above_ma60, avoid_chase, liquidity_ok, kd_golden_cross, obv_uptrend, mfi_strong",,close_below_ema20,96.1,69.5,67.3,45.8,-0.86,False,59,X
2026-09-07,250.0,251.0,248.5,250.0,15258,3809616,7556,意德士,,3.95852717186159,4.009973305824418,-0.0514461339628278,246.3040028488668,245.14403173603296,238.0710839838924,53.95779116576124,26.65496597137087,8.809204430715141,40041.35,9977920.0,264.0,245.0,0.4047469738503232,-0.2644896444837961,0.0060362173038228,0.0060362173038228,248.5,0.341494023978346,264.62598352024787,247.15,229.67401647975217,0.5815404751525984,0.1414200568096124,17.24137931034483,11.858237547892712,249.8,252.5,4207921.0,4147891.4,-77.41935483870968,24.29504889707553,47.78900007201449,226.25,246.25,,,,-5007.0,0.0,0.0,0.0,-848.0,0.0,,0.0,0.0,0.1245,0.0356,0.0,0.0,0.0,0,False,0,False,False,True,True,0.3810560832739156,False,False,True,False,True,False,False,False,True,True,False,False,False,False,False,False,False,False,20.0,0.0,5.6000000000000005,0.0,0.25121691881509,False,False,True,False,False,False,False,-1.0,False,7,False,False,551.8251638585202,,3,False,3,True,False,False,True,"ema60_gt_ema120, market_above_ma60, avoid_chase, adx_trending, kd_golden_cross, obv_uptrend, above_ichimoku_cloud",,macd_death_cross,152.4,78.0,81.9,45.5,-0.8,False,123,D
2026-09-07,195.5,201.5,192.0,200.0,287309,56980039,7703,銳澤,,1.9802075298406687,-0.1225807831553018,2.102788312995971,182.83766420419445,187.2266186420725,194.9436792062726,66.85920105289324,11.978379746146611,6.540937324336003,83198.3,15284120.65,187.5,177.5,0.273588699300264,-0.2795249263653891,0.1173184357541898,0.0666666666666666,187.5,1.971090908963831,191.4272610496316,181.475,171.52273895036836,1.4306930308407495,0.1096818961248836,93.87755102040816,85.85429861599853,186.9,183.8,7499207.0,6957165.1,-5.357142857142857,390.7103825136632,81.87990294403492,179.0,186.0,,,,36000.0,1.0,0.0,0.0,4547.0,5.0,,0.0,0.0,0.747,0.1018,0.0,0.0,0.0,0,False,0,False,False,True,False,3.453303733369552,True,True,False,True,False,False,False,False,False,True,False,True,True,True,False,False,True,True,-20.0,-25.0,-6.25,25.0,1.9125115702379696,False,False,True,False,False,True,False,-1.0,False,10,True,False,772.4831761765512,,3,False,3,False,False,False,False,"volume_break, rsi_strong, breakout_20d, market_above_ma60, obv_uptrend, dealer_buy_3d, bb_squeeze_breakout, breakout_volume_confirm, mfi_strong, above_ichimoku_cloud",gap_chase_after_blowout,,429.2,93.6,96.8,40.4,2.32,False,47,D
2026-09-07,59.1,60.2,58.6,59.9,45025,2667580,7704,明遠精密,,0.1267916756712281,0.6798853106696325,-0.5530936349984044,61.40761819789214,60.33155759025495,58.30521193781796,43.60766714278781,16.699403429803606,1.7827458317735063,31687.95,1966122.45,64.4,59.6,-0.2872795823284668,0.0625288776927722,-0.0431309904153355,0.0050335570469797,59.6,0.7012815861757498,64.96306138891347,62.430000000000106,59.89693861108674,0.0006042863640531,0.0811488511585251,28.26086956521732,16.813773564345563,60.66000000000022,61.69000000000015,2878071.0,2991476.65,-74.50980392156869,-230.07764609726328,11.488576579738776,55.150000000000006,60.1,,,,4000.0,1.0,0.0,0.0,-3001.0,0.0,,0.0,0.0,0.1701,-0.0465,0.0,0.0,0.0,0,False,0,False,False,False,True,1.4208871195517538,False,False,False,False,True,False,False,False,False,False,False,False,False,False,False,False,False,False,10.0,25.0,7.512520868113534,0.0,-0.3754437217482521,False,False,False,False,False,False,False,-1.0,False,3,False,False,234.7035465345385,,3,False,3,False,True,False,True,"ema60_gt_ema120, market_above_ma60, avoid_chase",,close_below_ema20,-164.7,17.1,21.0,45.5,0.51,False,123,D
2026-09-07,158.0,159.0,154.0,155.0,180374,28165938,7712,博盛半導體,,1.6977697884596523,0.6420363331224825,1.0557334553371698,150.9754125517251,150.9767981999602,144.25642433586071,54.04239359307444,19.9839059073218,8.100095417472783,353838.2,53989186.85,160.5,147.0,0.4618663063840522,-0.4676507839033285,0.0163934426229508,0.0,155.0,0.386259881957777,161.5844436133973,149.7,137.81555638660268,0.7229805690703658,0.1587768017821952,33.333333333333336,38.49206349206361,153.9,154.55,7499498.0,7091005.0,-50.84745762711864,79.39879104721435,64.2779404375064,148.125,165.0,,,,-22980.0,0.0,0.0,0.0,10626.0,1.0,,0.0,0.0,0.6329,0.0464,0.0,0.0,0.0,0,False,0,False,False,True,True,0.509764067305339,False,False,False,False,True,True,False,False,False,True,False,False,False,False,False,False,True,False,0.0,0.0,3.548387096774193,0.0,0.1781227676991403,False,False,False,False,False,False,False,-1.0,False,6,False,False,402.2351138854431,,3,False,3,False,False,False,False,"ema60_gt_ema120, market_above_ma60, avoid_chase, liquidity_ok, obv_uptrend, mfi_strong",,,2.8,52.0,60.0,45.5,-0.64,False,123,D
2026-09-07,29.1,29.15,28.9,28.9,27200,787238,7715,裕山,,-1.0372085974372247,-0.8600206104437237,-0.177187986993501,30.47438169360326,31.45104876838456,31.48389830920421,36.408629699713245,22.78268140136925,1.2407821817585278,76286.25,2330259.45,33.8,28.9,-0.7616096345736332,-0.2229853988568459,-0.0236486486486487,-0.0017271157167529,28.95,0.4173106929447723,33.59062329458381,30.727500000000056,27.864376705416305,0.1808555182626627,0.1863557591462856,20.408163265306097,13.855190224237958,29.05,29.5,-2350380.0,-2348273.0,-88.23529411764706,-98.78355238285874,5.638789460359959,32.5,33.0,,,,-5000.0,0.0,0.0,0.0,0.0,0.0,,0.0,0.0,-0.1364,0.9225,0.0,0.0,0.0,0,False,0,False,False,False,False,0.3565518032410821,False,False,True,False,True,False,False,False,False,False,False,False,False,False,False,False,False,False,10.0,12.0,16.95501730103806,0.0,-0.002328367323586,False,False,False,False,False,False,False,-1.0,False,3,False,False,170.53757762452778,,3,False,3,False,True,False,True,"market_above_ma60, avoid_chase, adx_trending",,close_below_ema20,-154.3,21.1,8.3,31.6,-0.82,False,19,D
2026-09-07,492.5,494.0,492.0,494.0,551061,271838634,7717,萊德光電-KY,,4.45451273339296,-3.956122936368548,8.410635669761508,429.0665008765121,463.1544498672333,493.7781803407748,63.90717258624063,14.07828759514154,29.60526879573809,224763.4,98430958.6,449.5,386.0,0.3477321580999672,-0.3700261930854326,0.1569086651053863,0.0989988876529477,449.5,5.724560932434314,469.0665561923928,422.55,376.0334438076072,1.2680061235023754,0.2201706600042257,100.0,75.30120481927709,441.0,431.75,19935071.0,18361563.35,-0.0,296.77235075692647,69.4872747943357,417.5,542.25,,,,57000.0,5.0,0.0,0.0,1947.0,2.0,,0.0,0.0,0.3709,-0.215,0.0,0.0,0.0,0,False,0,False,False,True,False,2.4517381388606863,True,True,False,True,False,True,True,False,False,True,False,False,True,True,False,True,True,True,-20.0,-25.0,-9.008097165991904,25.0,2.0,True,False,False,False,False,True,False,-1.0,False,11,True,False,813.5173813886069,,3,False,3,False,False,False,False,"volume_break, rsi_strong, breakout_20d, market_above_ma60, liquidity_ok, foreign_buy_3d, obv_uptrend, bb_squeeze_breakout, breakout_volume_confirm, cci_momentum, mfi_strong",gap_chase_after_blowout,,469.0,93.9,97.8,46.9,0.85,False,49,C
2026-09-07,621.0,635.0,601.0,622.0,60976,37485156,7728,光焱科技,,6.076614128806568,1.747161807138402,4.329452321668166,619.2089763729317,636.3416768681863,643.7686322850791,50.86175648829122,20.646677239611613,30.887535402727096,24752.3,15639336.35,667.0,581.0,0.5270935424291805,-0.2734620368633332,-0.0158227848101265,0.006472491909385,618.0,1.8832970103380835,664.1590251020082,610.0,555.8409748979918,0.6107848597477343,0.1775705741049448,26.666666666666668,40.50162643382949,639.8,632.8,1827229.0,1709277.4,-53.2258064516129,18.883415435139483,63.36707785828465,581.75,644.0,,,,19000.0,1.0,0.0,0.0,-18.0,0.0,,0.0,0.0,0.5079,-0.4298,0.0,0.0,0.0,0,False,0,False,False,False,False,2.463447841210716,True,False,True,False,True,False,False,False,False,True,False,False,False,False,False,False,True,True,10.0,0.0,7.234726688102894,0.0,1.785063859051519,False,False,False,True,False,False,False,-1.0,False,6,True,False,441.0552447207254,,3,True,3,False,False,False,False,"volume_break, market_above_ma60, avoid_chase, adx_trending, obv_uptrend, mfi_strong",long_upper_shadow,,97.8,61.7,67.9,40.4,1.35,False,47,D
2026-09-07,2925.0,3130.0,2900.0,2915.0,422504,1268152290,7734,印能科技,,-90.51654862151328,-86.8624620360822,-3.65408658543106,2956.403608592654,3044.1177574819185,2835.362331986477,47.36206788876365,16.014324951651076,228.67593700126008,256289.75,765243210.0,3455.0,2710.0,-0.6745597366358211,-0.1182216841432947,0.0318584070796459,0.0086505190311418,2890.0,0.7238124896919731,3292.908942848649,2958.0,2623.0910571513505,0.4358034461035094,0.2264428281600064,45.05494505494506,28.205128205127647,2838.0,2887.0,13313556.0,13048315.0,-54.94505494505494,0.0830426839394694,42.96376557751883,3107.5,3345.0,,,,81459.0,2.0,-50000.0,0.0,8676.0,1.0,,0.0,0.0,0.6233,0.778,0.0,0.0,0.0,0,False,0,False,False,False,True,1.6485403727616887,True,False,False,False,True,True,False,False,False,True,False,False,False,False,False,False,False,False,0.0,0.0,18.52487135506004,0.0,0.4398855079457914,True,False,False,True,False,False,False,-1.0,False,6,True,False,426.7640298229664,,3,False,3,False,True,False,True,"ema60_gt_ema120, volume_break, market_above_ma60, avoid_chase, liquidity_ok, obv_uptrend",long_upper_shadow,close_below_ema20,27.4,60.2,64.7,45.5,0.8,False,123,D
2026-09-07,548.0,572.0,539.0,561.0,230325,128507308,7744,崴寶,,23.44667197757218,18.388922741402,5.0577492361701815,502.4025359116648,476.7912131180147,459.08025955027705,67.5965739789168,38.42172324525893,26.55158867328146,156097.45,77954310.3,545.0,487.0,0.7885379568288591,0.1794272938884178,0.1153081510934392,0.0293577981651376,545.0,1.276690242685392,552.5813632488909,500.325,448.06863675110907,1.0805513073212938,0.208889674707004,88.04347826086956,86.27090301003348,533.4,518.0,2502391.0,1967093.7,-11.34020618556701,233.9043118724153,71.67463121751501,415.75,451.5,,,,18014.0,4.0,0.0,0.0,1111.0,1.0,,0.0,0.0,1.0444,0.1231,0.0,0.0,0.0,0,False,0,False,False,True,True,1.4755205802529123,False,True,True,True,False,True,True,False,False,True,False,False,False,False,False,False,True,True,-20.0,-25.0,-2.8520499108734403,25.0,2.0,True,False,True,False,False,False,False,-1.0,False,10,False,False,793.7552058025291,,8,False,3,False,False,False,False,"ema60_gt_ema120, rsi_strong, breakout_20d, market_above_ma60, liquidity_ok, foreign_buy_3d, adx_trending, obv_uptrend, mfi_strong, above_ichimoku_cloud",,,418.4,97.4,97.4,42.0,0.39,False,193,D
2026-09-07,1635.0,1695.0,1585.0,1590.0,349051,572694280,7751,竑騰,,63.48999579417296,85.31147858533156,-21.8214827911586,1574.9665963060183,1494.6156524256735,1432.0542133363483,51.93636366856861,16.728668501970503,136.97942432134607,638560.15,1045239810.25,1985.0,1465.0,1.1387167247170085,0.308990716790154,-0.0154798761609906,-0.0124223602484472,1610.0,0.6124866307765134,1945.3882130634788,1581.75,1218.1117869365212,0.5113436923068366,0.4597922719310622,26.16822429906542,19.626168224298453,1576.0,1688.5,25046050.0,25719085.9,-69.29824561403508,17.59154397885992,46.87494327841649,1215.0,1470.0,,,,-44015.0,0.0,5000.0,2.0,-6255.0,0.0,,0.0,0.0,0.5097,-0.0199,0.0,0.0,0.0,0,False,0,False,False,True,True,0.5466219587927621,False,False,False,False,True,True,False,False,False,False,True,False,False,False,False,False,False,False,10.0,0.0,24.842767295597483,0.0,-0.5823023543983751,False,True,True,False,False,False,False,-1.0,False,6,False,False,453.4785913351472,,3,False,3,False,False,False,False,"ema60_gt_ema120, market_above_ma60, avoid_chase, liquidity_ok, invest_trust_buy_2d, above_ichimoku_cloud",,,54.1,63.4,69.7,45.5,-0.59,False,123,D
2026-09-07,34.8,34.8,34.55,34.75,9100,315424,7770,君曜,,-0.3410977389084166,-0.1509020180520099,-0.1901957208564067,36.15385277431976,38.16348882522378,43.03144660393986,46.96070483925297,5.895454327439057,2.5377811380785187,7956.2,289679.4,39.75,35.0,-0.7046161088334125,,-0.0400552486187846,-0.0071428571428571,35.0,1.7215692766098327,40.43630617642703,37.33500000000004,34.23369382357304,0.0832401167532889,0.1661339856128025,8.333333333333432,19.772291360007028,35.46999999999971,36.025,-1535570.0,-1460261.2,-94.8717948717948,-125.72094863306089,23.173561669058216,21.2125,24.475,,,,-4000.0,0.0,0.0,0.0,0.0,0.0,,0.0,0.0,-0.5818,0.2452,0.0,0.0,0.0,0,False,0,False,False,False,False,1.1437620974837237,False,False,False,False,True,False,False,False,False,False,False,False,False,False,False,False,False,False,20.0,25.0,14.388489208633093,0.0,-0.9946126101508044,False,False,True,False,False,False,False,-1.0,False,3,False,False,184.5022696530276,,3,False,3,False,True,True,True,"market_above_ma60, avoid_chase, above_ichimoku_cloud",,"close_below_ema20, close_below_swing_low",-214.9,8.1,10.4,45.5,0.16,False,123,D
2026-09-07,36.25,36.85,36.1,36.3,13526,492696,7753,星亞,,-0.7012792372458918,-0.7289721537035719,0.0276929164576801,37.15914994784683,38.93959395658445,40.63708817168608,36.50441539206409,9.021783748800908,0.8019564450075125,18343.8,678228.0,37.95,36.3,-0.2248093842226398,-0.3356292129302995,0.0,-0.0054794520547946,36.5,0.3310436149962757,38.23943892265102,37.14249999999984,36.04556107734865,0.1159767956981571,0.059066509936121,15.384615384615216,17.53130590339909,36.39999999999964,36.70999999999968,337061.0,487980.4,-86.36363636363652,-118.51851851851757,19.022827776666887,40.1125,41.7,,,,0.0,0.0,0.0,0.0,0.0,0.0,,0.0,0.0,-0.2298,-0.2748,0.0,0.0,0.0,0,False,0,False,False,False,False,0.737360852168035,False,False,False,False,True,False,False,False,False,False,False,False,False,False,False,False,False,False,20.0,12.0,4.545454545454562,0.0,-0.8905916252130727,False,False,False,True,False,False,False,-1.0,False,2,True,False,88.68650901912348,,3,False,3,False,True,False,True,"market_above_ma60, avoid_chase",long_upper_shadow,close_below_ema20,-253.8,1.7,0.6,45.8,-0.34,False,59,D
2026-09-07,119.5,119.5,119.5,119.5,86259,10307943,7772,耀穎,,1.4807177295631533,-2.403061729139693,3.883779458702848,95.90925674181216,106.56021209970056,113.23518783556788,73.59347818105039,19.888265070890416,5.7859696530977,66068.4,6251732.9,109.0,85.2,0.6513142645959388,-0.8615278106693587,0.3502824858757063,0.0963302752293577,109.0,1.700468758625462,108.56331536789216,92.71499999999978,76.8666846321074,1.3450424975220023,0.3418716576151091,100.0,100.0,101.9,95.21000000000022,645762.0,330046.5,-0.0,372.77777777777794,70.5597798403343,101.5,132.75,,,,-8000.0,0.0,0.0,0.0,3996.0,1.0,,0.0,0.0,0.1214,-0.1746,0.0,0.0,0.0,0,False,0,False,False,True,False,1.305601467569973,False,True,False,True,False,False,False,False,False,True,False,False,True,False,False,False,True,True,-20.0,-25.0,-8.786610878661087,25.0,0.5908426578748159,False,False,False,False,False,True,False,-1.0,False,6,True,False,400.1461265701975,,3,False,3,False,False,False,False,"rsi_strong, breakout_20d, market_above_ma60, obv_uptrend, bb_squeeze_breakout, mfi_strong",gap_chase_after_blowout,,0.7,51.2,59.8,45.5,0.37,False,123,C
2026-09-07,308.0,319.5,308.0,314.5,351460,110560662,7792,安葆,,20.80686512889952,19.6312352161267,1.1756299127728165,285.81083357593263,266.07445720512663,268.31576105978763,71.68803752544716,51.4769871873806,14.241830301571795,638174.6,178677266.4,314.0,298.5,1.7005557376277352,0.2349339127654664,0.0448504983388704,0.021103896103896,308.0,0.543375992973519,344.11526302505285,284.425,224.7347369749472,0.7519255107602482,0.4197258540919598,87.5,74.16666666666667,309.9,305.8,6740779.0,4106186.25,-12.5,78.57821370976647,78.0879631513879,212.375,244.5,,,,68153.0,3.0,0.0,0.0,2630.0,1.0,,0.0,0.0,0.0452,-0.1771,0.0,0.0,0.0,0,False,0,False,False,True,False,0.5507270267415846,False,True,True,True,True,True,True,False,False,True,False,False,False,False,False,False,True,True,-20.0,0.0,-0.1589825119236884,25.0,0.7866170331405178,True,False,True,False,False,False,False,-1.0,False,10,False,False,774.946674665102,,8,False,3,False,False,False,False,"rsi_strong, breakout_20d, market_above_ma60, avoid_chase, liquidity_ok, foreign_buy_3d, adx_trending, obv_uptrend, mfi_strong, above_ichimoku_cloud",,,431.7,95.7,96.9,40.4,-0.52,True,47,D
2026-09-07,224.0,224.0,217.0,217.5,55399,12184154,7810,捷創科技,,6.211902993688625,5.560479159957448,0.6514238337311768,211.64843086278967,207.58557065661867,207.94953654407385,60.17669699503395,36.78131703303332,8.46876356902192,86721.85,18774063.1,226.0,212.0,0.7705747426650092,0.0753405240868095,-0.0376106194690265,0.0,217.5,0.5106865455310544,231.48435132916103,209.825,188.1656486708389,0.67717520445007,0.2064515794510765,13.953488372093023,26.87338501291985,219.2,219.35,6882098.0,6517050.1,-42.52873563218391,56.95885132103381,72.69456266410621,190.25,214.25,,,,1719.0,1.0,0.0,0.0,502.0,4.0,,0.0,0.0,1.0978,-0.0002,0.0,0.0,0.0,0,False,0,False,False,True,False,0.6388124792079505,False,True,True,False,True,False,False,False,False,True,False,True,False,False,False,False,True,False,20.0,0.0,3.9080459770114944,0.0,1.1068175570858232,False,False,True,False,True,False,False,-1.0,False,8,True,False,644.6699354771093,,8,False,3,False,False,False,False,"rsi_strong, market_above_ma60, avoid_chase, adx_trending, obv_uptrend, dealer_buy_3d, mfi_strong, above_ichimoku_cloud",open_high_close_low,,245.3,87.0,89.7,45.5,-0.48,False,123,D
2026-09-07,120.0,120.0,113.5,114.5,20468,2355515,7820,立盈,,1.1858212423998111,1.913560969201409,-0.7277397268015979,117.83140265576648,120.03024888658084,132.10098140931464,44.62572235927463,16.787263017589236,4.209528513707309,22919.2,2736126.8,123.0,118.0,-0.0930229314873763,0.0294478739407277,-0.0614754098360655,-0.0296610169491525,118.0,2.021117603816445,124.77270354349902,119.875,114.97729645650098,-0.0487265564628264,0.0817135106318918,21.73913043478261,27.415458937198007,117.8,119.8,-1489139.0,-1463505.5,-75.0,-131.39158576051742,43.34445751811811,108.35,116.6,,,,0.0,0.0,0.0,0.0,0.0,0.0,,0.0,0.0,0.2164,-0.0812,0.0,0.0,0.0,0,False,0,False,False,False,False,0.8930503682502007,False,False,False,False,True,False,False,False,False,False,False,False,False,False,False,False,False,False,10.0,25.0,7.423580786026202,0.0,-0.3760965199970932,False,False,False,False,False,False,False,-1.0,False,2,False,False,169.41734544253688,,3,False,3,False,True,True,True,"market_above_ma60, avoid_chase",,"close_below_ema20, close_below_swing_low",-155.4,15.8,8.2,31.6,-0.17,False,19,D
2026-09-07,1990.0,2000.0,1855.0,1870.0,371518,712135735,7828,創新服務,,34.061760042113974,1.9037899642822715,32.157970077831706,1734.7657935093102,1697.340148278888,1534.5494514430668,57.09268254041126,15.8928019712298,131.8869955398199,240698.05,422578307.25,1930.0,1520.0,0.4290356387096917,-0.4710600239115422,0.0594900849858357,-0.0310880829015544,1930.0,2.347695759750034,1933.4682605626017,1709.0,1484.5317394373983,0.8586253120964041,0.2626895969135187,74.75728155339806,79.08576051779953,1825.0,1744.0,8067360.0,8175820.7,-25.0,141.24890061565506,74.87593149139795,1730.0,1750.0,,,,-7085.0,0.0,1000.0,2.0,-38800.0,0.0,,0.0,0.0,3.9716,0.1097,0.0,0.0,0.0,0,False,0,False,False,True,True,1.543502325839366,True,True,False,False,False,True,False,False,False,False,True,False,False,False,False,False,True,True,-10.0,-12.0,3.2085561497326207,8.0,-0.1278014144245841,False,True,True,False,True,True,False,-1.0,False,8,True,False,589.9014062852985,,3,True,3,False,False,False,False,"ema60_gt_ema120, volume_break, rsi_strong, market_above_ma60, liquidity_ok, invest_trust_buy_2d, mfi_strong, above_ichimoku_cloud","open_high_close_low, gap_chase_after_blowout",,190.5,82.1,85.3,45.5,0.67,False,123,D
2026-09-07,97.2,101.5,97.2,99.9,24296,2402604,7842,天能綠電,,2.633691656237417,3.055572652166725,-0.4218809959293077,97.7383534080904,99.11786820085426,112.30786372970802,54.08376939367454,17.156194783277677,5.959529297871873,93080.35,8957691.35,107.5,98.2,0.555435314881902,,0.0030120481927711,0.0173116089613034,98.2,0.2475735057081269,110.02708039841404,98.64000000000014,87.25291960158624,0.5553258586009179,0.2308815976969563,24.16666666666672,16.666666666666668,99.18000000000028,101.6,-2276399.0,-2317959.85,-65.94202898550722,20.91329208114684,68.1397533232269,67.925,61.0,,,,-7000.0,0.0,0.0,0.0,0.0,0.0,,0.0,0.0,0.5231,-0.0751,0.0,0.0,0.0,0,False,0,False,False,True,False,0.2610217946107852,False,False,False,False,True,False,False,False,True,True,False,False,False,False,False,False,True,False,10.0,0.0,7.607607607607601,0.0,0.2147124472956303,False,False,True,False,False,False,False,-1.0,False,6,False,False,450.1867673136554,,3,False,3,False,False,False,False,"market_above_ma60, avoid_chase, kd_golden_cross, obv_uptrend, mfi_strong, above_ichimoku_cloud",,,125.3,78.9,69.4,31.6,-0.94,False,19,X
2026-09-07,12.55,12.9,12.55,12.8,26273,333505,8024,佑華,,-0.3861204538528948,-0.3948480043051904,0.0087275504522955,13.342112829935257,13.79660972210049,13.668263111146814,33.31918937681927,14.851120006980407,0.5240988791003532,38512.85,512021.8,14.1,12.9,-0.3553635932577097,-0.2061501024891757,-0.026615969581749,-0.0077519379844961,12.9,0.4288968458525645,13.874356655233765,13.267499999999997,12.660643344766228,0.1148184287276971,0.0914801816821207,25.0,24.01960784313754,12.960000000000036,13.054999999999971,1707135.0,1814423.95,-75.0,-136.65302410186425,52.6636057770208,15.325,14.875,,,,3000.0,1.0,0.0,0.0,-3.0,0.0,,0.0,0.0,0.9947,-0.3979,0.0,0.0,0.0,0,False,0,False,False,False,True,0.682187893131773,False,False,False,False,True,False,False,False,True,False,False,False,False,False,False,False,True,False,10.0,12.0,10.156249999999991,0.0,-0.1008677986613,False,False,False,False,False,False,False,-1.0,False,5,False,False,367.6114653473821,,3,False,3,False,True,True,True,"ema60_gt_ema120, market_above_ma60, avoid_chase, kd_golden_cross, mfi_strong",,"close_below_ema20, close_below_swing_low",-31.8,40.7,53.2,45.5,-0.42,False,123,D
2026-09-07,36.0,36.0,35.6,35.75,12544,447818,8032,光菱,,-0.4338719587117907,-0.5056703616569843,0.0717984029451935,36.216094659384176,37.81722565910862,38.68416609423115,42.9010097944949,19.86321352998544,0.8378728949275182,39930.45,1456024.6,38.1,35.4,-0.1875333029802003,-0.4759523453137292,-0.023224043715847,0.0014005602240896,35.7,0.5696535244922342,37.591244658093736,36.27500000000009,34.958755341906446,0.3005689911933,0.0725703464145357,39.39393939393934,28.58585858585866,35.880000000000294,36.07500000000018,11623898.0,11724529.75,-60.60606060606066,-63.99554813578249,34.891347312993005,37.0625,40.650000000000006,,,,-4000.0,0.0,0.0,0.0,8.0,1.0,,0.0,0.0,0.7528,0.1954,0.0,0.0,0.0,0,False,0,False,False,False,False,0.3141462217430558,False,False,False,False,True,False,False,False,False,False,False,False,False,False,False,False,False,False,0.0,0.0,6.573426573426577,0.0,-0.1647262933863098,False,False,False,False,False,False,False,-1.0,False,2,False,False,131.16474669679485,,3,False,3,False,True,False,True,"market_above_ma60, avoid_chase",,close_below_ema20,-152.9,6.1,2.8,24.2,-0.96,False,33,D
2026-09-07,20.0,21.25,20.0,20.9,369979,7596880,8034,榮群,,0.1179113158080511,-0.0948597919442956,0.2127711077523468,19.533006946715204,20.382231127730748,21.5798054501056,65.474885749858,26.461879321432235,0.5600012229210082,100969.3,1970490.8,20.15,18.35,0.464871078512062,-0.3634690195751923,0.0582278481012656,0.0745501285347043,19.45,0.6557265418922296,20.643214108031728,19.207499999999985,17.771785891968236,1.0894279336435246,0.1494951563745149,85.71428571428565,64.1774891774894,19.91000000000004,19.79999999999991,49017444.0,48596852.8,-11.475409836065618,158.878504672897,85.18260979662324,19.675,21.450000000000003,,,,94000.0,2.0,0.0,0.0,-419.0,0.0,,0.0,0.0,-0.7282,0.5231,0.0,0.0,0.0,0,False,0,False,False,True,False,3.6642722094735727,True,True,True,True,False,False,False,False,False,True,False,False,False,True,False,True,True,True,-20.0,-25.0,-3.588516746411483,25.0,0.4672764493590751,True,False,False,False,False,False,False,-1.0,False,9,False,False,637.2500394870447,,8,False,3,False,False,False,False,"volume_break, rsi_strong, breakout_20d, market_above_ma60, adx_trending, obv_uptrend, breakout_volume_confirm, cci_momentum, mfi_strong",,,292.7,83.7,89.0,46.9,1.78,False,49,D
2026-09-07,32.0,32.0,30.85,30.85,128654,3995185,8038,長園科,,-0.7598840272799521,-1.0130792099369346,0.2531951826569825,31.771076698492305,34.767866895415466,37.75720338668693,40.65851120126531,20.564759758056184,1.1013960145321982,142793.55,4467303.2,32.85,30.65,-0.0357840189157751,-0.6236641433617889,-0.0206349206349205,-0.0329153605015672,31.9,0.8205425911513157,32.53894141977463,31.36750000000011,30.1960585802256,0.2791182763113671,0.0746914111596088,16.279069767441936,40.017551557701154,31.440000000000147,31.47000000000008,29257225.0,29511204.1,-67.92452830188672,-12.603215993046645,43.49882214215168,36.325,38.55,,,,-41340.0,0.0,0.0,0.0,348.0,3.0,,0.0,0.0,-0.3137,0.842,0.0,0.0,0.0,0,False,0,False,False,False,False,0.9009790708333816,False,False,True,False,True,False,False,False,False,False,False,True,False,False,False,False,False,False,20.0,0.0,6.482982171799027,0.0,-0.1436584656307286,False,False,False,False,False,False,False,-1.0,False,4,False,False,247.28588912076503,,3,False,3,False,True,False,True,"market_above_ma60, avoid_chase, adx_trending, dealer_buy_3d",,close_below_ema20,-128.1,17.6,24.2,42.0,-0.14,False,193,D
2026-09-07,77.5,82.5,74.5,82.5,4946764,399946363,8040,九暘,,0.2466908010062809,-1.2895112765911154,1.5362020775973964,74.57846711653636,78.11375457049223,76.36637899247272,59.1980268396467,17.130582958228704,4.626853747901215,837796.9,64777757.95,82.9,68.6,0.3161361479117187,-0.7496107896086521,0.2026239067055395,0.1,75.0,2.1782495486620967,80.82602506278002,73.26499999999996,65.7039749372199,1.1106976185980588,0.2064021036724238,80.57142857142854,53.26880041634164,78.10000000000073,74.57000000000008,15213125.0,12885109.75,-18.378378378378407,147.4172954149737,48.21841862948887,82.1,95.5,,,,267136.0,1.0,0.0,0.0,380.0,2.0,,0.0,0.0,0.4253,0.088,0.0,0.0,0.0,0,False,0,False,False,True,True,5.904490694582422,True,True,False,False,False,True,False,False,False,True,False,False,True,False,False,True,False,True,-20.0,-25.0,0.4848484848484917,25.0,0.3335058483094859,False,False,False,False,False,True,False,-1.0,False,8,True,False,599.0020701797139,,3,True,3,False,False,False,False,"ema60_gt_ema120, volume_break, rsi_strong, market_above_ma60, liquidity_ok, obv_uptrend, bb_squeeze_breakout, cci_momentum",gap_chase_after_blowout,,199.6,83.7,86.1,45.5,6.18,False,123,C
2026-09-07,187.0,187.5,181.0,186.5,252842,46546079,6861,睿生光電,,-11.123948703839062,-12.542401516036136,1.4184528121970723,195.56723534102943,228.87198995243835,227.89810032199847,39.972333292982825,22.76872223753779,10.889697577012583,305666.1,60173913.75,220.5,178.5,-0.863598167265013,-1.2117881478582382,-0.0079787234042553,0.0191256830601092,183.0,0.700661562679507,219.89533852268264,196.3,172.7046614773174,0.2923318626986619,0.2404008000273318,35.55555555555556,18.51851851851825,186.4,188.9,46209701.0,46383576.0,-67.34693877551021,-78.64045318227264,34.458453366513496,231.625,325.5,,,,0.0,0.0,0.0,0.0,0.0,0.0,,0.0,0.0,0.6336,0.2692,0.0,5.66,0.44,0,False,0,False,False,False,True,0.8271836490863724,False,False,True,False,True,True,False,False,True,False,False,False,False,False,False,False,False,False,0.0,0.0,18.230563002680967,0.0,-0.0753698322635949,False,False,False,False,True,False,False,-1.0,False,6,True,False,432.3673985037006,,3,False,3,False,True,False,True,"ema60_gt_ema120, market_above_ma60, avoid_chase, liquidity_ok, adx_trending, kd_golden_cross",open_high_close_low,close_below_ema20,75.6,64.6,65.7,35.4,-0.26,False,48,D
2026-09-07,124.5,126.0,122.5,126.0,81398,10126060,6902,GOGOLOOK,,-0.284992461673994,0.0488802575942671,-0.3338727192682612,126.406453882337,124.997754419069,117.1216027232772,48.93456735330843,10.819639020899844,4.279380811838253,78850.3,10127764.45,134.5,124.0,-0.2696627803030642,-0.1001749622854885,-0.0117647058823529,0.008,125.0,0.4034943270305706,133.8180043271663,127.925,122.03199567283367,0.3366707460975473,0.0921321763090296,50.0,35.71428571428563,125.2,126.1,1379889.0,1355716.8,-68.18181818181819,-81.97463768115944,35.98220071360228,120.125,130.75,,,,0.0,0.0,0.0,0.0,0.0,0.0,,0.0,0.0,0.3083,-0.004,0.0,3.87,-0.11,0,False,0,False,False,True,True,1.0323105936185404,False,False,False,False,True,False,False,False,False,True,False,False,False,False,False,False,False,False,0.0,0.0,6.746031746031746,0.0,0.0184440920839215,False,False,False,False,False,False,False,-1.0,False,4,False,False,275.54443504119246,,3,False,3,False,True,False,True,"ema60_gt_ema120, market_above_ma60, avoid_chase, obv_uptrend",,close_below_ema20,0.0,54.5,30.0,18.2,-0.17,False,11,D
2026-09-07,61.1,62.0,60.7,61.1,60028,3676535,7721,微程式,,-0.73961738588239,-0.8382547606029035,0.0986373747205134,61.72579200488962,64.64759152993342,65.56557724627966,44.408107253565824,13.985105532061151,1.9813895530999293,60627.25,3764966.0,64.6,60.3,-0.2294117312788405,-0.436872994942114,-0.0032626427406198,0.0032840722495894,60.9,0.6352258708211707,64.30774569059331,61.97999999999975,59.65225430940619,0.3109759146895139,0.075112800599986,39.47368421052634,28.65497076023409,61.0,61.51999999999971,5012877.0,5022883.35,-73.68421052631577,-62.97502714440799,56.31854549683147,62.85,70.4,,,,0.0,0.0,0.0,0.0,0.0,0.0,,0.0,0.0,0.6715,0.052,0.0,1.47,-0.08,0,False,0,False,False,False,False,0.9901158307526732,False,False,False,False,True,False,False,False,False,False,False,False,False,False,False,False,True,False,0.0,0.0,5.728314238952525,0.0,-0.0141022537469877,False,False,False,False,False,False,False,-1.0,False,3,False,False,209.73193126256288,,3,False,3,False,True,False,True,"market_above_ma60, avoid_chase, mfi_strong",,close_below_ema20,-65.8,18.2,14.9,18.2,-0.21,False,11,D
2026-09-07,285.5,285.5,274.0,279.0,110636,30821400,7722,LINEPAY,,-2.733154623500525,-2.886826992256536,0.1536723687560113,282.38795269836527,292.3586413609602,323.0642975076158,46.12050764300006,10.254014487976768,8.986806298720731,71574.25,20269290.6,293.5,274.5,-0.0871979322669757,-0.3126624102315399,-0.0210526315789473,-0.0035714285714285,280.0,0.5910821352739245,294.4654821623783,282.125,269.7845178376217,0.373384201732125,0.0874823724404309,25.0,19.166666666666668,278.2,282.6,-6370418.0,-6162796.95,-66.66666666666667,-42.61082460801199,59.18612670294532,299.75,320.5,,,,0.0,0.0,0.0,0.0,0.0,0.0,,0.0,0.0,0.1318,-0.0011,0.0,58.83,0.03,0,False,0,False,False,False,False,1.545751439938246,True,False,False,False,True,False,False,False,False,False,False,False,False,False,False,False,True,False,10.0,0.0,5.197132616487455,0.0,-0.5194553234066419,False,False,False,False,False,False,False,-1.0,False,4,False,False,279.2240505185028,,3,False,3,False,True,False,True,"volume_break, market_above_ma60, avoid_chase, mfi_strong",,close_below_ema20,3.7,63.6,30.8,18.2,0.37,False,11,D
2026-09-07,83.8,88.7,82.7,86.5,450562,38992545,6906,現觀科,,2.3553868172159724,0.7649967594311717,1.5903900577848007,77.10699129273605,76.99064828961579,78.83776919821915,69.41138848139266,31.61023083288169,3.669152410413605,115792.75,9275984.95,84.3,71.4,0.812056157571526,-0.3438959706804415,0.108974358974359,0.0260972716488732,84.3,5.14642272121203,84.84961999228396,75.47500000000036,66.10038000771677,1.088023835050087,0.2484165615709454,86.8263473053892,93.1805263644892,81.48000000000029,78.67000000000044,2679919.0,1459347.0,-11.956521739130446,203.18506315211408,95.77551626220831,73.825,88.8,,,,0.0,0.0,0.0,0.0,0.0,0.0,,0.0,0.0,0.1473,-0.0598,0.0,7.36,-0.21,0,False,0,False,False,True,False,3.8911071720811536,True,True,True,True,False,False,False,False,False,True,False,False,False,True,False,False,True,True,-20.0,-25.0,-2.5433526011560725,25.0,2.0,False,False,False,False,False,False,False,-1.0,False,8,False,False,632.9110717208116,,8,True,3,False,False,False,False,"volume_break, rsi_strong, breakout_20d, market_above_ma60, adx_trending, obv_uptrend, breakout_volume_confirm, mfi_strong",,,357.4,100.0,88.6,18.2,2.83,True,11,D
2026-09-07,221.5,222.5,220.5,220.5,43921,9715064,7765,中華資安,,-1.0491129879539756,-0.7901082225002725,-0.2590047654537031,223.59696616183064,227.3518975043391,235.4025499304348,38.9360874447031,23.6055920425373,3.377369978803334,33002.5,7440047.6,230.0,221.5,-0.1119490523694701,-0.0708077412051829,-0.0134228187919462,-0.0045146726862302,221.5,1.1568549712058966,228.228085244596,224.175,220.12191475540405,0.0466416595974705,0.0361600111037891,0.0,7.246376811594625,222.2,223.25,-5758591.0,-5586766.95,-100.0,-136.77712800519956,41.048533921530826,225.25,244.5,,,,0.0,0.0,0.0,0.0,0.0,0.0,,0.0,0.0,0.0937,0.1167,0.0,0.57,-0.16,0,False,0,False,False,False,False,1.3308385728353913,False,False,True,False,True,False,False,False,False,False,False,False,False,False,False,False,False,False,20.0,25.0,4.308390022675737,0.0,-0.7968894306922322,False,False,False,False,False,False,False,-1.0,False,3,False,False,243.7457125600472,,5,False,3,False,True,True,True,"market_above_ma60, avoid_chase, adx_trending",,"close_below_ema20, close_below_swing_low",-31.8,36.4,23.7,18.2,0.14,False,11,D
2026-09-07,83.8,83.8,81.6,83.2,27071,2243574,7823,奧義賽博-KY創,,0.0005490404172405,0.0706994135732219,-0.0701503731559813,83.42637400403731,84.66533746979388,91.1612001873217,48.577524171011845,21.60767356682096,1.9758989160138456,28858.45,2415630.1,85.4,82.7,-0.1126522312537745,0.0587962671636591,0.0036188178528346,0.0024096385542169,83.0,0.384836320499791,85.27443368619744,83.83999999999988,82.40556631380231,0.2769154453921109,0.0342183608348656,55.17241379310364,48.54953475643136,83.46000000000022,83.32000000000008,-2037725.0,-2074674.0,-40.62499999999987,-86.53448988021506,52.98463074533125,81.8,93.55,,,,0.0,0.0,0.0,0.0,0.0,0.0,,0.0,0.0,0.0311,0.0042,0.0,25.97,-0.01,0,False,0,False,False,False,False,0.9380614689978152,False,False,True,False,True,False,False,False,True,True,False,False,False,False,False,False,True,True,0.0,0.0,2.6442307692307727,8.0,0.6739780388224987,False,False,False,False,False,False,False,-1.0,False,6,False,False,460.4683511558481,,5,False,3,False,True,False,True,"market_above_ma60, avoid_chase, adx_trending, kd_golden_cross, obv_uptrend, mfi_strong",,close_below_ema20,184.9,81.8,70.8,18.2,-0.27,True,11,D
2026-09-07,25.55,25.6,25.55,25.6,3173,81169,6865,偉康科技,,1.1731524561915698,0.6203108617123185,0.5528415944792513,23.50636974711532,24.145630489245647,27.97731931078564,53.19398175918673,9.733065220441407,3.1419760078721235,10171.4,256903.45,26.95,25.0,,,-0.041198501872659,0.0019569471624265,25.55,1.2455440173589585,40.22361190869594,21.84250000000002,3.461388091304091,0.602210900479376,1.6830593483983896,50.00000000000008,41.66666666666666,25.45999999999985,25.7,-233850.0,-251135.85,-4.11985018726591,39.32593842116922,67.88385024622278,13.6125,14.95,,,,2000.0,1.0,0.0,0.0,0.0,0.0,,0.0,0.0,-0.4789,-0.4898,0.0,0.0,0.0,0,False,0,False,False,True,False,0.31195312346383,False,False,False,False,True,False,False,False,False,True,False,False,False,False,False,False,True,False,0.0,0.0,5.273437499999992,0.0,0.1762104826631818,False,False,True,False,False,False,False,-1.0,False,5,False,False,290.2340570265965,,3,False,3,False,False,False,False,"market_above_ma60, avoid_chase, obv_uptrend, mfi_strong, above_ichimoku_cloud",,,-11.4,40.7,33.9,33.3,-0.56,False,27,D
2026-09-07,291.0,315.0,284.5,301.5,274438,82051749,6870,騰雲,,6.786039195360331,1.8006393833617915,4.98539981199854,271.52327704021,263.56648116138706,249.4830469410089,67.37051004910379,17.711711730406016,15.365652748983846,73559.25,20394268.3,292.0,252.0,0.5744187049752334,-0.1402341705298991,0.1964285714285714,0.039655172413793,290.0,0.8631298069376864,295.24639506662743,267.075,238.9036049333725,1.110992105974559,0.2109624267836934,79.54545454545455,79.84848484848469,289.7,272.9,3947483.0,3325963.5,-20.30075187969925,213.2287581699342,77.15257417468088,264.0,262.5,,,,16969.0,1.0,0.0,0.0,-9371.0,0.0,,0.0,0.0,0.3582,-0.0083,0.0,0.0,0.0,0,False,0,False,False,True,True,3.730842823982028,True,True,False,True,False,False,False,False,False,True,False,False,True,True,False,False,True,True,-10.0,-25.0,-3.150912106135987,25.0,1.749548268662738,False,False,True,False,False,False,False,-1.0,False,10,False,False,768.3030074637732,,3,False,3,False,False,False,False,"ema60_gt_ema120, volume_break, rsi_strong, breakout_20d, market_above_ma60, obv_uptrend, bb_squeeze_breakout, breakout_volume_confirm, mfi_strong, above_ichimoku_cloud",,,466.7,100.0,96.4,33.3,1.27,True,27,D
2026-09-07,50.0,50.0,49.85,49.85,14357,717515,6925,意藍,,-1.1464013055017477,-1.3162029434740148,0.1698016379722673,51.04803683428965,55.337516593004665,63.41830510506669,38.75585518428219,9.664717418832112,1.2445355853031987,20386.25,1040957.2,54.4,49.6,-0.3322325529297266,-0.4606589114000202,0.0050403225806452,-0.003,50.0,0.2904266505795418,53.75406375310816,50.98750000000018,48.22093624689221,0.2944200637483401,0.108519294066505,17.50000000000007,22.5,50.26999999999971,50.275,-4201834.0,-4178150.4,-82.49999999999993,-77.95385043091464,57.23036317135963,55.1,66.1,,,,-3000.0,0.0,0.0,0.0,0.0,0.0,,0.0,0.0,-0.0458,-0.1013,0.0,0.0,0.0,0,False,0,False,False,False,False,0.7042491875651481,False,False,False,False,True,False,False,False,False,False,False,False,False,False,False,False,True,False,20.0,0.0,9.127382146439311,0.0,-0.1229180857984049,False,False,False,False,False,False,False,-1.0,False,3,False,False,185.5674748460706,,3,False,3,False,True,False,True,"market_above_ma60, avoid_chase, mfi_strong",,close_below_ema20,-116.1,14.8,10.5,33.3,-0.35,False,27,D
2026-09-07,25.0,25.0,24.9,24.9,12302,307456,6910,德鴻,,-0.0749364155500984,-0.1759661723215872,0.1010297567714887,24.781145035066967,25.74942657208196,28.08481262558435,50.455901517998726,21.063493153068563,0.4445898837991114,18175.85,449811.3,25.3,24.4,0.0363045085786482,-0.2658711839639694,0.0121951219512193,0.0060606060606061,24.75,0.8131336106056668,25.340845603790424,24.69000000000005,24.039154396209685,0.6613285845190889,0.0527213935836668,52.63157894736826,42.52297410192174,24.98999999999978,24.75,-5204215.0,-5238964.5,-44.00000000000006,50.04240882103532,49.983298631342,25.425,27.15,,,,1000.0,1.0,0.0,0.0,0.0,0.0,,0.0,0.0,-0.1845,-0.2422,0.0,0.0,0.0,0,False,0,False,False,False,False,0.676832170159855,False,False,True,False,True,False,False,False,True,True,False,False,False,False,False,False,False,True,0.0,0.0,1.6064257028112534,15.0,0.8975343747377106,False,False,False,False,False,False,False,-1.0,False,5,False,False,347.5387341984511,,5,False,3,False,False,False,False,"market_above_ma60, avoid_chase, adx_trending, kd_golden_cross, obv_uptrend",,,45.9,59.3,48.6,33.3,-0.36,False,27,D
2026-09-07,68.5,68.9,68.5,68.6,5153,353878,6997,博弘,,0.4484993297234965,2.0202699224171767,-1.5717705926936802,56.39823518696566,57.99397328005249,61.94748527608006,52.17898955063043,8.457387486481252,22.092502976253485,2414.75,164992.15,69.3,0.0,,,0.0088235294117646,inf,0.0,0.1263157894736842,109.42478410813702,54.70999999999985,-0.004784108137315,0.6269309586651044,2.0001748897143963,99.56458635703916,33.188195452346314,54.51999999999971,61.369999999999706,-142008.0,-147815.45,-0.4354136429608292,42.52985620277846,39.17839061415065,37.65,39.3,,,,0.0,0.0,0.0,0.0,0.0,0.0,,0.0,0.0,0.4118,0.0248,0.0,0.0,0.0,0,False,0,False,False,True,False,2.1339683197018324,True,False,False,False,True,False,False,False,False,True,False,False,False,False,True,False,False,False,-20.0,0.0,1.0204081632653104,15.0,0.3867662149164133,False,False,True,True,False,False,False,-1.0,False,6,True,False,350.9808777760153,,3,False,3,False,False,False,False,"volume_break, market_above_ma60, avoid_chase, obv_uptrend, williams_r_recovery, above_ichimoku_cloud",long_upper_shadow,,49.3,63.0,49.2,33.3,0.42,False,27,C
2026-09-07,50.0,50.3,50.0,50.3,4000,200300,7547,碩網,,-0.6675684262296073,-0.611751372662081,-0.0558170535675263,51.45232288652621,54.35561235907825,58.91054378821895,43.11811111156274,10.324321021867927,1.5030837019457786,13420.6,699844.55,57.1,50.1,-0.4235592450695685,-0.2846546937285522,-0.0078895463510849,-0.0098425196850393,50.8,0.8719346049046321,55.10065782360423,52.05999999999968,49.01934217639512,0.2105889412585592,0.116813592916042,31.818181818181685,42.67676767676736,50.81999999999898,50.76999999999898,3054707.0,3076747.7,-85.41666666666674,-86.9756644252324,13.430065183778469,50.85,61.525,,,,0.0,0.0,0.0,0.0,0.0,0.0,,0.0,0.0,0.2297,-0.1525,0.0,0.0,0.0,0,False,0,False,False,False,False,0.298049267543925,False,False,False,False,True,False,False,False,False,False,False,False,False,False,False,False,False,True,0.0,0.0,13.518886679920486,0.0,-0.5176199442720893,False,False,False,False,False,False,False,-1.0,False,2,False,False,141.76905334417418,,3,False,3,False,True,False,True,"market_above_ma60, avoid_chase",,close_below_ema20,-159.9,7.4,3.9,33.3,-0.56,False,27,X
2026-09-07,161.5,163.5,159.0,162.5,106994,17296818,7714,創泓科技,,1.273175953369872,3.1331268599287627,-1.8599509065588904,166.60687013062085,158.88497510623318,151.06127565718126,47.92897189177606,20.97715433833716,9.862329148003544,451382.65,78329086.9,184.0,160.0,0.1981918619127729,0.387388371021665,-0.0384615384615384,0.0124610591900311,160.5,0.2317437986334909,186.430652643088,168.35,150.26934735691205,0.3382248662291404,0.214798368198253,14.285714285714286,7.619047619047706,163.7,169.8,11463347.0,11530330.0,-85.71428571428571,-65.37482873360743,56.541337057881705,167.75,164.75,,,,1020.0,2.0,0.0,0.0,-533.0,0.0,,0.0,0.0,0.6107,-0.254,0.0,0.0,0.0,0,False,0,False,False,True,True,0.2370361377425561,False,False,True,False,True,True,False,False,False,False,False,False,False,False,False,False,True,False,20.0,0.0,13.230769230769232,0.0,-0.0262015447875818,True,False,False,False,False,False,False,-1.0,False,6,False,False,447.0559428399746,,3,False,3,False,True,False,True,"ema60_gt_ema120, market_above_ma60, avoid_chase, liquidity_ok, adx_trending, mfi_strong",,close_below_ema20,145.4,81.5,68.8,33.3,-0.6,False,27,X
2026-09-07,166.0,171.0,163.5,168.0,203384,33967859,7738,東聯互動,,1.0461859806096356,0.7131172677332014,0.3330687128764342,169.67461167271807,169.64575473112,173.65900483837257,47.27711707561096,33.28560175046672,4.1792457393821545,39418.0,6709655.35,175.0,169.0,0.1252489310414206,-0.0030692840918887,-0.0059171597633136,-0.04,175.0,5.017113442507626,174.7291268778786,169.275,163.8208731221214,0.3831160304345612,0.0644410205627362,28.125,64.93055555555536,171.8,170.8,-3123320.0,-3079980.75,-71.875,-55.31295487627388,59.562925007640864,169.75,171.25,,,,-16000.0,0.0,0.0,0.0,0.0,0.0,,0.0,0.0,0.0917,0.0381,0.0,0.0,0.0,0,False,0,False,False,False,False,5.159673245725303,True,False,True,False,True,False,False,False,False,False,False,False,False,False,False,False,True,True,10.0,0.0,4.166666666666666,0.0,-0.742622340162256,False,False,False,False,False,False,False,-1.0,False,5,False,False,406.0885319180529,,10,False,3,False,True,True,True,"volume_break, market_above_ma60, avoid_chase, adx_trending, mfi_strong",,"close_below_ema20, close_below_swing_low",104.4,74.1,60.9,33.3,2.04,False,27,D
2026-09-07,113.5,114.0,113.5,114.0,2121,241180,7747,昕奇雲端,,4.6329475144898,3.4542477586623224,1.1786997558274774,107.5227623376462,107.88823460220632,112.83337759855932,52.15293362600013,7.490771705960647,14.561997426092612,13512.35,1539171.75,116.0,113.0,,,0.0044052863436123,-0.0043668122270742,114.5,0.5987004323292336,171.1809462551446,102.7,34.21905374485543,0.5825047010733375,1.3336114168479956,80.0,68.33333333333333,113.5,113.65,-1986159.0,-1884604.0,-50.0,36.76610040911428,4.814387681029544,62.5,66.5,,,,0.0,0.0,0.0,0.0,0.0,0.0,,0.0,0.0,0.3517,0.1167,0.0,0.0,0.0,0,False,0,False,False,True,False,0.1569675149030331,False,False,False,False,True,False,False,False,False,False,False,False,False,False,False,False,False,False,-20.0,0.0,1.7543859649122806,15.0,-1.2852687355864785,False,False,True,False,False,False,False,-1.0,False,3,False,False,191.1464503219926,,3,False,3,False,False,False,False,"market_above_ma60, avoid_chase, above_ichimoku_cloud",,,-110.5,22.2,11.2,33.3,-0.64,False,27,X
2026-09-07,511.0,515.0,506.0,514.0,35089,17921093,7805,威聯通,,-38.225679693264965,-30.53176241073356,-7.693917282531409,562.7152866389429,617.8043638343651,646.9299408914728,32.92705208642599,37.71553066900437,20.37912079610384,149484.1,94854396.8,701.0,502.0,-2.2265554522190154,-0.3859078823004394,0.0118110236220472,0.0118110236220472,508.0,0.3052466258249975,767.8805671089855,591.9,415.9194328910145,0.2786687437148779,0.5946293870889863,56.0,29.33333333333333,511.4,512.4,-3178707.0,-2789592.2,-93.06930693069307,-61.96711327649203,16.478995417959638,612.25,690.5,,,,-2000.0,0.0,0.0,0.0,397.0,1.0,,0.0,0.0,0.1358,0.1659,0.0,0.0,0.0,0,False,0,False,False,False,False,0.2347339951205512,False,False,True,False,True,True,False,False,False,False,False,False,False,False,False,False,False,False,0.0,0.0,36.38132295719844,0.0,-0.475053263814388,False,False,False,False,False,False,False,-1.0,False,4,False,False,301.64670078543287,,8,False,3,False,True,False,True,"market_above_ma60, avoid_chase, liquidity_ok, adx_trending",,close_below_ema20,0.0,51.9,37.1,33.3,-0.6,False,27,X
2026-09-07,44.2,44.5,43.5,44.5,7000,309100,7839,達人網,,-0.4231039832146166,-0.3926250749736655,-0.0304789082409511,44.81156686245264,46.32148476892301,46.97843992575387,44.79406705695968,35.7761082511249,1.15697791496724,16851.65,756435.2,45.8,43.95,-0.2030878488741636,-0.0969676010668748,0.0,0.012514220705347,43.95,0.2345483917309964,46.10109912780543,44.977500000000056,43.85390087219468,0.2875131850036619,0.0499627203737591,75.0,61.46825396825383,44.23000000000029,44.53000000000011,-747511.0,-670315.7,-40.0,-87.90786948176563,17.043419845472087,44.6625,56.55,,,,-3000.0,0.0,0.0,0.0,0.0,0.0,,0.0,0.0,0.0454,0.0089,0.0,0.0,0.0,0,False,0,False,False,False,False,0.4153895909302649,False,False,True,False,True,False,False,False,True,False,False,False,False,False,False,False,False,False,-10.0,0.0,2.921348314606735,8.0,-0.6208772765185688,False,False,False,False,False,False,False,-1.0,False,4,False,False,299.7033685910798,,10,False,3,False,True,False,True,"market_above_ma60, avoid_chase, adx_trending, kd_golden_cross",,close_below_ema20,-1.9,48.1,36.4,33.3,-0.5,False,27,D
2026-09-07,24.85,24.85,24.2,24.7,131061,3207825,6838,台新藥,,0.1473105776389154,-0.0838929346689682,0.2312035123078836,23.531046043385125,23.994974036614355,25.047291041825776,68.02964974580674,19.95591040225823,0.6135752863104885,91145.1,2134174.4,24.65,23.0,0.2672457825687762,-0.0997912308643996,0.0739130434782608,0.0020283975659229,24.65,2.40350461620568,24.37698877272537,23.25250000000001,22.128011227274644,1.1436258125066745,0.0967198170283078,90.90909090909092,84.61038961038928,23.989999999999963,23.519999999999985,-724139.0,-1403782.15,-7.843137254901942,253.1961334580601,82.54259905065538,24.325,25.15,,,,0.0,0.0,0.0,0.0,0.0,0.0,,0.0,0.0,0.0,0.0,0.0,1.63,0.12,0,False,0,False,False,True,False,1.437937969238061,False,True,False,True,False,False,False,False,False,True,False,False,True,False,False,False,True,True,-20.0,-25.0,-0.2024291497975737,25.0,1.4923831239452492,False,False,False,False,False,False,False,-1.0,False,6,False,False,412.2879771797236,,3,False,3,False,False,False,False,"rsi_strong, breakout_20d, market_above_ma60, obv_uptrend, bb_squeeze_breakout, mfi_strong",,,39.0,60.5,62.0,50.0,0.89,False,38,D
2026-09-07,24.35,25.9,24.0,25.15,1286251,32461768,6885,全福生技,,0.8775011410904199,0.5010802272218263,0.3764209138685935,22.51235954490577,22.039745205416693,23.010212871840647,71.03677668454837,41.11275557420058,1.024785368498372,479521.5,11113864.55,24.6,20.9,1.1068755433322546,0.0390170218327349,0.0887445887445885,0.0435684647302903,24.1,1.229289981417772,25.065377560800183,21.920000000000027,18.77462243919987,1.0134518730365534,0.2869870037226417,81.0126582278481,72.15820491652933,24.090000000000146,23.269999999999985,-14831916.0,-16584272.05,-13.392857142857148,139.0549626566836,82.83053243949168,21.112500000000004,23.9,,,,0.0,0.0,0.0,0.0,0.0,0.0,,0.0,0.0,1.0871,-0.6472,0.0,2.51,0.01,0,False,0,False,False,True,False,2.682363564511706,True,True,True,True,False,False,False,False,False,True,False,False,False,True,False,False,True,True,-20.0,-25.0,-2.186878727634184,25.0,1.9630706791100505,False,False,True,False,False,False,False,-1.0,False,9,False,False,715.3804837944376,,8,False,3,False,False,False,False,"volume_break, rsi_strong, breakout_20d, market_above_ma60, adx_trending, obv_uptrend, breakout_volume_confirm, mfi_strong, above_ichimoku_cloud",,,358.6,93.8,94.8,35.4,0.54,False,48,D
2026-09-07,170.0,170.0,165.5,166.0,265521,44243059,6890,來億-KY,,-2.396859828260005,-3.4319524427889707,1.0350926145289652,168.7159712215215,177.97073632789906,187.2896971781171,45.45351731561379,15.758405199546957,7.44998704320491,302398.2,51449328.7,179.5,159.5,-0.0891334535512748,-0.6431621996916344,-0.0059880239520958,-0.0206489675516223,169.5,1.7904745143221998,179.35939793499162,167.65,155.9406020650084,0.4295437729095681,0.1396886124066998,2.702702702702702,29.1866151866155,167.8,168.3,16028160.0,15899027.0,-69.23076923076923,-16.61202185792368,73.36080541440138,191.625,224.75,,,,0.0,0.0,0.0,0.0,0.0,0.0,,0.0,0.0,0.0806,0.0288,0.0,86.29,-0.01,0,False,0,False,False,False,False,0.8780508614138576,False,False,False,False,True,True,False,False,False,True,False,False,False,False,False,False,True,False,20.0,0.0,8.132530120481928,0.0,0.1645399035519347,False,False,False,False,False,False,False,-1.0,False,5,False,False,345.7549874567618,,3,False,3,False,True,False,True,"market_above_ma60, avoid_chase, liquidity_ok, obv_uptrend, mfi_strong",,close_below_ema20,27.5,66.7,48.1,26.7,0.07,False,15,D
2026-09-07,121.5,121.5,120.5,121.0,56667,6843619,6914,阜爾運通,,-6.874297888650787,-4.958624483373629,-1.9156734052771585,132.24978984181774,139.67616000692323,142.23075665397332,19.95974067627158,35.29800518187041,2.8273885758178525,122454.55,16599046.5,148.5,121.0,-1.4322740100000018,-0.1638844811446543,-0.0081967213114754,0.0,121.0,0.7566463573138937,161.85912593777635,136.275,110.69087406222366,0.201475046731113,0.3754779077274092,15.384615384615383,8.576480990273922,121.5,124.8,-68937.0,120947.85,-96.66666666666669,-80.49372989298135,50.00281438301365,146.0,144.0,,,,0.0,0.0,0.0,0.0,0.0,0.0,,0.0,0.0,0.0995,-0.0191,0.0,2.24,-0.01,0,False,0,False,False,False,False,0.462759448301431,False,False,True,False,True,False,False,False,True,False,False,False,False,False,False,False,True,False,20.0,0.0,22.727272727272727,0.0,-0.6520949280815987,False,False,False,False,False,False,False,-1.0,False,5,False,False,391.8024553460351,,10,False,3,False,True,False,True,"market_above_ma60, avoid_chase, adx_trending, kd_golden_cross, mfi_strong",,close_below_ema20,52.5,66.7,57.9,30.3,-0.78,False,33,D
2026-09-07,15.1,15.1,14.7,14.95,1134896,16861963,6901,鑽石投資,,-0.5565466660878542,-0.3951360925344894,-0.1614105735533647,16.06575561580499,16.464738431460198,16.355804988896026,36.658271086225945,13.53870300738403,0.6527973719194502,1895874.25,31205355.75,17.35,14.9,-0.7009981690261793,-0.2213277823734036,-0.056782334384858,0.0,14.95,0.6183074966392861,17.777458881020948,16.25750000000003,14.73754111897911,0.069889680462338,0.1869855612512276,11.11111111111111,6.734006734007077,15.099999999999818,15.709999999999946,-2355743.0,1685215.05,-91.2280701754386,-151.1159400606632,35.095048072469524,18.05,17.225,,,,0.0,0.0,0.0,0.0,0.0,0.0,,0.0,0.0,0.0,0.0,0.0,0.74,-0.19,0,False,0,False,False,False,True,0.5986135420110273,False,False,False,False,True,False,False,False,False,False,False,False,False,False,False,False,False,False,20.0,25.0,16.053511705685633,0.0,-0.3558104767191183,False,False,False,False,False,False,False,-1.0,False,3,False,False,196.7164096994809,,3,False,3,False,True,False,True,"ema60_gt_ema120, market_above_ma60, avoid_chase",,close_below_ema20,-142.5,12.1,12.7,30.3,-0.64,False,33,D
2026-09-07,86.0,86.4,85.1,85.2,4358520,373204685,6919,康霈*,,-4.913746217722533,-2.5147853785383134,-2.39896083918422,97.54087967144248,102.24035850397772,108.87830637751384,31.9462519552468,21.88861966019634,5.523946377675052,10992879.95,1079911323.6,113.5,84.5,-1.2674067107201747,-0.0750325867533677,-0.1012658227848101,-0.0138888888888889,86.4,0.7837998688413385,118.38168987142788,100.66499999999978,82.94831012857169,0.0635471379746743,0.3519930436880371,13.382899628252815,9.724124437487868,87.07999999999883,94.42999999999957,-51817063.0,42983719.8,-90.24390243902435,-145.61511137367165,16.246433621416188,104.525,103.5,,,,0.0,0.0,0.0,0.0,0.0,0.0,,0.0,0.0,0.0,0.0,0.0,12.61,-1.81,0,False,0,False,False,False,False,0.3964857271092095,False,False,True,False,True,True,False,False,False,False,False,False,False,False,False,False,False,False,20.0,25.0,33.21596244131455,0.0,-2.0,False,False,False,False,False,False,False,-1.0,False,4,False,False,244.9648572710921,,3,False,3,False,True,False,True,"market_above_ma60, avoid_chase, liquidity_ok, adx_trending",,close_below_ema20,-111.8,27.1,23.9,35.4,-0.45,False,48,D
2026-09-07,77.7,78.0,77.0,78.0,18256,1414331,6918,愛派司,,1.3191890283133318,1.0726781516079915,0.2465108767053403,75.65244223359292,74.42491071701807,75.81086910519713,64.3831327479736,41.39522912675342,1.753874463616607,34097.85,2573952.85,78.0,74.0,0.360659202392861,0.0624358448891292,0.0103626943005181,0.0025706940874037,77.8,1.4254865629223032,78.99660505186593,75.38999999999979,71.78339494813365,0.8618361260057764,0.0956786059654105,58.82352941176473,57.2701807995921,77.33999999999942,76.83999999999978,-3371147.0,-3553626.75,-36.36363636363631,88.46918489065642,73.08410380325779,71.825,72.9,,,,0.0,0.0,0.0,0.0,0.0,0.0,,0.0,0.0,0.2014,0.0863,0.0,0.81,-0.03,0,False,0,False,False,True,False,0.5354003258269949,False,True,True,False,True,False,False,False,False,True,False,False,False,False,False,False,True,True,0.0,-12.0,0.0,25.0,1.0773894059824745,False,False,True,False,False,False,False,-1.0,False,7,False,False,576.2826761300596,,10,False,3,False,False,False,False,"rsi_strong, market_above_ma60, avoid_chase, adx_trending, obv_uptrend, mfi_strong, above_ichimoku_cloud",,,219.5,85.4,84.2,35.4,-0.39,False,48,D
2026-09-07,41.0,41.0,40.65,41.0,28032,1146024,6931,青松健康,,0.38353795985212,0.5036189256366129,-0.1200809657844929,40.94437638568028,41.01217642504814,43.43400799698058,52.49705736848048,25.690377890273343,0.8613263239899558,102890.6,4347875.4,43.55,40.95,0.0065482683412004,0.0423905238704939,-0.0108564535585042,0.0,41.0,0.4811506373813949,42.99783806358394,41.38000000000002,39.76216193641609,0.3825593214322638,0.0781942031698368,33.333333333333336,31.41762452107348,41.15000000000036,41.32500000000018,1499992.0,1537120.7,-60.97560975609765,-52.784822015591295,36.55723340890776,38.4,39.2,,,,0.0,0.0,0.0,0.0,0.0,0.0,,0.0,0.0,0.2448,0.0179,0.0,0.82,-0.01,0,False,0,False,False,False,False,0.2724447131224815,False,False,True,False,True,False,False,False,False,False,False,False,False,False,False,False,False,False,0.0,0.0,6.219512195121944,0.0,-0.3090354003574139,False,False,True,False,False,False,False,-1.0,False,4,False,False,309.0160223269358,,5,False,3,False,False,False,False,"market_above_ma60, avoid_chase, adx_trending, above_ichimoku_cloud",,,-47.7,45.8,38.9,35.4,-0.5,False,48,X
2026-09-07,75.8,78.8,72.8,77.6,91308,6972189,6934,心誠鎂,,0.3073088669433019,-0.0303556496227259,0.3376645165660279,74.155759968014,74.70057428083749,77.09859951172297,59.656638791834425,14.763617291053349,2.827975552201147,26743.4,1976811.65,76.1,72.4,0.2427997200501201,0.1395751055250584,0.044414535666218,0.0688705234159778,72.6,1.4553642576518568,76.38956834425244,73.46499999999978,70.54043165574711,1.2069419335209393,0.0796180043354705,82.85714285714282,42.54442075337647,75.01999999999899,74.47999999999956,815049.0,708858.85,-15.584415584415616,177.90487658037344,67.23756669860009,73.95,71.8,,,,0.0,0.0,0.0,0.0,0.0,0.0,,0.0,0.0,-0.9844,-0.9959,0.0,12.29,-0.07,0,False,0,False,False,True,False,3.4142255659340246,True,True,False,True,True,False,False,False,False,True,False,False,True,True,False,True,True,True,-20.0,-25.0,-1.9329896907216493,25.0,0.7757735809162287,False,False,True,False,False,False,False,-1.0,False,11,False,False,748.451538630335,,3,False,3,False,False,False,False,"volume_break, rsi_strong, breakout_20d, market_above_ma60, avoid_chase, obv_uptrend, bb_squeeze_breakout, breakout_volume_confirm, cci_momentum, mfi_strong, above_ichimoku_cloud",,,391.7,100.0,95.7,35.4,0.86,True,48,D
2026-09-07,32.8,33.1,32.8,32.9,13725,452378,6936,永鴻生技,,0.1649817284519841,0.1139770653448588,0.0510046631071252,32.5169530423596,32.61542626559179,33.22432233190501,58.41305342295503,39.03747827024468,0.3791629582635137,22380.3,726796.8,33.1,32.35,0.1251730115282385,-0.0314360261505999,0.017001545595054,0.0030487804878049,32.8,0.4838120873852596,33.09094563224867,32.472499999999854,31.85405436775104,0.8456245607602183,0.038090423111791,52.17391304347812,47.94685990338076,32.77999999999956,32.659999999999854,-3935933.0,-3969151.0,-40.74074074074101,114.5337144066898,53.3272224900315,32.1125,33.25,,,,0.0,0.0,0.0,0.0,0.0,0.0,,0.0,0.0,0.1309,0.2413,0.0,0.55,0.0,0,False,0,False,False,True,False,0.6132625568021877,False,True,True,False,True,False,False,False,False,True,False,False,False,False,False,True,True,True,0.0,-12.0,0.6079027355623187,25.0,0.3849129272201629,False,False,False,False,False,False,False,-1.0,False,7,False,False,563.7515806946639,,5,False,3,False,False,False,False,"rsi_strong, market_above_ma60, avoid_chase, adx_trending, obv_uptrend, cci_momentum, mfi_strong",,,207.0,83.3,83.2,35.4,-0.35,False,48,D
2026-09-07,81.9,81.9,67.1,67.1,24486488,1918083627,6949,沛爾生醫-創,,10.48533559490204,52.36828999039716,-41.88295439549512,1006.1077625845502,921.7801477638388,809.8491200721696,25.54165246441417,39.21164678926858,171.8180277163741,1508828.8,415657545.45,1490.0,1020.0,-1.7091797361483492,0.3336867982579079,-0.9403555555555556,-0.95496644295302,1490.0,1.8963612932825955,1540.782629401485,1004.1050000000002,467.42737059851504,-0.3729681923252224,1.06896714865773,0.0,66.66666666666667,1060.4200000000012,1069.2100000000005,-11764236.0,9003268.5,-100.0,-383.32773671286304,68.83093312813577,953.75,863.5,,,,0.0,0.0,0.0,0.0,0.0,0.0,,0.0,0.0,-0.226,-0.2305,0.0,4.12,-0.12,0,False,1,False,False,False,True,16.22880475240133,True,False,True,False,True,True,False,False,False,False,False,False,False,False,False,False,True,False,20.0,25.0,2120.566318926975,0.0,-2.0,False,False,False,False,False,False,False,-1.0,False,7,False,False,496.0,,8,False,3,True,True,True,True,"ema60_gt_ema120, volume_break, market_above_ma60, avoid_chase, liquidity_ok, adx_trending, mfi_strong",,"macd_death_cross, close_below_ema20, close_below_swing_low",139.3,75.0,74.6,35.4,6.4,False,48,X
2026-09-07,38.5,39.35,38.0,39.25,22500,871205,6952,大武山,,-1.2939482369395918,-0.6857615254865184,-0.6081867114530735,34.72939872145281,35.935503092228096,37.22836158592537,53.00883384544916,19.663604576994768,5.7528755334234685,13937.3,529892.35,39.7,0.0,,,0.0274869109947644,0.0274869109947644,38.2,0.787958927339705,52.502623621763234,35.94500000000007,19.387376378236908,0.599802969178979,0.9212754831972808,99.74587039390089,65.98212817757303,30.51000000000022,34.17000000000026,-1055494.0,-1130811.7,-0.2541296060991141,53.90373340131167,71.1922776107753,34.6375,35.6,,,,0.0,0.0,0.0,0.0,0.0,0.0,,0.0,0.0,0.1738,0.0868,0.0,0.37,0.0,0,False,0,False,False,True,False,1.6143729416744994,True,False,False,False,True,False,False,False,False,True,False,False,False,False,False,False,True,False,-20.0,0.0,1.1464968152866315,15.0,0.9602120279707568,False,False,True,False,False,False,False,-1.0,False,6,False,False,437.666273752394,,3,False,3,False,False,False,False,"volume_break, market_above_ma60, avoid_chase, obv_uptrend, mfi_strong, above_ichimoku_cloud",,,0.0,100.0,67.1,100.0,0.0,True,1,D
2026-09-07,100.0,100.5,99.0,100.0,25384,2522042,6955,邦睿生技-創,,-2.6155637530115854,-1.0742172173072846,-1.5413465357043008,107.4335350021524,114.31695933417927,123.004351367336,46.581054896166926,7.049277708027199,10.745944322415571,10215.05,1136772.35,125.5,98.9,,,-0.074074074074074,0.0,100.0,0.327426915583884,159.78689134081816,107.49500000000008,55.20310865918199,0.4283349692675046,0.9729176490221508,18.803418803418825,11.22276122276162,101.48000000000027,105.89000000000014,7644.0,22013.5,-91.09311740890688,-36.61101097302596,27.439469907374075,89.0,76.5,,,,0.0,0.0,0.0,0.0,0.0,0.0,,0.0,0.0,0.2133,-0.2103,0.0,17.9,0.0,0,False,0,False,False,False,False,2.484960915511917,True,False,False,False,True,False,False,False,True,False,False,False,False,False,False,False,False,False,20.0,0.0,25.5,0.0,-0.430448426497013,False,False,True,False,False,False,False,-1.0,False,5,False,False,389.684228037155,,3,False,3,False,True,False,True,"volume_break, market_above_ma60, avoid_chase, kd_golden_cross, above_ichimoku_cloud",,close_below_ema20,32.9,58.3,57.5,35.4,0.46,False,48,D
2026-09-07,219.5,222.5,218.5,221.0,55038,12113613,6957,裕慶-KY,,0.9126104156601116,0.9108073982413272,0.0018030174187843,219.1482328939072,211.3532252908053,200.40435886406152,52.95748852616951,13.73547724708614,6.835713572496069,72159.9,15843809.0,229.0,215.5,0.1334791496410343,0.2404771573574108,0.0068337129840547,0.0068337129840547,219.5,0.7229410612273673,225.4611613775629,218.4,211.3388386224371,0.6841056917535964,0.0646626499776823,29.41176470588235,22.766884531590524,219.3,220.75,3010110.0,2902293.55,-54.54545454545455,52.92792792792738,65.99489447205261,227.5,208.0,,,,0.0,0.0,0.0,0.0,0.0,0.0,,0.0,0.0,-0.4755,-0.4756,0.0,5.81,-0.78,0,False,0,True,True,True,True,0.7627227864783627,False,False,False,False,True,False,False,False,False,True,False,False,False,False,False,False,True,False,10.0,0.0,3.619909502262444,0.0,0.1841949587792045,False,False,False,False,False,False,False,-1.0,False,7,False,False,429.8375673701341,,3,False,3,False,False,False,False,"macd_golden_cross, ema60_gt_ema120, market_above_ma60, avoid_chase, hist_turn_positive, obv_uptrend, mfi_strong",,,90.6,75.8,65.1,30.3,-0.47,False,33,D
2026-09-07,17.4,17.6,17.1,17.45,26557,462805,6958,日盛台駿,,-0.1477751171474786,-0.1188253490603699,-0.0289497680871086,17.54690765571721,17.639332720178054,17.620205589635354,47.57901610298732,14.933006971680232,0.4275602485234669,30930.0,539422.1,18.65,17.1,-0.0574035169086124,0.0634052983806503,0.0145348837209302,0.0057636887608067,17.35,0.7474539114698725,18.003832034147468,17.479999999999972,16.956167965852476,0.4713648669379338,0.0599350153486838,38.09523809523793,26.98412698412721,17.270000000000074,17.45,813229.0,762160.2,-54.16666666666672,-31.703703703701485,54.26250192108436,18.05,17.65,,,,0.0,0.0,0.0,0.0,0.0,0.0,,0.0,0.0,-0.0768,0.0236,0.0,0.55,-0.01,0,False,0,False,False,False,True,0.8586162301972196,False,False,False,False,True,False,False,False,False,True,False,False,False,False,False,False,True,False,0.0,0.0,6.876790830945555,0.0,0.1792904106682314,False,False,False,True,False,False,False,-1.0,False,5,True,False,305.73764722999096,,3,False,3,False,True,False,True,"ema60_gt_ema120, market_above_ma60, avoid_chase, obv_uptrend, mfi_strong",long_upper_shadow,close_below_ema20,-33.5,33.3,37.8,30.3,-0.37,False,33,D
2026-09-07,75.1,75.1,73.4,74.8,26000,1932500,6965,中傑-KY,,-0.8319175756221284,-0.9182965544433788,0.0863789788212503,74.88620418172627,77.05543000844003,79.50862481267276,46.70031332295099,36.06537920863375,1.4221943299914035,22851.15,1697962.7,77.0,73.4,-0.1164197563319563,-0.1566342009498512,0.0121786197564275,0.0135501355013549,73.8,0.4990695581588331,76.39762955711412,74.68500000000022,72.97237044288632,0.5335741023276447,0.0458627450522566,80.64516129032236,57.090053763440665,73.9,74.3300000000003,-1698111.0,-1668743.7,-21.87500000000007,-11.382113821139203,52.097699609743096,78.2,78.85,,,,0.0,0.0,0.0,0.0,0.0,0.0,,0.0,0.0,0.033,0.039,0.0,77.37,0.0,0,False,0,False,False,False,False,1.1377983164961063,False,False,True,False,True,False,False,False,False,False,False,False,False,False,False,False,True,False,-20.0,0.0,2.941176470588239,8.0,-0.4446749862835506,False,False,False,False,False,False,False,-1.0,False,4,False,False,289.04188332955846,,5,False,3,False,True,False,True,"market_above_ma60, avoid_chase, adx_trending, mfi_strong",,close_below_ema20,-29.2,46.7,33.3,26.7,0.85,False,15,D
2026-09-07,11.85,12.25,11.8,12.25,17056,204660,6988,威力暘-創,,-0.1814030158859179,-0.2336937132116976,0.0522906973257797,11.836766419046912,12.578739135790263,13.477222854197024,53.045452658719455,6.731721683310889,0.5512719255782678,46304.75,550369.25,13.0,11.3,-0.5014713479356436,,0.0652173913043479,0.0337552742616034,11.85,0.5154431935210853,12.858654941300635,11.929999999999971,11.00134505869931,0.67229219690138,0.1556839801006984,100.0,69.65811965811918,11.620000000000072,11.614999999999965,-540007.0,-366879.05,-0.0,30.879514750482347,20.79227837577605,6.8375,8.875,,,,0.0,0.0,0.0,0.0,0.0,0.0,,0.0,0.0,-0.1735,-0.1629,0.0,3.13,-0.17,0,False,0,True,True,False,False,0.3683423406885903,False,False,False,False,False,False,False,False,False,False,False,False,False,False,False,False,False,True,-20.0,0.0,6.122448979591836,0.0,-0.7974358887388057,False,False,True,False,False,False,False,-1.0,False,4,False,False,214.11419274202024,,3,False,3,False,False,False,False,"macd_golden_cross, market_above_ma60, hist_turn_positive, above_ichimoku_cloud",,,-59.6,32.6,15.9,34.9,-1.37,False,43,D
2026-09-07,30.0,30.0,29.6,29.8,70472,2092301,7705,三商餐飲,,-0.2184417417386299,-0.1225779214698297,-0.0958638202688001,30.39101595444904,30.985986224888244,32.57380980645925,39.62765563748084,15.955020617530424,0.4763316817091357,48117.15,1455952.55,31.2,29.8,-0.137320936612547,-0.0869469507649734,-0.0099667774086379,-0.0016750418760469,29.85,1.493930496995615,31.30368642157193,30.505000000000017,29.70631357842809,0.0586503157193505,0.0523642957922909,18.75000000000003,13.541666666666666,29.98999999999978,30.30499999999993,-4356502.0,-4079714.45,-82.35294117647054,-150.87719298245474,30.57396263654197,30.9625,31.6,,,,0.0,0.0,0.0,0.0,0.0,0.0,,0.0,0.0,-0.0466,-0.0252,0.0,2.34,0.05,0,False,0,False,False,False,False,1.4645921464592146,False,False,False,False,True,False,False,False,False,False,False,False,False,False,False,False,False,False,20.0,25.0,4.697986577181204,0.0,-1.7407494714383098,False,False,False,False,False,False,False,-1.0,False,2,False,False,128.75692780733243,,3,False,3,False,True,False,True,"market_above_ma60, avoid_chase",,close_below_ema20,-174.0,11.1,2.7,27.8,0.39,False,18,D
2026-09-07,33.55,34.85,33.55,34.85,10000,342850,7732,金興精密,,-0.1417505117606978,-0.0785711835763389,-0.0631793281843589,34.41356425658172,34.40733484492336,34.417611479226515,52.11825453454537,6.458545382027857,1.1201195717157029,26408.1,906363.2,36.1,33.5,-0.052773845337449,,0.0028776978417266,0.0387481371087929,33.55,0.1403109993300149,35.335113042507125,34.36749999999993,33.39988695749273,0.7493248740993921,0.0563097718779194,100.0,37.77777777777798,33.95999999999985,34.32999999999993,657019.0,667615.55,-0.0,22.40896358543465,71.59147624945311,26.6,18.4,,,,0.0,0.0,0.0,0.0,0.0,0.0,,0.0,0.0,-0.1456,-0.2968,0.0,0.39,0.0,0,False,0,False,False,True,False,0.378671695426782,False,False,False,False,True,False,False,False,False,False,False,False,False,False,True,False,True,False,-20.0,0.0,3.5868005738880915,0.0,-0.1012469847743353,False,False,True,False,False,False,False,-1.0,False,5,False,False,267.5717531369758,,3,False,3,False,False,False,False,"market_above_ma60, avoid_chase, williams_r_recovery, mfi_strong, above_ichimoku_cloud",,,-6.1,48.8,28.2,34.9,-1.35,False,43,D
2026-09-07,69.8,69.8,68.7,69.4,12200,842719,7736,虎山,,-0.2858360586586457,-0.3111632247522324,0.0253271660935867,69.65209949847629,70.9910235430947,74.31948868177186,46.80621916881508,13.49536046643082,1.2222010112122554,17419.6,1213812.55,71.3,68.7,-0.0792701089971557,-0.0692431659006288,-0.0014388489208632,0.0,69.4,0.3395585738539898,71.03236581235106,69.7050000000003,68.37763418764953,0.3851107972036222,0.0380852395768096,66.66666666666693,65.43209876543187,69.32000000000116,69.31000000000058,2076657.0,2040619.15,-63.63636363636352,-60.60606060605845,25.47246929039028,70.3,73.25,,,,0.0,0.0,0.0,0.0,0.0,0.0,,0.0,0.0,-0.3099,-0.2057,0.0,1.28,-0.02,0,False,0,False,False,False,False,0.7003605134446257,False,False,False,False,True,False,False,False,False,True,False,False,False,False,False,False,False,True,0.0,0.0,2.737752161383273,8.0,0.2367880000248326,False,False,False,False,False,False,False,-1.0,False,3,False,False,167.84506113474424,,3,False,3,False,True,False,True,"market_above_ma60, avoid_chase, obv_uptrend",,close_below_ema20,-105.9,16.3,8.1,34.9,-0.51,False,43,D
2026-09-07,2425.0,2475.0,2360.0,2375.0,336295,809034580,7750,新代,,28.75140108689493,37.871450638845936,-9.120049551951006,2318.965429400661,2227.572736055748,2035.9278561226013,53.10009997856087,12.381152732230683,149.45497915286322,412855.45,984238009.0,2515.0,2140.0,-0.1866558086403802,0.2240896914775992,0.0462555066079295,-0.0165631469979296,2415.0,0.8330266798729018,2540.09355948295,2353.0,2165.90644051705,0.5587941136530808,0.1590255499217592,52.23880597014925,45.2399798953417,2327.0,2337.5,9373001.0,8951421.65,-43.67816091954023,44.02437507772668,58.13402075211241,2001.25,2247.5,,,,0.0,0.0,0.0,0.0,0.0,0.0,,0.0,0.0,2.0265,0.0829,0.0,16.95,0.16,0,False,0,False,False,True,True,0.814558703294337,False,False,False,False,True,True,False,False,False,True,False,False,False,False,False,False,True,False,0.0,0.0,5.894736842105263,0.0,0.4606352675850501,False,False,True,False,False,False,False,-1.0,False,7,False,False,488.673210243964,,3,False,3,False,False,False,False,"ema60_gt_ema120, market_above_ma60, avoid_chase, liquidity_ok, obv_uptrend, mfi_strong, above_ichimoku_cloud",,,129.7,75.5,73.8,37.7,-0.24,False,53,D
2026-09-07,33.0,33.5,33.0,33.2,37268,1235758,7760,享溫馨,,-0.1248687334370899,-0.183323062716081,0.0584543292789911,33.20360487487271,33.689118660369616,34.65038331003294,48.27195122133628,7.592594370045912,0.6194983004184181,74470.5,2458712.85,33.3,32.85,0.0667251379733959,-0.0345737079066916,0.0060606060606061,0.0,33.2,0.8957969119170421,33.45464270509546,33.03500000000022,32.615357294904975,0.6965958159124171,0.0254059455181013,66.66666666666693,66.66666666666606,33.16000000000058,33.095000000000255,-801017.0,-870047.5,-33.33333333333307,101.30718954248508,43.866416327305856,34.275,33.65,,,,0.0,0.0,0.0,0.0,0.0,0.0,,0.0,0.0,-0.1412,-0.0467,0.0,0.41,0.01,0,False,0,False,False,False,False,0.5004397714531257,False,False,False,False,True,False,False,False,False,True,False,False,False,False,False,True,False,True,0.0,0.0,0.3012048192770912,25.0,0.2386104399090799,False,False,False,False,False,False,False,-1.0,False,4,False,False,257.8677229934402,,3,False,3,False,True,False,True,"market_above_ma60, avoid_chase, obv_uptrend, cci_momentum",,close_below_ema20,-44.9,33.3,26.0,27.8,-0.8,False,18,D
2026-09-07,16.8,16.8,16.6,16.65,701835,11676443,7780,大研生醫*,,-0.0997149458254647,-0.1126036628598716,0.0128887170344069,16.84774754409304,18.3928283404059,33.5529113807487,43.04073497547905,16.04110661303323,0.2813193867847625,760914.85,12792132.25,17.1,16.65,0.0209285855415597,-0.2229168362068046,-0.0059701492537314,-0.0029940119760479,16.7,0.7757530566864309,17.10765752161867,16.809999999999853,16.512342478381036,0.23123474399422,0.0354143392764805,8.33333333333289,11.1111111111101,16.780000000000292,16.840000000000146,-8696045.0,-8789256.25,-87.50000000000028,-81.48148148147992,55.37083924541823,17.175,18.05,,,,0.0,0.0,0.0,0.0,0.0,0.0,,0.0,0.0,0.3208,-0.1843,0.0,0.71,-0.15,0,False,0,False,False,False,False,0.9223568182431976,False,False,False,False,True,False,False,False,False,True,False,False,False,False,False,False,True,False,20.0,0.0,2.70270270270272,8.0,0.0204737885902596,False,False,False,False,False,False,False,-1.0,False,4,False,False,312.46925364551515,,3,False,3,False,True,False,True,"market_above_ma60, avoid_chase, obv_uptrend, mfi_strong",,close_below_ema20,7.1,59.1,40.1,22.7,0.37,False,22,D
2026-09-07,56.0,56.0,55.3,55.8,30289,1682607,7791,皇家可口,,-1.202889682036762,-1.2219878052465607,0.0190981232097986,56.94514796051772,59.72979653412867,63.05986783051051,32.65475523908127,38.15041161783873,0.7435383750382789,46966.0,2683300.65,59.7,55.0,-0.2750402622513819,-0.231581936899666,-0.0106382978723404,0.0145454545454544,55.0,0.8559188613166829,58.98043298209375,56.81499999999996,54.64956701790618,0.2656357854541983,0.0762275097102449,38.09523809523793,14.213564213564192,55.6,56.16999999999971,-8011568.0,-7833870.9,-66.66666666666677,-100.65645514223225,29.37835518650853,61.225,64.3,,,,0.0,0.0,0.0,0.0,0.0,0.0,,0.0,0.0,-0.0324,0.0838,0.0,0.44,-0.02,0,False,0,True,True,False,False,0.6449133415662394,False,False,True,False,True,False,False,False,True,False,False,False,False,False,False,False,False,False,0.0,0.0,6.989247311827968,0.0,-0.4267558513631461,False,False,False,False,False,False,False,-1.0,False,6,False,False,431.3280631993047,,5,False,3,False,True,False,True,"macd_golden_cross, market_above_ma60, avoid_chase, hist_turn_positive, adx_trending, kd_golden_cross",,close_below_ema20,126.0,86.4,65.3,22.7,-0.54,False,22,D
2026-09-07,380.0,403.0,370.5,395.0,670481,260209184,7799,禾榮科,,0.4119270231589098,-2.5941956117190133,3.006122634877923,368.4320862246949,373.6069581738156,396.5780599263391,59.02288029940375,14.442162431797154,18.2675662489343,284576.65,105177743.7,383.5,352.0,0.2401774201273092,-0.18096175164949,0.0748299319727892,0.0675675675675675,370.0,1.2309089846121906,388.9907223935738,364.575,340.1592776064262,1.1230616385122372,0.1339407386330592,84.31372549019608,43.66013071895456,369.4,369.95,-14294343.0,-15126705.4,-13.79310344827586,211.87511279552467,56.47864224152498,395.875,386.5,,,,0.0,0.0,0.0,0.0,0.0,0.0,,0.0,0.0,0.0,0.0,0.0,3.2,-0.15,0,False,0,False,False,True,False,2.3560647017244736,True,True,False,True,False,True,False,False,False,True,False,False,True,True,False,True,True,False,-20.0,-25.0,-2.911392405063291,25.0,0.6616225915232465,False,False,False,False,False,False,False,-1.0,False,10,False,False,671.5001181155237,,3,False,3,False,False,False,False,"volume_break, rsi_strong, breakout_20d, market_above_ma60, liquidity_ok, obv_uptrend, bb_squeeze_breakout, breakout_volume_confirm, cci_momentum, mfi_strong",,,314.8,91.7,92.2,35.4,0.4,False,48,D
2026-09-07,19.75,19.75,19.0,19.5,58827,1136088,7803,雲象科技-創,,-0.3384624919669114,-0.4428460772210872,0.1043835852541757,19.560720825452456,21.291350602991137,24.06492347602593,45.76103313407154,11.11509673666893,0.7023386136116373,29797.9,573979.5,19.95,19.1,-0.0972040081419128,-0.3981882439451375,0.0209424083769633,0.0,19.5,0.4461696336947307,19.962379793803173,19.44249999999997,18.92262020619677,0.5553012452930538,0.0534786980895666,66.66666666666677,55.55555555555535,19.359999999999854,19.360000000000035,-1093111.0,-1141501.4,-22.22222222222218,6.715506715507095,28.45167277716817,21.0125,24.75,,,,0.0,0.0,0.0,0.0,0.0,0.0,,0.0,0.0,-0.3997,-0.5728,0.0,2.88,0.02,0,False,0,False,False,False,False,1.9741995241275392,True,False,False,False,True,False,False,False,False,True,False,False,False,False,False,False,False,False,0.0,0.0,2.307692307692304,8.0,0.0893385116873353,False,False,False,False,False,False,False,-1.0,False,4,False,False,223.8140573815234,,3,False,3,False,True,False,True,"volume_break, market_above_ma60, avoid_chase, obv_uptrend",,close_below_ema20,-132.9,18.8,17.9,35.4,0.23,False,48,D
2026-09-07,39.55,39.9,39.4,39.75,99657,3953990,7821,神數,,-0.2488031626385733,-0.3978369911196644,0.149033828481091,39.51434491362004,41.34570503274831,44.71358757196682,50.64832132760728,12.210721337129026,0.6861968216019652,96867.25,3810315.6,41.6,38.85,0.0037526864208282,-0.1985593646218756,0.0166240409207161,0.0050568900126422,39.55,0.2707922093893103,39.90780729962355,39.29750000000004,38.68719270037652,0.8707148843534256,0.0310608715375539,74.99999999999987,61.90476190476208,39.53999999999978,39.26999999999989,-9422562.0,-9567803.15,-25.000000000000128,92.77238403451864,50.5413971725346,40.725,42.95,,,,0.0,0.0,0.0,0.0,0.0,0.0,,0.0,0.0,0.451,0.3126,0.0,0.7,0.02,0,False,0,False,False,False,False,1.0287997233327053,False,False,False,False,True,False,False,False,True,True,False,False,False,False,False,False,True,True,-10.0,-12.0,4.654088050314469,0.0,0.5589464721875212,False,False,False,False,False,False,False,-1.0,False,5,False,False,364.9953548995773,,3,False,3,False,False,False,False,"market_above_ma60, avoid_chase, kd_golden_cross, obv_uptrend, mfi_strong",,,91.3,72.1,52.4,34.9,0.34,False,43,D
2026-09-07,152.5,154.5,151.0,154.0,147036,22432238,7827,漢康-KY創,,-0.875862266779933,-0.0374586156879422,-0.8384036510919907,155.7991224775715,155.00404373143712,147.29681231785258,46.93135300813882,10.94308510218558,6.275327915977425,236213.25,37397164.85,164.0,151.0,-0.2564047582685392,-0.1385007662680792,-0.0032362459546925,0.0198675496688742,151.0,0.5826725493162489,165.20272752837678,157.525,149.84727247162323,0.270439886869412,0.0974794798079895,46.15384615384615,31.891025641025408,152.5,156.15,6149567.0,6679529.35,-56.09756097560975,-74.41634241245099,40.759223366048936,152.25,157.75,,,,0.0,0.0,0.0,0.0,0.0,0.0,,0.0,0.0,0.0,0.0,0.0,24.84,0.03,0,False,0,False,False,False,True,0.6224714320640353,False,False,False,False,True,False,False,False,False,False,False,False,False,False,False,False,False,False,0.0,0.0,6.493506493506493,0.0,-0.7149042806209912,False,False,False,False,False,False,False,-1.0,False,3,False,False,147.64586295318844,,3,False,3,False,True,False,True,"ema60_gt_ema120, market_above_ma60, avoid_chase",,close_below_ema20,-209.1,10.4,4.6,35.4,-0.35,False,48,D
2026-09-07,177.5,178.0,173.5,177.0,2356741,415400669,8033,雷虎,,-1.8192448176944247,-0.3759940079178389,-1.4432508097765864,183.7168174394252,179.23687891799648,168.0536238188087,45.887926206885,11.7599685228699,11.62343165271014,8956301.5,1702162114.7,201.5,173.0,-0.2248581067859843,0.3242118480080133,-0.053475935828877,0.0056818181818181,176.0,0.3132032473112415,200.1793627644617,185.35,170.5206372355383,0.2184639646144939,0.160014704768942,13.75,8.760683760683605,178.5,183.95,366496120.0,376949204.55,-86.25,-104.28769017980612,44.83037623448298,193.875,197.5,,,,0.0,0.0,0.0,0.0,0.0,0.0,,0.0,0.0,-0.0948,-0.4764,0.0,4.92,-0.12,0,False,0,False,False,False,True,0.2631377472051382,False,False,False,False,True,True,False,False,False,False,False,False,False,False,False,False,False,False,20.0,0.0,13.84180790960452,0.0,-0.3106671370488006,False,False,False,False,False,False,False,-1.0,False,4,False,False,228.9033718274657,,3,False,3,False,True,False,True,"ema60_gt_ema120, market_above_ma60, avoid_chase, liquidity_ok",,close_below_ema20,-110.4,21.2,20.1,30.3,-0.98,False,33,X
2026-09-07,42.75,42.75,42.05,42.2,2098313,88881578,7855,和運租車,,-9.281321556437431,-10.96608956349642,1.684768007058988,49.722205637883626,70.31061281877241,83.27957781718887,17.326673642006924,51.55149956184611,2.073064231808361,2353276.2,102911830.55,82.0,42.75,-0.1901637794745422,,-0.0208816705336426,-0.0128654970760233,42.75,0.2899570422745821,44.46620813663191,43.40249999999978,42.33879186336766,-0.0652396360373325,0.0490159846383101,9.375000000000346,6.299603174603059,42.69000000000015,43.03999999999978,-28833734.0,-20774767.8,-91.4285714285711,-185.9486748001657,18.398775355557945,97.675,53.0,,,,0.0,0.0,0.0,0.0,0.0,0.0,,0.0,0.0,0.0702,0.1547,0.0,23.14,0.08,0,False,0,False,False,False,False,0.8916560665509641,False,False,True,False,True,True,False,False,False,False,False,False,False,False,False,False,False,False,20.0,25.0,94.31279620853078,0.0,-0.7931599146258895,False,False,False,False,False,False,False,-1.0,False,4,False,False,329.398641689999,,8,False,3,False,True,True,True,"market_above_ma60, avoid_chase, liquidity_ok, adx_trending",,"close_below_ema20, close_below_swing_low",-9.9,48.5,43.7,30.3,-0.33,False,33,D
