date,open,high,low,close,volume,amount,stock_id,name,industry_category,macd,macd_signal,macd_hist,ema20,ema60,ema120,rsi14,adx14,atr14,volume_ma20,amount_ma20,close_20d_high,close_10d_low,lr_slope_20,lr_slope_60,return_5d,day_return,prev_close,prev_volume_ratio,bb_upper,bb_mid,bb_lower,bb_pct_b,bb_bandwidth,stoch_k,stoch_d,sma5,sma10,obv,obv_ma,williams_r,cci20,mfi14,ichi_senkou_a,ichi_senkou_b,market_ma60,market_above_ma60,market_return_5d,foreign_net,foreign_buy_streak,invest_trust_net,invest_trust_streak,dealer_net,dealer_buy_streak,relative_strength_5d,margin_change_5d,short_ratio,revenue_yoy,revenue_mom,revenue_3m_yoy,foreign_holding_pct,foreign_holding_chg5d,insider_net_30d,has_buyback,limit_down_streak,macd_golden_cross,hist_turn_positive,above_ema60,ema60_gt_ema120,volume_ratio,volume_break,rsi_strong,adx_trending,breakout_20d,avoid_chase,liquidity_ok,foreign_buy_3d,stronger_than_market,kd_golden_cross,obv_uptrend,invest_trust_buy_2d,dealer_buy_3d,bb_squeeze_breakout,breakout_volume_confirm,williams_r_recovery,cci_momentum,mfi_strong,ma5_above_ma10,kd_level_score,bb_level_signal,gap_to_20d_high_pct,breakout_proximity_score,obv_strength,foreign_buy_accel,invest_trust_accel,above_ichimoku_cloud,long_upper_shadow,open_high_close_low,gap_chase_after_blowout,earnings_blocked,f_score,f_score_low,condition_count,skip_trade,entry_signal,entry_score,momentum_score,expected_hold_days,momentum_decay_signal,estimated_sl_days,macd_death_cross,close_below_ema20,close_below_swing_low,base_exit_signal,entry_reason,skip_reason,base_exit_reason,sector_rs,sector_rs_rank,market_rs_rank,sector_breadth_60,sector_vol_zscore,is_sector_leader,sector_stock_count,grade
2026-07-29,27.3,27.75,26.2,26.85,230250,6183072,4582,聚恆-創,,0.2302900901649813,0.2255352570628272,0.0047548331021541,27.36421407710544,27.769990991167905,27.452264935996773,46.48187223936696,15.976318567527828,1.222781303222057,208952.3,5751713.35,28.5,27.2,0.2864619951412481,-0.2711061525137483,-0.0545774647887322,-0.0128676470588234,27.2,0.7669759520456887,28.955685971432743,27.369999999999983,25.784314028567223,0.3360331082672909,0.1158703669296865,20.31250000000007,27.978614691490293,27.8,27.864999999999963,-265372.0,-341317.75,-67.99999999999993,-40.95238095238061,53.900485809659735,27.075000000000003,34.15,,,,0.0,0.0,0.0,0.0,0.0,0.0,,0.0,0.0,3.0074,0.0317,0.0,1.86,-0.1,0,False,0,False,False,False,True,1.101926133380681,False,False,False,False,True,False,False,False,False,True,False,False,False,False,False,False,True,False,10.0,0.0,6.145251396648039,0.0,0.065468899905949,False,False,False,False,False,False,False,-1.0,False,5,False,False,356.8048881326782,,3,False,3,False,True,True,True,"ema60_gt_ema120, market_above_ma60, avoid_chase, obv_uptrend, mfi_strong",,"close_below_ema20, close_below_swing_low",-20.1,43.3,43.3,16.7,-0.29,False,1518,D
2026-07-29,33.45,33.45,30.2,31.3,367766,11545688,4545,銘鈺,,-1.1195379714384617,-0.7042114220544575,-0.4153265493840039,34.63263738407885,35.025587889167454,34.57368649016673,32.62981844977023,24.487009329564493,1.5706607196116322,168019.05,6016684.9,39.75,32.75,-1.051423842377852,0.2031764761054433,-0.0927536231884057,-0.0442748091603053,32.75,0.8502198184356816,40.08689208817337,35.43500000000004,30.783107911826708,0.0555571881694553,0.2625591696443249,24.444444444444457,32.29112229112252,32.97000000000007,33.465000000000146,21730201.0,22499825.5,-87.13450292397658,-124.93224932249322,7.796125716893371,37.1,37.2,,,,0.0,0.0,0.0,0.0,0.0,0.0,,0.0,0.0,0.0209,0.3516,0.0,28.82,0.0,0,False,0,False,False,False,True,2.1888351350635538,True,False,True,False,True,False,False,False,False,False,False,False,False,False,False,False,False,False,10.0,25.0,26.99680511182108,0.0,-0.4350121408428309,False,False,False,False,True,False,False,-1.0,False,5,True,False,366.6682056605216,,3,False,3,False,True,True,True,"ema60_gt_ema120, volume_break, market_above_ma60, avoid_chase, adx_trending",open_high_close_low,"close_below_ema20, close_below_swing_low",-10.2,46.4,46.4,16.7,1.01,False,1518,D
2026-07-29,294.5,298.0,276.5,288.5,405713,116045813,4585,達明,,-6.33286589476694,-4.868280677634473,-1.4645852171324665,305.5674280997242,315.8461136321216,327.03984375344527,38.99087202299368,11.886685350983162,12.58277572345514,414551.8,133039758.75,340.5,292.0,-0.5769704028285025,-0.2717640878929024,-0.0602605863192182,-0.011986301369863,292.0,0.7094796772243717,337.3390018968404,309.925,282.51099810315964,0.1092325359751768,0.1769073285268395,25.26315789473684,16.11336032388681,297.3,302.2,-13933229.0,-12859552.75,-76.47058823529412,-137.29128014842303,25.26216307361516,328.375,334.5,,,,0.0,0.0,0.0,0.0,0.0,0.0,,0.0,0.0,0.4188,0.3764,0.0,0.34,0.0,0,False,0,False,False,False,False,0.9786786596994634,False,False,False,False,True,True,False,False,True,False,False,False,False,False,False,False,False,False,10.0,12.0,18.02426343154246,0.0,-1.2029911767991182,False,False,False,False,False,False,False,-1.0,False,4,False,False,287.3508924754052,,3,False,3,False,True,True,True,"market_above_ma60, avoid_chase, liquidity_ok, kd_golden_cross",,"close_below_ema20, close_below_swing_low",-89.5,24.1,24.1,16.7,-0.44,False,1518,D
2026-07-29,51.3,53.0,48.5,49.3,204909,10127608,4588,玖鼎電力,,-2.1854591316202843,-1.671697226169884,-0.5137619054504001,53.70659830662678,56.58744762734948,58.627338947017535,29.30390260367531,18.191393078968616,1.9778313459185783,108569.25,6067365.85,60.6,49.7,-1.1078544009520912,-0.1379104915661479,-0.0573613766730402,-0.0080482897384307,49.7,0.8423022929340197,62.12366028705571,54.79999999999964,47.47633971294356,0.1245047022647677,0.2672868717903696,16.666666666666618,9.98647048875379,50.759999999999856,51.53999999999978,-2069691.0,-1612749.2,-92.3809523809524,-95.04685408299856,44.9710856925953,59.35,60.1,,,,0.0,0.0,0.0,0.0,0.0,0.0,,0.0,0.0,0.7931,0.042,0.0,2.52,0.02,0,False,0,False,False,False,False,1.8873576081625325,True,False,False,False,True,False,False,False,True,False,False,False,False,False,False,False,False,False,20.0,12.0,22.920892494929017,0.0,-0.8708872388494215,False,False,False,False,True,False,False,-1.0,False,4,True,False,310.42292921543225,,3,False,3,False,True,True,True,"volume_break, market_above_ma60, avoid_chase, kd_golden_cross",open_high_close_low,"close_below_ema20, close_below_swing_low",-66.5,32.4,32.4,16.7,0.65,False,1518,D
2026-07-29,108.0,108.5,105.0,106.5,19364503,2064734069,4904,遠傳,,0.8897463913348247,0.130272551007496,0.7594738403273287,103.2691283073058,101.19763902138747,98.17140253722428,57.83161590093359,21.866172305549657,3.343082354724875,16161213.3,1639136923.35,107.5,96.3,0.2816319303732926,0.1505531896173088,0.0339805825242718,0.0047169811320755,106.0,0.5380416522534817,110.01081415935002,101.73499999999986,93.4591858406497,0.7878870832676058,0.1626935500928918,73.33333333333333,86.64682539682569,105.6,104.15,-49622392.0,-104111535.5,-12.5,93.36680505938013,64.3021091173518,105.1,103.1,,,,0.0,0.0,0.0,0.0,0.0,0.0,,0.0,0.0,0.159,0.0127,0.0,18.79,0.77,0,False,0,False,False,True,True,1.1982084909429418,False,True,True,False,True,True,False,False,False,True,False,False,False,False,False,False,True,True,-10.0,0.0,0.9389671361502347,25.0,0.8685652155748544,False,False,True,False,False,False,False,-1.0,False,9,False,False,682.4048674963277,,3,False,3,False,False,False,False,"ema60_gt_ema120, rsi_strong, market_above_ma60, avoid_chase, liquidity_ok, adx_trending, obv_uptrend, mfi_strong, above_ichimoku_cloud",,,305.5,96.2,96.2,16.7,-0.17,False,1518,D
2026-07-29,31.8,32.15,28.65,30.25,9760557,288315849,4906,正文,,-2.718663169390986,-2.119420423657815,-0.599242745733171,36.637002192195226,38.89184099217833,36.9592769865876,28.39565800144851,27.82986646047118,2.286271761832748,5862396.7,222556304.4,43.7,31.8,-1.615951898517963,-0.2373050294162263,-0.160887656033287,-0.0487421383647799,31.8,0.944156097999857,44.71327209361,37.42749999999992,30.14172790638984,0.0074303788410512,0.389327210933677,17.97752808988766,14.536458852127302,33.129999999999924,34.34999999999982,600017722.0,635147669.85,-87.69230769230768,-155.17302826187685,21.544166823174507,45.2875,44.55,,,,0.0,0.0,0.0,0.0,0.0,0.0,,0.0,0.0,-0.0524,-0.0611,0.0,8.72,-0.23,0,False,0,False,False,False,True,1.6649431110658206,True,False,True,False,True,True,False,False,True,False,False,False,False,False,False,False,False,False,20.0,25.0,44.462809917355386,0.0,-0.4636251947256574,False,False,False,False,False,False,False,-1.0,False,7,False,False,506.0859287739504,,3,False,3,False,True,True,True,"ema60_gt_ema120, volume_break, market_above_ma60, avoid_chase, liquidity_ok, adx_trending, kd_golden_cross",,"close_below_ema20, close_below_swing_low",129.2,82.9,82.9,16.7,0.39,False,1518,D
2026-07-29,80.8,81.8,75.0,78.4,583322,45480541,4912,聯德控股-KY,,-2.3972418575661862,-2.1216991996481727,-0.2755426579180136,84.96838099436485,89.00594996005835,89.70155941549343,34.46569613249096,25.949488794236377,3.468626890563292,272632.3,23150402.55,89.9,81.2,-0.400627908885415,-0.3790558834501161,-0.0873108265424912,-0.0344827586206896,81.2,1.061801643208354,90.6230846175669,85.24000000000032,79.85691538243374,-0.135323470271988,0.1263041909330493,30.90909090909096,27.72727272727268,82.50000000000072,83.45000000000036,7528582.0,8367924.85,-77.77777777777773,-217.32583022905595,20.08893727865824,97.225,98.0,,,,0.0,0.0,0.0,0.0,0.0,0.0,,0.0,0.0,0.5333,0.0607,0.0,23.88,-0.04,0,False,0,False,False,False,False,2.1395924107304967,True,False,True,False,True,False,False,False,True,False,False,False,False,False,False,False,False,False,0.0,25.0,14.668367346938776,0.0,-0.2354617978075114,False,False,False,False,False,False,False,-1.0,False,5,False,False,413.5703825336148,,6,False,3,False,True,True,True,"volume_break, market_above_ma60, avoid_chase, adx_trending, kd_golden_cross",,"close_below_ema20, close_below_swing_low",36.7,62.0,62.0,16.7,0.95,False,1518,D
2026-07-29,97.5,99.6,87.4,90.2,5060226,459407925,4916,事欣科,,-1.6965909694728367,0.395433166690583,-2.0920241361634195,103.57375990902194,97.4848779775324,86.04270671002638,37.62759195808646,17.558055838331143,7.054381996336961,9062326.15,997877799.6,118.0,97.1,-0.9073387383170102,0.6608616224116945,-0.1530516431924882,-0.0710607621009268,97.1,0.2841286030533878,120.7311408179948,107.1,93.46885918200518,-0.1199040940758923,0.2545497818486427,11.155378486055769,16.041691818584393,99.15999999999984,101.95,556934808.0,581805829.85,-90.9967845659164,-197.48933737853417,49.059760294781846,104.225,91.4,,,,0.0,0.0,0.0,0.0,0.0,0.0,,0.0,0.0,0.8052,0.1134,0.0,4.15,-0.77,0,False,0,False,False,False,True,0.5583804771802436,False,False,False,False,True,True,False,False,False,False,False,False,False,False,False,False,False,False,20.0,25.0,30.82039911308204,0.0,-0.6280924512619247,False,False,False,False,False,False,False,-1.0,False,4,False,False,293.0466953566593,,3,False,3,False,True,True,True,"ema60_gt_ema120, market_above_ma60, avoid_chase, liquidity_ok",,"close_below_ema20, close_below_swing_low",-83.8,25.8,25.8,16.7,-0.94,False,1518,D
2026-07-29,64.9,65.6,61.8,63.0,4073199,257312128,4915,致伸,,-1.9538555153823007,-1.8762190553880425,-0.0776364599942589,66.70813063207152,70.16471671626907,72.50513942838464,30.18718502894941,32.19604739519502,1.969368221487653,3605225.85,240172896.6,68.8,64.4,-0.284412835322874,-0.2259604469759205,-0.0497737556561085,-0.0217391304347827,64.4,1.3146777877483435,69.31276897508545,66.35000000000055,63.38723102491566,-0.0653495139465879,0.0893072788269742,23.07692307692312,27.43437118437153,64.64000000000014,65.18000000000029,-62910518.0,-46425159.3,-84.99999999999997,-164.79697329637983,14.031198053105484,75.5,74.55,,,,0.0,0.0,0.0,0.0,0.0,0.0,,0.0,0.0,0.2758,0.1532,0.0,26.96,-0.17,0,False,0,False,False,False,False,1.1298041147685658,False,False,True,False,True,True,False,False,False,False,False,False,False,False,False,False,False,False,10.0,25.0,9.206349206349202,0.0,-1.2744253263515024,False,False,False,False,False,False,False,-1.0,False,4,False,False,321.0049372314677,,8,False,3,True,True,True,True,"market_above_ma60, avoid_chase, liquidity_ok, adx_trending",,"macd_death_cross, close_below_ema20, close_below_swing_low",-55.9,35.4,35.4,16.7,-0.25,False,1518,D
2026-07-29,121.0,121.5,108.5,108.5,7753985,865375531,4919,新唐,,-14.131072382169409,-10.14957496104679,-3.981497421122617,147.03126752023334,155.0118786817806,137.5140915949532,28.23781770895292,23.60376697025583,12.666642114312932,9771070.7,1560929870.2,185.0,120.5,-2.1179261022858227,-0.4159995233966236,-0.2412587412587412,-0.0995850622406638,120.5,0.7959734846819341,190.4408441004459,151.775,113.10915589955412,-0.0596024218116184,0.5095153233463469,0.0,4.899267399267653,127.6,135.5,285717247.0,321070192.8,-100.0,-158.95138543222183,40.47801102710851,186.375,158.0,,,,0.0,0.0,0.0,0.0,0.0,0.0,,0.0,0.0,0.0116,-0.0005,0.0,3.49,1.04,0,False,1,False,False,False,True,0.7935655403660113,False,False,True,False,True,True,False,False,False,False,False,False,False,False,False,False,False,False,20.0,25.0,70.50691244239631,0.0,-0.7700358621065394,False,False,False,False,False,False,False,-1.0,False,5,False,False,378.69522505838165,,3,False,3,False,True,True,True,"ema60_gt_ema120, market_above_ma60, avoid_chase, liquidity_ok, adx_trending",,"close_below_ema20, close_below_swing_low",1.8,50.9,50.9,16.7,-0.66,False,1518,X
2026-07-29,31.2,31.55,28.0,28.4,8093379,232029930,4927,泰鼎-KY,,-4.411790943344755,-3.750312552947595,-0.6614783903971602,37.995624661352046,43.92776819666587,43.25600675997914,19.948510371695377,37.18709557272212,2.742215438579546,4105908.0,160438532.75,48.2,31.1,-2.2496590555795533,-0.8631528258297296,-0.2219178082191781,-0.0868167202572348,31.1,0.9856051153489384,49.117645857671725,38.85500000000002,28.59235414232831,-0.0093715667965157,0.5282535507745053,3.864734299516894,5.579696286872907,32.7,34.575,233023108.0,260041224.95,-97.25085910652922,-149.97647477714622,16.039846725700627,53.75,53.075,,,,0.0,0.0,0.0,0.0,0.0,0.0,,0.0,0.0,0.1031,0.0345,0.0,6.76,0.41,0,False,0,False,False,False,True,1.971154492502024,True,False,True,False,True,True,False,False,False,False,False,False,False,False,False,False,False,False,20.0,25.0,69.71830985915494,0.0,-0.4804220654439624,False,False,False,False,False,False,False,-1.0,False,6,False,False,493.9464801396927,,8,False,3,False,True,True,True,"ema60_gt_ema120, volume_break, market_above_ma60, avoid_chase, liquidity_ok, adx_trending",,"close_below_ema20, close_below_swing_low",117.1,81.4,81.4,16.7,0.75,False,1518,D
2026-07-29,14.65,14.65,13.15,13.6,1071348,14615004,4934,太極,,-0.7645471145780665,-0.4985589572836741,-0.2659881572943923,15.778079635562534,16.560084604350575,16.42067030742074,29.36798857865652,20.63128906916124,0.8698444916956103,983454.3,16424670.7,18.4,14.3,-1.3324513391913997,-0.2315771245919798,-0.139240506329114,-0.048951048951049,14.3,0.5553985689424029,18.81576827875117,16.23249999999998,13.649231721248787,-0.0095289602039683,0.3182834780534354,14.062499999999972,8.049727475702943,14.61999999999998,15.105000000000018,50703806.0,53734540.95,-90.21739130434784,-153.15315315315328,24.247390958216545,16.825000000000003,17.35,,,,0.0,0.0,0.0,0.0,0.0,0.0,,0.0,0.0,1.6867,-0.0547,0.0,3.63,-0.32,0,False,0,False,False,False,True,1.0893724294052096,False,False,True,False,True,False,False,False,True,False,False,False,False,False,False,False,False,False,20.0,25.0,35.29411764705881,0.0,-0.5364951867102957,False,False,False,False,True,False,False,-1.0,False,5,True,False,404.4557820535285,,3,False,3,False,True,True,True,"ema60_gt_ema120, market_above_ma60, avoid_chase, adx_trending, kd_golden_cross",open_high_close_low,"close_below_ema20, close_below_swing_low",27.6,59.7,59.7,16.7,-0.3,False,1518,D
2026-07-29,35.1,35.2,33.65,35.0,182928,6286667,4935,茂林-KY,,-0.6782737509198782,-0.67418014272906,-0.0040936081908181,35.99996232549273,37.078034238918654,37.89924065405591,39.88027798688874,22.87200905952056,1.0829542088356314,112106.45,3991551.85,37.7,34.75,-0.252731701039968,-0.097658366731665,-0.0237099023709902,0.0,35.0,1.0694508035611052,37.32513250262296,35.91000000000004,34.49486749737712,0.1784753377110009,0.0788155111458042,55.10204081632652,52.39512471655265,35.37000000000008,35.42000000000007,-534096.0,-390700.95,-50.90909090909086,-148.04938271604863,31.23090254684297,39.55,39.225,,,,0.0,0.0,0.0,0.0,0.0,0.0,,0.0,0.0,-0.1287,0.3093,0.0,26.62,0.22,0,False,0,False,False,False,False,1.6317348377368115,True,False,True,False,True,False,False,False,True,False,False,False,False,False,False,False,False,False,0.0,12.0,7.714285714285722,0.0,-0.2010546328925128,False,False,False,False,False,False,False,-1.0,False,5,False,False,310.90469278265795,,3,False,3,True,True,False,True,"volume_break, market_above_ma60, avoid_chase, adx_trending, kd_golden_cross",,"macd_death_cross, close_below_ema20",-66.0,32.6,32.6,16.7,0.35,False,1518,D
2026-07-29,84.2,85.1,80.3,82.0,10809853,889545707,4938,和碩,,-0.0277873567543878,-0.2236552888316914,0.1958679320773035,84.10546824879792,83.55182967864259,81.26196302068946,45.04606473352997,11.562128279597434,3.34165816460426,11609757.85,979212615.95,88.4,80.0,0.1258212373681076,0.0244223805875688,-0.028436018957346,-0.0144230769230769,83.2,0.6644660898707102,87.49543035630563,83.54500000000007,79.59456964369451,0.3044516849241514,0.094570120445402,19.23076923076922,40.384615384615245,85.64000000000087,84.08000000000065,117993587.0,103248551.35,-80.76923076923077,-59.8686751641563,53.235600794426645,89.675,89.15,,,,0.0,0.0,0.0,0.0,0.0,0.0,,0.0,0.0,0.1589,-0.0486,0.0,30.46,0.95,0,False,0,False,False,False,True,0.9311006430681068,False,False,False,False,True,True,False,False,False,True,False,False,False,False,False,False,True,True,20.0,0.0,7.804878048780495,0.0,0.2263735992375517,False,False,False,False,False,False,False,-1.0,False,6,False,False,452.0274896215317,,3,False,3,False,True,False,True,"ema60_gt_ema120, market_above_ma60, avoid_chase, liquidity_ok, obv_uptrend, mfi_strong",,close_below_ema20,75.1,71.8,71.8,16.7,-0.49,False,1518,D
2026-07-29,34.7,35.0,33.4,34.3,334911,11455882,4942,嘉彰,,-0.4300647740530152,-0.2367712627688321,-0.193293511284183,36.88726983629415,37.405096157198734,37.659396282479285,23.879171660057366,19.891228735669863,0.7168442333547306,129168.35,4772212.15,38.1,36.65,-0.262704701488761,-0.0464688814845247,-0.0653950953678476,-0.0641200545702592,36.65,3.446982541184149,38.64207652209394,37.1,35.557923477906066,-0.407866749763486,0.0831308098163846,20.93023255813948,20.90777866880489,36.35999999999986,36.64500000000008,3251531.0,4121578.8,-80.00000000000003,-406.0500290866776,32.72507858369866,37.725,37.775,,,,0.0,0.0,0.0,0.0,0.0,0.0,,0.0,0.0,-0.1088,0.0216,0.0,6.49,-0.25,0,False,0,False,False,False,False,2.592825564466837,True,False,False,False,True,False,False,False,True,False,False,False,False,False,False,False,False,False,10.0,25.0,11.078717201166194,0.0,-2.0,False,False,False,False,False,False,False,-1.0,False,4,False,False,236.9282556446684,,3,False,3,False,True,True,True,"volume_break, market_above_ma60, avoid_chase, kd_golden_cross",,"close_below_ema20, close_below_swing_low",-139.9,12.8,12.8,16.7,1.5,False,1518,D
2026-07-29,8.96,8.96,8.0,8.29,43881,358398,4943,康控-KY,,-0.0873817963661274,-0.083635963293996,-0.0037458330721313,8.775069342881531,9.159942985429488,9.797780316585564,37.73017752654785,10.97410176387956,0.412530954289501,23429.25,203120.1,9.37,8.33,-0.1955696499332719,-0.1018146014830778,-0.0471264367816092,-0.0600907029478459,8.82,0.6208972008945004,9.320981751523997,8.772999999999978,8.22501824847596,0.0592918937020394,0.1249245985464537,19.99999999999995,39.62105740866779,8.764000000000033,8.759999999999991,431202.0,564341.4,-80.00000000000004,-122.47738343771748,18.448447580561307,9.0775,9.95,,,,0.0,0.0,0.0,0.0,0.0,0.0,,0.0,0.0,0.3778,-0.0432,0.0,15.59,0.0,0,False,0,False,False,False,False,1.8729152661736927,True,False,False,False,True,False,False,False,False,False,False,False,False,False,False,False,False,True,20.0,25.0,13.02774427020507,0.0,-1.173166307351887,False,False,False,False,False,False,False,-1.0,False,3,False,False,254.65115697351428,,3,False,3,True,True,True,True,"volume_break, market_above_ma60, avoid_chase",,"macd_death_cross, close_below_ema20, close_below_swing_low",-122.2,16.8,16.8,16.7,0.63,False,1518,D
2026-07-29,61.9,61.9,55.8,57.8,1161243,66547072,4949,有成精密,,-5.941009535262651,-4.947091229041549,-0.9939183062211026,71.87669910328768,78.7751245731968,74.48330154856316,26.00496577418476,26.4527812960126,4.685266477266328,947656.3,70286786.35,80.7,61.9,-1.2781135689488692,-0.6905320144808688,-0.1586608442503639,-0.0662358642972537,61.9,0.6886170131267093,85.19063260919887,72.48500000000004,59.77936739080122,-0.0778933033750782,0.3505727422004226,10.0,8.886300093196647,64.89999999999964,67.5,-25719795.0,-22688346.9,-93.33333333333331,-174.9974755124711,41.146028599236566,94.4,89.5,,,,0.0,0.0,0.0,0.0,0.0,0.0,,0.0,0.0,0.6869,0.0885,0.0,4.13,0.5,0,False,0,False,False,False,True,1.2253841397983636,False,False,True,False,True,True,False,False,True,False,False,False,False,False,False,False,False,False,20.0,25.0,39.61937716262977,0.0,-0.5129213127440655,False,False,False,False,False,False,False,-1.0,False,6,False,False,491.0987856450549,,3,False,3,False,True,True,True,"ema60_gt_ema120, market_above_ma60, avoid_chase, liquidity_ok, adx_trending, kd_golden_cross",,"close_below_ema20, close_below_swing_low",114.2,80.8,80.8,16.7,-0.14,False,1518,D
2026-07-29,46.1,46.1,41.4,42.85,774803,33372805,4952,凌通,,-2.384327792333167,-1.2945925770477265,-1.0897352152854405,50.80374530374847,51.30055194460813,48.60481911352978,30.742367865136885,28.02718060607576,3.0035551179709485,1150576.15,65000800.35,60.1,45.7,-1.502562499738562,0.0561857189681131,-0.1481113320079522,-0.062363238512035,45.7,0.3854785774279442,62.45045210370033,52.63500000000003,42.81954789629974,0.0015512328611324,0.3729629373496832,14.356435643564383,13.42185934918416,47.08000000000029,48.28000000000011,44617258.0,46334536.5,-92.44791666666666,-146.3170073274199,39.7883722558318,53.5,50.5,,,,0.0,0.0,0.0,0.0,0.0,0.0,,0.0,0.0,0.5003,0.0768,0.0,6.23,-0.01,0,False,0,False,False,False,True,0.6734043635442991,False,False,True,False,True,True,False,False,True,False,False,False,False,False,False,False,False,False,20.0,25.0,40.25670945157526,0.0,-0.1441758013697066,False,False,False,False,False,False,False,-1.0,False,6,False,False,480.0039340190065,,3,False,3,False,True,True,True,"ema60_gt_ema120, market_above_ma60, avoid_chase, liquidity_ok, adx_trending, kd_golden_cross",,"close_below_ema20, close_below_swing_low",103.1,78.3,78.3,16.7,-0.8,False,1518,D
2026-07-29,26.8,27.2,24.3,25.35,1819718,45791275,4956,光鋐,,-3.266316786804332,-2.796777149749695,-0.4695396370546367,32.04169680061517,36.36830714177116,35.2739492058383,24.49625790726228,26.557154199440124,2.236922811939192,1648239.8,56436822.8,40.0,27.0,-2.193243799075013,-0.8749352403424924,-0.1661184210526315,-0.061111111111111,27.0,0.6057812773379705,41.764678381737184,33.01999999999994,24.27532161826269,0.0614475647258629,0.5296595022251521,14.189189189189202,13.251032987875684,28.329999999999927,29.129999999999928,184853952.0,190683627.75,-92.27941176470588,-130.49013367281978,34.572473283522385,41.65,47.475,,,,0.0,0.0,0.0,0.0,0.0,0.0,,0.0,0.0,-0.0083,-0.0847,0.0,10.73,-1.29,0,False,0,False,False,False,True,1.1040371674073153,False,False,True,False,True,True,False,False,True,False,False,False,False,False,False,False,False,False,20.0,25.0,57.79092702169625,0.0,-0.7838343537045295,False,False,False,False,False,False,False,-1.0,False,6,False,False,421.6343594296188,,3,False,3,False,True,True,True,"ema60_gt_ema120, market_above_ma60, avoid_chase, liquidity_ok, adx_trending, kd_golden_cross",,"close_below_ema20, close_below_swing_low",44.8,64.6,64.6,16.7,-0.29,False,1518,D
2026-07-29,432.0,432.0,385.0,404.5,43694602,17465754136,4958,臻鼎-KY,,-30.238277786479387,-9.902832355974658,-20.335445430504727,521.2200877798398,497.45235797461794,413.7688770637242,34.09987541647325,21.23498424533878,44.25219904095819,39369687.65,21868955697.45,646.0,427.5,-1.786465817491235,0.4301652366988558,-0.276386404293381,-0.0538011695906432,427.5,0.735319535703294,679.5190743763346,546.15,412.7809256236653,-0.0310451491936526,0.4883972329079361,11.20689655172414,7.175181095526568,458.1,493.6,1093238479.0,1258467030.45,-92.80442804428044,-170.3410533074495,46.40919558012794,543.875,446.5,,,,0.0,0.0,0.0,0.0,0.0,0.0,,0.0,0.0,0.3283,0.0514,0.0,57.89,-0.89,0,False,0,False,False,False,True,1.1098539157447442,False,False,True,False,True,True,False,False,True,False,False,False,False,False,False,False,False,False,20.0,25.0,59.70333745364648,0.0,-1.307109362761096,False,False,False,False,False,False,False,-1.0,False,6,False,False,455.4132268043143,,3,False,3,False,True,True,True,"ema60_gt_ema120, market_above_ma60, avoid_chase, liquidity_ok, adx_trending, kd_golden_cross",,"close_below_ema20, close_below_swing_low",78.5,72.9,72.9,16.7,-0.28,False,1518,D
2026-07-29,20.0,20.0,17.95,18.7,4786365,88537169,4960,誠美材,,-2.217085775778987,-2.126024094293322,-0.0910616814856646,22.73237315381807,26.220383856699545,25.33380291018011,24.96963602646392,34.6949353972044,1.5169053133471158,3704876.35,86585146.95,27.05,19.85,-1.4611303551331032,-1.1684544167363546,-0.1595505617977528,-0.057934508816121,19.85,0.6138311528770287,26.852309628594497,22.765000000000008,18.67769037140552,0.0027291336626915,0.3590871626263552,15.306122448979584,13.344237216417849,20.43000000000011,21.110000000000035,317057046.0,334596482.25,-89.1304347826087,-152.26653852314598,21.14437110779346,31.3625,33.875,,,,0.0,0.0,0.0,0.0,0.0,0.0,,0.0,0.0,0.0478,-0.0476,0.0,19.13,-0.18,0,False,0,False,False,False,True,1.2919095127155862,False,False,True,False,True,True,False,False,True,False,False,False,False,False,False,False,False,False,20.0,25.0,44.65240641711231,0.0,-0.3985401614164359,False,False,False,False,False,False,False,-1.0,False,6,False,False,463.1366131901586,,8,False,3,False,True,True,True,"ema60_gt_ema120, market_above_ma60, avoid_chase, liquidity_ok, adx_trending, kd_golden_cross",,"close_below_ema20, close_below_swing_low",86.3,75.3,75.3,16.7,-0.06,False,1518,D
2026-07-29,154.0,154.5,144.5,149.0,827576,122614652,4961,天鈺,,-4.049376645656025,-2.4193131447253418,-1.6300635009306834,162.21766606390594,164.2413346963864,162.1781116673235,34.62851898994492,19.33395615267805,7.735615865607278,839304.25,139704741.2,177.0,152.0,-0.6338198318761781,-0.0894156392397548,-0.0942249240121581,-0.0197368421052631,152.0,0.5770984994882661,181.21204382368427,164.6,147.98795617631572,0.0304611471780907,0.2018474340666376,19.565217391304348,31.67668999967161,156.4,158.25,-8782402.0,-6410822.6,-87.14285714285714,-151.1551155115513,24.315648088157587,169.375,166.0,,,,0.0,0.0,0.0,0.0,0.0,0.0,,0.0,0.0,0.2476,0.0587,0.0,20.62,0.18,0,False,0,False,False,False,True,0.9860262235059576,False,False,False,False,True,True,False,False,False,False,False,False,False,False,False,False,False,False,20.0,25.0,18.79194630872483,0.0,-0.9726004373660544,False,False,False,False,False,False,False,-1.0,False,4,False,False,293.1890569866669,,3,False,3,False,True,True,True,"ema60_gt_ema120, market_above_ma60, avoid_chase, liquidity_ok",,"close_below_ema20, close_below_swing_low",-83.7,25.9,25.9,16.7,-0.43,False,1518,D
2026-07-29,92.4,93.4,84.0,87.6,1506836,131160084,4968,立積,,-5.368146593831,-3.832254673843535,-1.5358919199874648,102.25308486217529,109.08858745073636,113.9047032246588,24.8926377861678,27.293286470980213,4.75479070843465,811511.65,85840483.2,118.0,92.3,-1.3630176292334313,-0.2956795715361827,-0.1283582089552239,-0.0509209100758396,92.3,1.153154278984601,122.05696579266233,104.97000000000044,87.88303420733857,-0.0082821669678804,0.3255590319645956,19.459459459459428,14.074562367245258,95.02000000000116,97.59000000000088,31804660.0,36003507.9,-88.38709677419357,-153.28747873678,9.51759352432967,112.0,118.25,,,,0.0,0.0,0.0,0.0,0.0,0.0,,0.0,0.0,-0.0109,0.0005,0.0,3.54,-0.12,0,False,0,False,False,False,False,1.8568260849982867,True,False,True,False,True,True,False,False,True,False,False,False,False,False,False,False,False,False,20.0,25.0,34.70319634703197,0.0,-1.9534229979944275,False,False,False,False,False,False,False,-1.0,False,6,False,False,430.12718487404976,,6,False,3,False,True,True,True,"volume_break, market_above_ma60, avoid_chase, liquidity_ok, adx_trending, kd_golden_cross",,"close_below_ema20, close_below_swing_low",53.2,66.3,66.3,16.7,0.61,False,1518,D
2026-07-29,213.0,227.5,198.0,218.5,5068421,1051866251,4967,十銓,,-12.979925069527155,-13.365619026535716,0.3856939570085593,229.6194054886201,245.73847393864625,233.64049533649705,39.57989447769018,30.44702352115205,13.979987669970477,2869282.05,663543989.1,263.5,208.5,-1.0502883697827063,-0.5116976842865061,0.0,0.0404761904761905,210.0,0.793836811067326,262.89935392633095,229.525,196.15064607366904,0.3348282632776041,0.2908123640242323,69.6969696969697,62.44019138755963,217.5,216.3,512241943.0,510491390.45,-48.888888888888886,-69.47967104757522,40.09108514942718,280.375,267.0,,,,0.0,0.0,0.0,0.0,0.0,0.0,,0.0,0.0,0.35,0.1809,0.0,6.48,-0.28,0,False,0,True,True,False,True,1.7664422359593406,True,False,True,False,True,True,False,False,True,True,False,False,False,False,False,False,False,True,0.0,0.0,20.59496567505721,0.0,0.1260554276126536,False,False,False,False,False,False,False,-1.0,False,10,False,False,744.1770874909453,,8,False,3,False,True,False,True,"macd_golden_cross, ema60_gt_ema120, volume_break, market_above_ma60, avoid_chase, liquidity_ok, hist_turn_positive, adx_trending, kd_golden_cross, obv_uptrend",,close_below_ema20,367.3,98.0,98.0,16.7,0.51,False,1518,D
2026-07-29,34.6,37.7,34.55,37.7,13072274,481517757,4976,佳凌,,-0.5873062222533108,-0.6097344951539161,0.0224282729006053,34.853914091516764,34.331615271545715,33.23453404798775,57.40659867087969,19.410304565700685,2.379118677879085,2878793.45,105699195.1,40.25,30.85,-0.8794304538553805,0.3309937036595149,0.170807453416149,0.0991253644314871,34.3,5.2869422076088695,40.73461037552946,35.344999999999985,29.955389624470502,0.7184759041852503,0.3049715872417304,100.0,71.38888888888869,33.77999999999993,33.275,90899416.0,68123233.1,-27.748691099476424,33.74440149702422,78.62165817432947,38.0125,36.225,,,,0.0,0.0,0.0,0.0,0.0,0.0,,0.0,0.0,0.0062,0.1378,0.0,1.6,-0.05,0,False,0,True,True,True,True,4.540886391137232,True,True,False,False,False,True,False,False,False,True,False,False,False,False,False,False,True,True,-20.0,0.0,6.763925729442962,0.0,1.3921018975045027,False,False,False,False,False,False,False,-1.0,False,9,False,False,637.1140866814263,,3,False,3,False,False,False,False,"macd_golden_cross, ema60_gt_ema120, volume_break, rsi_strong, market_above_ma60, liquidity_ok, hist_turn_positive, obv_uptrend, mfi_strong",,,260.2,94.6,94.6,16.7,3.83,False,1518,D
2026-07-29,123.0,125.0,112.0,112.0,2229870,256769189,4977,眾達-KY,,-14.24457377076712,-13.333853096167378,-0.9107206745997408,142.5395690743387,166.52041000726754,167.8606588421903,27.159787658241346,26.069129444227936,11.020642800335068,2269135.3,323921438.35,169.5,124.0,-1.5072477258123345,,-0.1641791044776119,-0.0967741935483871,124.0,1.437782910097904,169.424204107988,142.725,116.02579589201198,-0.0753916835072908,0.374134932324232,0.0,23.592302209550933,128.6,131.25,356286690.0,359651073.95,-100.0,-159.88372093023264,47.99841076630548,194.0,136.5,,,,0.0,0.0,0.0,0.0,0.0,0.0,,0.0,0.0,0.0808,0.0039,0.0,16.37,-1.09,0,False,1,False,False,False,False,0.9826959194544284,False,False,True,False,True,True,False,False,False,False,False,False,False,False,False,False,False,False,20.0,25.0,51.33928571428571,0.0,-0.3661633043817874,False,False,False,False,False,False,False,-1.0,False,4,False,False,305.4329995419629,,3,False,3,False,True,True,True,"market_above_ma60, avoid_chase, liquidity_ok, adx_trending",,"close_below_ema20, close_below_swing_low",-71.4,30.8,30.8,16.7,-0.43,False,1518,X
2026-07-29,60.2,60.4,53.6,55.5,8388349,464454386,4989,榮科,,-8.179605612982698,-5.771723001965049,-2.4078826110176488,74.83682148406548,82.81108876997271,78.08237083656711,29.48763929471617,23.06393413712052,6.72548137497952,13125372.1,1212380777.2,111.0,59.5,-3.2714913221687425,-0.5854603799322404,-0.2344827586206896,-0.0672268907563025,59.5,0.3887609181453701,113.6330340475372,80.86999999999989,48.10696595246258,0.1128258456895437,0.810264227712065,8.48214285714285,6.948577620747528,63.159999999999854,67.07999999999993,582202204.0,608032765.15,-96.11451942740288,-119.12163239279457,19.94063156033808,88.67500000000001,95.0,,,,0.0,0.0,0.0,0.0,0.0,0.0,,0.0,0.0,0.7341,0.1448,0.0,5.38,-0.45,0,False,0,False,False,False,True,0.6390941861373972,False,False,True,False,True,True,False,False,True,False,False,False,False,False,False,False,False,False,20.0,12.0,100.0,0.0,-0.6432638107756773,False,False,False,False,False,False,False,-1.0,False,6,False,False,445.6717761320658,,3,False,3,False,True,True,True,"ema60_gt_ema120, market_above_ma60, avoid_chase, liquidity_ok, adx_trending, kd_golden_cross",,"close_below_ema20, close_below_swing_low",68.8,69.9,69.9,16.7,-0.84,False,1518,D
2026-07-29,91.8,94.2,90.6,93.0,24570,2276518,4994,傳奇,,0.5386207194468255,0.3956031362272677,0.1430175832195578,91.86901839618432,92.28416091115965,93.826331450864,55.69569809375328,25.474762021817604,3.078642753548986,17549.65,1605747.05,93.2,91.5,0.1819389845903033,-0.0381688141666671,0.0032362459546926,0.0130718954248365,91.8,1.1045380851783244,93.92947693022457,91.54000000000016,89.15052306977573,0.8055061929103307,0.0522061815648768,72.22222222222226,68.88281724347264,92.72000000000044,92.59000000000016,-683731.0,-752784.4,-23.43749999999998,101.720788232027,65.72611983429213,88.65,90.7,,,,0.0,0.0,0.0,0.0,0.0,0.0,,0.0,0.0,0.0421,-0.0984,0.0,2.67,0.03,0,False,0,False,False,True,False,1.4000279207847448,False,True,True,False,True,False,False,False,True,True,False,False,False,False,False,True,True,True,-10.0,-12.0,0.2150537634408632,25.0,0.1939027769608449,False,False,True,False,False,False,False,-1.0,False,9,False,False,684.3271125313777,,3,False,3,False,False,False,False,"rsi_strong, market_above_ma60, avoid_chase, adx_trending, kd_golden_cross, obv_uptrend, cci_momentum, mfi_strong, above_ichimoku_cloud",,,307.4,96.4,96.4,16.7,0.07,False,1518,D
2026-07-29,19.3,19.3,18.35,18.7,148737,2784720,4999,鑫禾,,-0.3569121979445491,-0.2917022377490085,-0.0652099601955405,19.611115587958803,20.32422528893769,21.205677216214827,30.765409150875115,20.188043496261635,0.4151881346044015,70644.95,1387497.75,20.6,19.1,-0.3680899709011271,-0.1083473714365775,-0.0360824742268041,-0.0209424083769634,19.1,1.4740785766441495,20.632310791445327,19.70750000000012,18.782689208554903,-0.0447060140948872,0.093853689351283,24.999999999999872,19.30555555555596,19.190000000000147,19.340000000000053,-3610286.0,-3291012.7,-80.00000000000013,-166.4800298618884,12.378122312654613,20.925,22.625,,,,0.0,0.0,0.0,0.0,0.0,0.0,,0.0,0.0,-0.2751,-0.025,0.0,1.67,0.06,0,False,0,False,False,False,False,2.105415886061212,True,False,True,False,True,False,False,False,True,False,False,False,False,False,False,False,False,False,10.0,25.0,10.160427807486643,0.0,-0.7585415951450974,False,False,False,False,False,False,False,-1.0,False,5,False,False,331.9516597188709,,5,False,3,False,True,True,True,"volume_break, market_above_ma60, avoid_chase, adx_trending, kd_golden_cross",,"close_below_ema20, close_below_swing_low",-44.9,37.9,37.9,16.7,0.91,False,1518,D
2026-07-29,67.3,67.3,62.3,63.2,601602,38208194,5203,訊連,,-0.6235936154271258,-0.376376305405021,-0.2472173100221047,66.804200956903,67.5172449109106,70.99565784478627,38.24482551774854,16.551884873388783,2.1646051227209138,207000.4,13945510.55,70.7,64.8,-0.3302427048635893,0.0531937180861261,-0.0467571644042231,-0.0467571644042231,66.3,1.0138228470749862,70.85981792251195,67.29000000000033,63.72018207748871,-0.072858348630106,0.106102479492097,11.842105263157956,44.62533452274753,66.18000000000029,66.04000000000015,-9016181.0,-8428432.4,-88.15789473684204,-155.87137886219824,33.90175373886353,68.95,68.0,,,,0.0,0.0,0.0,0.0,0.0,0.0,,0.0,0.0,-0.0977,0.0489,0.0,10.85,-0.05,0,False,0,False,False,False,False,2.906284239064272,True,False,False,False,True,False,False,False,False,False,False,False,False,False,False,False,False,True,20.0,25.0,11.867088607594935,0.0,-0.2932198340746805,False,False,False,False,False,False,False,-1.0,False,3,False,False,235.5442043817465,,3,False,3,False,True,True,True,"volume_break, market_above_ma60, avoid_chase",,"close_below_ema20, close_below_swing_low",-141.3,12.6,12.6,16.7,1.87,False,1518,D
2026-07-29,38.9,38.9,36.55,38.1,188686,7048788,5215,科嘉-KY,,-1.627433001472376,-1.3680184528887456,-0.2594145485836303,40.45121597869797,41.7972596897749,40.88361095901912,32.85349808396204,27.664338542484938,1.463582781788454,109253.45,4546976.05,46.8,37.8,-1.0930815358480372,-0.1549949318893622,-0.0354430379746835,0.0079365079365081,37.8,0.8731517067536364,46.882240332250674,41.18999999999969,35.49775966774871,0.2285778692009515,0.2763894310391369,41.89189189189197,20.08182271340108,38.29999999999964,38.77499999999982,-2681415.0,-2485496.15,-76.33587786259537,-91.91292223271743,13.913543044993943,45.12500000000001,43.75,,,,0.0,0.0,0.0,0.0,0.0,0.0,,0.0,0.0,0.0198,-0.1733,0.0,26.1,-0.07,0,False,0,False,False,False,True,1.7270484364566978,True,False,True,False,True,False,False,False,True,False,False,False,False,False,False,False,False,False,0.0,0.0,22.834645669291326,0.0,-0.1892539461640635,False,False,False,False,True,False,False,-1.0,False,6,True,False,424.99943701059823,,3,False,3,False,True,False,True,"ema60_gt_ema120, volume_break, market_above_ma60, avoid_chase, adx_trending, kd_golden_cross",open_high_close_low,close_below_ema20,48.1,65.3,65.3,16.7,0.46,False,1518,D
2026-07-29,111.0,112.0,101.5,104.0,717514,75230181,5222,全訊,,-3.0946654228023363,-1.427696546526477,-1.6669688762758592,117.39641885779145,121.98060103010164,125.69109057449022,30.56281674996061,16.344645564461278,5.546270205298631,588546.95,72152829.55,129.5,110.0,-0.784888815709619,-0.1876511131037953,-0.1148936170212766,-0.0545454545454545,110.0,1.0149606835021323,132.89803134347991,120.2,107.5019686565201,-0.1378941570465673,0.2112817195254559,11.627906976744184,10.12596899224809,112.0,115.05,3966998.0,6067324.4,-90.9090909090909,-192.24211423699933,37.99383370972857,119.125,131.75,,,,0.0,0.0,0.0,0.0,0.0,0.0,,0.0,0.0,-0.0497,0.3078,0.0,3.44,-0.54,0,False,0,False,False,False,False,1.2191278877581475,False,False,False,False,True,True,False,False,True,False,False,False,False,False,False,False,False,False,20.0,25.0,24.519230769230766,0.0,-1.7920904911147848,False,False,False,False,False,False,False,-1.0,False,4,False,False,265.686192984204,,3,False,3,False,True,True,True,"market_above_ma60, avoid_chase, liquidity_ok, kd_golden_cross",,"close_below_ema20, close_below_swing_low",-111.2,19.4,19.4,16.7,-0.15,False,1518,D
2026-07-29,72.0,72.2,68.9,70.7,305341,21374640,5225,東科-KY,,-0.4955959259393694,-0.3808164431541616,-0.1147794827852078,72.33467833418148,74.54923531700393,79.93635286454764,42.09766228541302,17.06238618553666,1.896936153271005,226012.85,16543528.3,76.6,69.5,-0.2922606504979555,-0.0092187304225059,-0.0275103163686382,-0.0070224719101124,71.2,0.8068081876969794,76.61716470067795,72.87999999999992,69.1428352993219,0.208335038109986,0.1025566602820534,40.90909090909092,60.60606060606066,72.0,71.62999999999992,1457153.0,1976730.15,-68.42105263157893,-110.79090617995472,22.81511673752708,73.75,75.0,,,,0.0,0.0,0.0,0.0,0.0,0.0,,0.0,0.0,0.178,0.0619,0.0,39.58,-0.17,0,False,0,False,False,False,False,1.3509895565672485,False,False,False,False,True,False,False,False,False,False,False,False,False,False,False,False,False,True,0.0,0.0,8.345120226308332,0.0,-0.4954716475208834,False,False,False,False,False,False,False,-1.0,False,2,False,False,152.5642357954219,,3,False,3,False,True,False,True,"market_above_ma60, avoid_chase",,close_below_ema20,-224.3,3.2,3.2,16.7,0.01,False,1518,D
2026-07-29,309.0,314.0,283.5,298.5,777573,229238249,5234,達興材料,,-21.0568661476508,-15.509924752965318,-5.546941394685476,349.42065366304865,376.37464269913335,378.4675184723946,24.52674028356157,34.60586511528309,18.44650644698568,417860.45,151236326.45,411.0,305.5,-1.4646984635912947,-0.3931590329144249,-0.1194690265486725,-0.0229132569558101,305.5,1.1526711567367456,421.69377219859473,359.225,296.7562278014053,0.0139571512070947,0.3477974650906518,20.13422818791946,12.087753481994392,320.7,332.6,24362436.0,26383878.75,-86.23853211009174,-153.8445870251553,15.9038112231583,400.375,432.25,,,,0.0,0.0,0.0,0.0,0.0,0.0,,0.0,0.0,0.2177,0.0833,0.0,9.01,-0.13,0,False,0,False,False,False,False,1.860843733835064,True,False,True,False,True,True,False,False,True,False,False,False,False,False,False,False,False,False,10.0,25.0,37.68844221105528,0.0,-1.250965882475462,False,False,False,False,False,False,False,-1.0,False,6,False,False,468.59684674864513,,8,False,3,False,True,True,True,"volume_break, market_above_ma60, avoid_chase, liquidity_ok, adx_trending, kd_golden_cross",,"close_below_ema20, close_below_swing_low",91.7,76.7,76.7,16.7,0.62,False,1518,D
2026-07-29,142.0,142.5,133.5,137.5,442439,60833256,5236,凌陽創新,,-5.957820026309662,-4.7061523621039765,-1.2516676642056854,152.83683429378826,157.24292034216592,151.34337362268693,28.41520085037436,34.30892962635041,5.9962293067582975,210441.15,32375736.85,169.0,143.5,-0.9280714332342171,-0.240033958934184,-0.0894039735099337,-0.0418118466898954,143.5,1.1757907906442782,172.75416618452502,154.75,136.74583381547498,0.0209442130447907,0.2326871235479808,21.62162162162162,29.516009516009944,146.0,147.05,3190352.0,4549620.2,-85.96491228070175,-145.8444658188166,16.238440412128952,167.5,163.75,,,,0.0,0.0,0.0,0.0,0.0,0.0,,0.0,0.0,0.1278,-0.0441,0.0,7.45,0.09,0,False,0,False,False,False,True,2.102435764107923,True,False,True,False,True,False,False,False,False,False,False,False,False,False,False,False,False,False,10.0,25.0,22.90909090909091,0.0,-1.2154507495554316,False,False,False,False,False,False,False,-1.0,False,5,False,False,391.4389486464141,,8,False,3,False,True,True,True,"ema60_gt_ema120, volume_break, market_above_ma60, avoid_chase, adx_trending",,"close_below_ema20, close_below_swing_low",14.6,55.5,55.5,16.7,0.91,False,1518,D
2026-07-29,78.9,81.5,71.2,74.8,3586429,266119511,5243,乙盛-KY,,-6.57594061314812,-5.268222146174752,-1.307718466973368,91.44569685324458,99.31421761723874,97.0851497792314,26.086941681877505,27.79945590082088,5.811304634048568,1710343.3,158249096.1,103.5,78.9,-1.3357517221534765,-0.4825505388813162,-0.1753031973539141,-0.0519645120405577,78.9,1.1507452563694762,108.12402770116864,92.88999999999996,77.65597229883127,-0.0937366123672001,0.3280014576632294,15.929203539822987,11.192087454450908,83.3,86.8,104191240.0,114648457.35,-87.7133105802048,-180.6863252284876,23.558280273410915,116.7,120.15,,,,0.0,0.0,0.0,0.0,0.0,0.0,,0.0,0.0,0.3827,0.1438,0.0,53.49,0.22,0,False,0,False,False,False,True,2.096905925260736,True,False,True,False,True,True,False,False,True,False,False,False,False,False,False,False,False,False,20.0,25.0,38.36898395721926,0.0,-0.8649207917195338,False,False,False,False,False,False,False,-1.0,False,7,False,False,545.590009751973,,6,False,3,False,True,True,True,"ema60_gt_ema120, volume_break, market_above_ma60, avoid_chase, liquidity_ok, adx_trending, kd_golden_cross",,"close_below_ema20, close_below_swing_low",168.7,87.7,87.7,16.7,0.9,False,1518,D
2026-07-29,30.2,30.9,27.85,29.3,514015,14894747,5244,弘凱,,-1.6307479629104336,-1.4975386591888782,-0.1332093037215553,32.864922236585016,35.78616927233883,37.55468974819388,22.40536318316697,38.74133158750794,1.2914573029891718,217344.8,7129593.4,36.15,30.8,-0.8884133963727066,-0.4616369747253356,-0.0886469673405909,-0.0487012987012986,30.8,0.7873058686199564,36.70173357120223,33.03249999999989,29.363266428797555,-0.0086212048878675,0.2221589992402846,29.29292929292931,36.43097643097644,31.229999999999563,31.51499999999978,17595723.0,18837836.3,-78.19548872180451,-163.57026725854507,25.38021094697621,38.0875,42.95,,,,0.0,0.0,0.0,0.0,0.0,0.0,,0.0,0.0,0.0322,-0.0286,0.0,2.19,-0.08,0,False,0,False,False,False,False,2.3649749154339097,True,False,True,False,True,False,False,False,False,False,False,False,False,False,False,False,False,False,10.0,25.0,23.37883959044368,0.0,-0.939827985363294,False,False,False,False,False,False,False,-1.0,False,4,False,False,332.3718133299796,,8,False,3,False,True,True,True,"volume_break, market_above_ma60, avoid_chase, adx_trending",,"close_below_ema20, close_below_swing_low",-44.5,38.1,38.1,16.7,1.22,False,1518,D
2026-07-29,1460.0,1485.0,1370.0,1450.0,1508908,2153431850,5269,祥碩,,-8.710484945939015,-1.68471926615918,-7.025765679779836,1448.3050474469528,1424.9101823177657,1397.321770381837,50.10481373348824,22.00466374567958,71.6570738104221,975957.9,1445788152.0,1530.0,1385.0,-0.4327279161478323,0.0397547810314005,0.0247349823321554,-0.0034364261168384,1455.0,1.6417894852060122,1569.4174781225367,1471.0,1372.5825218774633,0.393311633255561,0.1338103033617087,62.85714285714285,50.549450549451045,1416.0,1432.5,-9743463.0,-9714027.2,-43.58974358974359,-48.01172805570827,65.80708570723581,1422.5,1370.0,,,,0.0,0.0,0.0,0.0,0.0,0.0,,0.0,0.0,-0.2241,-0.0329,0.0,8.62,1.24,0,False,0,False,False,True,True,1.5460789855791934,True,False,True,False,True,True,False,False,False,False,False,False,False,False,False,False,True,False,0.0,0.0,5.517241379310345,0.0,-0.0087920893325949,False,False,True,True,False,False,False,-1.0,False,8,True,False,510.3552847838008,,3,False,3,False,False,False,False,"ema60_gt_ema120, volume_break, market_above_ma60, avoid_chase, liquidity_ok, adx_trending, mfi_strong, above_ichimoku_cloud",long_upper_shadow,,133.5,83.7,83.7,16.7,0.24,False,1518,D
2026-07-29,50.2,51.9,46.9,48.55,683573,33527556,5258,虹堡,,0.0106314283483612,0.3762826801950805,-0.3656512518467192,51.69215464913353,51.67584618720623,53.50939520484427,40.79883522332853,12.6670060958455,2.4086434691653764,585678.5,30739506.05,54.6,50.5,-0.0104226442504421,-0.0826152152643532,-0.1058931860036832,-0.0386138613861386,50.5,0.7884053024211415,55.27574951365872,52.12749999999951,48.9792504863403,-0.0681728821807048,0.1207903511067762,18.539325842696616,20.93387364155448,51.48999999999942,52.02499999999964,-5196409.0,-4231037.75,-82.06521739130437,-186.0499158310766,55.17511423312839,52.225,54.25,,,,0.0,0.0,0.0,0.0,0.0,0.0,,0.0,0.0,0.2075,0.1865,0.0,6.02,0.1,0,False,0,False,False,False,False,1.1671471635035262,False,False,False,False,True,False,False,False,False,False,False,False,False,False,False,False,True,False,20.0,25.0,12.461380020597332,0.0,-0.3126287539550977,False,False,False,False,False,False,False,-1.0,False,3,False,False,252.91992658757405,,3,False,3,False,True,True,True,"market_above_ma60, avoid_chase, mfi_strong",,"close_below_ema20, close_below_swing_low",-124.0,16.2,16.2,16.7,-0.21,False,1518,D
2026-07-29,71.7,71.7,64.6,66.1,1866157,123408250,5285,界霖,,-5.368220320269174,-2.4745275012355528,-2.893692819033621,84.14374272835045,82.65741169375879,73.79372648386415,29.468275075258703,30.371329827895423,5.864398775403055,2439178.45,230227212.4,106.5,71.7,-2.0009371456660863,0.3926536568211677,-0.1987878787878788,-0.0781032078103208,71.7,0.4413700938385089,110.11552319610036,88.35,66.58447680389963,-0.0111294545859214,0.4927113343769182,6.097560975609754,7.05179299153436,74.3800000000003,79.21000000000022,41325937.0,49035118.3,-95.9349593495935,-153.34005666810748,13.181882725431052,90.225,76.5,,,,0.0,0.0,0.0,0.0,0.0,0.0,,0.0,0.0,0.1412,-0.0037,0.0,8.33,0.43,0,False,0,False,False,False,True,0.7650760443541963,False,False,True,False,True,True,False,False,False,False,False,False,False,False,False,False,False,False,20.0,25.0,61.1195158850227,0.0,-0.4218354368510628,False,False,False,False,False,False,False,-1.0,False,5,False,False,407.5887352013292,,8,False,3,False,True,True,True,"ema60_gt_ema120, market_above_ma60, avoid_chase, liquidity_ok, adx_trending",,"close_below_ema20, close_below_swing_low",30.7,61.0,61.0,16.7,-0.69,False,1518,D
2026-07-29,160.0,160.0,150.0,155.5,205084,31384573,5292,華懋,,-15.073122466488996,-13.252769258365166,-1.82035320812383,180.80511710221865,200.97241588440448,200.9549276074676,25.48760002532083,32.66511501180464,8.756705138009119,203419.95,37836494.45,228.5,160.0,-2.0993580846812088,-0.5245716280457952,-0.0906432748538011,-0.0281249999999999,160.0,0.6022112575087888,237.7802055324157,186.45,135.1197944675843,0.1985205915408358,0.5506055836140057,18.33333333333333,20.108060005085765,163.2,166.2,2619608.0,3408872.85,-89.0,-92.72360391899451,18.28129927919264,216.625,235.25,,,,0.0,0.0,0.0,0.0,0.0,0.0,,0.0,0.0,-0.0828,0.2111,0.0,4.18,-0.06,0,False,0,False,False,False,True,1.0081803677564565,False,False,True,False,True,False,False,False,False,False,False,False,False,False,False,False,False,False,20.0,12.0,46.94533762057878,0.0,-0.8821101041386737,False,False,False,False,False,False,False,-1.0,False,4,False,False,281.49648242790045,,8,False,3,False,True,True,True,"ema60_gt_ema120, market_above_ma60, avoid_chase, adx_trending",,"close_below_ema20, close_below_swing_low",-95.4,22.7,22.7,16.7,-0.4,False,1518,D
2026-07-29,87.6,87.8,79.2,81.9,7966935,656078395,5388,中磊,,0.8905571710554909,0.9030479384366946,-0.0124907673812036,85.2839534545198,83.92474441629231,83.86214324409971,44.377883976960405,19.52322205816141,3.723734306683579,5284901.75,455747496.25,90.6,82.8,0.402991663274878,0.0544285527094986,-0.0607798165137614,-0.0520833333333333,86.4,0.9890409323021934,90.95501426241523,84.8199999999999,78.68498573758454,0.2620217431368868,0.1446596147704636,17.419354838709697,40.431774610318826,87.34000000000015,86.1699999999997,66174616.0,57776904.85,-82.5806451612903,-57.92041537979463,58.39259652025898,85.75,85.35,,,,0.0,0.0,0.0,0.0,0.0,0.0,,0.0,0.0,0.7083,0.1216,0.0,24.07,1.98,0,False,0,False,False,False,True,1.5074897087727317,True,False,False,False,True,True,False,False,False,True,False,False,False,False,False,False,True,True,20.0,0.0,10.622710622710608,0.0,0.425548357748881,False,False,False,False,False,False,False,-1.0,False,7,False,False,530.1814773807139,,3,False,3,True,True,True,True,"ema60_gt_ema120, volume_break, market_above_ma60, avoid_chase, liquidity_ok, obv_uptrend, mfi_strong",,"macd_death_cross, close_below_ema20, close_below_swing_low",153.3,86.0,86.0,16.7,0.2,False,1518,D
2026-07-29,520.0,523.0,480.0,491.5,1507824,741924860,5434,崇越,,9.176619675607752,17.776490560443055,-8.599870884835301,532.1837059588861,488.4562609327302,438.7745603188964,41.60674785288891,31.10165189832521,30.612768752822824,1888424.1,1032709382.6,596.0,517.0,0.0806182730884209,0.5602531940392484,-0.1300884955752212,-0.0493230174081238,517.0,0.4505312613525824,587.8218290350632,540.125,492.4281709649368,-0.0097299022148256,0.1766140394725782,9.42622950819672,17.634830125921024,532.5,547.65,29647331.0,32993047.4,-90.57377049180327,-177.33423898845297,51.28387077964273,467.75,439.5,,,,0.0,0.0,0.0,0.0,0.0,0.0,,0.0,0.0,0.3286,0.1475,0.0,29.92,-0.05,0,False,0,False,False,True,True,0.7984562366049024,False,False,True,False,True,True,False,False,False,False,False,False,False,False,False,False,True,False,20.0,25.0,21.26144455747711,0.0,-1.0002300133472295,False,False,True,False,False,False,False,-1.0,False,7,False,False,540.9818022058822,,8,False,3,False,True,True,True,"ema60_gt_ema120, market_above_ma60, avoid_chase, liquidity_ok, adx_trending, mfi_strong, above_ichimoku_cloud",,"close_below_ema20, close_below_swing_low",164.1,87.2,87.2,16.7,-0.65,False,1518,D
2026-07-29,68.2,68.6,63.0,65.2,2788751,180869539,5469,瀚宇博,,-4.44681775160231,-3.63661662655425,-0.8102011250480605,74.67728777815014,80.79494923294226,83.83878564064396,27.59191286491324,33.405074457253924,3.663611475169408,3370036.75,271529613.25,89.3,67.7,-1.539782310972291,-0.2280104513247596,-0.0931849791376913,-0.0369276218611521,67.7,0.4599682623630163,91.1484236445866,76.39999999999982,61.65157635541302,0.1202984037514199,0.3860843886017495,21.15384615384617,32.26673696481036,69.5800000000003,69.96000000000022,123935307.0,131265332.55,-88.65979381443297,-110.6926964621939,17.502719522921282,84.525,88.0,,,,0.0,0.0,0.0,0.0,0.0,0.0,,0.0,0.0,0.1536,0.0455,0.0,8.83,0.07,0,False,0,False,False,False,False,0.8275135278569291,False,False,True,False,True,True,False,False,False,False,False,False,False,False,False,False,False,False,10.0,12.0,36.96319018404907,0.0,-0.3449470229985459,False,False,False,False,False,False,False,-1.0,False,4,False,False,316.13577100258675,,8,False,3,False,True,True,True,"market_above_ma60, avoid_chase, liquidity_ok, adx_trending",,"close_below_ema20, close_below_swing_low",-60.7,34.0,34.0,16.7,-0.62,False,1518,D
2026-07-29,51.5,51.5,45.55,46.7,2500231,118093104,5471,松翰,,-1.7790840126288927,-0.140805418300665,-1.6382785943282276,56.5953311496292,54.59440570626216,49.74009953263501,32.668251881419664,28.497551551505698,3.986462088971869,4700862.1,291694101.3,67.6,50.6,-1.25677171061098,0.3756288033061483,-0.1878260869565217,-0.0770750988142292,50.6,0.3574446766912017,69.21913743338315,58.94499999999989,48.67086256661664,-0.0959137727811973,0.3486008120581314,8.303249097472964,12.252909243996934,52.77999999999993,54.70999999999985,74214227.0,77048985.35,-95.11677282377916,-173.1367699966134,47.154982962020725,56.56249999999999,52.05,,,,0.0,0.0,0.0,0.0,0.0,0.0,,0.0,0.0,0.4767,0.0488,0.0,11.95,-0.51,0,False,0,False,False,False,True,0.531866484660335,False,False,True,False,True,True,False,False,False,False,False,False,False,False,False,False,False,False,20.0,25.0,44.75374732334045,0.0,-0.1629010648409591,False,False,False,False,False,False,False,-1.0,False,5,False,False,398.3638520685118,,3,False,3,False,True,True,True,"ema60_gt_ema120, market_above_ma60, avoid_chase, liquidity_ok, adx_trending",,"close_below_ema20, close_below_swing_low",21.5,58.2,58.2,16.7,-0.97,False,1518,D
2026-07-29,40.05,40.05,36.8,37.55,303883,11409488,5484,慧友,,-2.1570592171689498,-1.3770075608094168,-0.780051656359533,43.13262955293055,44.39494441409868,43.26838108971583,31.553333003221667,17.35017371494842,2.592507351562064,469308.0,21706070.15,49.4,38.6,-1.2277911987416188,0.0570101146786033,-0.1070154577883472,-0.0272020725388602,38.6,0.5759423528743107,51.6859633020449,44.314999999999785,36.94403669795467,0.0411047564079716,0.3326622273291277,7.425742574257424,6.222849129497263,39.64999999999964,41.21999999999971,8967573.0,11184993.65,-95.6140350877193,-136.07260466619508,53.982542779440095,50.0375,47.7,,,,0.0,0.0,0.0,0.0,0.0,0.0,,0.0,0.0,2.2433,0.6388,0.0,1.2,-0.18,0,False,0,False,False,False,True,0.647512933936775,False,False,False,False,True,False,False,False,True,False,False,False,False,False,False,False,True,False,20.0,25.0,31.557922769640484,0.0,-0.4356588323693548,False,False,False,False,True,False,False,-1.0,False,5,True,False,386.2472233509355,,3,False,3,False,True,True,True,"ema60_gt_ema120, market_above_ma60, avoid_chase, kd_golden_cross, mfi_strong",open_high_close_low,"close_below_ema20, close_below_swing_low",9.4,53.8,53.8,16.7,-0.83,False,1518,D
2026-07-29,16.85,16.85,16.1,16.35,899373,14712599,6108,競國,,-0.6059914835696745,-0.5403125288582254,-0.065678954711449,17.330519800752207,17.983416773494003,17.518996716870163,34.35681056183179,24.18636764712673,0.5708047095284974,800076.75,14039300.25,19.0,16.4,-0.7973523728404072,-0.3460656850115182,-0.0150602409638553,-0.0060790273556229,16.45,0.9848199338175246,19.32096659273398,17.510000000000012,15.699033407266043,0.1797290450706799,0.2068494109347764,20.833333333333343,26.90412186379945,16.660000000000036,16.694999999999983,31795054.0,33354117.85,-90.74074074074076,-94.25287356321812,37.08660595563917,19.2625,20.075,,,,0.0,0.0,0.0,0.0,0.0,0.0,,0.0,0.0,0.4633,-0.0115,0.0,3.4,0.22,0,False,0,False,False,False,True,1.124108405849814,False,False,True,False,True,False,False,False,False,False,False,False,False,False,False,False,False,False,10.0,12.0,16.20795107033638,0.0,-0.503515386291227,False,False,False,False,True,False,False,-1.0,False,4,True,False,302.1988994230034,,3,False,3,False,True,True,True,"ema60_gt_ema120, market_above_ma60, avoid_chase, adx_trending",open_high_close_low,"close_below_ema20, close_below_swing_low",-74.7,29.4,29.4,16.7,-0.26,False,1518,D
2026-07-29,39.05,39.85,37.0,38.05,970402,37098072,6112,邁達特,,-1.4015201881661952,-0.9985238990571532,-0.4029962891090419,42.04787153485334,43.86310279225277,45.08950894772041,26.061174545353023,36.7390806001689,1.382224339027782,426127.85,18156258.95,45.0,39.5,-0.7288594969700204,-0.1094863952259077,-0.0918854415274463,-0.0367088607594937,39.5,1.016337733629591,46.46711082181789,42.60500000000002,38.74288917818215,-0.0897034303453791,0.181298477728805,18.42105263157889,9.697855750486877,40.07999999999993,40.909999999999854,-44007570.0,-41289524.8,-87.19512195121955,-180.75742067553747,28.05349817192166,47.65,46.65,,,,0.0,0.0,0.0,0.0,0.0,0.0,,0.0,0.0,-0.0229,-0.0516,0.0,0.7,0.04,0,False,0,False,False,False,False,2.2772555231956795,True,False,True,False,True,False,False,False,True,False,False,False,False,False,False,False,False,False,20.0,25.0,18.26544021024968,0.0,-0.559533401160583,False,False,False,False,False,False,False,-1.0,False,5,False,False,406.0581544180298,,8,False,3,False,True,True,True,"volume_break, market_above_ma60, avoid_chase, adx_trending, kd_golden_cross",,"close_below_ema20, close_below_swing_low",29.2,60.5,60.5,16.7,1.12,False,1518,D
2026-07-29,45.7,45.75,44.85,45.75,314639,14228464,6115,鎰勝,,-0.6163729491862497,-0.6065830203292755,-0.0097899288569742,46.38361730159789,47.15123065592115,47.33442214122415,40.41266586275446,21.243868833156213,0.6841594730343817,218644.35,10173535.05,48.9,45.15,-0.3722768581227909,-0.0527527090945688,0.0010940919037198,0.0054945054945054,45.5,0.8460267934765138,49.16812134108131,46.552500000000144,43.93687865891898,0.3465947674848778,0.1123729699191733,64.28571428571425,59.10973084886124,45.79000000000015,45.70500000000029,-3186750.0,-3038644.05,-47.05882352941172,-62.08107983173909,39.07679199954765,48.4,48.25,,,,0.0,0.0,0.0,0.0,0.0,0.0,,0.0,0.0,0.1596,-0.0631,0.0,5.33,0.0,0,False,0,False,False,False,False,1.439044731775598,False,False,True,False,True,False,False,False,True,False,False,False,False,False,True,False,False,True,0.0,0.0,6.88524590163934,0.0,-0.2303625052707077,False,False,False,False,False,False,False,-1.0,False,5,False,False,396.6260972545074,,5,False,3,False,True,False,True,"market_above_ma60, avoid_chase, adx_trending, kd_golden_cross, williams_r_recovery",,close_below_ema20,19.7,57.7,57.7,16.7,0.12,False,1518,D
2026-07-29,13.0,13.1,11.65,11.95,52036911,628808143,6116,彩晶,,-1.067733949644671,-0.5725502639558263,-0.4951836856888446,15.087404036989115,14.751951014913327,12.915515092796817,28.960703779589963,30.299814971676746,1.0961918675979028,45316898.75,749205284.2,19.6,12.9,-2.1159194479473937,0.7604106949564874,-0.1843003412969284,-0.0736434108527133,12.9,0.7784074637041454,19.5810258373588,15.729999999999972,11.87897416264114,0.0092216775942965,0.4896409201981992,7.499999999999973,9.34995340167734,13.25,14.080000000000018,3648522096.0,3847084941.55,-95.08196721311478,-141.5613864593457,28.68766884944656,16.5375,15.41,,,,0.0,0.0,0.0,0.0,0.0,0.0,,0.0,0.0,0.1598,0.1197,0.0,5.32,0.41,0,False,0,False,False,False,True,1.148289323306794,False,False,True,False,True,True,False,False,False,False,False,False,False,False,False,False,False,False,20.0,25.0,64.01673640167365,0.0,-0.1657935516144079,False,False,False,False,False,False,False,-1.0,False,5,False,False,414.4933706136951,,8,False,3,False,True,True,True,"ema60_gt_ema120, market_above_ma60, avoid_chase, liquidity_ok, adx_trending",,"close_below_ema20, close_below_swing_low",37.6,62.4,62.4,16.7,-0.23,False,1518,D
2026-07-29,66.8,67.3,62.0,65.0,816648,52389224,6117,迎廣,,-2.491568437208912,-2.635520517325703,0.143952080116791,69.41107495839591,74.25337245611263,76.83414000476381,30.22919135139381,32.417613877008534,2.5460522053717995,254196.35,17466446.65,74.4,66.2,-0.5928054762462809,-0.4668709359995051,-0.0384615384615384,-0.0469208211143695,68.2,1.049164692635394,75.00949013774081,69.42000000000007,63.83050986225933,0.1046150998499992,0.1610339999349102,41.66666666666665,63.43843843843812,67.3800000000003,67.22999999999993,11282961.0,12533379.1,-71.96261682242991,-125.32808398950117,27.878183653199613,81.35,83.15,,,,0.0,0.0,0.0,0.0,0.0,0.0,,0.0,0.0,-0.1135,-0.1383,0.0,1.33,-0.03,0,False,0,False,False,False,False,3.2126661142065966,True,False,True,False,True,False,False,False,False,False,False,False,False,False,False,False,False,True,0.0,12.0,14.46153846153847,0.0,-0.7785090759984024,False,False,False,False,False,False,False,-1.0,False,4,False,False,269.7845522300852,,8,False,3,False,True,True,True,"volume_break, market_above_ma60, avoid_chase, adx_trending",,"close_below_ema20, close_below_swing_low",-107.1,20.5,20.5,16.7,2.24,False,1518,D
2026-07-29,12.3,12.35,11.35,11.6,5298502,62100464,6120,達運,,-0.5086017671909531,-0.2962415350614814,-0.2123602321294717,13.306066201655998,13.690069475148151,13.462380210222149,31.54469542275467,16.38307353735776,0.7352336779616734,2949654.65,39759375.1,14.8,12.1,-0.8694598258921599,-0.0019563208954393,-0.1343283582089552,-0.0413223140495867,12.1,1.027713815341579,15.08324333790966,13.539999999999964,11.996756662090268,-0.1285463712507156,0.2279532256882867,10.204081632653056,9.037792048510406,12.509999999999945,12.969999999999937,118927438.0,135522106.15,-92.64705882352942,-197.1267503182397,27.560168277251847,14.35,14.375,,,,0.0,0.0,0.0,0.0,0.0,0.0,,0.0,0.0,0.4206,0.19,0.0,8.74,-0.32,0,False,0,False,False,False,True,1.7963126632468651,True,False,False,False,True,False,False,False,True,False,False,False,False,False,False,False,False,False,20.0,25.0,27.586206896551737,0.0,-1.2711051620495968,False,False,False,False,False,False,False,-1.0,False,5,False,False,377.7098646878735,,3,False,3,False,True,True,True,"ema60_gt_ema120, volume_break, market_above_ma60, avoid_chase, kd_golden_cross",,"close_below_ema20, close_below_swing_low",0.8,50.3,50.3,16.7,0.54,False,1518,D
2026-07-29,20.45,20.45,19.6,19.9,109740,2177655,6128,上福,,-0.0657506468063573,-0.0231861364867525,-0.0425645103196047,20.31326200207537,20.53306916469656,21.404238210602085,42.99928333778432,12.526691912308875,0.4983536566467834,83266.75,1692359.05,20.8,20.0,-0.0403100632529663,0.0594621810807928,-0.036319612590799,-0.0124069478908188,20.15,1.2817451966679765,20.78946778377382,20.319999999999983,19.850532216226146,0.0526849610171372,0.0462074590328579,16.666666666666536,17.609126984126608,20.18999999999978,20.309999999999945,-7633112.0,-7368555.0,-83.33333333333347,-146.19321817018673,25.792005022220664,20.5875,20.25,,,,0.0,0.0,0.0,0.0,0.0,0.0,,0.0,0.0,0.033,-0.0119,0.0,4.34,0.02,0,False,0,False,False,False,False,1.3179330284897632,False,False,False,False,True,False,False,False,False,False,False,False,False,False,False,False,False,False,20.0,25.0,4.522613065326644,0.0,-0.7225572122552942,False,False,False,False,False,False,False,-1.0,False,2,False,False,159.5086437378341,,3,False,3,False,True,True,True,"market_above_ma60, avoid_chase",,"close_below_ema20, close_below_swing_low",-217.4,3.8,3.8,16.7,-0.03,False,1518,D
2026-07-29,20.15,20.3,18.65,19.25,1357721,26131789,6133,金橋,,-0.9598991568201108,-0.5714539877142651,-0.3884451691058456,21.928892185457368,22.7344649172256,22.415937416760386,31.41951839063718,22.99617444186306,1.127686653458106,3187535.9,81234368.6,27.5,20.0,-1.5893249258743822,-0.0457945069374766,-0.1004672897196261,-0.0374999999999999,20.0,0.2413961296789694,27.484903634852014,22.912499999999955,18.340096365147897,0.0994994873064769,0.399118702442079,15.384615384615412,13.089863970145112,20.4,20.909999999999947,82036542.0,89708817.15,-91.48936170212764,-123.51331893448514,14.796109582757111,23.5875,23.625,,,,0.0,0.0,0.0,0.0,0.0,0.0,,0.0,0.0,0.1535,0.0797,0.0,1.75,-0.48,0,False,0,False,False,False,True,0.4259468889432743,False,False,True,False,True,True,False,False,True,False,False,False,False,False,False,False,False,False,20.0,25.0,42.85714285714285,0.0,-0.8766264307725838,False,False,False,False,False,False,False,-1.0,False,6,False,False,453.73995172016174,,3,False,3,False,True,True,True,"ema60_gt_ema120, market_above_ma60, avoid_chase, liquidity_ok, adx_trending, kd_golden_cross",,"close_below_ema20, close_below_swing_low",76.9,72.3,72.3,16.7,-1.1,False,1518,D
2026-07-29,706.0,730.0,641.0,671.0,7797114,5257882416,6139,亞翔,,-25.19026239243965,-2.508042412838807,-22.68221997960084,812.5589299129903,788.9833540661311,715.4586835755183,33.93618075129497,20.088063734557885,59.81237401385359,4887158.1,4116787714.55,948.0,704.0,-1.2940400733610125,0.3070591988564803,-0.2049763033175355,-0.046875,704.0,1.069503707168015,989.3987781577368,845.15,700.9012218422632,-0.1036446277886877,0.3413566305572661,11.07011070110701,6.508013241109438,767.0,793.6,321695228.0,352253492.65,-88.92988929889299,-212.6724173855068,44.612042400685134,786.5,708.0,,,,0.0,0.0,0.0,0.0,0.0,0.0,,0.0,0.0,0.497,-0.0119,0.0,24.98,-1.98,0,False,0,False,False,False,True,1.5954290490418144,True,False,True,False,True,True,False,False,True,False,False,False,False,False,False,False,False,False,20.0,25.0,41.28166915052161,0.0,-2.0,False,False,False,False,False,False,False,-1.0,False,7,False,False,496.9542904904181,,3,False,3,False,True,True,True,"ema60_gt_ema120, volume_break, market_above_ma60, avoid_chase, liquidity_ok, adx_trending, kd_golden_cross",,"close_below_ema20, close_below_swing_low",120.1,81.9,81.9,16.7,0.3,False,1518,D
2026-07-29,24.4,24.4,23.3,24.05,340384,8132647,6136,富爾特,,-0.2058462300697883,-0.230011230402485,0.0241650003326967,24.41753375221146,24.75696821503254,24.68138889821165,37.73726722924245,26.468343419567503,0.4451867928327475,165569.05,4008007.05,25.2,24.15,-0.0400195414459542,-0.0927914896767152,-0.0123203285420945,-0.0041407867494822,24.15,1.5794564510769622,24.805963007567616,24.302499999999963,23.79903699243231,0.2492367897893348,0.0414330219168936,53.57142857142863,45.79365079365076,24.29999999999982,24.289999999999964,6525211.0,6974084.6,-46.428571428571374,-153.84615384615404,38.62410335899087,25.5875,26.75,,,,0.0,0.0,0.0,0.0,0.0,0.0,,0.0,0.0,0.1512,0.3977,0.0,3.8,0.61,0,False,0,False,False,False,True,2.055843166340569,True,False,True,False,True,False,False,False,True,False,False,False,False,False,False,False,False,True,0.0,0.0,4.781704781704776,0.0,-0.8078727918092917,False,False,False,False,False,False,False,-1.0,False,6,False,False,465.8639581616942,,8,False,3,False,True,True,True,"ema60_gt_ema120, volume_break, market_above_ma60, avoid_chase, adx_trending, kd_golden_cross",,"close_below_ema20, close_below_swing_low",89.0,76.0,76.0,16.7,0.85,False,1518,D
2026-07-29,32.45,32.7,29.25,30.7,2224680,68163757,6141,柏承,,-0.5159708749651415,0.4849715568831069,-1.0009424318482485,37.32183043653804,35.21529911292521,30.145072798255075,38.4883965692628,18.76633596670227,3.403736028235445,2268726.6,89919410.4,43.75,32.5,-0.3329208589192624,0.2417840222181687,-0.2690476190476191,-0.0553846153846153,32.5,0.7649351595011699,44.28762613645354,37.96999999999999,31.65237386354643,-0.075374344965675,0.3327693514065608,8.554572271386427,4.910490952061082,35.939999999999785,38.239999999999874,97358969.0,98876055.95,-91.44542772861358,-224.3701473617492,56.03277062765135,34.8375,33.275000000000006,,,,0.0,0.0,0.0,0.0,0.0,0.0,,0.0,0.0,0.347,0.2174,0.0,4.17,-1.23,0,False,0,False,False,False,True,0.980585320417189,False,False,False,False,True,True,False,False,True,False,False,False,False,False,False,False,True,False,20.0,25.0,42.508143322475576,0.0,-0.1652096181056708,False,False,False,False,False,False,False,-1.0,False,6,False,False,437.82333778690383,,3,False,3,False,True,True,True,"ema60_gt_ema120, market_above_ma60, avoid_chase, liquidity_ok, kd_golden_cross, mfi_strong",,"close_below_ema20, close_below_swing_low",60.9,67.9,67.9,16.7,-0.43,False,1518,D
2026-07-29,9.83,9.95,9.28,9.68,1132029,10775286,6142,友勁,,0.1715524805478008,0.2310884750042917,-0.0595359944564909,9.776079585239115,9.399462067884944,9.335901171997952,50.03013819916936,29.70132935565903,0.6336671873728364,2290289.5,23924193.1,11.25,9.28,0.056632485590696,0.3923546237541611,-0.0415841584158416,-0.0152594099694811,9.83,0.6502913566950176,10.888605391493478,9.906499999999983,8.92439460850649,0.3846865102453293,0.1982749490725273,36.55172413793101,57.70114942528744,9.88199999999988,9.802999999999974,-3426439.0,-643096.35,-81.7241379310345,-53.94540014958883,34.5976150678477,8.919999999999998,8.835,,,,0.0,0.0,0.0,0.0,0.0,0.0,,0.0,0.0,0.1446,0.0976,0.0,2.54,-0.07,0,False,0,False,False,True,True,0.4942733222153793,False,False,True,False,True,False,False,False,False,False,False,False,False,False,False,False,False,True,0.0,0.0,16.219008264462815,0.0,-0.8249350901121266,False,False,True,False,False,False,False,-1.0,False,5,False,False,380.0435121408083,,3,False,3,False,True,False,True,"ema60_gt_ema120, market_above_ma60, avoid_chase, adx_trending, above_ichimoku_cloud",,close_below_ema20,3.2,51.4,51.4,16.7,-1.02,False,1518,D
2026-07-29,11.95,11.95,11.0,11.3,814212,9185549,6152,百一,,-0.6352878705372085,-0.5794268774356076,-0.0558609931016008,12.603182739897695,13.784422444429913,13.949987458975803,27.226944144221303,24.48325705201105,0.5614276599593019,681733.95,8658882.6,13.7,11.8,-0.8469463223267585,-0.4246766646465585,-0.0775510204081632,-0.0423728813559322,11.8,0.9162564894290136,14.038823020117317,12.679999999999971,11.321176979882631,-0.0077923981155404,0.2143253974948493,18.181818181818223,19.51405951405953,11.919999999999982,12.065000000000008,37555966.0,39848681.05,-89.09090909090907,-142.27474691951792,29.613115034469203,15.1125,16.05,,,,0.0,0.0,0.0,0.0,0.0,0.0,,0.0,0.0,0.2628,-0.0003,0.0,1.62,0.15,0,False,0,False,False,False,False,1.1943251469286515,False,False,True,False,True,False,False,False,False,False,False,False,False,False,False,False,False,False,20.0,25.0,21.23893805309733,0.0,-0.8774619892214925,False,False,False,False,False,False,False,-1.0,False,3,False,False,261.4137075986286,,3,False,3,False,True,True,True,"market_above_ma60, avoid_chase, adx_trending",,"close_below_ema20, close_below_swing_low",-115.5,18.4,18.4,16.7,-0.18,False,1518,D
2026-07-29,15.15,15.3,13.7,14.2,8763755,124466001,6153,嘉聯益,,-1.421292235258278,-1.0276761017802154,-0.3936161334780625,17.70202377852573,18.753267130947524,18.14629856061652,23.88255816600825,38.73671897758177,1.12163192389362,5007775.0,91778624.0,21.45,15.05,-1.7989126339957318,-0.049309129892264,-0.1647058823529412,-0.0564784053156146,15.05,0.8660030027021606,21.926698214285576,18.107500000000027,14.288301785714475,-0.0115602517544374,0.4218360584603666,12.195121951219509,9.411445879164605,15.760000000000218,16.435000000000038,215729736.0,244933317.1,-92.5925925925926,-150.3476482617586,21.129316012857828,21.9375,21.025,,,,0.0,0.0,0.0,0.0,0.0,0.0,,0.0,0.0,0.2496,0.0269,0.0,9.04,-0.66,0,False,0,False,False,False,True,1.7500297038105743,True,False,True,False,True,True,False,False,True,False,False,False,False,False,False,False,False,False,20.0,25.0,51.056338028169016,0.0,-0.5849058151814828,False,False,False,False,False,False,False,-1.0,False,7,False,False,560.481427255928,,8,False,3,False,True,True,True,"ema60_gt_ema120, volume_break, market_above_ma60, avoid_chase, liquidity_ok, adx_trending, kd_golden_cross",,"close_below_ema20, close_below_swing_low",183.6,89.3,89.3,16.7,0.49,False,1518,D
2026-07-29,52.0,55.5,46.6,49.55,3405986,168854455,6155,鈞寶,,-6.894653358445474,-4.820859207245473,-2.0737941512000013,64.3029500088388,66.66803704655794,60.203533118710936,26.183340468192497,29.791635561685183,5.7005253029898,3317535.45,255218226.1,91.9,51.7,-2.944604117106819,0.4087157278914315,-0.1769102990033223,-0.0415860735009672,51.7,0.3531597017441478,90.81604104314523,67.3925000000002,43.96895895685515,0.1191331625065748,0.69513791722061,16.120218579234944,8.689623565778675,54.01000000000022,57.53500000000022,16013581.0,26449247.3,-90.45307443365698,-113.96901709401722,22.964476991623545,82.78750000000001,72.65,,,,0.0,0.0,0.0,0.0,0.0,0.0,,0.0,0.0,0.4794,0.0825,0.0,10.06,0.36,0,False,0,False,False,False,True,1.0266615236922336,False,False,True,False,True,True,False,False,True,False,False,False,False,False,False,False,False,False,20.0,12.0,85.4692230070636,0.0,-0.3527544558684654,False,False,False,False,False,False,False,-1.0,False,6,False,False,478.0335617665008,,3,False,3,False,True,True,True,"ema60_gt_ema120, market_above_ma60, avoid_chase, liquidity_ok, adx_trending, kd_golden_cross",,"close_below_ema20, close_below_swing_low",101.2,78.1,78.1,16.7,-0.38,False,1518,D
2026-07-29,265.5,279.0,252.5,252.5,490910,126711790,4542,科嶠,,-19.49692594179124,-5.343326404680987,-14.153599537110246,335.0711774961192,312.6812154216101,255.76241826340697,34.27252279602975,27.217158867727544,29.830751986149203,960673.1,403600610.5,494.0,280.5,-2.831937481257002,0.9865832107717684,-0.2462686567164179,-0.0998217468805704,280.5,0.1752797905922551,492.1466912051352,362.475,232.8033087948648,0.0759483084630084,0.7154793638465282,0.0,7.142857142856883,298.7,313.9,28718244.0,32339594.35,-100.0,-130.97546472245924,8.865766563202897,329.25,287.5,,,,98001.0,1.0,0.0,0.0,-9000.0,0.0,,0.0,0.0,1.0205,0.2259,0.0,0.0,0.0,0,False,2,False,False,False,True,0.5110062933999089,False,False,True,False,True,True,False,False,False,False,False,False,False,False,False,False,False,False,20.0,25.0,95.64356435643565,0.0,-0.6086822553873584,False,False,False,False,False,False,False,-1.0,False,5,False,False,392.8058758693508,,3,False,3,False,True,True,True,"ema60_gt_ema120, market_above_ma60, avoid_chase, liquidity_ok, adx_trending",,"close_below_ema20, close_below_swing_low",15.9,55.9,55.9,16.7,-1.0,False,1518,X
2026-07-29,31.25,31.25,29.2,29.6,68605,2034046,4554,橙的,,-0.1634089249247061,0.0463956811538669,-0.209804606078573,30.915006300253488,30.631467689075333,30.25542365500665,36.43487934847898,23.011963252711904,0.8208641244613379,58037.3,1825873.4,32.15,30.1,-0.2723379919742247,0.0287698135721215,-0.0512820512820512,-0.0166112956810631,30.1,0.6656779562352343,32.48640390380628,31.23250000000008,29.97859609619387,-0.1509669501166097,0.0802948149399632,16.32653061224499,11.50278293135428,30.48000000000029,30.850000000000183,733728.0,898335.45,-89.33333333333329,-185.2698189488486,39.79539736539781,30.725,31.525,,,,-7000.0,0.0,0.0,0.0,-204.0,0.0,,0.0,0.0,0.5628,0.3369,0.0,0.0,0.0,0,False,0,False,False,False,True,1.1820846248877876,False,False,True,False,True,False,False,False,True,False,False,False,False,False,False,False,False,False,20.0,25.0,8.614864864864854,0.0,-0.7338765643703027,False,False,False,False,True,False,False,-1.0,False,5,True,False,403.0143274764343,,5,False,3,False,True,True,True,"ema60_gt_ema120, market_above_ma60, avoid_chase, adx_trending, kd_golden_cross",open_high_close_low,"close_below_ema20, close_below_swing_low",26.1,59.4,59.4,16.7,-0.19,False,1518,D
2026-07-29,76.8,82.7,69.6,69.6,3978735,309259764,4577,達航科技,,-7.1902440621210815,-7.722532476034629,0.5322884139135473,78.39224978017108,93.48498513262815,92.87720535486136,36.47039618377451,25.95370602265768,6.486317374368122,614920.05,49186767.15,92.6,69.0,-1.537805027899266,-1.3036391859791117,-0.0127659574468086,-0.0996119016817593,77.3,1.7094887502186566,94.51707626888536,78.57999999999956,62.64292373111377,0.2182670193550067,0.4056267821045018,22.941176470588186,46.42438187800084,72.03999999999942,71.60999999999986,33381795.0,37076700.35,-81.77570093457948,-47.68919167740755,21.965175598359664,103.675,137.6,,,,-578014.0,0.0,0.0,0.0,-548.0,0.0,,0.0,0.0,0.8165,0.2041,0.0,0.0,0.0,0,False,1,False,False,False,True,6.470328947641241,True,False,True,False,True,False,False,False,False,False,False,False,False,False,False,False,False,True,10.0,0.0,33.04597701149425,0.0,-0.8661360961566782,False,False,False,False,False,False,False,-1.0,False,5,False,False,414.60636684611984,,6,False,3,False,True,False,True,"ema60_gt_ema120, volume_break, market_above_ma60, avoid_chase, adx_trending",,close_below_ema20,37.7,62.5,62.5,16.7,6.13,False,1518,X
2026-07-29,726.0,730.0,647.0,664.0,2573174,1718658312,4749,新應材,,-55.80258235824988,-43.71498942498966,-12.087592933260218,819.1503739677855,897.8163134692991,905.8950307529384,22.289014614847844,28.548668149246,44.039897961323256,937390.4,769363294.85,925.0,718.0,-1.3123220001210925,-0.6391425035433129,-0.1852760736196319,-0.075208913649025,718.0,1.545502904872492,967.3521820738838,834.45,701.5478179261163,-0.1412611039946751,0.3185383955273144,8.374384236453203,6.193751289851207,748.4,784.1,26793391.0,33453007.4,-92.91666666666669,-201.65289256198324,17.97602263863135,999.0,1023.0,,,,433027.0,5.0,300.0,1.0,-77824.0,0.0,,0.0,0.0,0.2461,0.0679,0.0,0.0,0.0,0,False,0,False,False,False,False,2.745039846791689,True,False,True,False,True,True,True,False,True,False,False,False,False,False,False,False,False,False,20.0,25.0,39.30722891566265,0.0,-0.7230982646184695,True,False,False,False,False,False,False,-1.0,False,7,False,False,603.7732192924952,,6,False,3,False,True,True,True,"volume_break, market_above_ma60, avoid_chase, liquidity_ok, foreign_buy_3d, adx_trending, kd_golden_cross",,"close_below_ema20, close_below_swing_low",226.9,93.0,93.0,16.7,1.68,False,1518,D
2026-07-29,18.5,18.6,17.3,17.65,425603,7565100,4729,熒茂,,-1.0655141966637205,-0.8960744796868293,-0.1694397169768909,19.98390671051302,21.23368217572473,21.504516199845995,32.73228933758803,21.966354649225025,1.085056544229866,363604.95,7597709.65,23.2,18.3,-1.2512834201104277,-0.2471247201346685,-0.0854922279792747,-0.0355191256830602,18.3,0.7626267166570599,23.51332406921844,20.327499999999965,17.14167593078149,0.0797790553047093,0.313449668598547,12.49999999999992,24.456521739130647,18.73000000000011,19.02500000000009,58092335.0,59657508.35,-92.39130434782614,-122.01331766549151,31.87683007556161,23.425,23.6,,,,-44000.0,0.0,0.0,0.0,-135.0,0.0,,0.0,0.0,-0.0076,0.0597,0.0,0.0,0.0,0,False,0,False,False,False,False,1.1705093673779745,False,False,True,False,True,False,False,False,False,False,False,False,False,False,False,False,False,False,20.0,25.0,31.44475920679887,0.0,-0.3499736205426399,False,False,False,False,False,False,False,-1.0,False,3,False,False,227.50541022726807,,3,False,3,False,True,True,True,"market_above_ma60, avoid_chase, adx_trending",,"close_below_ema20, close_below_swing_low",-149.4,11.0,11.0,16.7,-0.21,False,1518,D
2026-07-29,217.5,222.0,196.0,205.0,956982,195378287,4760,勤凱,,-32.33995658619531,-26.57867389372555,-5.761282692469763,270.649749991538,296.8436491651673,274.2389367526619,27.725619423271056,34.91288948536034,22.360797561425283,747670.85,214853890.3,346.5,217.0,-2.5882274685172337,-0.3823907688822521,-0.196078431372549,-0.0552995391705068,217.0,0.5901343855827779,365.0228850380805,279.325,193.6271149619195,0.0663545257448703,0.6136069813878494,12.16216216216216,10.776743129683988,230.0,241.1,46028390.0,49557859.1,-93.5483870967742,-128.79279279279282,11.48329492411426,392.625,363.25,,,,334393.0,2.0,0.0,0.0,-34437.0,0.0,,0.0,0.0,0.648,0.0683,0.0,0.0,0.0,0,False,0,False,False,False,True,1.2799509302790126,False,False,True,False,True,True,False,False,True,False,False,False,False,False,False,False,False,False,20.0,25.0,69.02439024390243,0.0,-0.6825044743314934,True,False,False,False,False,False,False,-1.0,False,6,False,False,499.6094556108122,,8,False,3,False,True,True,True,"ema60_gt_ema120, market_above_ma60, avoid_chase, liquidity_ok, adx_trending, kd_golden_cross",,"close_below_ema20, close_below_swing_low",122.7,82.2,82.2,16.7,-0.08,False,1518,D
2026-07-29,38.65,39.6,34.75,35.3,3335500,121172758,4903,聯光通,,-1.1057718520648336,-1.2233813172067791,0.1176094651419454,38.00503439674889,40.531255171608166,41.04982100707857,39.66677443046048,15.817921425276923,2.5907421363716727,1790900.2,69820376.1,41.8,33.7,-0.6273626378676447,-0.4452355088175556,-0.0084269662921349,-0.0854922279792747,38.6,2.614472155772721,42.50475980291949,38.17250000000004,33.84024019708058,0.168475561176606,0.2269832891699233,32.92682926829264,60.569105691057,37.71999999999971,36.58500000000004,163760140.0,163442485.1,-67.07317073170735,-73.94558478686852,48.39600854864538,42.0125,46.975,,,,30000.0,3.0,0.0,0.0,21000.0,1.0,,0.0,0.0,0.0466,1.2634,0.0,0.0,0.0,0,False,0,False,False,False,False,1.862471175110707,True,False,False,False,True,True,True,False,False,True,False,False,False,False,False,False,False,True,0.0,12.0,18.413597733711047,0.0,0.0580261673632725,True,False,False,False,False,False,False,-1.0,False,6,False,False,461.3210257594663,,3,False,3,False,True,False,True,"volume_break, market_above_ma60, avoid_chase, liquidity_ok, foreign_buy_3d, obv_uptrend",,close_below_ema20,84.4,74.4,74.4,16.7,0.62,False,1518,D
2026-07-29,134.0,135.5,120.5,125.5,2005381,250075739,4908,前鼎,,-16.277392824534928,-15.86386609011661,-0.4135267344183173,153.3041983957945,173.07976664139127,160.41977952496157,29.676150373997856,28.844536601620607,12.838244799142512,1584802.9,246323926.05,189.0,133.5,-1.653734324573107,-1.1466803688043825,-0.1314878892733564,-0.0599250936329588,133.5,0.8354182078761986,184.32411211830268,153.0,121.67588788169732,0.061041029732304,0.4094655178863095,14.705882352941176,33.039215686274474,137.3,139.35,114911144.0,122561345.45,-89.79591836734694,-130.31434421293494,24.790742457821736,226.0,209.0,,,,461385.0,3.0,0.0,0.0,-22841.0,0.0,,0.0,0.0,0.2972,0.0127,0.0,0.0,0.0,0,False,0,False,False,False,True,1.2653819601163023,False,False,True,False,True,True,True,False,False,False,False,False,False,False,False,False,False,False,20.0,25.0,50.59760956175299,0.0,-0.6537699744075464,True,False,False,False,False,False,False,-1.0,False,6,False,False,509.80857990827246,,3,False,3,True,True,True,True,"ema60_gt_ema120, market_above_ma60, avoid_chase, liquidity_ok, foreign_buy_3d, adx_trending",,"macd_death_cross, close_below_ema20, close_below_swing_low",132.9,83.5,83.5,16.7,-0.09,False,1518,D
2026-07-29,36.5,37.35,33.1,34.85,1151598,39710931,4909,新復興,,-2.947216827869191,-2.72904955692712,-0.2181672709420716,40.42435920056848,46.408629846422,50.25911679173146,25.292331010344185,48.03923902224391,2.0618484868429787,504539.0,20610272.85,46.2,36.3,-1.2526569486067307,-0.6887297870876224,-0.115482233502538,-0.0399449035812671,36.3,0.907702518309593,46.98567242248841,40.76249999999991,34.53932757751141,0.0249609364321905,0.305338113338903,22.72727272727274,21.06782106782096,37.19999999999963,38.08999999999978,39936501.0,42510852.55,-83.2535885167464,-147.4778991159645,26.081045428800152,50.9375,56.7,,,,506000.0,4.0,0.0,0.0,-6708.0,0.0,,0.0,0.0,-0.1194,-0.0555,0.0,0.0,0.0,0,False,0,False,False,False,False,2.2824756857249886,True,False,True,False,True,False,True,False,True,False,False,False,False,False,False,False,False,False,10.0,25.0,32.56814921090388,0.0,-0.5714370837367401,True,False,False,False,False,False,False,-1.0,False,6,False,False,475.967511852409,,8,False,3,False,True,True,True,"volume_break, market_above_ma60, avoid_chase, foreign_buy_3d, adx_trending, kd_golden_cross",,"close_below_ema20, close_below_swing_low",99.1,77.7,77.7,16.7,1.12,False,1518,D
2026-07-29,65.4,65.4,65.2,65.2,12010,785253,4905,台聯電,,-2.007563838159143,-3.2279792307562705,1.2204153925971273,60.56061266371885,66.59589234696313,67.36376579884826,50.90210285477186,10.436881314218438,14.755609322807574,9003.35,606901.05,69.8,0.0,,,-0.0326409495548961,-0.0030581039755351,65.4,0.1619452453850955,100.77009789331224,60.42000000000026,20.069902106688254,0.5592315787267524,1.335653687299299,93.81294964028775,93.02735715110612,52.28000000000102,60.02000000000044,-71684.0,-55280.75,-7.648725212464577,26.510452561451856,42.94849893751751,76.4,82.94999999999999,,,,0.0,0.0,0.0,0.0,3000.0,1.0,,0.0,0.0,0.7535,0.0492,0.0,0.0,0.0,0,False,0,False,False,False,False,1.333947919385562,False,False,False,False,True,False,False,False,False,False,False,False,False,False,False,False,False,False,-20.0,0.0,7.055214723926372,0.0,-0.3320642635579355,False,False,False,False,False,False,False,-1.0,False,2,False,False,119.3547080311604,,3,False,3,False,False,False,False,"market_above_ma60, avoid_chase",,,-257.5,1.6,1.6,16.7,-0.01,False,1518,D
2026-07-29,40.1,40.7,36.5,38.15,375138,14301881,4923,力士,,-3.373887615558381,-1.1247449550947772,-2.249142660463604,49.30127532807953,48.10077656953568,43.3406633664796,31.921605239626217,24.20331738945876,3.820683020699877,937734.85,55995719.75,66.5,40.1,-2.685483881051129,0.642571867272815,-0.2052083333333333,-0.0486284289276808,40.1,0.3281387536089786,70.69677554495054,53.2875,35.87822445504946,0.06524612523608,0.6534093566014746,10.576923076923066,5.069931954896068,42.409999999999854,45.39499999999989,-1765070.0,2046327.5,-95.1470588235294,-130.8797862483571,49.79069043903391,50.7875,48.025,,,,75925.0,3.0,0.0,0.0,-234.0,0.0,,0.0,0.0,0.3252,0.1768,0.0,0.0,0.0,0,False,0,False,False,False,True,0.4000469855631365,False,False,True,False,True,True,True,False,True,False,False,False,False,False,False,False,False,False,20.0,25.0,74.3119266055046,0.0,-0.9907917941614176,True,False,False,False,False,False,False,-1.0,False,7,False,False,562.1109683256943,,3,False,3,False,True,True,True,"ema60_gt_ema120, market_above_ma60, avoid_chase, liquidity_ok, foreign_buy_3d, adx_trending, kd_golden_cross",,"close_below_ema20, close_below_swing_low",185.2,89.6,89.6,16.7,-1.13,False,1518,D
2026-07-29,9.76,9.76,9.24,9.3,158255,1480253,4924,欣厚-KY,,-0.7797445490812134,-0.588573294821946,-0.1911712542592674,10.88064819692716,11.471118595028068,11.571248465224013,30.91959264777806,21.386787867513828,0.6056463568080974,142427.15,1685544.1,14.3,9.86,-2.2835689517879723,-0.019746240682369,-0.079207920792079,-0.0606060606060605,9.9,0.4673257980901004,14.661821813370745,11.362000000000034,8.062178186629325,0.1875588870215787,0.580852281881834,4.255319148936205,11.769412290916684,9.81200000000008,9.98400000000006,165044.0,1011382.1,-98.48484848484848,-87.1975086426102,10.038029792574092,11.9,11.245,,,,6000.0,1.0,0.0,0.0,0.0,0.0,,0.0,0.0,-0.7553,-0.7547,0.0,0.0,0.0,0,False,0,False,False,False,False,1.111129444070179,False,False,True,False,True,False,False,False,False,False,False,False,False,False,False,False,False,False,20.0,12.0,53.76344086021505,0.0,-1.1594138687545523,False,False,False,False,False,False,False,-1.0,False,3,False,False,174.19832801564715,,3,False,3,False,True,True,True,"market_above_ma60, avoid_chase, adx_trending",,"close_below_ema20, close_below_swing_low",-202.7,5.2,5.2,16.7,-0.28,False,1518,D
2026-07-29,186.5,193.0,166.5,174.0,6487773,1132403730,4931,新盛力,,-12.972133311046464,-7.459638564996549,-5.512494746049914,214.66630394605323,214.2550418948784,195.68669079723287,33.024085926749336,25.875659728306964,17.29008912593916,5756957.45,1382025393.75,272.0,185.0,-1.6695836698711362,0.2803741958470139,-0.1906976744186046,-0.0594594594594594,185.0,0.3734961272196667,272.2231713091777,222.325,172.4268286908223,0.0157638172692748,0.4488759366618932,13.513513513513514,22.2889633389168,194.5,201.9,784442495.0,796632642.45,-93.08755760368663,-145.82917912927886,14.346230116501744,244.625,209.75,,,,1750615.0,2.0,0.0,0.0,-95917.0,0.0,,0.0,0.0,1.4509,-0.0518,0.0,0.0,0.0,0,False,0,False,False,False,True,1.1269447544726945,False,False,True,False,True,True,False,False,False,False,False,False,False,False,False,False,False,False,20.0,25.0,56.32183908045977,0.0,-0.2413681719202323,True,False,False,False,False,False,False,-1.0,False,5,False,False,423.37302948168417,,3,False,3,False,True,True,True,"ema60_gt_ema120, market_above_ma60, avoid_chase, liquidity_ok, adx_trending",,"close_below_ema20, close_below_swing_low",46.5,65.2,65.2,16.7,-0.26,False,1518,D
2026-07-29,53.6,53.9,50.7,51.7,188969,9802864,4933,友輝,,-3.6529345861099,-3.0355284171634755,-0.6174061689464247,59.37706022100272,63.76032012737421,64.0790351959698,22.995664287181867,31.78414156947484,2.0587118622041367,175590.05,10690352.35,68.6,53.5,-1.3717657483218515,-0.448553494556068,-0.1132075471698111,-0.033644859813084,53.5,0.9365672978611408,70.46358641859769,60.525,50.58641358140232,0.0560233805742169,0.3284126036711337,11.627906976744194,7.32424485431693,54.7,56.32000000000007,1749770.0,2767104.75,-92.7536231884058,-135.4396470217461,13.37515138974895,70.82499999999999,69.4,,,,-36000.0,0.0,0.0,0.0,-1344.0,0.0,,0.0,0.0,-0.2116,-0.1069,0.0,0.0,0.0,0,False,0,False,False,False,False,1.076194237657544,False,False,True,False,True,False,False,False,True,False,False,False,False,False,False,False,False,False,20.0,25.0,32.688588007736925,0.0,-0.7129815261176847,False,False,False,False,False,False,False,-1.0,False,4,False,False,287.20616406316327,,8,False,3,False,True,True,True,"market_above_ma60, avoid_chase, adx_trending, kd_golden_cross",,"close_below_ema20, close_below_swing_low",-89.7,24.0,24.0,16.7,-0.32,False,1518,D
2026-07-29,54.0,55.2,49.95,49.95,5998066,309252082,4939,亞電,,0.1167755489827726,1.6567685686989542,-1.5399930197161815,61.09974386831087,55.70646937785794,48.43800518415785,38.51204056053291,19.664138446153085,5.865673297243855,18267402.35,1234766373.1,72.8,55.5,0.0334965595650835,0.9101937564655452,-0.2954866008462623,-0.0999999999999999,55.5,0.3827898985677296,72.59667976269888,61.48750000000009,50.37832023730129,-0.0192777615652351,0.3613475832550935,0.0,7.222005462349139,59.63000000000029,63.50500000000011,397812488.0,503336770.05,-100.0,-165.06040090269468,54.03514196515707,59.05,50.325,,,,3094.0,3.0,0.0,0.0,-65376.0,0.0,,0.0,0.0,0.4418,0.0672,0.0,0.0,0.0,0,False,1,False,False,False,True,0.3283480532742522,False,False,False,False,True,True,True,False,False,False,False,False,False,False,False,False,True,False,20.0,25.0,45.74574574574573,0.0,-2.0,True,False,False,False,False,False,False,-1.0,False,6,False,False,454.28348053274254,,3,False,3,False,True,True,True,"ema60_gt_ema120, market_above_ma60, avoid_chase, liquidity_ok, foreign_buy_3d, mfi_strong",,"close_below_ema20, close_below_swing_low",77.4,72.5,72.5,16.7,-1.21,False,1518,X
2026-07-29,77.7,78.3,72.0,75.2,509468,37696807,4951,精拓科,,-6.070974563939231,-6.105902078023935,0.0349275140847042,84.96372070104334,93.1467456840136,90.23479603060665,28.16347877875189,39.68990207449518,4.405840131959537,370651.35,31824938.15,96.7,76.7,-1.2659250494703282,-0.992229879946987,-0.0623441396508728,-0.0358974358974358,78.0,0.6635825843703125,99.16248534185812,85.30500000000029,71.44751465814245,0.1353956092785036,0.3248926872248471,21.91780821917811,37.07692843947128,79.68000000000029,79.50000000000037,8248004.0,9808010.3,-83.41968911917097,-112.96720893838496,27.223525750206303,110.775,106.6,,,,10200.0,1.0,0.0,0.0,-9955.0,0.0,,0.0,0.0,-0.0371,-0.0325,0.0,0.0,0.0,0,False,0,False,False,False,True,1.3745208266474682,False,False,True,False,True,False,False,False,False,False,False,False,False,False,False,False,False,True,10.0,12.0,28.59042553191489,0.0,-0.4341758241517672,False,False,False,False,False,False,False,-1.0,False,4,False,False,310.53509837665354,,8,False,3,False,True,True,True,"ema60_gt_ema120, market_above_ma60, avoid_chase, adx_trending",,"close_below_ema20, close_below_swing_low",-66.3,32.5,32.5,16.7,0.04,False,1518,D
2025-09-01,76.6,76.8,75.6,76.1,43817,3339214,4945,陞達科技,,0.4072386922565414,-0.1404595819020969,0.5476982741586384,74.91478269632049,74.35330668259539,73.0995936591742,54.4946318218399,12.418750071778742,2.299180209975283,102733.15,7659938.3,77.8,71.1,0.161898795109924,-0.0585426480360902,0.0353741496598638,-0.0180645161290323,77.5,1.173338283481798,78.64065696752448,74.15000000000006,69.65934303247565,0.7171174523128758,0.1211235864470508,66.66666666666667,80.4444444444445,76.82000000000008,74.74000000000005,2929565.0,2620682.6,-33.333333333333336,62.301447229084665,82.7095010944989,76.25,,52186.54266666666,True,-0.008115548278888,12000.0,2.0,0.0,0.0,0.0,0.0,0.0434896979387519,0.0,0.0,0.0,0.0,0.0,0.0,0.0,0,False,0,False,False,True,True,0.4265127663271301,False,False,False,False,True,False,False,True,False,True,False,False,False,False,False,False,True,True,0.0,0.0,2.2339027595269423,8.0,0.6921621750378727,True,False,False,False,False,False,False,-1.0,False,6,False,False,490.5710737637258,18.6,3,True,3,False,False,False,False,"ema60_gt_ema120, market_above_ma60, avoid_chase, stronger_than_market, obv_uptrend, mfi_strong",,,113.7,80.6,80.6,16.7,-1.1,False,1518,D
2026-07-29,590.0,602.0,549.0,561.0,1474144,837642171,4966,譜瑞-KY,,-23.60723379346496,-21.46952412726517,-2.137709666199786,616.8247342824136,642.5006390378046,635.8058481353929,34.68832429196671,22.95918658230845,32.598852539537376,1345213.95,840236076.45,662.0,567.0,-0.655159946740118,-0.4336811406198251,-0.0833333333333333,-0.0294117647058823,578.0,0.6609562760837556,681.5064282341053,620.25,558.9935717658947,0.016377287183945,0.1975217355392352,17.142857142857142,39.87107095802761,595.4,595.5,43878117.0,47982004.3,-89.83050847457628,-133.47758469132472,31.496164458268023,722.75,702.0,,,,218386.0,1.0,250.0,1.0,-20411.0,0.0,,0.0,0.0,0.1223,0.2791,0.0,0.0,0.0,0,False,0,False,False,False,True,1.095843527343736,False,False,True,False,True,True,False,False,False,False,False,False,False,False,False,False,False,False,20.0,25.0,18.003565062388592,0.0,-0.3306899329447791,False,False,False,False,True,False,False,-1.0,False,5,True,False,386.9901560781,,3,False,3,False,True,True,True,"ema60_gt_ema120, market_above_ma60, avoid_chase, liquidity_ok, adx_trending",open_high_close_low,"close_below_ema20, close_below_swing_low",10.1,54.0,54.0,16.7,-0.3,False,1518,D
2026-07-29,397.0,399.0,351.0,351.0,1044110,381550792,4971,IET-KY,,-42.23216189633576,-45.99966625508561,3.7675043587498536,429.1221929053935,514.7338312215115,506.16703935153697,33.81006278287492,30.17916140401768,40.887046896405806,990087.0,421794298.7,498.0,367.0,-1.1839504474734066,-1.373146888212185,-0.162291169451074,-0.0999999999999999,390.0,1.5383820764830205,497.0776758314236,422.45,347.8223241685764,0.0212901969411564,0.353308916233512,12.55813953488372,50.0775193798454,398.4,397.3,251338077.0,255524198.15,-87.44186046511628,-144.42413162705662,33.454804022352306,612.25,726.5,,,,143910.0,1.0,0.0,0.0,-370.0,0.0,,0.0,0.0,-0.0626,-0.0789,0.0,0.0,0.0,0,False,2,False,False,False,True,1.0545638918600082,False,False,True,False,True,True,False,False,False,False,False,False,False,False,False,False,False,True,20.0,25.0,41.88034188034188,0.0,-0.6291216771445842,False,False,False,False,False,False,False,-1.0,False,5,False,False,372.99617879286507,,8,True,3,False,True,True,True,"ema60_gt_ema120, market_above_ma60, avoid_chase, liquidity_ok, adx_trending",,"close_below_ema20, close_below_swing_low",-3.9,48.4,48.4,16.7,-0.34,False,1518,X
2026-07-29,16.45,16.5,16.15,16.5,73733,1204410,4972,湯石照明,,-0.0837888524730452,-0.0239190839535124,-0.0598697685195327,16.736140292304064,16.834760978063407,17.079534736334473,39.9321416361637,24.049903728499626,0.172024414146976,25923.15,437481.65,17.45,16.4,-0.1974115591205655,0.0496724552077031,-0.0178571428571429,0.0030395136778116,16.45,0.3303340883588415,17.33859803449764,16.84000000000001,16.34140196550238,0.1590439828522556,0.0592159185864167,46.666666666666856,25.555555555555355,16.529999999999927,16.680000000000017,117129.0,100750.8,-58.82352941176461,-179.3893129771004,10.75232825521404,16.8375,16.95,,,,-3000.0,0.0,0.0,0.0,-473.0,0.0,,0.0,0.0,0.1262,-0.0857,0.0,0.0,0.0,0,False,0,False,False,False,False,2.844291685231154,True,False,True,False,True,False,False,False,False,True,False,False,False,False,False,False,False,False,0.0,12.0,5.757575757575753,0.0,0.0900127873944091,False,False,False,False,False,False,False,-1.0,False,5,False,False,391.52307030104447,,5,False,3,False,True,False,True,"volume_break, market_above_ma60, avoid_chase, adx_trending, obv_uptrend",,close_below_ema20,14.6,55.6,55.6,16.7,1.8,False,1518,D
2026-07-29,125.0,129.0,116.5,122.5,2903389,351923267,4973,廣穎,,-8.614271284091586,-5.362079657286966,-3.2521916268046205,148.23781675638014,142.6986526607972,117.82886228276251,31.93405215100693,22.178716598529707,10.921258167610446,1942768.2,298437622.9,173.5,129.0,-1.4033220490339573,0.6081561898776897,-0.1522491349480969,-0.0503875968992247,129.0,0.6274060713374776,177.7826293903527,150.95,124.11737060964728,-0.0301381311931506,0.355516785562805,16.216216216216218,17.786357786357865,136.0,139.2,329889261.0,336202084.3,-88.9908256880734,-163.08609800192517,35.32392047380853,177.0,144.55,,,,874180.0,2.0,0.0,0.0,6250.0,4.0,,0.0,0.0,1.973,0.0319,0.0,0.0,0.0,0,False,0,False,False,False,True,1.4944598125499482,False,False,True,False,True,True,False,False,False,False,False,True,False,False,False,False,False,False,20.0,25.0,41.63265306122449,0.0,-0.3560360257890407,True,False,False,False,False,False,False,-1.0,False,6,False,False,485.672165816031,,3,False,3,False,True,True,True,"ema60_gt_ema120, market_above_ma60, avoid_chase, liquidity_ok, adx_trending, dealer_buy_3d",,"close_below_ema20, close_below_swing_low",108.8,79.7,79.7,16.7,0.18,False,1518,D
2026-07-29,66.2,66.7,63.3,65.3,276282,17903417,4974,亞泰,,-1.4687116811949892,-1.3016815990252353,-0.1670300821697539,68.79285614022268,71.1186163456394,72.42374088278312,34.194590832271615,20.81632678198763,1.7630429771626466,133163.95,9139047.85,71.8,66.4,-0.357658288355258,-0.2129043970161772,-0.0536231884057971,-0.0195195195195194,66.6,1.2034363602991054,72.58189471310358,69.02499999999982,65.46810528689606,-0.0236309056712808,0.1030610565187618,31.74603174603176,28.8373297309469,67.13999999999942,67.56999999999971,4930725.0,5401404.05,-74.02597402597402,-184.7750865051896,22.406171065439864,75.3,74.85,,,,-65000.0,0.0,0.0,0.0,-2163.0,0.0,,0.0,0.0,0.1723,0.0369,0.0,0.0,0.0,0,False,0,False,False,False,False,2.074750711435039,True,False,True,False,True,False,False,False,True,False,False,False,False,False,False,False,False,False,0.0,25.0,9.95405819295559,0.0,-0.8119435330668108,False,False,False,False,False,False,False,-1.0,False,5,False,False,391.0041847175487,,5,False,3,False,True,True,True,"volume_break, market_above_ma60, avoid_chase, adx_trending, kd_golden_cross",,"close_below_ema20, close_below_swing_low",14.1,55.2,55.2,16.7,0.88,False,1518,D
2026-07-29,427.5,433.0,384.5,384.5,17717454,7094380373,4979,華星光,,-26.32898040657875,-33.72913056706525,7.400150160486497,422.5562943881812,472.2500191633808,452.8171471666047,40.8418655176954,19.79947842572755,38.42883240379859,10990779.15,4679312030.8,474.0,340.0,-0.7397329583314389,-1.017002885830626,0.0145118733509235,-0.0995316159250585,427.0,3.2022076215581965,483.2273909137183,413.3,343.3726090862817,0.2940721109161957,0.3383856322947896,43.53741496598639,67.68707482993159,418.8,391.8,850813138.0,841328132.9,-56.46258503401361,-34.96122096194198,53.08683735939976,552.25,591.5,,,,-361394.0,0.0,475.0,5.0,-22465.0,0.0,,0.0,0.0,0.2768,0.0803,0.0,0.0,0.0,0,False,1,False,False,False,True,1.6120289342725989,True,False,False,False,True,True,False,False,False,True,True,False,False,False,False,False,True,True,0.0,0.0,23.27698309492848,0.0,0.2779264748527217,False,True,False,False,False,False,False,-1.0,False,8,False,False,604.4554070409587,,3,False,3,False,True,False,True,"ema60_gt_ema120, volume_break, market_above_ma60, avoid_chase, liquidity_ok, obv_uptrend, invest_trust_buy_2d, mfi_strong",,close_below_ema20,227.6,93.1,93.1,16.7,0.32,False,1518,X
2026-07-29,392.5,401.0,356.5,356.5,6173698,2287540552,4991,環宇-KY,,-45.39340457617419,-47.60883756229494,2.215432986120746,438.97379996138807,508.5999165989471,476.8061227379338,35.786686915379505,33.529598898579266,43.58506607731415,5594870.75,2478079269.1,578.0,348.0,-1.89253398063068,-1.231094422664036,-0.1521997621878715,-0.0997474747474747,396.0,1.5300886693347344,565.4012077235964,441.2,316.9987922764036,0.1590210290527302,0.5630154475231024,21.88679245283019,51.19496855345884,407.8,395.0,402209113.0,415047499.8,-83.75350140056022,-96.09629289818032,34.00134879654401,628.0,690.25,,,,507858.0,2.0,350.0,1.0,-18544.0,0.0,,0.0,0.0,0.5506,0.6288,0.0,0.0,0.0,0,False,1,False,False,False,True,1.1034567688628016,False,False,True,False,True,True,False,False,False,False,False,False,False,False,False,False,False,True,10.0,12.0,62.13183730715287,0.0,-0.7838799883900517,True,False,False,False,False,False,False,-1.0,False,5,False,False,408.6280078279474,,8,True,3,False,True,False,True,"ema60_gt_ema120, market_above_ma60, avoid_chase, liquidity_ok, adx_trending",,close_below_ema20,31.8,61.3,61.3,16.7,-0.29,False,1518,X
2026-05-20,81.6,81.6,81.5,81.6,22181,1809242,4987,科誠,,0.1397497702037071,0.1806310453180422,-0.040881275114335,81.46859165242859,80.26163220105411,78.23645064323526,55.06266504478825,23.90739995263369,0.2571817574951535,29540.6,2406936.25,81.6,81.5,0.0054434544372202,0.0206308058816089,0.0012269938650306,0.0012269938650306,81.5,2.036416115787776,81.62289826205034,81.50499999999974,81.38710173794914,0.9028897387795278,0.0028930313980885,100.0,33.333333333333336,81.55999999999912,81.52999999999956,2296183.0,2284656.95,-33.33333333333649,86.95652173915192,51.954578012368366,81.65,41.7,82638.76516666674,True,-0.0327178554965355,0.0,0.0,0.0,0.0,-2.0,0.0,0.0339448493615661,0.0,0.0,0.0,0.0,0.0,0.0,0.0,0,False,0,False,False,True,True,0.750864911342356,False,True,True,False,True,False,False,True,False,True,False,False,False,False,False,False,True,True,-20.0,-25.0,0.0,25.0,0.1976144743857055,False,False,False,False,False,False,False,-1.0,False,8,False,False,584.880022806052,13.1,5,False,3,False,False,False,False,"ema60_gt_ema120, rsi_strong, market_above_ma60, avoid_chase, adx_trending, stronger_than_market, obv_uptrend, mfi_strong",,,208.0,91.4,91.4,16.7,-0.71,False,1518,D
2026-07-29,46.8,46.8,45.05,45.9,127158,5842280,4995,晶達,,0.6706545566144371,0.5419856798086566,0.1286688768057804,46.66843535108958,45.44737049506281,44.55434570779787,47.65588668531987,18.835404269424348,1.6132012511336131,108504.5,5231029.0,50.3,45.2,0.3761010640469306,0.0637562340579533,0.0032786885245901,-0.0447450572320499,48.05,0.944350824463752,49.54844683038978,46.32999999999993,43.11155316961008,0.4331975914687019,0.1389357578411334,20.958083832335326,39.92015968063848,48.60999999999949,47.09999999999982,432978.0,313514.5,-79.04191616766467,-23.79381946989132,74.65028544109042,46.375,45.85,,,,-3000.0,0.0,0.0,0.0,0.0,0.0,,0.0,0.0,0.3735,0.2152,0.0,0.0,0.0,0,False,0,False,False,True,True,1.1719145288905068,False,False,False,False,True,False,False,False,False,True,False,False,False,False,False,False,True,True,10.0,0.0,9.586056644880172,0.0,0.4796532975754281,False,False,False,False,False,False,False,-1.0,False,5,False,False,377.4749848598102,,3,False,3,False,True,False,True,"ema60_gt_ema120, market_above_ma60, avoid_chase, obv_uptrend, mfi_strong",,close_below_ema20,0.6,50.2,50.2,16.7,-0.2,False,1518,D
2026-07-29,22.05,22.05,22.05,22.05,1000,22050,5205,中茂,,-0.2568372329290831,-0.5234096602531989,0.2665724273241158,21.82387672022941,22.760013986644424,23.25615109905946,50.10016017282385,17.103441361814127,2.250883850589814,4146.85,93076.4,24.55,21.45,,,-0.0089887640449437,-0.002262443438914,22.1,0.2684696569920844,31.598009683749915,21.54250000000011,11.486990316250308,0.5252349217474294,0.9335508584193806,85.36585365853655,86.17886178861772,22.13000000000029,22.00500000000011,118349.0,127330.6,-4.5454545454545485,19.58352710174127,52.00692404333098,23.8,15.45,,,,0.0,0.0,0.0,0.0,0.0,0.0,,0.0,0.0,0.2987,-0.3802,0.0,0.0,0.0,0,False,0,False,False,False,False,0.2411468946308643,False,False,False,False,True,False,False,False,False,False,False,False,False,False,False,False,True,True,-20.0,0.0,11.337868480725623,0.0,-0.32552386500164,False,False,False,False,False,False,False,-1.0,False,3,False,False,193.50518256628897,,3,False,3,False,False,False,False,"market_above_ma60, avoid_chase, mfi_strong",,,-183.4,6.4,6.4,16.7,-1.32,False,1518,X
2026-07-29,20.75,20.75,19.7,20.0,43242,867379,5220,萬達光電,,-0.19642701214336,-0.1721515018832979,-0.0242755102600621,20.832001127536067,20.975904667860743,20.556938920296155,31.236024549218087,21.266421221193767,0.5033935263671091,43590.95,902703.1,21.05,20.6,-0.0417841187770813,-0.1168108392382077,-0.0476190476190476,-0.0291262135922331,20.6,0.9807338764616405,21.229689119723066,20.77750000000001,20.32531088027696,-0.3597066648531915,0.0435268073370763,20.68965517241385,34.820528332324706,20.66000000000004,20.775,2831898.0,2801527.55,-81.24999999999996,-343.11111111110745,37.55650664444684,22.3,22.450000000000003,,,,-4000.0,0.0,0.0,0.0,-1074.0,0.0,,0.0,0.0,0.7604,0.2681,0.0,0.0,0.0,0,False,0,False,False,False,True,0.9919948980235576,False,False,True,False,True,False,False,False,False,True,False,False,False,False,False,False,False,False,10.0,25.0,5.250000000000004,0.0,0.1058852215546474,False,False,False,False,False,False,False,-1.0,False,5,False,False,396.19057163889136,,5,False,3,True,True,True,True,"ema60_gt_ema120, market_above_ma60, avoid_chase, adx_trending, obv_uptrend",,"macd_death_cross, close_below_ema20, close_below_swing_low",19.3,57.6,57.6,16.7,-0.42,False,1518,D
2026-07-29,22.5,22.5,21.75,21.9,30468,670168,5223,安力-KY,,-0.6985015612721739,-0.5162178705815708,-0.1822836906906031,23.782297013868764,24.832890250936053,25.66291573259863,30.588405869391025,32.642499786206656,0.7796138736353568,41108.15,982970.6,25.8,22.8,-0.7098519892624883,-0.0954495118518355,-0.0739957716701902,-0.0415754923413568,22.85,0.3077859111182659,26.186609075117573,24.08250000000008,21.97839092488257,-0.0186280563611463,0.1747417481671332,5.999999999999943,27.78616352201304,22.72999999999993,23.25,315062.0,515369.15,-95.83333333333336,-143.05799648506155,15.91509471433018,25.5375,25.425,,,,0.0,0.0,0.0,0.0,-433.0,0.0,,0.0,0.0,0.0977,0.1744,0.0,0.0,0.0,0,False,0,False,False,False,False,0.7411668975616758,False,False,True,False,True,False,False,False,False,False,False,False,False,False,False,False,False,False,20.0,25.0,17.8082191780822,0.0,-1.230444240378226,False,False,False,False,False,False,False,-1.0,False,3,False,False,247.64633809107804,,8,False,3,False,True,True,True,"market_above_ma60, avoid_chase, adx_trending",,"close_below_ema20, close_below_swing_low",-129.2,15.4,15.4,16.7,-0.72,False,1518,D
2026-07-29,41.65,42.45,37.45,37.45,1746829,67178241,5227,立凱-KY,,2.0401527009881875,1.5181235499261572,0.5220291510620303,36.1032940296155,31.91929395361504,29.37261021402489,55.759990629202754,18.38159856981968,2.57741322818114,1140020.15,41832545.6,41.6,31.2,0.9221939888188524,1.087459046829573,-0.037275064267352,-0.0997596153846153,41.6,1.5517932282806872,42.5532538689557,35.19499999999998,27.83674613104425,0.6532292878283127,0.4181420013613141,59.12698412698414,81.08465608465667,40.23000000000011,37.00999999999995,10224445.0,6964597.95,-38.57677902621722,86.8055555555556,68.85475756050973,33.2375,31.75,,,,-113000.0,0.0,0.0,0.0,0.0,0.0,,0.0,0.0,-0.8698,0.8423,0.0,0.0,0.0,0,False,1,False,False,True,True,1.5322790566464988,True,True,False,False,True,False,False,False,False,True,False,False,False,False,False,False,True,True,0.0,0.0,11.081441922563414,0.0,1.0104778096673108,False,False,True,False,False,False,False,-1.0,False,8,False,False,507.4485242824727,,3,True,3,False,False,False,False,"ema60_gt_ema120, volume_break, rsi_strong, market_above_ma60, avoid_chase, obv_uptrend, mfi_strong, above_ichimoku_cloud",,,130.6,83.3,83.3,16.7,0.23,False,1518,X
2026-07-29,36.55,38.7,34.15,36.15,582844,20553786,5228,鈺鎧,,-6.301120721473097,-5.023619443236626,-1.2775012782364712,48.04429073904013,50.919515993983005,43.91884151959225,24.87930306391777,33.93006468041534,4.249881597563819,893940.5,52477948.65,70.5,37.9,-3.3183821559518702,0.0364563970482582,-0.1718213058419244,-0.0461741424802111,37.9,0.3351645276320456,70.52744745294852,50.30749999999998,30.087552547051448,0.1499125422322624,0.8038541948198,16.0,11.299783962384026,39.67999999999993,41.88500000000003,46352715.0,49442340.35,-91.75257731958764,-108.99355998202786,11.299007595800688,69.1625,52.2,,,,157000.0,5.0,0.0,0.0,774.0,2.0,,0.0,0.0,0.3509,-0.1069,0.0,0.0,0.0,0,False,0,False,False,False,True,0.6519941763461886,False,False,True,False,True,True,True,False,True,False,False,False,False,False,False,False,False,False,20.0,12.0,95.0207468879668,0.0,-0.3654393674658258,True,False,False,True,False,False,False,-1.0,False,7,True,False,574.134669353872,,8,False,3,False,True,True,True,"ema60_gt_ema120, market_above_ma60, avoid_chase, liquidity_ok, foreign_buy_3d, adx_trending, kd_golden_cross",long_upper_shadow,"close_below_ema20, close_below_swing_low",197.3,90.7,90.7,16.7,-0.83,False,1518,D
2026-07-29,17.35,17.35,16.25,17.0,573964,9618563,5230,雷笛克光學,,-0.5794847143509898,-0.2537090835478075,-0.3257756308031823,18.84736261947916,18.78097926881502,18.413614006238568,35.50368365828193,24.23683263755752,0.982531546518126,558044.95,11193971.9,21.45,17.4,-1.092618896175155,0.3033842507097818,-0.078590785907859,-0.0229885057471264,17.4,0.3109791154687067,21.941907702418536,19.319999999999983,16.69809229758143,0.0575740523093317,0.2714190168135151,27.27272727272728,17.756368028107318,17.829999999999927,18.154999999999927,4304677.0,6080223.6,-85.57692307692308,-141.03543243305845,13.77472291721304,19.450000000000003,18.975,,,,75000.0,1.0,0.0,0.0,0.0,0.0,,0.0,0.0,0.1962,0.0621,0.0,0.0,0.0,0,False,0,False,False,False,True,1.028526465475586,False,False,True,False,True,False,False,False,True,False,False,False,False,False,False,False,False,False,10.0,25.0,26.17647058823529,0.0,-0.4523301149257296,False,False,False,False,False,False,False,-1.0,False,5,False,False,394.8573032756471,,3,False,3,False,True,True,True,"ema60_gt_ema120, market_above_ma60, avoid_chase, adx_trending, kd_golden_cross",,"close_below_ema20, close_below_swing_low",18.0,57.0,57.0,16.7,-0.38,False,1518,D
2026-07-29,22.75,22.75,21.85,22.5,35606,790675,5245,智晶,,-0.9316171683470492,-0.6980292886817747,-0.2335878796652746,24.54029420341441,25.480644847822585,25.57600277743879,28.86068001345828,17.222547218707675,0.9763188626102036,52230.8,1304628.05,27.3,23.0,-0.9623273559509676,-0.105800938575066,-0.074074074074074,-0.0217391304347825,23.0,1.0948059772885113,27.79454035610969,24.932499999999983,22.07045964389028,0.0750409328073885,0.2295831028665164,18.57142857142853,11.845238095238528,23.21000000000004,23.68500000000004,2347738.0,2639914.2,-87.37864077669906,-137.6435122827276,26.8919808597677,26.8375,26.125,,,,-4000.0,0.0,0.0,0.0,0.0,0.0,,0.0,0.0,-0.0913,-0.032,0.0,0.0,0.0,0,False,0,False,False,False,False,0.6817050475964374,False,False,False,False,True,False,False,False,True,False,False,False,False,False,False,False,False,False,20.0,25.0,21.333333333333336,0.0,-0.4904714119043993,False,False,False,False,False,False,False,-1.0,False,3,False,False,215.9313935331116,,3,False,3,False,True,True,True,"market_above_ma60, avoid_chase, kd_golden_cross",,"close_below_ema20, close_below_swing_low",-160.9,9.2,9.2,16.7,-0.79,False,1518,D
2026-07-29,26.35,26.55,24.35,24.95,304838,7696608,5251,天鉞電,,-1.0988329111767676,-0.7714770589655171,-0.3273558522112505,28.131363776560573,29.349388854777512,31.061238088274003,31.45325564733639,17.96007522763548,1.533486280416323,231051.0,6755659.75,32.65,26.3,-1.0696261939320633,0.0224972310644433,-0.1089285714285714,-0.0513307984790875,26.3,0.8542489342588705,32.507884347842634,28.63749999999991,24.76711565215719,0.023626122292576,0.2703018313639622,10.81081081081078,15.54588354588365,26.68999999999978,27.08499999999985,63538394.0,64673468.15,-90.00000000000004,-144.70604433429713,13.144478356106802,31.05,31.200000000000003,,,,91000.0,6.0,0.0,0.0,358.0,1.0,,0.0,0.0,0.3864,0.2626,0.0,0.0,0.0,0,False,0,False,False,False,False,1.3193537357553091,False,False,False,False,True,False,True,False,False,False,False,False,False,False,False,False,False,False,20.0,25.0,30.861723446893784,0.0,-0.7166639789553099,True,False,False,False,False,False,False,-1.0,False,3,False,False,289.59356961008933,,3,False,3,False,True,True,True,"market_above_ma60, avoid_chase, foreign_buy_3d",,"close_below_ema20, close_below_swing_low",-87.3,24.8,24.8,16.7,-0.03,False,1518,D
2026-07-29,12955.0,13245.0,12210.0,12910.0,365478,4656640360,5274,信驊,,-754.2575092935676,-762.81833520116,8.560825907592402,14643.210228188736,15309.582534357722,13936.262960765362,37.81021162737181,18.980829856789704,1164.0142121088224,334706.15,4802964367.15,17750.0,12915.0,-0.9285462367467852,-0.4638745428816198,-0.1676337846550613,-0.0241874527588813,13230.0,0.9382235747557384,17555.393391836395,14568.75,11582.106608163604,0.2223053136283394,0.4100068148381151,23.78752886836028,39.99230177059326,14221.0,14048.5,8662815.0,9626242.4,-76.21247113163972,-98.91220833838804,44.86020492931218,17835.0,15997.5,,,,-17242.0,0.0,7075.0,11.0,2407.0,1.0,,0.0,0.0,0.6747,0.0219,0.0,0.0,0.0,0,False,0,False,False,False,True,1.0919369124230314,False,False,False,False,True,True,False,False,False,False,True,False,False,False,False,False,False,True,10.0,0.0,37.490317583268784,0.0,-0.87719603733715,False,True,False,True,False,False,False,-1.0,False,5,True,False,390.3930166761845,,3,True,3,False,True,True,True,"ema60_gt_ema120, market_above_ma60, avoid_chase, liquidity_ok, invest_trust_buy_2d",long_upper_shadow,"close_below_ema20, close_below_swing_low",13.5,55.1,55.1,16.7,-0.3,False,1518,D
2026-07-29,17.6,17.6,16.2,16.65,195823,3319206,5272,笙科,,-1.0066444920676183,-0.794122846665571,-0.2125216454020473,19.233707902754176,20.7734415181506,21.274993128818704,25.405081401198004,25.290114223921982,0.7731257593502103,137049.0,2705838.5,21.35,17.55,-1.0807642305158072,-0.4369547721905901,-0.1328125,-0.0512820512820514,17.55,1.0399934942251792,22.099506049953924,19.5375,16.97549395004608,-0.0635232594497453,0.2622654945570233,12.857142857142836,9.250824323288422,17.989999999999963,18.444999999999983,19543003.0,20308914.65,-90.32258064516132,-165.37200069048848,20.483788909796004,21.525,24.075,,,,-11000.0,0.0,0.0,0.0,-482.0,0.0,,0.0,0.0,-0.1495,-0.0525,0.0,0.0,0.0,0,False,0,False,False,False,False,1.428853913563762,False,False,True,False,True,False,False,False,True,False,False,False,False,False,False,False,False,False,20.0,25.0,28.228228228228247,0.0,-1.1834547260124462,False,False,False,False,False,False,False,-1.0,False,4,False,False,285.08708242348825,,3,False,3,False,True,True,True,"market_above_ma60, avoid_chase, adx_trending, kd_golden_cross",,"close_below_ema20, close_below_swing_low",-91.8,23.3,23.3,16.7,0.1,False,1518,D
2026-07-29,145.5,146.0,144.5,145.0,94196,13689169,5287,數字,,-0.9179670158522129,-0.4947323263576745,-0.4232346894945383,147.89227616507523,150.54504057077054,155.3177045679482,35.89326782834205,16.128612883612874,1.9391323776698943,56871.3,8458658.45,153.5,145.0,-0.2453347602898528,-0.0281435089516782,-0.0102389078498293,0.0,145.0,1.262557834503236,153.5276925690687,149.0,144.4723074309313,0.0582738957006135,0.060774396900251,9.090909090909092,11.36363636363664,146.7,147.15,-3305922.0,-3084281.15,-91.66666666666669,-151.92858345966067,17.625879280844984,148.875,156.0,,,,24746.0,1.0,0.0,0.0,0.0,0.0,,0.0,0.0,-0.0441,-0.0531,0.0,0.0,0.0,0,False,0,False,False,False,False,1.656301157174181,True,False,False,False,True,False,False,False,False,False,False,False,False,False,False,False,False,False,20.0,25.0,5.862068965517241,0.0,-1.2158998910994872,False,False,False,False,False,False,False,-1.0,False,3,False,False,196.972212878548,,3,False,3,False,True,False,True,"volume_break, market_above_ma60, avoid_chase",,close_below_ema20,-179.9,6.9,6.9,16.7,0.38,False,1518,D
2026-07-29,23.65,23.65,23.15,23.3,329550,7656351,5278,尚凡,,-0.1373398368712983,0.0014062504675071,-0.1387460873388055,24.11545384417138,24.315318923785604,25.435645280753764,39.71201100250701,14.092948294346211,0.6826354227758015,204987.1,4994200.95,25.0,23.65,-0.2372097604142104,0.0754545411202133,-0.0450819672131146,-0.014799154334038,23.65,0.980458441527128,25.182123844425668,24.3099999999999,23.43787615557413,-0.0790462022425906,0.0717502134451478,8.823529411764817,10.311020960107877,23.70999999999985,24.109999999999854,-5533641.0,-4643216.0,-92.49999999999989,-195.98997493734365,30.21572876559182,24.2125,23.975,,,,58000.0,4.0,0.0,0.0,-2000.0,0.0,,0.0,0.0,0.2165,0.139,0.0,0.0,0.0,0,False,0,False,False,False,False,1.6076621406908045,True,False,False,False,True,False,True,False,False,False,False,False,False,False,False,False,False,False,20.0,25.0,7.29613733905579,0.0,-1.2465345818933038,True,False,False,False,False,False,False,-1.0,False,4,False,False,346.1182064241884,,3,False,3,False,True,True,True,"volume_break, market_above_ma60, avoid_chase, foreign_buy_3d",,"close_below_ema20, close_below_swing_low",-30.8,41.0,41.0,16.7,0.32,False,1518,D
2026-07-29,1190.0,1200.0,1090.0,1160.0,3505510,3974591270,5289,宜鼎,,-118.5427449110996,-101.28688753141556,-17.25585737968403,1411.309170246917,1488.8318818782611,1318.2934390325431,30.832063101524213,33.297428355367884,113.3122254773932,2824375.75,4099191702.0,1715.0,1200.0,-1.7020707146059026,-0.4635063855849142,-0.1470588235294118,-0.0333333333333333,1200.0,0.5889246828192785,1739.9010342581291,1430.5,1121.0989657418709,0.0628650682299829,0.432577468379069,19.17808219178082,25.587740503555324,1286.0,1297.5,176124111.0,185538887.35,-86.13861386138613,-141.7700578990901,38.0789086348112,1825.0,1502.5,,,,625863.0,2.0,250.0,1.0,-9412.0,0.0,,0.0,0.0,6.9631,0.0851,0.0,0.0,0.0,0,False,0,False,False,False,True,1.2411627595938677,False,False,True,False,True,True,False,False,False,False,False,False,False,False,False,False,False,False,20.0,25.0,47.8448275862069,0.0,-0.8020985405474415,True,False,False,False,False,False,False,-1.0,False,5,False,False,417.78644510936937,,8,True,3,False,True,True,True,"ema60_gt_ema120, market_above_ma60, avoid_chase, liquidity_ok, adx_trending",,"close_below_ema20, close_below_swing_low",40.9,63.6,63.6,16.7,-0.12,False,1518,D
2026-07-29,91.7,96.1,89.8,96.1,1702631,157770553,5299,杰力,,-6.643940703832783,-4.660356096127146,-1.9835846077056365,102.70023969388252,104.43006616651822,97.30226860824426,42.70801360452556,27.46699171456644,7.202945498502826,1185639.7,143630712.4,141.5,87.4,-2.38538238542838,0.0624870912620838,0.0,0.0995423340961096,87.4,0.3277390274821066,141.40230140481273,108.40499999999992,75.40769859518713,0.3135453586182475,0.6087782188056422,60.73619631901836,27.151293565498538,92.21999999999971,94.45999999999984,16408410.0,17564627.2,-73.4584450402145,-65.93341348651494,25.359252610311515,115.425,109.15,,,,189585.0,2.0,0.0,0.0,10725.0,1.0,,0.0,0.0,-0.042,-0.0672,0.0,0.0,0.0,0,False,0,False,False,False,True,1.43604418779162,False,False,True,False,True,True,False,False,True,False,False,False,False,False,False,False,False,False,0.0,0.0,47.24245577523413,0.0,-0.2427360389640473,True,False,False,False,False,False,False,-1.0,False,6,False,False,421.4476094103476,,3,False,3,False,True,False,True,"ema60_gt_ema120, market_above_ma60, avoid_chase, liquidity_ok, adx_trending, kd_golden_cross",,close_below_ema20,44.6,64.5,64.5,16.7,0.11,False,1518,D
2026-07-29,10.0,10.4,9.55,9.89,791660,7859238,5302,太欣,,-0.6034402892611439,-0.2964761261125382,-0.3069641631486056,11.405900693099465,11.634342294897715,11.288404530751563,33.25759117703001,27.41656895621822,0.738904779541776,1673881.35,22241656.15,15.45,9.97,-1.9303414334101952,0.2025587350744817,-0.0968036529680363,-0.0080240722166499,9.97,0.3621671772253982,15.104149785388888,12.022999999999978,8.941850214611069,0.1538629815864752,0.5125425909321991,15.813953488372096,6.791440314146409,10.301999999999952,10.710999999999968,7359822.0,14904799.2,-92.09302325581396,-110.81244076850167,11.199189203235631,11.7575,11.54,,,,-261000.0,0.0,0.0,0.0,164.0,1.0,,0.0,0.0,-0.1405,-0.5319,0.0,0.0,0.0,0,False,0,False,False,False,True,0.4729486949597711,False,False,True,False,True,False,False,False,True,False,False,False,False,False,False,False,False,False,20.0,12.0,56.218402426693615,0.0,-1.1742329400014029,False,False,False,True,False,False,False,-1.0,False,5,True,False,322.63869166958085,,3,False,3,False,True,True,True,"ema60_gt_ema120, market_above_ma60, avoid_chase, adx_trending, kd_golden_cross",long_upper_shadow,"close_below_ema20, close_below_swing_low",-54.2,35.7,35.7,16.7,-1.04,False,1518,D
2026-07-29,48.95,49.85,44.1,46.1,780053,35763486,5291,邑昇,,-3.287102107824545,-3.0148730880436267,-0.272229019780918,54.08307014625529,59.05417857147099,56.560122511318966,32.061549786972165,25.39966735268611,3.791626347040953,705277.35,38437180.8,60.5,48.9,-0.9691241857282356,-0.6649188461510497,-0.1693693693693693,-0.0572597137014314,48.9,1.0659041644574914,61.67048778875364,54.290000000000056,46.90951221124647,-0.0548413759643372,0.2718912429085863,15.503875968992247,25.616137928038977,50.96000000000022,51.9,33219450.0,34562977.55,-85.91549295774647,-179.5677425497476,56.70453287016611,69.125,68.7,,,,4000.0,3.0,0.0,0.0,-18913.0,0.0,,0.0,0.0,0.405,0.0481,0.0,0.0,0.0,0,False,0,False,False,False,True,1.1060230418572212,False,False,True,False,True,False,True,False,False,False,False,False,False,False,False,False,True,False,20.0,25.0,31.236442516268976,0.0,-0.2482392347066808,True,False,False,False,False,False,False,-1.0,False,6,False,False,523.081359602092,,3,False,3,True,True,True,True,"ema60_gt_ema120, market_above_ma60, avoid_chase, foreign_buy_3d, adx_trending, mfi_strong",,"macd_death_cross, close_below_ema20, close_below_swing_low",146.2,85.2,85.2,16.7,-0.28,False,1518,D
2026-07-29,53.1,53.7,48.0,50.3,7239271,363775566,5314,世紀*,,-2.5657173631791466,-1.1819427747616302,-1.3837745884175163,59.44018167294247,63.99653317656517,70.69796322069452,33.90282624813646,17.667198776222328,3.9679032651545016,9739561.95,646918118.4,71.5,53.0,-1.474512697149998,,-0.1386986301369863,-0.0509433962264151,53.0,0.5040706954815807,73.65499890399447,62.25,50.845001096005525,-0.0238930797185192,0.3664256675982159,12.777777777777764,7.698412698412842,54.619999999999706,57.34000000000015,299052469.0,329823867.2,-89.20187793427232,-161.75671027373704,30.40111654459428,61.875,41.45,,,,1764310.0,1.0,0.0,0.0,-63475.0,0.0,,0.0,0.0,1.6787,0.129,0.0,0.0,0.0,0,False,0,False,False,False,False,0.7432850714605291,False,False,False,False,True,True,False,False,True,False,False,False,False,False,False,False,False,False,20.0,25.0,42.14711729622268,0.0,-2.0,False,False,False,False,False,False,False,-1.0,False,4,False,False,298.43285071460525,,3,False,3,False,True,True,True,"market_above_ma60, avoid_chase, liquidity_ok, kd_golden_cross",,"close_below_ema20, close_below_swing_low",-78.4,27.7,27.7,16.7,-0.72,False,1518,D
2026-07-29,49.5,50.4,45.0,46.6,3948648,184880594,5309,系統電,,-4.381921300185411,-3.507694717929105,-0.874226582256306,56.60753882289775,61.8173537987992,62.45507681411661,23.605634851677493,31.71102757706374,3.262445187383246,3795014.0,234238873.6,68.9,49.5,-1.6871301916597254,-0.4084562791543418,-0.1465201465201465,-0.0585858585858585,49.5,0.5406387800181266,69.84854175289871,58.01999999999989,46.19145824710108,0.0172693203200134,0.4077401500482193,13.333333333333345,13.216374269006335,51.01999999999971,52.82999999999974,1105826314.0,1113458602.35,-91.87817258883248,-139.22500263963664,13.397026310009949,71.625,69.65,,,,845700.0,1.0,1000.0,2.0,-106611.0,0.0,,0.0,0.0,0.0419,-0.0453,0.0,0.0,0.0,0,False,0,False,False,False,False,1.0404831181123442,False,False,True,False,True,True,False,False,True,False,True,False,False,False,False,False,False,False,20.0,25.0,47.85407725321889,0.0,-0.1471551305697945,False,True,False,False,False,False,False,-1.0,False,6,False,False,518.6389696142859,,8,False,3,False,True,True,True,"market_above_ma60, avoid_chase, liquidity_ok, adx_trending, kd_golden_cross, invest_trust_buy_2d",,"close_below_ema20, close_below_swing_low",141.8,84.7,84.7,16.7,-0.36,False,1518,D
2026-07-29,54.1,57.4,51.8,53.8,491742,26561272,5321,美而快,,1.182609062744497,2.2280606290475857,-1.0454515663030888,55.18548894760076,47.88722795335885,41.85387308030621,49.39181488137682,17.71257160599873,4.94331712789133,464919.1,26365671.75,62.9,52.6,-0.6081876810861658,1.5789010224374185,-0.0200364298724954,-0.0037037037037037,54.0,0.6481250853447311,62.85612543906197,57.180000000000106,51.50387456093824,0.2022616892202837,0.1985353423946083,19.99999999999997,24.05797101449268,55.439999999999785,55.009999999999856,9838014.0,11250977.3,-80.83333333333336,-88.72286921067374,29.502433145099715,42.3,43.4,,,,-148918.0,0.0,0.0,0.0,0.0,0.0,,0.0,0.0,-0.3027,-0.1267,0.0,0.0,0.0,0,False,0,False,False,True,True,1.0576936933759014,False,False,False,False,True,False,False,False,False,False,False,False,False,False,False,False,False,True,20.0,0.0,16.914498141263945,0.0,-0.3779410361121182,False,False,True,True,False,False,False,-1.0,False,4,True,False,241.0416445004136,,3,False,3,False,True,False,True,"ema60_gt_ema120, market_above_ma60, avoid_chase, above_ichimoku_cloud",long_upper_shadow,close_below_ema20,-135.8,14.0,14.0,16.7,-0.34,False,1518,D
2026-07-29,62.0,66.0,57.1,64.5,65775868,4052956308,5328,華容,,1.7143923761882789,3.094741350197333,-1.380348974009054,63.900637084510095,53.42342168428127,43.0128851698249,52.04859889524503,24.29611754525499,6.389080445643487,31288896.3,2250204234.65,82.4,54.9,-1.4638410593588218,1.8791979769852376,-0.0271493212669682,0.0522022838499185,61.3,1.2616144374281593,83.64116335446491,68.33999999999996,53.03883664553501,0.3745193449987112,0.4477952401072566,64.96815286624204,58.10293740230069,64.22000000000007,62.99000000000005,1233128837.0,1171690819.6,-50.0,-62.28215902798139,41.31312604433875,46.725,41.375,,,,-1887223.0,0.0,0.0,0.0,270966.0,1.0,,0.0,0.0,0.6354,0.1332,0.0,0.0,0.0,0,False,0,False,False,True,True,2.1022111924094937,True,False,True,False,True,True,False,False,True,True,False,False,False,False,False,False,False,True,0.0,0.0,27.75193798449613,0.0,0.2596720920453619,False,False,True,False,False,False,False,-1.0,False,9,False,False,669.1381770286392,,3,False,3,False,False,False,False,"ema60_gt_ema120, volume_break, market_above_ma60, avoid_chase, liquidity_ok, adx_trending, kd_golden_cross, obv_uptrend, above_ichimoku_cloud",,,292.3,95.7,95.7,16.7,0.91,False,1518,D
2026-07-29,19.0,19.0,18.35,18.55,551662,10228884,5315,光聯,,-0.8817547214705819,-0.8067723034822147,-0.0749824179883671,19.98338088374764,21.33701800343916,22.0588500275789,22.780955977568368,41.36493766183072,0.4576985545186422,532301.5,10961432.95,23.1,18.8,-0.9007065591271987,-0.2408169919854024,-0.041343669250646,-0.0132978723404255,18.8,0.6555620686976784,22.42042902570272,20.067500000000063,17.714570974297413,0.1775295847381341,0.234501460142284,12.90322580645159,7.47567844341999,19.00000000000018,19.20000000000009,3936316.0,6694693.6,-90.69767441860468,-107.7988557663353,14.173145127308189,22.9,22.8,,,,-57000.0,0.0,0.0,0.0,-190.0,0.0,,0.0,0.0,-0.0835,0.02,0.0,0.0,0.0,0,False,0,False,False,False,False,1.0363713046083844,False,False,True,False,True,False,False,False,True,False,False,False,False,False,False,False,False,False,20.0,12.0,24.52830188679245,0.0,-1.3718058850090906,False,False,False,False,False,False,False,-1.0,False,4,False,False,310.90204242597474,,10,False,3,False,True,True,True,"market_above_ma60, avoid_chase, adx_trending, kd_golden_cross",,"close_below_ema20, close_below_swing_low",-66.0,32.5,32.5,16.7,-0.37,False,1518,D
2026-07-29,61.6,62.9,56.8,59.3,2334749,137072225,5340,建榮,,-7.519555957168464,-6.328542362734886,-1.1910135944335778,75.30186033931543,87.8302083679003,89.98446082064176,24.365841606111275,32.099401122354216,4.8364292741568935,1089392.45,83910873.05,95.7,62.5,-2.0114560247545743,-0.8541428769756569,-0.1931972789115646,-0.0512,62.5,0.9634258000068794,95.33644615556288,77.11499999999997,58.893553844437065,0.0111529609695344,0.4725785166456048,13.157894736842104,12.37318127533581,66.2,69.42000000000007,321533322.0,327463969.95,-91.31944444444444,-150.99691098006187,22.177615096016385,93.55,108.8,,,,1040315.0,3.0,0.0,0.0,-3290.0,0.0,,0.0,0.0,0.2575,0.0707,0.0,0.0,0.0,0,False,0,False,False,False,False,2.1431661289739985,True,False,True,False,True,True,True,False,True,False,False,False,False,False,False,False,False,False,20.0,25.0,61.38279932546376,0.0,-0.7439732809812696,True,False,False,False,False,False,False,-1.0,False,7,False,False,597.5039819179648,,8,False,3,False,True,True,True,"volume_break, market_above_ma60, avoid_chase, liquidity_ok, foreign_buy_3d, adx_trending, kd_golden_cross",,"close_below_ema20, close_below_swing_low",220.6,92.2,92.2,16.7,0.96,False,1518,D
2026-07-29,14.2,14.2,13.4,13.6,137902,1896248,5344,立衛,,-0.4781768848778061,-0.27390745251186,-0.204269432365946,15.203146929438365,15.56185469847468,15.375193204527914,32.26575198326225,17.963341993718217,0.5998573519622058,122390.2,1998410.65,17.5,14.2,-0.7782267876682454,-0.1180498963052842,-0.1023102310231023,-0.0422535211267605,14.2,0.4216848182904168,17.287456415088045,15.49500000000005,13.702543584912055,-0.0286042059513685,0.2313593307632123,8.163265306122423,10.181405895691569,14.420000000000163,14.820000000000118,3158757.0,3447497.9,-94.73684210526316,-174.34640522875802,21.427236002070785,16.15,16.3,,,,-48000.0,0.0,0.0,0.0,-1809.0,0.0,,0.0,0.0,0.0022,0.0103,0.0,0.0,0.0,0,False,0,False,False,False,True,1.126740539683733,False,False,False,False,True,False,False,False,False,False,False,False,False,False,False,False,False,False,20.0,25.0,28.676470588235297,0.0,-1.292631580936095,False,False,False,False,False,False,False,-1.0,False,3,False,False,210.75582642560417,,3,False,3,False,True,True,True,"ema60_gt_ema120, market_above_ma60, avoid_chase",,"close_below_ema20, close_below_swing_low",-166.1,8.4,8.4,16.7,-0.26,False,1518,D
2026-07-29,23.15,23.2,20.65,20.65,84941,1780528,5345,天揚,,-0.9138817105722516,-0.9596519545668212,0.0457702439945694,23.88063402844301,24.114743730710643,23.09115152523525,41.92236328696074,13.931536298072594,2.196012318471169,61613.55,1530571.4,29.35,19.0,-1.103877911831222,,-0.1002178649237472,-0.0982532751091702,22.9,0.92611567224997,30.21578709688822,23.78749999999991,17.359212903111597,0.2559614285492433,0.5404760564908743,17.460317460317448,41.7989417989423,24.349999999999817,22.454999999999835,383819.0,463177.65,-82.53968253968256,-57.68930523028878,43.97797007656549,26.3375,19.025,,,,4000.0,1.0,0.0,0.0,13.0,1.0,,0.0,0.0,10.67,-0.2223,0.0,0.0,0.0,0,False,1,False,False,False,True,1.3786090884229198,False,False,False,False,True,False,False,False,False,False,False,False,False,False,False,False,False,True,20.0,0.0,42.130750605326895,0.0,-0.2101964830605258,False,False,False,False,False,False,False,-1.0,False,3,False,False,236.26373308750289,,3,True,3,False,True,False,True,"ema60_gt_ema120, market_above_ma60, avoid_chase",,close_below_ema20,-140.6,12.7,12.7,16.7,0.04,False,1518,X
2026-07-29,147.5,150.0,133.0,133.0,28824901,3970046857,5347,世界,,-8.634156094305752,-4.0613179612253845,-4.572838133080367,166.63088886445388,166.45625772667287,152.90942171887522,33.53501055937478,18.53829240894948,12.784724799423948,26461516.8,4601901752.25,216.0,147.5,-1.5613200038681778,0.0503258875830955,-0.2222222222222222,-0.0983050847457627,147.5,0.611974722771466,207.1815572020428,172.15,137.11844279795727,-0.0587818973362268,0.4069887563408972,0.0,7.947101717957897,152.6,159.85,348124656.0,395622748.75,-100.0,-168.35430091029963,51.85452210013302,170.0,157.75,,,,2202726.0,1.0,-2926478.0,0.0,-76595.0,0.0,,0.0,0.0,0.3357,0.4089,0.0,0.0,0.0,0,False,1,False,False,False,True,1.0893140109035624,False,False,False,False,True,True,False,False,False,False,False,False,False,False,False,False,True,False,20.0,25.0,62.40601503759399,0.0,-0.671496110030775,False,False,False,False,False,False,False,-1.0,False,5,False,False,367.8351867886664,,3,False,3,False,True,True,True,"ema60_gt_ema120, market_above_ma60, avoid_chase, liquidity_ok, mfi_strong",,"close_below_ema20, close_below_swing_low",-9.0,46.9,46.9,16.7,-0.3,False,1518,X
2026-07-29,73.4,74.6,67.8,70.1,15944376,1111013235,5351,鈺創,,-2.6656693787376184,-0.1678743360350821,-2.497795042702536,86.37033709033891,84.37377802984733,76.1968247374841,35.423770170546675,15.922052557730549,6.941149944605585,28691244.95,2654125859.9,104.5,75.3,-0.5762799723484193,0.1708175121966828,-0.2245575221238939,-0.0690571049136786,75.3,0.5223212983963482,104.68505433110155,88.34999999999991,72.01494566889826,-0.0586146097246902,0.369780516833088,8.518518518518508,7.987511320844836,80.31999999999971,84.93999999999978,1125172868.0,1162128129.05,-93.89920424403184,-185.77684358031192,50.34039792304562,90.1,81.25,,,,-354187.0,0.0,10000.0,1.0,-2181.0,0.0,,0.0,0.0,6.5748,0.144,0.0,0.0,0.0,0,False,0,False,False,False,True,0.5557226961669365,False,False,False,False,True,True,False,False,True,False,False,False,False,False,False,False,True,False,20.0,25.0,49.07275320970045,0.0,-0.3981693096738159,False,False,False,False,False,False,False,-1.0,False,6,False,False,445.7791952455836,,3,False,3,False,True,True,True,"ema60_gt_ema120, market_above_ma60, avoid_chase, liquidity_ok, kd_golden_cross, mfi_strong",,"close_below_ema20, close_below_swing_low",68.9,70.0,70.0,16.7,-0.94,False,1518,D
2026-07-29,16.75,16.9,16.0,16.4,14476,236021,5348,正能量智能,,0.5140290830691505,0.5880906128510655,-0.0740615297819149,16.31136372392758,15.40368408219059,15.601121102214982,50.94558429667175,5.04830630030752,1.925121727698258,20965.75,336137.65,17.75,15.55,0.2850170042282909,,-0.0120481927710844,-0.0760563380281691,17.75,0.3491172250296337,17.685587331281315,16.47750000000001,15.269412668718704,0.4679245042997785,0.1466347845584955,41.30434782608691,68.94052973513196,16.7,16.575,-510087.0,-518724.7,-58.69565217391309,13.68267831149924,38.71207587418759,8.587499999999999,8.85,,,,0.0,0.0,0.0,0.0,0.0,0.0,,0.0,0.0,-0.173,-0.2105,0.0,0.0,0.0,0,False,0,False,False,True,False,0.6904594398006272,False,False,False,False,True,False,False,False,False,True,False,False,False,False,False,False,False,True,0.0,0.0,8.23170731707318,0.0,0.1571459794898551,False,False,True,False,False,False,False,-1.0,False,4,False,False,238.7903461518845,,3,False,3,False,False,False,False,"market_above_ma60, avoid_chase, obv_uptrend, above_ichimoku_cloud",,,-138.1,13.4,13.4,16.7,-0.78,False,1518,D
2026-07-29,27.4,27.7,26.5,26.95,104280,2816954,5353,台林,,-0.8035677300034543,-0.669367672262291,-0.1342000577411632,28.764002117819192,28.929541154443847,28.019248892177124,35.201047761395586,29.606106760944208,1.0509227316157423,109052.2,3181108.9,31.85,27.1,-0.7765786907068132,0.1575510083568824,-0.0443262411347518,-0.0305755395683453,27.8,0.7123467447126872,32.047381533651055,28.987500000000047,25.92761846634904,0.1670622738833726,0.211117311506753,20.930232558139515,53.30671051601288,27.9,27.83500000000004,4517963.0,4780901.95,-87.14285714285715,-95.7520749008544,27.18121114869548,31.700000000000003,29.9,,,,-19000.0,0.0,0.0,0.0,1381.0,1.0,,0.0,0.0,-0.017,-0.1763,0.0,0.0,0.0,0,False,0,False,False,False,True,0.9562393055802634,False,False,True,False,True,False,False,False,False,False,False,False,False,False,False,False,False,True,10.0,12.0,18.18181818181819,0.0,-0.1382078585816122,False,False,False,False,False,False,False,-1.0,False,4,False,False,294.9038987528233,,3,False,3,False,True,True,True,"ema60_gt_ema120, market_above_ma60, avoid_chase, adx_trending",,"close_below_ema20, close_below_swing_low",-82.0,26.5,26.5,16.7,-0.46,False,1518,D
2026-07-29,5.71,5.8,5.35,5.49,105001,573575,5355,佳總,,-0.1715348033291679,-0.1421860626266741,-0.0293487407024938,6.048677071861212,6.339500128595955,6.601448329441587,32.95466327043151,10.88140606692163,0.3433022597866891,53172.3,317672.45,6.29,5.79,-0.2931958645813826,-0.2426783812284399,-0.0694915254237288,-0.072635135135135,5.92,0.501057084567766,6.402793598086438,6.036500000000013,5.670206401913587,-0.2459862837557264,0.1213595951582621,15.053763440860266,36.49306934576816,5.8239999999999785,5.971000000000004,-13484570.0,-13326394.8,-87.49999999999996,-257.12949976624543,50.83155525785566,6.62,6.720000000000001,,,,10000.0,1.0,0.0,0.0,0.0,0.0,,0.0,0.0,0.6256,-0.0445,0.0,0.0,0.0,0,False,0,False,False,False,False,1.974731204029165,True,False,False,False,True,False,False,False,False,False,False,False,False,False,False,False,True,False,20.0,25.0,14.571948998178502,0.0,-0.6310347881610682,False,False,False,False,False,False,False,-1.0,False,4,False,False,317.17489458235883,,3,False,3,False,True,True,True,"volume_break, market_above_ma60, avoid_chase, mfi_strong",,"close_below_ema20, close_below_swing_low",-59.7,34.4,34.4,16.7,0.76,False,1518,D
2026-07-29,75.8,76.7,68.4,71.5,16833014,1197813282,5371,中光電,,-0.7149885759560846,1.8378776922435704,-2.552866268199655,83.0908867674336,80.45919731831708,80.50840143529174,38.13070456202707,21.339328609423205,6.769324803291125,36662328.7,3359717541.75,102.0,75.8,-1.1019171505018006,0.4277637467726278,-0.1686046511627906,-0.0567282321899735,75.8,0.3106062071230814,102.8849392273258,87.8699999999997,72.85506077267361,-0.0451237514903656,0.34175348190113,13.13559322033896,9.35694157321086,78.37999999999957,82.22999999999956,424490598.0,492252392.55,-91.04046242774568,-181.4495973340738,28.295211634231634,71.45,73.8,,,,2168000.0,2.0,0.0,0.0,-368920.0,0.0,,0.0,0.0,-0.1135,0.1167,0.0,0.0,0.0,0,False,0,False,False,False,False,0.459136519606841,False,False,True,False,True,True,False,False,True,False,False,False,False,False,False,False,False,False,20.0,25.0,42.65734265734265,0.0,-0.8240932553367215,True,False,False,False,False,False,False,-1.0,False,5,False,False,344.70224613202777,,3,False,3,False,True,True,True,"market_above_ma60, avoid_chase, liquidity_ok, adx_trending, kd_golden_cross",,"close_below_ema20, close_below_swing_low",-32.2,40.6,40.6,16.7,-1.06,False,1518,D
2026-07-29,24.45,24.45,24.0,24.1,168062,4057026,5356,協益,,-0.7638835179661498,-0.6514793269900756,-0.1124041909760742,25.40449037332296,26.19738025861291,26.18248512790988,23.884675990628185,24.16287666059022,0.4850828032684335,143297.4,3751095.7,28.05,24.35,-0.7793812442663133,-0.1213004438917067,-0.0301810865191146,-0.0102669404517453,24.35,0.8567349290856391,28.244179064215945,25.66750000000011,23.09082093578428,0.1958294065859631,0.2007736681964211,8.333333333333456,7.07070707070731,24.460000000000218,24.67500000000009,3599809.0,4264008.1,-96.77419354838705,-95.6042547738048,28.775929119876025,27.6375,26.825,,,,-24000.0,0.0,0.0,0.0,-268.0,0.0,,0.0,0.0,0.4869,0.1111,0.0,0.0,0.0,0,False,0,False,False,False,True,1.1728196045427204,False,False,True,False,True,False,False,False,True,False,False,False,False,False,False,False,False,False,20.0,12.0,16.390041493775932,0.0,-2.0,False,False,False,False,False,False,False,-1.0,False,5,False,False,374.7281960454272,,5,False,3,False,True,True,True,"ema60_gt_ema120, market_above_ma60, avoid_chase, adx_trending, kd_golden_cross",,"close_below_ema20, close_below_swing_low",-2.1,49.0,49.0,16.7,-0.2,False,1518,D
2026-07-29,22.55,22.85,21.0,21.7,761759,16499059,5381,光譜,,-1.4635163499911918,-1.0781786992986366,-0.3853376506925552,25.122169931420995,26.323783888507734,26.081283051228304,30.536742929710584,27.73764686898477,1.4045575208037802,1191662.5,32912402.6,30.8,22.5,-1.6217910200574486,-0.0168694123605473,-0.1178861788617886,-0.0355555555555555,22.5,0.4577149238635963,30.95401758692079,25.8650000000001,20.77598241307941,0.0907854582086147,0.3935060960309816,16.4705882352941,18.10280869104402,23.110000000000035,23.75,133219433.0,136600496.5,-90.14084507042254,-122.80310906480516,20.070512375050413,30.7375,28.975,,,,129090.0,2.0,0.0,0.0,65.0,2.0,,0.0,0.0,0.1656,0.0226,0.0,0.0,0.0,0,False,0,False,False,False,True,0.6392405567851636,False,False,True,False,True,False,False,False,False,False,False,False,False,False,False,False,False,False,20.0,25.0,41.93548387096775,0.0,-0.3217456138349618,True,False,False,False,False,False,False,-1.0,False,4,False,False,357.53145820183204,,3,False,3,False,True,True,True,"ema60_gt_ema120, market_above_ma60, avoid_chase, adx_trending",,"close_below_ema20, close_below_swing_low",-19.3,43.6,43.6,16.7,-0.84,False,1518,D
2026-07-29,227.0,227.5,201.5,214.0,1374676,287666049,5386,青雲,,-63.83192118885489,-53.33576284898169,-10.496158339873205,323.08900246190444,385.5089995580434,347.0680621342145,26.85446606622868,27.28785331402396,34.301550479413535,1570367.45,544739368.7,472.0,223.5,-3.860904995013944,-0.9883462366799572,-0.1939736346516007,-0.0425055928411632,223.5,0.6642626073988512,488.5915905345173,333.525,178.45840946548262,0.1146010575585781,0.929864870906333,6.684491978609626,6.483483141805967,238.7,271.35,107142233.0,111160777.8,-93.573264781491,-114.4266768195952,25.69150052134991,512.375,472.75,,,,37285.0,2.0,0.0,0.0,-3363.0,0.0,,0.0,0.0,4.423,-0.3552,0.0,0.0,0.0,0,False,0,False,False,False,True,0.8753849298137197,False,False,True,False,True,True,False,False,True,False,False,False,False,False,False,False,False,False,20.0,12.0,120.5607476635514,0.0,-0.8719294658816087,True,False,False,False,False,False,False,-1.0,False,6,False,False,480.2906957075579,,3,False,3,False,True,True,True,"ema60_gt_ema120, market_above_ma60, avoid_chase, liquidity_ok, adx_trending, kd_golden_cross",,"close_below_ema20, close_below_swing_low",103.4,78.5,78.5,16.7,-0.56,False,1518,D
2026-07-29,38.0,39.15,34.6,36.25,1911226,69325996,5392,能率,,-1.656160825989936,-0.707315370009014,-0.9488454559809218,42.44760075712409,43.17489015798187,42.99797024396003,29.0072179789711,23.61213777712245,2.504408087806918,3923497.95,183026097.15,49.35,37.8,-1.2976866428970308,0.0337902036507,-0.1450471698113207,-0.0410052910052909,37.8,0.3092653565827344,51.20184773960203,44.02999999999993,36.85815226039783,-0.0423985758258422,0.3257709625074772,14.224137931034468,7.3253586385102,39.46999999999971,41.07999999999993,557163381.0,565346049.95,-88.1294964028777,-178.84831626916036,13.120923606196328,44.35,42.45,,,,269489.0,1.0,0.0,0.0,-31360.0,0.0,,0.0,0.0,0.0916,0.055,0.0,0.0,0.0,0,False,0,False,False,False,True,0.4871229765775715,False,False,True,False,True,True,False,False,True,False,False,False,False,False,False,False,False,False,20.0,25.0,36.13793103448276,0.0,-0.3234189852094743,False,False,False,False,False,False,False,-1.0,False,6,False,False,440.990201943262,,3,False,3,False,True,True,True,"ema60_gt_ema120, market_above_ma60, avoid_chase, liquidity_ok, adx_trending, kd_golden_cross",,"close_below_ema20, close_below_swing_low",64.1,68.6,68.6,16.7,-1.02,False,1518,D
2026-07-29,76.7,77.5,67.8,70.1,11738416,822091849,5425,台半,,-9.366411523575849,-4.625132762623476,-4.7412787609523726,96.95430872287292,96.73226358891642,85.84617934337201,30.58906202354233,27.611851946362776,8.281000755849714,10997407.35,1194977937.0,144.0,75.3,-3.483128860482089,0.4783424110617683,-0.2446120689655172,-0.0690571049136786,75.3,0.6302826127152035,150.65922459668082,106.21499999999978,61.77077540331874,0.0937042402276858,0.8368728446392907,7.255520504731852,5.741040279726803,80.39999999999927,86.47999999999956,440423595.0,484133680.5,-96.72364672364674,-120.78295912492813,14.49662443979706,103.625,93.15,,,,2436645.0,5.0,0.0,0.0,-368736.0,0.0,,0.0,0.0,0.0946,-0.0549,0.0,0.0,0.0,0,False,0,False,False,False,True,1.0673803039586418,False,False,True,False,True,True,True,False,True,False,False,False,False,False,False,False,False,False,20.0,25.0,105.42082738944367,0.0,-0.2608836774608377,True,False,False,False,False,False,False,-1.0,False,7,False,False,572.5431989100563,,3,False,3,False,True,True,True,"ema60_gt_ema120, market_above_ma60, avoid_chase, liquidity_ok, foreign_buy_3d, adx_trending, kd_golden_cross",,"close_below_ema20, close_below_swing_low",195.7,90.6,90.6,16.7,-0.33,False,1518,D
2026-07-29,24.55,24.55,22.5,23.6,1593637,36892482,5426,振發,,-1.4778843201628469,-0.8138961627346719,-0.663988157428175,27.55785667495233,26.87111449221377,24.76526491083713,34.48287022021651,20.97576371285125,1.7998547446718467,1395311.5,41648261.3,34.4,23.85,-1.6735384112130542,0.9549957669560496,-0.1791304347826086,-0.010482180293501,23.85,0.5089465948900775,34.151572402031945,28.357500000000027,22.563427597968104,0.0894511088322249,0.4086447960526785,15.602836879432642,8.804787374649095,25.100000000000183,26.02500000000009,40618006.0,48060265.75,-86.41975308641973,-138.01177725228357,23.861529350250464,31.55,28.6,,,,134070.0,4.0,0.0,0.0,10247.0,2.0,,0.0,0.0,0.4452,0.1117,0.0,0.0,0.0,0,False,0,False,False,False,True,1.1421370783513216,False,False,True,False,True,False,True,False,True,False,False,False,False,False,False,False,False,False,20.0,25.0,45.76271186440676,0.0,-0.4205556270237019,True,False,False,False,True,False,False,-1.0,False,6,True,False,516.3747032592288,,3,False,3,False,True,True,True,"ema60_gt_ema120, market_above_ma60, avoid_chase, foreign_buy_3d, adx_trending, kd_golden_cross",open_high_close_low,"close_below_ema20, close_below_swing_low",139.5,84.5,84.5,16.7,-0.24,False,1518,D
2026-07-29,109.0,109.0,99.9,102.0,128297,13078593,5432,新門,,-9.57357091050838,-6.576588877876428,-2.9969820326319523,127.54392833230712,137.37004808395184,140.54094321669174,20.28461375886148,34.531170287722944,6.7786590527106005,88693.35,12558706.2,166.5,111.0,-2.0607819030585124,-0.2055305420697185,-0.1807228915662651,-0.081081081081081,111.0,0.4037644158997901,164.3802119693743,132.3,100.21978803062572,0.0277462625726066,0.4849616321900875,7.473309608540907,9.560132364898893,113.8,118.75,15893034.0,16387638.6,-95.2914798206278,-139.06372318772517,7.37296681115042,141.875,141.75,,,,46004.0,2.0,0.0,0.0,-172.0,0.0,,0.0,0.0,0.1854,-0.0085,0.0,0.0,0.0,0,False,0,False,False,False,False,1.4465233301031024,False,False,True,False,True,False,False,False,False,False,False,False,False,False,False,False,False,False,20.0,25.0,63.23529411764706,0.0,-0.5458309276672627,True,False,False,False,False,False,False,-1.0,False,3,False,False,302.9152621690239,,8,False,3,False,True,True,True,"market_above_ma60, avoid_chase, adx_trending",,"close_below_ema20, close_below_swing_low",-74.0,30.0,30.0,16.7,0.12,False,1518,D
2026-07-29,16.55,16.9,15.25,16.15,255102,4080139,5438,東友,,-0.57579914108182,-0.350808592403063,-0.2249905486787569,18.0322955160646,18.803548775138413,19.564331897063447,25.67220599363357,20.550417966100213,0.6497470810861481,153727.25,2880531.55,19.7,16.85,-0.7646504767351844,-0.1298693427924879,-0.0901408450704226,-0.0415430267062316,16.85,0.588277076358411,20.19001870738455,18.352500000000056,16.514981292615563,-0.0993136263453543,0.2002472368761191,26.865671641791,12.427446102819886,17.170000000000073,17.63000000000011,33553272.0,34085613.45,-78.82352941176474,-197.32205778717395,23.52429398626215,19.425,19.6,,,,48000.0,1.0,0.0,0.0,29.0,2.0,,0.0,0.0,-0.366,0.497,0.0,0.0,0.0,0,False,0,False,False,False,False,1.6594455439747997,True,False,True,False,True,False,False,False,True,False,False,False,False,False,False,False,False,False,10.0,25.0,21.981424148606816,0.0,-1.040982252164257,False,False,False,False,False,False,False,-1.0,False,5,False,False,324.10266841377694,,3,False,3,False,True,True,True,"volume_break, market_above_ma60, avoid_chase, adx_trending, kd_golden_cross",,"close_below_ema20, close_below_swing_low",-52.8,36.6,36.6,16.7,0.38,False,1518,D
2026-07-29,212.0,214.0,191.0,195.5,3672892,725944656,5439,高技,,-32.22106335288896,-24.57033105295712,-7.650732299931846,269.49360052884475,312.15248124955264,320.15334346432206,19.32508288637611,35.102833862200164,18.485932572116205,2642024.1,779726445.05,351.0,212.0,-2.8330761436296954,-0.8682249614904763,-0.2226640159045725,-0.0778301886792453,212.0,1.1012066301655916,378.5646060178902,284.525,190.48539398210977,0.0266622023965957,0.6610287743986659,5.202312138728324,6.496008808147356,225.2,243.3,58024319.0,73356939.4,-97.13375796178345,-138.68799913808215,9.192512633762703,362.75,374.25,,,,704957.0,3.0,-577000.0,0.0,-59661.0,0.0,,0.0,0.0,0.2213,0.1028,0.0,0.0,0.0,0,False,0,False,False,False,False,1.3901811115197624,False,False,True,False,True,True,True,False,False,False,False,False,False,False,False,False,False,False,20.0,25.0,79.53964194373401,0.0,-1.127651616657459,True,False,False,False,False,False,False,-1.0,False,5,False,False,460.3699917153081,,8,False,3,False,True,True,True,"market_above_ma60, avoid_chase, liquidity_ok, foreign_buy_3d, adx_trending",,"close_below_ema20, close_below_swing_low",83.5,74.2,74.2,16.7,0.06,False,1518,D
2026-07-29,90.7,91.4,81.0,82.8,2827178,235377839,5443,均豪,,-5.586652777665719,-3.8205184921130826,-1.7661342855526367,100.8048680248093,107.33503925757326,106.27730343597052,29.313600354327733,26.991501351353595,6.667738392155442,3036313.6,332253189.35,124.0,90.0,-1.619425381804544,-0.4972532421066886,-0.1801980198019802,-0.08,90.0,0.4547439702157118,125.72739663636116,104.65499999999992,83.5826033636387,-0.0185693961902816,0.4027021477494863,7.199999999999989,18.064508171446505,93.4199999999997,96.65999999999984,263199911.0,270888374.5,-94.09836065573772,-157.6127634429782,38.1303413270552,109.975,119.1,,,,7929.0,3.0,0.0,0.0,-136542.0,0.0,,0.0,0.0,-0.1009,0.8248,0.0,0.0,0.0,0,False,0,False,False,False,True,0.931121870942448,False,False,True,False,True,True,True,False,False,False,False,False,False,False,False,False,False,False,20.0,25.0,49.7584541062802,0.0,-1.0177812601072165,True,False,False,False,False,False,False,-1.0,False,6,False,False,432.0978435881378,,3,False,3,False,True,True,True,"ema60_gt_ema120, market_above_ma60, avoid_chase, liquidity_ok, foreign_buy_3d, adx_trending",,"close_below_ema20, close_below_swing_low",55.2,66.6,66.6,16.7,-0.49,False,1518,D
2026-07-29,14.55,14.55,13.9,14.2,383750,5434858,5450,寶聯通,,0.2300196233181051,0.4555524384241829,-0.2255328151060778,15.491373671449614,14.769984314538512,14.4072835710207,42.79104250624431,32.95267734909396,1.0023201504218056,967550.0,16966673.15,18.75,14.45,0.291552771841042,0.4683415598538982,-0.1234567901234567,-0.0372881355932204,14.75,0.7745995576507717,17.92691411407884,15.574999999999957,13.223085885921073,0.2076849040173246,0.3020114432204034,4.477611940298491,12.862143317184746,15.349999999999907,16.219999999999935,-1300928.0,1603538.8,-94.81481481481482,-101.11856823266191,73.062927350559,14.4375,14.125,,,,10000.0,1.0,0.0,0.0,-100.0,0.0,,0.0,0.0,0.2166,-0.0256,0.0,0.0,0.0,0,False,0,False,False,False,True,0.3966203296987236,False,False,True,False,True,False,False,False,False,False,False,False,False,False,False,False,True,False,20.0,0.0,32.04225352112677,0.0,-2.0,False,False,False,False,False,False,False,-1.0,False,5,False,False,359.96620329698726,,8,False,3,False,True,True,True,"ema60_gt_ema120, market_above_ma60, avoid_chase, adx_trending, mfi_strong",,"close_below_ema20, close_below_swing_low",-16.9,44.2,44.2,16.7,-1.13,False,1518,D
2026-07-29,24.9,25.15,22.4,23.75,1280065,29775102,5452,佶優,,-2.1695857326812025,-1.7107465795621208,-0.4588391531190816,28.340447272446365,30.9490157630094,31.00600924283309,26.62659038619779,27.795385819552248,1.5787424238537218,1954234.15,63470971.75,35.9,24.85,-1.997075636140199,-0.3636677299148283,-0.1268382352941176,-0.0442655935613682,24.85,0.3744729721997236,36.303220719808216,29.335000000000083,22.36677928019195,0.0992520741970797,0.475078965045721,22.881355932203405,17.925877322796925,25.530000000000108,26.31000000000004,51409456.0,57414022.25,-86.89320388349513,-122.6606780023527,12.85349561823682,33.6,33.85,,,,397014.0,3.0,0.0,0.0,-12081.0,0.0,,0.0,0.0,0.0669,-0.0732,0.0,0.0,0.0,0,False,0,False,False,False,False,0.6550213033581468,False,False,True,False,True,True,True,False,True,False,False,False,False,False,False,False,False,False,10.0,25.0,51.1578947368421,0.0,-0.7163381819848732,True,False,False,False,False,False,False,-1.0,False,6,False,False,492.95415484976303,,3,False,3,False,True,True,True,"market_above_ma60, avoid_chase, liquidity_ok, foreign_buy_3d, adx_trending, kd_golden_cross",,"close_below_ema20, close_below_swing_low",116.1,81.1,81.1,16.7,-0.82,False,1518,D
2026-07-29,29.45,29.65,27.4,28.65,1698478,48014727,5457,宣德,,-1.2002688891341506,-0.957891453357107,-0.2423774357770436,31.157303768490564,32.90002983122545,34.68808282196335,33.073724146025924,21.342661531680648,1.3244109372265798,629889.3,19844829.65,34.85,29.35,-0.999143264057259,-0.0941849571143284,-0.0560131795716639,-0.0271646859083192,29.45,1.0420240873129991,35.582886287784014,31.602500000000145,27.62211371221628,0.1291189112647671,0.2519032537162471,34.24657534246573,27.80896773710568,29.660000000000217,29.940000000000147,-40925673.0,-37435124.85,-81.203007518797,-115.87563374259372,25.07049407475393,35.1625,34.825,,,,-370365.0,0.0,0.0,0.0,-40625.0,0.0,,0.0,0.0,0.0295,-0.0158,0.0,0.0,0.0,0,False,0,False,False,False,False,2.6964706338081945,True,False,True,False,True,False,False,False,True,False,False,False,False,False,False,False,False,False,0.0,12.0,21.64048865619548,0.0,-0.5723556407140933,False,False,False,False,False,False,False,-1.0,False,5,False,False,367.0964386495128,,3,False,3,False,True,True,True,"volume_break, market_above_ma60, avoid_chase, adx_trending, kd_golden_cross",,"close_below_ema20, close_below_swing_low",-9.8,46.6,46.6,16.7,1.62,False,1518,D
2026-07-29,15.65,15.65,15.0,15.25,221068,3382998,5460,同協,,-0.0882191202308924,0.1568167122708915,-0.2450358325017839,16.333525604439185,15.958631846521651,15.590569892060987,39.31171172074106,36.97117163775108,0.8797605518078636,849151.6,15373021.6,19.3,15.6,-0.8762298583572107,0.2320197033325778,-0.0813253012048194,-0.0224358974358974,15.6,0.9978486758316036,19.175982928952447,16.950000000000067,14.724017071047683,0.1181462180394751,0.2626528529737312,10.204081632653065,7.007421150278485,15.890000000000146,16.33500000000013,5039905.0,6615012.1,-91.66666666666669,-135.36577421666345,51.28374967841741,15.5125,15.3,,,,-36000.0,0.0,0.0,0.0,11421.0,1.0,,0.0,0.0,0.0458,-0.1279,0.0,0.0,0.0,0,False,0,False,False,False,True,0.2603398497983163,False,False,True,False,True,False,False,False,True,False,False,False,False,False,False,False,True,False,20.0,12.0,26.55737704918033,0.0,-0.5263840277883729,False,False,False,False,False,False,False,-1.0,False,6,False,False,463.2867901645227,,8,False,3,False,True,True,True,"ema60_gt_ema120, market_above_ma60, avoid_chase, adx_trending, kd_golden_cross, mfi_strong",,"close_below_ema20, close_below_swing_low",86.4,75.4,75.4,16.7,-1.29,False,1518,X
2026-07-29,71.9,71.9,64.8,64.8,459933,30018282,5464,霖宏,,-2.854149858846654,0.1793998397719696,-3.0335496986186232,81.74485617527847,74.05071501180504,60.2845522062724,31.647339644499425,27.185629844954388,6.414230595428462,717182.35,61413576.7,103.5,71.9,-2.09961735145719,0.8551916115348677,-0.2078239608801956,-0.0987482614742699,71.9,1.1887791107974597,109.3882686429776,87.20999999999985,65.0317313570221,-0.0052242887114515,0.5086175586051552,0.0,14.386176878335393,75.43999999999978,77.88999999999979,17703747.0,21038044.35,-100.0,-146.62909067276382,21.95002876040583,72.425,59.425,,,,12000.0,1.0,0.0,0.0,0.0,0.0,,0.0,0.0,0.3681,-0.0166,0.0,0.0,0.0,0,False,2,False,False,False,True,0.6413055201372426,False,False,True,False,True,True,False,False,False,False,False,False,False,False,False,False,False,False,20.0,25.0,59.72222222222223,0.0,-0.7822924747910951,False,False,False,False,False,False,False,-1.0,False,5,False,False,392.0255455038792,,3,False,3,False,True,True,True,"ema60_gt_ema120, market_above_ma60, avoid_chase, liquidity_ok, adx_trending",,"close_below_ema20, close_below_swing_low",15.1,55.7,55.7,16.7,-0.84,False,1518,X
2026-07-29,21.8,22.15,20.8,21.0,98784,2087416,5465,富驊,,-1.035161765243771,-0.8641395627695967,-0.1710222024741743,23.062572799882528,24.631889328299348,26.13631054779101,24.9545668427314,27.609208911545352,0.7338203053584079,94237.95,2214080.65,25.3,21.7,-1.0172151493719102,-0.215224930451254,-0.0666666666666666,-0.0432801822323462,21.95,1.064372345648107,26.32457188642986,23.40500000000002,20.485428113570176,0.088124544701494,0.2494827503892194,8.333333333333309,19.331065759637568,21.72000000000044,22.090000000000146,13680890.0,14006460.4,-95.6989247311828,-104.63526780166528,32.91797125695733,26.1875,26.325000000000003,,,,-31000.0,0.0,0.0,0.0,-5.0,0.0,,0.0,0.0,-0.1351,0.449,0.0,0.0,0.0,0,False,0,False,False,False,False,1.0482401198243383,False,False,True,False,True,False,False,False,False,False,False,False,False,False,False,False,False,False,20.0,25.0,20.47619047619048,0.0,-0.3978254462386573,False,False,False,False,False,False,False,-1.0,False,3,False,False,210.7084958433795,,3,False,3,False,True,True,True,"market_above_ma60, avoid_chase, adx_trending",,"close_below_ema20, close_below_swing_low",-166.2,8.4,8.4,16.7,-0.35,False,1518,D
2026-07-29,23.65,23.65,22.3,22.8,337904,7691802,5468,凱鈺,,-0.7096352454462611,-0.0228871686634727,-0.6867480767827883,25.77346623735628,24.16774016050428,22.03606429108106,40.72385806137429,17.427550869924403,1.88825788236263,436671.25,12294399.8,34.05,22.85,-1.9865942414096909,1.012348944372641,-0.1162790697674418,-0.0338983050847457,23.6,0.3664296576326781,34.551562869447395,27.28250000000012,20.013437130552845,0.1916727726457978,0.5328736640298538,11.320754716981158,32.70440251572351,24.18000000000011,24.400000000000183,11030005.0,11847754.55,-92.814371257485,-93.91589829561325,26.75895406843202,24.8375,24.675,,,,112401.0,2.0,0.0,0.0,0.0,0.0,,0.0,0.0,0.3968,0.0289,0.0,0.0,0.0,0,False,0,False,False,False,True,0.7738178320647398,False,False,False,False,True,False,False,False,False,False,False,False,False,False,False,False,False,False,20.0,12.0,49.34210526315788,0.0,-0.1221060789743436,True,False,False,False,False,False,False,-1.0,False,3,False,False,248.27290537295528,,3,False,3,False,True,True,True,"ema60_gt_ema120, market_above_ma60, avoid_chase",,"close_below_ema20, close_below_swing_low",-128.6,15.5,15.5,16.7,-0.68,False,1518,D
2026-07-29,138.5,138.5,126.0,132.0,322281,42019316,5474,聰泰,,-7.598940729277331,-6.0547198161382845,-1.5442209131390463,151.57214646240084,158.75012110986782,158.81789278944504,29.394493571875657,25.424886770833485,7.805715837637917,223136.05,35072974.8,173.5,138.0,-1.099506993914105,-0.2671920535682278,-0.117056856187291,-0.0434782608695651,138.0,0.549817520134818,175.16769017555595,153.625,132.08230982444405,-0.0019103887159238,0.2804581308453174,22.22222222222222,24.241158451684896,143.1,144.65,14436712.0,15091367.6,-84.61538461538461,-159.90688512848052,27.88446852924176,179.625,165.75,,,,71000.0,1.0,0.0,0.0,-4932.0,0.0,,0.0,0.0,0.163,0.2959,0.0,0.0,0.0,0,False,0,False,False,False,False,1.4443251101738157,False,False,True,False,True,False,False,False,False,False,False,False,False,False,False,False,False,False,10.0,25.0,31.439393939393938,0.0,-0.3753892338240706,False,False,False,False,False,False,False,-1.0,False,3,False,False,274.9385802958493,,3,False,3,False,True,True,True,"market_above_ma60, avoid_chase, adx_trending",,"close_below_ema20, close_below_swing_low",-101.9,21.5,21.5,16.7,0.12,False,1518,D
2026-07-29,113.0,117.0,108.0,109.0,3096146,341632882,5475,德宏,,-33.52400090251504,-29.61090666873545,-3.913094233779596,169.04889728134077,218.4058162410421,213.28228328641129,20.35631435339573,41.53430870146296,16.083486761280632,2928469.0,500932894.65,244.5,119.5,-3.829732864184167,-1.536210679610453,-0.2875816993464052,-0.0878661087866108,119.5,1.0054036218483775,252.1440334915744,175.05,97.95596650842565,0.0716270312460779,0.8808230047594898,1.5384615384615383,4.401709401709013,129.0,142.5,222102921.0,245947141.95,-99.12280701754386,-132.56387738886804,11.16689090242376,260.0,311.75,,,,897499.0,4.0,0.0,0.0,-406.0,0.0,,0.0,0.0,1.6008,-0.0358,0.0,0.0,0.0,0,False,0,False,False,False,True,1.0572575635938095,False,False,True,False,True,True,True,False,False,False,False,False,False,False,False,False,False,False,20.0,25.0,124.31192660550458,0.0,-1.656110354916365,True,False,False,False,False,False,False,-1.0,False,6,False,False,510.6992513769417,,8,False,3,False,True,True,True,"ema60_gt_ema120, market_above_ma60, avoid_chase, liquidity_ok, foreign_buy_3d, adx_trending",,"close_below_ema20, close_below_swing_low",133.8,83.7,83.7,16.7,-0.34,False,1518,D
2026-07-29,21.05,21.05,19.7,20.3,169919,3414152,5481,新華,,0.0266644856154201,0.1019064780264029,-0.0752419924109828,20.91723260187296,20.849159621118407,21.07335901839475,42.59776350192187,19.021527714737992,0.752638900297567,181963.05,3810006.05,21.9,20.85,-0.0455142785123374,0.1334317904026145,-0.0536130536130535,-0.0287081339712917,20.9,0.5966471147178637,21.71005033386819,20.96500000000001,20.219949666131832,0.0537214267474792,0.0710756340441858,18.461538461538503,20.27247606194972,20.93999999999996,20.96999999999998,-2924865.0,-3317791.5,-81.5384615384615,-146.79076982741947,59.61612654631552,21.05,20.7,,,,-47000.0,0.0,0.0,0.0,80.0,3.0,,0.0,0.0,-0.1463,0.0157,0.0,0.0,0.0,0,False,0,False,False,False,False,0.9338104631682091,False,False,False,False,True,False,False,False,False,True,False,True,False,False,False,False,True,False,20.0,25.0,7.881773399014767,0.0,0.2582401558741972,False,False,False,False,False,False,False,-1.0,False,5,False,False,337.43698650217243,,3,False,3,False,True,True,True,"market_above_ma60, avoid_chase, obv_uptrend, dealer_buy_3d, mfi_strong",,"close_below_ema20, close_below_swing_low",-39.4,39.3,39.3,16.7,-0.49,False,1518,D
2026-07-29,183.0,183.0,166.5,166.5,16476103,2809457606,5483,中美晶,,2.982550327957995,12.014638174026064,-9.03208784606807,206.5723335211612,182.80146325007524,160.12016578533107,38.36143791880544,28.80953912519488,18.70671774783195,39751744.9,8820781383.85,278.0,185.0,-0.2848794076475643,0.8269204874705958,-0.2884615384615384,-0.0999999999999999,185.0,0.6828323706122491,268.05888906835486,217.325,166.59111093164512,-0.0008979297006224,0.4668941821544219,0.0,3.7257344544790008,194.3,214.8,434297485.0,491614311.8,-100.0,-154.83528310061922,49.15079029137705,164.375,150.5,,,,-2069449.0,0.0,51000.0,1.0,-121041.0,0.0,,0.0,0.0,0.0761,0.148,0.0,0.0,0.0,0,False,1,False,False,False,True,0.4144749630852054,False,False,True,False,True,True,False,False,False,False,False,False,False,False,False,False,False,False,20.0,25.0,66.96696696696696,0.0,-0.493618390817793,False,False,True,False,False,False,False,-1.0,False,6,False,False,453.22132894103856,,3,False,3,False,True,True,True,"ema60_gt_ema120, market_above_ma60, avoid_chase, liquidity_ok, adx_trending, above_ichimoku_cloud",,"close_below_ema20, close_below_swing_low",76.3,72.0,72.0,16.7,-1.11,False,1518,X
2026-07-29,27.95,28.8,27.4,28.0,72001,2010475,5487,通泰,,-0.0378678554013305,0.0172881972063744,-0.0551560526077049,28.207984967525512,28.123917860432574,28.15622451261091,47.737754961124224,31.231291196205667,1.1050546343717402,97800.5,2772748.1,29.5,27.65,-0.1533196189427274,0.0421493318413218,-0.00355871886121,0.001788908765653,27.95,1.2824252769173383,29.239699948558687,28.36499999999992,27.490300051441142,0.2913570244280216,0.0616745953505216,27.777777777777768,23.70527306967961,28.149999999999817,28.15999999999985,-688820.0,-843993.3,-72.22222222222223,-75.46174142480236,52.166888758397405,28.4375,28.175,,,,-5000.0,0.0,0.0,0.0,-4000.0,0.0,,0.0,0.0,0.1535,0.1295,0.0,0.0,0.0,0,False,0,False,False,False,False,0.7362027801493858,False,False,True,False,True,False,False,False,False,True,False,False,False,False,False,False,True,False,10.0,0.0,5.357142857142857,0.0,0.5724321578194574,False,False,False,True,False,False,False,-1.0,False,5,True,False,399.23121369532737,,8,False,3,False,True,False,True,"market_above_ma60, avoid_chase, adx_trending, obv_uptrend, mfi_strong",long_upper_shadow,close_below_ema20,22.4,58.5,58.5,16.7,-0.73,False,1518,D
2026-07-29,13.45,13.45,12.35,12.8,1018360,12995726,5488,松普,,-0.0010358437213575,0.460440391795843,-0.4614762355172006,14.281220786711152,13.20235769850138,12.099001810219535,40.36795270597733,23.295821364061023,1.0426959574419263,3825472.9,61398780.25,17.9,13.0,-0.4257339752822786,0.6895550578615246,-0.1232876712328766,-0.0153846153846153,13.0,0.156796118808248,18.07105872798904,14.897500000000036,11.723941272011032,0.1695350267979501,0.4260525226365492,8.256880733944971,5.965538477991989,13.470000000000072,14.340000000000057,21097758.0,24785690.55,-93.52517985611507,-103.42671335667832,67.851800090925,12.375,11.91,,,,18000.0,4.0,0.0,0.0,-130.0,0.0,,0.0,0.0,0.7928,0.3809,0.0,0.0,0.0,0,False,0,False,False,False,True,0.2662049965116731,False,False,True,False,True,True,True,False,False,False,False,False,False,False,False,False,True,False,20.0,12.0,39.84374999999999,0.0,-0.3722685082279056,True,False,True,False,True,False,False,-1.0,False,8,True,False,625.1948278663818,,3,False,3,False,True,True,True,"ema60_gt_ema120, market_above_ma60, avoid_chase, liquidity_ok, foreign_buy_3d, adx_trending, mfi_strong, above_ichimoku_cloud",open_high_close_low,"close_below_ema20, close_below_swing_low",248.3,93.9,93.9,16.7,-1.29,False,1518,X
2026-07-29,41.55,43.05,40.7,41.1,242988,10146247,5489,彩富,,-2.418215122769702,-0.7368976956115004,-1.6813174271582016,48.71451179651382,47.680212838953416,45.2780057902448,33.71997209626221,31.49586646816513,3.0523799162746146,246014.7,13193162.85,66.7,42.95,-2.589204350153126,0.5925650919053351,-0.0917127071823203,-0.0430733410942957,42.95,0.4559345637176178,69.68639906059673,52.5425000000002,35.39860093940367,0.1662806996367706,0.6525726435017923,5.333333333333314,10.896131042575384,43.88000000000029,45.16500000000015,10864467.0,12296349.35,-98.38056680161944,-93.97601958034264,7.853359927388169,44.9125,44.725,,,,72000.0,4.0,0.0,0.0,-5000.0,0.0,,0.0,0.0,0.1448,0.0198,0.0,0.0,0.0,0,False,0,False,False,False,True,0.9876970766381032,False,False,True,False,True,False,True,False,False,False,False,False,False,False,False,False,False,False,20.0,12.0,62.28710462287105,0.0,-0.5753545137796147,True,False,False,True,False,False,False,-1.0,False,5,True,False,434.9727166010256,,8,False,3,False,True,True,True,"ema60_gt_ema120, market_above_ma60, avoid_chase, foreign_buy_3d, adx_trending",long_upper_shadow,"close_below_ema20, close_below_swing_low",58.1,67.3,67.3,16.7,-0.42,False,1518,D
2026-07-29,32.6,34.95,31.65,33.15,4243217,141932180,5490,同亨,,0.9863118201192442,0.7338170714510132,0.2524947486682311,31.09219760650641,29.616026600165767,28.811991026093043,62.9306988552425,25.944710334114944,1.6359121205552056,1606481.1,50629847.2,33.45,28.4,0.667458448209116,0.1899027377570587,-0.0089686098654709,0.0279069767441859,32.25,0.6145717967451471,34.00837565328051,30.767499999999927,27.52662434671934,0.8675704122724335,0.2106687675814149,72.72727272727269,66.43356643356613,32.70999999999985,31.649999999999817,20151350.0,17484318.35,-27.272727272727305,125.1707650273228,64.80283462964896,29.0375,28.6,,,,297362.0,2.0,0.0,0.0,0.0,0.0,,0.0,0.0,0.5022,0.2912,0.0,0.0,0.0,0,False,0,False,False,True,True,2.6413114975333354,True,True,True,False,True,True,False,False,True,True,False,False,False,False,False,True,True,True,-10.0,-12.0,0.9049773755656236,25.0,1.539180835803797,True,False,True,True,False,False,False,-1.0,False,12,True,False,882.8832850049789,,6,True,3,False,False,False,False,"ema60_gt_ema120, volume_break, rsi_strong, market_above_ma60, avoid_chase, liquidity_ok, adx_trending, kd_golden_cross, obv_uptrend, cci_momentum, mfi_strong, above_ichimoku_cloud",long_upper_shadow,,506.0,99.3,99.3,16.7,1.55,False,1518,D
2026-07-29,77.6,77.6,71.1,73.5,214519,15808652,5493,三聯,,-3.800905203607286,-2.915023512918495,-0.885881690688791,82.76578044709784,86.77768392360942,87.03279546451486,25.29706912093528,24.962744626335244,3.3992037550049083,145608.15,12424314.0,93.0,76.0,-1.136272040629558,-0.2120171723013438,-0.095940959409594,-0.0328947368421053,76.0,0.7255601076200142,95.84469575173505,84.29999999999964,72.75530424826425,0.0322527231444711,0.2738955101242097,18.181818181818223,15.909090909090688,77.87999999999957,79.35999999999949,10954997.0,11819420.55,-87.56476683937821,-140.63338701019848,15.354678566633453,97.65,92.7,,,,-15000.0,0.0,0.0,0.0,-3120.0,0.0,,0.0,0.0,0.193,0.1091,0.0,0.0,0.0,0,False,0,False,False,False,False,1.4732623139570142,False,False,True,False,True,False,False,False,True,False,False,False,False,False,False,False,False,False,20.0,25.0,26.53061224489796,0.0,-0.7575663922605281,False,False,False,False,True,False,False,-1.0,False,4,True,False,345.6418264324438,,3,False,3,False,True,True,True,"market_above_ma60, avoid_chase, adx_trending, kd_golden_cross",open_high_close_low,"close_below_ema20, close_below_swing_low",-31.2,40.9,40.9,16.7,0.16,False,1518,D
2026-07-29,43.95,44.3,39.1,41.0,3325131,134592703,5498,凱崴,,-5.040615105668955,-4.065066508653986,-0.9755485970149688,51.73208438934703,58.45252983466681,57.22715966712909,26.293839448043144,33.4036445411398,3.6948132893174015,2191630.25,117132077.55,61.3,43.4,-2.0899776744634684,-0.7084457372124318,-0.174219536757301,-0.0552995391705068,43.4,0.949998484820436,66.63916852176736,53.350000000000094,40.06083147823284,0.0353358647017243,0.4981881357738421,14.728682170542626,13.24289405684734,45.22000000000007,47.33999999999996,1032810489.0,1043024194.25,-91.9831223628692,-134.31916204559462,20.939087843426503,65.525,71.45,,,,1397600.0,4.0,0.0,0.0,4734.0,1.0,,0.0,0.0,0.8028,0.0283,0.0,0.0,0.0,0,False,0,False,False,False,True,1.517195247692899,True,False,True,False,True,True,True,False,True,False,False,False,False,False,False,False,False,False,20.0,25.0,49.512195121951216,0.0,-0.7163892205849907,True,False,False,False,False,False,False,-1.0,False,8,False,False,651.575281829909,,8,False,3,False,True,True,True,"ema60_gt_ema120, volume_break, market_above_ma60, avoid_chase, liquidity_ok, foreign_buy_3d, adx_trending, kd_golden_cross",,"close_below_ema20, close_below_swing_low",274.7,95.1,95.1,16.7,0.21,False,1518,D
2026-07-29,992.0,1020.0,925.0,944.0,1443845,1380905525,5536,聖暉*,,-41.847270353908016,-5.779196710719164,-36.06807364318885,1162.16157299406,1110.925478894565,995.2702744808952,32.0233634051836,21.103412298141222,82.2822456262929,926754.0,1131321098.0,1435.0,1015.0,-1.658566741927014,0.5653326454425699,-0.2133333333333333,-0.0699507389162561,1015.0,0.950133598146574,1483.2495010449557,1220.2,957.1504989550446,-0.024996243868178,0.4311580085968784,5.846153846153846,7.021181716834083,1075.8,1131.4,61170325.0,64578741.55,-94.93333333333334,-174.43455937679803,31.065141173599528,1138.0,995.5,,,,20703.0,8.0,1400.0,3.0,-7322.0,0.0,,0.0,0.0,0.249,0.0565,0.0,0.0,0.0,0,False,0,False,False,False,True,1.5579592858514772,True,False,True,False,True,True,True,False,False,False,True,False,False,False,False,False,False,False,20.0,25.0,52.01271186440678,0.0,-0.7138780564015286,True,True,False,False,False,False,False,-1.0,False,8,False,False,652.0130561816965,,3,False,3,False,True,True,True,"ema60_gt_ema120, volume_break, market_above_ma60, avoid_chase, liquidity_ok, foreign_buy_3d, adx_trending, invest_trust_buy_2d",,"close_below_ema20, close_below_swing_low",275.1,95.1,95.1,16.7,0.26,False,1518,D
2026-07-29,30.5,30.5,28.0,28.25,5030,145139,6103,合邦,,1.4230847933053925,0.6344845077636714,0.7886002855417209,24.99572293294204,24.49351431050537,23.43898749172982,51.08207135738164,6.122782055840011,13.336025645779197,6150.5,201333.35,34.25,0.0,,,-0.064569536423841,-0.0520134228187919,29.8,4.099974796269848,49.65666395934824,22.980000000000064,-3.696663959348104,0.5987754692271632,2.321728804120809,78.36338418862691,84.28109107720775,24.790000000000145,27.494999999999983,262832.0,235563.9,-21.636615811373087,33.76673408456132,71.74580544895383,19.125,22.2,,,,0.0,0.0,0.0,0.0,0.0,0.0,,0.0,0.0,-0.3403,-0.0758,0.0,0.0,0.0,0,False,0,False,False,True,True,0.8178196894561418,False,False,False,False,True,False,False,False,False,True,False,False,False,False,False,False,True,False,-10.0,0.0,21.238938053097343,0.0,1.156751283302614,False,False,True,False,True,False,False,-1.0,False,6,True,False,357.05921229419283,,3,False,3,False,False,False,False,"ema60_gt_ema120, market_above_ma60, avoid_chase, obv_uptrend, mfi_strong, above_ichimoku_cloud",open_high_close_low,,-19.8,43.3,43.3,16.7,-0.63,False,1518,D
2026-07-29,90.3,90.5,82.8,86.5,1409101,120752639,6104,創惟,,-3.116446569717468,-2.0967474523260985,-1.0196991173913692,95.30094759293704,97.98709609075983,99.58903257727376,32.41571719635655,21.24349005321942,4.496898039953029,1330686.75,131217483.75,105.5,89.5,-0.91043841550055,-0.0926923367445549,-0.0894736842105262,-0.0345982142857141,89.6,0.511429574607779,108.66514616623876,97.12000000000008,85.57485383376138,0.0400664553275215,0.237750126981851,27.40740740740743,34.48920311687774,90.93999999999942,91.90999999999984,-24352778.0,-18839274.1,-83.33333333333333,-133.68376041634068,22.93228084477465,102.5,98.85,,,,-110796.0,0.0,0.0,0.0,-42887.0,0.0,,0.0,0.0,0.0566,-0.0143,0.0,0.0,0.0,0,False,0,False,False,False,False,1.0589276552126186,False,False,True,False,True,True,False,False,False,False,False,False,False,False,False,False,False,False,10.0,25.0,21.965317919075144,0.0,-1.2882754953512772,False,False,False,False,False,False,False,-1.0,False,4,False,False,285.1299706079109,,3,False,3,False,True,True,True,"market_above_ma60, avoid_chase, liquidity_ok, adx_trending",,"close_below_ema20, close_below_swing_low",-91.7,23.4,23.4,16.7,-0.34,False,1518,D
2026-07-29,21.9,21.9,19.85,19.85,302521,6142082,6113,亞矽,,-1.351728727243188,-0.9068768832821466,-0.4448518439610414,23.901324610359545,24.740429638691367,24.05300231376903,27.573035763557343,21.779428922166204,1.2853049988169076,269934.8,6914747.0,27.7,21.5,-1.3037305814386102,-0.0796079832612643,-0.1553191489361701,-0.0767441860465115,21.5,0.4589955128425096,28.421174827471773,24.420000000000027,20.41882517252828,-0.0710822692153776,0.3276965460664818,0.0,3.896103896103644,21.97000000000025,22.685000000000127,-13065500.0,-11719374.4,-100.0,-152.81973816717024,24.42740738753035,27.2,25.125,100877.37483333328,False,-0.1063462888189461,44000.0,4.0,0.0,0.0,15097.0,2.0,-0.048972860117224,0.0,0.0,1.2964,0.0883,0.0,0.0,0.0,0,False,0,False,False,False,True,1.1207187809797032,False,False,True,False,True,False,True,False,False,False,False,False,False,False,False,False,False,False,20.0,25.0,39.54659949622165,0.0,-0.4784364499549342,True,False,False,False,False,False,False,-1.0,False,4,False,False,375.46595041033777,12.3,3,False,3,False,True,True,True,"ema60_gt_ema120, avoid_chase, foreign_buy_3d, adx_trending",,"close_below_ema20, close_below_swing_low",-1.4,49.5,49.5,16.7,-0.27,False,1518,D
2026-07-29,11.6,11.6,10.85,11.2,269338,3011479,6109,亞元,,-0.213926634900913,-0.0523294115141385,-0.1615972233867744,12.080805731444029,12.065425905191807,11.944531780124732,36.707073494925375,16.866373524506766,0.5584919215845389,567986.15,7394368.9,14.2,11.6,-1.0428079205872578,0.1659079780430414,-0.0548523206751054,-0.0386266094420602,11.65,2.1298022317465426,14.186282508848745,12.479999999999972,10.7737174911512,0.1249155713189638,0.2734427097514062,24.999999999999968,30.91397849462373,11.670000000000073,11.740000000000007,9378086.0,11012564.85,-87.93103448275863,-111.83732752360214,11.78418224764495,11.7375,11.75,100877.37483333328,False,-0.1063462888189461,-54000.0,0.0,0.0,0.0,-4000.0,0.0,0.0514939681438406,0.0,0.0,-0.0206,-0.0609,0.0,0.0,0.0,0,False,0,False,False,False,True,0.4741981824732874,False,False,False,False,True,False,False,True,False,False,False,False,False,False,False,False,False,False,10.0,12.0,26.785714285714285,0.0,-0.4920919825614479,False,False,False,False,False,False,False,-1.0,False,3,False,False,280.8368780339955,22.7,5,False,3,False,True,True,True,"ema60_gt_ema120, avoid_chase, stronger_than_market",,"close_below_ema20, close_below_swing_low",-96.0,22.5,22.5,16.7,-1.04,False,1518,D
2026-07-29,26.1,26.1,25.0,25.6,150469,3833176,6114,久威,,-0.8777581357600894,-0.5727898420878657,-0.3049682936722238,28.503392570939265,29.557847085402152,30.26227710657092,30.167589924394747,14.46181652440486,0.9667977094066346,117234.4,3646106.4,32.9,26.85,-0.9280180443086676,-0.1548961206433309,-0.0970017636684303,-0.0465549348230912,26.85,0.7393662337843999,32.672801711324084,29.119999999999983,25.567198288675883,0.004616316078036,0.244011106546985,16.216216216216257,9.10910910910934,27.300000000000363,27.84500000000008,-1882212.0,-1606782.2,-89.09090909090907,-167.27955259327365,15.56680695851621,29.9,30.475,100877.37483333328,False,-0.1063462888189461,8000.0,3.0,0.0,0.0,-1.0,0.0,0.0093445251505157,0.0,0.0,-0.0161,-0.1294,0.0,0.0,0.0,0,False,0,False,False,False,False,1.2834884641368065,False,False,False,False,True,False,True,True,True,False,False,False,False,False,False,False,False,False,20.0,25.0,28.51562499999999,0.0,-0.5538144121277115,True,False,False,False,False,False,False,-1.0,False,4,False,False,386.1891116958355,20.2,3,False,3,False,True,True,True,"avoid_chase, foreign_buy_3d, stronger_than_market, kd_golden_cross",,"close_below_ema20, close_below_swing_low",9.3,53.8,53.8,16.7,-0.07,False,1518,D
2026-07-29,15.9,15.9,15.0,15.7,451634,6928897,6118,建達,,-0.3541765634404541,-0.2941887730791681,-0.0599877903612859,16.422789092972746,17.044113579024227,17.538507582263332,35.90857333264084,19.32463041630053,0.6055650228563741,260273.2,4297855.8,17.35,15.8,-0.3991469371048058,-0.1832449710925801,-0.0218068535825546,-0.0063291139240507,15.8,0.8836597304145318,17.451581998550317,16.512500000000045,15.573418001449774,0.0673966696974487,0.1137419528902672,34.999999999999964,30.58558558558555,16.0,16.13000000000011,5859041.0,6909163.95,-71.42857142857144,-144.59556191839803,24.274753005752785,17.7,18.35,100877.37483333328,False,-0.1063462888189461,55000.0,2.0,0.0,0.0,-523.0,0.0,0.0845394352363915,0.0,0.0,0.0314,0.2492,0.0,0.0,0.0,0,False,0,False,False,False,False,1.7352305193158573,True,False,False,False,True,False,False,True,True,False,False,False,False,False,False,False,False,False,0.0,25.0,10.509554140127404,0.0,-0.809263260726655,True,False,False,False,False,False,False,-1.0,False,4,False,False,412.6411460644387,40.7,5,False,3,False,True,True,True,"volume_break, avoid_chase, stronger_than_market, kd_golden_cross",,"close_below_ema20, close_below_swing_low",35.8,61.7,61.7,16.7,0.47,False,1518,D
2026-07-29,358.5,361.5,340.0,348.0,806859,281131747,6121,新普,,-12.937375140519066,-8.13098041549052,-4.806394725028547,386.03713903230016,390.2770570761909,381.1612632357365,33.23064801653433,23.09598687639175,16.583446334575445,1482247.0,607478764.8,467.5,358.0,-1.104364783917462,0.057032490341872,-0.0878112712975098,-0.0279329608938547,358.0,0.5053054444253932,458.4370703810758,395.7,332.9629296189242,0.1198419872791162,0.3170941136268678,16.0,23.79487179487175,368.9,371.6,-2372605.0,1744812.6,-92.4170616113744,-118.032586059047,25.25540415789338,408.125,390.25,100877.37483333328,False,-0.1063462888189461,79453.0,1.0,1600.0,1.0,-3760.0,0.0,0.0185350175214362,0.0,0.0,0.115,0.0138,0.0,0.0,0.0,0,False,0,False,False,False,True,0.5443485464973111,False,False,True,False,True,True,False,True,False,False,False,False,False,False,False,False,False,False,20.0,12.0,34.33908045977012,0.0,-0.756874596848753,False,False,False,False,False,False,False,-1.0,False,5,False,False,418.3609903027881,17.4,3,False,3,False,True,True,True,"ema60_gt_ema120, avoid_chase, liquidity_ok, adx_trending, stronger_than_market",,"close_below_ema20, close_below_swing_low",41.5,63.7,63.7,16.7,-0.96,False,1518,D
2026-07-29,42.4,42.75,41.15,41.65,103069,4314940,6123,上奇,,-0.2023683123542312,-0.3119054798753814,0.1095371675211501,42.40585400544488,43.12495764718958,44.21759660384379,41.488389308687175,14.212919184186742,0.8545760565392277,63644.55,2681646.2,43.0,41.3,0.0877610752836756,-0.1471612886049387,-0.030267753201397,-0.02,42.5,0.7331890738362722,43.12181448226705,42.13750000000009,41.15318551773313,0.2523657282389386,0.0467191685442638,19.607843137254868,46.6720021341874,42.59000000000015,42.31000000000004,-1703564.0,-1731472.15,-80.39215686274513,-52.32277214053931,35.96561182223492,45.125,44.825,100877.37483333328,False,-0.1063462888189461,-9000.0,0.0,0.0,0.0,1095.0,2.0,0.076078535617549,0.0,0.0,-0.0807,0.1158,0.0,0.0,0.0,0,False,0,False,False,False,False,1.6194473839472507,True,False,False,False,True,False,False,True,False,True,False,False,False,False,False,False,False,True,20.0,0.0,3.2412965186074465,8.0,0.0667637640710049,False,False,False,False,False,False,False,-1.0,False,4,False,False,394.9956390083245,34.4,5,False,3,False,True,False,True,"volume_break, avoid_chase, stronger_than_market, obv_uptrend",,close_below_ema20,18.1,57.1,57.1,16.7,0.33,False,1518,D
2026-07-29,25.8,25.8,24.9,25.4,32561,828110,6124,業強,,-1.1301142588594644,-0.9768644226241004,-0.1532498362353639,27.496757394216832,29.09245331849635,29.36717763634881,31.776644894250552,25.943558770439346,0.91285706399934,33847.2,952405.2,30.35,25.9,-0.8814287689485655,-0.2214643973169314,-0.0592592592592593,-0.0230769230769231,26.0,0.9784317895234986,30.774003157195253,27.764999999999965,24.75599684280468,0.1070127087861883,0.2167479313664895,20.408163265306097,19.676603296267785,26.16999999999989,26.51499999999988,-1073043.0,-964868.75,-87.01298701298701,-115.344800127409,18.82404564806336,32.275000000000006,32.625,100877.37483333328,False,-0.1063462888189461,-14000.0,0.0,0.0,0.0,0.0,0.0,0.0470870295596868,0.0,0.0,-0.2957,-0.0755,0.0,0.0,0.0,0,False,0,False,False,False,False,0.9619998109149356,False,False,True,False,True,False,False,True,False,False,False,False,False,False,False,False,False,False,10.0,12.0,19.48818897637797,0.0,-0.1875417041295457,False,False,False,False,False,False,False,-1.0,False,3,False,False,269.36949765959486,20.0,3,False,3,False,True,True,True,"avoid_chase, adx_trending, stronger_than_market",,"close_below_ema20, close_below_swing_low",-107.5,20.3,20.3,16.7,-0.46,False,1518,D
2026-07-29,47.6,48.1,43.0,44.3,2034974,90305140,6125,廣運,,-3.3990454806137365,-2.637097105279636,-0.7619483753341005,52.81215211102494,57.1701272945407,59.78757027678749,21.23849854902447,31.90823768834132,2.390154379935928,1033084.25,55439322.25,60.1,47.55,-1.4208633901804493,-0.329101080689653,-0.1364522417153996,-0.0683491062039958,47.55,1.260870132620576,63.146755151093146,53.979999999999926,44.81324484890671,-0.0279949033462238,0.3396352408704421,11.711711711711684,10.686849640337943,48.439999999999415,49.89999999999964,110839774.0,117721824.4,-91.92546583850934,-147.55468574806858,21.20575905285236,63.825,63.7,100877.37483333328,False,-0.1063462888189461,439000.0,1.0,0.0,0.0,-16272.0,0.0,-0.0301059528964534,0.0,0.0,0.2257,0.0296,0.0,0.0,0.0,0,False,0,False,False,False,False,1.969804495615919,True,False,True,False,True,True,False,False,True,False,False,False,False,False,False,False,False,False,20.0,25.0,35.665914221218976,0.0,-1.0458715088178363,False,False,False,False,False,False,False,-1.0,False,5,False,False,422.1475868503452,30.5,8,False,3,False,True,True,True,"volume_break, avoid_chase, liquidity_ok, adx_trending, kd_golden_cross",,"close_below_ema20, close_below_swing_low",45.3,64.8,64.8,16.7,0.75,False,1518,D
2026-07-29,48.35,49.7,43.65,45.5,4455524,202911518,6127,九豪,,-7.425005598700501,-4.833870853972119,-2.5911347447283823,62.710993791616666,64.57854105823145,56.722864023943735,28.0890682396399,35.01055577755423,5.641132684878866,9254409.65,753760715.5,96.9,48.5,-3.6183442057188495,0.4899850835295416,-0.2222222222222222,-0.0618556701030927,48.5,0.3004166137605278,96.09638866246934,67.3,38.50361133753066,0.1214803138073319,0.8557619216187026,8.830548926014329,7.376140422146515,51.13999999999978,55.23999999999997,405761878.0,428121519.25,-94.70672389127324,-118.73535244276188,22.17530340508894,75.8625,64.9,100877.37483333328,False,-0.1063462888189461,883999.0,2.0,0.0,0.0,-26599.0,0.0,-0.115875933403276,0.0,0.0,0.1174,0.0954,0.0,0.0,0.0,0,False,0,False,False,False,True,0.4814487545404908,False,False,True,False,True,True,False,False,True,False,False,False,False,False,False,False,False,False,20.0,12.0,112.967032967033,0.0,-0.1801648720698423,True,False,False,False,False,False,False,-1.0,False,5,False,False,439.6525090805668,18.6,8,False,3,False,True,True,True,"ema60_gt_ema120, avoid_chase, liquidity_ok, adx_trending, kd_golden_cross",,"close_below_ema20, close_below_swing_low",62.8,68.4,68.4,16.7,-1.03,False,1518,D
2026-07-29,14.05,14.1,13.0,13.6,1109595,14857823,6129,普誠,,-0.8639355326125262,-0.4453256695085512,-0.4186098631039749,16.00512032261435,16.449051661903876,16.09040831006024,30.433646114434524,28.202090040894504,0.8888240238281848,1702579.1,31261122.05,20.85,14.05,-2.012935105462964,0.0547969655443696,-0.1140065146579805,-0.0320284697508898,14.05,0.4155506680246525,21.036878344006567,16.89000000000008,12.74312165599359,0.1033160696943113,0.4910453930143835,17.91044776119401,8.268999828444066,14.520000000000072,15.035000000000082,8335560.0,13546986.8,-90.4,-125.1320285803045,26.30125193771275,16.1375,16.7,100877.37483333328,False,-0.1063462888189461,3000.0,1.0,0.0,0.0,-154.0,0.0,-0.0076602258390343,0.0,0.0,0.3654,0.1791,0.0,0.0,0.0,0,False,0,False,False,False,True,0.6517142140415091,False,False,True,False,True,False,False,False,True,False,False,False,False,False,False,False,False,False,20.0,12.0,53.308823529411775,0.0,-0.8774884528702618,False,False,False,False,False,False,False,-1.0,False,4,False,False,337.98728070597195,16.2,3,False,3,False,True,True,True,"ema60_gt_ema120, avoid_chase, adx_trending, kd_golden_cross",,"close_below_ema20, close_below_swing_low",-38.9,39.3,39.3,16.7,-0.83,False,1518,D
2026-07-29,25.45,25.8,23.05,23.7,622276,14892556,6134,萬旭,,-2.186445648688565,-1.84158545171424,-0.3448601969743252,28.5569471915134,30.992331427534467,30.65480158758753,27.405807717687523,32.64729732339057,1.7751150126080688,531037.25,16063550.55,36.2,25.4,-1.7596075629526444,-0.3086672309659757,-0.1302752293577982,-0.0669291338582677,25.4,0.7722785778011086,35.467858754149695,29.134999999999945,22.8021412458502,0.0708888978110764,0.4347251590286434,13.68421052631576,31.045584098888867,26.05,26.499999999999908,82647873.0,85035146.15,-92.69662921348316,-119.33418200054004,18.826029115653185,35.3875,35.25,100877.37483333328,False,-0.1063462888189461,-15924.0,0.0,0.0,0.0,9183.0,5.0,-0.023928940538852,0.0,0.0,0.3638,-0.0608,0.0,0.0,0.0,0,False,0,False,False,False,True,1.1718123351987078,False,False,True,False,True,False,False,False,False,False,False,True,False,False,False,False,False,False,20.0,25.0,52.7426160337553,0.0,-0.7721057639907456,False,False,False,False,False,False,False,-1.0,False,4,False,False,352.4528541840981,18.6,8,False,3,False,True,True,True,"ema60_gt_ema120, avoid_chase, adx_trending, dealer_buy_3d",,"close_below_ema20, close_below_swing_low",-24.4,42.3,42.3,16.7,-0.2,False,1518,D
2026-07-29,288.5,295.5,263.0,273.0,1154019,316525550,6138,茂達,,-13.323321120912285,-5.150141105558289,-8.173180015353994,327.81443245002544,320.2411927206942,292.9322147756981,37.82532834782111,20.16633564842212,27.51353059401384,2573716.2,958596356.05,440.0,287.5,-1.8987810395817923,0.3103557386785946,-0.1970588235294117,-0.0504347826086956,287.5,0.4329466200104473,434.10456494574953,345.725,257.3454350542505,0.0885643924325652,0.5112708941832352,11.560693641618498,26.623517598849503,306.9,311.4,59413763.0,63288505.95,-92.42424242424242,-121.54855870702866,28.9980013423381,337.0,304.5,100877.37483333328,False,-0.1063462888189461,6552.0,1.0,0.0,0.0,-9338.0,0.0,-0.0907125347104655,0.0,0.0,0.111,0.0125,0.0,0.0,0.0,0,False,0,False,False,False,True,0.4483862672970702,False,False,True,False,True,True,False,False,False,False,False,False,False,False,False,False,False,False,20.0,25.0,61.172161172161175,0.0,-0.6455749613666265,False,False,False,False,False,False,False,-1.0,False,4,False,False,316.7369631365712,15.1,3,False,3,False,True,True,True,"ema60_gt_ema120, avoid_chase, liquidity_ok, adx_trending",,"close_below_ema20, close_below_swing_low",-60.1,34.2,34.2,16.7,-1.07,False,1518,D
2026-07-29,89.5,89.8,82.6,84.9,1046389,89281019,6143,振曜,,-1.5251477736011625,0.2677154273555949,-1.792863200956757,95.5458758994036,96.4183757605285,100.0722098161772,31.13495031582092,21.629207730265204,3.843462198915072,1469218.65,151356928.95,108.5,88.1,-0.7322775983090575,0.0140622920173436,-0.124742268041237,-0.0363223609534618,88.1,0.5718838720752858,110.87118295962526,98.74000000000017,86.60881704037504,-0.0704307669772316,0.2457197277623068,11.85567010309284,5.209751669584269,91.65999999999984,94.94000000000014,15675976.0,17819788.95,-89.73214285714282,-188.2099209202013,30.65371314661432,92.9,95.3,100877.37483333328,False,-0.1063462888189461,-1768.0,0.0,0.0,0.0,-5291.0,0.0,-0.0183959792222908,0.0,0.0,0.3063,0.2925,0.0,0.0,0.0,0,False,0,False,False,False,False,0.7122078119550144,False,False,True,False,True,True,False,False,True,False,False,False,False,False,False,False,False,False,20.0,25.0,27.797408716136623,0.0,-0.3554995369744478,False,False,False,False,False,False,False,-1.0,False,4,False,False,342.8560836758567,11.5,3,False,3,False,True,True,True,"avoid_chase, liquidity_ok, adx_trending, kd_golden_cross",,"close_below_ema20, close_below_swing_low",-34.0,40.4,40.4,16.7,-0.75,False,1518,D
2026-07-29,191.0,191.5,183.5,185.0,409064,76213158,6146,耕興,,-3.3923730313683222,-3.357844721272727,-0.0345283100955953,192.81883542941912,199.20034166964967,197.4447634144697,38.84444864411891,21.68466507348894,5.710810802143956,450238.05,88671435.3,213.0,185.5,-0.2566299379685731,-0.3255634309602221,-0.0389610389610389,-0.0211640211640211,189.0,0.624664788189905,206.11062547634728,193.4,180.6893745236528,0.169567795242207,0.1314439035816677,12.5,42.26190476190519,189.7,189.9,6781822.0,7456439.05,-95.08196721311477,-106.32504022775107,19.34061242370701,209.375,215.25,100877.37483333328,False,-0.1063462888189461,-20324.0,0.0,0.0,0.0,-1211.0,0.0,0.0673852498579071,0.0,0.0,0.1274,0.005,0.0,0.0,0.0,0,False,0,False,False,False,True,0.9085504879030104,False,False,True,False,True,True,False,True,False,False,False,False,False,False,False,False,False,False,20.0,12.0,15.135135135135137,0.0,-0.4649158629564299,False,False,False,False,False,False,False,-1.0,False,5,False,False,480.50651452355294,22.2,5,False,3,True,True,True,True,"ema60_gt_ema120, avoid_chase, liquidity_ok, adx_trending, stronger_than_market",,"macd_death_cross, close_below_ema20, close_below_swing_low",103.6,78.6,78.6,16.7,-0.52,False,1518,D
2026-07-29,29.55,30.15,28.15,29.0,1222764,35177620,6126,信音,,-1.8963760800077336,-1.6364592668376372,-0.2599168131700966,32.4659559594389,34.39461961428956,33.97893974466472,31.876158872005632,32.81353438255711,1.583102059708482,1036192.2,34848116.65,36.35,29.4,-1.159528210966774,-0.147880320173202,-0.080824088748019,-0.0136054421768706,29.4,0.904478876620388,37.42354566541705,32.739999999999874,28.0564543345827,0.1007298458072422,0.286105416335809,21.79487179487184,18.832689380634594,30.229999999999563,30.704999999999742,101726594.0,104889778.05,-88.96103896103894,-118.25446243254451,14.31839607392932,39.5875,37.55,100877.37483333328,False,-0.1063462888189461,-276193.0,0.0,0.0,0.0,-14551.0,0.0,0.025522200070927,0.0,0.0,0.5902,0.0252,0.0,0.0,0.0,0,False,0,False,False,False,True,1.1800552059743357,False,False,True,False,True,False,False,True,True,False,False,False,False,False,False,False,False,False,10.0,12.0,25.344827586206904,0.0,-0.1712453851519177,False,False,False,False,False,False,False,-1.0,False,5,False,False,481.74560743792034,23.1,8,False,3,False,True,True,True,"ema60_gt_ema120, avoid_chase, adx_trending, stronger_than_market, kd_golden_cross",,"close_below_ema20, close_below_swing_low",104.9,79.0,79.0,16.7,-0.19,False,1518,D
2026-07-29,53.5,54.1,49.8,51.9,466848,23834205,6150,撼訊,,-2.527740990617147,-1.8800265122189448,-0.6477144783982016,58.28095429823191,61.22506245019767,62.53410591703681,30.216028781586843,24.60865224892645,2.685615673550642,216909.7,12733249.6,63.5,52.9,-0.8724564156392925,-0.3735251718463365,-0.1128205128205128,-0.0189035916824196,52.9,1.2248503053765452,65.7093707183707,59.09500000000007,52.48062928162943,-0.0438914982506805,0.2238555112402277,20.792079207920803,14.154089827587086,54.80000000000073,56.39000000000051,-11599916.0,-10475875.85,-84.21052631578947,-177.65412684972364,27.069673174969594,67.85,68.35,100877.37483333328,False,-0.1063462888189461,136000.0,4.0,0.0,0.0,-1239.0,0.0,-0.0064742240015667,0.0,0.0,-0.3019,0.276,0.0,0.0,0.0,0,False,0,False,False,False,False,2.152268893461196,True,False,True,False,True,False,True,False,True,False,False,False,False,False,False,False,False,False,10.0,25.0,22.35067437379577,0.0,-0.2810579173240933,True,False,False,False,False,False,False,-1.0,False,5,False,False,388.14999392672286,37.3,3,False,3,False,True,True,True,"volume_break, avoid_chase, foreign_buy_3d, adx_trending, kd_golden_cross",,"close_below_ema20, close_below_swing_low",11.3,54.6,54.6,16.7,0.97,False,1518,D
2026-07-29,139.5,139.5,126.0,126.0,29128988,3815723909,6147,頎邦,,-20.88919475281773,-15.08707805203013,-5.8021167007876,180.9117114183759,190.4878744338076,162.54974354510986,30.24312021699933,20.72487793611994,17.0998916363353,32451919.65,6073957762.6,219.0,139.5,-2.346337742168626,-0.3963415308494185,-0.3368421052631579,-0.0967741935483871,139.5,0.9037347413857978,238.9651081798092,186.275,133.5848918201908,-0.0719764305124098,0.565723883288785,0.0,6.720430107527136,150.8,165.75,107513132.0,282681182.2,-100.0,-175.3243396909083,28.56465516148539,243.75,204.5,100877.37483333328,False,-0.1063462888189461,7083935.0,5.0,-1728000.0,0.0,-487848.0,0.0,-0.2304958164442118,0.0,0.0,0.2706,0.0603,0.0,0.0,0.0,0,False,2,False,False,False,True,0.8976044657499946,False,False,True,False,True,True,True,False,False,False,False,False,False,False,False,False,False,False,20.0,25.0,73.80952380952381,0.0,-1.428327114605715,True,False,False,False,False,False,False,-1.0,False,5,False,False,421.8361192822313,20.4,3,False,3,False,True,True,True,"ema60_gt_ema120, avoid_chase, liquidity_ok, foreign_buy_3d, adx_trending",,"close_below_ema20, close_below_swing_low",45.0,64.6,64.6,16.7,-0.53,False,1518,X
2026-07-29,13.5,13.65,13.45,13.5,71741,968500,6154,順發,,-0.0329026236094236,-0.0101052656529697,-0.0227973579564538,13.689131911950083,13.637774477035936,13.586307194670963,42.45662737172185,10.986824508563124,0.1940547038756159,36577.2,500645.25,14.0,13.55,-0.0941777579238604,0.0945132726580252,-0.0145985401459853,-0.0073529411764705,13.6,0.8690867455298347,13.97768197454648,13.71999999999998,13.46231802545348,0.0731172108814293,0.0375629700505102,12.500000000000169,42.26190476190519,13.640000000000054,13.634999999999993,133999.0,171784.3,-90.9090909090908,-142.3220973782782,42.67838854609399,13.825,13.525,100877.37483333328,False,-0.1063462888189461,-10000.0,0.0,0.0,0.0,0.0,0.0,0.0917477486729607,0.0,0.0,-0.0132,0.0333,0.0,0.0,0.0,0,False,0,False,False,False,True,1.9613584418708925,True,False,False,False,True,False,False,True,False,False,False,False,False,False,False,False,False,True,20.0,25.0,3.7037037037037033,0.0,-0.1905019431007116,False,False,False,False,False,False,False,-1.0,False,4,False,False,397.3275611015004,42.6,5,False,3,False,True,True,True,"ema60_gt_ema120, volume_break, avoid_chase, stronger_than_market",,"close_below_ema20, close_below_swing_low",20.4,57.8,57.8,16.7,0.74,False,1518,D
2026-07-29,34.3,34.3,32.25,32.9,315969,10468533,6151,晉倫,,-1.6058761516020257,-1.2868060366183274,-0.3190701149836981,36.958766420214666,38.255392094924645,36.70540253114103,25.82076770192991,27.82972122992356,1.4021072905947318,229330.3,8610670.05,40.35,34.5,-0.8749955499755935,-0.2745015225549767,-0.0784313725490197,-0.0463768115942029,34.5,1.2513700607684382,41.39257417169936,37.39000000000006,33.38742582830076,-0.0608890438242422,0.2140986451831663,13.131313131313094,16.065080613704897,34.95999999999985,35.62000000000008,13239821.0,14310249.85,-90.64748201438852,-164.15094339622615,17.203620556722754,43.35,41.65,100877.37483333328,False,-0.1063462888189461,-45991.0,0.0,0.0,0.0,9999.0,3.0,0.0279149162699263,0.0,0.0,0.1604,-0.0367,0.0,0.0,0.0,0,False,0,False,False,False,True,1.3777900260017977,False,False,True,False,True,False,False,True,False,False,False,True,False,False,False,False,False,False,20.0,25.0,22.64437689969606,0.0,-0.4702897400100211,False,False,False,False,False,False,False,-1.0,False,5,False,False,498.1344233798977,25.6,3,False,3,False,True,True,True,"ema60_gt_ema120, avoid_chase, adx_trending, stronger_than_market, dealer_buy_3d",,"close_below_ema20, close_below_swing_low",121.3,82.1,82.1,16.7,0.04,False,1518,D
2026-07-29,21.5,21.5,19.4,20.35,2279252,45708088,6156,松上,,-0.7889929249430772,0.0977584990362969,-0.8867514239793741,24.275115996588664,23.40293148871533,22.539800183849927,32.52866551342929,25.630377170465195,1.664391229233179,4359671.95,127284858.65,32.0,21.2,-2.1265411544657384,0.6555534260574084,-0.1608247422680412,-0.0400943396226414,21.2,0.2725294774556694,32.62738051713928,26.114999999999963,19.60261948286065,0.0573815147297053,0.4987463539834826,15.57377049180332,9.992868949286276,22.15,23.340000000000053,9337351.0,19821237.8,-90.6862745098039,-137.39039544741885,38.06524459857634,22.425,22.3,100877.37483333328,False,-0.1063462888189461,670000.0,6.0,0.0,0.0,-1952.0,0.0,-0.054478453449095,0.0,0.0,0.5551,0.0658,0.0,0.0,0.0,0,False,0,False,False,False,True,0.522803556354739,False,False,True,False,True,True,True,False,True,False,False,False,False,False,False,False,False,False,20.0,25.0,57.24815724815724,0.0,-0.5278120763447257,True,False,False,False,False,False,False,-1.0,False,6,False,False,523.8942906474107,12.3,3,False,3,False,True,True,True,"ema60_gt_ema120, avoid_chase, liquidity_ok, foreign_buy_3d, adx_trending, kd_golden_cross",,"close_below_ema20, close_below_swing_low",147.0,85.2,85.2,16.7,-0.98,False,1518,D
2026-07-29,17.6,17.6,16.4,17.15,101110,1716378,6158,禾昌,,-0.1224624442977919,0.0205069992978494,-0.1429694435956414,18.05148007242818,18.25315091693129,18.939889331127645,34.41104079767541,21.717501016931,0.6129675893000439,139996.4,2635972.6,19.45,17.7,-0.3553729872167293,-0.0073674557760001,-0.052486187845304,-0.0310734463276836,17.7,0.2447548172394274,19.819384584206883,18.3724999999999,16.925615415792915,0.0775405953786096,0.1575054656913312,35.71428571428569,29.392446633826086,17.73999999999978,17.92499999999991,-3854571.0,-3574462.0,-74.5762711864407,-132.91742483320334,13.904499365693797,17.7875,19.5,100877.37483333328,False,-0.1063462888189461,3000.0,1.0,0.0,0.0,0.0,0.0,0.0538601009736421,0.0,0.0,0.1997,0.187,0.0,0.0,0.0,0,False,0,False,False,False,False,0.7222328574163336,False,False,True,False,True,False,False,True,True,False,False,False,False,False,False,False,False,False,0.0,25.0,13.411078717201171,0.0,-0.7799573303095443,False,False,False,False,False,False,False,-1.0,False,4,False,False,427.8628406104488,20.9,5,False,3,False,True,True,True,"avoid_chase, adx_trending, stronger_than_market, kd_golden_cross",,"close_below_ema20, close_below_swing_low",51.0,65.8,65.8,16.7,-0.74,False,1518,D
2026-07-29,14.75,14.75,13.7,13.9,80290,1126179,6160,欣技,,-0.5164412134596645,-0.3694285714029761,-0.1470126420566884,15.442772588683926,16.05771178471563,16.60346616947989,27.565067422981784,13.401475253596857,0.7085947172962164,76391.2,1191155.55,16.7,14.45,-0.7665664101981734,-0.1237884618687028,-0.0915032679738562,-0.0380622837370241,14.45,1.1314056233076124,17.17172852858853,15.644999999999936,14.11827147141134,-0.0714833931914286,0.1951714322260916,9.302325581395396,14.926172019195292,14.799999999999818,15.009999999999945,-2278106.0,-1846457.05,-93.65079365079362,-174.5338790359251,15.109714708914552,17.0,16.799999999999997,100877.37483333328,False,-0.1063462888189461,-3000.0,0.0,0.0,0.0,597.0,2.0,0.0148430208450899,0.0,0.0,-0.4335,-0.1164,0.0,0.0,0.0,0,False,0,False,False,False,False,1.051037292253558,False,False,False,False,True,False,False,True,False,False,False,False,False,False,False,False,False,False,20.0,25.0,20.143884892086323,0.0,-1.2951996323435784,False,False,False,False,True,False,False,-1.0,False,2,True,False,154.96797733441264,18.4,3,False,3,False,True,True,True,"avoid_chase, stronger_than_market",open_high_close_low,"close_below_ema20, close_below_swing_low",-221.9,3.2,3.2,16.7,-0.35,False,1518,D
2026-07-29,47.1,47.25,44.35,45.8,378531,17290908,6161,捷波,,-1.198012921327127,-0.5937048366552352,-0.6043080846718917,50.85542443645221,50.643223776751285,48.88229471115043,37.22167924999746,14.41186589151961,2.5147209188887114,266945.8,14057322.35,58.3,47.1,-0.7476157580052754,0.0844718414448491,-0.1089494163424125,-0.0347734457323499,47.45,0.8001237222084492,57.99907637306041,51.89250000000002,45.78592362693963,0.0011525585041782,0.2353548729801181,14.572864321608003,23.738335771165413,49.32999999999993,49.475,16480871.0,17067499.9,-86.87782805429867,-177.0664748546427,42.56311961944501,53.925,52.425,100877.37483333328,False,-0.1063462888189461,60000.0,2.0,0.0,0.0,-398.0,0.0,-0.0026031275234663,0.0,0.0,0.4267,-0.0329,0.0,0.0,0.0,0,False,0,False,False,False,True,1.4180069512238065,False,False,False,False,True,False,False,False,False,False,False,False,False,False,False,False,False,False,20.0,25.0,27.292576419213976,0.0,-0.1786636573393807,True,False,False,False,False,False,False,-1.0,False,2,False,False,207.0361056241655,23.7,3,True,3,False,True,True,True,"ema60_gt_ema120, avoid_chase",,"close_below_ema20, close_below_swing_low",-169.8,7.9,7.9,16.7,0.09,False,1518,D
2026-07-29,38.75,39.65,35.05,37.25,2195149,80336123,6163,華電網,,-2.838481896931292,-2.469003280489816,-0.3694786164414756,43.45113749586393,48.70401581374461,49.845160936032,31.55810194833694,35.22600093341945,2.761434847982498,1697165.15,74098787.1,49.5,38.6,-1.2620089768672762,-0.5879523401718284,-0.1296728971962616,-0.0349740932642487,38.6,0.735263689894974,51.12288555290859,44.02250000000004,36.92211444709148,0.0230892780726679,0.3225798422583247,18.33333333333336,18.47066167290905,40.67999999999993,41.13999999999978,243100313.0,250436376.2,-81.89300411522632,-149.96856291517457,29.642802798074783,52.125,61.35,100877.37483333328,False,-0.1063462888189461,666000.0,3.0,0.0,0.0,-27022.0,0.0,-0.0233266083773154,0.0,0.0,0.6138,0.1885,0.0,0.0,0.0,0,False,0,False,False,False,False,1.2934209732034625,False,False,True,False,True,True,True,False,False,False,False,False,False,False,False,False,False,False,20.0,25.0,32.88590604026846,0.0,-0.6809582519318511,True,False,False,False,False,False,False,-1.0,False,4,False,False,404.7627107088524,21.0,8,False,3,False,True,True,True,"avoid_chase, liquidity_ok, foreign_buy_3d, adx_trending",,"close_below_ema20, close_below_swing_low",27.9,60.0,60.0,16.7,-0.06,False,1518,D
2026-07-29,25.45,25.55,24.6,25.3,52910,1329732,4190,佐登-KY,,0.2554492286296579,0.3134805571896589,-0.058031328560001,25.76658014200515,25.65816723555478,26.6413446190782,47.05217002638547,33.36523936416305,0.8926741243666225,39153.6,1008311.3,27.1,25.25,0.1374452950748033,0.1044078457760993,-0.0343511450381679,-0.0058939096267189,25.45,0.8189121077293194,26.960727032445376,25.86000000000022,24.759272967555063,0.2456226732452304,0.0851297008851622,26.92307692307692,43.032329988851416,26.13000000000029,26.05500000000029,-1387677.0,-1366079.8,-73.07692307692308,-111.74911660777435,36.85745413942723,25.2625,25.75,100877.37483333328,False,-0.1063462888189461,13100.0,1.0,0.0,0.0,-1000.0,0.0,0.0719951437807782,0.0,0.0,-0.0832,-0.0889,0.0,58.62,-0.02,0,False,0,False,False,False,False,1.3513444485309145,False,False,True,False,True,False,False,True,False,False,False,False,False,False,False,False,False,True,10.0,0.0,7.114624505928855,0.0,-0.1463100962349998,False,False,False,False,False,False,False,-1.0,False,3,False,False,336.7577233304892,30.6,10,False,3,True,True,False,True,"avoid_chase, adx_trending, stronger_than_market",,"macd_death_cross, close_below_ema20",-40.1,39.1,39.1,16.7,0.01,False,1518,D
2026-07-29,16.25,16.25,15.15,15.65,144117,2222988,4195,基米-創,,-0.3139607867508331,-0.2622826993594467,-0.0516780873913864,16.480749999911914,18.33937522333456,20.49501650995627,37.89849621586459,21.59585857735137,0.8185709746890517,276036.95,4691507.65,18.45,15.9,-0.3560708510671302,-0.5779254561972076,-0.0628742514970058,-0.0157232704402515,15.9,0.7539363591573576,18.18346804606716,16.739999999999828,15.296531953932496,0.1224370872048445,0.1724573531741154,30.303030303030297,31.37806637806595,16.039999999999782,16.3449999999998,9612922.0,10058980.95,-83.60655737704917,-118.82716049382734,21.92068632692664,16.8125,26.1,100877.37483333328,False,-0.1063462888189461,9400.0,2.0,0.0,0.0,1527.0,1.0,0.0434720373219402,0.0,0.0,0.1118,0.4441,0.0,1.01,0.01,0,False,0,False,False,False,False,0.5220931473123435,False,False,True,False,True,False,False,True,False,False,False,False,False,False,False,False,False,False,0.0,12.0,17.891373801916927,0.0,-0.1729213047600455,True,False,False,False,True,False,False,-1.0,False,3,True,False,330.14587581600284,21.9,3,False,3,False,True,True,True,"avoid_chase, adx_trending, stronger_than_market",open_high_close_low,"close_below_ema20, close_below_swing_low",-46.7,37.6,37.6,16.7,-0.98,False,1518,D
2026-07-29,14.2,14.35,13.8,14.05,1933486,27141243,4306,炎洲,,-0.3061581275086595,-0.172647584791957,-0.1335105427167025,14.861711574402548,14.798646012577183,14.499220219803751,33.84942430870382,28.07058595400037,0.4013960834859916,1687846.15,25912802.35,16.55,14.2,-0.8055828661134794,0.2440079491980509,-0.0343642611683848,-0.01056338028169,14.2,0.7710200224467267,16.71073014705022,15.122499999999992,13.534269852949762,0.162360016905638,0.2100486225227614,20.0,15.274725274724917,14.39999999999991,14.539999999999964,-14916230.0,-8882492.0,-88.3720930232558,-100.29772261531896,26.345031487365706,15.275,14.775,100877.37483333328,False,-0.1063462888189461,394090.0,2.0,0.0,0.0,45000.0,1.0,0.0719820276505612,0.0,0.0,0.199,-0.0804,0.0,7.09,0.03,0,False,0,False,False,False,True,1.1455345026559445,False,False,True,False,True,False,False,True,True,False,False,False,False,False,False,False,False,False,10.0,12.0,17.79359430604982,0.0,-0.3945201894456118,True,False,False,False,False,False,False,-1.0,False,5,False,False,528.7211027532121,25.5,7,False,3,False,True,True,True,"ema60_gt_ema120, avoid_chase, adx_trending, stronger_than_market, kd_golden_cross",,"close_below_ema20, close_below_swing_low",151.8,85.7,85.7,16.7,-0.24,False,1518,D
2026-07-29,8.8,8.8,8.3,8.57,407827,3463931,4414,如興,,-0.0328296699828438,-0.0331497433750283,0.0003200733921844,8.571291624355302,8.89686542030538,9.346085114567108,49.17322016215789,12.849934832004273,0.2522820693119186,273319.25,2405379.3,9.36,8.41,-0.2584452491304054,-0.1296283509475187,0.0130023640661938,0.0082352941176471,8.5,0.7414846746748294,9.10900755933366,8.645999999999981,8.182992440666304,0.417927905853898,0.1071032984810729,53.99999999999992,50.43243243243281,8.546000000000003,8.528999999999996,-7750563.0,-8093297.65,-53.448275862069046,-38.09347410014191,48.60273456174219,8.6625,9.785,100877.37483333328,False,-0.1063462888189461,139600.0,3.0,0.0,0.0,1000.0,1.0,0.1193486528851399,0.0,0.0,0.2722,0.0906,0.0,26.53,0.06,0,False,0,True,True,False,False,1.4921268809277064,False,False,False,False,True,False,True,True,True,True,False,False,False,False,False,False,False,True,0.0,0.0,9.218203033838964,0.0,0.1772927985824506,True,False,False,False,True,False,False,-1.0,False,7,True,False,712.0487823922665,39.7,5,False,3,False,True,False,True,"macd_golden_cross, avoid_chase, hist_turn_positive, foreign_buy_3d, stronger_than_market, kd_golden_cross, obv_uptrend",open_high_close_low,close_below_ema20,335.2,97.0,97.0,16.7,0.18,False,1518,D
2026-07-29,62.1,62.1,59.1,61.0,64054,3877077,4438,廣越,,0.1257067451501043,0.2149545468575148,-0.0892478017074104,60.9956376343701,60.76361976597409,62.54016418958792,50.74002138147522,16.0390787150322,1.3179147245197578,48998.25,2995202.9,62.6,60.7,-0.0234771201920873,0.0945004821720693,0.0049423393739702,0.0032894736842106,60.8,0.5672483393494094,62.62960241766589,61.21499999999978,59.80039758233367,0.4240069162491245,0.0462175093577102,63.333333333333286,51.20370370370438,60.95999999999913,61.08999999999978,-2172389.0,-2228977.6,-51.2820512820513,-50.18770993874873,36.018162107801594,60.875,59.55,100877.37483333328,False,-0.1063462888189461,24000.0,4.0,0.0,0.0,-25.0,0.0,0.1112886281929164,0.0,0.0,0.0715,0.2384,0.0,1.83,-0.01,0,False,0,False,False,True,False,1.3072711780522774,False,False,False,False,True,False,True,True,False,True,False,False,False,False,False,False,False,False,0.0,0.0,2.6229508196721336,8.0,0.2093443919838767,True,False,True,False,True,False,False,-1.0,False,5,True,False,538.5848444843292,33.6,5,False,3,False,False,False,False,"avoid_chase, foreign_buy_3d, stronger_than_market, obv_uptrend, above_ichimoku_cloud",open_high_close_low,,161.7,87.1,87.1,16.7,-0.04,False,1518,D
2026-07-29,8.3,8.3,7.97,7.97,265717,2142400,4426,利勤,,0.0126268412515475,0.0467114981345661,-0.0340846568830186,8.215366084560806,8.254008213533615,8.5507674575218,43.96047679288613,15.307185513332607,0.2590445473938286,324397.95,2810741.9,9.0,8.15,-0.2000424097886592,0.0871537044187611,-0.0280487804878047,-0.0220858895705522,8.15,0.6710986431411017,8.794256213986191,8.316499999999973,7.838743786013755,0.13736735404349,0.1148935763809822,0.0,21.856060606060662,8.213999999999942,8.261999999999944,-4979972.0,-4500893.85,-100.0,-106.32034632034669,29.451580278566524,8.334999999999999,8.55,100877.37483333328,False,-0.1063462888189461,78000.0,4.0,0.0,0.0,0.0,0.0,0.0782975083311413,0.0,0.0,0.0275,0.0062,0.0,2.19,0.03,0,False,0,False,False,False,False,0.8191081355477122,False,False,False,False,True,False,True,True,False,False,False,False,False,False,False,False,False,False,20.0,12.0,12.923462986198247,0.0,-0.4698167101714171,True,False,False,False,False,False,False,-1.0,False,3,False,False,364.55328083342016,24.1,5,False,3,False,True,True,True,"avoid_chase, foreign_buy_3d, stronger_than_market",,"close_below_ema20, close_below_swing_low",-12.3,45.8,45.8,16.7,-0.63,False,1518,D
2026-07-29,100.0,100.0,97.0,99.2,17586,1726687,4439,冠星-KY,,1.9138808394505984,2.269730634484438,-0.3558497950338393,98.73225476825742,95.93052351210784,95.45510583564658,54.45873081489149,35.24977901486861,2.7674577814049863,44669.5,4595608.55,107.5,99.7,0.5058629062002997,0.1000142652035595,-0.0178217821782178,-0.008,100.0,0.1031841077187364,108.75492950629912,98.825,88.89507049370087,0.5188823092732993,0.200959868581819,40.00000000000005,27.687400318979297,100.0800000000003,100.39000000000014,944757.0,792839.1,-87.05882352941175,2.4654422560180578,73.44178110466284,90.975,95.5,100877.37483333328,False,-0.1063462888189461,1700.0,3.0,0.0,0.0,-5.0,0.0,0.0885245066407283,0.0,0.0,0.2822,0.0932,0.0,61.4,-0.01,0,False,0,False,False,True,True,0.3936914449456564,False,False,True,False,True,False,True,True,False,True,False,False,False,False,False,False,True,False,0.0,0.0,8.366935483870964,0.0,0.680685425960407,True,False,True,False,False,False,False,-1.0,False,8,False,False,762.1051395609815,25.0,12,False,3,False,False,True,True,"ema60_gt_ema120, avoid_chase, foreign_buy_3d, adx_trending, stronger_than_market, obv_uptrend, mfi_strong, above_ichimoku_cloud",,close_below_swing_low,385.2,98.4,98.4,16.7,-1.14,False,1518,D
2026-07-29,17.6,17.6,17.2,17.35,74001,1278737,4440,宜新實業,,-0.0461050944284338,-0.0317917355159373,-0.0143133589124964,17.447919178801428,17.55909494690235,17.6299058340863,47.149326526403335,15.900144990684458,0.2989020857553673,446448.2,8086249.45,18.25,17.25,-0.0990268436347203,-0.0917063945518436,0.0057971014492754,0.0028901734104047,17.3,1.2322283541237615,18.14427376821433,17.525000000000045,16.90572623178576,0.3587054635749654,0.0706731832484203,37.500000000000334,32.5,17.390000000000146,17.420000000000073,7159808.0,6941848.95,-79.31034482758615,-36.17382859917474,49.28498532736454,17.7625,18.55,100877.37483333328,False,-0.1063462888189461,200.0,2.0,0.0,0.0,0.0,0.0,0.1121433902682216,0.0,0.0,-0.2228,-0.1983,0.0,1.85,0.76,0,False,0,False,False,False,False,0.1657549520862666,False,False,False,False,True,False,False,True,True,True,False,False,False,False,False,False,False,False,0.0,0.0,5.187319884726216,0.0,0.0810502322223759,True,False,False,False,False,False,False,-1.0,False,4,False,False,387.6301523075312,26.9,5,False,3,False,True,False,True,"avoid_chase, stronger_than_market, kd_golden_cross, obv_uptrend",,close_below_ema20,10.8,54.3,54.3,16.7,-1.41,False,1518,X
2026-07-29,175.0,176.5,168.5,173.0,130750,22454249,4441,振大環球,,-5.525723199683625,-5.308479583399062,-0.2172436162845636,180.802958439897,191.9581002332393,204.84175258543831,32.71736368893464,26.03020788916668,5.186779615467255,101321.4,18187831.95,191.5,174.0,-0.6045483137990013,-0.2912343058258904,-0.0057471264367816,-0.0057471264367816,174.0,0.532986913639334,195.5071442453636,181.725,167.94285575463638,0.183467251370006,0.1516813233772305,42.85714285714285,28.388278388278195,175.1,175.6,470368.0,839571.5,-79.54545454545455,-97.62603360896247,25.170616784973205,201.5,200.5,100877.37483333328,False,-0.1063462888189461,-4991.0,0.0,0.0,0.0,2000.0,6.0,0.1005991623821644,0.0,0.0,-0.0351,0.8777,0.0,1.28,-0.04,0,False,0,False,False,False,False,1.2904480198654973,False,False,True,False,True,False,False,True,True,False,False,True,False,False,False,False,False,False,0.0,12.0,10.69364161849711,0.0,-1.102988897015779,False,False,False,False,False,False,False,-1.0,False,5,False,False,496.66861343446567,32.9,7,False,3,False,True,True,True,"avoid_chase, adx_trending, stronger_than_market, kd_golden_cross, dealer_buy_3d",,"close_below_ema20, close_below_swing_low",119.8,81.6,81.6,16.7,-0.06,False,1518,D
2026-07-29,24.25,24.25,22.95,23.35,2432868,56704774,4532,瑞智,,-0.4087537588307341,-0.0853832340698637,-0.3233705247608704,24.980039301082943,24.96776523340185,24.866467719013567,34.39349872842379,20.521683170347792,0.8152757952036809,2826509.3,76947929.8,29.1,23.95,-1.1076238002309888,0.1993445214053827,-0.0527383367139958,-0.0250521920668057,23.95,0.3539788215024765,29.43221641973041,25.894999999999936,22.357783580269466,0.1402538468095971,0.2731968657833931,17.021276595744762,14.056111806424571,24.109999999999854,24.43999999999978,-9486196.0,-2949.15,-91.4893617021276,-104.68870639432848,16.44416016869762,24.3125,24.5,100877.37483333328,False,-0.1063462888189461,-1000000.0,0.0,0.0,0.0,-4037.0,0.0,0.0536079521049502,0.0,0.0,0.288,-0.025,0.0,18.47,-0.17,0,False,0,False,False,False,True,0.8607323527999714,False,False,True,False,True,True,False,True,True,False,False,False,False,False,False,False,False,False,20.0,12.0,24.625267665952887,0.0,-0.9248209376905554,False,False,False,False,False,False,False,-1.0,False,6,False,False,554.509472275713,20.8,5,False,3,False,True,True,True,"ema60_gt_ema120, avoid_chase, liquidity_ok, adx_trending, stronger_than_market, kd_golden_cross",,"close_below_ema20, close_below_swing_low",177.6,88.9,88.9,16.7,-0.58,False,1518,D
2026-07-29,166.0,169.0,165.0,167.0,532833,88629614,4536,拓凱,,0.0759392069099078,0.5818891079943899,-0.505949901084482,166.44336391646536,163.88256977391563,163.47906287930712,52.18063842260531,19.062759894996816,3.672824104240248,442087.0,74539502.35,175.0,163.5,-0.2382156352360837,0.1783101917351453,0.0090634441087613,0.0090634441087613,165.5,0.8272548186596135,175.21055553385332,168.1,160.9894444661467,0.4226502068113456,0.0845991140256196,73.33333333333333,57.333333333333336,165.5,165.1,-2952694.0,-3601682.55,-57.69230769230769,-27.55376344086036,45.614991345610726,161.25,157.5,100877.37483333328,False,-0.1063462888189461,310213.0,7.0,0.0,0.0,1875.0,3.0,0.1154097329277075,0.0,0.0,0.1004,0.111,0.0,13.54,0.53,0,False,0,False,False,True,True,1.2052672890177725,False,False,False,False,True,True,True,True,False,True,False,True,False,False,False,False,False,True,-10.0,0.0,4.790419161676647,0.0,0.5006283178964197,True,False,True,False,False,False,False,-1.0,False,8,False,False,763.0602127049348,32.2,5,False,3,False,False,False,False,"ema60_gt_ema120, avoid_chase, liquidity_ok, foreign_buy_3d, stronger_than_market, obv_uptrend, dealer_buy_3d, above_ichimoku_cloud",,,386.2,98.4,98.4,16.7,-0.16,False,1518,D
2026-07-29,29.15,29.3,26.3,27.55,3136138,85562384,4526,東台,,-2.735739675151649,-2.0286570456060624,-0.7070826295455865,33.654682324633754,36.19799189923216,35.82212457162341,25.45615845934907,35.40414913567517,2.051899098243465,3522039.6,133244248.35,42.0,28.95,-2.130908325287989,-0.2725455599171668,-0.1390624999999999,-0.0483592400690845,28.95,0.4279710761906919,43.69517294300606,34.967499999999745,26.23982705699344,0.0750585494874919,0.4991876996071423,15.432098765432103,8.031081461032954,29.809999999999853,31.204999999999742,319913419.0,332943430.3,-89.83739837398373,-130.59122234312656,26.204886595171388,40.5625,38.925,100877.37483333328,False,-0.1063462888189461,-63534.0,0.0,0.0,0.0,-9226.0,0.0,-0.0327162111810538,0.0,0.0,0.2668,-0.2296,0.0,6.53,-0.59,0,False,0,False,False,False,True,0.8904323506186586,False,False,True,False,True,True,False,False,True,False,False,False,False,False,False,False,False,False,20.0,25.0,52.45009074410163,0.0,-0.7290528375737255,False,False,False,False,False,False,False,-1.0,False,5,False,False,430.15568945530185,13.8,8,False,3,False,True,True,True,"ema60_gt_ema120, avoid_chase, liquidity_ok, adx_trending, kd_golden_cross",,"close_below_ema20, close_below_swing_low",53.3,66.3,66.3,16.7,-0.54,False,1518,D
2026-07-29,47.8,49.0,43.0,44.95,2076154,93313487,4540,全球傳動,,-3.5645432764703173,-2.8339257073975723,-0.730617569072745,53.77735134441717,57.551234852792014,55.279275679700135,29.243947195974712,21.52172104293836,3.4467689354731306,2409625.0,141879605.55,64.0,47.65,-1.503478678843434,-0.6326509662596391,-0.1582397003745317,-0.0566631689401887,47.65,0.4788647606875869,65.7585208928029,55.25249999999996,44.74647910719703,0.0096859170031918,0.3802912408597963,15.234375000000025,16.891217161929188,49.32000000000007,50.92500000000018,221192956.0,226172768.25,-89.99999999999999,-150.26861089792814,28.48451193059012,66.725,62.225,100877.37483333328,False,-0.1063462888189461,482000.0,3.0,0.0,0.0,2791.0,1.0,-0.0518934115555855,0.0,0.0,0.3082,0.3695,0.0,3.99,-0.1,0,False,0,False,False,False,True,0.8616087565492556,False,False,True,False,True,True,True,False,False,False,False,False,False,False,False,False,False,False,20.0,25.0,42.38042269187986,0.0,-0.1997150799678622,True,False,False,False,False,False,False,-1.0,False,5,False,False,436.21950660587817,11.5,3,False,3,False,True,True,True,"ema60_gt_ema120, avoid_chase, liquidity_ok, foreign_buy_3d, adx_trending",,"close_below_ema20, close_below_swing_low",59.3,67.5,67.5,16.7,-0.58,False,1518,D
2026-07-29,168.5,169.0,151.0,160.5,1615678,256019472,4551,智伸科,,-8.774792710497081,-1.5642397066417917,-7.21055300385529,193.86612017449096,184.05937640320408,165.69251825710813,33.78489986859174,22.78956406617296,15.498598471017388,1504508.05,327274778.25,282.0,167.0,-2.51212535460245,0.7775035045143049,-0.1181318681318681,-0.0389221556886227,167.0,0.5842510099314167,276.8277962383784,209.325,141.8222037616216,0.1383483150269797,0.644956849285832,20.87912087912088,16.68339890562129,176.3,181.15,34177935.0,42675851.9,-90.3061224489796,-115.57983649114654,17.158119805188434,182.875,181.25,100877.37483333328,False,-0.1063462888189461,766000.0,4.0,0.0,0.0,-8751.0,0.0,-0.011785579312922,0.0,0.0,0.3066,-0.014,0.0,59.15,0.44,0,False,0,False,False,False,True,1.073891229761117,False,False,True,False,True,True,True,False,True,False,False,False,False,False,False,False,False,False,10.0,12.0,75.70093457943925,0.0,-1.1614866383925129,True,False,False,False,False,False,False,-1.0,False,6,False,False,493.801072636901,21.7,3,False,3,False,True,True,True,"ema60_gt_ema120, avoid_chase, liquidity_ok, foreign_buy_3d, adx_trending, kd_golden_cross",,"close_below_ema20, close_below_swing_low",116.9,81.2,81.2,16.7,-0.32,False,1518,D
2026-07-29,18.55,18.55,17.3,17.5,802166,14044350,4552,力達-KY,,-0.5553301913203654,-0.4121922924145097,-0.1431378989058557,19.20258718212333,20.04401284394968,20.81865427483936,20.638692051046164,29.178894664458348,0.4663850685840492,129243.55,2424643.75,20.1,18.35,-0.525292780456103,-0.0977745930391139,-0.0837696335078534,-0.0463215258855587,18.35,1.5487144625992375,20.58706047141245,19.307500000000022,18.0279395285876,-0.2062972170454921,0.1325454327502185,7.407407407407383,7.930369531954057,18.489999999999963,18.84500000000008,-2795882.0,-1398813.15,-92.59259259259262,-231.01343101343147,10.28375747542198,20.725,20.55,100877.37483333328,False,-0.1063462888189461,184000.0,1.0,0.0,0.0,1000.0,4.0,0.0225766553110926,0.0,0.0,-0.1652,-0.2003,0.0,42.68,0.1,0,False,0,False,False,False,False,6.206623077128413,True,False,True,False,True,False,False,True,False,False,False,True,False,False,False,False,False,False,20.0,25.0,14.857142857142868,0.0,-2.0,False,False,False,False,False,False,False,-1.0,False,5,False,False,446.0,54.9,8,False,3,False,True,True,True,"volume_break, avoid_chase, adx_trending, stronger_than_market, dealer_buy_3d",,"close_below_ema20, close_below_swing_low",69.1,70.0,70.0,16.7,5.82,False,1518,D
2026-07-29,43.85,43.85,38.7,40.25,907010,35907271,4555,氣立,,-1.281852977409713,-0.584244624891411,-0.6976083525183019,46.24079031105503,46.18763771962693,44.3882945144562,31.6856226857589,16.448933608008595,2.6678342568984963,338067.6,16060409.4,50.6,42.95,-0.8083927615592903,0.0523762251987408,-0.1325431034482758,-0.0628637951105938,42.95,0.7234806407870094,52.30049600733442,47.260000000000126,42.21950399266584,-0.1953680738760692,0.2133091835520218,12.809917355371883,14.07197571291302,44.19000000000051,45.51000000000022,41026361.0,42632806.05,-87.19008264462812,-217.3402417962001,26.82824483045222,49.5625,48.625,100877.37483333328,False,-0.1063462888189461,389000.0,3.0,0.0,0.0,15754.0,2.0,-0.0261968146293296,0.0,0.0,0.2467,0.0599,0.0,2.92,0.04,0,False,0,False,False,False,True,2.6829249534708444,True,False,False,False,True,False,True,False,False,False,False,False,False,False,False,False,False,False,20.0,25.0,25.71428571428572,0.0,-0.2220562639570376,True,False,False,False,True,False,False,-1.0,False,4,True,False,369.164574367224,47.2,3,False,3,False,True,True,True,"ema60_gt_ema120, volume_break, avoid_chase, foreign_buy_3d",open_high_close_low,"close_below_ema20, close_below_swing_low",-7.7,47.3,47.3,16.7,1.6,False,1518,D
2026-07-29,31.55,31.85,30.8,31.4,328158,10274596,4560,強信-KY,,-0.4785223905494433,-0.2362763133621711,-0.2422460771872722,32.477435272555965,32.945408555714586,33.15024016112896,37.40229185042104,17.715450747307703,0.8462079991242265,214020.45,7009419.25,34.4,31.4,-0.5063477144024484,-0.0913948631180034,-0.0047543581616482,0.0,31.4,1.4994707681526525,35.29733730447193,32.992499999999744,30.68766269552756,0.1545309300335998,0.1397188636491449,18.461538461538417,16.01148784065784,31.44999999999964,32.10499999999956,-4635672.0,-4088328.8,-84.41558441558446,-102.80869104398502,30.48097541274818,32.8375,34.425,100877.37483333328,False,-0.1063462888189461,-9934.0,0.0,0.0,0.0,-4000.0,0.0,0.1015919306572978,0.0,0.0,0.3603,0.0131,0.0,84.27,-0.13,0,False,0,False,False,False,False,1.5333020746381945,True,False,False,False,True,False,False,True,True,False,False,False,False,False,False,False,False,False,20.0,12.0,9.554140127388536,0.0,-0.9046500998321162,False,False,False,False,False,False,False,-1.0,False,4,False,False,446.4772195483965,37.4,5,False,3,False,True,False,True,"volume_break, avoid_chase, stronger_than_market, kd_golden_cross",,close_below_ema20,69.6,70.2,70.2,16.7,0.23,False,1518,D
2026-07-29,50.5,50.7,48.65,50.0,91355,4495567,4557,永新-KY,,0.7767005382442562,0.883055641223051,-0.1063551029787948,50.43088726702066,50.64563372872575,55.39568568096925,49.52933466248714,25.418732489215305,1.5524240217901035,110092.7,5650148.9,53.2,50.0,0.3211428663812136,0.0856825891429048,-0.0439770554493307,0.0,50.0,1.0167706437835802,53.28053974647926,50.437499999999815,47.59446025352037,0.4230577060096374,0.1127351572333862,29.032258064516167,35.9760584194355,51.37999999999956,51.47000000000007,-13035768.0,-13734014.45,-70.2127659574468,-36.54618473895595,17.34066378090847,47.175,50.2,100877.37483333328,False,-0.1063462888189461,-5200.0,0.0,0.0,0.0,1000.0,2.0,0.0623692333696154,0.0,0.0,0.0246,0.0038,0.0,31.14,-0.16,0,False,0,False,False,False,False,0.829800704315545,False,False,True,False,True,False,False,True,False,True,False,False,False,False,False,False,False,False,10.0,0.0,6.400000000000006,0.0,1.5410445680592575,False,False,False,False,False,False,False,-1.0,False,4,False,False,431.79054185986655,21.5,5,False,3,True,True,False,True,"avoid_chase, adx_trending, stronger_than_market, obv_uptrend",,"macd_death_cross, close_below_ema20",54.9,66.5,66.5,16.7,-0.61,False,1518,D
2026-07-29,16.8,16.9,15.8,16.35,2340387,37864176,4564,元翎,,0.0746856009131242,0.5350916759620097,-0.4604060750488854,18.04254489975045,17.63140796115079,17.630950771175375,40.2197564721552,29.755170069093943,1.2445463997379886,5901244.7,115677237.7,21.6,16.65,-0.13222448325581,0.2047371366815268,-0.1256684491978608,-0.0180180180180178,16.65,0.2432799959861567,21.823106690121808,18.655000000000065,15.486893309878322,0.1362180593243392,0.3396522851912872,9.649122807017555,7.435057006844848,17.220000000000073,18.360000000000035,57420819.0,62067681.6,-91.7910447761194,-116.56288916562907,54.43751218392331,15.6875,17.525,100877.37483333328,False,-0.1063462888189461,183100.0,3.0,0.0,0.0,48048.0,6.0,-0.0193221603789146,0.0,0.0,-0.3446,-0.0292,0.0,1.87,-0.42,0,False,0,False,False,False,True,0.3965920952235721,False,False,True,False,True,True,True,False,True,False,False,True,False,False,False,False,True,False,20.0,12.0,32.11009174311926,0.0,-0.2801587960065108,True,False,False,False,False,False,False,-1.0,False,8,False,False,587.6040154001576,16.0,3,False,3,False,True,True,True,"ema60_gt_ema120, avoid_chase, liquidity_ok, foreign_buy_3d, adx_trending, kd_golden_cross, dealer_buy_3d, mfi_strong",,"close_below_ema20, close_below_swing_low",210.7,91.6,91.6,16.7,-1.13,False,1518,D
2026-07-29,30.55,30.55,26.85,28.25,445524,12538761,4562,穎漢,,-1.5969932801603797,-1.3066212731856224,-0.2903720069747573,32.42697605412227,34.713586312832575,36.180315114469366,28.00494312004014,18.349064356494377,1.8289797716136285,509020.1,17890619.7,37.05,29.8,-1.017865647460942,-0.4849026310549217,-0.1226708074534161,-0.0520134228187919,29.8,0.4324285097296717,37.21239369369199,32.94999999999991,28.687606306307828,-0.0513333982916033,0.2587188888432227,22.04724409448816,17.349081364829544,30.5,31.26999999999989,85940460.0,87196058.55,-85.1851851851852,-180.185494707174,42.53617433787085,38.6,37.825,100877.37483333328,False,-0.1063462888189461,147500.0,3.0,0.0,0.0,765.0,3.0,-0.01632451863447,0.0,0.0,-0.2164,0.3005,0.0,1.5,0.01,0,False,0,False,False,False,False,0.8752581676047764,False,False,False,False,True,False,True,False,True,False,False,True,False,False,False,False,False,False,10.0,25.0,31.15044247787609,0.0,-0.3226411787865314,True,False,False,False,True,False,False,-1.0,False,4,True,False,304.88088753060936,14.8,3,False,3,False,True,True,True,"avoid_chase, foreign_buy_3d, kd_golden_cross, dealer_buy_3d",open_high_close_low,"close_below_ema20, close_below_swing_low",-72.0,30.6,30.6,16.7,-0.56,False,1518,D
2026-07-29,71.1,72.6,67.5,69.7,3636147,253298732,4566,時碩工業,,1.7275409961100507,1.1281350855980954,0.5994059105119554,67.5484796128233,65.48066221164515,63.625893559426245,55.22078673808601,15.865835485509995,4.002307005407545,2644498.9,183618599.65,73.3,60.6,0.5518938476537809,0.0541815219243211,0.0190058479532162,-0.0196905766526018,71.1,1.4760950969782085,73.64460116992663,66.87500000000027,60.1053988300739,0.7086533555735651,0.2024553620912549,58.22784810126585,68.77637130801668,70.95999999999985,68.53000000000029,78915097.0,66191173.85,-41.77215189873415,68.85758998435061,64.38192914671444,64.825,66.55000000000001,100877.37483333328,False,-0.1063462888189461,178966.0,8.0,0.0,0.0,-13003.0,0.0,0.1253521367721624,0.0,0.0,0.4439,0.1611,0.0,3.87,1.64,0,False,0,False,False,True,True,1.3749852571313228,False,True,False,False,True,True,True,True,False,True,False,False,False,False,False,False,True,True,0.0,0.0,5.164992826398844,0.0,1.27805144256932,True,False,True,False,False,False,False,-1.0,False,9,False,False,849.086469882145,42.4,5,False,3,False,False,False,False,"ema60_gt_ema120, rsi_strong, avoid_chase, liquidity_ok, foreign_buy_3d, stronger_than_market, obv_uptrend, mfi_strong, above_ichimoku_cloud",,,472.2,99.3,99.3,16.7,0.04,False,1518,D
2026-07-29,155.0,155.0,142.0,150.0,211516,31169316,4569,六方科-KY,,-5.220463807041568,-4.154113305853183,-1.066350501188385,161.9212262394256,167.3297026685852,165.57487438929303,33.311710410941984,19.255897928032542,8.32893621449159,83692.35,13635521.4,177.0,154.5,-0.7532369208709128,-0.2076435307426015,-0.0595611285266457,-0.0291262135922329,154.5,0.8308305644390238,178.87582506004262,163.725,148.57417493995737,0.047054370121498,0.1850765009624995,33.333333333333336,23.61111111111132,154.9,157.7,4717993.0,5231857.75,-73.33333333333333,-152.27367542761797,21.05652151183168,180.75,176.75,100877.37483333328,False,-0.1063462888189461,-3424.0,0.0,0.0,0.0,2000.0,1.0,0.0467851602923004,0.0,0.0,0.1089,-0.0296,0.0,66.98,0.04,0,False,0,False,False,False,True,2.527303869469552,True,False,False,False,True,False,False,True,True,False,False,False,False,False,False,False,False,False,0.0,25.0,18.0,0.0,-1.057238202989442,False,False,False,False,False,False,False,-1.0,False,5,False,False,447.5861802588222,53.4,3,False,3,False,True,True,True,"ema60_gt_ema120, volume_break, avoid_chase, stronger_than_market, kd_golden_cross",,"close_below_ema20, close_below_swing_low",70.7,70.6,70.6,16.7,1.42,False,1518,D
2026-07-29,149.0,150.5,140.0,144.5,501690,72162974,4571,鈞興-KY,,-8.098036329502634,-7.774340534541528,-0.3236957949611057,158.86678402761797,171.60052220910583,173.96444698744426,30.498653634588948,32.574419655918824,6.964936566559526,260369.35,42104449.1,180.5,149.0,-0.9466934338486312,-0.6447404828220603,-0.0737179487179486,-0.0302013422818792,149.0,1.2427614182698457,179.41629673384813,160.175,140.9337032661519,0.0926729830940784,0.2402534319818712,23.68421052631579,31.70426065162913,150.4,152.2,42178354.0,43422159.55,-84.48275862068965,-121.15862429710997,14.634925516005666,195.0,196.25,100877.37483333328,False,-0.1063462888189461,-137252.0,0.0,0.0,0.0,1118.0,1.0,0.0326283401009974,0.0,0.0,0.0551,-0.1032,0.0,64.05,-0.09,0,False,0,False,False,False,False,1.9268396990659613,True,False,True,False,True,False,False,True,False,False,False,False,False,False,False,False,False,False,10.0,25.0,24.91349480968858,0.0,-0.3609156266267969,False,False,False,False,False,False,False,-1.0,False,4,False,False,399.9374094711381,38.2,8,False,3,False,True,True,True,"volume_break, avoid_chase, adx_trending, stronger_than_market",,"close_below_ema20, close_below_swing_low",23.1,58.6,58.6,16.7,0.7,False,1518,D
2026-07-29,143.0,143.0,136.0,139.0,70921,9777767,4572,駐龍,,-1.2944633199018938,-0.2390855655517135,-1.0553777543501803,145.02907428056275,145.75680958056802,147.06419867741567,36.28456722658411,16.61256514158007,3.981286786963852,60978.95,9054423.7,153.0,140.5,-0.3151166074057162,-0.0051784340006573,-0.0347222222222222,-0.0106761565836298,140.5,1.279149210767296,154.2414248472745,146.775,139.30857515272552,-0.0206641839325661,0.1017397356126653,21.428571428571427,14.20807453416152,141.9,144.1,-2161982.0,-2065123.8,-82.85714285714286,-170.87306038511912,53.08385538348819,144.375,143.75,100877.37483333328,False,-0.1063462888189461,-5759.0,0.0,0.0,0.0,-11000.0,0.0,0.0716240665967239,0.0,0.0,0.1681,-0.1716,0.0,1.91,-0.24,0,False,0,False,False,False,False,1.163040688631077,False,False,False,False,True,False,False,True,False,False,False,False,False,False,False,False,True,False,10.0,25.0,10.071942446043163,0.0,-0.4349892837759241,False,False,False,False,False,False,False,-1.0,False,3,False,False,351.41053548099967,25.8,5,False,3,False,True,True,True,"avoid_chase, stronger_than_market, mfi_strong",,"close_below_ema20, close_below_swing_low",-25.5,42.1,42.1,16.7,-0.22,False,1518,D
2026-07-29,182.5,189.5,168.0,176.0,2552373,451813348,4576,大銀微系統,,-9.499578038450268,-7.146383536694049,-2.353194501756217,200.45700348892004,205.8748427283681,189.03898797566688,36.58246993816496,25.99428069033319,14.163691433244374,1693480.3,360848769.25,238.5,180.5,-1.257387969720342,-0.5026477114849498,-0.1111111111111111,-0.0249307479224376,180.5,0.5452517261596502,239.19061668339623,205.725,172.25938331660376,0.0558874608345724,0.3253432172404543,21.05263157894737,23.932966745220863,188.7,192.5,118231384.0,123364497.35,-86.5546218487395,-133.17775184753003,19.6658085430427,227.5,216.25,100877.37483333328,False,-0.1063462888189461,235253.0,1.0,0.0,0.0,-7203.0,0.0,-0.004764822292165,0.0,0.0,0.6256,0.0259,0.0,5.46,-0.23,0,False,0,False,False,False,True,1.507176079934322,True,False,True,False,True,True,False,False,False,False,False,False,False,False,False,False,False,False,10.0,25.0,35.51136363636363,0.0,-0.634484831517412,False,False,False,False,False,False,False,-1.0,False,5,False,False,392.4579428211343,29.0,3,False,3,False,True,True,True,"ema60_gt_ema120, volume_break, avoid_chase, liquidity_ok, adx_trending",,"close_below_ema20, close_below_swing_low",15.6,55.8,55.8,16.7,0.2,False,1518,D
2026-07-29,51.9,51.9,50.0,50.8,50632,2548720,4581,光隆精密-KY,,0.4330884788728113,0.5092503016398717,-0.0761618227670604,50.545503818964576,49.8264690766009,49.46689689102757,52.444883950190494,11.71578459611802,1.2207232087307305,14892.85,752915.45,51.2,50.3,0.0770834823768354,,0.0099403578528827,0.0019723865877709,50.7,1.435686681119804,51.34613538702279,50.68500000000004,50.023864612977285,0.5869715963305422,0.0260880097473711,36.36363636363619,39.105339105339226,50.98000000000029,50.87999999999992,-248828.0,-309794.8,-63.63636363636381,69.18238993710838,62.03158909353245,37.45,26.4,100877.37483333328,False,-0.1063462888189461,-9400.0,0.0,0.0,0.0,0.0,0.0,0.1162866466718288,0.0,0.0,0.2366,0.1872,0.0,24.07,0.01,0,False,0,False,False,True,True,3.399752230096993,True,False,False,False,True,False,False,True,False,True,False,False,False,False,False,False,True,True,0.0,0.0,0.7874015748031609,25.0,1.381087590866804,False,False,True,False,True,False,False,-1.0,False,7,True,False,705.5705733913716,68.5,5,False,3,False,False,False,False,"ema60_gt_ema120, volume_break, avoid_chase, stronger_than_market, obv_uptrend, mfi_strong, above_ichimoku_cloud",open_high_close_low,,328.7,96.6,96.6,16.7,2.46,False,1518,D
2026-07-29,560.0,560.0,487.0,487.0,195654,99039156,4583,台灣精銳,,-24.961653317017976,-19.21576460504317,-5.745888711974807,580.5652283354555,627.7270668381094,654.6280726909712,23.96970939158119,38.21344399297112,30.30882711454161,77390.65,45271327.25,625.0,541.0,-0.7733257870854037,-0.5831200977058456,-0.1717687074829932,-0.099815157116451,541.0,1.3827151694842774,651.78418892388,588.15,524.5158110761199,-0.2947771607570637,0.2163876185458813,0.0,19.061624649859976,553.2,565.9,2057043.0,2362319.0,-100.0,-252.2595440442472,19.01987526772156,659.5,710.0,100877.37483333328,False,-0.1063462888189461,45010.0,4.0,0.0,0.0,9197.0,2.0,-0.065422418664047,0.0,0.0,0.2998,-0.0396,0.0,1.24,0.0,0,False,1,False,False,False,False,2.528134858668328,True,False,True,False,True,False,True,False,False,False,False,False,False,False,False,False,False,False,20.0,25.0,28.336755646817245,0.0,-0.6971214675904501,True,False,False,False,True,False,False,-1.0,False,4,True,False,416.9158909755979,39.9,8,False,3,False,True,True,True,"volume_break, avoid_chase, foreign_buy_3d, adx_trending",open_high_close_low,"close_below_ema20, close_below_swing_low",40.0,63.4,63.4,16.7,1.42,False,1518,X
2026-07-29,82.3,82.3,75.4,77.5,288882,22412609,4590,富田-創,,0.3118602739215816,2.238839473886864,-1.9269791999652817,85.44977793990138,81.95878621714665,81.37657143398259,38.33011943204731,19.23822418235766,4.477208862061937,567419.05,51343385.3,96.0,80.1,-0.4863818364632388,0.3575507803597518,-0.1142857142857143,-0.0324594257178526,80.1,0.4434567540762038,99.13654682026994,88.69500000000008,78.25345317973022,-0.0360795767475542,0.2354483752245302,12.426035502958552,7.499325983000745,82.87999999999957,86.22000000000007,-9540507.0,-8771995.0,-90.2325581395349,-170.7270074600162,43.86090744964475,76.95,76.5,100877.37483333328,False,-0.1063462888189461,-53000.0,0.0,0.0,0.0,1444.0,2.0,-0.0079394254667681,0.0,0.0,0.4297,0.1042,0.0,3.67,-0.22,0,False,0,False,False,False,True,0.509115793697797,False,False,False,False,True,True,False,False,True,False,False,False,False,False,False,False,False,False,20.0,25.0,23.870967741935484,0.0,-0.4751793463857948,False,False,True,False,True,False,False,-1.0,False,5,True,False,394.3890057803485,15.0,3,False,3,False,True,True,True,"ema60_gt_ema120, avoid_chase, liquidity_ok, kd_golden_cross, above_ichimoku_cloud",open_high_close_low,"close_below_ema20, close_below_swing_low",17.5,56.6,56.6,16.7,-1.0,False,1518,D
2026-07-29,185.5,189.0,166.5,166.5,1490548,256930848,4722,國精化,,-20.096513648308672,-11.779269422727404,-8.317244225581268,227.6101729744209,236.90708388948605,219.8323080291537,27.091981507152795,27.10921095621581,18.95700704362773,1348012.4,328721444.45,287.5,184.5,-2.262958381768457,-0.1386658152327461,-0.25,-0.097560975609756,184.5,1.00669950231611,302.07324071660923,237.95,173.82675928339074,-0.0571302947379963,0.5389639900534503,0.0,3.1446540880503258,194.5,211.15,177869115.0,182550638.5,-100.0,-157.3166760413273,51.59860720363823,251.5,235.0,100877.37483333328,False,-0.1063462888189461,453800.0,4.0,1000.0,1.0,-50987.0,0.0,-0.1436537111810538,0.0,0.0,0.2694,0.2274,0.0,3.98,0.48,0,False,2,False,False,False,True,1.1057376030072128,False,False,True,False,True,True,True,False,False,False,False,False,False,False,False,False,True,False,20.0,25.0,72.67267267267268,0.0,-0.9005786436491239,True,False,False,False,False,False,False,-1.0,False,6,False,False,525.2504323062827,19.2,3,False,3,False,True,True,True,"ema60_gt_ema120, avoid_chase, liquidity_ok, foreign_buy_3d, adx_trending, mfi_strong",,"close_below_ema20, close_below_swing_low",148.4,85.4,85.4,16.7,-0.28,False,1518,X
2026-07-29,18.9,18.9,17.6,18.25,1433297,25627955,4720,德淵,,-1.4803949896158954,-1.1502930088739554,-0.3301019807419401,21.27207830261588,22.658434269227428,21.635744677067606,26.829775372726928,25.176530566704542,1.1073992163538022,1660985.7,39949304.65,26.0,18.6,-1.7908258302574716,-0.483942806237616,-0.105392156862745,-0.0188172043010753,18.6,0.3620248189235625,26.698820106876585,21.985000000000035,17.271179893123488,0.1038245080087595,0.4288214789062123,17.333333333333297,10.560032560032292,19.27000000000008,19.94500000000007,96931840.0,101731948.3,-90.00000000000001,-124.24570839856024,16.47698166448923,25.2875,23.775,100877.37483333328,False,-0.1063462888189461,203000.0,3.0,0.0,0.0,1490.0,1.0,0.000954131956201,0.0,0.0,0.2506,0.0184,0.0,5.43,-0.01,0,False,0,False,False,False,True,0.8629195302524278,False,False,True,False,True,False,True,True,True,False,False,False,False,False,False,False,False,False,20.0,12.0,42.465753424657535,0.0,-0.6284397215775531,True,False,False,False,False,False,False,-1.0,False,6,False,False,568.0879186435936,16.7,3,False,3,False,True,True,True,"ema60_gt_ema120, avoid_chase, foreign_buy_3d, adx_trending, stronger_than_market, kd_golden_cross",,"close_below_ema20, close_below_swing_low",191.2,90.1,90.1,16.7,-0.57,False,1518,D
2026-07-29,131.0,131.0,126.5,129.5,252895,32462789,4736,泰博,,1.3932748214771775,1.2756863681132216,0.1175884533639561,128.17900152983708,126.2827960643224,125.82511280035608,58.25736950938489,27.47239132405248,2.3984236295776657,191954.55,24642649.05,131.0,128.0,0.2748542185567531,0.0775940665251286,-0.007662835249042,0.0,129.5,1.0233920361686857,132.20755005611804,127.775,123.342449943882,0.6945832509684867,0.0693805526295132,46.15384615384615,53.84615384615366,129.9,129.7,-2028919.0,-2202861.15,-43.75,45.37815126050353,54.78207436440119,124.125,125.0,100877.37483333328,False,-0.1063462888189461,68385.0,4.0,0.0,0.0,-3000.0,0.0,0.098683453569904,0.0,0.0,0.0209,0.1283,0.0,6.44,0.22,0,False,0,False,False,True,True,1.317473328972926,False,True,True,False,True,False,True,True,False,True,False,False,False,False,False,False,True,True,0.0,0.0,1.1583011583011582,15.0,0.3675646783130312,True,False,True,False,False,False,False,-1.0,False,9,False,False,822.5855094294857,31.4,7,False,3,False,False,False,False,"ema60_gt_ema120, rsi_strong, avoid_chase, foreign_buy_3d, adx_trending, stronger_than_market, obv_uptrend, mfi_strong, above_ichimoku_cloud",,,445.7,99.0,99.0,16.7,-0.03,False,1518,D
2026-07-29,58.5,58.5,56.8,58.3,146565,8446985,4737,華廣,,-0.0093396449271736,-0.0629104076791747,0.0535707627520011,57.09315960763082,57.71082437941128,58.93876770738773,54.41548472451781,19.146803760012663,2.208314111540413,185527.85,11481920.9,63.6,54.8,-0.070140848913658,-0.0208480945279932,0.0355239786856127,0.0139130434782608,57.5,0.493985748528558,61.4839404414439,57.32000000000007,53.15605955855624,0.6176769953582856,0.1452875241257439,92.10526315789464,69.26691729323284,56.98000000000029,56.369999999999706,-1597256.0,-1168583.15,-76.82119205298015,18.478417785477244,78.07545084895072,55.4625,60.375,100877.37483333328,False,-0.1063462888189461,84400.0,4.0,0.0,0.0,1000.0,2.0,0.1418702675045589,0.0,0.0,-0.0652,0.0135,0.0,28.42,-0.02,0,False,0,True,True,True,False,0.7899892118622621,False,False,False,False,True,False,True,True,False,False,False,False,False,False,False,False,True,True,-20.0,0.0,9.0909090909091,0.0,-0.5930761488688585,True,False,False,False,False,False,False,-1.0,False,6,False,False,550.7829783321963,34.5,5,False,3,False,False,False,False,"macd_golden_cross, avoid_chase, hist_turn_positive, foreign_buy_3d, stronger_than_market, mfi_strong",,,173.9,88.4,88.4,16.7,-0.66,False,1518,D
2026-07-29,76.6,76.6,68.7,71.5,2798865,199088771,4739,康普,,-9.032933752733785,-7.263270827506339,-1.7696629252274434,90.16427081795004,97.31893976223444,92.15070948296048,25.637313903728085,35.646802189600166,6.225418057925795,2434752.25,233700947.0,115.5,75.4,-2.4052054972255843,-0.2041390918514476,-0.1385542168674698,-0.0517241379310345,75.4,0.8552161897345488,120.3125753010987,93.13000000000012,65.94742469890151,0.1021348279107696,0.5837555095264375,13.79310344827585,12.77582146627416,79.04000000000015,81.59000000000015,99039455.0,109469512.5,-92.87531806615776,-119.36439586323652,15.338772193940358,118.75,105.05,100877.37483333328,False,-0.1063462888189461,573906.0,2.0,0.0,0.0,-40810.0,0.0,-0.0322079280485236,0.0,0.0,1.1379,-0.1775,0.0,6.94,-0.57,0,False,0,False,False,False,True,1.1495481727144927,False,False,True,False,True,True,False,False,True,False,False,False,False,False,False,False,False,False,20.0,12.0,61.53846153846154,0.0,-0.7900900673903883,True,False,False,False,False,False,False,-1.0,False,5,False,False,439.0144009184602,18.7,8,False,3,False,True,True,True,"ema60_gt_ema120, avoid_chase, liquidity_ok, adx_trending, kd_golden_cross",,"close_below_ema20, close_below_swing_low",62.1,68.2,68.2,16.7,-0.23,False,1518,D
2026-07-29,50.9,51.0,48.5,49.7,1082816,53678701,4746,台耀,,-0.6320967234155077,-0.2493653046629892,-0.3827314187525184,52.1352294712267,52.896862424627805,54.501330211244685,36.45432216262358,15.85071296957701,1.5497366341146246,728458.05,39029024.5,56.1,50.5,-0.4772005450521872,-0.0364838828619862,-0.0460652591170824,-0.0158415841584157,50.5,0.8181722590226835,56.38812992794727,52.93999999999996,49.491870072052656,0.030180116801928,0.1302655809575862,22.64150943396233,19.26965784959854,50.94000000000015,51.52999999999993,-12622566.0,-10159314.75,-84.61538461538457,-157.2386587771208,22.224574473055057,52.375,53.55,100877.37483333328,False,-0.1063462888189461,-377093.0,0.0,0.0,0.0,2766.0,1.0,0.0602810297018636,0.0,0.0,0.0029,0.1762,0.0,8.71,-0.64,0,False,0,False,False,False,False,1.4864493569670896,False,False,False,False,True,False,False,True,True,False,False,False,False,False,False,False,False,False,10.0,25.0,12.87726358148893,0.0,-1.4578410693900583,False,False,False,False,False,False,False,-1.0,False,3,False,False,332.37040073699023,30.9,5,False,3,False,True,True,True,"avoid_chase, stronger_than_market, kd_golden_cross",,"close_below_ema20, close_below_swing_low",-44.5,38.0,38.0,16.7,0.17,False,1518,D
2026-07-29,112.0,112.0,101.0,106.0,1047107,109270287,4755,三福化,,-7.3413538167179695,-5.233779641443269,-2.1075741752747,124.935538945842,134.35939760550093,134.71088779248254,29.73937490457864,19.240728170027182,6.742999477482574,583320.2,74182790.25,144.0,110.5,-1.0914307223388449,-0.3156469831653161,-0.1346938775510203,-0.0407239819004524,110.5,0.625704114933511,146.26886324648197,127.125,107.98113675351804,-0.0517433897226073,0.3011817226585167,16.129032258064516,9.915196664089914,114.4,120.0,-3838186.0,-1183427.95,-88.37209302325581,-182.88444830582145,27.066278375710823,144.125,155.0,100877.37483333328,False,-0.1063462888189461,120010.0,1.0,0.0,0.0,2905.0,1.0,-0.0283475887320742,0.0,0.0,0.1563,0.2352,0.0,23.11,-0.67,0,False,0,False,False,False,False,1.7950809863947796,True,False,False,False,True,True,False,False,True,False,False,False,False,False,False,False,False,False,20.0,25.0,35.84905660377358,0.0,-1.75303265698323,False,False,False,False,False,False,False,-1.0,False,4,False,False,311.91441798014904,28.7,3,False,3,False,True,True,True,"volume_break, avoid_chase, liquidity_ok, kd_golden_cross",,"close_below_ema20, close_below_swing_low",-65.0,33.0,33.0,16.7,0.54,False,1518,D
2026-07-29,48.0,48.65,45.9,47.0,11634861,548098429,4763,材料*-KY,,0.7643500154936689,0.9870697337033584,-0.2227197182096895,48.04111031564226,46.54943212763537,58.019184929531946,47.92030224104269,18.32035629099237,2.291828006413013,10970324.7,536987868.2,51.3,45.35,-0.0338611257202296,0.3305079374975048,-0.0656063618290258,-0.0136411332633787,47.65,0.555245295279994,51.80223034324936,48.55750000000008,45.3127696567508,0.2599954641468924,0.1336448681768738,22.61904761904761,35.91269841269847,48.90000000000073,48.67999999999993,-472522386.0,-441688898.2,-77.3809523809524,-66.35108481262323,50.80667730188882,43.8,44.400000000000006,100877.37483333328,False,-0.1063462888189461,-184200.0,0.0,5000.0,2.0,-61558.0,0.0,0.0407399269899203,0.0,0.0,-0.1011,0.0642,0.0,46.46,0.17,0,False,0,False,False,True,False,1.0605758095747158,False,False,False,False,True,True,False,True,False,False,True,False,False,False,False,False,True,True,10.0,0.0,9.14893617021276,0.0,-2.0,False,True,True,False,False,False,False,-1.0,False,6,False,False,476.6057580957472,22.1,3,True,3,False,True,False,True,"avoid_chase, liquidity_ok, stronger_than_market, invest_trust_buy_2d, mfi_strong, above_ichimoku_cloud",,close_below_ema20,99.7,77.9,77.9,16.7,-0.34,False,1518,D
2026-07-29,281.0,284.0,253.0,253.0,3134989,827149426,4764,雙鍵,,-6.696304890443855,-0.9095476613668784,-5.786757229076977,295.8197151860158,283.35704167271973,240.635886558957,41.33523133644757,8.74001175625857,31.28628047720501,3081167.45,956890239.9,364.5,266.5,-0.6383183644417628,-0.1376350992822531,-0.1290877796901893,-0.099644128113879,281.0,1.470338452666661,351.3079049025882,302.6000000000002,253.8920950974122,-0.0091576007959727,0.3219293119800922,0.0,13.178294573643145,283.5,289.2,53667426.0,59459103.25,-100.0,-187.54851731097665,47.064446116088384,297.875,247.5,100877.37483333328,False,-0.1063462888189461,-307055.0,0.0,0.0,0.0,-86103.0,0.0,-0.0227414908712432,0.0,0.0,0.2236,-0.0887,0.0,26.23,-0.32,0,False,1,False,False,False,True,1.0174679081463098,False,False,False,False,True,True,False,False,False,False,False,False,False,False,False,False,False,False,20.0,25.0,44.07114624505929,0.0,-0.6584755734183967,False,False,False,False,False,False,False,-1.0,False,3,False,False,237.27297220044235,23.0,3,False,3,False,True,True,True,"ema60_gt_ema120, avoid_chase, liquidity_ok",,"close_below_ema20, close_below_swing_low",-139.6,13.0,13.0,16.7,-0.39,False,1518,X
2026-07-29,218.5,221.0,208.0,212.5,559550,119598701,4770,上品,,-0.2604108369486653,-0.3126676015903149,0.0522567646416496,220.0549026618347,223.7795793131492,229.2125800431024,42.34547790902575,13.020542416322744,9.045118492270968,399801.35,88944809.25,229.5,214.0,0.1512137358282293,-0.1667468764060914,-0.0659340659340659,-0.02073732718894,217.0,0.7752461107129306,229.490191362284,219.3,209.109808637716,0.1663458144089317,0.092933801753616,17.307692307692307,29.668601838412844,221.9,221.8,15271537.0,14836247.1,-81.66666666666667,-92.4781040700668,55.826299597536114,230.0,242.75,100877.37483333328,False,-0.1063462888189461,-33300.0,0.0,1000.0,1.0,-16130.0,0.0,0.0404122228848802,0.0,0.0,-0.0695,0.3541,0.0,6.55,0.59,0,False,0,False,False,False,False,1.3995700614817834,False,False,False,False,True,True,False,True,False,True,False,False,False,False,False,False,True,True,20.0,12.0,8.0,0.0,0.156680578194692,False,False,False,False,False,False,False,-1.0,False,5,False,False,447.8758675531541,27.9,3,False,3,False,True,True,True,"avoid_chase, liquidity_ok, stronger_than_market, obv_uptrend, mfi_strong",,"close_below_ema20, close_below_swing_low",71.0,70.9,70.9,16.7,0.07,False,1518,D
2026-07-29,182.0,183.5,176.0,181.5,357047,63841400,4771,望隼,,-3.344714114551522,-0.4683069804665415,-2.8764071340849804,194.39193036261804,194.2240168971313,190.9396707701776,33.772485837219975,23.85506090868625,6.440860807177527,267331.2,54145820.8,215.0,182.0,-0.7482786398678105,0.0697842180345109,-0.0763358778625954,-0.0027472527472527,182.0,0.5263440111897302,221.32838484273933,200.0,178.67161515726065,0.0663056500432145,0.2132838484273935,20.37037037037037,14.273116654068872,185.7,191.7,2362527.0,3525108.1,-86.07594936708861,-147.898740491333,19.16615173313822,193.125,195.25,100877.37483333328,False,-0.1063462888189461,-53729.0,0.0,0.0,0.0,-1197.0,0.0,0.0300104109563507,0.0,0.0,0.3126,0.0364,0.0,7.63,-0.74,0,False,0,False,False,False,True,1.3355979399336853,False,False,True,False,True,True,False,True,True,False,False,False,False,False,False,False,False,False,10.0,25.0,18.45730027548209,0.0,-1.778026877397671,False,False,False,True,False,False,False,-1.0,False,6,True,False,522.0196568705647,24.0,3,False,3,False,True,True,True,"ema60_gt_ema120, avoid_chase, liquidity_ok, adx_trending, stronger_than_market, kd_golden_cross",long_upper_shadow,"close_below_ema20, close_below_swing_low",145.1,84.9,84.9,16.7,-0.01,False,1518,D
2026-07-29,316.0,321.0,302.0,310.0,651273,201305153,4766,南寶,,-9.895327039175868,-7.96129942172194,-1.934027617453928,335.4387734301864,346.7177673966562,346.52714794914846,29.15426878916516,24.26201192923688,10.907769844972195,410761.85,141443432.55,370.5,319.0,-0.7250614999700742,-0.2495916594340679,-0.069069069069069,-0.0282131661442006,319.0,0.8474921114058159,370.9792925350448,339.6,308.22070746495524,0.0283513806606319,0.1848014872499692,18.6046511627907,19.07011610473819,323.2,327.9,15929467.0,17978061.85,-82.22222222222223,-158.85630766420016,23.767257930289475,362.75,359.0,100877.37483333328,False,-0.1063462888189461,-45900.0,0.0,1000.0,1.0,1373.0,1.0,0.037277219749877,0.0,0.0,0.1282,-0.0504,0.0,15.3,-0.21,0,False,0,False,False,False,True,1.5855245563822444,True,False,True,False,True,True,False,True,False,False,False,False,False,False,False,False,False,False,20.0,25.0,19.516129032258064,0.0,-0.7416686098354742,False,False,False,False,False,False,False,-1.0,False,6,False,False,526.9552222457968,30.1,3,False,3,False,True,True,True,"ema60_gt_ema120, volume_break, avoid_chase, liquidity_ok, adx_trending, stronger_than_market",,"close_below_ema20, close_below_swing_low",150.1,85.6,85.6,16.7,0.29,False,1518,D
2026-07-29,38.1,38.1,36.65,38.0,291029,10841679,4807,日成-KY,,0.5250684707831681,1.050129899904196,-0.525061429121028,38.77899527727725,34.10331324732394,28.616232861130705,49.24642393347311,35.48865169319481,2.624008296394952,347167.65,13827389.0,42.8,38.1,0.0536253708505682,1.1758339153900093,-0.048811013767209,-0.0026246719160105,38.1,0.3461545098933419,42.0331691165454,39.0625,36.091830883454605,0.3211682354520206,0.1520982587671242,30.63063063063066,30.98646591797236,38.29000000000015,39.20500000000011,8090755.0,8418115.35,-79.64071856287423,-90.3001482845016,58.22918854542309,36.8125,30.075,100877.37483333328,False,-0.1063462888189461,31900.0,1.0,0.0,0.0,-5000.0,0.0,0.057535275051737,0.0,0.0,0.2972,0.2031,0.0,67.86,0.26,0,False,0,False,False,True,True,0.8382952731914969,False,False,True,False,True,False,False,True,False,False,False,False,False,False,False,False,True,False,0.0,0.0,12.631578947368412,0.0,-0.1043693058620777,False,False,True,False,False,False,False,-1.0,False,6,False,False,572.1305210615701,26.5,10,False,3,False,True,True,True,"ema60_gt_ema120, avoid_chase, adx_trending, stronger_than_market, mfi_strong, above_ichimoku_cloud",,"close_below_ema20, close_below_swing_low",195.3,90.6,90.6,16.7,-0.6,False,1518,D
2026-07-29,16.3,17.8,15.6,15.6,976686,16487809,4930,燦星網,,-0.3209093185273524,-0.2369843929445644,-0.0839249255827879,16.632230792397383,17.393167634881458,18.50097415667363,22.043344001797635,21.58534283767469,0.4149382103423831,110326.05,1857605.3,17.35,16.2,-0.3517750067067095,-0.1197083516055914,-0.0545454545454545,-0.0370370370370369,16.2,1.096971782957595,17.528373346242798,16.73000000000011,15.93162665375742,-0.2076889561244283,0.0954421214874696,0.0,9.953703703703772,16.190000000000147,16.45500000000002,-5490198.0,-4508070.25,-100.0,-115.13157894736936,60.29970058751862,17.5,18.025,100877.37483333328,False,-0.1063462888189461,112400.0,1.0,0.0,0.0,4408.0,2.0,0.0518008342734915,0.0,0.0,-0.013,-0.0637,0.0,2.13,-0.03,0,False,0,False,False,False,False,8.852723359532948,True,False,True,False,True,False,False,True,False,False,False,False,False,False,False,False,True,False,20.0,25.0,11.21794871794873,0.0,-2.0,False,False,False,True,False,False,False,-1.0,False,5,True,False,436.0,59.3,7,False,3,False,True,True,True,"volume_break, avoid_chase, adx_trending, stronger_than_market, mfi_strong",long_upper_shadow,"close_below_ema20, close_below_swing_low",59.1,67.5,67.5,16.7,8.98,False,1518,D
2026-07-29,56.6,56.9,56.5,56.9,108359,6154296,5007,三星,,0.0815067655463934,-0.0487566650142458,0.1302634305606393,56.298061992361,56.49472739355216,56.400965105214766,56.55438381345757,13.974857321681364,0.7390362739162041,44343.9,2488487.9,56.7,55.5,0.0930609163029808,-0.0501248550390695,0.0233812949640286,0.0053003533568904,56.6,1.2449612068472995,56.95556998548433,56.09999999999991,55.24443001451549,0.9675245821924964,0.0305016037605855,100.0,92.85714285714312,56.64000000000014,56.35,3608593.0,3376344.7,-0.0,171.2574850299419,78.7442516875935,56.45,56.95,100877.37483333328,False,-0.1063462888189461,70200.0,3.0,0.0,0.0,2000.0,3.0,0.1297275837829747,0.0,0.0,0.2819,0.0639,0.0,3.48,0.0,0,False,0,False,False,True,True,2.443605546647904,True,True,False,True,True,False,True,True,False,True,False,True,False,True,False,False,True,True,-20.0,-25.0,-0.3514938488576375,25.0,0.5622892001765399,True,False,False,False,False,False,False,-1.0,False,11,False,False,946.1835258685976,57.8,5,False,3,False,False,False,False,"ema60_gt_ema120, volume_break, rsi_strong, breakout_20d, avoid_chase, foreign_buy_3d, stronger_than_market, obv_uptrend, dealer_buy_3d, breakout_volume_confirm, mfi_strong",,,569.3,99.7,99.7,16.7,1.32,False,1518,D
2026-07-29,53.8,53.9,52.4,53.6,126993,6739956,5283,禾聯碩,,-0.0422417686795881,-0.0497042715654569,0.0074625028858687,53.36543124947545,53.69621777935047,55.61244662536163,51.82260566018374,14.123898673614756,1.1223123966215602,81587.85,4354225.15,54.6,52.5,-0.02266046062435,0.0547103560624101,0.0113207547169811,0.0,53.6,2.888969690212792,54.279826187043405,53.34499999999989,52.41017381295638,0.6363889905601456,0.0350483151951828,60.86956521739132,55.0724637681166,53.21999999999971,53.21999999999971,-2398397.0,-2606830.0,-39.13043478260868,-10.20408163265172,55.177805388957765,53.775,53.65,100877.37483333328,False,-0.1063462888189461,-18500.0,0.0,0.0,0.0,0.0,0.0,0.1176670435359272,0.0,0.0,0.0266,0.1541,0.0,1.74,0.12,0,False,0,True,True,False,False,1.5565185257363687,True,False,False,False,True,False,False,True,False,True,False,False,False,False,False,False,True,False,0.0,0.0,1.8656716417910448,15.0,0.4690032993123187,False,False,False,False,False,False,False,-1.0,False,7,False,False,636.1932248491115,39.4,5,False,3,False,False,False,False,"macd_golden_cross, volume_break, avoid_chase, hist_turn_positive, stronger_than_market, obv_uptrend, mfi_strong",,,259.3,94.5,94.5,16.7,0.26,False,1518,D
2026-07-29,272.5,272.5,249.0,264.0,1009049,259818173,5284,jpp-KY,,-26.51496443695123,-23.75472580673509,-2.7602386302161364,307.8362249351414,337.44074622196445,328.8624338196438,25.893205652681047,32.254398333347034,17.550888335563698,607931.1,190789030.85,386.5,263.5,-1.8674990718322,-0.5631541191370861,-0.0989761092150171,0.0018975332068311,263.5,0.9449912206971444,386.3676416554059,313.325,240.2823583445941,0.1623547637234897,0.466242027641624,26.54867256637168,19.137547718202768,277.9,284.15,105428123.0,106014101.9,-84.12698412698413,-111.24439344946278,28.629838016191925,395.25,382.5,100877.37483333328,False,-0.1063462888189461,-13000.0,0.0,0.0,0.0,-30273.0,0.0,0.007370179603929,0.0,0.0,0.3206,-0.0389,0.0,51.46,0.1,0,False,0,False,False,False,True,1.6598081591811968,True,False,True,False,True,True,False,True,True,False,False,False,False,False,False,False,False,False,10.0,12.0,46.40151515151515,0.0,-0.1847609029482249,False,False,False,False,True,False,False,-1.0,False,7,True,False,581.3809507564332,31.8,8,False,3,False,True,False,True,"ema60_gt_ema120, volume_break, avoid_chase, liquidity_ok, adx_trending, stronger_than_market, kd_golden_cross",open_high_close_low,close_below_ema20,204.5,91.0,91.0,16.7,0.38,False,1518,D
2026-07-29,185.5,188.0,176.5,183.0,377874,68983307,5288,豐祥-KY,,3.138697292700101,4.139135480315784,-1.000438187615683,187.44287166138952,176.7686226119676,165.47996298644216,47.32000949134113,22.31443347202857,7.520107471933163,189430.65,35585773.85,197.5,184.5,0.2453703384183023,0.4659893192731411,-0.056701030927835,-0.013477088948787,185.5,0.7455315381794861,198.0387192521925,187.85,177.66128074780752,0.2619916753051988,0.1084771812849877,27.659574468085108,35.80928180427569,190.9,190.4,-1308825.0,-1217611.6,-72.34042553191489,-91.64969450101827,49.15940641792746,180.25,170.5,100877.37483333328,False,-0.1063462888189461,54280.0,1.0,8000.0,3.0,3963.0,2.0,0.049645257891111,0.0,0.0,0.7159,0.053,0.0,59.86,-0.11,0,False,0,False,False,True,True,1.9947880662395447,True,False,True,False,True,False,False,True,False,False,True,False,False,False,False,False,False,True,10.0,0.0,7.923497267759563,0.0,-0.0720836281811635,False,True,True,False,False,False,False,-1.0,False,7,False,False,654.0828771242215,41.0,3,True,3,False,True,True,True,"ema60_gt_ema120, volume_break, avoid_chase, adx_trending, stronger_than_market, invest_trust_buy_2d, above_ichimoku_cloud",,"close_below_ema20, close_below_swing_low",277.2,95.2,95.2,16.7,0.78,False,1518,D
2026-07-29,43.5,43.5,41.2,42.35,589148,24637482,5515,建國,,0.4679950855359749,0.3911405305024196,0.0768545550335553,42.20778303908424,41.079633845570754,38.993730518417934,52.00150855981874,12.707815858785178,1.3675248382907716,499132.1,21078405.45,44.25,41.6,0.4073808058766511,0.1199402960820898,0.0107398568019094,-0.0023557126030624,42.45,1.010448459482884,44.149187559589016,41.822500000000126,39.49581244041124,0.6133585809203108,0.1112648722380959,28.39506172839505,40.99850766517435,43.02000000000008,42.75,17019883.0,16791410.85,-61.70212765957441,36.941284614500375,48.05979687076337,42.2625,41.2,100877.37483333328,False,-0.1063462888189461,-42400.0,0.0,0.0,0.0,15900.0,5.0,0.1170861456208556,0.0,0.0,0.2455,0.0538,0.0,12.5,0.09,0,False,0,False,False,True,True,1.1803448425777463,False,False,False,False,True,False,False,True,False,True,False,True,False,False,False,False,False,True,10.0,0.0,4.486422668240846,0.0,0.1598112538320773,False,False,True,False,True,False,False,-1.0,False,6,True,False,598.7211834717624,33.5,5,False,3,False,False,False,False,"ema60_gt_ema120, avoid_chase, stronger_than_market, obv_uptrend, dealer_buy_3d, above_ichimoku_cloud",open_high_close_low,,221.8,92.4,92.4,16.7,-0.19,False,1518,D
2026-07-29,88.7,90.5,88.4,89.9,277458,24743326,5306,桂盟,,1.3317494578017914,1.6855432554127976,-0.3537937976110061,90.07116354578312,87.68646969293594,87.57352742589059,51.53958071291037,34.84766500130269,2.3775941023569347,310590.6,29191094.5,99.2,89.5,0.4156903244009409,0.2146474211043245,-0.0322927879440257,0.0044692737430167,89.5,0.6768071149687007,97.07367491240464,89.90500000000047,82.73632508759631,0.4996512605145609,0.1594722187287496,12.931034482758626,12.670734437975623,90.66000000000058,92.6700000000008,-3619161.0,-3832106.95,-72.66187050359706,-6.87047805477156,68.72582495340131,86.375,84.8,100877.37483333328,False,-0.1063462888189461,53200.0,4.0,0.0,0.0,-1000.0,0.0,0.0740535008749203,0.0,0.0,0.3167,0.1179,0.0,12.97,0.04,0,False,0,False,False,True,True,0.8933238803750018,False,False,True,False,True,False,True,True,True,True,False,False,False,False,False,False,True,False,20.0,0.0,10.344827586206891,0.0,0.3125677100728773,True,False,True,False,False,False,False,-1.0,False,9,False,False,847.6840513246245,22.6,12,False,3,False,True,False,True,"ema60_gt_ema120, avoid_chase, foreign_buy_3d, adx_trending, stronger_than_market, kd_golden_cross, obv_uptrend, mfi_strong, above_ichimoku_cloud",,close_below_ema20,470.8,99.2,99.2,16.7,-0.54,False,1518,D
2026-07-29,28.1,28.1,27.2,27.65,562724,15513532,5519,隆大,,-1.5174743265145878,-1.3341970435193162,-0.1832772829952715,29.681320219554483,31.53313227540605,31.940444691400025,22.38123306762093,43.11677675620368,0.7148078442097751,732602.45,22842868.6,34.55,27.7,-1.4568102263576184,-0.2030611184726615,-0.0160142348754449,-0.0018050541516245,27.7,0.7739667984764931,36.347378796114505,30.340000000000053,24.3326212038856,0.2761086747401433,0.3960038758150587,34.61538461538454,22.13495276653157,27.88000000000029,28.00500000000029,282108.0,2086486.35,-93.79310344827589,-63.79463718388635,45.68115895309643,33.5875,33.4,100877.37483333328,False,-0.1063462888189461,151000.0,2.0,0.0,0.0,24658.0,1.0,0.0903320539435011,0.0,0.0,0.0345,-0.0637,0.0,3.62,0.02,0,False,0,False,False,False,False,0.7681164593429902,False,False,True,False,True,False,False,True,True,False,False,False,False,False,False,False,False,False,0.0,0.0,24.954792043399635,0.0,-0.790194756886928,True,False,False,False,False,False,False,-1.0,False,4,False,False,433.1988275107868,24.9,12,False,3,False,True,True,True,"avoid_chase, adx_trending, stronger_than_market, kd_golden_cross",,"close_below_ema20, close_below_swing_low",56.3,66.9,66.9,16.7,-0.69,False,1518,D
2026-07-29,10.0,10.05,9.63,9.78,5701712,55954904,5521,工信,,-0.1415036905844928,-0.1136072865425633,-0.0278964040419295,10.2185944894444,11.003028243171268,12.481339740912585,38.40857567039681,18.757931778591782,0.3150625810152212,3501014.4,35888194.3,10.7,9.9,-0.277532588545219,-0.1655094267077013,-0.0364532019704434,-0.0121212121212122,9.9,1.2422635533374276,10.73733728147222,10.276500000000032,9.815662718527845,-0.0386933956535782,0.0896875943117182,20.83333333333317,34.03448892979517,10.076000000000112,10.12800000000011,-42570084.0,-26860857.95,-85.29411764705895,-199.1516436903497,27.980157677836743,10.7125,11.25,100877.37483333328,False,-0.1063462888189461,-1941400.0,0.0,0.0,0.0,6000.0,1.0,0.0698930868485027,0.0,0.0,-0.0066,-0.1954,0.0,6.84,-0.1,0,False,0,False,False,False,False,1.6285885599328012,True,False,False,False,True,False,False,True,False,False,False,False,False,False,False,False,False,False,10.0,25.0,9.406952965235174,0.0,-1.0051122823840228,False,False,False,False,False,False,False,-1.0,False,3,False,False,299.22453821071974,35.4,5,False,3,False,True,True,True,"volume_break, avoid_chase, stronger_than_market",,"close_below_ema20, close_below_swing_low",-77.7,28.0,28.0,16.7,0.34,False,1518,D
2026-07-29,66.6,66.6,64.6,65.6,949182,62220744,5522,遠雄,,-0.9714585343399164,-1.1160175676426878,0.1445590333027713,67.00103021960054,68.88724612772418,68.86997984373247,42.27945107984332,14.483508896377897,1.9297367052652887,1098166.35,72743376.4,69.4,65.9,0.2038909194140745,-0.1737857657469496,-0.0075642965204235,-0.0045523520485586,65.9,0.4595887786144675,69.30493451400677,66.05999999999968,62.81506548599258,0.4291202953381581,0.0982420379657013,18.518518518518498,20.061728395062044,65.96000000000058,66.90999999999985,-24964221.0,-22579761.8,-73.33333333333343,-27.27937696312566,48.77959667841328,77.0,76.0,100877.37483333328,False,-0.1063462888189461,-29300.0,0.0,3000.0,1.0,-2000.0,0.0,0.0987819922985225,0.0,0.0,25.135,2.081,0.0,4.76,-0.06,0,False,0,False,False,False,True,0.8643335319826545,False,False,False,False,True,True,False,True,False,False,False,False,False,False,False,False,False,False,20.0,0.0,5.792682926829286,0.0,-0.2651054849051492,False,False,False,False,False,False,False,-1.0,False,4,False,False,385.46206950096473,26.7,5,False,3,False,True,True,True,"ema60_gt_ema120, avoid_chase, liquidity_ok, stronger_than_market",,"close_below_ema20, close_below_swing_low",8.6,53.4,53.4,16.7,-0.57,False,1518,D
2026-07-29,22.95,23.35,22.65,23.05,309466,7106488,5525,順天,,0.2652021461072102,0.1726745911893428,0.0925275549178674,22.50628349985745,22.66152359142001,23.7689722528089,60.03128543760831,20.403183571272223,0.5771670730111452,173899.35,3917933.15,23.3,21.8,0.4046566594638295,-0.0148540719085049,-0.0064655172413792,0.0131868131868131,22.75,0.7540872480326364,23.49481763920396,22.31250000000009,21.130182360796223,0.811887421597007,0.1059780516933433,64.5833333333334,57.63888888888929,22.95000000000018,22.78500000000004,-3119468.0,-3866257.85,-35.4166666666666,92.05665024630584,51.437655929853136,21.875,22.95,100877.37483333328,False,-0.1063462888189461,148600.0,3.0,0.0,0.0,-21000.0,0.0,0.0998807715775669,0.0,0.0,41.1501,3.0371,0.0,1.78,-0.02,0,False,0,False,False,True,False,1.7795696188628651,True,True,True,False,True,False,True,True,True,True,False,False,False,False,False,False,True,True,0.0,-12.0,1.084598698481562,15.0,1.4904683520140276,True,False,True,True,False,False,False,-1.0,False,10,True,False,913.681316412797,41.8,7,False,3,False,False,False,False,"volume_break, rsi_strong, avoid_chase, foreign_buy_3d, adx_trending, stronger_than_market, kd_golden_cross, obv_uptrend, mfi_strong, above_ichimoku_cloud",long_upper_shadow,,536.8,99.5,99.5,16.7,0.52,False,1518,D
2026-07-29,7.82,7.93,7.74,7.9,1120490,8763532,5531,鄉林,,-0.0665639984379717,-0.0693944955434283,0.0028304971054565,7.852602121021919,8.047253736551621,8.321700831389641,50.72303594430607,16.234066140469835,0.1810169409229926,513507.4,4046125.7,8.11,7.7,-0.1754235401669944,-0.0601388161377063,0.0193548387096773,0.0206718346253229,7.74,1.0753403958315773,8.092878228636629,7.862999999999966,7.633121771363302,0.5804773906156111,0.0584708708219926,78.94736842105266,49.392712550607634,7.763999999999942,7.781999999999971,-27491595.0,-28263946.35,-23.07692307692301,-7.619047619047421,49.56161342346928,8.245000000000001,8.205,100877.37483333328,False,-0.1063462888189461,562100.0,4.0,0.0,0.0,10000.0,1.0,0.1257011275286235,0.0,0.0,0.0603,-0.2366,0.0,2.73,0.01,0,False,0,True,True,False,False,2.182032819780202,True,False,False,False,True,False,True,True,True,True,False,False,False,False,False,False,False,False,-10.0,0.0,2.658227848101254,8.0,0.371236849190058,True,False,False,False,False,False,False,-1.0,False,8,False,False,744.2751703880828,53.4,5,False,3,False,False,False,False,"macd_golden_cross, volume_break, avoid_chase, hist_turn_positive, foreign_buy_3d, stronger_than_market, kd_golden_cross, obv_uptrend",,,367.4,98.1,98.1,16.7,1.0,False,1518,D
2026-07-29,14.35,14.35,14.05,14.3,244875,3470312,5533,皇鼎,,0.0841856114236492,0.0377050622276733,0.0464805491959758,14.10349756307968,14.081940143258082,14.245792459094146,62.68161156059156,17.34488906781518,0.2160646575845681,190044.25,2648728.25,14.3,13.8,0.1280998219429974,0.0148982432388839,0.0070422535211267,0.0,14.3,0.5055812025593825,14.55195515161769,14.047500000000037,13.543044848382385,0.7502700182466802,0.0718213421060903,91.66666666666684,97.22222222222202,14.300000000000182,14.175000000000091,-5870402.0,-6399057.55,-5.555555555555435,74.36342592592615,83.63976324091348,14.0,14.25,100877.37483333328,False,-0.1063462888189461,118000.0,1.0,0.0,0.0,4000.0,5.0,0.1133885423400729,0.0,0.0,-0.2951,-0.082,0.0,2.76,-0.01,0,False,0,False,False,True,False,1.2885157009485948,False,True,False,False,True,False,False,True,False,True,False,True,False,False,False,False,True,True,-20.0,0.0,0.0,25.0,0.860718787153132,False,False,True,False,False,False,False,-1.0,False,7,False,False,603.2137824553236,32.5,5,False,3,False,False,False,False,"rsi_strong, avoid_chase, stronger_than_market, obv_uptrend, dealer_buy_3d, mfi_strong, above_ichimoku_cloud",,,226.3,93.0,93.0,16.7,-0.06,False,1518,D
2026-07-29,34.65,34.65,33.15,33.95,47881,1612539,5538,東明-KY,,0.2713071976602847,0.3306644460932227,-0.0593572484329379,33.9490741685441,33.306370720205145,32.472748084553174,51.24552310851863,16.39935968111493,1.1545408214549508,38773.6,1314725.45,35.2,33.7,0.2378336874167816,0.0480191714949389,-0.01878612716763,0.0074183976261128,33.7,0.9281584750675936,35.53691063450273,33.920000000000115,32.3030893654975,0.5092769505499344,0.0953367119400124,44.444444444444464,42.129629629630166,34.08000000000029,34.47500000000018,1403035.0,1352974.35,-53.333333333333336,2.9916005062714075,62.94245886100116,33.3625,33.575,100877.37483333328,False,-0.1063462888189461,22500.0,3.0,0.0,0.0,0.0,0.0,0.087560161651316,0.0,0.0,0.2225,0.0434,0.0,63.96,0.01,0,False,0,False,False,True,True,1.234886623888419,False,False,False,False,True,False,True,True,True,True,False,False,False,False,False,False,True,False,0.0,0.0,3.6818851251840936,0.0,0.0843696929418373,True,False,True,False,True,False,False,-1.0,False,8,True,False,728.3613025541862,30.4,5,False,3,False,False,False,False,"ema60_gt_ema120, avoid_chase, foreign_buy_3d, stronger_than_market, kd_golden_cross, obv_uptrend, mfi_strong, above_ichimoku_cloud",open_high_close_low,,351.5,97.5,97.5,16.7,-0.13,False,1518,D
2026-07-29,78.3,78.5,76.3,78.0,1207847,93283039,5534,長虹,,-0.0716182068200197,0.2398049109208064,-0.3114231177408262,79.51638488738382,79.0310563485634,78.884346988109,41.60238581608023,14.90253122384424,1.5563860688375837,595366.05,47397415.3,81.7,77.9,-0.0196956041755289,0.0919305974437979,-0.0237797246558197,0.0012836970474967,77.9,1.483154100267266,81.63570299621911,79.71500000000052,77.79429700378192,0.0535488820038963,0.0481892491054025,26.98412698412704,13.292757042757026,78.96000000000058,79.91000000000058,-25396343.0,-24863119.1,-73.01587301587296,-174.2360527053538,47.49513155509944,81.125,80.1,100877.37483333328,False,-0.1063462888189461,31500.0,1.0,0.0,0.0,14162.0,1.0,0.0825665641631263,0.0,0.0,1.2421,0.4661,0.0,9.55,-0.24,0,False,0,False,False,False,True,2.0287468524616075,True,False,False,False,True,False,False,True,True,False,False,False,False,False,False,False,False,False,10.0,25.0,4.743589743589747,0.0,-0.1970586035622278,False,False,False,False,False,False,False,-1.0,False,5,False,False,492.9227652818694,43.5,5,False,3,False,True,False,True,"ema60_gt_ema120, volume_break, avoid_chase, stronger_than_market, kd_golden_cross",,close_below_ema20,116.0,81.0,81.0,16.7,0.82,False,1518,D
2026-07-29,49.5,49.7,47.8,49.1,882181,42872703,5607,遠雄港,,-0.4514389729318253,-0.3004542414809511,-0.1509847314508742,50.13436787014993,50.20956552641727,49.68755653889824,42.07896078284613,16.150145729369253,1.1587479079458964,449823.35,22584547.2,52.1,48.85,-0.2212234342449593,0.0344107126573979,-0.018,0.0051177072671442,48.85,1.4120714402989456,52.21864009300911,50.33500000000013,48.45135990699115,0.1721772899759994,0.074844147929233,43.33333333333348,30.66126855600548,49.51000000000022,49.68999999999996,2209976.0,2880064.2,-70.4545454545454,-136.4663352914596,29.35446646744461,52.0625,50.25,100877.37483333328,False,-0.1063462888189461,7650.0,1.0,2000.0,1.0,-3000.0,0.0,0.0883462888189461,0.0,0.0,0.3701,0.0265,0.0,3.71,-0.01,0,False,0,False,False,False,True,1.961172091222032,True,False,False,False,True,False,False,True,True,False,False,False,False,False,False,False,False,False,0.0,12.0,6.109979633401222,0.0,-0.45692738971551,False,False,False,False,False,False,False,-1.0,False,5,False,False,466.1285922356342,43.5,5,False,3,False,True,False,True,"ema60_gt_ema120, volume_break, avoid_chase, stronger_than_market, kd_golden_cross",,close_below_ema20,89.3,76.1,76.1,16.7,0.74,False,1518,D
2026-07-29,13.55,14.15,13.1,14.15,82180,1115093,5546,永固-KY,,-0.459253931674823,-0.1626248519009485,-0.2966290797738744,15.954028199844984,16.60363445533477,17.911818370710236,31.56795516299647,28.917083819615023,0.6696237660408539,34586.4,542369.2,17.1,14.0,-0.5283150923543352,-0.0553181103513797,-0.1577380952380952,0.0107142857142856,14.0,0.9130401067276056,18.075390065825,16.192500000000063,14.309609934175132,-0.0423842945140834,0.2325632318449805,25.609756097561,13.333185244420749,15.039999999999964,15.965000000000057,-1284252.0,-1179566.9,-75.58139534883719,-237.99999999999983,38.77526219696268,16.3875,16.5,100877.37483333328,False,-0.1063462888189461,12000.0,3.0,0.0,0.0,-3000.0,0.0,-0.051391806419149,0.0,0.0,-0.3569,-0.1571,0.0,53.85,0.01,0,False,0,False,False,False,False,2.3760784585848773,True,False,True,False,True,False,True,False,False,False,False,False,False,False,False,False,False,False,10.0,25.0,20.84805653710248,0.0,-0.7550522489838701,True,False,False,False,False,False,False,-1.0,False,4,False,False,319.7001575980424,34.6,6,False,3,False,True,False,True,"volume_break, avoid_chase, foreign_buy_3d, adx_trending",,close_below_ema20,-57.2,35.0,35.0,16.7,1.24,False,1518,D
2026-07-29,13.35,13.4,12.8,13.0,3072551,40133530,5608,四維航,,-0.3437807601652807,-0.2565579629058992,-0.0872227972593814,13.940309380461953,14.608628931441304,15.33707735320478,31.16023881344374,25.370752134098463,0.4205625620988789,1426628.0,20073094.2,14.95,13.35,-0.5404276124304317,-0.1359771616511718,-0.0613718411552346,-0.0262172284644194,13.35,0.8321855462724325,15.116557541914917,14.082500000000072,13.04844245808523,-0.023423482795515,0.1468570980883844,13.79310344827582,13.29335332333782,13.479999999999928,13.65500000000011,-6401031.0,-1221804.5,-90.47619047619052,-164.11824668705384,15.995765246209572,14.9125,15.45,100877.37483333328,False,-0.1063462888189461,-100123.0,0.0,0.0,0.0,-21023.0,0.0,0.0449744476637115,0.0,0.0,0.2183,-0.0015,0.0,4.83,0.07,0,False,0,False,False,False,False,2.153715614722268,True,False,True,False,True,False,False,True,True,False,False,False,False,False,False,False,False,False,20.0,25.0,14.999999999999996,0.0,-1.6470482221045477,False,False,False,False,False,False,False,-1.0,False,5,False,False,496.77257748196814,42.2,6,False,3,False,True,True,True,"volume_break, avoid_chase, adx_trending, stronger_than_market, kd_golden_cross",,"close_below_ema20, close_below_swing_low",119.9,81.7,81.7,16.7,0.97,False,1518,D
2026-07-29,44.75,45.25,44.0,44.85,306800,13624488,5706,鳳凰,,-1.3505357756712897,-1.3266856996973633,-0.0238500759739264,46.70384656017217,48.94862649441706,50.15635188914269,28.118386960048,33.29727713536893,0.999249596590261,211912.5,9810037.7,48.05,44.85,-0.3145669614703612,-0.2151593951846543,-0.0218102508178844,0.0,44.85,1.0950921382753889,48.31767332532077,46.44250000000002,44.56732667467927,0.0753725859641227,0.0807524713493352,29.82456140350881,26.305156831472534,45.2,45.68999999999996,-5217835.0,-4367004.5,-77.3333333333333,-141.0659366656535,23.10616445866256,52.7375,53.375,100877.37483333328,False,-0.1063462888189461,-12500.0,0.0,0.0,0.0,-227.0,0.0,0.0845360380010616,0.0,0.0,-0.0289,-0.0253,0.0,1.72,0.19,0,False,0,False,False,False,False,1.4477673568100042,False,False,True,False,True,False,False,True,True,False,False,False,False,False,False,False,False,False,10.0,25.0,7.134894091415821,0.0,-0.6071953968561062,False,False,False,True,False,False,False,-1.0,False,4,True,False,422.19132880582674,32.5,12,False,3,False,True,False,True,"avoid_chase, adx_trending, stronger_than_market, kd_golden_cross",long_upper_shadow,close_below_ema20,45.3,64.8,64.8,16.7,0.13,False,1518,D
2026-07-29,112.0,114.5,110.5,112.5,14801364,1658982364,5871,中租-KY,,0.803313159107347,1.3083669447821211,-0.5050537856747743,118.3101987986617,115.7946237950196,113.52312200725244,38.5996820921605,17.468395052090116,3.4244765878741403,9301634.05,1100801353.75,123.5,119.0,0.2453538647302655,0.1484712411472125,-0.0853658536585365,-0.0625,120.0,1.635180868890244,124.35413210563355,118.075,111.79586789436644,0.0560692221303808,0.1063583672349532,14.285714285714286,29.601648351648084,118.6,120.2,-15872454.0,-5337532.75,-85.71428571428571,-142.2950819672131,70.96895122150619,116.5,114.5,100877.37483333328,False,-0.1063462888189461,6194129.0,4.0,-39000.0,0.0,-144604.0,0.0,0.0209804351604095,0.0,0.0,-0.0082,-0.0473,0.0,44.65,0.28,0,False,0,False,False,False,True,1.5912649240377286,True,False,False,False,True,True,True,True,False,False,False,False,False,False,False,False,True,False,20.0,25.0,9.77777777777778,0.0,-0.3594206878226185,True,False,False,True,False,False,False,-1.0,False,7,True,False,586.5996009865058,27.0,3,False,3,True,True,True,True,"ema60_gt_ema120, volume_break, avoid_chase, liquidity_ok, foreign_buy_3d, stronger_than_market, mfi_strong",long_upper_shadow,"macd_death_cross, close_below_ema20, close_below_swing_low",209.7,91.6,91.6,16.7,0.3,False,1518,D
2026-07-29,44.0,44.6,43.6,44.35,17309474,763165900,5876,上海商銀,,0.8714788094288792,0.9482347978533664,-0.0767559884244872,44.283046921509545,42.49329300223634,41.57472880970469,52.84629606549961,33.96338553255037,1.11781017160508,15043877.95,670373141.1,47.0,43.9,0.4835080436388309,0.2643436526656337,-0.0144444444444443,0.0102505694760821,43.9,1.1567137757728023,47.12360165207856,44.08499999999994,41.046398347921325,0.5436055841374895,0.1378519520053815,21.428571428571427,41.24649859943929,45.23999999999978,45.25499999999992,156369487.0,81527041.15,-57.291666666666615,6.403554626241626,80.58302034580078,41.5125,40.85,100877.37483333328,False,-0.1063462888189461,10265805.0,4.0,71000.0,4.0,537515.0,1.0,0.0919018443745017,0.0,0.0,-0.0439,0.2485,0.0,53.72,0.35,0,False,0,False,False,True,True,1.1505992043760234,False,False,True,False,True,True,True,True,False,True,True,False,False,False,False,False,True,False,10.0,0.0,5.975197294250279,0.0,1.6717031236385262,True,True,True,False,False,False,False,-1.0,False,10,False,False,901.5664295274224,28.1,12,False,3,True,False,False,True,"ema60_gt_ema120, avoid_chase, liquidity_ok, foreign_buy_3d, adx_trending, stronger_than_market, obv_uptrend, invest_trust_buy_2d, mfi_strong, above_ichimoku_cloud",,macd_death_cross,524.7,99.4,99.4,16.7,-0.23,False,1518,D
2026-07-29,26.0,26.2,25.7,26.1,46004728,1197866194,5880,合庫金,,0.4306299734324206,0.4092357794027685,0.021394194029652,25.379234343247617,24.53706227663962,24.167579699225683,75.05490917677292,38.60206146319255,0.3797984232367921,19464223.55,494276553.3,25.95,25.35,0.280220586467766,0.2558744699447617,0.0215264187866928,0.0057803468208093,25.95,0.8800838620433233,26.177674314301484,25.33500000000004,24.49232568569859,0.9539120197547064,0.0665225430670176,89.47368421052653,96.49122807017557,25.85,25.68500000000004,526292381.0,392852083.15,-7.407407407407261,134.75177304964518,71.11099850389624,23.9125,23.8,100877.37483333328,False,-0.1063462888189461,17505156.0,5.0,812919.0,4.0,2697958.0,3.0,0.1278727076056389,0.0,0.0,-0.084,0.0339,0.0,16.61,0.12,0,False,0,False,False,True,True,2.363553207340757,True,True,True,True,True,True,True,True,False,True,True,True,False,True,False,False,True,True,-20.0,-25.0,-0.5747126436781691,25.0,0.7673551055978871,True,True,True,False,False,False,False,-1.0,False,15,False,False,1257.8437933405824,56.1,10,False,3,False,False,False,False,"ema60_gt_ema120, volume_break, rsi_strong, breakout_20d, avoid_chase, liquidity_ok, foreign_buy_3d, adx_trending, stronger_than_market, obv_uptrend, invest_trust_buy_2d, dealer_buy_3d, breakout_volume_confirm, mfi_strong, above_ichimoku_cloud",,,881.0,100.0,100.0,16.7,1.22,True,1518,D
2026-07-29,4.7,4.85,4.6,4.67,572958,2661321,5907,大洋-KY,,-0.0741775149980448,-0.0554390074045028,-0.0187385075935419,4.884642571997855,5.0672350338661145,5.295187300018459,34.991871101904266,11.452699425243331,0.1531723743824524,314008.7,1555842.6,5.3,4.7,-0.3458190607663805,-0.1171640131823861,-0.0331262939958592,-0.0063829787234043,4.7,2.023911965432433,5.199820085664836,4.922000000000014,4.644179914335192,0.0464690765662618,0.1128891042928977,18.91891891891899,22.286474117137303,4.794000000000006,4.838000000000011,-61122255.0,-59698926.9,-84.44444444444439,-164.33994611805065,18.665354324787728,5.0725,5.285,100877.37483333328,False,-0.1063462888189461,-9600.0,0.0,0.0,0.0,1000.0,3.0,0.0732199948230869,0.0,0.0,0.1452,-0.0704,0.0,52.02,-0.07,0,False,0,False,False,False,False,1.824656450601528,True,False,False,False,True,False,False,True,False,False,False,True,False,False,False,False,False,False,20.0,25.0,13.49036402569593,0.0,-1.0227155519043778,False,False,False,True,False,False,False,-1.0,False,4,True,False,425.9739778831627,39.9,5,False,3,False,True,True,True,"volume_break, avoid_chase, stronger_than_market, dealer_buy_3d",long_upper_shadow,"close_below_ema20, close_below_swing_low",49.1,65.5,65.5,16.7,0.58,False,1518,D
2026-07-29,40.4,40.4,40.0,40.0,3098,124072,5906,台南-KY,,0.3843798007447887,-0.054338672371401,0.4387184731161898,27.350979173216416,28.99923008868325,32.29652062761877,52.678511515290815,6.710590516509861,18.47491163529373,3344.35,122549.9,39.5,0.0,,,0.0126582278481013,inf,0.0,0.0,61.454820352917,26.57750000000005,-8.299820352916893,0.6924244733279425,2.6245749489543315,99.009900990099,65.91469273509574,31.53000000000029,27.31000000000022,686657.0,679387.55,-0.9900990099009866,56.95670229732228,57.71489645444735,23.95,25.4,100877.37483333328,False,-0.1063462888189461,2600.0,2.0,0.0,0.0,0.0,0.0,0.1190045166670474,0.0,0.0,0.1007,-0.0372,0.0,19.49,0.0,0,False,0,True,True,True,False,0.9263384514180634,False,False,False,True,True,False,False,True,False,True,False,False,False,False,True,False,True,True,-20.0,0.0,-1.25,25.0,0.071227899508528,True,False,True,False,True,False,False,-1.0,False,9,True,False,765.118119308283,55.4,5,False,3,False,False,False,False,"macd_golden_cross, breakout_20d, avoid_chase, hist_turn_positive, stronger_than_market, obv_uptrend, williams_r_recovery, mfi_strong, above_ichimoku_cloud",open_high_close_low,,388.2,98.5,98.5,16.7,-0.5,False,1518,C
2026-07-29,33.9,34.0,32.1,32.85,12980932,426111363,6005,群益證,,-0.9467433988562064,-0.821371796690772,-0.1253716021654344,35.100946308732254,34.975722575363655,32.79204129130967,37.45562676082123,25.73851497483948,1.3360807470021985,10690256.25,378871894.05,38.45,32.8,-0.7015006627481675,0.1757549464699015,-0.0380673499267935,-0.0252225519287834,33.7,1.304713326363408,38.906736797997695,35.2875,31.66826320200231,0.1632577341515032,0.2051285468223984,21.12676056338029,53.50689998577278,34.28000000000011,33.96000000000004,42650407.0,57988110.0,-84.04255319148935,-102.05427163578356,39.05157684269705,38.4625,36.475,100877.37483333328,False,-0.1063462888189461,-2442577.0,0.0,19000.0,4.0,0.0,0.0,0.0682789388921526,0.0,0.0,1.012,-0.0402,0.0,19.14,0.03,0,False,0,False,False,False,True,1.2142769730145615,False,False,True,False,True,True,False,True,False,False,True,False,False,False,False,False,False,True,10.0,12.0,17.047184170471848,0.0,-0.2318271886066232,False,True,False,False,False,False,False,-1.0,False,6,False,False,621.3608434668661,28.1,5,False,3,False,True,False,True,"ema60_gt_ema120, avoid_chase, liquidity_ok, adx_trending, stronger_than_market, invest_trust_buy_2d",,close_below_ema20,244.5,93.8,93.8,16.7,-0.15,False,1518,D
2026-07-29,64.0,64.2,62.3,63.1,1229437,77804275,6024,群益期,,0.7982582563358136,1.0263646777270898,-0.2281064213912762,63.546646576166566,61.02380328113606,58.319422806026886,50.0538837901582,23.199074924290933,1.1163063919283662,498430.3,31800566.75,65.2,63.7,0.1909696218703366,0.2584198230012064,-0.0217054263565891,-0.0109717868338556,63.8,2.291896968267222,65.91434081033148,63.71499999999996,61.51565918966843,0.3601853798395047,0.0690368299562591,27.58620689655182,38.60716700473313,64.15999999999985,64.31000000000003,11025094.0,12996342.8,-74.19354838709671,-32.34042553191492,40.76069883942826,60.3,59.0,100877.37483333328,False,-0.1063462888189461,-23398.0,0.0,0.0,0.0,2000.0,1.0,0.084640862462357,0.0,0.0,1.2415,1.2415,0.0,4.6,-0.22,0,False,0,False,False,True,True,2.4666176996061435,True,False,True,False,True,False,False,True,False,False,False,False,False,False,False,False,False,False,10.0,0.0,3.328050713153726,8.0,-0.7314402546505197,False,False,True,False,False,False,False,-1.0,False,6,False,False,558.8888939402552,52.2,7,False,3,False,True,True,True,"ema60_gt_ema120, volume_break, avoid_chase, adx_trending, stronger_than_market, above_ichimoku_cloud",,"close_below_ema20, close_below_swing_low",182.0,89.2,89.2,16.7,1.34,False,1518,D
