date,open,high,low,close,volume,amount,stock_id,name,industry_category,macd,macd_signal,macd_hist,ema20,ema60,ema120,rsi14,adx14,atr14,volume_ma20,amount_ma20,close_20d_high,close_10d_low,lr_slope_20,lr_slope_60,return_5d,day_return,prev_close,prev_volume_ratio,bb_upper,bb_mid,bb_lower,bb_pct_b,bb_bandwidth,stoch_k,stoch_d,sma5,sma10,obv,obv_ma,williams_r,cci20,mfi14,ichi_senkou_a,ichi_senkou_b,market_ma60,market_above_ma60,market_return_5d,foreign_net,foreign_buy_streak,invest_trust_net,invest_trust_streak,dealer_net,dealer_buy_streak,relative_strength_5d,margin_change_5d,short_ratio,revenue_yoy,revenue_mom,revenue_3m_yoy,foreign_holding_pct,foreign_holding_chg5d,insider_net_30d,has_buyback,limit_down_streak,macd_golden_cross,hist_turn_positive,above_ema60,ema60_gt_ema120,volume_ratio,volume_break,rsi_strong,adx_trending,breakout_20d,avoid_chase,liquidity_ok,foreign_buy_3d,stronger_than_market,kd_golden_cross,obv_uptrend,invest_trust_buy_2d,dealer_buy_3d,bb_squeeze_breakout,breakout_volume_confirm,williams_r_recovery,cci_momentum,mfi_strong,ma5_above_ma10,kd_level_score,bb_level_signal,gap_to_20d_high_pct,breakout_proximity_score,obv_strength,foreign_buy_accel,invest_trust_accel,above_ichimoku_cloud,long_upper_shadow,open_high_close_low,gap_chase_after_blowout,earnings_blocked,f_score,f_score_low,condition_count,skip_trade,entry_signal,entry_score,momentum_score,expected_hold_days,momentum_decay_signal,estimated_sl_days,macd_death_cross,close_below_ema20,close_below_swing_low,base_exit_signal,entry_reason,skip_reason,base_exit_reason
2026-08-26,73.1,75.0,73.1,75.0,405566,30268281,1582,信錦,,-0.4689083327231742,-1.1371157513702534,0.6682074186470792,73.38041803972999,78.77048287385277,81.61409924100613,53.10561221418346,20.189064550031087,2.1472410900048744,589942.15,42026091.1,75.4,72.8,0.5676404816554544,-0.6532006045114112,0.0288065843621398,0.0245901639344261,73.2,0.6764854546918233,78.6512989463166,72.15500000000011,65.65870105368363,0.718970834278882,0.1800651083449927,88.0952380952381,52.89449112978582,73.82000000000043,73.75000000000037,-41470864.0,-43039518.85,-21.87500000000007,65.09846827133494,58.850015100693234,79.0,95.75,,,,0.0,0.0,0.0,0.0,0.0,0.0,,0.0,0.0,0.2247,0.3907,0.0,4.79,0.01,0,False,0,False,False,False,False,0.6874674067618325,False,False,True,False,True,False,False,False,False,True,False,False,False,False,False,False,True,True,-20.0,0.0,0.533333333333341,25.0,0.1862669468899456,False,False,False,False,False,False,False,-1,False,5,False,False,389.1098774302977,,5,False,3,False,False,False,False,"market_above_ma60, avoid_chase, adx_trending, obv_uptrend, mfi_strong",,
2026-08-26,9.84,9.98,9.81,9.88,301635,2980646,1471,首利,,-0.031496241713663,-0.131541601045907,0.100045359332244,9.718653958159788,10.141218464184714,10.490569085681493,52.54747049485509,30.08969551693515,0.3644928075242971,357042.9,3487333.5,10.3,9.36,0.275461201538179,-0.3602627981630099,0.0499468650371945,-0.0010111223458038,9.89,2.492983187705425,10.035128737581957,9.569000000000006,9.102871262418056,0.8335988268104982,0.0974247544324276,43.750000000000064,54.94791666666666,9.90600000000004,9.67600000000002,11294804.0,10289453.05,-53.731343283582014,153.56738391845818,69.75192463269804,10.4175,11.005,,,,0.0,0.0,0.0,0.0,0.0,0.0,,0.0,0.0,-0.4216,-0.1694,0.0,0.65,-0.21,0,False,0,False,False,False,False,0.8448144466673332,False,False,True,False,True,False,False,False,False,True,False,False,False,False,False,False,True,True,0.0,-12.0,4.251012145748987,0.0,0.6098628087635631,False,False,False,True,False,False,False,-1,False,5,True,False,323.7664981718361,,8,True,3,False,False,False,False,"market_above_ma60, avoid_chase, adx_trending, obv_uptrend, mfi_strong",long_upper_shadow,
2026-08-25,45.0,45.1,44.25,44.75,281341,12563236,1569,濱川,,0.1648452231885357,-0.4011711356717741,0.5660163588603099,43.43140151503248,45.49976501726349,48.31055651871988,54.76889274753982,17.716172905578183,1.8135131105704512,421100.4,17475802.65,45.5,41.3,0.7927748555732141,-0.3652374924211508,0.0033632286995515,-0.0164835164835165,45.5,1.0892968917894548,46.80953742136291,42.26999999999998,37.73046257863705,0.7731555850084209,0.2147876707529184,78.44827586206895,83.33333333333333,44.48999999999978,43.604999999999926,-13785797.0,-14766206.95,-21.551724137931046,91.25022881200772,70.33545149824076,46.4,52.8,103080.66999999984,True,-0.0028377882333406,-78000.0,0.0,0.0,0.0,29.0,2.0,0.0062010169328922,0.0,0.0,-0.142,-0.1654,0.0,0.0,0.0,0,False,0,False,False,False,False,0.668109078025098,False,False,False,False,True,False,False,True,False,True,False,False,False,False,False,False,True,True,-10.0,0.0,1.675977653631285,15.0,0.370880703512602,False,False,False,False,False,False,False,-1,False,5,False,False,351.1316592224022,14.5,3,True,3,False,False,False,False,"market_above_ma60, avoid_chase, stronger_than_market, obv_uptrend, mfi_strong",,
2026-08-26,17.0,17.1,16.9,16.9,372127,6316460,1529,樂事綠能,,-0.6428420889654483,-0.8173955556555699,0.1745534666901216,17.393832772241904,19.296365651712577,20.71870979594134,34.59615524816515,42.61496269710155,0.4621631784461343,302834.95,5148166.65,17.25,16.8,-0.0349383118596564,-0.7177412210270975,0.0059523809523809,-0.0058823529411765,17.0,0.3350701185240919,17.34527765540871,17.029999999999927,16.71472234459114,0.293832519099123,0.0370261486093701,57.142857142857,64.8809523809523,17.029999999999927,16.975,25399508.0,25984067.6,-50.00000000000022,-29.23615400452932,54.49146051451303,20.7875,22.0,,,,0.0,0.0,0.0,0.0,0.0,0.0,,0.0,0.0,-0.586,0.1839,0.0,1.37,0.06,0,False,0,False,False,False,False,1.228811271618418,False,False,True,False,True,False,False,False,False,False,False,False,False,False,False,False,True,True,0.0,0.0,2.071005917159772,8.0,-0.1246988214466244,False,False,False,False,False,False,False,-1,False,4,False,False,278.7917268588247,,10,True,3,False,True,False,True,"market_above_ma60, avoid_chase, adx_trending, mfi_strong",,close_below_ema20
2026-08-26,24.65,24.7,24.25,24.3,36118949,879383904,1101,台泥,,0.147227226995259,0.1365026941249706,0.0107245328702883,24.329565596040755,24.184759679733865,24.16451212069991,50.48944395353443,24.02489876426499,0.5576761081465855,27110905.05,660779620.5,24.85,24.05,0.1260878696517,0.010165612164578,0.0103950103950103,-0.0121951219512195,24.6,0.9569298106766106,24.95268675485753,24.300000000000136,23.64731324514274,0.4999999999998966,0.0537190744738594,24.32432432432432,36.93693693693725,24.650000000000183,24.390000000000143,-328254559.0,-253948944.95,-75.67567567567569,21.2590299277615,54.99520284617491,23.65,24.05,,,,0.0,0.0,0.0,0.0,0.0,0.0,,0.0,0.0,0.0154,0.027,0.0,15.65,0.28,0,False,0,False,False,True,True,1.332266441617743,False,False,True,False,True,True,False,False,False,False,False,False,False,False,False,False,True,True,10.0,0.0,2.2633744855967106,8.0,-1.4990540456429846,False,False,True,False,False,False,False,-1,False,7,False,False,493.3340158684616,,5,True,3,False,True,False,True,"ema60_gt_ema120, market_above_ma60, avoid_chase, liquidity_ok, adx_trending, mfi_strong, above_ichimoku_cloud",,close_below_ema20
2026-08-26,35.1,35.3,34.8,35.2,9546163,335191447,1102,亞泥,,0.3239976286033155,-0.0058812416726709,0.3298788702759864,33.86257626477123,34.05353905122928,34.63958947024066,64.88134224207298,24.417282463108464,0.6662063570310734,12166935.85,405942531.35,34.95,31.7,0.3895288076686743,-0.1068487325357182,0.0414201183431954,0.0085959885386821,34.9,0.7208859345545702,35.377397538318085,33.395000000000344,31.412602461682603,0.9552568203679718,0.1187242125059272,96.49122807017564,93.19660653982343,34.91000000000022,34.04500000000026,159806442.0,107058676.55,-2.702702702702552,147.67932489451468,69.1863364514587,34.4125,34.55,,,,0.0,0.0,0.0,0.0,0.0,0.0,,0.0,0.0,-0.0751,-0.0829,0.0,13.22,0.85,0,False,0,False,False,True,False,0.7845987780070361,False,True,True,True,True,True,False,False,False,True,False,False,False,False,False,False,True,True,-20.0,-25.0,-0.7102272727272727,25.0,0.94249131140758,False,False,True,False,False,False,False,-1,False,9,False,False,604.1558835169614,,5,True,3,False,False,False,False,"rsi_strong, breakout_20d, market_above_ma60, avoid_chase, liquidity_ok, adx_trending, obv_uptrend, mfi_strong, above_ichimoku_cloud",,
2026-08-26,26.7,26.85,26.4,26.8,924959,24621701,1104,環泥,,-0.0692784902634855,-0.1258952595083989,0.0566167692449134,26.70637803567373,27.17934271575121,27.833878500489742,50.82622362617956,9.352105318642746,0.3641517361882774,734408.7,19578675.45,27.2,26.4,-0.0112570238359051,-0.1656491510223822,0.0151515151515151,0.0056285178236399,26.65,0.8367667497100763,27.065709255513205,26.6599999999999,26.2542907444866,0.6725373504518298,0.0304358031142765,91.66666666666656,78.96825396825382,26.780000000000108,26.644999999999985,4091305.0,3981846.65,-21.42857142857125,11.326860841425663,43.044573923136106,27.5,28.025,,,,0.0,0.0,0.0,0.0,0.0,0.0,,0.0,0.0,0.1533,0.3044,0.0,14.66,-0.07,0,False,0,False,False,False,False,1.259460842443724,False,False,False,False,True,False,False,False,False,True,False,False,False,False,False,False,False,True,-20.0,0.0,1.4925373134328304,15.0,0.0228714641531394,False,False,False,False,False,False,False,-1,False,3,False,False,227.8690659942749,,3,True,3,False,False,False,False,"market_above_ma60, avoid_chase, obv_uptrend",,
2026-08-26,13.25,13.35,13.15,13.3,300969,3985683,1103,嘉泥,,-0.0232134903792662,-0.0552630578887856,0.0320495675095194,13.21461484969016,13.32457281322379,13.442016559023712,53.60975420620719,10.92695027136798,0.1778969024351052,336975.2,4431858.45,13.3,13.05,0.0740058661727894,-0.0654005431489138,0.0191570881226053,0.0037735849056603,13.25,0.5505767686853434,13.338484292538917,13.147500000000012,12.95651570746111,0.8992474930076333,0.0290525639914665,71.4285714285715,61.90476190476147,13.260000000000035,13.185000000000082,-8348768.0,-8522419.85,-22.22222222222209,103.18331503841792,74.42539486569706,13.5875,13.375,,,,0.0,0.0,0.0,0.0,0.0,0.0,,0.0,0.0,-0.0379,0.0571,0.0,4.5,0.05,0,False,0,False,False,False,False,0.8931488133251348,False,False,False,False,True,False,False,False,True,True,False,False,False,False,False,True,True,True,-10.0,-12.0,0.0,25.0,0.2529199425270902,False,False,False,False,False,False,False,-1,False,6,False,False,419.96652744357647,,3,True,3,False,False,False,False,"market_above_ma60, avoid_chase, kd_golden_cross, obv_uptrend, cci_momentum, mfi_strong",,
2026-08-26,13.55,13.75,13.5,13.75,56766,774274,1109,信大,,-0.1197024485076312,-0.160525180891576,0.0408227323839447,13.66365604399455,14.0804928140473,14.513627884022814,50.6956299183772,28.237379271223386,0.1640757731415713,132843.8,1804814.9,13.85,13.5,-0.0399312119071489,-0.1852571540674524,0.014760147601476,0.0185185185185186,13.5,0.569183337146763,13.798650452438991,13.602500000000076,13.406349547561163,0.8759868972156912,0.0288403532349072,100.0,50.0,13.570000000000071,13.590000000000057,-6094331.0,-6034459.85,-0.0,72.0720720720673,46.631718486085056,14.2875,14.625,,,,0.0,0.0,0.0,0.0,0.0,0.0,,0.0,0.0,-0.2064,-0.0703,0.0,2.41,0.02,0,False,0,False,False,False,False,0.427313882921145,False,False,True,False,True,False,False,False,False,False,False,False,False,False,True,False,False,False,-20.0,-12.0,0.7272727272727246,25.0,-0.0633720496524209,False,False,False,False,False,False,False,-1,False,4,False,False,231.5126742333824,,5,False,3,False,False,False,False,"market_above_ma60, avoid_chase, adx_trending, williams_r_recovery",,
2026-08-26,11.7,11.8,11.7,11.8,153104,1795773,1108,幸福,,-0.2460745880285593,-0.2967623415747213,0.050687753546162,11.944880190617852,12.69387682418651,13.38027568670125,37.1109463722822,54.63408008927496,0.1633856669212259,296486.55,3514237.65,12.1,11.7,-0.1403393158102414,-0.3794444274531794,0.0085470085470087,0.0085470085470087,11.7,0.6473650667500674,12.146405499218275,11.870000000000005,11.593594500781732,0.3733744440722468,0.0465721144428428,50.00000000000044,36.66666666666666,11.770000000000072,11.770000000000072,-8275418.0,-7991332.6,-66.66666666666653,-57.1992110453655,36.66920530162717,13.1,13.4,,,,0.0,0.0,0.0,0.0,0.0,0.0,,0.0,0.0,-0.1333,0.1677,0.0,1.42,0.03,0,False,0,False,False,False,False,0.5163944199155072,False,False,True,False,True,False,False,False,True,False,False,False,False,False,False,False,False,False,0.0,0.0,2.542372881355923,8.0,-0.1178161861379279,False,False,False,False,False,False,False,-1,False,4,False,False,266.7501499655,,5,False,3,False,True,False,True,"market_above_ma60, avoid_chase, adx_trending, kd_golden_cross",,close_below_ema20
2026-08-26,16.0,16.15,15.9,16.0,106097,1700352,1110,東泥,,0.0315277815692223,0.0662996606704589,-0.0347718791012366,16.008166761953866,15.799761719864923,15.782850443078855,50.57536443292203,28.53094617240615,0.3286567878991094,288430.55,4619013.6,16.6,15.85,-0.0200505786264316,0.0803938308732543,0.0062893081761006,0.0031347962382446,15.95,0.2918141375848859,16.437298334621445,16.05,15.662701665378554,0.4354502775633272,0.0482614747191832,37.50000000000006,29.166666666666668,15.989999999999965,16.035000000000036,3455967.0,2634513.15,-66.66666666666667,-12.244897959182156,53.954843379837946,15.75,15.575,,,,0.0,0.0,0.0,0.0,0.0,0.0,,0.0,0.0,0.3696,0.2226,0.0,6.1,0.01,0,False,0,False,False,True,True,0.3678424494215332,False,False,True,False,True,False,False,False,True,True,False,False,False,False,False,False,True,False,0.0,0.0,3.750000000000009,0.0,0.7885195674685037,False,False,True,False,False,False,False,-1,False,8,False,False,608.1406593038373,,5,False,3,False,True,False,True,"ema60_gt_ema120, market_above_ma60, avoid_chase, adx_trending, kd_golden_cross, obv_uptrend, mfi_strong, above_ichimoku_cloud",,close_below_ema20
2026-08-26,12.3,12.3,12.2,12.25,462600,5664416,1201,味全,,-0.0132728620079785,-0.029282716993334,0.0160098549853555,12.28586992245502,12.41167408937549,12.806252490505225,47.56657279508176,9.438688333315335,0.1633514234014265,325291.2,3975451.35,12.45,12.2,0.0803141863408043,-0.0309070559829973,-0.0040650406504065,0.0040983606557376,12.2,1.1750614652637978,12.467239441898636,12.227499999999964,11.987760558101291,0.5469259455637386,0.0392131575381186,28.5714285714285,33.333333333333336,12.339999999999872,12.294999999999936,-13881104.0,-14061759.45,-50.0,17.676767676767824,57.51902896906533,12.5875,12.4,,,,0.0,0.0,0.0,0.0,0.0,0.0,,0.0,0.0,0.0762,0.0908,0.0,5.0,0.03,0,False,0,False,False,False,False,1.4221104044622173,False,False,False,False,True,False,False,False,False,True,False,False,False,False,False,False,True,True,10.0,0.0,1.632653061224484,15.0,0.1828368516374622,False,False,False,False,False,False,False,-1,False,4,False,False,311.4151462642717,,3,True,3,False,True,False,True,"market_above_ma60, avoid_chase, obv_uptrend, mfi_strong",,close_below_ema20
2026-08-26,44.55,47.0,44.55,46.9,38788,1782889,1203,味王,,-0.2682735096293527,-0.1623169218654262,-0.1059565877639264,45.52646227758311,44.91109731912958,43.64121798751221,56.58115238660268,18.90227477730671,1.6265038837216208,24389.0,1134762.85,49.95,42.8,-0.5444833701665466,0.1615735964838086,0.0957943925233646,0.0527497194163861,44.55,0.4330557034685313,49.74248523276776,46.14500000000008,42.54751476723239,0.6049344126729149,0.1559209115946552,97.61904761904758,60.74196535515451,45.02999999999993,44.725,1188788.0,1158396.35,-21.15384615384617,3.622782446311752,48.4895395011612,45.025000000000006,44.025,,,,0.0,0.0,0.0,0.0,0.0,0.0,,0.0,0.0,-0.0182,0.0081,0.0,1.86,0.0,0,False,0,False,False,True,True,1.590389109844602,True,True,False,False,False,False,False,False,False,True,False,False,False,False,False,False,False,True,-20.0,0.0,6.50319829424308,0.0,0.1267314844020121,False,False,True,False,False,False,False,-1,False,6,False,False,377.42466891127015,,3,False,3,False,False,False,False,"ema60_gt_ema120, volume_break, rsi_strong, market_above_ma60, obv_uptrend, above_ichimoku_cloud",,
2026-08-26,52.7,53.0,52.5,52.7,763409,40170257,1210,大成,,-0.9543130671952652,-0.9530056948685078,-0.0013073723267574,53.65439263522275,54.59566009990864,54.43083447040001,39.364681726200914,30.99057800953869,0.9810751285734184,2702587.85,145625250.1,57.4,51.9,-0.3979081002622766,-0.0573620462672045,-0.0018939393939393,0.0019011406844107,52.6,0.2633589141186961,56.75675153367372,53.680000000000106,50.60324846632649,0.340741121069664,0.1146330675735323,63.1578947368423,59.64912280701719,52.72000000000044,52.57000000000007,-62767074.0,-59394959.7,-55.5555555555555,-45.71933630629543,35.93433707380039,57.475,55.55,,,,0.0,0.0,0.0,0.0,0.0,0.0,,0.0,0.0,0.215,0.0768,0.0,7.52,0.17,0,False,0,False,False,False,True,0.2824733338455584,False,False,True,False,True,True,False,False,True,False,False,False,False,False,False,False,False,True,0.0,0.0,8.918406072106254,0.0,-0.2796225265902164,False,False,False,False,False,False,False,-1,False,6,False,False,444.469263019373,,5,True,3,False,True,False,True,"ema60_gt_ema120, market_above_ma60, avoid_chase, liquidity_ok, adx_trending, kd_golden_cross",,close_below_ema20
2026-08-26,7.25,7.25,7.18,7.18,20131,144840,1213,大飲,,-0.4677841465243837,-0.1481347513675891,-0.3196493951567946,5.921080806216292,6.64904755836744,7.493742435898634,51.81655578670043,12.051065028442643,2.443829789498918,24045.25,180264.35,7.77,0.0,,,-0.0164383561643836,inf,0.0,0.0043839279125992,11.138951634310498,6.672999999999979,2.2070483656894586,0.5567628180413888,1.3385139020861785,91.11675126903552,60.2472504230124,4.319999999999982,5.851000000000022,-952935.0,-878295.15,-10.250000000000004,25.97996425156918,58.86269180708496,4.285,4.72,,,,0.0,0.0,0.0,0.0,0.0,0.0,,0.0,0.0,0.398,0.2883,0.0,0.01,-0.01,0,False,0,False,False,True,False,0.8372131710005094,False,False,False,False,True,False,False,False,False,False,False,False,False,False,True,False,True,False,-20.0,0.0,8.217270194986071,0.0,-0.4148296165617329,False,False,True,False,True,False,False,-1,False,5,True,False,298.3941763112643,,3,False,3,False,False,False,False,"market_above_ma60, avoid_chase, williams_r_recovery, mfi_strong, above_ichimoku_cloud",open_high_close_low,
2026-08-26,109.5,109.5,108.0,109.0,503376,54721920,1215,卜蜂,,-0.1953390324122068,-0.6766269370413096,0.4812879046291027,108.90913509519063,113.95673540626306,121.7508566281666,49.00552879854141,24.067477312772493,2.288217576341469,781876.95,83437244.3,112.0,107.0,0.2900519924334826,-0.165568958322308,0.0,0.0,109.0,0.5332547978334174,112.4669905660283,107.75,103.0330094339717,0.632499735000795,0.0875543492534255,50.0,50.0,109.9,109.15,-23863499.0,-24147112.25,-50.0,42.09583519928335,54.7752273731409,112.25,127.25,,,,0.0,0.0,0.0,0.0,0.0,0.0,,0.0,0.0,0.0805,0.0591,0.0,37.21,-0.13,0,False,0,False,False,False,False,0.643804629360157,False,False,True,False,True,True,False,False,False,True,False,False,False,False,False,False,True,True,0.0,0.0,2.752293577981652,8.0,0.143140602361942,False,False,False,False,False,False,False,-1,False,6,False,False,431.1557335219449,,5,True,3,False,False,False,False,"market_above_ma60, avoid_chase, liquidity_ok, adx_trending, obv_uptrend, mfi_strong",,
2026-08-26,77.4,77.7,76.9,77.7,9397597,726711530,1216,統一,,0.4054762308152106,0.1353668746503201,0.2701093561648905,76.67187827822055,75.86413179305497,75.253887711349,56.64971108190412,15.831806832189962,1.465493214028586,16992035.8,1277344802.45,78.2,75.2,0.3175476342458251,0.049055471165102,0.0025806451612904,-0.0025673940949936,77.9,0.7428414853992817,79.04594549859385,75.78000000000029,72.51405450140672,0.7939424434404276,0.0861954473104659,77.50000000000021,76.66666666666667,77.74000000000088,76.97000000000044,-27295946.0,-34538524.45,-17.647058823529264,99.86244841815676,63.41983140407753,78.175,74.7,,,,0.0,0.0,0.0,0.0,0.0,0.0,,0.0,0.0,0.0885,0.0663,0.0,33.77,0.92,0,False,0,False,False,True,True,0.5530589218744466,False,True,False,False,True,True,False,False,False,True,False,False,False,False,False,False,True,True,-10.0,0.0,0.6435006435006435,25.0,0.0943811801074297,False,False,False,False,False,False,False,-1,False,7,False,False,481.6631633800336,,3,True,3,False,False,False,False,"ema60_gt_ema120, rsi_strong, market_above_ma60, avoid_chase, liquidity_ok, obv_uptrend, mfi_strong",,
2026-08-26,10.0,10.05,9.97,9.99,410362,4098415,1217,愛之味,,0.0263302198323565,0.0124564438172221,0.0138737760151344,9.951190051068464,9.93501558249598,10.009054762183998,54.7901447212496,14.063981222565278,0.0934376384403189,491559.1,4876190.6,10.05,9.89,0.1034757978191044,0.0112575701556667,0.0060422960725075,-0.001,10.0,0.7191440058662427,10.084379368952664,9.914500000000022,9.74462063104738,0.722216507117547,0.0342688726517004,66.66666666666667,79.62962962962956,10.018000000000027,9.978999999999996,-9038542.0,-9573980.15,-20.6896551724139,82.73706719302831,73.35248682624136,9.99,9.785,,,,0.0,0.0,0.0,0.0,0.0,0.0,,0.0,0.0,0.0389,0.2211,0.0,8.51,0.09,0,False,0,False,False,True,False,0.8348172172989983,False,False,False,False,True,False,False,False,False,True,False,False,False,False,False,False,True,True,0.0,0.0,0.6006006006006055,25.0,0.3698890138715193,False,False,False,True,False,False,False,-1,False,4,True,False,307.7868403394482,,3,True,3,False,False,False,False,"market_above_ma60, avoid_chase, obv_uptrend, mfi_strong",long_upper_shadow,
2026-08-26,14.7,14.85,14.45,14.65,2394501,34934639,1218,泰山,,-0.4602567449624182,-0.7095030997848276,0.2492463548224094,14.545989577445676,15.975158499313515,17.006083445007768,49.48298838345702,22.259408927058608,1.4892776311397449,1584175.85,23855515.55,16.25,0.0,,,0.0280701754385965,-0.0034013605442175,14.7,0.6623011793031753,21.11327101420359,14.404999999999973,7.696728985796355,0.5182610392067705,0.9313809113784978,52.63157894736846,80.78784156860154,14.699999999999818,13.134999999999945,-37775323.0,-33920622.45,-7.570977917981068,11.535082693556404,53.04277108270548,16.7875,17.775,,,,0.0,0.0,0.0,0.0,0.0,0.0,,0.0,0.0,-0.3693,-0.21,0.0,2.86,-0.09,0,False,0,False,False,False,False,1.5115121215867544,True,False,True,False,True,False,False,False,False,False,False,False,False,False,False,False,True,True,0.0,0.0,10.92150170648464,0.0,-0.3147332513713216,False,False,False,True,False,False,False,-1,False,5,True,False,301.33832219941166,,3,False,3,False,False,False,False,"volume_break, market_above_ma60, avoid_chase, adx_trending, mfi_strong",long_upper_shadow,
2026-08-26,11.2,11.9,11.2,11.9,1839863,21372936,1219,福壽,,-0.0891993498616852,-0.2064349869409729,0.1172356370792877,11.270150572466497,11.798519445331598,12.366398432583864,63.55088013929597,19.73133880309748,0.256286639287429,620692.85,6884266.5,11.65,10.95,0.1678234277974536,-0.2971336406685552,0.0818181818181817,0.0672645739910313,11.15,0.2974074112551259,11.707162608068748,11.077500000000033,10.447837391931316,1.1531275555036675,0.113683161014437,100.0,77.3809523809523,11.320000000000071,11.215000000000057,-24664701.0,-27419078.15,-0.0,172.85714285714306,91.07346111760928,12.025,12.475,,,,0.0,0.0,0.0,0.0,0.0,0.0,,0.0,0.0,-0.201,-0.2003,0.0,6.09,-0.06,0,False,0,False,False,True,False,2.964208464782541,True,True,False,True,False,False,False,False,False,True,False,False,False,True,False,True,True,True,-20.0,-25.0,-2.100840336134453,25.0,0.5153116016703323,False,False,False,False,False,False,False,-1,False,8,False,False,510.8258238678694,,3,False,3,False,False,False,False,"volume_break, rsi_strong, breakout_20d, market_above_ma60, obv_uptrend, breakout_volume_confirm, cci_momentum, mfi_strong",,
2026-08-26,10.9,10.95,10.9,10.9,41220,450049,1220,台榮,,-0.1310771087117928,-0.131406340739498,0.0003292320277052,11.053604441401138,11.392072221058475,11.77335483303916,33.863900397618266,32.49669404393727,0.1255065738052951,90618.55,998556.15,11.25,10.85,-0.1839242748081,-0.1454811163321115,0.0,0.0046082949308756,10.85,0.5378181367212799,11.309045224562402,11.057500000000005,10.805954775437607,0.1869350227697616,0.0454976666628798,39.99999999999986,34.28571428571437,10.929999999999929,10.944999999999984,-1937165.0,-1741031.7,-77.77777777777783,-81.1594202898553,36.50335492769199,11.525,11.8,,,,0.0,0.0,0.0,0.0,0.0,0.0,,0.0,0.0,0.0138,0.021,0.0,7.0,0.02,0,False,0,True,True,False,False,0.4548737537733719,False,False,True,False,True,False,False,False,True,False,False,False,False,False,False,False,False,False,0.0,12.0,3.211009174311924,8.0,-0.3955339748146548,False,False,False,False,False,False,False,-1,False,6,False,False,454.80232983995785,,5,False,3,False,True,False,True,"macd_golden_cross, market_above_ma60, avoid_chase, hist_turn_positive, adx_trending, kd_golden_cross",,close_below_ema20
2026-08-26,25.05,27.0,25.05,26.0,357811,9262447,1225,福懋油,,-0.5027768997620612,-0.7486999764935228,0.2459230767314616,25.11862791211796,26.90324033102324,28.30579361659123,55.29049651116407,29.022193341922986,0.7369667069789089,159579.8,4006089.55,27.2,24.0,-0.0236243991849986,-0.4685981522131578,0.0833333333333332,0.0547667342799189,24.65,0.204910203599072,26.00604002665461,24.7224999999999,23.43895997334519,0.9976471218157676,0.1038357792824119,67.21311475409837,56.97227281926765,24.90999999999985,24.714999999999872,-2128751.0,-2310824.75,-30.76923076923077,170.88680772343616,76.27358695887287,28.275,29.675,,,,0.0,0.0,0.0,0.0,0.0,0.0,,0.0,0.0,-0.1026,-0.1027,0.0,1.13,0.0,0,False,0,False,False,False,False,2.242207347045177,True,True,True,False,False,False,False,False,True,True,False,False,False,False,False,True,True,True,0.0,-25.0,4.615384615384613,0.0,0.22617957136804,False,False,False,False,False,False,False,-1,False,8,False,False,535.1362283268683,,8,False,3,False,False,False,False,"volume_break, rsi_strong, market_above_ma60, adx_trending, kd_golden_cross, obv_uptrend, cci_momentum, mfi_strong",,
2026-08-26,28.85,29.0,28.75,28.95,387990,11203972,1227,佳格,,-0.0969778301250769,-0.1162521670819413,0.0192743369568643,29.068534661801223,29.19701880648151,29.389296180853243,47.342553357383096,12.703501921815278,0.4036114925078786,950075.35,27641241.5,29.95,28.6,-0.0337113544264456,0.01585003539459,0.0017301038062282,0.0034662045060658,28.85,0.5401940153153061,29.59076221953166,28.999999999999908,28.40923778046816,0.457681789435063,0.0407422220366726,44.99999999999993,45.71428571428563,29.079999999999927,28.964999999999964,-13371681.0,-13498834.7,-52.380952380952415,-31.40096618357414,49.95813495436887,29.8,29.25,,,,0.0,0.0,0.0,0.0,0.0,0.0,,0.0,0.0,0.0774,0.0659,0.0,7.24,0.0,0,False,0,False,False,False,False,0.40837813548157,False,False,False,False,True,False,False,False,False,True,False,False,False,False,False,False,False,True,0.0,0.0,3.454231433506045,8.0,0.0313055438416039,False,False,False,False,False,False,False,-1,False,3,False,False,212.45944788091492,,3,True,3,False,True,False,True,"market_above_ma60, avoid_chase, obv_uptrend",,close_below_ema20
2026-08-26,41.8,42.1,41.65,41.95,1153950,48327467,1229,聯華,,0.2145468305527771,0.0866945525760044,0.1278522779767726,41.41021720610032,41.48957067127285,42.28611650034954,55.53892490821415,15.723633224406504,0.7771143741526584,1895790.45,77973475.2,42.4,40.8,0.2502412066562402,-0.055171435912365,0.0120627261761157,0.0059952038369304,41.7,0.4953218690614579,42.50985713555755,41.11000000000013,39.7101428644427,0.8000306169334152,0.0681029985676196,71.0526315789475,65.78947368420995,42.0,41.56499999999996,-43296966.0,-48140166.2,-26.829268292682823,90.79944034351388,62.57817065640104,41.325,41.45,,,,0.0,0.0,0.0,0.0,0.0,0.0,,0.0,0.0,1.1498,1.0493,0.0,8.85,0.08,0,False,0,False,False,True,False,0.6086906915265873,False,True,False,False,True,True,False,False,True,True,False,False,False,False,False,False,True,True,-10.0,-12.0,1.072705601907022,15.0,0.8810702241285859,False,False,True,False,False,False,False,-1,False,8,False,False,579.6597496048089,,3,True,3,False,False,False,False,"rsi_strong, market_above_ma60, avoid_chase, liquidity_ok, kd_golden_cross, obv_uptrend, mfi_strong, above_ichimoku_cloud",,
2026-08-26,80.9,81.4,80.6,81.2,228381,18519227,1231,聯華食,,-1.3074226641422086,-1.52447118333208,0.2170485191898712,82.47615833486682,85.13325285926989,88.61283892809152,41.94451763618567,16.490683822381982,1.647695748867333,424518.55,34501434.2,90.3,80.1,0.0762047506560568,-0.1516466456143154,-0.032181168057211,0.0049504950495049,80.8,0.328913156526261,83.09768852067572,81.12500000000018,79.15231147932465,0.5190095900122476,0.048633307135298,27.90697674418613,24.03100775193828,81.5800000000003,81.51000000000022,-29990646.0,-30144766.95,-70.45454545454547,-10.51650692225833,58.55511812394762,89.05000000000001,88.55,,,,0.0,0.0,0.0,0.0,0.0,0.0,,0.0,0.0,0.0353,0.1502,0.0,2.84,-0.08,0,False,0,False,False,False,False,0.537976491251089,False,False,False,False,True,False,False,False,True,True,False,False,False,False,False,False,True,True,10.0,0.0,11.206896551724132,0.0,0.0884092435570514,False,False,False,False,False,False,False,-1,False,5,False,False,366.4406758351955,,3,True,3,False,True,False,True,"market_above_ma60, avoid_chase, kd_golden_cross, obv_uptrend, mfi_strong",,close_below_ema20
2026-08-26,156.5,158.0,156.0,157.5,99677,15646823,1232,大統益,,1.1885456385148814,1.1050582431383118,0.0834873953765695,155.30453869382305,152.4918447271264,150.69545615773637,57.39734353366904,26.188482287183053,3.034186524402056,210262.55,32582279.0,158.0,152.5,0.1027323462567301,0.1536876864086019,0.0161290322580645,0.0063897763578275,156.5,0.2800403395833918,158.47045990927063,155.1,151.72954009072936,0.8560344974581471,0.0434617654322454,73.33333333333333,66.66666666666667,157.1,155.65,3970983.0,3845224.75,-26.666666666666668,93.33333333333276,59.56146505273217,160.125,159.25,,,,0.0,0.0,0.0,0.0,0.0,0.0,,0.0,0.0,0.4152,0.3337,0.0,2.93,0.07,0,False,0,False,False,True,True,0.4740596934641951,False,True,True,False,True,False,False,False,True,True,False,False,False,False,False,False,True,True,-10.0,-12.0,0.3174603174603174,25.0,0.0491274165910395,False,False,False,False,False,False,False,-1,False,8,False,False,598.3301259337344,,5,True,3,False,False,False,False,"ema60_gt_ema120, rsi_strong, market_above_ma60, avoid_chase, adx_trending, kd_golden_cross, obv_uptrend, mfi_strong",,
2026-08-26,28.5,28.6,28.5,28.5,19150,546639,1233,天仁,,-0.085170670446395,-0.122701562585898,0.037530892139503,28.261492736202715,28.45730083260429,28.965756101677883,54.38125686372291,23.95619822860461,0.4255303840179381,25139.2,709899.0,29.0,27.55,-0.1743009446518796,0.0373162139417366,0.0344827586206897,0.0052910052910053,28.35,0.3859756281482822,29.26794492256208,28.31249999999982,27.35705507743756,0.5981218255351411,0.0674927980617937,70.37037037037042,62.9629629629629,28.270000000000078,27.99999999999982,-390236.0,-493107.75,-29.629629629629573,35.85434173669434,61.77283635177986,28.875,28.475,,,,0.0,0.0,0.0,0.0,0.0,0.0,,0.0,0.0,0.0406,-0.1459,0.0,5.53,-0.11,0,False,0,False,False,True,False,0.7617585285132382,False,False,True,False,True,False,False,False,True,True,False,False,False,False,False,False,True,True,-10.0,0.0,1.7543859649122806,15.0,2.0,False,False,False,False,False,False,False,-1,False,6,False,False,471.6175852851324,,5,True,3,False,False,False,False,"market_above_ma60, avoid_chase, adx_trending, kd_golden_cross, obv_uptrend, mfi_strong",,
2026-08-26,25.6,25.85,25.3,25.6,49387,1265148,1236,宏亞,,0.2723511643394154,0.231665207651405,0.0406859566880103,25.169532754047797,25.017161373584017,24.913777007370392,61.55337142348235,21.82954634849283,0.5196816564156272,107496.5,2705175.0,25.55,24.9,0.2443318142201101,-0.0433823164969386,0.009861932938856,0.0058939096267192,25.45,0.2338098407923239,26.04799701872686,25.167500000000064,24.287002981273268,0.7455999229987936,0.0699709560923249,72.22222222222229,72.30936819172105,25.530000000000108,25.44500000000007,4126895.0,3867082.85,-21.42857142857125,83.81569807825923,71.29282017200215,25.075,25.075000000000003,,,,0.0,0.0,0.0,0.0,0.0,0.0,,0.0,0.0,0.2344,0.5241,0.0,0.65,0.02,0,False,0,False,False,True,True,0.4594289116389836,False,True,True,True,True,False,False,False,False,True,False,False,False,False,False,False,True,True,-10.0,0.0,-0.1953125000000027,25.0,0.3988961661127865,False,False,True,False,False,False,False,-1,False,9,False,False,659.3810431097432,,5,True,3,False,False,False,False,"ema60_gt_ema120, rsi_strong, breakout_20d, market_above_ma60, avoid_chase, adx_trending, obv_uptrend, mfi_strong, above_ichimoku_cloud",,
2026-08-26,181.0,186.0,181.0,186.0,62418,11508993,1256,鮮活果汁-KY,,-0.5876242235426048,-1.3258924790377318,0.738268255495127,180.7982558290253,180.78874616300936,175.18168935424592,57.5332650242569,9.264098026093,5.073452753231152,79687.45,14305905.6,186.0,175.5,0.0003594321507469,-0.0574063833894177,0.0568181818181818,0.0219780219780219,182.0,0.439806294380954,186.63162546236669,180.025,173.41837453763333,0.9521975730299368,0.0733967555880203,100.0,82.35294117647027,181.1,179.75,-858523.0,-911130.6,-0.0,134.33583959899752,46.13274284841586,190.875,191.75,,,,0.0,0.0,0.0,0.0,0.0,0.0,,0.0,0.0,0.2199,0.076,0.0,4.71,0.02,0,False,0,False,False,True,True,0.783285197355418,False,True,False,False,False,False,False,False,False,True,False,False,False,False,False,True,False,True,-20.0,-25.0,0.0,25.0,0.0993318840228999,False,False,False,False,False,False,False,-1,False,5,False,False,344.02483458182894,,3,False,3,False,False,False,False,"ema60_gt_ema120, rsi_strong, market_above_ma60, obv_uptrend, cci_momentum",,
2026-08-26,58.5,61.2,58.0,60.1,35637630,2135508575,1301,台塑,,0.3631210056520899,0.1948052184554506,0.1683157871966393,57.90293092145874,55.89208274054125,52.68904072068548,56.07936614797551,13.888573778543124,2.6892768808283822,26678382.35,1524899949.4,60.0,56.2,0.4684682814120579,0.3534844332967318,0.0580985915492957,0.0397923875432526,57.8,0.6986578828846032,60.58667852904586,56.83999999999988,53.09332147095389,0.9350520033580538,0.1318324605575649,71.18644067796616,41.99015855658824,58.41999999999971,58.439999999999785,1443705131.0,1391077597.65,-22.66666666666661,115.5417099342337,68.12144995027774,59.1125,55.85,,,,0.0,0.0,0.0,0.0,0.0,0.0,,0.0,0.0,0.0477,0.0943,0.0,33.16,-0.4,0,False,0,False,False,True,True,1.3358242464802217,False,True,False,True,False,True,False,False,True,True,False,False,False,False,False,True,True,False,-10.0,-25.0,-0.1663893510815331,25.0,0.1691686478826919,False,False,True,False,False,False,False,-1,False,10,False,False,675.3882662393945,,3,False,3,False,False,False,False,"ema60_gt_ema120, rsi_strong, breakout_20d, market_above_ma60, liquidity_ok, kd_golden_cross, obv_uptrend, cci_momentum, mfi_strong, above_ichimoku_cloud",,
2026-08-26,186.5,207.0,186.5,207.0,102977041,20674910229,1303,南亞,,5.813877988967391,5.712430455399815,0.1014475335675761,187.72237027042576,165.7934154877367,137.68627632701163,60.06602614086695,13.347836265028189,14.313864316358336,92159384.7,17043842311.4,207.5,180.0,1.0932862651492803,0.9980807257537369,0.104,0.0981432360742706,188.5,0.6601159693642316,214.5115259247817,184.275,154.0384740752183,0.8757872193474233,0.3281674228710537,80.48780487804878,39.54381210478763,190.7,193.8,5631545998.0,5579737285.0,-18.823529411764707,100.72689511941854,60.49431177198403,181.375,155.2,,,,0.0,0.0,0.0,0.0,0.0,0.0,,0.0,0.0,0.4453,0.1267,0.0,30.69,-0.41,0,False,0,True,True,True,True,1.1173798667950523,False,True,False,False,False,True,False,False,False,True,False,False,False,False,False,True,True,False,-20.0,-12.0,0.2415458937198067,25.0,0.1450575906956151,False,False,True,False,False,False,False,-1,False,10,False,False,700.9144897562979,,3,False,3,False,False,False,False,"macd_golden_cross, ema60_gt_ema120, rsi_strong, market_above_ma60, liquidity_ok, hist_turn_positive, obv_uptrend, cci_momentum, mfi_strong, above_ichimoku_cloud",,
2026-08-26,12.0,12.5,12.0,12.3,4031878,49444615,1304,台聚,,-0.156581163570177,-0.2468779307627256,0.0902967671925485,12.049360673135974,12.557377960808696,12.699560753026969,52.39621356691675,11.314091023590388,0.4411811221594307,2575832.1,30276549.95,12.2,11.8,0.3812593307943199,-0.2716795783941069,0.042372881355932,0.0379746835443037,11.85,0.6857049405586958,12.474274981409414,11.785000000000014,11.095725018590617,0.8735809465671719,0.1169749650249297,75.00000000000011,38.24786324786328,12.0,11.975,347392588.0,341332068.3,-24.99999999999989,115.60457516339824,69.00099656470292,13.9625,13.825,,,,0.0,0.0,0.0,0.0,0.0,0.0,,0.0,0.0,-0.0495,0.1604,0.0,28.53,0.08,0,False,0,False,False,False,False,1.5652720532522286,True,False,False,True,True,False,False,False,True,True,False,False,False,True,False,True,True,True,-10.0,-12.0,-0.8130081300813123,25.0,0.5343910555692389,False,False,False,False,False,False,False,-1,False,9,False,False,630.0654131993531,,3,False,3,False,False,False,False,"volume_break, breakout_20d, market_above_ma60, avoid_chase, kd_golden_cross, obv_uptrend, breakout_volume_confirm, cci_momentum, mfi_strong",,
2026-08-26,12.0,12.35,12.0,12.2,3108966,37876794,1305,華夏,,-0.0647879244315543,-0.1639707958526701,0.0991828714211157,11.885925266401442,12.36220253623529,12.649418670006286,54.21620054664125,12.508599696462966,0.4278167474311644,1423696.9,16607754.85,12.25,11.75,0.4987231416176737,-0.2655420133336252,0.0382978723404254,0.0338983050847456,11.8,0.4519807448274459,12.375480614719503,11.627500000000008,10.879519385280512,0.8826970838105788,0.1286571687326589,79.99999999999996,48.82783882783891,11.970000000000072,11.910000000000036,-4347899.0,-11232137.7,-15.000000000000036,119.57587097923918,63.08859886899514,13.325,13.45,,,,0.0,0.0,0.0,0.0,0.0,0.0,,0.0,0.0,-0.2455,0.0063,0.0,3.5,-0.06,0,False,0,False,False,False,False,2.183727449290646,True,False,False,False,True,False,False,False,True,True,False,False,False,False,False,True,True,True,-10.0,-12.0,0.4098360655737763,25.0,1.0318549937797608,False,False,False,False,False,False,False,-1,False,7,False,False,472.2195344182636,,3,False,3,False,False,False,False,"volume_break, market_above_ma60, avoid_chase, kd_golden_cross, obv_uptrend, cci_momentum, mfi_strong",,
2026-08-26,30.7,30.95,30.7,30.85,355487,10953470,1307,三芳,,-0.4484226059793812,-0.5242283059263653,0.075805699946984,31.092330279768365,32.03412092467829,32.43230070134984,44.78884445780066,23.673464699668397,0.6293872634416594,628250.1,19420627.5,32.5,30.3,-0.1965879299348438,-0.2995797997880683,0.018151815181518,0.0081699346405228,30.6,0.8107807437397088,32.32212445020143,31.0574999999998,29.792875549798165,0.4179598338594863,0.081437620555527,63.1578947368423,50.79365079365076,30.829999999999927,30.61999999999971,9154207.0,10197944.65,-71.69811320754715,-30.63063063063047,39.22143723805331,33.525,34.45,,,,0.0,0.0,0.0,0.0,0.0,0.0,,0.0,0.0,0.1102,0.25,0.0,7.05,0.12,0,False,0,False,False,False,False,0.56583675832284,False,False,True,False,True,False,False,False,True,False,False,False,False,False,False,False,False,True,0.0,0.0,5.3484602917341935,0.0,-0.2775091965567044,False,False,False,False,False,False,False,-1,False,4,False,False,312.32825722454794,,5,True,3,False,True,False,True,"market_above_ma60, avoid_chase, adx_trending, kd_golden_cross",,close_below_ema20
2026-08-26,13.9,14.3,13.8,14.1,2653223,37496259,1308,亞聚,,0.0222863690014669,-0.0811572211070851,0.1034435901085521,13.620320730793544,13.821582068454711,13.945852965583269,57.12474445598375,18.985952468053423,0.4690131131918863,1569153.05,21012272.1,14.15,13.35,0.5198048916220827,-0.0761712705320083,0.0561797752808987,0.0329670329670328,13.65,0.560630283261975,14.29142938869163,13.354999999999972,12.418570611308311,0.8977876009641856,0.1402365239523265,72.00000000000003,50.66666666666666,13.830000000000018,13.629999999999972,-4974974.0,-10759015.85,-25.925925925925903,126.62695786454908,80.18803296809727,15.0375,14.875,,,,0.0,0.0,0.0,0.0,0.0,0.0,,0.0,0.0,0.0773,-0.0291,0.0,4.95,-0.06,0,False,0,False,False,True,False,1.6908631060558432,True,True,False,False,False,False,False,False,True,True,False,False,False,False,False,True,True,True,-10.0,-12.0,0.3546099290780192,25.0,0.4885386487325357,False,False,False,False,False,False,False,-1,False,7,False,False,510.7710948453488,,3,True,3,False,False,False,False,"volume_break, rsi_strong, market_above_ma60, kd_golden_cross, obv_uptrend, cci_momentum, mfi_strong",,
2026-08-26,13.3,13.55,13.25,13.45,2749697,36875910,1309,台達化,,-0.2421910978481776,-0.3801535417576011,0.1379624439094234,13.173015881406617,14.167437810769115,14.628791183894096,51.61238455486561,13.581062268534293,0.5083800079349696,1618585.55,20853239.85,13.4,12.7,0.2762772953103016,-0.4134367304656393,0.0590551181102361,0.0306513409961683,13.05,0.4391899495868195,13.446345013678991,12.8625,12.278654986321008,1.0031300997999235,0.0907825094155867,89.47368421052619,63.15789473684223,13.140000000000054,12.98499999999999,242421689.0,238080320.6,-10.526315789473822,184.8739495798309,71.55538427339408,15.225,16.1,,,,0.0,0.0,0.0,0.0,0.0,0.0,,0.0,0.0,-0.1061,0.7155,0.0,2.62,-0.15,0,False,0,False,False,False,False,1.6988271024661006,True,False,False,True,False,False,False,False,False,True,False,False,True,True,False,True,True,True,-20.0,-25.0,-0.3717472118959029,25.0,0.4265725773653053,False,False,False,False,False,False,False,-1,False,8,False,False,527.1071419530447,,3,True,3,False,False,False,False,"volume_break, breakout_20d, market_above_ma60, obv_uptrend, bb_squeeze_breakout, breakout_volume_confirm, cci_momentum, mfi_strong",,
2026-08-26,13.0,13.0,13.0,13.0,7416765,96417945,1312,國喬,,-0.1215312337938439,-0.2586434074609328,0.1371121736670889,12.079501938772673,12.44812046836066,12.468757706140032,61.65882013645162,10.761075191259184,0.4932510488207448,4545557.65,53779524.7,12.25,11.7,0.3178692803994773,-0.3429823214778446,0.1063829787234043,0.0970464135021096,11.85,0.3662002522941296,12.601280999384205,11.820000000000004,11.038719000615805,1.2551700354482331,0.1321964465963114,100.0,61.53846153846158,12.080000000000018,11.935000000000036,-63343667.0,-64277435.3,-0.0,340.29779058597563,48.22707135317647,13.7,12.89,,,,0.0,0.0,0.0,0.0,0.0,0.0,,0.0,0.0,-0.0502,0.1132,0.0,2.83,0.0,0,False,0,False,False,True,False,1.6316512892538058,True,True,False,True,False,True,False,False,False,True,False,False,True,True,False,True,False,True,-20.0,-25.0,-5.769230769230769,25.0,0.0241640449166603,False,False,False,False,False,False,False,-1,False,9,False,False,601.606481431538,,3,False,3,False,False,False,False,"volume_break, rsi_strong, breakout_20d, market_above_ma60, liquidity_ok, obv_uptrend, bb_squeeze_breakout, breakout_volume_confirm, cci_momentum",,
2026-08-26,8.22,8.55,8.09,8.2,5494310,45406699,1310,台苯,,-0.2487090190420655,-0.3286752788090604,0.0799662597669949,8.268207388731497,8.817842892500378,9.060421471337742,45.59572747329218,14.00387905317793,0.3334275077379107,4720665.95,36859395.55,8.3,8.03,0.5569209945705846,-0.3272762789656229,0.0123456790123457,0.0211706102117061,8.03,0.3827564430938942,8.627273022314402,7.9444999999999935,7.261726977685584,0.6871046392064035,0.1718857127105316,40.67796610169475,21.28167023243744,8.119999999999981,8.140999999999986,140189595.0,134913743.9,-54.68750000000017,83.00669606402086,54.86468543574806,10.614999999999998,10.075,,,,0.0,0.0,0.0,0.0,0.0,0.0,,0.0,0.0,-0.1452,0.1742,0.0,5.07,-0.01,0,False,0,False,False,False,False,1.1638845150650832,False,False,False,False,True,False,False,False,True,True,False,False,False,False,False,False,True,False,0.0,0.0,1.2195121951219683,15.0,0.1779176783057437,False,False,False,True,True,False,False,-1,False,5,True,False,313.7738572903197,,3,False,3,False,True,False,True,"market_above_ma60, avoid_chase, kd_golden_cross, obv_uptrend, mfi_strong","long_upper_shadow, open_high_close_low",close_below_ema20
2026-08-26,11.85,12.05,11.8,11.9,4027456,48145264,1313,聯成,,0.0234591148878919,-0.0465503134108502,0.0700094282987422,11.596233973533383,11.629139782163788,11.50004733847068,54.29256471747798,13.164032123263246,0.446687366885214,3078662.3,34940486.85,11.95,11.4,0.62170418710127,-0.0263465483177432,0.0438596491228069,0.0214592274678111,11.65,0.6106337888056659,12.355949549178334,11.354999999999997,10.354050450821656,0.7722414933137169,0.1763011094986066,81.24999999999996,60.41666666666666,11.730000000000018,11.684999999999992,172075774.0,162910112.65,-17.647058823529424,94.19218585005277,56.029849111211895,12.7625,12.4,,,,0.0,0.0,0.0,0.0,0.0,0.0,,0.0,0.0,-0.0078,-0.0325,0.0,6.88,0.07,0,False,0,False,False,True,True,1.3081837524044129,False,False,False,False,True,False,False,False,False,True,False,False,False,False,False,False,True,True,-20.0,0.0,0.4201680672268818,25.0,0.7471569071757581,False,False,False,True,False,False,False,-1,False,5,True,False,337.04772041015326,,3,False,3,False,False,False,False,"ema60_gt_ema120, market_above_ma60, avoid_chase, obv_uptrend, mfi_strong",long_upper_shadow,
2026-08-26,7.95,8.1,7.94,7.99,17894579,143480008,1314,中石化,,-0.0473938163098193,-0.0983364568317474,0.050942640521928,7.923067950057426,7.986836878232614,7.933866400435875,50.96588079815971,15.078916317745518,0.2681030794307881,23871809.95,186355214.8,8.23,7.66,0.290202677357687,-0.0605164786883042,0.0243589743589744,0.0113924050632912,7.9,0.487221837351354,8.126294997055773,7.7824999999999935,7.438705002944215,0.801778678830426,0.0883507862655391,58.208955223880686,53.23383084577108,7.984000000000014,7.873000000000002,-311553700.0,-333976402.0,-41.791044776119314,109.1060985797826,43.498264882055054,9.3175,8.695,,,,0.0,0.0,0.0,0.0,0.0,0.0,,0.0,0.0,-0.356,0.0185,0.0,9.24,-0.15,0,False,0,False,False,True,True,0.7496113213652659,False,False,False,False,True,True,False,False,True,True,False,False,False,False,False,True,False,True,0.0,-12.0,3.003754693366711,8.0,0.1159424551500593,False,False,False,True,False,False,False,-1,False,7,True,False,429.88742267545337,,3,True,3,False,False,False,False,"ema60_gt_ema120, market_above_ma60, avoid_chase, liquidity_ok, kd_golden_cross, obv_uptrend, cci_momentum",long_upper_shadow,
2026-08-26,66.3,66.5,66.0,66.3,69669,4619849,1315,達新,,0.7350870894053401,0.5854279050333095,0.1496591843720305,65.12850210305794,63.96768791102738,62.8762182032142,65.8628381858656,35.20977425903305,0.8650278447688954,59419.85,3863467.4,66.3,63.6,0.2761717976684309,0.1170552442047629,0.009132420091324,0.0,66.3,0.7733046058630311,67.02845715352939,64.7850000000004,62.541542846471394,0.8376485255393634,0.0692585368072542,88.46153846153855,88.40449502296057,66.21999999999971,65.77000000000007,266037.0,15609.6,-9.677419354838635,99.3553280242712,78.12066712282208,63.400000000000006,62.65,,,,0.0,0.0,0.0,0.0,0.0,0.0,,0.0,0.0,-0.0413,0.0708,0.0,1.23,0.0,0,False,0,False,False,True,True,1.1724869719462436,False,True,True,False,True,False,False,False,False,True,False,False,False,False,False,False,True,True,-20.0,-12.0,0.0,25.0,1.1084895816766216,False,False,True,False,False,False,False,-1,False,8,False,False,583.026744699582,,5,True,3,False,False,False,False,"ema60_gt_ema120, rsi_strong, market_above_ma60, avoid_chase, adx_trending, obv_uptrend, mfi_strong, above_ichimoku_cloud",,
2026-08-26,11.2,11.8,11.15,11.6,7382497,85059779,1316,上曜,,0.2672546069075228,0.1123234863696873,0.1549311205378354,10.60999211032292,10.602387460528616,11.210271661885695,68.31529806764232,25.79900660295264,0.4009751124606682,3099214.15,33574163.35,11.3,10.0,0.7633448701340503,-0.0396788233824554,0.0943396226415094,0.0497737556561084,11.05,1.4855730368391378,11.444209104694446,10.39200000000003,9.339790895305612,1.0740303874061226,0.2025036768080087,82.23350253807106,67.85109983079504,11.160000000000036,10.76500000000001,7335810.0,-19088979.05,-17.67676767676767,175.0846935632893,80.59627387006421,10.5375,10.9,,,,0.0,0.0,0.0,0.0,0.0,0.0,,0.0,0.0,1.0204,0.0263,0.0,4.16,-0.18,0,False,0,False,False,True,False,2.3820544959760204,True,True,True,True,False,False,False,False,False,True,False,False,False,True,False,False,True,True,-20.0,-25.0,-2.586206896551715,25.0,2.0,False,False,True,False,False,False,False,-1,False,9,False,False,697.8205449597602,,6,True,3,False,False,False,False,"volume_break, rsi_strong, breakout_20d, market_above_ma60, adx_trending, obv_uptrend, breakout_volume_confirm, mfi_strong, above_ichimoku_cloud",,
2026-08-26,82.9,83.1,81.7,82.3,1332744,109710736,1319,東陽,,1.7430575602587766,1.1886107607327427,0.5544467995260338,79.87569647583182,80.1131315138744,83.1832319248167,61.77322691053613,32.52517346747692,1.9219347641083384,2951642.6,233674641.15,83.9,79.2,0.922225631620075,-0.3920701734457205,0.0073439412484699,-0.0036319612590798,82.6,0.6991656089065402,87.51514525020762,78.56500000000014,69.61485474979266,0.7086558315862679,0.2278405205933295,22.91666666666656,45.61357243319253,82.65999999999913,82.35999999999986,-14465559.0,-19779650.0,-36.27450980392159,66.66949284270947,76.31370034606724,81.44999999999999,89.8,,,,0.0,0.0,0.0,0.0,0.0,0.0,,0.0,0.0,0.2266,0.127,0.0,11.42,0.36,0,False,0,False,False,True,False,0.4515262112018575,False,True,True,False,True,True,False,False,False,True,False,False,False,False,False,False,True,True,10.0,0.0,1.944106925880934,15.0,0.3282614847007484,False,False,False,False,False,False,False,-1,False,7,False,False,553.4543999284276,,10,True,3,False,False,False,False,"rsi_strong, market_above_ma60, avoid_chase, liquidity_ok, adx_trending, obv_uptrend, mfi_strong",,
2026-08-26,33.1,34.1,33.05,33.75,507831,17067754,1321,大洋,,0.3084275158099245,0.1807132872827678,0.1277142285271567,32.26627852340302,31.795767861514832,32.03140307562484,71.03594614076992,15.278310983074022,0.5395385001391495,141186.65,4572383.2,33.05,31.75,0.1359182812940483,0.1359292075972157,0.0613207547169811,0.021180030257186,33.05,2.3246433399446587,33.182056749896134,32.15999999999995,31.13794325010376,1.277843304768328,0.063560743152748,85.99999999999994,80.1393174380549,32.74999999999964,32.32999999999974,-4263018.0,-5055847.0,-14.000000000000057,301.7881241565463,77.61075311492112,31.6375,30.6,,,,0.0,0.0,0.0,0.0,0.0,0.0,,0.0,0.0,0.0142,-0.0287,0.0,6.98,0.12,0,False,0,False,False,True,False,3.596876900188509,True,True,False,True,False,False,False,False,False,True,False,False,True,True,False,False,True,True,-20.0,-25.0,-2.0740740740740824,25.0,1.32810101071348,False,False,True,False,False,False,False,-1,False,9,False,False,671.9059811304469,,3,False,3,False,False,False,False,"volume_break, rsi_strong, breakout_20d, market_above_ma60, obv_uptrend, bb_squeeze_breakout, breakout_volume_confirm, mfi_strong, above_ichimoku_cloud",,
2026-08-26,21.6,21.6,21.35,21.55,26256,563306,1323,永裕,,0.408855096044256,0.3784721385373419,0.0303829575069141,21.09718943649472,20.519961839445525,20.23562482331126,65.81847559602676,25.0768533603289,0.3926716186662737,68596.3,1445068.55,21.7,21.3,0.5701977767976883,0.1286306433396944,0.0070093457943927,-0.0023148148148148,21.6,0.2932567986132818,22.58487081559325,20.94000000000005,19.295129184406857,0.6854248960517787,0.1571032297605724,75.00000000000014,66.27450980392193,21.590000000000327,21.52500000000009,1557864.0,1363739.2,-24.444444444444475,53.07669874599022,72.01761741913629,20.1125,19.975,,,,0.0,0.0,0.0,0.0,0.0,0.0,,0.0,0.0,0.2899,0.0444,0.0,1.46,0.0,0,False,0,False,False,True,True,0.382761169334206,False,True,True,False,True,False,False,False,True,True,False,False,False,False,False,False,True,True,-10.0,0.0,0.6960556844547497,25.0,0.4448759497322004,False,False,True,False,False,False,False,-1,False,9,False,False,694.1661230901285,,5,True,3,False,False,False,False,"ema60_gt_ema120, rsi_strong, market_above_ma60, avoid_chase, adx_trending, kd_golden_cross, obv_uptrend, mfi_strong, above_ichimoku_cloud",,
2026-08-26,10.05,10.15,10.05,10.15,14145,142990,1324,地球,,-0.0476033761847514,-0.0639095181435896,0.0163061419588382,10.090274396848184,10.25217073468698,10.419636726580878,51.89198337112804,14.747718721542553,0.1355486554223527,26454.1,265126.1,10.2,9.98,0.0564345171130838,-0.1075440794662277,0.0160160160160161,0.0170340681362726,9.98,0.4275483397775989,10.18546477235198,10.040000000000031,9.89453522764808,0.8780984159306481,0.0289770462852489,78.26086956521773,39.13043478260867,10.05600000000013,10.076999999999998,637549.0,637762.75,-20.833333333333027,109.8732232039957,42.07257462954136,10.3875,10.5,,,,0.0,0.0,0.0,0.0,0.0,0.0,,0.0,0.0,0.0657,0.0098,0.0,0.93,0.0,0,False,0,False,False,False,False,0.534699725184376,False,False,False,False,True,False,False,False,True,False,False,False,False,False,False,True,False,False,-10.0,-12.0,0.4926108374384131,25.0,-0.0010866613720213,False,False,False,False,False,False,False,-1,False,4,False,False,273.33395731537945,,3,False,3,False,False,False,False,"market_above_ma60, avoid_chase, kd_golden_cross, cci_momentum",,
2026-08-26,25.9,26.2,25.9,26.0,86374,2245246,1325,恆大,,0.0011800747484542,0.0742406268441176,-0.0730605520956634,26.208261374548528,26.23350099058334,26.80071320663578,48.05897462353008,26.764637283069906,0.6770063964732833,286696.4,7585983.4,27.4,25.85,-0.0299987327421388,0.0397366132171368,-0.0057361376673039,0.0058027079303675,25.85,0.4632336088054946,27.02729915386907,26.26500000000005,25.50270084613104,0.3261837241619264,0.058046765952333,21.739130434782638,17.391304347826008,26.190000000000147,26.130000000000017,6925657.0,6870545.85,-88.0952380952381,-71.21303560651735,45.081300115520925,25.15,26.4,,,,0.0,0.0,0.0,0.0,0.0,0.0,,0.0,0.0,-0.0016,-0.0759,0.0,1.05,0.14,0,False,0,False,False,False,False,0.3012734028051974,False,False,True,False,True,False,False,False,True,True,False,False,False,False,False,False,False,True,10.0,0.0,5.38461538461538,0.0,0.0198125255447516,False,False,False,False,False,False,False,-1,False,5,False,False,373.250484334589,,5,True,3,False,True,False,True,"market_above_ma60, avoid_chase, adx_trending, kd_golden_cross, obv_uptrend",,close_below_ema20
2026-08-26,57.9,60.9,57.7,60.3,28271104,1698215711,1326,台化,,-0.5300513163479366,-0.5516236254867269,0.0215723091387903,59.383422545540704,57.921201104820426,53.22561536259714,51.7749485595482,10.858443000091288,3.1803283707365715,25355515.85,1486472265.45,60.5,56.7,0.1530383500675701,0.2559870579692,0.0634920634920634,0.039655172413793,58.0,0.3968350605384154,60.93859143182733,58.48999999999997,56.0414085681726,0.8696002478145649,0.0837268398641603,74.9999999999999,41.24779541446211,58.77999999999993,58.92999999999993,1284864308.0,1245939956.2,-25.000000000000096,69.34306569343084,52.17367134761356,63.150000000000006,58.325,,,,0.0,0.0,0.0,0.0,0.0,0.0,,0.0,0.0,0.3418,0.1301,0.0,37.18,-0.27,0,False,0,True,True,True,True,1.1149883191984042,False,False,False,False,False,True,False,False,True,True,False,False,False,False,False,False,True,False,-10.0,-12.0,0.3316749585406349,25.0,0.2225756294407996,False,False,False,False,False,False,False,-1,False,8,False,False,576.8207907452736,,3,False,3,False,False,False,False,"macd_golden_cross, ema60_gt_ema120, market_above_ma60, liquidity_ok, hist_turn_positive, kd_golden_cross, obv_uptrend, mfi_strong",,
2026-08-26,14.4,14.5,14.35,14.45,46342,668358,1338,廣華-KY,,-0.4113561268627759,-0.4055745876747955,-0.0057815391879804,14.955280415985508,15.71887555035962,16.522359968511477,32.53197375352411,44.620845993649006,0.3451691561962606,93915.55,1403246.0,15.5,14.35,-0.4007956522716284,-0.3045565372980584,-0.0170068027210884,0.0069686411149825,14.35,0.893737691364683,15.7128892449147,14.949999999999957,14.187110755085213,0.1722984343187112,0.1020587618615045,30.76923076923064,19.78021978021934,14.529999999999928,14.59499999999998,19681.0,330941.5,-83.33333333333339,-101.59529806885,28.06544556691325,16.7375,16.525,,,,0.0,0.0,0.0,0.0,0.0,0.0,,0.0,0.0,-0.167,-0.1719,0.0,6.29,0.01,0,False,0,False,False,False,False,0.493443311570874,False,False,True,False,True,False,False,False,True,False,False,False,False,False,False,False,False,False,0.0,12.0,7.266435986159175,0.0,-0.6747459634024454,False,False,False,False,False,False,False,-1,False,4,False,False,263.83748155487945,,10,False,3,False,True,False,True,"market_above_ma60, avoid_chase, adx_trending, kd_golden_cross",,close_below_ema20
2026-08-26,45.8,46.4,45.3,46.3,350661,16102793,1339,昭輝,,0.3582755592423581,0.3337585667565792,0.0245169924857788,45.280612468817935,44.42005050552426,43.86825755011763,61.83365841438245,17.862858992761,0.8900781095431257,131038.6,5943359.15,46.35,45.0,0.2011821692600019,0.0688345046762295,0.0187018701870185,0.0209481808158764,45.35,0.6693760478547417,46.6031600578631,45.18249999999998,43.76183994213687,0.8933030966186589,0.0628854117352124,65.95744680851048,42.55319148936178,45.59000000000015,45.615000000000144,504281.0,-54512.9,-34.042553191489525,101.545253863134,80.94079608847146,44.625,43.5,,,,0.0,0.0,0.0,0.0,0.0,0.0,,0.0,0.0,0.0189,0.1469,0.0,1.92,0.05,0,False,0,True,True,True,True,2.676013022117147,True,True,False,False,True,False,False,False,True,True,False,False,False,False,False,True,True,False,0.0,-12.0,0.1079913606911539,25.0,1.8049936531531985,False,False,True,False,False,False,False,-1,False,12,False,False,876.4200540590099,,3,False,3,False,False,False,False,"macd_golden_cross, ema60_gt_ema120, volume_break, rsi_strong, market_above_ma60, avoid_chase, hist_turn_positive, kd_golden_cross, obv_uptrend, cci_momentum, mfi_strong, above_ichimoku_cloud",,
2026-08-26,5.34,5.4,5.29,5.33,162274,865344,1340,勝悅-KY,,-0.0140510085492717,-0.0477563259909649,0.0337053174416931,5.195957695988598,5.379247344178855,5.711186313992619,57.85514951440595,15.096178179035808,0.1414081605555735,166298.25,859974.75,5.33,5.07,0.1967657455150921,-0.2187317624441603,0.0349514563106796,0.0,5.33,2.157458855989688,5.319650496784397,5.140999999999986,4.962349503215575,1.0289657834763608,0.0695002905210704,64.00000000000006,59.333333333333336,5.215999999999985,5.175,-1454759.0,-1862509.05,-35.99999999999994,182.01754385965057,75.63971305488593,5.5675,5.6850000000000005,,,,0.0,0.0,0.0,0.0,0.0,0.0,,0.0,0.0,1.3888,0.3924,0.0,26.14,0.07,0,False,0,False,False,False,False,0.975801008128468,False,True,False,False,True,False,False,False,False,True,False,False,True,False,False,False,True,True,0.0,-25.0,0.0,25.0,0.3336305546570255,False,False,False,True,False,False,False,-1,False,6,True,False,453.761576737169,,3,False,3,False,False,False,False,"rsi_strong, market_above_ma60, avoid_chase, obv_uptrend, bb_squeeze_breakout, mfi_strong",long_upper_shadow,
2026-08-26,59.9,59.9,59.9,59.9,1002,60019,1341,富林-KY,,-4.073972227516101,-2.696294047680791,-1.3776781798353106,50.28436761383366,54.72694564109384,56.60301758078692,53.42286831394309,15.734845663413806,9.61950231221012,8014.85,475332.45,60.7,0.0,,,0.0256849315068492,0.0,59.9,1.332105143415219,89.05524652741072,53.41000000000031,17.764753472589902,0.5910359814037058,1.3347780014008688,98.1967213114754,65.46448087431781,35.880000000000656,48.00000000000036,-385861.0,-399122.55,-2.2838499184339294,41.6862315437992,77.06543363232097,30.65,31.85,,,,0.0,0.0,0.0,0.0,0.0,0.0,,0.0,0.0,0.2254,0.3946,0.0,80.0,0.0,0,False,0,False,False,True,False,0.1250179354573073,False,False,False,False,True,False,False,False,False,True,False,False,False,False,False,False,True,False,-20.0,0.0,1.335559265442411,15.0,0.2449420757309114,False,False,True,False,False,False,False,-1,False,5,False,False,314.189484263344,,3,False,3,False,False,False,False,"market_above_ma60, avoid_chase, obv_uptrend, mfi_strong, above_ichimoku_cloud",,
2026-08-26,103.0,104.0,102.5,103.5,106595,11006850,1342,八貫,,-1.2070958106229313,-1.6142583364451648,0.4071625258222335,103.71884514898552,104.55068536813388,101.5429865807837,47.4642642601332,20.63580024762969,2.532737339649867,351304.0,35344824.55,104.0,101.0,0.1749776371932119,-0.1481131076509236,0.0147058823529411,0.0048543689320388,103.0,0.3304430058310063,105.80189140844976,102.1,98.39810859155024,0.6890925267019489,0.0725150128981345,66.66666666666667,59.25925925925852,103.3,102.8,8822018.0,8674901.1,-40.0,58.23680823680805,50.52838867780985,113.75,106.15,,,,0.0,0.0,0.0,0.0,0.0,0.0,,0.0,0.0,0.7692,0.0957,0.0,32.76,0.05,0,False,0,False,False,False,True,0.303426661808576,False,False,True,False,True,False,False,False,False,True,False,False,False,False,False,False,True,True,0.0,0.0,0.4830917874396135,25.0,0.0734858790409499,False,False,False,False,False,False,False,-1,False,6,False,False,463.9160971665772,,5,True,3,False,True,False,True,"ema60_gt_ema120, market_above_ma60, avoid_chase, adx_trending, obv_uptrend, mfi_strong",,close_below_ema20
2026-08-26,24.65,25.2,24.6,24.85,12666963,314941242,1409,新纖,,0.1357005659907777,-0.0254847365799113,0.1611853025706891,24.19111119331849,23.63268992032621,21.747438055234703,55.025642332464486,10.054820913270824,1.0166722673734865,11243370.3,267225618.65,25.25,24.1,0.8603099622452333,-0.298980470816732,0.0311203319502073,0.016359918200409,24.45,0.6088394014700873,26.497123994526344,23.630000000000063,20.76287600547378,0.7127567559563311,0.2426681332650252,51.51515151515164,32.32323232323264,24.5,24.575,463254389.0,441360357.75,-24.615384615384528,64.20720426597038,57.358301184907845,28.05,25.35,,,,0.0,0.0,0.0,0.0,0.0,0.0,,0.0,0.0,0.5623,0.3059,0.0,10.27,-0.19,0,False,0,False,False,True,True,1.1266161890976765,False,True,False,False,True,True,False,False,True,True,False,False,False,False,False,False,True,False,0.0,0.0,1.609657947686111,15.0,0.301058953833781,False,False,False,False,False,False,False,-1,False,8,False,False,564.8788693369821,,3,False,3,False,False,False,False,"ema60_gt_ema120, rsi_strong, market_above_ma60, avoid_chase, liquidity_ok, kd_golden_cross, obv_uptrend, mfi_strong",,
2026-08-26,29.0,29.05,28.3,28.55,15096081,430312720,1402,遠東新,,0.4390203637795054,0.2450297994236909,0.1939905643558144,28.136721042535804,27.67290388342524,27.57203142247114,54.84110255212838,20.637785106836866,0.8182743974871935,19400363.55,542241188.75,30.35,26.95,0.4722847448559431,0.0069304584322054,0.019642857142857,-0.0155172413793103,29.0,0.6534377645137277,29.73586298088781,27.779999999999973,25.824137019112136,0.696844054906775,0.140810869754344,47.50000000000006,58.75,29.31000000000004,28.395000000000078,-19093781.0,-70104832.05,-52.49999999999994,75.82260371959963,59.47011564195496,27.5375,26.6,,,,0.0,0.0,0.0,0.0,0.0,0.0,,0.0,0.0,0.2058,0.0194,0.0,17.35,0.54,0,False,0,False,False,True,True,0.778133923165579,False,False,True,False,True,True,False,False,False,True,False,False,False,False,False,False,True,True,0.0,0.0,6.304728546409811,0.0,0.7998445094620575,False,False,True,False,False,False,False,-1,False,8,False,False,602.3794733452005,,5,True,3,False,False,False,False,"ema60_gt_ema120, market_above_ma60, avoid_chase, liquidity_ok, adx_trending, obv_uptrend, mfi_strong, above_ichimoku_cloud",,
2026-08-26,24.65,25.2,24.5,24.75,233732,5797467,1410,南染,,-0.2448600909298015,-0.1350578393265231,-0.1098022516032783,25.55289145130443,26.17411913851692,27.57384314090722,38.9287047357389,13.012188743173873,0.8027001871167875,60036.35,1534251.1,26.4,24.75,-0.1633980730316545,0.023429878334149,-0.0350877192982456,0.0,24.75,0.4776986590697457,26.490517592972573,25.64499999999989,24.79948240702721,-0.0292616069958018,0.0659401515283827,11.904761904761896,11.095446950709931,25.11999999999971,25.46999999999989,-4859965.0,-4598204.25,-88.0952380952381,-200.36221523210477,35.42600211922917,26.575000000000003,26.475,,,,0.0,0.0,0.0,0.0,0.0,0.0,,0.0,0.0,0.3074,0.4139,0.0,19.0,0.01,0,False,0,False,False,False,False,3.893174718316487,True,False,False,False,True,False,False,False,True,False,False,False,False,False,False,False,False,False,20.0,25.0,6.666666666666661,0.0,-0.4403730101723337,False,False,False,True,False,False,False,-1,False,4,True,False,298.6472710610969,,3,False,3,False,True,False,True,"volume_break, market_above_ma60, avoid_chase, kd_golden_cross",long_upper_shadow,close_below_ema20
2026-08-26,9.3,9.48,9.25,9.41,28770,268411,1413,宏洲,,-0.0433955126119034,-0.0429590628068138,-0.0004364498050896,9.402803777826696,9.45615103934271,9.564692953782128,49.68306608027927,8.804354163496141,0.2453397150772639,45428.1,419664.65,9.55,9.24,-0.0406328988127025,-0.0148538318447952,0.0183982683982684,0.0118279569892472,9.3,0.4181934699377229,9.563989473400175,9.373999999999976,9.184010526599778,0.5947420911162566,0.0405354114359291,75.0,57.22222222222263,9.357999999999992,9.365000000000007,-857574.0,-847043.65,-57.14285714285699,18.060157214318064,38.68646306312981,9.3775,9.44,,,,0.0,0.0,0.0,0.0,0.0,0.0,,0.0,0.0,0.019,0.0424,0.0,0.51,0.0,0,False,0,False,False,False,False,0.6333084588613656,False,False,False,False,True,False,False,False,True,False,False,False,False,False,False,False,False,False,-10.0,0.0,1.4877789585547352,15.0,-0.0243560936727309,False,False,False,False,False,False,False,-1,False,3,False,False,201.04081146454087,,3,False,3,False,False,False,False,"market_above_ma60, avoid_chase, kd_golden_cross",,
2026-08-26,19.55,19.75,18.85,19.0,751316,14500923,1414,東和,,0.2888402863362387,0.3818179139626947,-0.092977627626456,19.46394711303548,18.652106930934945,18.207501952611477,46.99433191561513,23.77815921245252,0.7120855142404722,370845.25,7207203.25,20.5,19.05,0.2565711695957238,0.3022838948662883,-0.05,-0.0306122448979592,19.6,0.9428315300617788,20.64534439172724,19.520000000000078,18.394655608272902,0.2689596163526513,0.1153016794802422,7.317073170731648,23.86759581881597,19.740000000000144,19.81000000000004,14693627.0,14298402.1,-90.4761904761905,-44.47974583002344,54.13334615607813,18.5375,16.85,,,,0.0,0.0,0.0,0.0,0.0,0.0,,0.0,0.0,-0.1462,-0.1416,0.0,1.45,0.11,0,False,0,False,False,True,True,2.0259555704165013,True,False,True,False,True,False,False,False,False,True,False,False,False,False,False,False,True,False,20.0,0.0,7.894736842105263,0.0,0.3053750372266597,False,False,True,False,False,False,False,-1,False,8,False,False,533.9240561508849,,3,True,3,False,True,True,True,"ema60_gt_ema120, volume_break, market_above_ma60, avoid_chase, adx_trending, obv_uptrend, mfi_strong, above_ichimoku_cloud",,"close_below_ema20, close_below_swing_low"
2026-08-26,11.9,11.9,11.65,11.9,425409,4998937,1416,廣豐,,0.2582552476313449,0.1975467327368118,0.060708514894533,11.537084143135315,11.294770273938395,11.323151732341646,66.36198527973119,32.34107302190558,0.2517178376496456,691595.9,7940514.15,12.05,11.4,0.7203830697731988,0.0509092521218156,0.0127659574468086,0.0,11.9,0.5708502871436842,12.387175874045385,11.375,10.362824125954615,0.7593422810512775,0.1779649888431442,47.05882352941183,57.867815318347006,11.920000000000073,11.855000000000018,9496516.0,5187005.65,-28.12499999999996,65.33167936676733,82.37357939616572,11.0375,11.3,,,,0.0,0.0,0.0,0.0,0.0,0.0,,0.0,0.0,0.7425,-0.0852,0.0,6.87,0.23,0,False,0,False,False,True,False,0.6151120907454772,False,True,True,False,True,False,False,False,False,True,False,False,False,False,False,False,True,True,0.0,0.0,1.2605042016806751,15.0,1.50998773094815,False,False,True,False,False,False,False,-1,False,7,False,False,569.2709736788325,,10,True,3,False,False,False,False,"rsi_strong, market_above_ma60, avoid_chase, adx_trending, obv_uptrend, mfi_strong, above_ichimoku_cloud",,
2026-08-26,8.27,8.3,8.23,8.28,132069,1092224,1417,嘉裕,,-0.0605199294183371,-0.0738661969425245,0.0133462675241873,8.314400109305279,8.44817437291782,8.531418899355748,45.51219754596496,15.342332490578556,0.1278465917579804,116813.85,964021.05,8.33,8.18,0.0204684450928085,-0.0654190945309584,0.0122249388753055,0.0060753341433776,8.23,0.6897943064791398,8.348955509328137,8.267500000000018,8.186044490671899,0.5767290027592179,0.019704991672965,63.15789473684186,63.15789473684223,8.276000000000021,8.271000000000004,6829501.0,6681555.6,-36.84210526315814,12.54480286738915,49.70310751266574,8.805,8.67,,,,0.0,0.0,0.0,0.0,0.0,0.0,,0.0,0.0,-0.0808,-0.1225,0.0,1.38,-0.02,0,False,0,False,False,False,False,1.1305936753218904,False,False,False,False,True,False,False,False,False,True,False,False,False,False,False,False,False,True,0.0,0.0,0.6038647342995256,25.0,0.1933261501932378,False,False,False,True,False,False,False,-1,False,3,True,False,218.62585055553777,,3,False,3,False,True,False,True,"market_above_ma60, avoid_chase, obv_uptrend",long_upper_shadow,close_below_ema20
2026-08-26,17.8,17.95,17.55,17.95,11606,206439,1418,東華,,-0.140819358618355,-0.1421311678682531,0.001311809249898,17.978054595768363,18.228712163309016,18.520110728717405,47.520881672734255,16.305531547923565,0.34380719451368,13848.8,248676.4,18.45,17.65,-0.1179968167202753,-0.0674299772574541,0.0112676056338028,0.0084269662921347,17.8,0.9888336174209482,18.294065861768747,17.960000000000036,17.625934138231326,0.4850328914976644,0.0372010981925066,66.66666666666667,49.49494949494935,17.8,17.83000000000002,236427.0,294060.4,-33.333333333333336,-64.7137660348474,51.58559306208178,18.675,18.55,,,,0.0,0.0,0.0,0.0,0.0,0.0,,0.0,0.0,45.3333,-0.289,0.0,0.99,0.02,0,False,0,True,True,False,False,0.8380509502628387,False,False,False,False,True,False,False,False,True,False,False,False,False,False,False,False,True,False,0.0,0.0,2.785515320334262,8.0,-0.581983235843244,False,False,False,False,False,False,False,-1,False,6,False,False,434.3967106725095,,3,False,3,False,True,False,True,"macd_golden_cross, market_above_ma60, avoid_chase, hist_turn_positive, kd_golden_cross, mfi_strong",,close_below_ema20
2026-08-26,65.3,66.7,64.6,66.7,114836,7504944,1419,新紡,,-0.1917769723815894,-0.3672356061120255,0.1754586337304361,65.58430709244051,65.71936588326182,65.45358397454383,54.43711739432538,15.416079522599867,1.5289443113865933,117014.45,7714370.65,70.1,63.4,-0.1383719312200954,-0.0164151796419585,0.0520504731861199,0.0214395099540583,65.3,0.2731314423067757,68.29890407852785,65.50500000000011,62.71109592147237,0.7138584515452656,0.0853035364789783,90.00000000000018,72.5,65.8800000000003,65.03000000000029,9891358.0,9923417.35,-9.999999999999805,28.01932367149765,58.25257302494774,66.92500000000001,66.3,,,,0.0,0.0,0.0,0.0,0.0,0.0,,0.0,0.0,0.3069,0.3277,0.0,1.37,0.03,0,False,0,False,False,True,True,0.9813830685013688,False,False,False,False,False,False,False,False,False,False,False,False,False,False,False,False,True,True,-20.0,0.0,5.097451274362806,0.0,-0.10888372872625,False,False,False,False,False,False,False,-1,False,3,False,False,203.5072259402987,,3,True,3,False,False,False,False,"ema60_gt_ema120, market_above_ma60, mfi_strong",,
2026-08-26,34.85,35.5,34.85,35.5,12596,443799,1423,利華,,-0.3985324217099659,-0.4953943295150889,0.096861907805123,35.639346141782326,37.104993412808525,37.630289733511695,45.11793110420164,11.72980329290231,0.7511249797037015,14017.7,496662.55,36.1,34.8,-0.0381085455196728,-0.3978139507808694,0.0201149425287356,0.0085227272727272,35.2,0.7923013585837794,36.09905386960571,35.50500000000002,34.91094613039432,0.4957916274467368,0.0334631105255989,68.75000000000003,50.69444444444465,35.45,35.389999999999965,7223146.0,7198596.2,-38.88888888888896,-58.8235294117649,49.01099132517269,39.075,40.650000000000006,,,,0.0,0.0,0.0,0.0,0.0,0.0,,0.0,0.0,0.1014,1.0635,0.0,1.17,0.01,0,False,0,False,False,False,False,0.8985782260998594,False,False,False,False,True,False,False,False,True,True,False,False,False,False,False,False,False,True,0.0,0.0,1.6901408450704265,15.0,0.0104020852576626,False,False,False,False,False,False,False,-1,False,4,False,False,324.1106072840905,,3,False,3,False,True,False,True,"market_above_ma60, avoid_chase, kd_golden_cross, obv_uptrend",,close_below_ema20
2026-08-26,15.05,15.1,15.0,15.05,49327,741641,1432,大魯閣,,-0.0800900792191097,-0.0979204188457018,0.0178303396265921,15.10249229067133,15.552178831271071,16.148223033337093,43.322834462862346,14.766939485036216,0.1532700297864322,112815.45,1705694.5,15.3,15.0,-0.0223820183293861,-0.2572320305798801,0.0033333333333334,0.0,15.05,0.4167290105787988,15.259012194626612,15.095000000000118,14.930987805373624,0.3628150787732707,0.0217306650714134,25.000000000000444,15.0,15.040000000000145,15.060000000000128,-11747737.0,-11782699.2,-87.49999999999983,-57.14285714285738,44.43101806896428,15.75,16.425,,,,0.0,0.0,0.0,0.0,0.0,0.0,,0.0,0.0,-0.4061,0.0632,0.0,0.63,-0.08,0,False,0,False,False,False,False,0.4372362118840992,False,False,False,False,True,False,False,False,False,True,False,False,False,False,False,False,False,False,10.0,0.0,1.661129568106312,15.0,0.0538171725693687,False,False,False,False,False,False,False,-1,False,3,False,False,165.01816818967342,,3,False,3,False,True,False,True,"market_above_ma60, avoid_chase, obv_uptrend",,close_below_ema20
2026-08-26,17.7,18.0,17.7,17.9,2537928,45396041,1434,福懋,,-0.006706800238895,-0.0409726172651224,0.0342658170262273,17.736962187894655,17.496124970893998,17.108822478611405,52.88510009018245,25.005527669627035,0.4976337839609652,2264247.95,39729943.4,18.1,17.5,0.2012052846602499,0.1358382224194553,0.0228571428571426,0.0112994350282484,17.7,0.5920470941011255,18.055672641864927,17.535000000000082,17.014327358135237,0.8505081414424137,0.0593866714416701,54.99999999999972,43.333333333333336,17.829999999999927,17.690000000000055,6501581.0,8169091.5,-36.00000000000023,108.61086108610854,61.1493639184397,18.7375,17.625,,,,0.0,0.0,0.0,0.0,0.0,0.0,,0.0,0.0,-0.0154,0.0017,0.0,8.26,0.15,0,False,0,False,False,True,True,1.1208701767843048,False,False,True,False,True,False,False,False,True,False,False,False,False,False,False,True,True,True,0.0,-12.0,1.117318435754206,15.0,-0.080698861789134,False,False,False,False,False,False,False,-1,False,7,False,False,503.2403154263734,,5,True,3,False,False,False,False,"ema60_gt_ema120, market_above_ma60, avoid_chase, adx_trending, kd_golden_cross, cci_momentum, mfi_strong",,
2026-08-26,22.0,23.55,22.0,23.55,18230,426025,1435,中福,,0.1452768888923579,0.3547310411372332,-0.2094541522448753,23.44045992215662,22.100706246799405,21.49573725372587,50.85047934210432,7.2193203559579455,1.7347214393758423,30242.35,710784.85,25.5,21.9,0.1867163100064351,,-0.0328542094455852,0.0753424657534247,21.9,0.5506248809998096,25.78833273164927,23.47999999999997,21.171667268350674,0.5151624588258586,0.1966211866822232,46.57534246575343,18.280585734530177,23.18999999999996,23.834999999999944,-464545.0,-482514.05,-56.98924731182795,-33.02670244027138,73.59233606207212,20.2375,16.525,,,,0.0,0.0,0.0,0.0,0.0,0.0,,0.0,0.0,0.0,0.0,0.0,0.23,0.0,0,False,0,False,False,True,True,0.6027970709948136,False,False,False,False,True,False,False,False,True,True,False,False,False,False,False,False,True,False,0.0,0.0,8.280254777070061,0.0,0.0816709662802281,False,False,True,False,False,False,False,-1,False,7,False,False,462.0080223053109,,3,False,3,False,False,False,False,"ema60_gt_ema120, market_above_ma60, avoid_chase, kd_golden_cross, obv_uptrend, mfi_strong, above_ichimoku_cloud",,
2026-08-26,38.15,38.8,38.15,38.8,123956,4767105,1436,華友聯,,-0.6127056470249315,-1.1186720054780483,0.5059663584531169,38.30523723724567,41.54498800134176,46.74399373344445,50.11181300930969,23.45628750571738,0.8681386525734177,298232.5,11055260.55,38.8,36.55,0.4526324371385053,-0.4885786384079139,0.0210526315789472,0.0170380078636958,38.15,0.3522767554471085,39.37163532851567,37.199999999999726,35.02836467148378,0.8683859759948002,0.1167545875546216,93.99999999999976,85.33333333333333,38.619999999999706,37.96999999999971,-12172790.0,-12729050.95,-4.225352112676212,109.3283582089549,91.02788364929182,45.7375,46.650000000000006,,,,0.0,0.0,0.0,0.0,0.0,0.0,,0.0,0.0,-0.9399,-0.6398,0.0,6.28,0.06,0,False,0,False,False,False,False,0.4156354522059132,False,False,True,False,True,False,False,False,False,True,False,False,False,False,False,True,True,True,-20.0,-12.0,0.0,25.0,0.343920480878609,False,False,False,False,False,False,False,-1,False,6,False,False,381.2834002926024,,5,True,3,False,False,False,False,"market_above_ma60, avoid_chase, adx_trending, obv_uptrend, cci_momentum, mfi_strong",,
2026-08-26,31.7,32.25,31.55,32.15,81083,2586409,1437,勤益控,,0.4054501482157349,0.3091960637624999,0.0962540844532349,31.397138934605493,30.764143675391317,30.714850887533625,61.81245429722641,20.98411157624132,0.5822456248909769,701020.15,20669795.5,32.4,30.4,0.2843983329928864,0.1477637610072794,-0.0015527950310559,0.0125984251968502,31.75,0.0594984791725532,32.94712939366291,31.18500000000004,29.422870606337167,0.7738164414799442,0.1130113447915902,70.27027027027006,62.86140791954737,32.08999999999978,31.84499999999989,3556807.0,9633499.4,-17.187500000000117,80.94327597195667,17.80799963665463,30.5625,29.9,,,,0.0,0.0,0.0,0.0,0.0,0.0,,0.0,0.0,-0.3401,-0.083,0.0,8.78,0.09,0,False,0,False,False,True,True,0.1156642929593393,False,True,True,False,True,False,False,False,True,False,False,False,False,False,False,False,False,True,-10.0,0.0,0.7776049766718507,25.0,-2.0,False,False,True,False,False,False,False,-1,False,7,False,False,432.1566429295934,,5,True,3,False,False,False,False,"ema60_gt_ema120, rsi_strong, market_above_ma60, avoid_chase, adx_trending, kd_golden_cross, above_ichimoku_cloud",,
2026-08-26,22.4,22.65,22.0,22.4,75207,1677983,1438,三地開發,,0.0474711826641822,0.0710618859912935,-0.0235907033271112,22.37223036533511,22.619146364204457,24.437462494073344,51.27775341948353,9.606050335311432,0.5468057296240362,48594.1,1108648.25,23.3,22.2,-0.1489643709469385,0.0852635008212077,-0.0022271714922049,0.0044843049327354,22.3,0.8397102754020542,23.085599453491405,22.527500000000146,21.969400546508886,0.3857730470774024,0.0495482812998562,68.74999999999989,66.66666666666667,22.390000000000143,22.38000000000011,-1095621.0,-1106400.8,-31.25000000000011,-49.20331421287525,56.009690092965286,22.2375,22.275,,,,0.0,0.0,0.0,0.0,0.0,0.0,,0.0,0.0,0.0,34.6834,0.0,0.49,0.02,0,False,0,False,False,False,False,1.5476570200909163,True,False,False,False,True,False,False,False,True,True,False,False,False,False,False,False,True,True,0.0,0.0,4.017857142857153,0.0,0.0391536168115656,False,False,True,False,False,False,False,-1,False,7,False,False,485.946413602648,,3,False,3,False,False,False,False,"volume_break, market_above_ma60, avoid_chase, kd_golden_cross, obv_uptrend, mfi_strong, above_ichimoku_cloud",,
2026-08-26,29.7,29.7,29.25,29.55,8002,236508,1439,雋揚,,0.8447201504638606,0.8772019863792193,-0.0324818359153586,28.650870623468894,27.16477108725097,26.898843572204814,63.99736639186629,9.938832015494492,0.7548618134301472,57562.95,1653929.25,29.65,28.55,0.3465643109713464,0.3531086910614734,0.0085324232081911,-0.0033726812816188,29.65,2.911338326540979,30.23723865215727,28.80250000000005,27.36776134784284,0.7605004050305729,0.0996259805334406,89.74358974358978,93.06999306999326,29.55,29.230000000000015,1226940.0,919795.85,-8.510638297872305,90.05979073243648,69.78897668387346,25.2,25.3,,,,0.0,0.0,0.0,0.0,0.0,0.0,,0.0,0.0,-0.8515,0.0203,0.0,1.4,0.02,0,False,0,False,False,True,True,0.1390130283454896,False,True,False,False,True,False,False,False,False,True,False,False,False,False,False,False,True,True,-20.0,0.0,0.3384094754653058,25.0,1.2104357435840936,False,False,True,False,False,False,False,-1,False,7,False,False,440.915359206464,,3,True,3,False,False,False,False,"ema60_gt_ema120, rsi_strong, market_above_ma60, avoid_chase, obv_uptrend, mfi_strong, above_ichimoku_cloud",,
2026-08-26,13.55,13.75,13.5,13.75,696101,9502654,1440,南紡,,0.1933531564735844,0.1320837883615704,0.061269368112014,13.352301777574995,13.163686909710766,13.126050174610146,59.00115124693013,21.26350578515447,0.3903770273223059,1901865.8,25164193.8,14.0,13.35,0.7079409832681415,-0.0861655857549679,0.0299625468164794,0.0185185185185186,13.5,0.371045800985101,14.39428586774071,13.147500000000036,11.900714132259363,0.7416212822061283,0.1896612843111876,52.00000000000002,41.333333333333336,13.680000000000016,13.585000000000036,-60342952.0,-63564166.15,-32.43243243243242,61.67400881057269,70.04673631945911,13.7875,13.55,,,,0.0,0.0,0.0,0.0,0.0,0.0,,0.0,0.0,0.1629,0.243,0.0,7.58,0.1,0,False,0,False,False,True,True,0.3660095260138754,False,True,True,False,True,False,False,False,True,True,False,False,False,False,False,False,True,True,0.0,0.0,1.818181818181818,15.0,0.3276540955061551,False,False,False,False,False,False,False,-1,False,8,False,False,597.5919444062126,,5,True,3,False,False,False,False,"ema60_gt_ema120, rsi_strong, market_above_ma60, avoid_chase, adx_trending, kd_golden_cross, obv_uptrend, mfi_strong",,
2026-08-26,30.1,30.45,30.0,30.25,81521,2457123,1442,名軒,,0.3408020028977105,0.3455966736476824,-0.0047946707499718,29.890879810154427,29.052492976996646,29.633314311053915,57.133438361767695,24.487091428347277,0.6220733604401543,261067.45,7764487.45,30.6,29.6,0.210245378784324,0.2121111176836433,0.0117056856187292,0.0049833887043189,30.1,0.2465709325694716,30.773684165514208,29.812499999999908,28.851315834485607,0.7275838573380989,0.0644819565963474,62.962962962963005,67.90123456790145,30.359999999999854,30.09499999999989,-6267906.0,-6751911.45,-37.037037037037,82.84695201037562,77.87380626728216,28.7375,27.875,,,,0.0,0.0,0.0,0.0,0.0,0.0,,0.0,0.0,0.1142,0.0565,0.0,8.57,0.12,0,False,0,False,False,True,False,0.3122602990146799,False,True,True,False,True,False,False,False,False,True,False,False,False,False,False,False,True,True,0.0,0.0,1.1570247933884343,15.0,0.2574130643703572,False,False,True,False,False,False,False,-1,False,7,False,False,536.211559762591,,5,True,3,True,False,False,True,"rsi_strong, market_above_ma60, avoid_chase, adx_trending, obv_uptrend, mfi_strong, above_ichimoku_cloud",,macd_death_cross
2026-08-26,9.06,9.06,8.89,8.98,10617,95049,1441,大東,,-0.0459567301933994,-0.06564793422472,0.0196912040313206,8.95537389579204,9.165649092370764,9.500363217024915,49.81520267083262,15.992863498962777,0.1595532527341276,13788.4,122942.55,9.11,8.8,-0.0075467179614136,-0.0899101817544366,0.0204545454545455,0.0112612612612612,8.88,0.2506874287627635,9.073869544780662,8.923500000000013,8.773130455219365,0.6878704896074755,0.0337019207218352,45.00000000000009,47.5,8.946000000000094,8.908000000000039,-727918.0,-749938.5,-54.99999999999991,58.95691609977507,49.86867942551695,9.2575,9.42,,,,0.0,0.0,0.0,0.0,0.0,0.0,,0.0,0.0,-0.275,-0.0094,0.0,1.49,-0.01,0,False,0,False,False,False,False,0.7699950683182966,False,False,False,False,True,False,False,False,False,True,False,False,False,False,False,False,False,True,0.0,0.0,1.4476614699331738,15.0,0.1849315953415567,False,False,False,False,True,False,False,-1,False,3,True,False,174.9191298272817,,3,True,3,False,False,False,False,"market_above_ma60, avoid_chase, obv_uptrend",open_high_close_low,
2026-08-26,25.1,25.15,25.05,25.15,8201,206075,1443,立益,,-0.1402160061888189,-0.4656113712843363,0.3253953650955173,24.566171479333644,25.13213312746463,25.405820501189435,50.86053767965933,8.40223064817993,2.232410750865496,10975.65,278916.6,26.5,24.15,,,0.0414078674948239,0.0019920318725097,25.1,0.2310708740163697,35.293128208994474,24.15500000000002,13.016871791005569,0.5446663919345298,0.922221337941995,87.49999999999983,72.57751937984479,25.06999999999989,24.984999999999943,50207.0,52669.95,-3.454894433781198,26.46981038784813,36.10486886895001,26.6875,25.975,,,,0.0,0.0,0.0,0.0,0.0,0.0,,0.0,0.0,-0.0516,-0.0059,0.0,0.39,-0.01,0,False,0,False,False,True,False,0.7471994824907865,False,False,False,False,True,False,False,False,False,False,False,False,False,False,False,False,False,True,-20.0,0.0,5.367793240556666,0.0,-0.0492342434916911,False,False,False,False,False,False,False,-1,False,2,False,False,91.88118390300755,,3,False,3,False,False,False,False,"market_above_ma60, avoid_chase",,
2026-08-26,7.18,7.27,7.16,7.21,1052346,7598220,1444,力麗,,-0.1055149656634872,-0.1300591298513929,0.0245441641879056,7.336524258616148,7.34771310511428,7.079828794935095,45.094705799387526,16.644219569334997,0.267413302831133,1378878.65,9962858.15,7.52,7.13,0.1501658007407462,-0.0160624046359739,0.0098039215686274,0.00557880055788,7.17,0.765198056864185,7.425876985834615,7.209500000000025,6.993123014165435,0.5011553908980807,0.0600255179512003,21.87499999999996,25.0,7.313999999999988,7.256000000000017,27826296.0,27828481.4,-75.75757575757574,-4.640742518802705,51.59249517008071,8.475,8.0,,,,0.0,0.0,0.0,0.0,0.0,0.0,,0.0,0.0,-0.0832,-0.2159,0.0,5.31,-0.1,0,False,0,False,False,False,True,0.7631897121621254,False,False,False,False,True,False,False,False,False,False,False,False,False,False,False,False,True,True,10.0,0.0,4.299583911234391,0.0,-0.0001182464998241,False,False,False,False,False,False,False,-1,False,4,False,False,252.63047816362337,,3,True,3,False,True,False,True,"ema60_gt_ema120, market_above_ma60, avoid_chase, mfi_strong",,close_below_ema20
2026-08-26,10.3,10.5,10.2,10.35,94002,970520,1445,大宇,,-0.1662777091968088,-0.2159670520501614,0.0496893428533526,10.484879652754604,11.0127782765708,11.68865270277357,43.14143520395682,14.084243523679133,0.3287425854619227,75169.95,779333.45,10.9,10.15,-0.1716680076987584,-0.1998335710188393,0.0197044334975369,-0.0095693779904305,10.45,0.5008074170536453,10.83051348017226,10.422499999999946,10.014486519827631,0.411154896194449,0.0782947431369278,34.999999999999964,43.333333333333336,10.439999999999964,10.324999999999957,2645190.0,2851950.25,-65.00000000000003,-32.05128205128225,41.54104146998485,11.725,11.9,,,,0.0,0.0,0.0,0.0,0.0,0.0,,0.0,0.0,0.0864,0.1994,0.0,3.22,0.0,0,False,0,False,False,False,False,1.25052630738746,False,False,False,False,True,False,False,False,False,False,False,False,False,False,False,False,False,True,0.0,0.0,5.314009661835756,0.0,-0.5179780821434892,False,False,False,True,False,False,False,-1,False,2,True,False,131.28952608815274,,3,True,3,False,True,False,True,"market_above_ma60, avoid_chase",long_upper_shadow,close_below_ema20
2026-08-26,13.55,13.65,13.55,13.55,123510,1678383,1446,宏和,,-0.297567305713672,-0.3470904678633573,0.0495231621496852,13.856171236910502,14.728270006348067,15.604511938608406,31.192428942335354,37.47731268271346,0.2498938697911486,156194.35,2149501.45,14.0,13.55,-0.0529729479401151,-0.4792862659037591,-0.0036764705882351,0.0,13.55,0.6525029371186037,14.058236814914055,13.752500000000056,13.446763185086052,0.1688328161313956,0.0444627253101619,0.0,2.77777777777798,13.610000000000037,13.705000000000018,-11613812.0,-11334479.8,-100.0,-99.29078014184284,52.65631077593355,15.7875,15.875,,,,0.0,0.0,0.0,0.0,0.0,0.0,,0.0,0.0,-0.8765,-0.0568,0.0,5.91,-0.05,0,False,0,False,False,False,False,0.7907456319642804,False,False,True,False,True,False,False,False,False,False,False,False,False,False,False,False,True,False,20.0,12.0,3.321033210332098,8.0,-0.149445930915401,False,False,False,False,False,False,False,-1,False,4,False,False,291.114105148658,,5,False,3,False,True,False,True,"market_above_ma60, avoid_chase, adx_trending, mfi_strong",,close_below_ema20
2026-08-26,6.85,6.96,6.85,6.94,732513,5077334,1447,力鵬,,-0.109761332679251,-0.1234385580729595,0.0136772253937085,7.037072705476019,6.953232409319268,6.552679260240779,46.78612635191788,11.865888922323702,0.2803869640598239,1784231.85,12416441.6,7.18,6.75,0.0500930477680816,0.1292480751762111,0.0220913107511047,0.0131386861313869,6.85,0.5181002798141968,7.205252689415824,6.938000000000022,6.67074731058422,0.503741777125518,0.0770402679203808,32.75862068965524,29.310344827586352,6.984000000000014,6.916000000000031,48645651.0,48214700.55,-67.24137931034477,-18.185575532134408,42.628000469939806,8.307500000000001,7.825,,,,0.0,0.0,0.0,0.0,0.0,0.0,,0.0,0.0,0.213,-0.6156,0.0,3.1,-0.04,0,False,0,False,False,False,True,0.4105481022547602,False,False,False,False,True,False,False,False,True,True,False,False,False,False,False,False,False,True,0.0,0.0,3.45821325648414,8.0,0.0176149162372463,False,False,False,False,False,False,False,-1,False,5,False,False,372.31686001739456,,3,True,3,False,True,False,True,"ema60_gt_ema120, market_above_ma60, avoid_chase, kd_golden_cross, obv_uptrend",,close_below_ema20
2026-08-26,17.45,17.45,17.25,17.35,78653,1363871,1451,年興,,0.0014119637210292,0.0337476770201595,-0.0323357132991303,17.377950288170375,17.286757615303024,17.31519627415386,49.25173928264395,17.195239708600145,0.2005250437854536,101468.95,1765781.35,17.75,17.25,-0.08341324059869,0.0878478194244123,0.0057971014492754,0.0057971014492754,17.25,0.5847232898219905,17.67972352328249,17.442500000000017,17.205276476717543,0.305036198096866,0.0272006333131687,60.00000000000085,42.22222222222202,17.33000000000029,17.355000000000018,-2256265.0,-2344633.5,-66.66666666666667,-45.63492063492114,58.17142065466201,17.125,16.950000000000003,,,,0.0,0.0,0.0,0.0,0.0,0.0,,0.0,0.0,0.1954,0.0458,0.0,5.57,-0.11,0,False,0,False,False,True,False,0.7751435291288616,False,False,False,False,True,False,False,False,True,True,False,False,False,False,False,False,True,False,0.0,0.0,2.305475504322758,8.0,0.1974905800873917,False,False,True,False,False,False,False,-1,False,6,False,False,453.1213222523373,,3,False,3,False,True,False,True,"market_above_ma60, avoid_chase, kd_golden_cross, obv_uptrend, mfi_strong, above_ichimoku_cloud",,close_below_ema20
2026-08-26,11.25,11.45,11.25,11.45,25661,292262,1453,大將,,0.0251013720479971,-0.002853597651354,0.0279549696993511,11.234787822138038,11.32953336311255,11.607065865026753,59.72841291790218,25.42616929301688,0.2217764807461749,50407.8,560838.15,11.4,11.15,0.1160868706768481,-0.0598082456521352,0.0269058295964124,0.0177777777777776,11.25,0.4450606342465032,11.425000000007469,11.195000000000004,10.96499999999254,1.0543478260689594,0.0410897722210742,100.0,51.47058823529429,11.3,11.275,3925.0,5033.85,-44.444444444444464,146.55172413792948,67.96803379560791,11.35,11.6,,,,0.0,0.0,0.0,0.0,0.0,0.0,,0.0,0.0,-0.1452,-0.1587,0.0,0.71,0.03,0,False,0,False,False,True,False,0.509068041057138,False,True,True,True,True,False,False,False,False,False,False,False,True,False,False,True,True,True,-20.0,-25.0,-0.4366812227074143,25.0,-0.0031076720018096,False,False,False,False,False,False,False,-1,False,8,False,False,515.0533883465497,,5,False,3,False,False,False,False,"rsi_strong, breakout_20d, market_above_ma60, avoid_chase, adx_trending, bb_squeeze_breakout, cci_momentum, mfi_strong",,
2026-08-26,11.45,11.5,11.35,11.45,87262,995529,1452,宏益,,0.0268212989604084,0.0233452000164646,0.0034760989439438,11.438758828374544,11.36220039656651,11.388402567651877,51.062569506846,13.214015790229658,0.2101451529006707,84811.05,963285.05,11.6,11.3,0.1396864316032003,0.093662060789144,0.0132743362831857,0.0,11.45,0.5147083610683381,11.673270706111436,11.384999999999993,11.096729293888544,0.6127412508832573,0.0506404402479483,42.85714285714249,49.40476190476208,11.489999999999965,11.49499999999998,1667066.0,1551138.15,-30.76923076923092,44.64066715722254,71.34184388736867,11.575,11.25,,,,0.0,0.0,0.0,0.0,0.0,0.0,,0.0,0.0,-0.0571,-0.1051,0.0,1.68,-0.1,0,False,0,False,False,True,False,1.028898946540575,False,False,False,False,True,False,False,False,False,True,False,False,False,False,False,False,True,False,0.0,0.0,1.310043668122274,15.0,0.480521740973709,False,False,False,False,False,False,False,-1,False,4,False,False,266.05525035709024,,3,False,3,False,False,False,False,"market_above_ma60, avoid_chase, obv_uptrend, mfi_strong",,
2026-08-26,9.99,10.0,9.87,9.99,637918,6335971,1455,集盛,,0.2131526790548328,0.1633629497229647,0.049789729331868,9.699861884971009,9.409954076126285,9.149909970210944,59.85408023449252,25.449915434355027,0.2974670580102144,1311962.65,12719581.35,10.1,9.77,0.9635492014737854,-0.0405064338348606,0.0,0.0050301810865192,9.94,0.6333809383911467,10.680025728704589,9.513999999999964,8.347974271295339,0.704112134184569,0.2451178744386439,51.35135135135144,49.54954954955004,10.005999999999949,9.961999999999945,-9521448.0,-12794858.15,-24.16107382550332,56.93868860291433,75.29122994814898,10.135,9.965,,,,0.0,0.0,0.0,0.0,0.0,0.0,,0.0,0.0,0.0165,0.0895,0.0,3.18,0.25,0,False,0,False,False,True,True,0.4862318298466805,False,True,True,False,True,False,False,False,True,True,False,False,False,False,False,False,True,True,0.0,0.0,1.1011011011010954,15.0,0.3162871482713095,False,False,False,False,False,False,False,-1,False,8,False,False,593.6577640777225,,5,True,3,False,False,False,False,"ema60_gt_ema120, rsi_strong, market_above_ma60, avoid_chase, adx_trending, kd_golden_cross, obv_uptrend, mfi_strong",,
2026-08-26,12.4,12.5,12.35,12.5,25957,321894,1454,台富,,-0.1230314383062118,-0.0941258544974206,-0.0289055838087912,12.569197862787448,12.763589337277306,12.94539482992453,46.0614372657411,29.680531680505624,0.2465593367399647,25127.15,314336.6,13.0,12.25,-0.3103692940702122,-0.0642553786000005,0.0162601626016258,0.0204081632653061,12.25,0.9822032964438078,13.173035431830566,12.665000000000031,12.156964568169496,0.3376097515428117,0.0802266769570523,69.23076923076927,41.595441595442026,12.38000000000002,12.445000000000029,3323499.0,3357385.7,-52.63157894736846,-58.77290052871029,23.0401291617312,12.775,13.5,,,,0.0,0.0,0.0,0.0,0.0,0.0,,0.0,0.0,-0.0645,0.2239,0.0,0.47,-0.03,0,False,0,False,False,False,False,1.0330260296133862,False,False,True,False,True,False,False,False,True,False,False,False,False,False,False,False,False,False,0.0,0.0,4.0,0.0,-0.6677580153275342,False,False,False,False,False,False,False,-1,False,4,False,False,272.31716411220344,,5,False,3,False,True,False,True,"market_above_ma60, avoid_chase, adx_trending, kd_golden_cross",,close_below_ema20
2026-08-26,13.6,14.15,13.6,14.15,109436,1520349,1456,怡華,,-0.053149920435521,-0.062942148237253,0.009792227801732,13.83010328493831,13.881985193580554,13.763710811269348,55.00471147975685,22.29911281439335,0.5383498715991938,55887.7,777317.1,14.25,13.45,-0.1482157739250588,-0.0646917674692975,0.0481481481481482,0.0404411764705883,13.6,0.1102909751652296,14.351969600709388,13.875,13.398030399290612,0.7882783300979745,0.0687523748770289,82.35294117647058,37.25490196078439,13.739999999999965,13.730000000000018,1758673.0,1680779.1,-29.999999999999893,31.938548615322635,42.79898220003303,14.425,13.95,,,,0.0,0.0,0.0,0.0,0.0,0.0,,0.0,0.0,-0.1813,0.6294,0.0,0.67,0.02,0,False,0,True,True,True,True,1.95814105787141,True,True,True,False,True,False,False,False,False,True,False,False,False,False,False,False,False,True,-20.0,0.0,0.7067137809187254,25.0,0.3310041319782434,False,False,False,False,False,False,False,-1,False,9,False,False,588.553460162453,,3,False,3,False,False,False,False,"macd_golden_cross, ema60_gt_ema120, volume_break, rsi_strong, market_above_ma60, avoid_chase, hist_turn_positive, adx_trending, obv_uptrend",,
2026-08-26,14.3,14.5,14.3,14.5,51687,747173,1457,宜進,,0.0361975534821947,0.0185957419885012,0.0176018114936934,14.35309565102431,14.39177464638702,14.661280850192382,56.05721977211114,15.148105799891637,0.2260847967306258,106245.0,1516050.15,14.55,14.3,0.0945530593455492,-0.034992249881132,0.0104529616724737,0.0139860139860139,14.3,1.042923585432725,14.596247222195538,14.3150000000001,14.033752777804663,0.8288921372374364,0.0392940582878708,100.0,71.42857142857126,14.420000000000073,14.415000000000145,-2319934.0,-2382426.2,-24.999999999999943,90.71038251366156,55.97478616186132,14.4,14.95,,,,0.0,0.0,0.0,0.0,0.0,0.0,,0.0,0.0,-0.0164,0.013,0.0,1.96,-0.01,0,False,0,False,False,True,False,0.4864887759423973,False,True,False,False,True,False,False,False,False,True,False,False,False,False,False,False,True,True,-20.0,-12.0,0.3448275862069014,25.0,0.1269550861552277,False,False,False,False,False,False,False,-1,False,5,False,False,309.38834879328675,,3,False,3,False,False,False,False,"rsi_strong, market_above_ma60, avoid_chase, obv_uptrend, mfi_strong",,
2026-08-26,14.95,15.6,14.85,15.6,319094,4872265,1459,聯發,,0.7603639523484365,0.6294021322518784,0.1309618200965581,13.878549944993264,12.798374825733278,12.34793295477308,79.95428923993964,41.68443215099223,0.4593098621536345,213602.4,2922870.45,14.95,13.75,1.155610895022783,0.3953985750919289,0.1142857142857143,0.0434782608695651,14.95,0.4828829966963442,15.674325075702225,13.72999999999995,11.78567492429768,0.9808866643157966,0.2832228806558309,100.0,93.13725490196096,14.889999999999873,14.424999999999956,923086.0,359362.8,-0.0,145.9948320413436,61.37813802755798,11.8875,11.8,,,,0.0,0.0,0.0,0.0,0.0,0.0,,0.0,0.0,0.0511,0.2116,0.0,2.0,0.03,0,False,0,False,False,True,True,1.4938689827455125,False,True,True,True,False,False,False,False,False,True,False,False,False,False,False,False,True,True,-20.0,-25.0,-4.16666666666667,25.0,1.4306500680668672,False,False,True,False,False,False,False,-1,False,8,False,False,597.1064906442575,,10,False,3,False,False,False,False,"ema60_gt_ema120, rsi_strong, breakout_20d, market_above_ma60, adx_trending, obv_uptrend, mfi_strong, above_ichimoku_cloud",,
2026-08-26,6.66,6.72,6.6,6.7,166338,1108924,1460,宏遠,,-0.0749040711582784,-0.1046394840922973,0.0297354129340189,6.709950410051876,6.880593336434592,6.874092075416979,47.28060777770004,16.063113576417994,0.1525162770273267,252116.25,1676502.95,6.77,6.52,-0.0024776924881228,-0.2004299257450991,0.0276073619631902,0.0075187969924812,6.65,0.7117707752458741,6.791959380322196,6.653500000000008,6.51504061967782,0.6679192839509639,0.0416200136235629,65.51724137931048,67.81609195402295,6.696000000000003,6.647000000000003,5123550.0,5210165.8,-34.48275862068953,21.32701421800754,55.50604849823269,7.605,7.790000000000001,,,,0.0,0.0,0.0,0.0,0.0,0.0,,0.0,0.0,0.0772,0.1702,0.0,1.91,-0.02,0,False,0,False,False,False,True,0.6597670717377401,False,False,False,False,True,False,False,False,False,False,False,False,False,False,False,False,True,True,0.0,0.0,1.044776119402976,15.0,-0.0241936995088544,False,False,False,False,False,False,False,-1,False,4,False,False,276.30734632327113,,3,True,3,False,True,False,True,"ema60_gt_ema120, market_above_ma60, avoid_chase, mfi_strong",,close_below_ema20
2026-08-26,17.5,17.7,17.5,17.6,20290,356604,1463,強盛新,,-0.0532948007154843,-0.0326147778000284,-0.0206800229154558,17.67710669031815,17.75229283044774,17.906440133208406,46.24450219077469,13.22403548253219,0.2516523631738962,60175.95,1063660.35,17.9,17.45,-0.0898493763977324,0.0075908967012998,0.0085959885386821,0.0057142857142857,17.5,0.1799155498439508,17.955141711157314,17.7125,17.469858288842683,0.2681767090591886,0.027397793779231,37.500000000000334,33.333333333333336,17.590000000000146,17.630000000000017,-921869.0,-996280.1,-66.66666666666615,-77.55581668625129,39.6406760212899,17.625,17.75,,,,0.0,0.0,0.0,0.0,0.0,0.0,,0.0,0.0,-0.2207,0.2482,0.0,12.01,0.0,0,False,0,False,False,False,False,0.3371778924969195,False,False,False,False,True,False,False,False,True,True,False,False,False,False,False,False,False,False,0.0,0.0,1.7045454545454382,15.0,0.34184979450426,False,False,False,False,False,False,False,-1,False,4,False,False,237.47397645902032,,3,False,3,False,True,False,True,"market_above_ma60, avoid_chase, kd_golden_cross, obv_uptrend",,close_below_ema20
2026-08-26,10.3,10.4,10.25,10.3,177741,1834314,1464,得力,,-0.0396791851246174,-0.0573379112748076,0.0176587261501902,10.285778358664732,10.360489181051774,10.492246250771352,49.62286614155326,10.493057479975608,0.1736179787601724,280792.4,2886166.85,10.4,10.1,-0.0462319028668396,-0.0376845620264611,0.0198019801980198,0.0,10.3,0.4872365267380647,10.438493515724902,10.26500000000001,10.091506484275117,0.6008683231005892,0.0338029256161505,71.4285714285715,80.95238095238044,10.290000000000054,10.21999999999998,-21441269.0,-21114183.1,-54.54545454545445,31.29251700680334,30.34345407080768,10.6875,10.695,,,,0.0,0.0,0.0,0.0,0.0,0.0,,0.0,0.0,0.041,0.1636,0.0,2.07,0.07,0,False,0,False,False,False,False,0.6329979016526088,False,False,False,False,True,False,False,False,False,False,False,False,False,False,False,False,False,True,-10.0,0.0,0.9708737864077636,25.0,-0.2134126111479729,False,False,False,False,False,False,False,-1,False,2,False,False,143.76902768275042,,3,True,3,False,False,False,False,"market_above_ma60, avoid_chase",,
2026-08-26,12.0,12.15,11.95,12.1,147989,1776303,1465,偉全,,-0.1500781196535268,-0.1395963396224739,-0.0104817800310528,12.264044769388354,12.431155850334248,12.479666288310396,42.13120504773345,23.463761661610924,0.2763176513663431,149207.9,1816327.4,12.7,12.0,-0.235316762900629,-0.0470696517141453,0.0041493775933609,0.0083333333333333,12.0,0.8803985921659534,12.662943294824224,12.275000000000023,11.887056705175825,0.274451572775183,0.0632086834744113,49.99999999999978,35.0,12.120000000000072,12.11000000000008,-2884174.0,-2232153.15,-63.6363636363637,-76.04690117252888,26.410398712703625,13.0625,13.0,,,,0.0,0.0,0.0,0.0,0.0,0.0,,0.0,0.0,-0.2575,-0.1761,0.0,0.57,-0.01,0,False,0,False,False,False,False,0.9918308615026415,False,False,True,False,True,False,False,False,True,False,False,False,False,False,False,False,False,True,0.0,0.0,4.958677685950411,0.0,-1.761437081767537,False,False,False,False,False,False,False,-1,False,4,False,False,228.78106363381596,,5,False,3,False,True,False,True,"market_above_ma60, avoid_chase, adx_trending, kd_golden_cross",,close_below_ema20
2026-08-26,8.34,8.34,8.2,8.26,217556,1792103,1467,南緯,,-0.2178843545478823,-0.0931921821793948,-0.1246921723684875,8.776606986580282,8.5778337840696,8.168646245633672,40.350466953670576,14.379687489731314,0.3887403100653055,476053.2,4400757.3,10.2,8.26,-0.943943538334604,0.4027951179918355,-0.0060168471720819,-0.0048192771084338,8.3,0.7454769326903528,10.171737161534322,8.962000000000035,7.752262838465749,0.2098543293860202,0.269970355173908,10.169491525423815,13.697307797083946,8.378000000000066,8.420000000000073,-9252233.0,-7613911.2,-96.84210526315788,-89.71544715447135,11.856641762920788,9.02,8.67,,,,0.0,0.0,0.0,0.0,0.0,0.0,,0.0,0.0,-0.0564,0.0544,0.0,19.44,0.0,0,False,0,False,False,False,True,0.4569993437708222,False,False,False,False,True,False,False,False,False,False,False,False,False,False,False,False,False,False,20.0,0.0,23.4866828087167,0.0,-0.5105452536883606,False,False,False,False,False,False,False,-1,False,3,False,False,168.4434503934479,,3,False,3,False,True,False,True,"ema60_gt_ema120, market_above_ma60, avoid_chase",,close_below_ema20
2026-08-26,15.8,16.1,15.8,15.9,202480,3232094,1466,聚隆,,-0.1089033004057533,-0.0405231761827131,-0.0683801242230402,16.300624116675003,16.201820611072243,16.041872637053157,44.89980235834556,12.521178882574462,0.6537279715780776,438963.1,7138373.4,17.05,15.8,0.1295075324805405,0.2515426292377487,-0.0275229357798165,0.0063291139240506,15.8,0.6861482016176184,17.063133825082595,16.2,15.336866174917406,0.326214666091152,0.1065597314916783,6.666666666666643,10.0,16.06999999999989,16.275,19154322.0,19870657.55,-93.33333333333336,-55.3757641136273,42.72625670182721,17.575000000000003,16.8,,,,0.0,0.0,0.0,0.0,0.0,0.0,,0.0,0.0,0.0787,0.1232,0.0,1.04,0.11,0,False,0,False,False,False,True,0.4612688401371322,False,False,False,False,True,False,False,False,False,False,False,False,False,False,False,False,False,False,20.0,0.0,7.232704402515726,0.0,-0.1770701151231102,False,False,False,True,False,False,False,-1,False,3,True,False,192.487847019894,,3,False,3,False,True,False,True,"ema60_gt_ema120, market_above_ma60, avoid_chase",long_upper_shadow,close_below_ema20
2026-08-26,12.95,13.25,12.7,13.25,76000,981000,1468,昶和,,0.0129197777385936,0.0848389272833891,-0.0719191495447954,13.274191519798649,12.95349187755939,12.714199147437672,50.33755898863706,17.61235035364099,0.4689669553201177,52357.75,696444.25,14.05,13.05,-0.3506461491837317,0.2773474891881498,0.0153256704980841,0.0153256704980841,13.05,1.3003043900014812,14.074974695833111,13.457500000000028,12.840025304166945,0.331976920349689,0.091766627654926,79.99999999999996,63.92156862745105,13.169999999999982,13.220000000000027,-106245.0,-77535.55,-33.3333333333334,-76.17187499999969,37.57147947329312,13.2875,13.15,,,,0.0,0.0,0.0,0.0,0.0,0.0,,0.0,0.0,-0.4011,-0.1309,0.0,2.13,0.0,0,False,0,False,False,True,True,1.4515520624931362,False,False,False,False,True,False,False,False,True,False,False,False,False,False,False,False,False,False,-10.0,0.0,6.0377358490566095,0.0,-0.3832155708120223,False,False,False,False,False,False,False,-1,False,4,False,False,199.9169337751871,,3,False,3,False,True,False,True,"ema60_gt_ema120, market_above_ma60, avoid_chase, kd_golden_cross",,close_below_ema20
2026-08-26,23.45,24.65,23.45,24.5,11397,275363,1470,大統新創,,0.5454151045180886,0.5606872097443774,-0.0152721052262887,23.43156758241209,22.090529220334744,20.775727889817627,59.11584595022132,9.290187257552684,0.9328618200006804,14428.5,335833.65,24.0,23.3,0.2254691369060557,,0.0315789473684211,0.0208333333333332,24.0,0.4725220012379901,24.312045329258545,23.4875,22.662954670741456,1.113974734967251,0.0702114170736387,93.3333333333334,85.16516516516519,23.93999999999996,23.770000000000078,512496.0,436620.7,-6.666666666666604,190.3361756346178,73.71674181816036,17.0,11.725,,,,0.0,0.0,0.0,0.0,0.0,0.0,,0.0,0.0,-0.0595,-0.2363,0.0,0.4,0.0,0,False,0,False,False,True,True,0.7898949994801955,False,True,False,True,True,False,False,False,False,True,False,False,True,False,False,False,True,True,-20.0,-25.0,-2.0408163265306123,25.0,0.9655332725364228,False,False,True,False,False,False,False,-1,False,9,False,False,599.4853492652389,,3,True,3,False,False,False,False,"ema60_gt_ema120, rsi_strong, breakout_20d, market_above_ma60, avoid_chase, obv_uptrend, bb_squeeze_breakout, mfi_strong, above_ichimoku_cloud",,
2026-08-26,88.8,88.8,88.2,88.2,4129,365456,1472,三洋實業,,0.7474152199408195,0.5755603751417352,0.1718548447990843,87.18398230794004,87.2073633145092,88.21953117906527,51.233006709284,4.8298666757024575,4.602694438384063,34661.65,3070035.25,89.6,87.4,,,0.0091533180778031,-0.0067567567567566,88.8,2.631859200717449,122.77682496336344,84.14500000000007,45.51317503663669,0.5524826358041006,0.9182203330765548,40.0,36.79012345679015,87.9199999999997,88.27000000000007,4808402.0,4706733.25,-56.66666666666677,34.41985883099366,73.45642748290817,87.925,46.3,,,,0.0,0.0,0.0,0.0,0.0,0.0,,0.0,0.0,0.1657,0.0753,0.0,0.88,0.0,0,False,0,False,False,True,False,0.1191230077044803,False,False,False,False,True,False,False,False,False,True,False,False,False,False,False,False,True,False,0.0,0.0,1.5873015873015774,15.0,0.0573052384748959,False,False,True,False,False,False,False,-1,False,5,False,False,371.8788929387436,,3,False,3,False,False,False,False,"market_above_ma60, avoid_chase, obv_uptrend, mfi_strong, above_ichimoku_cloud",,
2026-08-26,19.85,20.05,19.85,20.05,21710,434285,1473,台南,,-0.039175661654017,-0.0672340107805564,0.0280583491265393,19.98407221865311,20.369763156765224,21.338475868527865,51.18786722321618,8.38125931121991,0.2784112964470399,51377.1,1020396.6,20.2,19.7,0.0559638705330882,-0.0797712942987201,0.0177664974619289,0.0024999999999999,20.0,0.6187844945080725,20.18532998326234,19.919999999999938,19.654670016737537,0.7449779674381883,0.0266395565524499,81.81818181818211,73.73737373737337,20.0,19.94999999999991,335919.0,333075.15,-24.99999999999985,56.30470783061205,45.28535450192322,20.3625,20.775,,,,0.0,0.0,0.0,0.0,0.0,0.0,,0.0,0.0,0.1231,0.0671,0.0,5.15,0.01,0,False,0,False,False,False,False,0.4225618028265511,False,False,False,False,True,False,False,False,False,True,False,False,False,False,False,False,False,True,-20.0,0.0,0.7481296758104666,25.0,0.0071279939511664,False,False,False,False,False,False,False,-1,False,3,False,False,229.3111539556795,,3,False,3,False,False,False,False,"market_above_ma60, avoid_chase, obv_uptrend",,
2026-08-26,10.0,10.05,9.98,10.05,27572,276189,1474,弘裕,,-0.0667482432060087,-0.0743210670576255,0.0075728238516168,10.095759300517566,10.182604082994343,10.295487133472012,45.7574405595385,16.273188672043922,0.1653508064313517,56733.4,569205.05,10.25,9.94,-0.0430408317725757,-0.0408878121130636,0.006006006006006,0.0050000000000001,10.0,0.4733395306957025,10.204451022694464,10.059000000000015,9.913548977305568,0.4690617507072432,0.0289195790226559,77.27272727272764,69.69696969696997,10.050000000000091,10.032000000000016,301588.0,305387.25,-22.72727272727236,-19.04761904761833,46.1889043254466,10.65,10.58,,,,0.0,0.0,0.0,0.0,0.0,0.0,,0.0,0.0,-0.0879,0.1418,0.0,0.6,0.03,0,False,0,False,False,False,False,0.4859923783873344,False,False,False,False,True,False,False,False,True,False,False,False,False,False,False,False,False,True,-10.0,0.0,1.9900497512437736,15.0,-0.0153042246433782,False,False,False,False,False,False,False,-1,False,3,False,False,194.6762730881528,,3,False,3,False,True,False,True,"market_above_ma60, avoid_chase, kd_golden_cross",,close_below_ema20
2026-08-26,26.1,26.8,26.1,26.6,9000,238300,1475,業旺,,-0.2178380828666668,-0.2452280490141039,0.027389966147437,26.413968165885123,26.845243616696067,27.887164165331345,51.04633151610647,15.916304136581104,0.7142686501241026,34025.75,889226.0,27.3,25.2,-0.2772870131178168,-0.0236262166610343,0.0410958904109588,0.0230769230769232,26.0,0.2019778373060046,27.904934917674648,26.51250000000009,25.12006508232553,0.5314197808778164,0.1050398806355154,89.47368421052637,63.78682555445266,26.340000000000146,25.915000000000145,-3296130.0,-3182210.3,-35.849056603773526,3.4542314335062665,13.621403192959406,27.2375,26.125,,,,0.0,0.0,0.0,0.0,0.0,0.0,,0.0,0.0,0.1496,0.018,0.0,0.51,-0.01,0,False,0,True,True,False,False,0.2645055582904124,False,False,False,False,True,False,False,False,False,False,False,False,False,False,False,False,False,True,-20.0,0.0,2.631578947368418,8.0,-1.01417184096347,False,False,False,False,False,False,False,-1,False,4,False,False,268.47499349134245,,3,True,3,False,False,False,False,"macd_golden_cross, market_above_ma60, avoid_chase, hist_turn_positive",,
2026-08-26,318.5,319.0,315.5,316.0,591503,187190306,1476,儒鴻,,-6.305717687199262,-4.64957565537855,-1.6561420318207123,325.57792487357216,333.7662407035457,345.7093295273284,40.80726183169224,18.956479154394195,9.110416014979334,1700522.4,570673348.35,364.5,310.5,-0.7601658246023731,-0.0716383098583458,0.014446227929374,-0.0094043887147335,319.0,0.4814484427033518,364.98037540919887,331.55,298.11962459080115,0.2674270807661765,0.2016611395517952,57.407407407407405,55.78483245149861,317.0,317.2,-36605631.0,-35543300.05,-75.2,-66.815144766147,16.57979105450262,335.0,337.0,,,,0.0,0.0,0.0,0.0,0.0,0.0,,0.0,0.0,0.2326,-0.0027,0.0,29.37,0.35,0,False,0,False,False,False,False,0.3478360532034156,False,False,False,False,True,True,False,False,False,False,False,False,False,False,False,False,False,False,0.0,0.0,15.348101265822786,0.0,-0.4173177115420879,False,False,False,False,False,False,False,-1,False,3,False,False,198.4705479935291,,3,False,3,False,True,False,True,"market_above_ma60, avoid_chase, liquidity_ok",,close_below_ema20
2026-08-26,200.0,201.5,196.0,197.0,1944065,383854361,1477,聚陽,,-5.746647328013751,-4.050949376453363,-1.6956979515603878,208.90143697341645,217.85639004889853,230.88003901570227,33.86434890478587,21.84966418739223,6.27458223354476,2355849.4,497218889.6,226.0,192.5,-0.7607873127894993,-0.1471439013249967,0.0233766233766232,-0.0199004975124378,201.0,0.6643358397290161,234.7051497952235,212.675,190.64485020477653,0.1442375529512145,0.2071719740940259,20.689655172413797,28.491814698711096,200.6,203.5,10251562.0,21216383.35,-83.56164383561644,-95.03592423252807,10.277338178156498,222.875,221.75,,,,0.0,0.0,0.0,0.0,0.0,0.0,,0.0,0.0,0.0786,0.052,0.0,14.97,1.02,0,False,0,False,False,False,False,0.8252076724428989,False,False,True,False,True,True,False,False,False,False,False,False,False,False,False,False,False,False,10.0,12.0,14.720812182741115,0.0,-1.3905389420651213,False,False,False,False,False,False,False,-1,False,4,False,False,288.5656094196476,,3,False,3,False,True,False,True,"market_above_ma60, avoid_chase, liquidity_ok, adx_trending",,close_below_ema20
2026-08-26,201.0,202.0,197.5,202.0,975343,195383135,1503,士電,,-1.82625022035208,-3.155657147194364,1.3294069268422843,200.57228211838765,206.2804525690631,205.3909464030744,50.05670725853923,18.42537654317937,6.746236795944888,1296750.5,256237504.15,203.5,197.0,0.286036061374964,-0.4125910210238149,0.0253807106598984,0.0125313283208019,199.5,0.7000584148393193,206.21105203760655,197.525,188.83894796239343,0.7575968910055639,0.0879488878633749,56.0,42.66666666666666,200.9,200.45,83501150.0,79670309.75,-35.483870967741936,59.29919137466304,53.8747457704499,215.0,225.25,,,,0.0,0.0,0.0,0.0,0.0,0.0,,0.0,0.0,0.151,-0.0442,0.0,30.57,0.16,0,False,0,False,False,False,True,0.7521439166593727,False,False,False,False,True,True,False,False,True,True,False,False,False,False,False,False,True,True,0.0,0.0,0.7425742574257426,25.0,0.3986582948520711,False,False,False,False,False,False,False,-1,False,7,False,False,527.3053387048186,,3,False,3,False,False,False,False,"ema60_gt_ema120, market_above_ma60, avoid_chase, liquidity_ok, kd_golden_cross, obv_uptrend, mfi_strong",,
2026-08-26,71.1,71.9,70.5,71.4,4280351,305422427,1504,東元,,1.1979037915836557,0.8217017631466779,0.3762020284369778,69.67641026663642,69.2346907044897,70.724647671814,57.06100295913163,19.42671687840215,2.518819575777464,8971331.45,625813209.15,73.1,67.3,0.753287481905557,-0.1445569072515606,-0.0055710306406684,0.0084745762711866,70.8,0.660164816242907,75.04666387240866,68.58500000000004,62.123336127591415,0.7178231532608846,0.1884279032560652,28.07017543859663,38.19987552549416,71.77999999999956,71.45999999999985,925956803.0,900985310.6,-42.26804123711333,58.40840840840841,79.89929274764687,67.5,75.69999999999999,,,,0.0,0.0,0.0,0.0,0.0,0.0,,0.0,0.0,0.1381,0.0477,0.0,7.35,-0.11,0,False,0,False,False,True,False,0.4771143529648545,False,True,False,False,True,True,False,False,False,True,False,False,False,False,False,False,True,True,10.0,0.0,2.380952380952365,8.0,0.6509813327176903,False,False,False,False,False,False,False,-1,False,6,False,False,440.58291952226085,,3,True,3,False,False,False,False,"rsi_strong, market_above_ma60, avoid_chase, liquidity_ok, obv_uptrend, mfi_strong",,
2026-08-26,10.15,10.25,10.15,10.2,80382,819605,1506,正道,,-0.0753597442345288,-0.0649398635597424,-0.0104198806747864,10.301483303989292,10.431704643775529,10.69557961175651,45.24602353489826,13.4819250845998,0.2443900235569551,184206.0,1891203.7,10.6,10.1,-0.1156663111901013,0.0254155940352576,0.0099009900990099,0.0049261083743841,10.15,0.3563355124549961,10.56671181251541,10.29749999999999,10.028288187484572,0.3189158211725812,0.0522868293305014,33.33333333333314,31.74603174603241,10.230000000000018,10.205000000000018,-1651123.0,-1186528.9,-75.00000000000023,-67.18346253229963,45.10899385689644,10.7175,10.65,,,,0.0,0.0,0.0,0.0,0.0,0.0,,0.0,0.0,0.2828,0.0521,0.0,0.88,0.02,0,False,0,False,False,False,False,0.4363701508094199,False,False,False,False,True,False,False,False,True,False,False,False,False,False,False,False,False,True,0.0,0.0,3.921568627450984,0.0,-0.4971309595317523,False,False,False,False,False,False,False,-1,False,3,False,False,223.3981299937132,,3,False,3,False,True,False,True,"market_above_ma60, avoid_chase, kd_golden_cross",,close_below_ema20
2026-08-26,6.48,6.56,6.45,6.56,76062,494939,1512,瑞利,,-0.0685583317847022,-0.0654872428180443,-0.0030710889666579,6.6173267996978415,6.795311760348354,7.022894540643608,43.835093353954456,9.463791058682329,0.1611379798360512,66585.8,439460.05,6.74,6.48,-0.1242037115504961,-0.1235687360875785,0.003058103975535,0.0123456790123455,6.48,0.9388673138452114,6.759961599061193,6.613500000000011,6.467038400938828,0.3173582688467634,0.0442917060742971,27.499999999999893,11.666666666666666,6.531999999999971,6.587999999999965,-1788691.0,-1651403.65,-72.5000000000001,-107.16332378223564,52.81362026306997,6.96,7.04,,,,0.0,0.0,0.0,0.0,0.0,0.0,,0.0,0.0,-0.1261,0.043,0.0,5.51,0.0,0,False,0,False,False,False,False,1.1423156288578045,False,False,False,False,True,False,False,False,True,False,False,False,False,False,False,False,True,False,10.0,0.0,2.7439024390244,8.0,-0.6444688647340298,False,False,False,False,False,False,False,-1,False,4,False,False,231.68952991176968,,3,False,3,False,True,False,True,"market_above_ma60, avoid_chase, kd_golden_cross, mfi_strong",,close_below_ema20
2026-08-26,100.5,102.0,100.0,102.0,591858,59910255,1514,亞力,,-1.921559833599915,-2.6714089698792587,0.749849136279344,102.2501046337973,108.4208846391075,111.1511818837384,46.626596315018,23.012101522462984,3.167980564455662,1179242.3,118302104.8,102.5,99.5,0.2231427326686728,-0.5375725196060928,0.0251256281407035,0.0149253731343284,100.5,0.6992305241987189,105.13842149069868,100.475,95.81157850930131,0.6635065587618081,0.0928274991928077,71.69811320754715,53.52900069881192,101.5,101.25,359764868.0,359117025.6,-39.6825396825397,38.01945181255519,56.81735424939292,113.275,124.65,,,,0.0,0.0,0.0,0.0,0.0,0.0,,0.0,0.0,0.0651,-0.2399,0.0,12.51,0.0,0,False,0,False,False,False,False,0.5018968535982808,False,False,True,False,True,True,False,False,True,True,False,False,False,False,False,False,True,True,-10.0,0.0,0.4901960784313725,25.0,0.0445375085690497,False,False,False,False,False,False,False,-1,False,7,False,False,515.5534186388114,,3,False,3,False,True,False,True,"market_above_ma60, avoid_chase, liquidity_ok, adx_trending, kd_golden_cross, obv_uptrend, mfi_strong",,close_below_ema20
2026-08-26,165.0,166.5,164.5,166.0,1417131,234768439,1513,中興電,,0.8250497827782795,0.3582056031214071,0.4668441796568723,164.31774598609786,164.09030637797326,162.72839476860818,52.94781924677758,14.301908948622344,4.853958028399682,3274024.9,541014355.85,171.0,164.0,0.4843157206977819,-0.1642231712203251,0.0121951219512195,0.0030211480362538,165.5,0.5193076039931905,174.39117319695555,162.5,150.60882680304445,0.6471679851108422,0.1463529008856067,33.333333333333336,25.13888888888929,165.5,167.05,515760305.0,503243005.6,-55.0,42.49898674077938,63.3332364535503,167.625,173.75,,,,0.0,0.0,0.0,0.0,0.0,0.0,,0.0,0.0,0.0383,-0.1493,0.0,11.9,-1.13,0,False,0,False,False,True,True,0.4328406298925827,False,False,False,False,True,True,False,False,True,True,False,False,False,False,False,False,True,False,0.0,0.0,3.0120481927710845,8.0,0.4312067669859215,False,False,False,False,False,False,False,-1,False,7,False,False,457.5028875027569,,3,False,3,False,False,False,False,"ema60_gt_ema120, market_above_ma60, avoid_chase, liquidity_ok, kd_golden_cross, obv_uptrend, mfi_strong",,
2026-08-26,34.3,36.3,33.85,36.3,4333033,153036327,1515,力山,,0.2999702414584888,-0.1697035613719557,0.4696738028304446,33.05796513033021,31.648551914419304,29.731860688635248,58.83883697837958,20.27056357632469,2.397672719127612,2343806.9,77566999.1,34.5,30.5,1.0522725997113065,0.5087782379421834,0.1560509554140126,0.0917293233082705,33.25,0.565184296079789,36.06580674422409,31.664999999999964,27.26419325577584,1.026607991373772,0.2779603185993451,91.48936170212764,63.12056737588682,34.19000000000015,33.26000000000003,49248393.0,43654249.2,-8.219178082191803,153.03571728152752,73.40708440133025,37.8875,33.125,,,,0.0,0.0,0.0,0.0,0.0,0.0,,0.0,0.0,0.0461,0.0238,0.0,3.06,-0.24,0,False,0,False,False,True,True,1.848715864775379,True,True,True,True,False,True,False,False,False,True,False,False,True,True,False,True,True,True,-20.0,-25.0,-4.958677685950406,25.0,0.2246257431062006,False,False,False,False,False,False,False,-1,False,12,False,False,841.1826675650282,,3,True,3,False,False,False,False,"ema60_gt_ema120, volume_break, rsi_strong, breakout_20d, market_above_ma60, liquidity_ok, adx_trending, obv_uptrend, bb_squeeze_breakout, breakout_volume_confirm, cci_momentum, mfi_strong",,
2026-08-26,11.4,11.45,11.3,11.4,270112,3067600,1517,利奇,,0.0415381555832006,0.0983785797288198,-0.0568404241456191,11.468304529702472,11.208560027157876,11.106748888756988,49.51971875714952,39.47396179380112,0.4091705307497634,752714.3,8828687.6,12.3,11.25,0.0053119579857949,0.2421442524655331,-0.0086956521739129,0.0,11.4,0.2477797691054825,12.056387107341385,11.515000000000033,10.973612892658682,0.3937913385444516,0.0940316295859919,33.333333333333435,22.28758169934675,11.430000000000016,11.440000000000008,31182162.0,30770387.65,-87.49999999999994,-57.04407951598933,53.82861484101175,11.7875,11.62,,,,0.0,0.0,0.0,0.0,0.0,0.0,,0.0,0.0,0.3634,0.0352,0.0,2.83,0.06,0,False,0,False,False,True,True,0.3588506289836661,False,False,True,False,True,False,False,False,False,True,False,False,False,False,False,False,True,False,0.0,0.0,7.8947368421052655,0.0,0.056506103591254,False,False,False,False,False,False,False,-1,False,6,False,False,454.26657953293176,,8,False,3,False,True,False,True,"ema60_gt_ema120, market_above_ma60, avoid_chase, adx_trending, obv_uptrend, mfi_strong",,close_below_ema20
2026-08-26,15.2,15.2,14.65,15.0,17590,261369,1516,川飛,,-0.6853583801528025,-1.018826121629519,0.3334677414767162,14.511303389783514,16.663904457694752,18.12226374760111,50.16672822687196,33.27948795549745,1.9278400567252063,44008.5,609788.7,16.05,0.0,,,0.0204081632653061,0.0,15.0,0.1651500252931447,21.02137020477887,14.372499999999992,7.7236297952211155,0.5471884681662903,0.9252211104232224,96.7741935483871,95.91397849462312,14.960000000000036,13.40500000000002,3010639.0,2864752.75,-3.225806451612903,28.96527656604435,76.43159510249573,17.7625,18.9,,,,0.0,0.0,0.0,0.0,0.0,0.0,,0.0,0.0,0.5984,-0.3388,0.0,5.82,-0.01,0,False,0,False,False,False,False,0.399695513366736,False,False,True,False,True,False,False,False,False,True,False,False,False,False,False,False,True,True,-20.0,0.0,7.000000000000004,0.0,0.7589492002293886,False,False,False,False,False,False,False,-1,False,5,False,False,383.10434553642006,,8,False,3,False,False,False,False,"market_above_ma60, avoid_chase, adx_trending, obv_uptrend, mfi_strong",,
2026-08-26,719.0,723.0,715.0,717.0,1497218,1076621555,1519,華城,,0.3631001200113815,-4.222228459233404,4.585328579244785,710.3137052367285,741.4577571018906,772.0141880011912,51.36990905510317,13.893239645594972,25.53052535257464,1400511.9,987368590.1,727.0,710.0,0.3682930403960117,-0.373045132641292,-0.0013927576601671,0.0,717.0,0.5688267796074314,748.9994714558183,701.7,654.4005285441818,0.6617354225014066,0.1348139417295659,52.63157894736842,47.45838956365272,719.2,717.8,27811989.0,26207854.5,-22.093023255813957,55.75838035180902,69.20973662110036,723.75,822.0,,,,0.0,0.0,0.0,0.0,0.0,0.0,,0.0,0.0,-0.0832,0.1851,0.0,17.88,-0.36,0,False,0,False,False,False,False,1.0690505378783286,False,False,False,False,True,True,False,False,True,True,False,False,False,False,False,False,True,True,0.0,0.0,1.394700139470014,15.0,0.1861345294335447,False,False,False,False,False,False,False,-1,False,6,False,False,417.92411973198585,,3,True,3,False,False,False,False,"market_above_ma60, avoid_chase, liquidity_ok, kd_golden_cross, obv_uptrend, mfi_strong",,
2026-08-26,28.25,28.4,28.1,28.35,237795,6728044,1522,堤維西,,-0.2295622458235904,-0.3363821467833614,0.106819900959771,28.248583226684804,29.50027831887148,32.19896760395769,49.38867378772964,13.434978086766158,0.6249717630029789,484913.25,13668129.0,29.75,27.65,0.0147445167787695,-0.266331497182155,0.0253164556962026,0.0035398230088496,28.25,0.3379429223591745,29.098826412686257,28.12750000000005,27.15617358731385,0.6145341036205446,0.0690659612611288,85.00000000000014,75.33126293995822,28.15999999999985,28.029999999999927,2852329.0,2326649.75,-55.263157894736736,48.15894611813016,38.56856943338089,30.025,31.425,,,,0.0,0.0,0.0,0.0,0.0,0.0,,0.0,0.0,0.0573,0.0154,0.0,2.7,0.07,0,False,0,False,False,False,False,0.4903866825664178,False,False,False,False,True,False,False,False,False,True,False,False,False,False,False,False,False,True,-20.0,0.0,4.938271604938267,0.0,0.2242328204796565,False,False,False,False,False,False,False,-1,False,3,False,False,187.5946606714201,,3,True,3,False,False,False,False,"market_above_ma60, avoid_chase, obv_uptrend",,
2026-08-26,25.55,26.1,25.55,25.8,16381,422959,1521,大億,,0.0463943037745799,-0.0122332428094207,0.0586275465840007,25.51442475859068,25.572526995748703,25.54894352567595,55.31258466338646,14.284802138628136,0.4746335381478014,21008.35,533321.55,25.9,25.4,0.1577000689292727,-0.1087090110505766,0.0157480314960631,0.009784735812133,25.55,0.4202712507674275,25.984340350094357,25.39250000000002,24.80065964990569,0.8442651383392749,0.0466153667495782,53.84615384615391,47.34432234432279,25.640000000000143,25.625,926150.0,848887.55,-42.85714285714275,122.44897959183729,72.04112267287174,25.637500000000003,26.950000000000003,,,,0.0,0.0,0.0,0.0,0.0,0.0,,0.0,0.0,-0.0526,-0.0599,0.0,33.05,0.01,0,False,0,False,False,True,True,0.7797375805334547,False,True,False,False,True,False,False,False,True,True,False,False,False,False,False,True,True,True,0.0,-12.0,0.3875968992247979,25.0,0.8079905527220997,False,False,False,False,False,False,False,-1,False,8,False,False,555.4932624379996,,3,False,3,False,False,False,False,"ema60_gt_ema120, rsi_strong, market_above_ma60, avoid_chase, kd_golden_cross, obv_uptrend, cci_momentum, mfi_strong",,
2026-08-26,66.9,68.1,66.9,66.9,11091,745988,1525,江申,,0.0382716936114491,0.1619555661287769,-0.1236838725173278,67.51183137319217,66.70428056211239,65.62819270424828,46.64570223225285,23.58226716018594,1.561839178160368,21991.5,1481433.3,68.8,67.0,-0.1117501544896165,0.0492102241006186,-0.0014925373134327,-0.0176211453744491,68.1,0.3516258690216687,69.12747815518924,67.83999999999996,66.55252184481068,0.1349452624841769,0.0379563135374197,68.42105263157923,79.8245614035089,67.47999999999956,67.40999999999985,2285837.0,2313320.0,-40.90909090909079,-41.4471373375485,37.66214707545849,66.55000000000001,65.15,,,,0.0,0.0,0.0,0.0,0.0,0.0,,0.0,0.0,0.1846,-0.0033,0.0,0.44,0.01,0,False,0,False,False,True,True,0.5043312188800219,False,False,True,False,True,False,False,False,False,False,False,False,False,False,False,False,False,True,0.0,12.0,2.840059790732424,8.0,-0.2751598319925755,False,False,True,False,False,False,False,-1,False,5,False,False,391.7413942048893,,5,False,3,False,True,True,True,"ema60_gt_ema120, market_above_ma60, avoid_chase, adx_trending, above_ichimoku_cloud",,"close_below_ema20, close_below_swing_low"
2026-08-26,27.6,27.8,27.4,27.5,256738,7076554,1524,耿鼎,,0.019570878338726,-0.1274314094241834,0.1470022877629095,27.169828807565345,27.82533085185253,28.516792081010184,55.06871294615423,18.082043425207885,0.5060388348395345,352963.15,9497924.4,27.6,26.9,0.270030073703789,-0.300246165036008,0.0185185185185186,-0.0036231884057971,27.6,0.6105207691597757,27.974495596872693,26.952499999999876,25.930504403127053,0.7678582968827897,0.0758367941283981,71.42857142857137,81.21693121693109,27.45,27.22999999999993,90120322.0,89298595.05,-27.272727272727305,108.32613079804042,69.24079104839578,27.925,30.575,,,,0.0,0.0,0.0,0.0,0.0,0.0,,0.0,0.0,0.1119,0.284,0.0,1.99,0.2,0,False,0,False,False,False,False,0.7273790479261079,False,True,False,False,True,False,False,False,False,True,False,False,False,False,False,True,True,True,-10.0,0.0,0.3636363636363688,25.0,0.2858609957519555,False,False,False,False,False,False,False,-1,False,6,False,False,450.70412242828456,,3,True,3,False,False,False,False,"rsi_strong, market_above_ma60, avoid_chase, obv_uptrend, cci_momentum, mfi_strong",,
2026-08-26,16.45,16.55,16.25,16.3,174390,2850935,1526,日馳,,-0.0391560995152495,0.2429852128368481,-0.2821413123520976,17.03814969084744,16.53040927310096,16.54871228720498,44.04716493602314,29.408312202331917,0.840526646808666,1123459.25,20788419.35,19.15,16.3,-0.7067012780317693,0.4209331726860053,-0.0411764705882352,0.0,16.3,0.4129261840828446,19.350700215514408,17.587500000000045,15.824299784485682,0.1348968232106151,0.2005060657301332,6.451612903225895,7.766401001032136,16.540000000000145,16.82500000000009,2556549.0,3665553.35,-96.92307692307688,-107.9332652366365,40.44047110022402,16.075000000000003,16.075000000000003,,,,0.0,0.0,0.0,0.0,0.0,0.0,,0.0,0.0,-0.1482,-0.0072,0.0,3.35,0.61,0,False,0,False,False,False,False,0.1552259238597216,False,False,True,False,True,False,False,False,False,False,False,False,False,False,False,False,False,False,20.0,12.0,17.4846625766871,0.0,-0.3431542305616341,False,False,True,False,False,False,False,-1,False,4,False,False,279.43440847185764,,3,False,3,False,True,False,True,"market_above_ma60, avoid_chase, adx_trending, above_ichimoku_cloud",,close_below_ema20
2026-08-26,18.5,19.15,18.5,19.1,852020,16169108,1528,恩德,,-0.4829518304424205,-0.6741411175455018,0.1911892871030812,18.99287405185729,21.00175272731504,22.007353351534068,47.281850122608255,29.075496831637803,0.6892739482472664,744812.15,13651133.85,19.4,18.45,0.4142178473281858,-0.8198820625041489,0.0296495956873314,0.0352303523035231,18.45,0.7596789402693714,20.017695565223367,18.547499999999943,17.077304434776526,0.6879001722862951,0.158533016872724,63.888888888888985,36.70033670033687,18.68999999999996,18.859999999999943,362679287.0,362150261.55,-42.49999999999989,46.7479674796744,53.35744308819089,21.7875,25.675,,,,0.0,0.0,0.0,0.0,0.0,0.0,,0.0,0.0,0.1966,0.1564,0.0,2.89,0.16,0,False,0,False,False,False,False,1.1439394483562062,False,False,True,False,True,False,False,False,False,True,False,False,False,False,False,False,True,False,0.0,0.0,1.5706806282722363,15.0,0.0641629492592535,False,False,False,False,False,False,False,-1,False,5,False,False,402.20934987467314,,3,False,3,False,False,False,False,"market_above_ma60, avoid_chase, adx_trending, obv_uptrend, mfi_strong",,
2026-08-26,32.55,32.8,32.5,32.8,118644,3868137,1527,鑽全,,-0.1501390666477959,-0.1654394197459277,0.0153003530981317,32.899879352470066,33.0943568201934,33.19099392250244,46.52703634783326,12.609825842833958,0.4134327871729009,185234.8,6085858.8,33.75,32.6,-0.026276406553857,-0.0346874842437676,0.003058103975535,0.003058103975535,32.7,0.2433923649427103,33.51554175280609,32.8,32.08445824719391,0.5,0.0436305946832981,38.88888888888832,27.777777777777374,32.759999999999856,32.82000000000007,6033280.0,5618598.7,-61.11111111111168,-26.36534839924863,59.85650113875251,33.900000000000006,33.275,,,,0.0,0.0,0.0,0.0,0.0,0.0,,0.0,0.0,-0.0461,0.082,0.0,10.37,-0.04,0,False,0,False,False,False,False,0.6405059956336498,False,False,False,False,True,False,False,False,False,True,False,False,False,False,False,False,True,False,0.0,0.0,2.896341463414643,8.0,1.1177427008917138,False,False,False,False,False,False,False,-1,False,4,False,False,262.81797236703704,,3,False,3,False,True,False,True,"market_above_ma60, avoid_chase, obv_uptrend, mfi_strong",,close_below_ema20
2026-08-26,29.0,29.35,28.75,29.35,20212,587851,1530,亞崴,,0.0876062525442407,-0.0439315280469269,0.1315377805911676,28.92232279468998,28.976409957873017,28.755040740112715,53.408707791090805,13.716412530586844,0.8372490507456594,41101.05,1169402.8,30.0,28.55,0.4242840882177546,-0.1694590699764576,0.0208695652173913,0.0155709342560554,28.9,0.3645199114769602,30.110153367019624,28.47999999999997,26.84984663298032,0.7668460580462493,0.114477062290706,47.222222222222285,36.11111111111131,29.389999999999965,29.145000000000078,2819452.0,2761093.4,-27.9411764705882,60.04188969048163,69.80642745886387,29.8625,31.375,,,,0.0,0.0,0.0,0.0,0.0,0.0,,0.0,0.0,0.2806,0.4258,0.0,0.66,0.01,0,False,0,False,False,True,True,0.4917635924143057,False,False,False,False,True,False,False,False,True,True,False,False,False,False,False,False,True,True,0.0,0.0,2.214650766609876,8.0,0.2116214335799341,False,False,False,False,False,False,False,-1,False,6,False,False,445.4570931271023,,3,True,3,False,False,False,False,"ema60_gt_ema120, market_above_ma60, avoid_chase, kd_golden_cross, obv_uptrend, mfi_strong",,
2026-08-26,13.15,13.25,13.15,13.15,257064,3388979,1531,高林股,,0.046416556906891,0.0267608639459081,0.0196556929609829,13.025497159793776,12.93306003765569,12.781170133008052,60.182193728353575,10.754928119460292,0.1562644393124584,146116.0,1896383.5,13.15,12.95,0.1017912195130431,0.0236677566194072,0.0115384615384614,0.0,13.15,1.5048789224551746,13.176010752370242,12.990000000000007,12.803989247629776,0.9300826644728836,0.0286390688791736,71.4285714285715,77.3809523809523,13.110000000000127,13.050000000000043,2843994.0,2407174.65,-22.22222222222218,192.7803379416269,94.23179878338289,13.0375,12.675,,,,0.0,0.0,0.0,0.0,0.0,0.0,,0.0,0.0,0.0157,-0.2069,0.0,1.7,0.04,0,False,0,False,False,True,True,1.7593145172328837,True,True,False,False,True,False,False,False,False,True,False,False,False,False,False,False,True,True,-10.0,-25.0,0.0,25.0,0.924884621788462,False,False,True,False,False,False,False,-1,False,8,False,False,548.6917606337904,,3,True,3,False,False,False,False,"ema60_gt_ema120, volume_break, rsi_strong, market_above_ma60, avoid_chase, obv_uptrend, mfi_strong, above_ichimoku_cloud",,
2026-08-26,22.9,23.1,22.85,23.0,367895,8453032,1532,勤美,,0.1199374668299029,-0.0278549977154073,0.1477924645453103,22.527316493754466,22.48661012996889,22.78729942078416,59.497669493821846,20.50938821434002,0.4210479600899822,408818.6,9043691.95,23.1,21.8,0.3659146587973449,-0.0519841800409724,0.0222222222222221,0.0043668122270743,22.9,0.5371190333535294,23.33516232625175,22.180000000000017,21.024837673748284,0.8549284725466746,0.1041625181471355,83.87096774193549,82.79569892473167,23.0,22.60499999999993,-11085331.0,-12484936.95,-14.285714285714286,110.0957354221056,74.74151313029529,23.2625,22.225,,,,0.0,0.0,0.0,0.0,0.0,0.0,,0.0,0.0,0.2531,-0.0455,0.0,6.82,0.05,0,False,0,False,False,True,False,0.8998979009272083,False,True,True,False,True,False,False,False,False,True,False,False,False,False,False,False,True,True,-20.0,-12.0,0.4347826086956583,25.0,0.9876034761787668,False,False,False,False,False,False,False,-1,False,6,False,False,448.8502207234173,,5,True,3,False,False,False,False,"rsi_strong, market_above_ma60, avoid_chase, adx_trending, obv_uptrend, mfi_strong",,
2026-08-26,32.0,32.0,31.65,31.8,39688,1259547,1533,車王電,,-0.6725500153239174,-0.7794902932307575,0.10694027790684,32.20469642164926,33.57425787366437,33.6128307116652,42.27950247561736,30.90582533381164,0.9666793714315391,116756.1,3742374.0,33.55,31.1,-0.1769323007293658,-0.4118375848684393,0.022508038585209,0.0063291139240506,31.6,0.4036433542445414,33.38646185745427,32.0625,30.73853814254573,0.4008657241437691,0.0825863146950033,42.85714285714293,40.47619047619082,31.65,31.625,7398645.0,7482893.4,-68.96551724137923,-30.24882094649603,33.83058907363855,35.575,37.075,,,,0.0,0.0,0.0,0.0,0.0,0.0,,0.0,0.0,0.2821,-0.1586,0.0,6.4,-0.07,0,False,0,False,False,False,False,0.339922282433209,False,False,True,False,True,False,False,False,True,False,False,False,False,False,False,False,False,True,0.0,0.0,5.503144654088039,0.0,-0.1144661377173387,False,False,False,False,False,False,False,-1,False,4,False,False,327.02562917172406,,8,False,3,False,True,False,True,"market_above_ma60, avoid_chase, adx_trending, kd_golden_cross",,close_below_ema20
2026-08-26,49.6,50.4,49.45,50.1,696518,34804430,1536,和大,,-0.1263208892165082,-0.013591244560805,-0.1127296446557031,50.197100455695,50.566647599876745,51.830151285684906,49.32559543632215,12.03980851647786,1.708550788451073,1406776.05,70921292.0,52.0,49.1,0.1753402139252957,0.0141622398961815,-0.0019920318725099,0.0100806451612902,49.6,0.3441695659820502,53.47410834514996,50.09250000000011,46.71089165485026,0.5011089397757506,0.1350145568757735,32.50000000000011,19.360465116278647,49.67000000000007,50.24500000000008,92160099.0,91366175.1,-71.73913043478252,-10.146373918829722,48.126154591529136,52.2625,51.875,,,,0.0,0.0,0.0,0.0,0.0,0.0,,0.0,0.0,0.0959,0.1981,0.0,5.91,-0.12,0,False,0,False,False,False,False,0.4951164757176524,False,False,False,False,True,True,False,False,False,True,False,False,False,False,False,False,False,False,0.0,0.0,3.7924151696606754,0.0,0.0599948529527308,False,False,False,False,False,False,False,-1,False,4,False,False,250.6711029926093,,3,False,3,False,True,False,True,"market_above_ma60, avoid_chase, liquidity_ok, obv_uptrend",,close_below_ema20
2026-08-26,46.25,46.3,46.0,46.2,22285,1028423,1535,中宇,,-0.4408747935324584,-0.5984783580674479,0.1576035645349894,46.27049169897564,47.73627507531358,49.185586218984206,44.7515661846843,12.620879882346625,0.7074434076066339,45702.15,2105611.5,46.5,45.75,0.0284121961792555,-0.2158096372955637,0.0098360655737705,0.0032573289902282,46.05,0.5790251334874275,46.39055845657612,45.96500000000005,45.53944154342398,0.7761077783422484,0.0185166303307329,56.521739130435,44.927536231884005,46.04000000000015,46.0,-1107458.0,-1144177.15,-42.30769230769218,67.95224977042787,48.12932607516827,49.025000000000006,50.0,,,,0.0,0.0,0.0,0.0,0.0,0.0,,0.0,0.0,-0.3741,-0.158,0.0,0.89,-0.01,0,False,0,False,False,False,False,0.487613821231605,False,False,False,False,True,False,False,False,False,True,False,False,False,False,False,False,False,True,0.0,0.0,0.6493506493506431,25.0,0.1474717221495227,False,False,False,False,False,False,False,-1,False,3,False,False,181.64579887811036,,3,False,3,False,True,False,True,"market_above_ma60, avoid_chase, obv_uptrend",,close_below_ema20
2026-08-26,119.5,120.0,119.0,119.5,162323,19375370,1537,廣隆,,-1.6752092435216213,-0.8333086675503294,-0.8419005759712919,123.74616475984834,125.09478099176854,125.37034609087924,27.17825649930153,24.197080475087837,1.606079717463376,153166.85,19057093.25,128.0,119.5,-0.308284499584835,-0.0459289850197371,-0.0123966942148759,0.0,119.5,0.9558136981632328,131.01498204307083,124.75,118.48501795692916,0.0810043856544981,0.100440593876887,5.555555555555555,5.555555555554747,119.9,123.05,-3694250.0,-3377005.15,-94.73684210526316,-125.61819980217624,51.13655987702915,126.0,126.0,,,,0.0,0.0,0.0,0.0,0.0,0.0,,0.0,0.0,0.0708,0.0624,0.0,15.35,-0.31,0,False,0,False,False,False,False,1.0597789273592817,False,False,True,False,True,False,False,False,True,False,False,False,False,False,False,False,True,False,20.0,25.0,7.112970711297072,0.0,-1.3811409351227868,False,False,False,False,False,False,False,-1,False,5,False,False,384.02409805211937,,5,False,3,False,True,False,True,"market_above_ma60, avoid_chase, adx_trending, kd_golden_cross, mfi_strong",,close_below_ema20
2026-08-26,0.0,0.0,0.0,0.0,700,6165,1538,正峰,,-1.112843757857379,-1.106723202043713,-0.0061205558136663,3.2672505687765736,6.090229867462241,9.389286891800806,45.94801372610559,10.876479916249682,3.655024444259129,719.65,6707.85,10.2,0.0,,,,,0.0,0.1683946837380836,10.439940769773592,2.3359999999999674,-5.767940769773658,0.3558725892523261,6.938305453573406,0.0,32.463768115942,1.7920000000000074,3.6519999999999526,-139011.0,-141661.2,-100.0,-44.44444444444444,86.09558305045444,5.75,6.3,,,,0.0,0.0,0.0,0.0,0.0,0.0,,0.0,0.0,-0.7551,-0.6905,0.0,0.03,0.0,0,False,0,False,False,False,False,0.9726950600986592,False,False,False,False,False,False,False,False,False,True,False,False,False,False,False,False,True,False,20.0,0.0,999.0,0.0,0.139951017547929,False,False,False,False,False,False,False,-1,False,3,False,False,176.4063628115617,,3,False,3,True,True,False,True,"market_above_ma60, obv_uptrend, mfi_strong",,"macd_death_cross, close_below_ema20"
2026-08-26,15.75,15.8,15.65,15.65,40709,639288,1539,巨庭,,-0.0813600362957309,-0.0276060143659961,-0.0537540219297347,15.933881617782816,16.02076738848336,16.297669595172287,41.01996166764715,13.94346047110117,0.2734241943330487,59991.55,963837.0,16.4,15.65,-0.1411605816453691,0.0124284409421435,-0.003184713375796,0.0,15.65,0.5765000871518547,16.434327511863273,16.00250000000001,15.570672488136742,0.0918509239035896,0.0539700061694442,11.111111111111242,16.68447293447328,15.789999999999782,15.854999999999928,-3241558.0,-3174044.7,-95.45454545454538,-112.40130051091369,45.79953711341632,16.325,16.175,,,,0.0,0.0,0.0,0.0,0.0,0.0,,0.0,0.0,-0.0647,0.1425,0.0,1.16,-0.05,0,False,0,False,False,False,False,0.6785788998617305,False,False,False,False,True,False,False,False,False,False,False,False,False,False,False,False,False,False,20.0,25.0,4.792332268370596,0.0,-0.1985023661183418,False,False,False,False,False,False,False,-1,False,2,False,False,139.4037606051972,,3,False,3,False,True,False,True,"market_above_ma60, avoid_chase",,close_below_ema20
2026-08-26,19.3,19.5,19.25,19.25,102964,1995488,1540,喬福,,-0.5223051050316663,-0.5798156120269665,0.0575105069953002,19.63368612950611,20.665490084341982,21.470565526283124,38.24659730917779,23.04051407063123,0.4479734859198909,212865.4,4145037.85,20.35,18.95,-0.206881074474266,-0.3121511114784706,0.013157894736842,0.0026041666666667,19.2,0.2727957591071448,20.36060035731362,19.464999999999964,18.56939964268631,0.3799687839312307,0.0920216139032782,61.538461538461455,41.263808655112975,19.170000000000076,19.139999999999965,3428268.0,3476394.45,-77.14285714285722,-27.42616033755301,29.93475300140358,22.525,22.025,,,,0.0,0.0,0.0,0.0,0.0,0.0,,0.0,0.0,-0.4121,-0.3342,0.0,1.61,0.08,0,False,0,False,False,False,False,0.4837047260851223,False,False,True,False,True,False,False,False,False,False,False,False,False,False,False,False,False,True,0.0,0.0,5.7142857142857215,0.0,-0.0585684494984478,False,False,False,True,False,False,False,-1,False,3,True,False,164.13422586686983,,5,False,3,False,True,False,True,"market_above_ma60, avoid_chase, adx_trending",long_upper_shadow,close_below_ema20
2026-08-26,22.05,22.05,21.45,21.9,12050,262750,1541,錩泰,,0.0258225840667591,0.0169117914918739,0.0089107925748852,21.73187998677081,21.90370868110124,22.56486719973361,52.55077098551569,20.799557747228494,0.7289550704519528,18172.65,391259.7,22.3,21.6,0.1074243376628201,0.014038565776733,0.0138888888888888,0.0138888888888888,21.6,0.3249102263649175,22.35312933623755,21.67750000000005,21.00187066376256,0.6646612928614238,0.0623346175746736,56.24999999999986,46.875,21.75,21.77500000000009,287248.0,245004.3,-43.75000000000014,39.65880137365749,38.20326705289168,21.6625,22.0,,,,0.0,0.0,0.0,0.0,0.0,0.0,,0.0,0.0,-0.341,0.1848,0.0,9.97,0.01,0,False,0,True,True,False,False,0.6630843602886755,False,False,True,False,True,False,False,False,True,True,False,False,False,False,False,False,False,False,0.0,0.0,1.82648401826485,15.0,1.089208805686262,False,False,False,False,True,False,False,-1,False,7,True,False,479.7013492711219,,3,False,3,False,False,False,False,"macd_golden_cross, market_above_ma60, avoid_chase, hist_turn_positive, adx_trending, kd_golden_cross, obv_uptrend",open_high_close_low,
2026-08-26,101.5,103.0,101.5,102.5,78947,8083499,1558,伸興,,2.8076576564359077,2.117835100908476,0.6898225555274315,97.88917638306047,94.54036509945476,94.09368647094983,66.89374660509353,28.682067776212016,2.3143417701549778,130703.3,12656648.9,103.5,96.6,0.7444971786023136,0.158482112642122,0.0280842527582747,-0.0096618357487923,103.5,0.8417724656440198,105.23011573994928,96.59000000000032,87.94988426005138,0.8420093073912102,0.1789029038192136,76.47058823529412,80.74465741352712,102.3,100.3300000000003,2736827.0,2346695.55,-15.384615384615383,106.74759014637608,81.03084196857164,93.25,92.55,,,,0.0,0.0,0.0,0.0,0.0,0.0,,0.0,0.0,0.2512,0.2048,0.0,7.1,0.23,0,False,0,False,False,True,True,0.6040168840419484,False,True,True,False,True,False,False,False,False,True,False,False,False,False,False,False,True,True,-10.0,-12.0,0.975609756097561,25.0,0.6492592191762413,False,False,True,False,False,False,False,-1,False,8,False,False,606.8312794705344,,5,True,3,False,False,False,False,"ema60_gt_ema120, rsi_strong, market_above_ma60, avoid_chase, adx_trending, obv_uptrend, mfi_strong, above_ichimoku_cloud",,
2026-08-26,677.0,690.0,677.0,682.0,471811,322644852,1560,中砂,,1.1778044184760574,3.248951360795359,-2.0711469423193014,689.9563890854218,674.387342320444,621.3722190451335,48.420651865138765,8.986402405231075,33.28848667968357,1369985.65,941694299.4,742.0,677.0,0.4280023364719686,-0.0301357165772313,-0.0353606789250353,0.0073855243722305,677.0,0.4951239165461338,751.962272962159,685.55,619.1377270378409,0.473273012338979,0.1937488818092306,27.956989247311828,19.098130388452773,683.2,700.5,130579660.0,130037101.5,-72.04301075268818,-10.788148375386612,60.15625806848631,692.25,676.5,,,,0.0,0.0,0.0,0.0,0.0,0.0,,0.0,0.0,0.2656,0.0641,0.0,37.99,0.1,0,False,0,False,False,True,True,0.3443911985501454,False,False,False,False,True,True,False,False,False,True,False,False,False,False,False,False,True,False,10.0,0.0,8.797653958944283,0.0,0.1660810291161853,False,False,False,False,False,False,False,-1,False,6,False,False,410.4368843348957,,3,False,3,False,True,False,True,"ema60_gt_ema120, market_above_ma60, avoid_chase, liquidity_ok, obv_uptrend, mfi_strong",,close_below_ema20
2026-08-26,65.6,67.3,64.0,66.0,3214635,212154513,1563,巧新,,1.0783152196458443,0.4307412165572429,0.6475740030886016,62.14448612203832,59.933530322859454,56.17402659401134,59.98512605153796,17.574653714744443,3.12662222047111,1464636.3,89829376.65,65.3,61.0,1.0046069574876546,-0.133023587910958,0.0819672131147541,0.0138248847926267,65.1,1.397055623494881,68.20758644210669,60.434999999999945,52.6624135578932,0.8579889423842595,0.2572213598777778,80.8823529411765,71.07911648237193,64.22000000000007,63.26000000000003,24195778.0,17843200.4,-10.56910569105689,105.7489194371324,71.74960743722819,65.2,57.475,,,,0.0,0.0,0.0,0.0,0.0,0.0,,0.0,0.0,0.1193,-0.1323,0.0,4.42,0.07,0,False,0,False,False,True,True,2.1948349907755254,True,True,False,True,False,True,False,False,False,True,False,False,False,True,False,True,True,True,-20.0,-12.0,-1.0606060606060648,25.0,1.7234212469057426,False,False,True,True,False,False,False,-1,False,11,True,False,750.6294048706242,,3,False,3,False,False,False,False,"ema60_gt_ema120, volume_break, rsi_strong, breakout_20d, market_above_ma60, liquidity_ok, obv_uptrend, breakout_volume_confirm, cci_momentum, mfi_strong, above_ichimoku_cloud",long_upper_shadow,
2026-08-26,28.35,29.35,28.35,29.25,200256,5776447,1568,倉佑,,-0.6180421441073314,-0.9156420038231424,0.2975998597158109,29.14632159271539,30.95406617771243,30.255451133851288,47.96079526928082,13.760512128874518,1.0817072969959705,352112.15,9879891.1,30.1,28.35,0.4246292202653039,-0.9285215645641448,0.0227272727272727,0.0317460317460316,28.35,0.4428221298129152,30.467017956417227,28.49000000000001,26.51298204358279,0.6922086740621402,0.1387867993272879,57.49999999999993,27.340510366825885,28.91000000000004,29.13500000000013,22330852.0,22120789.4,-41.17647058823531,49.777117384844125,52.68894299104416,34.7625,38.7,,,,0.0,0.0,0.0,0.0,0.0,0.0,,0.0,0.0,0.182,-0.0726,0.0,4.06,0.06,0,False,0,False,False,False,True,0.5687278896794672,False,False,False,False,True,False,False,False,True,True,False,False,False,False,False,False,True,False,0.0,0.0,2.9059829059829108,8.0,0.0558611546409747,False,False,False,False,False,False,False,-1,False,6,False,False,429.3576127524864,,3,False,3,False,False,False,False,"ema60_gt_ema120, market_above_ma60, avoid_chase, kd_golden_cross, obv_uptrend, mfi_strong",,
