date,open,high,low,close,volume,amount,stock_id,name,industry_category,macd,macd_signal,macd_hist,ema20,ema60,ema120,rsi14,adx14,atr14,volume_ma20,amount_ma20,close_20d_high,close_10d_low,lr_slope_20,lr_slope_60,return_5d,day_return,prev_close,prev_volume_ratio,bb_upper,bb_mid,bb_lower,bb_pct_b,bb_bandwidth,stoch_k,stoch_d,sma5,sma10,obv,obv_ma,williams_r,cci20,mfi14,ichi_senkou_a,ichi_senkou_b,market_ma60,market_above_ma60,market_return_5d,foreign_net,foreign_buy_streak,invest_trust_net,invest_trust_streak,dealer_net,dealer_buy_streak,relative_strength_5d,margin_change_5d,short_ratio,revenue_yoy,revenue_mom,revenue_3m_yoy,foreign_holding_pct,foreign_holding_chg5d,insider_net_30d,has_buyback,limit_down_streak,macd_golden_cross,hist_turn_positive,above_ema60,ema60_gt_ema120,volume_ratio,volume_break,rsi_strong,adx_trending,breakout_20d,avoid_chase,liquidity_ok,foreign_buy_3d,stronger_than_market,kd_golden_cross,obv_uptrend,invest_trust_buy_2d,dealer_buy_3d,bb_squeeze_breakout,breakout_volume_confirm,williams_r_recovery,cci_momentum,mfi_strong,ma5_above_ma10,kd_level_score,bb_level_signal,gap_to_20d_high_pct,breakout_proximity_score,obv_strength,foreign_buy_accel,invest_trust_accel,above_ichimoku_cloud,long_upper_shadow,open_high_close_low,gap_chase_after_blowout,earnings_blocked,f_score,f_score_low,condition_count,skip_trade,entry_signal,entry_score,momentum_score,expected_hold_days,momentum_decay_signal,estimated_sl_days,macd_death_cross,close_below_ema20,close_below_swing_low,base_exit_signal,entry_reason,skip_reason,base_exit_reason,sector_rs,sector_rs_rank,market_rs_rank,sector_breadth_60,sector_vol_zscore,is_sector_leader,sector_stock_count,grade
2026-08-10,11.0,11.5,10.95,11.4,386135,4360743,2444,兆勁,,-0.3730414488630256,-0.4461297020892248,0.0730882532261992,11.275962460853394,12.039361165922664,12.309888082240528,48.7682040416599,33.534471172050594,0.3963171822940163,306831.8,3451472.4,12.2,10.5,-0.4454892606429217,-0.3413972340928011,0.0458715596330274,0.0458715596330274,10.9,0.4116723837691174,12.008966426185255,11.174999999999978,10.3410335738147,0.6348975168156444,0.1492557362300275,90.00000000000003,59.16666666666666,10.970000000000072,10.870000000000028,-2832110.0,-2095039.8,-18.181818181818123,16.42512077294668,30.89376860230433,13.05,13.425,,,,0.0,0.0,0.0,0.0,0.0,0.0,,0.0,0.0,-0.326,-0.0796,0.0,2.37,-0.07,0,False,0,False,False,False,False,1.2584582171730572,False,False,True,False,True,False,False,False,False,False,False,False,False,False,False,False,False,True,-20.0,0.0,7.017543859649113,0.0,-0.3759726064860059,False,False,False,False,False,False,False,-1.0,False,3,False,False,163.0729108938985,,8,False,3,False,False,False,False,"market_above_ma60, avoid_chase, adx_trending",,,-196.8,6.9,6.9,38.7,0.28,False,1355.0,D
2026-08-10,242.0,253.5,237.0,248.5,34862334,8628929632,2449,京元電子,,-16.966517403744604,-17.69864678797892,0.732129384234316,259.24007476381473,282.44792711239245,279.60233601170654,44.22557282897466,21.184071297435995,20.20413024324024,23936368.85,6270492569.05,318.0,203.5,-1.494286953802958,-0.3810782420045036,0.0642398286937901,0.0268595041322314,242.0,0.6455871166614554,322.733961230303,261.075,199.4160387696969,0.39802779880583,0.4723467297160053,80.45112781954887,71.0655950220377,246.4,234.1,1203388294.0,1153856425.15,-50.0,-39.7391395813612,47.88259612365532,318.625,314.0,,,,0.0,0.0,0.0,0.0,0.0,0.0,,0.0,0.0,0.2864,-0.0411,0.0,29.28,-1.13,0,False,0,True,True,False,True,1.4564587560656677,False,False,True,False,False,True,False,False,False,True,False,False,False,False,False,False,False,True,-20.0,0.0,27.96780684104628,0.0,0.925357739150698,False,False,False,False,False,False,False,-1.0,False,7,False,False,500.6688804304651,,3,False,3,False,True,False,True,"macd_golden_cross, ema60_gt_ema120, market_above_ma60, liquidity_ok, hist_turn_positive, adx_trending, obv_uptrend",,close_below_ema20,140.8,75.9,75.9,38.7,0.51,False,1355.0,D
2026-08-10,28.35,28.45,28.3,28.35,98384,2792188,2450,神腦,,-0.2125363862661338,-0.1996594747925931,-0.0128769114735406,28.658385482918767,29.08522532599258,29.26754153283316,37.52638367659294,9.852979464487486,0.2972177054271492,134544.2,3850643.3,29.0,28.3,-0.094466063873595,-0.0979821312232867,-0.0104712041884815,0.0017667844522968,28.3,1.0680598414526332,29.055153195590112,28.66749999999984,28.27984680440956,0.0904844799275005,0.0270447855997402,18.75000000000025,14.583333333333334,28.379999999999747,28.5449999999998,-386675.0,148950.45,-83.33333333333313,-140.91838631715956,33.08505396963274,29.6875,30.375,,,,0.0,0.0,0.0,0.0,0.0,0.0,,0.0,0.0,0.1642,0.082,0.0,1.28,-0.11,0,False,0,False,False,False,False,0.731239250744365,False,False,False,False,True,False,False,False,False,False,False,False,False,False,False,False,False,False,20.0,25.0,2.2927689594356213,8.0,-0.6792707626608743,False,False,False,False,False,False,False,-1.0,False,2,False,False,182.1611433555132,,3,False,3,False,True,False,True,"market_above_ma60, avoid_chase",,close_below_ema20,-177.7,10.3,10.3,38.7,-0.33,False,1355.0,D
2026-08-10,53.2,53.2,52.5,52.6,204759,10796016,2453,凌群,,-0.5952181577230888,-0.9023141456297288,0.3070959879066399,52.86872986998027,54.30394417848751,54.84234588510326,46.63020366720222,24.82160895556145,1.3415124177878075,310256.25,16132908.15,54.5,50.4,0.0495884503306614,-0.2439815121927938,0.0,-0.0037878787878786,52.8,0.3813910981535105,54.17859950964669,52.180000000000106,50.181400490353525,0.6050735772656537,0.0766040440646445,65.95744680851062,70.2127659574465,52.96000000000022,52.21000000000022,21869752.0,22604829.4,-34.04255319148937,41.41059408838252,37.37290828903485,58.27499999999999,59.1,,,,0.0,0.0,0.0,0.0,0.0,0.0,,0.0,0.0,0.0579,0.1769,0.0,5.3,0.25,0,False,0,False,False,False,False,0.6599673656856228,False,False,True,False,True,False,False,False,False,False,False,False,False,False,False,False,False,True,0.0,0.0,3.612167300380225,0.0,-0.1523601816641602,False,False,False,False,False,False,False,-1.0,False,3,False,False,214.7713514768863,,5,False,3,False,True,False,True,"market_above_ma60, avoid_chase, adx_trending",,close_below_ema20,-145.1,17.5,17.5,38.7,-0.41,False,1355.0,D
2026-08-10,3920.0,3995.0,3915.0,3960.0,5872851,23240434365,2454,聯發科,,-7.92248120464501,-70.043889247703,62.121408043058,3786.7849440549535,3677.782203684359,3202.153606837141,54.39593636666147,14.53349442437364,254.81666086782724,9894508.25,36223368974.75,4000.0,3150.0,0.4053542625225329,-0.1731637856006924,0.0127877237851663,0.0153846153846153,3900.0,0.663851863699207,4179.896284335855,3672.25,3164.6037156641446,0.7834158437468508,0.2764769742451386,85.46255506607929,82.52569750367122,3929.0,3681.0,207303127.0,217342265.15,-14.537444933920703,82.17372569893263,59.93769655365859,4351.25,3432.5,,,,0.0,0.0,0.0,0.0,0.0,0.0,,0.0,0.0,0.028,0.223,0.0,55.21,0.12,0,False,0,False,False,True,True,0.5935465261752649,False,False,False,False,True,True,False,False,False,False,False,False,False,False,False,False,True,True,-20.0,0.0,1.0101010101010102,15.0,-0.3395541142989938,False,False,False,False,False,False,False,-1.0,False,5,False,False,311.8608158901647,,3,True,3,False,False,False,False,"ema60_gt_ema120, market_above_ma60, avoid_chase, liquidity_ok, mfi_strong",,,-48.0,38.7,38.7,38.7,-0.48,False,1355.0,D
2026-08-10,297.0,300.0,292.0,295.5,6233448,1842104631,2451,創見,,6.193243389306758,0.4221456431004314,5.771097746206327,275.1008382729969,275.76079664143685,263.1787034024699,59.6842797594037,15.53761201376812,15.796186763936358,8890147.5,2405599978.3,297.0,257.5,1.3681283725089814,-0.4616374290673705,0.0516014234875443,-0.005050505050505,297.0,1.1150391322713609,309.84505505178123,263.525,217.20494494821875,0.8451528713022375,0.3515420172794326,89.2156862745098,91.61693662972478,290.5,282.3,436476405.0,404003827.55,-8.59375,112.49819390261524,74.71639674473214,296.625,311.5,,,,0.0,0.0,0.0,0.0,0.0,0.0,,0.0,0.0,3.8155,-0.1953,0.0,11.16,0.47,0,False,0,False,False,True,True,0.7011636196137353,False,True,False,False,False,True,False,False,False,True,False,False,False,False,False,False,True,True,-20.0,-12.0,0.5076142131979695,25.0,1.2961854600626803,False,False,False,False,False,False,False,-1.0,False,6,False,False,435.5658617168895,,3,False,3,False,False,False,False,"ema60_gt_ema120, rsi_strong, market_above_ma60, liquidity_ok, obv_uptrend, mfi_strong",,,75.7,66.1,66.1,38.7,-0.36,False,1355.0,D
2026-08-10,23.1,23.75,23.1,23.55,1053539,24750304,2457,飛宏,,-1.1425683165156926,-1.34074688417302,0.1981785676573273,23.92676728607226,25.714046006158085,26.37982783513384,45.37587801132271,28.647788140087563,1.3087658517570984,2156734.7,50601469.05,27.65,20.15,-0.8425764988125757,-0.2793647391134289,0.0560538116591928,0.0261437908496733,22.95,0.4412504493848332,27.223969240982555,23.692500000000017,20.16103075901748,0.479824261479286,0.2981086201103755,90.1234567901235,84.36213991769546,23.35,22.369999999999983,50949082.0,55859481.7,-31.77570093457942,-14.092401313155554,34.30649225263079,29.1625,27.925,,,,0.0,0.0,0.0,0.0,0.0,0.0,,0.0,0.0,-0.0268,0.0088,0.0,6.49,-0.08,0,False,0,False,False,False,False,0.4884879906647766,False,False,True,False,False,True,False,False,False,False,False,False,False,False,False,False,False,True,-20.0,0.0,17.409766454352432,0.0,-0.140577941993219,False,False,False,False,False,False,False,-1.0,False,3,False,False,188.1979446027292,,3,False,3,False,True,False,True,"market_above_ma60, liquidity_ok, adx_trending",,close_below_ema20,-171.7,11.1,11.1,38.7,-0.6,False,1355.0,D
2026-08-10,142.0,146.0,141.5,145.5,3547311,510987282,2458,義隆,,-6.213169505388692,-4.202227813383445,-2.0109416920052468,158.43228300703274,159.7845117573191,151.94073609756347,38.52832517415855,20.60259285821169,9.02326492607664,3437014.85,544351168.65,183.0,141.5,-1.0377258565673757,0.0506149691655314,-0.0702875399361022,0.028268551236749,141.5,1.7479957126771597,183.30226629285704,160.825,138.34773370714294,0.1591000035251161,0.2795245303013468,24.444444444444443,14.64304884594761,150.5,151.2,82104865.0,88959696.5,-84.72222222222223,-115.50925925925944,41.87404137531434,173.75,164.5,,,,0.0,0.0,0.0,0.0,0.0,0.0,,0.0,0.0,0.0713,0.0548,0.0,21.34,-1.67,0,False,0,False,False,False,True,1.0320906818310662,False,False,True,False,True,True,False,False,True,False,False,False,False,False,False,False,False,False,10.0,12.0,25.773195876288657,0.0,-0.377302344424378,False,False,False,False,False,False,False,-1.0,False,6,False,False,407.7932786852181,,3,False,3,False,True,False,True,"ema60_gt_ema120, market_above_ma60, avoid_chase, liquidity_ok, adx_trending, kd_golden_cross",,close_below_ema20,47.9,60.4,60.4,38.7,0.02,False,1355.0,D
2026-08-10,65.8,66.7,65.8,66.1,183698,12162316,2459,敦吉,,-0.0511959269877309,-0.1985652233801157,0.1473692963923848,64.8212728603029,65.34686418904892,65.62508545316493,58.249223157130174,13.830788009231425,1.0165342010782534,160012.9,10469187.2,67.2,63.6,-0.0478189059480824,-0.0933369211215269,0.0328124999999999,0.0138036809815949,65.2,0.8826928893604473,66.54939013057687,64.90999999999967,63.27060986942247,0.8629398450695045,0.0505127139293547,80.64516129032232,73.47041438722226,64.81999999999971,64.56999999999971,317972.0,183740.45,-19.354838709677686,133.26197484613257,36.0768687170784,65.8,67.55,,,,0.0,0.0,0.0,0.0,0.0,0.0,,0.0,0.0,0.2097,-0.0104,0.0,15.75,-0.04,0,False,0,False,False,True,False,1.1480199408922656,False,True,False,False,True,False,False,False,False,True,False,False,False,False,False,True,False,True,-20.0,-12.0,1.6641452344932053,15.0,0.268696502416012,False,False,False,True,False,False,False,-1.0,False,5,True,False,352.7045574379148,,3,False,3,False,False,False,False,"rsi_strong, market_above_ma60, avoid_chase, obv_uptrend, cci_momentum",long_upper_shadow,,-7.1,48.7,48.7,38.7,0.15,False,1355.0,D
2026-08-10,30.85,31.8,30.6,31.8,494828,15436121,2460,建通,,-0.8558292801757759,-1.0387260227914212,0.1828967426156453,31.50366027263536,32.334303053679534,30.596287565483696,49.58538373756911,18.957005554182896,1.746788404746442,512451.55,15849507.95,33.45,28.25,-0.3087579532677231,-0.0800490137262244,0.0460526315789473,0.0512396694214876,30.25,0.7071857705352524,33.3498292286015,31.06249999999996,28.775170771398408,0.6612142211051419,0.1472727068717295,100.0,82.85356695869875,31.05,30.309999999999945,23727479.0,24413473.65,-24.40944881889764,24.24473216552488,44.05435109467704,36.5875,35.525,,,,0.0,0.0,0.0,0.0,0.0,0.0,,0.0,0.0,0.5908,-0.0486,0.0,1.23,-0.02,0,False,0,False,False,False,True,0.9656093341897396,False,False,False,False,True,False,False,False,False,False,False,False,False,False,False,False,False,True,-20.0,0.0,5.1886792452830255,0.0,-0.1962637605174175,False,False,False,False,False,False,False,-1.0,False,3,False,False,192.3009282156884,,3,False,3,False,False,False,False,"ema60_gt_ema120, market_above_ma60, avoid_chase",,,-167.5,11.8,11.8,38.7,-0.06,False,1355.0,D
2026-08-10,17.4,17.6,17.15,17.5,586369,10201243,2461,光群雷,,-0.0278101757226529,-0.2468525247721635,0.2190423490495105,16.638383611521295,16.902871993076467,16.868033548834372,60.95310697790661,21.264519364079568,0.5539748917050984,940675.3,15279396.8,17.35,15.5,0.1765180440781026,-0.077348076680134,0.080246913580247,0.0086455331412103,17.35,1.0167855555095775,17.46796246084777,16.332500000000028,15.197037539152287,1.0141077051232112,0.1390433137422609,95.83333333333329,89.95879851142975,17.05,16.415000000000056,17136649.0,16875036.5,-4.166666666666722,162.59560819146296,46.09576988475428,17.975,18.2,,,,0.0,0.0,0.0,0.0,0.0,0.0,,0.0,0.0,0.0286,0.1005,0.0,8.88,-0.03,0,False,0,False,False,True,True,0.623348991942278,False,True,True,True,False,False,False,False,False,True,False,False,True,False,False,False,False,True,-20.0,-25.0,-0.857142857142849,25.0,0.0301128283748308,False,False,False,False,False,False,False,-1.0,False,7,False,False,481.59484385992073,,3,False,3,False,False,False,False,"ema60_gt_ema120, rsi_strong, breakout_20d, market_above_ma60, adx_trending, obv_uptrend, bb_squeeze_breakout",,,121.7,73.4,73.4,38.7,-0.45,False,1355.0,D
2026-08-10,19.6,19.6,19.15,19.5,248119,4818573,2462,良得電,,-0.8582028629640668,-0.8784182322402356,0.0202153692761688,20.44185653333362,21.739599432346083,22.277511848228475,32.82297347803778,28.393785721993023,0.6881481134679404,260150.85,5251360.35,21.9,19.15,-0.5257341704751539,-0.1935408022919265,-0.0176322418136021,0.0025706940874037,19.45,0.4545961317007826,21.69413064596714,20.267499999999973,18.840869354032808,0.2310095636282729,0.1407801303532421,35.71428571428575,31.44257703081227,19.6,19.634999999999945,20398253.0,21168316.7,-79.59183673469387,-90.84074123214384,28.8855003461524,24.1125,23.5,,,,0.0,0.0,0.0,0.0,0.0,0.0,,0.0,0.0,-0.0457,-0.0431,0.0,1.08,0.02,0,False,0,True,True,False,False,0.9537504874575654,False,False,True,False,True,False,False,False,True,False,False,False,False,False,False,False,False,False,0.0,0.0,12.3076923076923,0.0,-0.2083610141767602,False,False,False,False,False,False,False,-1.0,False,6,False,False,422.0371727044545,,3,False,3,False,True,False,True,"macd_golden_cross, market_above_ma60, avoid_chase, hist_turn_positive, adx_trending, kd_golden_cross",,close_below_ema20,62.2,63.1,63.1,38.7,-0.07,False,1355.0,D
2026-08-10,175.0,186.0,173.5,180.0,16706927,3029155316,2464,盟立,,3.661777324207861,-1.443791389503157,5.105568713711019,156.56668535705768,147.9578419831569,128.71994180344635,62.52078310028837,17.23110323381778,12.510840150166892,9092379.85,1456844269.95,178.0,122.5,0.601956539904123,-0.0411006254215283,0.2203389830508475,0.0374639769452449,173.5,2.956432287977759,183.54876309550343,150.2,116.85123690449652,0.9467931826235866,0.4440580971438545,91.17647058823528,88.30712746428314,172.7,152.2,458266176.0,428158279.15,-8.823529411764707,145.29387587340716,66.72290991674366,175.625,143.9,,,,0.0,0.0,0.0,0.0,0.0,0.0,,0.0,0.0,0.4305,0.1581,0.0,9.5,1.41,0,False,0,False,False,True,True,1.8374646985299448,True,True,False,True,False,True,False,False,False,True,False,False,False,True,False,False,True,True,-20.0,-25.0,-1.1111111111111112,25.0,0.7945034576973872,False,False,True,False,False,False,False,-1.0,False,10,False,False,717.9086884776681,,3,True,3,False,False,False,False,"ema60_gt_ema120, volume_break, rsi_strong, breakout_20d, market_above_ma60, liquidity_ok, obv_uptrend, breakout_volume_confirm, mfi_strong, above_ichimoku_cloud",,,358.1,93.6,93.6,38.7,0.94,False,1355.0,C
2026-08-10,90.0,93.6,87.7,93.6,7060430,653900542,2465,麗臺,,1.9337360170825373,0.3153763309225687,1.618359686159969,80.5308265155211,77.76860126835913,73.39098933534703,65.87149822058865,16.64831559516961,5.499775976479339,1959577.0,162451040.65,85.9,67.6,0.1992408596991009,-0.0548972330487192,0.2397350993377482,0.099882491186839,85.1,0.7093537243514563,91.33661324162796,79.68999999999978,68.04338675837161,1.0971693105718523,0.2922979857354299,100.0,87.57575757575796,85.59999999999927,79.16999999999935,24946330.0,20742832.85,-0.0,174.88701600097698,77.42460670686766,78.3,77.65,,,,0.0,0.0,0.0,0.0,0.0,0.0,,0.0,0.0,5.4389,0.3316,0.0,6.72,1.66,0,False,0,False,False,True,True,3.603037798463648,True,True,False,True,False,True,False,False,False,True,False,False,False,True,False,True,True,True,-20.0,-25.0,-8.226495726495715,25.0,0.8019037585992311,False,False,True,False,False,False,False,-1.0,False,11,False,False,770.6532230878273,,3,False,3,False,False,False,False,"ema60_gt_ema120, volume_break, rsi_strong, breakout_20d, market_above_ma60, liquidity_ok, obv_uptrend, breakout_volume_confirm, cci_momentum, mfi_strong, above_ichimoku_cloud",,,410.8,95.6,95.6,38.7,2.97,False,1355.0,C
2026-08-10,91.4,99.5,89.9,97.1,1890610,180121722,2466,冠西電,,3.168624066922092,5.5849935708416325,-2.4163695039195403,95.0964167757424,80.53167605473678,71.08407155106384,54.92685704771301,33.40683554865186,7.452738637689049,1673295.55,168305424.7,122.0,89.8,-1.4045377189289785,1.834461139088612,-0.0030800821355236,0.0623632385120349,91.4,0.6472063573623612,124.7749887791721,102.49499999999988,80.21501122082768,0.3789272280728603,0.4347526958226692,70.86092715231783,51.8926851294406,95.07999999999956,94.09999999999964,35116567.0,38931184.05,-67.67371601208461,-49.83240747251714,56.65083641315983,61.9875,59.275000000000006,,,,0.0,0.0,0.0,0.0,0.0,0.0,,0.0,0.0,0.5303,1.5926,0.0,12.48,0.19,0,False,0,False,False,True,True,1.1298721256982964,False,False,True,False,True,True,False,False,True,False,False,False,False,False,False,False,True,True,-10.0,0.0,25.643666323377968,0.0,-0.3496619849308411,False,False,True,False,False,False,False,-1.0,False,8,False,False,592.1027774378128,,8,False,3,False,False,False,False,"ema60_gt_ema120, market_above_ma60, avoid_chase, liquidity_ok, adx_trending, kd_golden_cross, mfi_strong, above_ichimoku_cloud",,,232.3,86.0,86.0,38.7,0.13,False,1355.0,D
2026-08-10,521.0,550.0,521.0,550.0,1532465,827629795,2467,志聖,,-16.778833998696996,-21.58086822200904,4.802034223312038,525.4865094520499,540.9742057001118,494.3258805844994,52.47579597651894,17.779617415585307,40.12044157007831,1719639.5,915311913.9,620.0,443.0,-0.6921345002126618,-0.332289321037199,0.1055276381909546,0.1,500.0,0.4667056327667763,601.7846615685485,523.15,444.51533843145154,0.6707262386867014,0.3006199429171307,100.0,79.02298850574698,517.8,497.7,120969124.0,117879431.35,-9.774436090225564,38.53320039077041,53.516747904719615,610.0,588.5,,,,0.0,0.0,0.0,0.0,0.0,0.0,,0.0,0.0,0.9408,-0.1498,0.0,20.15,-0.23,0,False,0,False,False,True,True,0.8911548030851815,False,False,False,False,False,True,False,False,False,True,False,False,False,False,False,False,True,True,-20.0,0.0,12.727272727272728,0.0,0.4414590031918556,False,False,False,False,False,False,False,-1.0,False,5,False,False,344.2090560691541,,3,False,3,False,False,False,False,"ema60_gt_ema120, market_above_ma60, liquidity_ok, obv_uptrend, mfi_strong",,,-15.6,46.3,46.3,38.7,-0.14,False,1355.0,D
2026-08-10,34.4,35.3,34.1,34.95,336762,11766950,2468,華經,,-0.6057630497312303,-0.7968454537211874,0.1910824039899571,34.73816457299898,35.76024972587478,37.20644668053847,49.60223578524301,13.323308972393756,1.668894630320033,484538.25,16956871.8,38.0,31.4,-0.4071091410256158,-0.0777015756552521,0.059090909090909,0.0101156069364163,34.6,0.3434280105596151,37.6569740773647,34.6625,31.6680259226353,0.548005090805965,0.1727788865410573,71.15384615384617,60.845319991660894,34.65000000000036,33.67000000000007,82312091.0,83164173.2,-39.83739837398368,-1.3024747019333447,63.39398510645336,38.4125,39.925,,,,0.0,0.0,0.0,0.0,0.0,0.0,,0.0,0.0,0.4998,0.5874,0.0,0.94,-0.23,0,False,0,False,False,False,False,0.6950163377194679,False,False,False,False,False,False,False,False,True,False,False,False,False,False,False,False,True,True,-10.0,0.0,8.72675250357653,0.0,-0.1207548568918838,False,False,False,False,False,False,False,-1.0,False,3,False,False,230.5011050944921,,3,False,3,False,False,False,False,"market_above_ma60, kd_golden_cross, mfi_strong",,,-129.3,21.0,21.0,38.7,-0.37,False,1355.0,D
2026-08-10,48.7,49.6,48.7,49.5,216363,10691972,2471,資通,,-0.9577796975588556,-1.081858694167961,0.1240789966091058,49.51083964137519,50.98040665902053,51.39298840167185,46.89798242207911,33.01398089836219,1.0793896519560673,213301.6,10583919.75,53.0,47.2,-0.4516483621244511,-0.1047574895521805,0.0227272727272727,0.0227272727272727,48.4,0.3569319075209211,53.184303212346165,49.52500000000028,45.86569678765439,0.4965840491277233,0.1477760004985712,96.82539682539678,79.2989417989417,48.810000000000215,48.33500000000022,-1084131.0,-768937.15,-3.174603174603221,-11.788575226501289,40.99750770819364,53.150000000000006,52.650000000000006,,,,0.0,0.0,0.0,0.0,0.0,0.0,,0.0,0.0,0.0037,0.114,0.0,4.05,0.6,0,False,0,False,False,False,False,1.0143524474265546,False,False,True,False,True,False,False,False,False,False,False,False,False,False,False,False,False,True,-20.0,0.0,7.07070707070707,0.0,-0.4120950919889548,False,False,False,False,False,False,False,-1.0,False,3,False,False,220.1983833703981,,10,False,3,False,True,False,True,"market_above_ma60, avoid_chase, adx_trending",,close_below_ema20,-139.7,18.5,18.5,38.7,-0.0,False,1355.0,D
2026-08-10,234.0,241.5,234.0,240.5,2344173,558366264,2472,立隆電,,-28.998302108039155,-30.100352572875323,1.102050464836168,262.7621500034542,283.71740341356826,248.68351963883737,40.7114440961251,27.006262299186066,23.428063603710115,4533563.5,1217424892.0,343.0,203.0,-1.9318033984794545,-0.4144962865490109,0.0433839479392623,0.0479302832244008,229.5,0.4528132398211767,331.4799248586404,258.95,186.4200751413596,0.3728111187488562,0.5601847836156819,82.3529411764706,67.5119170475203,236.9,229.3,365199203.0,365486809.3,-55.55555555555556,-47.04690880633429,45.202781996480766,407.0,325.75,,,,0.0,0.0,0.0,0.0,0.0,0.0,,0.0,0.0,0.362,0.0549,0.0,11.71,0.4,0,False,0,True,True,False,True,0.5170707325484688,False,False,True,False,True,True,False,False,False,False,False,False,False,False,False,False,False,True,-20.0,0.0,42.61954261954262,0.0,-0.0107236576919733,False,False,False,False,False,False,False,-1.0,False,7,False,False,505.042023433181,,3,False,3,False,True,False,True,"macd_golden_cross, ema60_gt_ema120, market_above_ma60, avoid_chase, liquidity_ok, hist_turn_positive, adx_trending",,close_below_ema20,145.2,76.4,76.4,38.7,-0.57,False,1355.0,D
2026-08-10,201.5,205.0,198.0,201.0,8367334,1682738663,2474,可成,,-2.6440200005590384,-4.419426296809382,1.7754062962503436,189.1663428564044,195.79146938816967,198.14376685711,61.02380562850364,17.1998104859835,6.472640189505516,3532873.5,666181727.75,193.0,178.5,-0.1139626622068607,-0.178670435317032,0.1013698630136985,0.072,187.5,0.5861936585786253,197.7474394430623,187.375,177.0025605569377,1.156788601890234,0.1107131628345541,85.71428571428571,81.57142857142874,187.7,184.75,32399201.0,27374731.3,-14.285714285714286,241.69404892296447,58.52621070318241,219.5,224.25,,,,0.0,0.0,0.0,0.0,0.0,0.0,,0.0,0.0,-0.5507,-0.1232,0.0,15.0,0.01,0,False,0,False,False,True,False,2.368421626191824,True,True,False,True,False,True,False,False,False,True,False,False,True,True,False,True,True,True,-20.0,-25.0,-3.9800995024875614,25.0,0.1535970433068014,False,False,False,True,True,False,False,-1.0,False,10,True,False,600.5273807815998,,3,False,3,False,False,False,False,"volume_break, rsi_strong, breakout_20d, market_above_ma60, liquidity_ok, obv_uptrend, bb_squeeze_breakout, breakout_volume_confirm, cci_momentum, mfi_strong","long_upper_shadow, open_high_close_low",,240.7,87.3,87.3,38.7,1.55,False,1355.0,D
2026-08-10,128.5,128.5,124.5,126.0,1948850,245934074,2476,鉅祥,,-0.1221068796244964,-1.581831528454217,1.4597246488297206,121.04764202569366,119.61119521700982,112.97319320077092,55.31202512071299,21.991886163053422,6.956253082789827,2274361.3,268536944.8,131.5,105.5,-0.0446348016144168,-0.0133658888694961,0.0588235294117647,0.0039840637450199,125.5,0.4511617884346026,133.22454709401745,119.425,105.62545290598256,0.7382324562974415,0.2310998047982825,91.07142857142856,93.38744588744582,124.5,117.75,110264067.0,110271537.5,-8.928571428571429,90.9187354126882,58.902391119323546,124.875,121.5,,,,0.0,0.0,0.0,0.0,0.0,0.0,,0.0,0.0,0.5376,0.091,0.0,9.76,0.4,0,False,0,False,False,True,True,0.8568779287618024,False,True,True,False,False,True,False,False,False,False,False,False,False,False,False,False,True,True,-20.0,0.0,4.365079365079365,0.0,-0.0008309833427548,False,False,True,False,True,False,False,-1.0,False,7,True,False,498.558807487505,,3,False,3,False,False,False,False,"ema60_gt_ema120, rsi_strong, market_above_ma60, liquidity_ok, adx_trending, mfi_strong, above_ichimoku_cloud",open_high_close_low,,138.7,75.4,75.4,38.7,-0.18,False,1355.0,D
2026-08-10,22.35,22.4,22.05,22.05,187047,4133782,2477,美隆電,,0.0935207550635581,-0.0095738408276975,0.1030945958912556,21.64603066095076,21.813679938494545,22.2722549440969,56.05359727179755,12.43031067455277,0.587671160175464,150947.85,3237143.6,22.35,21.2,0.2249962783536925,0.0060719572508984,0.0022727272727272,-0.0134228187919462,22.35,2.248951675984914,22.192392603756566,21.46500000000001,20.73760739624345,0.9021212182931256,0.06777475925987,74.19354838709688,76.42679900744406,21.860000000000035,21.7,15249179.0,15038870.35,-25.80645161290312,169.3587860988751,79.13802214468731,21.9,22.65,,,,0.0,0.0,0.0,0.0,0.0,0.0,,0.0,0.0,-0.1509,0.9418,0.0,23.99,0.15,0,False,0,False,False,True,False,1.2391498123358498,False,True,False,False,True,False,False,False,False,True,False,False,False,False,False,False,True,True,-10.0,-25.0,1.360544217687078,15.0,0.2601181517784805,False,False,False,False,False,False,False,-1.0,False,5,False,False,275.51291594470024,,3,False,3,False,False,False,False,"rsi_strong, market_above_ma60, avoid_chase, obv_uptrend, mfi_strong",,,-84.3,29.2,29.2,38.7,0.26,False,1355.0,D
2026-08-10,117.5,124.0,117.5,122.0,4025012,487467489,2478,大毅,,-15.121028039766571,-15.8411916925904,0.72016365282383,132.70270066943945,141.1126569982235,122.65026437187032,42.15913882256757,27.29677228315701,13.28692362100152,5703864.95,761258351.2,173.0,99.9,-1.8744977225653567,0.0247039561194692,0.0338983050847456,0.0701754385964912,114.0,0.5119142453312305,166.9760490416197,129.62000000000006,92.26395095838043,0.3980084859682248,0.5763932887150071,80.06644518272425,66.30959283152818,119.8,114.59000000000016,333732802.0,328229458.55,-53.74280230326296,-38.44494651487568,54.75890881416741,204.75,158.25,,,,0.0,0.0,0.0,0.0,0.0,0.0,,0.0,0.0,0.3576,0.1471,0.0,19.98,0.11,0,False,0,True,True,False,True,0.7056639726366593,False,False,True,False,True,True,False,False,False,True,False,False,False,False,False,False,True,True,-20.0,0.0,41.80327868852459,0.0,0.090775700562943,False,False,False,False,False,False,False,-1.0,False,9,False,False,643.1459481331219,,3,True,3,False,True,False,True,"macd_golden_cross, ema60_gt_ema120, market_above_ma60, avoid_chase, liquidity_ok, hist_turn_positive, adx_trending, obv_uptrend, mfi_strong",,close_below_ema20,283.3,89.9,89.9,38.7,-0.36,False,1355.0,D
2026-08-10,157.0,157.0,153.5,154.5,126264,19566802,2480,敦陽科,,-0.4879298299519803,0.0659362244947805,-0.5538660544467608,156.50756256894772,154.6034557006448,152.4295192225295,47.17171346072254,13.386344117518208,4.731351617186675,426440.55,67113888.9,166.0,151.0,-0.1714292601014006,0.0926219242351566,0.0131147540983607,-0.012779552715655,156.5,0.6821471905891006,163.99418893914972,157.275,150.5558110608503,0.2935018627150579,0.0854450985744678,32.432432432432435,37.837837837837775,154.1,155.9,2476140.0,2448235.05,-67.56756756756756,-69.42993149889736,46.339283163089945,154.25,149.75,,,,0.0,0.0,0.0,0.0,0.0,0.0,,0.0,0.0,0.1466,0.3322,0.0,10.7,-1.08,0,False,0,False,False,False,True,0.2960881651615917,False,False,False,False,True,True,False,False,False,True,False,False,False,False,False,False,False,False,0.0,0.0,7.443365695792881,0.0,0.0233798569291689,False,False,True,False,False,False,False,-1.0,False,6,False,False,393.24143993476594,,3,False,3,False,True,False,True,"ema60_gt_ema120, market_above_ma60, avoid_chase, liquidity_ok, obv_uptrend, above_ichimoku_cloud",,close_below_ema20,33.4,58.1,58.1,38.7,-0.83,False,1355.0,X
2026-08-10,136.0,141.5,135.5,137.5,11814605,1632653563,2481,強茂,,-9.864053596220543,-10.61702458235366,0.752970986133116,141.6947324492348,146.05770485487787,132.0260905290098,46.082409491670376,29.954565932758875,12.563107428406267,19446048.35,2743562639.95,192.0,107.0,-1.480831745147337,-0.0119001262125503,0.0658914728682169,0.0338345864661653,133.0,0.8721757286692723,176.07973988346194,139.75,103.42026011653806,0.4690336346032545,0.5199247210513337,88.88888888888889,85.68619989852839,134.7,126.4,1016306900.0,979162437.65,-38.46153846153846,-10.406958682820823,44.95650720142577,180.625,154.75,,,,0.0,0.0,0.0,0.0,0.0,0.0,,0.0,0.0,0.2737,0.0942,0.0,18.68,-2.39,0,False,0,True,True,False,True,0.6075581417548003,False,False,True,False,False,True,False,False,False,True,False,False,False,False,False,False,False,True,-20.0,0.0,39.63636363636363,0.0,0.3289186163810097,False,False,False,True,False,False,False,-1.0,False,7,True,False,500.02260481412,,3,False,3,False,True,False,True,"macd_golden_cross, ema60_gt_ema120, market_above_ma60, liquidity_ok, hist_turn_positive, adx_trending, obv_uptrend",long_upper_shadow,close_below_ema20,140.2,75.6,75.6,38.7,-0.47,False,1355.0,D
2026-08-10,16.25,16.45,16.15,16.15,170979,2775724,2482,連宇,,-0.3771313348236589,-0.2172001081279223,-0.1599312266957366,16.87978549086692,17.10143610172913,17.203606045424223,39.60129915350226,17.203986259640647,0.7046038936071699,615871.35,11474288.3,20.0,16.0,-1.0415516161689098,0.0671899421240071,-0.0092024539877302,-0.0030864197530864,16.2,0.1730659914723666,19.72589648168437,17.37249999999999,15.01910351831562,0.2402690091715812,0.2709335422863001,24.24242424242418,21.89556475270789,16.259999999999856,16.319999999999983,2663243.0,3741092.4,-88.5714285714286,-76.98994838359155,31.037046917597834,17.475,17.375,,,,0.0,0.0,0.0,0.0,0.0,0.0,,0.0,0.0,0.0436,0.5746,0.0,1.22,0.01,0,False,0,False,False,False,False,0.277621292174088,False,False,False,False,True,False,False,False,True,False,False,False,False,False,False,False,False,False,10.0,0.0,23.83900928792571,0.0,-0.8536163019890349,False,False,False,False,False,False,False,-1.0,False,3,False,False,192.53281729787247,,3,False,3,False,True,False,True,"market_above_ma60, avoid_chase, kd_golden_cross",,close_below_ema20,-167.3,12.0,12.0,38.7,-0.85,False,1355.0,X
2026-08-10,35.8,36.85,35.55,35.85,1335679,48241442,2483,百容,,-2.939241751081539,-2.3979832424199383,-0.5412585086616009,40.381188544776144,39.37528456511666,33.92869265531058,40.930158441932754,27.53210099805772,3.844863417939056,1985966.45,87620269.0,61.2,32.05,-1.7883570471057098,1.0169703968397468,-0.056578947368421,0.0112834978843441,35.45,0.9379735900356424,51.35754927900762,40.26000000000003,29.16245072099245,0.3013074828898439,0.5512940526084241,36.099585062240685,39.4190871369295,37.38000000000011,36.60500000000011,89254446.0,97195965.05,-63.90041493775932,-69.71510408674743,43.04393932435468,46.8625,41.2,,,,0.0,0.0,0.0,0.0,0.0,0.0,,0.0,0.0,0.3428,0.092,0.0,6.2,-2.31,0,False,0,False,False,False,True,0.6725586930232381,False,False,True,False,True,True,False,False,False,False,False,False,False,False,False,False,False,True,0.0,0.0,70.7112970711297,0.0,-0.1907796497658011,False,False,False,True,False,False,False,-1.0,False,5,True,False,354.4362311330428,,3,False,3,False,True,False,True,"ema60_gt_ema120, market_above_ma60, avoid_chase, liquidity_ok, adx_trending",long_upper_shadow,close_below_ema20,-5.4,48.9,48.9,38.7,-0.39,False,1355.0,D
2026-08-10,75.8,78.4,72.8,74.3,27411397,2063576101,2484,希華,,-0.9104868053539548,-1.1094918307797326,0.1990050254257778,70.93500942684057,65.59125480763387,54.792288094003325,53.75189917641333,19.29449558312294,6.457847518448625,24448351.75,1782945362.7,89.6,57.6,-0.9898402919888096,0.8421505814513199,0.1682389937106918,0.0362622036262203,71.7,0.7378421115785635,86.62248337164351,71.40000000000005,56.17751662835658,0.5952538402965869,0.4264000944437943,81.1059907834101,80.16839579450486,71.52000000000007,66.5,730998802.0,599502184.15,-18.8940092165899,42.81598237362811,73.47046884063954,71.35,61.95,,,,0.0,0.0,0.0,0.0,0.0,0.0,,0.0,0.0,-0.014,-0.0351,0.0,4.0,-1.37,0,False,0,True,True,True,True,1.1211961149896332,False,False,False,False,False,True,False,False,False,True,False,False,False,False,False,False,True,True,-20.0,0.0,20.592193808882904,0.0,0.8881560591063914,False,False,True,False,True,False,False,-1.0,False,8,True,False,521.869833859173,,3,False,3,False,False,False,False,"macd_golden_cross, ema60_gt_ema120, market_above_ma60, liquidity_ok, hist_turn_positive, obv_uptrend, mfi_strong, above_ichimoku_cloud",open_high_close_low,,162.0,78.7,78.7,38.7,0.12,False,1355.0,D
2026-08-10,247.0,249.5,230.0,233.0,11372394,2695950988,2486,一詮,,-5.581840081678479,-9.258231101530788,3.676391019852309,222.829293354428,229.4302517747592,209.60086356633323,52.33621402892573,10.712323332131772,19.33441331904604,9327186.1,2101110260.35,261.5,171.0,-0.6707437908703298,-0.4436673529645402,0.1283292978208232,0.0086580086580085,231.0,0.752297876473039,265.11169705985986,221.425,177.73830294014016,0.6324773990597164,0.3945958862807709,80.12048192771084,85.09763190693775,226.5,208.75,268256698.0,246666567.45,-19.879518072289155,61.666317480270855,64.52889659962051,257.25,254.0,,,,0.0,0.0,0.0,0.0,0.0,0.0,,0.0,0.0,0.3504,0.0108,0.0,12.73,0.54,0,False,0,False,False,True,True,1.219273838655369,False,False,False,False,False,True,False,False,False,True,False,False,False,False,False,False,True,True,-20.0,0.0,12.23175965665236,0.0,0.7948359297403532,False,False,False,False,True,False,False,-1.0,False,5,True,False,361.73076954343793,,3,False,3,False,False,False,False,"ema60_gt_ema120, market_above_ma60, liquidity_ok, obv_uptrend, mfi_strong",open_high_close_low,,1.9,50.7,50.7,38.7,0.23,False,1355.0,D
2026-08-10,41.5,44.55,41.5,44.0,9227528,404753940,2485,兆赫,,-3.2418183281312807,-4.475896516453185,1.234078188321904,42.37095012004808,50.9492853949508,51.679256050271256,49.41346928431437,35.52179389085086,3.0057750400918746,6056458.3,250327800.5,49.55,32.5,-0.8423372743074611,-1.306700267888815,0.1488250652741516,0.0864197530864196,40.5,0.8007841514889957,49.05168311515997,41.02999999999984,33.00831688483971,0.6851232439229105,0.3910155064664958,95.51020408163266,84.73188336367396,41.46999999999971,38.634999999999856,1538558376.0,1526469372.3,-4.489795918367324,48.94946053378747,60.21724611407379,60.6,65.0,,,,0.0,0.0,0.0,0.0,0.0,0.0,,0.0,0.0,0.8093,0.085,0.0,5.38,-1.35,0,False,0,False,False,False,False,1.5235848317489449,True,False,True,False,False,True,False,False,False,True,False,False,False,False,False,False,True,True,-20.0,0.0,12.613636363636358,0.0,0.2409962586069472,False,False,False,False,False,False,False,-1.0,False,6,False,False,448.1278034207728,,8,False,3,False,False,False,False,"volume_break, market_above_ma60, liquidity_ok, adx_trending, obv_uptrend, mfi_strong",,,88.3,68.1,68.1,38.7,0.58,False,1355.0,D
2026-08-10,31.9,33.7,31.75,33.4,15376279,501444298,2489,瑞軒,,-2.189499766855114,-3.115209431317224,0.9257096644621096,32.03588017439599,36.5814036163918,35.55548300957685,50.30184868441617,35.58132726560577,2.5210803856898774,11801775.5,364678543.45,38.25,24.5,-0.7175382885295692,-0.9872967985199814,0.1971326164874551,0.0826580226904374,30.85,0.989744142050796,37.08730788128391,30.825000000000045,24.562692118716186,0.705595129528512,0.4063135689397471,96.89119170984452,85.51989999904556,31.83000000000011,29.180000000000017,332426391.0,340667679.45,-3.108808290155484,55.00787756020696,46.98878513307349,46.05,46.175,,,,0.0,0.0,0.0,0.0,0.0,0.0,,0.0,0.0,0.2343,0.0037,0.0,5.61,-1.53,0,False,0,False,False,False,True,1.3028784524836965,False,False,True,False,False,True,False,False,False,False,False,False,False,False,False,False,False,True,-20.0,0.0,14.520958083832342,0.0,-0.1173912180686048,False,False,False,False,False,False,False,-1.0,False,4,False,False,296.6200899080137,,8,True,3,False,False,False,False,"ema60_gt_ema120, market_above_ma60, liquidity_ok, adx_trending",,,-63.2,34.6,34.6,38.7,0.33,False,1355.0,D
2026-08-10,49.5,49.7,49.0,49.65,120462,5933334,2488,漢平,,-0.7337560460081107,-0.8619768621781583,0.1282208161700475,49.72754924288723,50.82052261849534,50.31809465823832,47.2116122558532,32.24439726797805,1.0822938499274908,231983.65,11322927.0,50.8,48.25,-0.0009633892016137,-0.1683644480555165,-0.0226377952755905,0.013265306122449,49.0,0.2987639042429341,50.63788987450715,49.23500000000004,47.83211012549292,0.6479089725933646,0.0569875037882448,67.10526315789471,52.19298245614058,48.8,49.11499999999997,2984178.0,2821442.05,-32.89473684210529,32.56564471174969,52.12195087738967,53.975,52.5,,,,0.0,0.0,0.0,0.0,0.0,0.0,,0.0,0.0,0.3622,0.2608,0.0,6.85,-0.27,0,False,0,False,False,False,True,0.5192693536807443,False,False,True,False,True,False,False,False,False,True,False,False,False,False,False,False,True,False,0.0,0.0,2.3162134944612256,8.0,0.1601781701281225,False,False,False,False,False,False,False,-1.0,False,6,False,False,450.1148315783449,,10,False,3,False,True,False,True,"ema60_gt_ema120, market_above_ma60, avoid_chase, adx_trending, obv_uptrend, mfi_strong",,close_below_ema20,90.3,68.3,68.3,38.7,-0.57,False,1355.0,D
2026-08-10,34.9,34.9,34.9,34.9,303552,10593945,2491,吉祥全,,-0.8475846103518485,-1.6939183618385203,0.846333751486672,30.0966488312042,29.54774529404893,26.03012595728913,60.52121122346423,28.87258559909288,2.4794494696155684,436687.3,12781428.2,35.1,22.15,-0.8389063293089113,0.3957111091452885,0.4511434511434511,0.0992125984251968,31.75,2.966104759367888,37.1369766426749,29.345000000000027,21.553023357325152,0.8564564073239457,0.5310599177151043,100.0,94.77401129943487,30.81999999999989,27.21999999999989,41770509.0,42905621.0,-0.0,108.7442177209723,41.76969903324834,38.575,30.975,,,,0.0,0.0,0.0,0.0,0.0,0.0,,0.0,0.0,0.0763,-0.0033,0.0,6.23,-0.51,0,False,0,False,False,True,True,0.6951244059536423,False,True,True,False,False,False,False,False,False,False,False,False,False,False,False,True,False,True,-20.0,-12.0,0.5730659025788047,25.0,-0.1836088315021956,False,False,False,False,False,True,False,-1.0,False,5,True,False,317.7479380815101,,3,False,3,False,False,False,False,"ema60_gt_ema120, rsi_strong, market_above_ma60, adx_trending, cci_momentum",gap_chase_after_blowout,,-42.1,40.2,40.2,38.7,-0.37,False,1355.0,C
2026-08-10,255.0,273.5,255.0,273.5,27531473,7275201713,2492,華新科,,-45.03495642047807,-50.503188941217466,5.468232520739399,293.5660745930833,329.5704287373381,285.5713352034272,42.049605458939965,35.61328644966174,30.23678413968357,12182977.35,3518346015.55,419.0,198.5,-2.0450710568174304,-0.423535224518058,0.1419624217118997,0.0896414342629481,251.0,0.9725926311967892,373.0633559938587,276.775,180.4866440061413,0.4829937900268602,0.6957879576830185,88.23529411764706,72.74509803921562,260.0,242.15,475302248.0,465964126.3,-26.10837438423645,-17.422427307953967,73.05953714826013,530.5,384.5,,,,0.0,0.0,0.0,0.0,0.0,0.0,,0.0,0.0,0.2584,0.0705,0.0,21.96,-2.69,0,False,0,False,False,False,True,2.2598312554525104,True,False,True,False,False,True,False,False,False,True,False,False,False,False,False,False,True,True,-20.0,0.0,53.199268738574034,0.0,0.1765072668170665,False,False,False,False,False,False,False,-1.0,False,7,False,False,514.7163997563299,,8,False,3,False,True,False,True,"ema60_gt_ema120, volume_break, market_above_ma60, liquidity_ok, adx_trending, obv_uptrend, mfi_strong",,close_below_ema20,154.9,77.5,77.5,38.7,1.43,False,1355.0,D
2026-08-10,214.0,231.5,214.0,218.0,3508605,777556754,2493,揚博,,-7.83503692842055,-8.749051447222426,0.914014518801876,217.72585681519607,209.4031918912851,182.02368111529208,49.38160618385475,22.319958493861872,21.37160674160035,3830397.45,825397762.6,262.0,165.5,-0.919568582580306,0.7912403397969883,0.09,0.013953488372093,215.0,0.8630774435445946,263.2468552422484,215.55,167.8531447577517,0.5256830349459796,0.4425595475968296,80.71428571428571,83.04511278195544,215.7,199.75,52882308.0,56362543.45,-43.78109452736319,16.21283255086071,52.6922669619684,267.75,225.75,,,,0.0,0.0,0.0,0.0,0.0,0.0,,0.0,0.0,0.3206,0.0927,0.0,7.88,-2.14,0,False,0,True,True,True,True,0.9159898015282982,False,False,True,False,False,True,False,False,False,False,False,False,False,False,False,False,True,True,-20.0,0.0,20.18348623853211,0.0,-0.1353059910963386,False,False,False,True,False,False,False,-1.0,False,7,True,False,477.53622612212695,,3,False,3,False,False,False,False,"macd_golden_cross, ema60_gt_ema120, market_above_ma60, liquidity_ok, hist_turn_positive, adx_trending, mfi_strong",long_upper_shadow,,117.7,72.8,72.8,38.7,-0.11,False,1355.0,D
2026-08-10,37.7,39.0,37.45,39.0,1751440,67288761,2495,普安,,-2.3778240137052364,-2.9776298854689767,0.5998058717637402,39.04281082842453,42.071471882906216,40.2110337408081,46.99259367768705,29.92683752083955,2.469991785368589,2544548.95,98762183.55,47.4,31.85,-0.8309884107191164,-0.3896217845772335,0.104815864022663,0.0583446404341927,36.85,0.876239415888155,44.76951956743238,37.97249999999981,31.17548043256724,0.5755845992354783,0.3579969487093347,91.71597633136092,83.23471400394494,38.12999999999992,35.874999999999815,420329172.0,419137393.7,-12.921348314606728,11.286780851998278,45.70393902937321,50.4,44.475,,,,0.0,0.0,0.0,0.0,0.0,0.0,,0.0,0.0,0.4029,-0.0573,0.0,7.37,-0.2,0,False,0,False,False,False,True,0.6883105943000232,False,False,True,False,False,True,False,False,False,True,False,False,False,False,False,False,False,True,-20.0,0.0,21.538461538461533,0.0,0.0246078675102892,False,False,False,False,False,False,False,-1.0,False,5,False,False,367.1784003531237,,3,True,3,False,True,False,True,"ema60_gt_ema120, market_above_ma60, liquidity_ok, adx_trending, obv_uptrend",,close_below_ema20,7.3,52.4,52.4,38.7,-0.38,False,1355.0,D
2026-08-10,40.2,41.4,40.0,40.7,3908152,159795932,2498,宏達電,,-0.9831650771362987,-1.090582373959099,0.1074172968228002,41.08744847083029,42.58785647083704,43.568651870651415,46.0055206922787,21.091162101581425,1.5658925648978237,4667611.2,191771009.75,44.3,37.85,-0.4470057083168572,-0.2508724305913551,0.0200501253132832,0.0200501253132832,39.9,0.6596369610019908,44.03970629245698,41.00750000000007,37.97529370754316,0.4492943470295832,0.1478854498546318,81.08108108108118,70.26374200287258,40.35000000000037,39.79000000000015,280624863.0,278192916.35,-47.82608695652174,-23.0639500433015,47.16343478369667,46.75,45.525,,,,0.0,0.0,0.0,0.0,0.0,0.0,,0.0,0.0,-0.0853,0.7156,0.0,9.01,-0.03,0,False,0,False,False,False,False,0.8372916750221183,False,False,True,False,True,True,False,False,False,True,False,False,False,False,False,False,False,True,-20.0,0.0,8.84520884520883,0.0,0.1078877355234732,False,False,False,False,False,False,False,-1.0,False,5,False,False,314.66756957650284,,3,False,3,False,True,False,True,"market_above_ma60, avoid_chase, liquidity_ok, adx_trending, obv_uptrend",,close_below_ema20,-45.2,39.3,39.3,38.7,-0.2,False,1355.0,D
2026-08-10,17.0,17.4,16.8,16.9,204557,3468057,3002,歐格,,-0.8931063325302766,-0.9378814297289508,0.0447750971986743,17.381592452502694,18.62646128119418,19.292513538686315,41.2110136952464,24.70074008316958,0.8112236779753186,215037.75,3768755.55,19.8,15.1,-1.031727605002661,-0.0974355108464437,0.0399999999999998,0.0211480362537763,16.55,0.4825453927729007,19.94422435421248,17.35000000000009,14.755775645787708,0.413268873744593,0.2990460350677082,80.76923076923075,70.8515254954879,16.58000000000011,16.20500000000011,39499437.0,39921810.2,-46.15384615384618,-21.8844091943893,39.65311533359333,21.4375,20.1,,,,0.0,0.0,0.0,0.0,0.0,0.0,,0.0,0.0,0.2065,-0.1175,0.0,1.7,0.0,0,False,0,True,True,False,False,0.95126088326352,False,False,True,False,True,False,False,False,False,False,False,False,False,False,False,False,False,True,-20.0,0.0,17.15976331360948,0.0,-0.0858403176501451,False,False,False,True,True,False,False,-1.0,False,5,True,False,363.4825250208335,,3,False,3,False,True,False,True,"macd_golden_cross, market_above_ma60, avoid_chase, hist_turn_positive, adx_trending","long_upper_shadow, open_high_close_low",close_below_ema20,3.6,51.1,51.1,38.7,-0.07,False,1355.0,D
2026-08-10,114.0,115.0,112.0,114.5,3515172,398837512,3005,神基,,1.9386870607231683,1.9573152490645784,-0.0186281883414098,112.40413686012182,109.07783848866148,110.34811365505618,56.82693450596072,21.69811831061663,3.994605517488377,4310484.9,487962045.1,116.5,107.0,0.0511205665892415,0.2192507323327025,0.0,-0.0043478260869564,115.0,0.5564114001824341,118.0124840153019,113.12500000000018,108.23751598469848,0.6406654216867996,0.0864085571766046,77.77777777777777,81.48148148148114,114.8,112.95,37408016.0,39427907.05,-27.58620689655172,21.32632193981801,45.69500991624497,103.775,103.8,,,,0.0,0.0,0.0,0.0,0.0,0.0,,0.0,0.0,0.2859,0.1509,0.0,14.51,-0.03,0,False,0,False,False,True,False,0.8154934030739789,False,True,True,False,True,True,False,False,False,False,False,False,False,False,False,False,False,True,-10.0,0.0,1.7467248908296942,15.0,-0.1295661202200616,False,False,True,False,False,False,False,-1.0,False,6,False,False,441.6001405880991,,3,False,3,True,False,False,True,"rsi_strong, market_above_ma60, avoid_chase, liquidity_ok, adx_trending, above_ichimoku_cloud",,macd_death_cross,81.8,67.0,67.0,38.7,-0.23,False,1355.0,D
2026-08-10,275.5,281.5,265.0,275.5,23057646,6333422575,3006,晶豪科,,8.068463779782263,-1.3296443409666832,9.398108120748946,221.8019285138476,214.2194212154752,194.9801910573589,66.10323582925756,19.28127756476113,17.978531858998014,11790016.2,2646079476.45,258.0,164.0,0.6593897563884673,-0.2295746019879306,0.3914141414141414,0.0740740740740741,256.5,1.6749502903131264,270.0610393163608,213.1,156.13896068363923,1.047742814640647,0.5345944562774358,95.0207468879668,96.06382619842832,249.3,215.15,685518967.0,643848640.75,-4.979253112033195,193.28516339611232,75.95671614161385,235.75,210.25,,,,0.0,0.0,0.0,0.0,0.0,0.0,,0.0,0.0,3.2835,0.0848,0.0,40.53,7.43,0,False,0,False,False,True,True,1.955692478183364,True,True,False,True,False,True,False,False,False,True,False,False,False,True,False,False,True,True,-20.0,-25.0,-6.352087114337568,25.0,1.144682356544711,False,False,True,False,False,True,False,-1.0,False,10,True,False,683.2931130603703,,3,False,3,False,False,False,False,"ema60_gt_ema120, volume_break, rsi_strong, breakout_20d, market_above_ma60, liquidity_ok, obv_uptrend, breakout_volume_confirm, mfi_strong, above_ichimoku_cloud",gap_chase_after_blowout,,323.4,92.2,92.2,38.7,1.08,False,1355.0,C
2026-08-10,64.5,68.7,64.5,68.7,4772263,326866165,3003,健和興,,-0.3341825616230167,-1.3853807708710704,1.0511982092480536,60.81396873180026,60.87390144047564,58.431652261278295,65.86116568406096,23.58128381794142,3.046732132604019,831296.2,51987154.5,66.0,53.5,-0.1474202060595225,-0.0646681433807112,0.2031523642732049,0.0991999999999999,62.5,0.9811352969485692,67.0396824490662,59.91499999999997,52.79031755093373,1.116518705416225,0.2378263356109903,100.0,94.27598330037353,61.85999999999986,58.66999999999989,20918276.0,15260664.3,-0.0,194.2408376963353,78.46165257667101,66.175,61.7,,,,0.0,0.0,0.0,0.0,0.0,0.0,,0.0,0.0,0.3615,0.1234,0.0,4.42,0.34,0,False,0,False,False,True,True,5.740749205878723,True,True,True,True,False,True,False,False,False,True,False,False,False,True,False,True,True,True,-20.0,-25.0,-3.930131004366817,25.0,1.8200968308920908,False,False,True,False,False,False,False,-1.0,False,12,False,False,911.8411619707052,,3,False,3,False,False,False,False,"ema60_gt_ema120, volume_break, rsi_strong, breakout_20d, market_above_ma60, liquidity_ok, adx_trending, obv_uptrend, breakout_volume_confirm, cci_momentum, mfi_strong, above_ichimoku_cloud",,,552.0,98.0,98.0,38.7,5.43,False,1355.0,C
2026-08-10,121.5,124.0,120.5,122.5,633061,77585331,3010,華立,,-1.1098835098037083,-2.500539432387194,1.3906559225834854,118.37231646153172,122.9258129153893,123.02783284173027,55.455455586952375,20.84075658386884,4.756822284799174,907979.2,105438236.7,120.5,108.0,0.1079556472590534,-0.330589744550368,0.0560344827586207,0.0165975103734439,120.5,0.90337113329916,123.9565407529228,116.5,109.0434592470772,0.9023313355893702,0.1280092833119795,91.17647058823528,91.42663962136612,119.9,116.0,64815828.0,63433432.3,-8.823529411764707,130.8781869688381,61.13893675276434,130.5,136.5,,,,0.0,0.0,0.0,0.0,0.0,0.0,,0.0,0.0,0.1392,-0.0305,0.0,19.31,0.14,0,False,0,False,False,False,False,0.6972197160463588,False,True,True,True,False,True,False,False,False,True,False,False,False,False,False,True,True,True,-20.0,-25.0,-1.6326530612244898,25.0,0.5876454096621972,False,False,False,False,False,False,False,-1.0,False,8,False,False,564.02394207641,,3,False,3,False,False,False,False,"rsi_strong, breakout_20d, market_above_ma60, liquidity_ok, adx_trending, obv_uptrend, cci_momentum, mfi_strong",,,204.2,83.2,83.2,38.7,-0.37,False,1355.0,D
2026-08-10,4480.0,4565.0,4345.0,4400.0,1939566,8621109775,3008,大立光,,71.4969454047341,13.332917608133824,58.16402779660028,4204.336859851616,3942.2035470676224,3508.2832913078146,55.24785885679813,17.84350681886587,275.8726210535242,2518176.0,10458326470.5,4625.0,3715.0,0.4193654709282631,0.279890789313739,0.1111111111111111,0.0034207525655645,4385.0,0.6754845177754399,4604.453823150642,4119.25,3634.046176849357,0.7893114054388182,0.2355787209567967,66.36363636363636,72.72727272727268,4468.0,4180.0,23449794.0,18538236.45,-33.63636363636363,106.5298074692648,54.88305598663305,4563.75,3900.0,,,,0.0,0.0,0.0,0.0,0.0,0.0,,0.0,0.0,-0.1046,-0.1918,0.0,27.26,-1.45,0,False,0,False,False,True,True,0.7702265449277572,False,True,False,False,False,True,False,False,False,True,False,False,False,False,False,False,True,True,0.0,0.0,5.113636363636364,0.0,0.6855932876565786,False,False,False,False,True,False,False,-1.0,False,6,True,False,340.9293849011565,,3,True,3,False,False,False,False,"ema60_gt_ema120, rsi_strong, market_above_ma60, liquidity_ok, obv_uptrend, mfi_strong",open_high_close_low,,-18.9,45.5,45.5,38.7,-0.28,False,1355.0,D
2026-08-10,11.6,11.75,11.4,11.45,635509,7307413,3011,今皓,,-0.4948501176249475,-0.5314589628928275,0.0366088452678798,12.02414148682077,12.851055776112483,13.165937560070116,36.23681214397042,32.75539987122387,0.4969237359337204,601877.15,7164142.85,12.85,11.3,-0.4625843611742776,-0.3246436507581681,0.0043859649122806,-0.017167381974249,11.65,1.3614222819946722,12.666297607925378,11.895000000000072,11.123702392074769,0.2115251004102892,0.129684339289668,27.777777777777768,36.531986531986455,11.60000000000009,11.570000000000071,13132649.0,14400282.75,-78.26086956521739,-85.470085470086,30.55448272801398,14.337500000000002,14.075,,,,0.0,0.0,0.0,0.0,0.0,0.0,,0.0,0.0,-0.2908,0.0567,0.0,2.94,-0.3,0,False,0,False,False,False,False,1.0558782635293598,False,False,True,False,True,False,False,False,False,False,False,False,False,False,False,False,False,True,10.0,0.0,12.227074235807864,0.0,-0.261588140974867,False,False,False,False,False,False,False,-1.0,False,3,False,False,192.4197249435952,,8,False,3,False,True,False,True,"market_above_ma60, avoid_chase, adx_trending",,close_below_ema20,-167.4,11.9,11.9,38.7,0.05,False,1355.0,D
2026-08-10,85.5,87.4,85.0,87.2,1020452,88461269,3013,晟銘電,,-4.876560109056854,-6.298894899613498,1.4223347905566444,87.24362259382826,97.73100988327413,104.27069114675824,46.383195976493205,40.63965315535031,4.701172796549122,1534057.9,129196259.35,99.5,71.9,-0.7641164336112121,-0.6754213143000503,0.09,0.0246768507638073,85.1,0.6759693237959952,98.77398109288376,85.52500000000018,72.27601890711658,0.563212408118671,0.3098270936657952,93.82022471910116,91.9475655430712,85.27999999999956,81.01000000000022,24027542.0,25394209.3,-18.536585365853643,14.482914686580814,47.48390987664206,113.625,117.1,,,,0.0,0.0,0.0,0.0,0.0,0.0,,0.0,0.0,0.2651,-0.1178,0.0,4.78,-0.31,0,False,0,False,False,False,False,0.665197839012465,False,False,True,False,False,True,False,False,False,False,False,False,False,False,False,False,False,True,-20.0,0.0,14.10550458715596,0.0,-0.0933859685685641,False,False,False,False,False,False,False,-1.0,False,3,False,False,245.5313467673019,,8,False,3,False,True,False,True,"market_above_ma60, liquidity_ok, adx_trending",,close_below_ema20,-114.3,24.2,24.2,38.7,-0.4,False,1355.0,D
2026-08-10,135.5,137.0,134.5,136.5,2530542,344366063,3014,聯陽,,-3.2821036396458965,-5.025177902303648,1.7430742626577516,132.5054833405186,137.08641342096894,134.74235960331816,52.83105339842987,27.87590060029083,5.41818127335321,1641921.4,213468362.25,138.0,119.5,-0.026759605417481,-0.2664264047145815,0.0790513833992094,0.011111111111111,135.0,3.282412124761533,138.34420060949378,129.025,119.70579939050624,0.9010537122886358,0.1444557350822518,97.36842105263158,91.01633393829434,132.0,127.65,38804750.0,30472602.95,-2.631578947368421,128.345498783455,68.48838849197122,157.25,146.5,,,,0.0,0.0,0.0,0.0,0.0,0.0,,0.0,0.0,-0.0112,0.0327,0.0,19.83,-0.96,0,False,0,False,False,False,True,1.541207758178924,True,False,True,False,False,True,False,False,False,True,False,False,False,False,False,True,True,True,-20.0,-25.0,1.098901098901099,15.0,0.9821371237827536,False,False,False,False,False,False,False,-1.0,False,8,False,False,542.1977230671822,,3,False,3,False,False,False,False,"ema60_gt_ema120, volume_break, market_above_ma60, liquidity_ok, adx_trending, obv_uptrend, cci_momentum, mfi_strong",,,182.3,81.0,81.0,38.7,0.6,False,1355.0,D
2026-08-10,55.9,59.3,55.0,58.7,1209384,69283549,3015,全漢,,-1.0898899535659723,-1.5809883984615287,0.4910984448955564,56.41083474220674,57.039301472877845,56.02166677047245,53.44245551345467,13.522938893232258,3.0577535699756666,890787.95,49938715.4,63.2,48.9,-0.3277122473215209,0.0931649785075239,0.0850277264325323,0.0711678832116788,54.8,0.6155056387154462,61.51589068963542,55.565000000000055,49.61410931036469,0.7634059474038198,0.2141956515661067,94.28571428571432,83.44322344322306,56.57999999999993,54.159999999999854,55898240.0,55031055.55,-15.384615384615357,59.13978494623648,56.79796466926349,62.475,59.65,,,,0.0,0.0,0.0,0.0,0.0,0.0,,0.0,0.0,-0.1401,-0.0583,0.0,9.67,0.22,0,False,0,False,False,True,True,1.3576564433769005,False,False,False,False,False,False,False,False,False,True,False,False,False,False,False,False,True,True,-20.0,0.0,7.66609880749574,0.0,0.0465027724507436,False,False,False,False,False,False,False,-1.0,False,4,False,False,214.134597703178,,3,True,3,False,False,False,False,"ema60_gt_ema120, market_above_ma60, obv_uptrend, mfi_strong",,,-145.7,17.3,17.3,38.7,0.39,False,1355.0,D
2026-08-10,100.5,107.5,99.0,107.0,5797696,605362253,3016,嘉晶,,-4.8511820198465045,-7.044540106420866,2.193358086574362,100.64344771347233,104.8099246624505,95.1250792951281,52.47940479596441,16.57346749745182,9.276250445176146,7454729.05,769144520.45,133.5,74.4,-1.1060559768888665,-0.4200251632680484,0.2186788154897494,0.0918367346938775,98.0,0.4916713648573188,125.46418488281417,98.95,72.43581511718584,0.6518055341995033,0.5359107606430351,98.5632183908046,91.65943757680908,101.45999999999984,91.15,169458168.0,164795272.75,-11.597938144329898,33.87971225449861,60.89141115562799,130.55,108.75,,,,0.0,0.0,0.0,0.0,0.0,0.0,,0.0,0.0,0.4117,0.0333,0.0,4.73,-0.34,0,False,0,False,False,True,True,0.7777205531031339,False,False,False,False,False,True,False,False,False,True,False,False,False,False,False,False,True,True,-20.0,0.0,24.76635514018692,0.0,0.1728483731768915,False,False,False,False,False,False,False,-1.0,False,5,False,False,339.851386009154,,3,False,3,False,False,False,False,"ema60_gt_ema120, market_above_ma60, liquidity_ok, obv_uptrend, mfi_strong",,,-20.0,44.8,44.8,38.7,-0.27,False,1355.0,C
2026-08-10,2865.0,2890.0,2755.0,2765.0,3326767,9345241965,3017,奇鋐,,94.63964971439918,25.3375084637718,69.30214125062739,2501.82358316494,2425.042203413436,2252.475843191872,60.19213605579014,18.983800393938328,176.36060451719968,4608409.4,11185713050.1,2940.0,2095.0,1.3775707143018885,-0.1044265648821495,0.084313725490196,-0.007181328545781,2785.0,0.9045402003666346,2889.7225267185004,2389.25,1888.7774732815,0.875395231446288,0.4189369272520669,78.83597883597884,85.71428571428623,2764.0,2513.5,117481099.0,104942888.95,-21.164021164021165,134.13316039775177,60.07455029325682,2537.5,2615.0,,,,0.0,0.0,0.0,0.0,0.0,0.0,,0.0,0.0,0.6611,0.1101,0.0,53.21,1.02,0,False,0,False,False,True,True,0.7218905073841746,False,True,False,False,False,True,False,False,False,True,False,False,False,False,False,False,True,True,-10.0,-12.0,6.329113924050633,0.0,1.44845577132446,False,False,True,False,True,False,False,-1.0,False,7,True,False,512.6003743297354,,3,True,3,False,False,False,False,"ema60_gt_ema120, rsi_strong, market_above_ma60, liquidity_ok, obv_uptrend, mfi_strong, above_ichimoku_cloud",open_high_close_low,,152.8,77.3,77.3,38.7,-0.34,False,1355.0,D
2026-08-10,14.25,14.25,13.85,14.0,94156,1318636,3018,隆銘綠能,,0.7705518268524258,0.8658713091788734,-0.0953194823264476,13.738262310517824,12.36660330470772,11.993839183756055,53.605327852903805,14.69427470890631,0.9860769935379476,142017.3,2181692.1,17.25,14.05,1.520812480202142,,-0.024390243902439,-0.0175438596491228,14.25,0.4201312941679478,16.9436884516847,13.580000000000018,10.216311548315334,0.5624314656414788,0.4953885790404534,5.769230769230783,10.57692307692317,14.220000000000072,14.990000000000007,-4119182.0,-3437786.0,-68.05555555555554,18.01204486435702,39.56554077834162,6.2125,6.25,,,,0.0,0.0,0.0,0.0,0.0,0.0,,0.0,0.0,0.8409,2.8776,0.0,0.44,0.13,0,False,0,False,False,True,True,0.6629896498525181,False,False,False,False,True,False,False,False,False,False,False,False,False,False,False,False,False,False,20.0,0.0,23.214285714285715,0.0,-2.0,False,False,True,False,False,False,False,-1.0,False,4,False,False,272.6298964985252,,3,False,3,False,False,True,True,"ema60_gt_ema120, market_above_ma60, avoid_chase, above_ichimoku_cloud",,close_below_swing_low,-87.2,28.5,28.5,38.7,-0.4,False,1355.0,D
2026-08-10,132.0,135.0,130.5,134.5,2345953,312410012,3019,亞光,,-3.454034350118405,-4.287022110943847,0.8329877608254419,133.80199349682908,139.58839101789192,141.12535682384004,48.981550618277126,15.23324675487554,6.866309723135462,3213809.15,425887542.8,147.5,119.0,-0.4190397026748514,-0.3161212181605238,0.0112781954887217,0.0386100386100385,129.5,0.6510901822184858,145.51189914326935,132.9,120.28810085673068,0.5634321596543161,0.1897953219453624,91.66666666666669,75.53606237816712,132.1,128.95,169091568.0,175635272.4,-31.25,3.446226975638848,38.512917548964936,153.25,145.5,,,,0.0,0.0,0.0,0.0,0.0,0.0,,0.0,0.0,0.1314,0.1105,0.0,7.35,0.49,0,False,0,False,False,False,False,0.7299602715985796,False,False,False,False,True,True,False,False,False,False,False,False,False,False,False,False,False,True,-20.0,0.0,9.66542750929368,0.0,-0.4503663100996529,False,False,False,False,False,False,False,-1.0,False,3,False,False,196.89520699479,,3,False,3,False,False,False,False,"market_above_ma60, avoid_chase, liquidity_ok",,,-163.0,13.0,13.0,38.7,-0.33,False,1355.0,D
2026-08-10,20.85,21.15,20.85,21.0,89949,1890088,3021,鴻名,,-1.418425500566439,-1.5868033292748032,0.1683778287083641,21.981475074851737,23.25335099946317,22.028803852426496,41.15202118422799,17.48343651763358,1.3670491332664905,306902.15,6631663.6,24.9,19.1,-0.8050233821268058,-0.2490252125677743,0.0421836228287841,0.0144927536231884,20.7,0.4872848279929996,24.383604008906143,21.50999999999999,18.63639599109384,0.4112612596552362,0.2671877274668669,67.74193548387099,60.62235255783647,20.96000000000004,20.46000000000004,6534536.0,7600259.55,-61.46788990825687,-31.80177543654276,40.50270512031831,31.075,27.975,,,,0.0,0.0,0.0,0.0,0.0,0.0,,0.0,0.0,-0.1575,0.0365,0.0,4.22,0.04,0,False,0,False,False,False,True,0.2930869008249046,False,False,False,False,True,False,False,False,True,False,False,False,False,False,False,False,False,True,0.0,0.0,18.57142857142856,0.0,-0.2342698131155299,False,False,False,False,False,False,False,-1.0,False,4,False,False,215.11963125086268,,3,False,3,False,True,False,True,"ema60_gt_ema120, market_above_ma60, avoid_chase, kd_golden_cross",,close_below_ema20,-144.7,17.7,17.7,38.7,-0.83,False,1355.0,X
2026-08-10,105.0,113.0,102.0,113.0,8598306,943192395,3022,威強電,,4.90987956260247,2.8481307492869865,2.061748813315483,93.0434520946537,84.90975265904001,78.78516172257751,74.56973890538526,25.76046015094986,5.45915967365897,3611499.4,342236463.7,103.0,83.5,1.0672590186521775,0.5135636848319253,0.2282608695652173,0.0970873786407766,103.0,2.0915874280983173,106.61543876946556,90.68999999999996,74.76456123053437,1.2004516585996918,0.3512060595317147,100.0,94.95614035087722,101.0,94.27000000000008,50393140.0,21360086.85,-0.0,235.6542964709776,82.47102973845918,82.625,77.55,,,,0.0,0.0,0.0,0.0,0.0,0.0,,0.0,0.0,0.7997,0.0834,0.0,22.3,1.34,0,False,0,False,False,True,True,2.3808133541431573,True,True,True,True,False,True,False,False,False,True,False,False,False,True,False,False,True,True,-20.0,-25.0,-8.849557522123893,25.0,2.0,False,False,True,False,False,False,False,-1.0,False,11,False,False,797.8081335414315,,6,False,3,False,False,False,False,"ema60_gt_ema120, volume_break, rsi_strong, breakout_20d, market_above_ma60, liquidity_ok, adx_trending, obv_uptrend, breakout_volume_confirm, mfi_strong, above_ichimoku_cloud",,,438.0,96.1,96.1,38.7,1.57,False,1355.0,C
2026-08-10,313.0,315.0,306.5,314.5,1646314,509767404,3023,信邦,,-0.5012528842952975,-3.8308019707351098,3.3295490864398123,306.75249530265063,304.4294285502855,288.5055073190047,53.42272954599446,15.955193918357136,14.77557363976617,1743971.05,525239493.9,324.0,273.0,-0.046907896802342,-0.0429940996048642,0.0500834724540901,-0.0110062893081761,318.0,0.9970754460091096,332.5781274846277,303.1,273.6218725153724,0.6933637068016765,0.1945109038906479,79.82456140350877,86.84210526315837,314.6,300.1,49799134.0,49095283.35,-20.17543859649123,49.20147693402748,47.01254839646597,327.625,309.5,,,,0.0,0.0,0.0,0.0,0.0,0.0,,0.0,0.0,0.1759,0.0272,0.0,40.24,-0.81,0,False,0,False,False,True,True,0.9440030555553086,False,False,False,False,False,True,False,False,False,True,False,False,False,False,False,False,False,True,-10.0,0.0,3.02066772655008,8.0,0.1417220159439232,False,False,False,False,False,False,False,-1.0,False,4,False,False,289.1406947468802,,3,False,3,False,False,False,False,"ema60_gt_ema120, market_above_ma60, liquidity_ok, obv_uptrend",,,-70.7,32.4,32.4,38.7,-0.08,False,1355.0,D
2026-08-10,12.7,13.1,12.7,13.1,878428,11366346,3024,憶聲,,-0.0860910224308302,-0.1065254495901859,0.0204344271593557,12.728291034666984,12.866683639982629,12.651224367925934,55.01807316863186,18.0213869819946,0.5209814421128657,2771912.95,37342224.05,14.2,11.85,-0.4893794405281807,-0.4226183991932133,0.0693877551020407,0.0314960629921259,12.7,0.4586658538998661,14.162232659280669,12.934999999999969,11.70776734071927,0.5672244169645634,0.1897537934720837,100.0,75.21239380309817,12.659999999999943,12.459999999999946,39885715.0,39913329.2,-43.181818181818215,2.4999999999999463,30.94863380601288,13.1625,14.875,,,,0.0,0.0,0.0,0.0,0.0,0.0,,0.0,0.0,-0.3691,0.3541,0.0,2.95,0.03,0,False,0,True,True,True,True,0.3169031697045176,False,True,False,False,False,False,False,False,False,False,False,False,False,False,False,False,False,True,-20.0,0.0,8.396946564885493,0.0,-0.002897063923628,False,False,False,False,False,False,False,-1.0,False,5,False,False,263.13426692996165,,3,False,3,False,False,False,False,"macd_golden_cross, ema60_gt_ema120, rsi_strong, market_above_ma60, hist_turn_positive",,,-96.7,26.9,26.9,38.7,-0.8,False,1355.0,D
2026-08-10,53.7,55.0,53.7,54.8,159537,8718304,3025,星通,,-2.4017860075236186,-2.8962376366218803,0.4944516290982617,56.32601288379419,60.90504647060268,61.54104411530223,42.12063165713359,38.56729088297195,2.2773190731808635,269715.3,14837641.8,59.4,50.2,-0.3447741548985997,-0.5324107542505659,0.0148148148148148,0.0242990654205605,53.5,1.4901530062778168,59.37542889902879,55.29499999999998,51.21457110097117,0.4393446115287294,0.1475876263325368,74.28571428571422,72.16216216216223,55.05999999999985,53.81999999999989,35323330.0,35971620.5,-36.58536585365856,-36.10366398570192,30.48471919080417,70.60000000000001,71.1,,,,0.0,0.0,0.0,0.0,0.0,0.0,,0.0,0.0,-0.1315,-0.3334,0.0,3.71,-0.16,0,False,0,False,False,False,False,0.591501483230651,False,False,True,False,True,False,False,False,True,False,False,False,False,False,False,False,False,True,-10.0,0.0,8.39416058394161,0.0,-0.2170706224402018,False,False,False,False,False,False,False,-1.0,False,4,False,False,263.31016736302405,,8,False,3,False,True,False,True,"market_above_ma60, avoid_chase, adx_trending, kd_golden_cross",,close_below_ema20,-96.5,27.0,27.0,38.7,-0.49,False,1355.0,D
2026-08-10,18.7,18.75,18.55,18.6,160519,2989783,3027,盛達,,-0.473347360432701,-0.5212438713543368,0.0478965109216358,18.87435119466961,19.623852029514072,20.535066732225182,45.383152220885385,18.408071853873405,0.7438218225586514,298461.3,5543659.2,20.0,17.5,-0.2706767126676145,-0.0581938590979544,0.0219780219780221,0.0,18.6,0.4387856710791255,20.004990421416203,18.700000000000045,17.39500957858389,0.4616855425300649,0.1395711680658988,91.42857142857152,77.55102040816321,18.47000000000008,18.25500000000011,19302787.0,19632384.1,-49.99999999999994,-7.105943152454743,47.74988441494008,21.4625,20.675,,,,0.0,0.0,0.0,0.0,0.0,0.0,,0.0,0.0,-0.144,-0.2534,0.0,2.21,0.18,0,False,0,False,False,False,False,0.537821821455579,False,False,False,False,True,False,False,False,False,False,False,False,False,False,False,False,False,True,-20.0,0.0,7.526881720430099,0.0,-0.118442990639342,False,False,False,False,False,False,False,-1.0,False,2,False,False,58.95690232688368,,3,False,3,False,True,False,True,"market_above_ma60, avoid_chase",,close_below_ema20,-300.9,0.3,0.3,38.7,-0.55,False,1355.0,D
2026-08-10,68.5,69.4,67.8,68.5,2027911,139139663,3028,增你強,,-1.8009952588109996,-2.7684494479515807,0.967454189140581,68.01600244614116,70.32454246002152,65.67578280050141,49.26880076473024,19.0962605933798,4.206339615012993,2208039.1,148880711.35,77.0,57.1,-0.3405719778496093,-0.4476078738753682,0.0719874804381845,0.0394537177541729,65.9,1.8096632159511008,76.46447475407804,66.75499999999992,57.045525245921816,0.5898606796040717,0.2908988017100778,74.07407407407406,77.16049382716058,69.28000000000029,64.77000000000007,175539136.0,175437911.15,-25.92592592592593,34.91429838735215,56.30983201028451,79.225,73.75,,,,0.0,0.0,0.0,0.0,0.0,0.0,,0.0,0.0,0.6562,-0.0834,0.0,10.64,-0.5,0,False,0,False,False,False,True,0.918421689181138,False,False,False,False,False,True,False,False,False,True,False,False,False,False,False,False,True,True,-10.0,0.0,12.408759124087592,0.0,0.0138731706808577,False,False,False,False,False,True,False,-1.0,False,5,True,False,349.3506949399817,,3,True,3,False,False,False,False,"ema60_gt_ema120, market_above_ma60, liquidity_ok, obv_uptrend, mfi_strong",gap_chase_after_blowout,,-10.5,47.2,47.2,38.7,-0.11,False,1355.0,D
2026-08-10,295.0,302.5,293.0,296.5,1071143,318967168,3030,德律,,-7.132559197071714,-11.10190705946066,3.969347862388947,292.25226589750605,308.8905064833206,295.13092150339827,49.86696368844171,17.00587670367006,17.113764895239285,1744945.25,495853883.8,310.0,249.0,-0.1814032475557266,-0.6562237781537197,0.0349040139616056,0.0224137931034482,290.0,0.586801949784469,317.932124154107,287.925,257.91787584589304,0.6428827360456393,0.2084370871171796,80.46875,76.5625,295.2,280.85,197334738.0,198480829.8,-19.53125,53.56055995130836,39.31574195906135,349.875,375.25,,,,0.0,0.0,0.0,0.0,0.0,0.0,,0.0,0.0,0.0043,-0.2869,0.0,10.49,0.02,0,False,0,False,False,False,True,0.6138547899998582,False,False,False,False,True,True,False,False,False,False,False,False,False,False,False,False,False,True,-20.0,0.0,4.5531197301854975,0.0,-0.1015163635061797,False,False,False,True,False,False,False,-1.0,False,4,True,False,229.9203515379244,,3,True,3,False,False,False,False,"ema60_gt_ema120, market_above_ma60, avoid_chase, liquidity_ok",long_upper_shadow,,-129.9,20.7,20.7,38.7,-0.46,False,1355.0,D
2026-08-10,112.0,112.5,108.5,109.0,1175558,129092784,3029,零壹,,1.6990380696808105,1.1030373058654683,0.596000763815342,105.33510667002052,103.43966687607254,104.38967554259132,58.59428665609416,16.588219986746278,4.018419978289279,1460388.1,154411049.15,110.0,99.3,0.2900111017221015,0.1226879048562392,0.0480769230769231,-0.0045662100456621,109.5,1.1617660686043891,110.75419315583216,104.78999999999996,98.82580684416776,0.8529396089296004,0.1138313418423935,69.32515337423312,72.39263803681024,108.4,105.77999999999992,8635385.0,5678439.95,-30.674846625766875,140.36304775118566,55.55294956053161,102.175,104.45,,,,0.0,0.0,0.0,0.0,0.0,0.0,,0.0,0.0,0.1358,0.084,0.0,7.02,-0.01,0,False,0,False,False,True,False,0.8049627355906283,False,True,False,False,True,True,False,False,False,True,False,False,False,False,False,False,True,True,0.0,-12.0,0.9174311926605504,25.0,0.79207373345083,False,False,True,False,True,False,False,-1.0,False,7,True,False,520.5545121573163,,3,False,3,False,False,False,False,"rsi_strong, market_above_ma60, avoid_chase, liquidity_ok, obv_uptrend, mfi_strong, above_ichimoku_cloud",open_high_close_low,,160.7,78.2,78.2,38.7,-0.24,False,1355.0,D
2026-08-10,23.2,23.3,22.9,23.3,576867,13350665,3031,佰鴻,,-1.776328132590649,-2.031965727251533,0.2556375946608837,24.07540705203262,26.71896804270988,26.311907260178952,42.14157301879787,29.54678518212281,1.3656625847968162,945740.5,22464887.3,29.05,19.65,-1.2909927072626153,-0.615247436829504,0.0787037037037037,0.0264317180616739,22.7,0.4244894417067621,28.703756147538964,23.747499999999945,18.791243852460926,0.4548550370805445,0.4174128769377012,91.566265060241,83.60585197934597,22.92999999999993,21.864999999999963,144480097.0,143833917.8,-36.13445378151258,-22.438044206295988,41.30231007381294,32.15,31.8,,,,0.0,0.0,0.0,0.0,0.0,0.0,,0.0,0.0,0.2704,-0.036,0.0,2.64,0.82,0,False,0,False,False,False,True,0.6099633038872714,False,False,True,False,False,False,False,False,False,True,False,False,False,False,False,False,False,True,-20.0,0.0,24.67811158798284,0.0,0.0497899863748765,False,False,False,False,False,False,False,-1.0,False,4,False,False,316.69711287537126,,3,False,3,False,True,False,True,"ema60_gt_ema120, market_above_ma60, adx_trending, obv_uptrend",,close_below_ema20,-43.2,39.8,39.8,38.7,-0.47,False,1355.0,D
2026-08-10,83.0,83.0,81.1,81.3,456150,37210179,3032,偉訓,,0.5674897409844561,-0.1323053127662713,0.6997950537507275,80.08224777510276,79.1665152679794,78.22366081139698,52.04891576686103,14.725197967897634,3.83444855324307,720144.95,58461255.1,87.1,71.9,0.1868282531576731,-0.1755390299366532,0.0291139240506328,-0.010948905109489,82.2,0.7514470823400653,86.10827895405207,79.34000000000015,72.57172104594822,0.6447930864925766,0.1706145438379609,58.02469135802468,66.25514403292193,82.84000000000015,79.59000000000052,111578453.0,111732815.85,-41.975308641975325,62.36172566371713,50.28406257171933,83.125,78.55,,,,0.0,0.0,0.0,0.0,0.0,0.0,,0.0,0.0,0.4535,0.1127,0.0,1.77,0.39,0,False,0,False,False,True,True,0.6334141480822716,False,False,False,False,True,True,False,False,False,False,False,False,False,False,False,False,True,True,0.0,0.0,7.134071340713404,0.0,-0.0430370869967882,False,False,False,False,False,False,False,-1.0,False,5,False,False,350.81769643686124,,3,True,3,False,False,False,False,"ema60_gt_ema120, market_above_ma60, avoid_chase, liquidity_ok, mfi_strong",,,-9.0,48.1,48.1,38.7,-0.44,False,1355.0,D
2026-08-10,47.7,49.85,47.6,49.35,7850970,386375222,3033,威健,,-0.5268958972411468,-0.664609432570741,0.1377135353295941,47.97504034093208,47.088047959661445,43.42965445050207,53.371840429507664,16.987847064691053,2.539719480949058,12689303.15,645983251.0,55.6,42.1,-0.6120573443508498,-0.099848306718168,0.0567451820128479,0.0488841657810841,47.05,0.2695542576244987,54.69048798094477,48.44000000000015,42.18951201905552,0.5727943164417002,0.2580713452082827,93.75,78.60353535353534,48.05,46.27500000000018,489129233.0,498646180.65,-23.07692307692308,12.638007986845317,50.96678525326216,50.45,44.65,,,,0.0,0.0,0.0,0.0,0.0,0.0,,0.0,0.0,0.5445,0.2422,0.0,23.8,0.48,0,False,0,True,True,True,True,0.618707734159539,False,False,False,False,False,True,False,False,False,False,False,False,False,False,False,False,True,True,-20.0,0.0,12.664640324214794,0.0,-0.2613427065321902,False,False,False,False,False,False,False,-1.0,False,6,False,False,413.0509648632091,,3,False,3,False,False,False,False,"macd_golden_cross, ema60_gt_ema120, market_above_ma60, liquidity_ok, hist_turn_positive, mfi_strong",,,53.2,61.1,61.1,38.7,-0.46,False,1355.0,D
2026-08-10,546.0,557.0,541.0,544.0,3004623,1643710357,3034,聯詠,,10.159539609221838,4.658562517092793,5.500977092129045,518.0023592630449,497.248766615678,471.2924912785089,60.196637444377096,22.432207846310025,22.92016132375757,4983064.55,2495516051.75,550.0,491.0,0.8992465127332143,0.1288293092344254,0.048169556840077,0.0036900369003689,542.0,0.6351348195427596,560.1543202137528,503.225,446.2956797862472,0.8581195054402712,0.2262579172885005,67.25146198830409,66.08187134502926,540.6,522.95,81311109.0,64479009.7,-32.0,122.00557103064055,78.44229520978998,543.75,506.0,,,,0.0,0.0,0.0,0.0,0.0,0.0,,0.0,0.0,0.1896,0.0648,0.0,41.99,0.92,0,False,0,False,False,True,True,0.6029669031680515,False,True,True,False,True,True,False,False,True,True,False,False,False,False,False,False,True,True,0.0,-12.0,1.1029411764705883,15.0,0.721862297476553,False,False,True,True,False,False,False,-1.0,False,10,True,False,742.6920166013992,,3,False,3,False,False,False,False,"ema60_gt_ema120, rsi_strong, market_above_ma60, avoid_chase, liquidity_ok, adx_trending, kd_golden_cross, obv_uptrend, mfi_strong, above_ichimoku_cloud",long_upper_shadow,,382.8,94.5,94.5,38.7,-0.47,False,1355.0,D
2026-08-10,213.5,230.5,213.5,229.0,20379407,4604039165,3036,文曄,,0.915273764731296,-4.089195888903186,5.004469653634482,210.04398898623515,218.0377224505808,212.90093189899744,58.293633054222006,24.47873345011212,12.748633618746055,12690658.3,2636910012.35,233.5,183.5,0.6668618875240585,-0.6986211308597965,0.119804400977995,0.0827423167848699,211.5,3.495445540497326,230.3887658295906,202.8,175.21123417040943,0.9748309540526626,0.2720785584772247,88.28828828828829,80.48048048048015,222.3,207.1,161018728.0,140818685.85,-11.711711711711713,144.56233421750673,61.656592755933325,237.0,252.5,,,,0.0,0.0,0.0,0.0,0.0,0.0,,0.0,0.0,1.8809,-0.0817,0.0,26.22,-1.13,0,False,0,False,False,True,True,1.605858933259593,True,True,True,False,False,True,False,False,False,True,False,False,False,False,False,True,True,True,-20.0,-25.0,1.9650655021834065,15.0,0.2269438620935654,False,False,False,False,False,False,False,-1.0,False,9,False,False,603.7819156777188,,3,True,3,False,False,False,False,"ema60_gt_ema120, volume_break, rsi_strong, market_above_ma60, liquidity_ok, adx_trending, obv_uptrend, cci_momentum, mfi_strong",,,243.9,87.8,87.8,38.7,0.68,False,1355.0,D
2026-08-10,173.0,180.5,171.0,178.0,6269806,1106985185,3035,智原,,-9.11546929746956,-9.10707658181692,-0.0083927156526382,180.4454998198468,188.7384646482996,184.58542033760105,46.49749460684604,30.618327601567525,12.25318261526736,6318258.75,1116436276.95,213.0,149.5,-1.215609149934498,-0.2377145982714584,0.1125,0.0348837209302326,172.0,0.5278163865178742,217.2970540172853,181.975,146.6529459827147,0.4437320378076714,0.3882077649928319,92.6470588235294,63.90054657340503,171.7,167.1,167370265.0,167544316.35,-45.689655172413794,-24.829367275410387,44.8648370038008,215.625,203.25,,,,0.0,0.0,0.0,0.0,0.0,0.0,,0.0,0.0,0.2657,0.524,0.0,13.32,2.02,0,False,0,False,False,False,True,0.992331312800382,False,False,True,False,False,True,False,False,False,False,False,False,False,False,False,False,False,True,-20.0,0.0,19.662921348314608,0.0,-0.0076839822775021,False,False,False,False,False,False,False,-1.0,False,4,False,False,314.8311053406738,,8,False,3,False,True,False,True,"ema60_gt_ema120, market_above_ma60, liquidity_ok, adx_trending",,close_below_ema20,-45.0,39.3,39.3,38.7,-0.03,False,1355.0,D
2026-08-10,20.9,20.9,20.65,20.7,118832,2464279,3038,全台,,-0.3024270913400144,-0.4152445889638126,0.1128174976237982,20.895068126661684,21.665585584385468,22.0204968487784,43.60661892575844,30.77753347846167,0.4804229480487806,230939.6,4753923.7,21.3,19.85,-0.0357217399265155,-0.2653726796039016,-0.0095693779904305,-0.0048076923076924,20.8,1.0520792233965215,21.35979690162034,20.66750000000001,19.975203098379698,0.5234725880788393,0.0669937729885394,66.6666666666666,76.50462962962956,20.83000000000011,20.575,5074811.0,5717796.9,-33.3333333333334,21.99074074074137,43.72398818154606,22.9125,23.425,,,,0.0,0.0,0.0,0.0,0.0,0.0,,0.0,0.0,-0.1105,-0.0225,0.0,8.42,-0.06,0,False,0,False,False,False,False,0.5145587850676108,False,False,True,False,True,False,False,False,False,False,False,False,False,False,False,False,False,True,0.0,0.0,2.8985507246376883,8.0,-0.465583773809022,False,False,False,False,False,False,False,-1.0,False,3,False,False,182.55858256496785,,10,False,3,False,True,False,True,"market_above_ma60, avoid_chase, adx_trending",,close_below_ema20,-177.3,10.4,10.4,38.7,-0.57,False,1355.0,D
2026-08-10,23.05,24.7,22.7,24.55,1450593,34490617,3041,揚智,,-0.8461754907421408,-1.0872106785066564,0.2410351877645156,23.429198776789192,24.60767690264753,24.89456505995808,53.64740445760543,22.164176102737567,1.311271352733029,1291259.6,30243872.0,26.4,20.15,-0.6788154048991922,-0.1901107265395925,0.1287356321839081,0.0911111111111111,22.5,0.289020954766712,26.36727522862483,23.197499999999945,20.02772477137506,0.7133432029795372,0.2732859341416009,96.87500000000004,85.81943216968648,22.97999999999993,22.089999999999964,-19053733.0,-18939811.7,-3.12499999999997,39.39796370075257,39.76624839648928,28.4875,27.35,,,,0.0,0.0,0.0,0.0,0.0,0.0,,0.0,0.0,1.6751,0.0192,0.0,5.26,0.32,0,False,0,False,False,False,False,1.123393777672592,False,False,True,False,False,False,False,False,False,False,False,False,False,False,False,False,False,True,-20.0,0.0,7.5356415478614975,0.0,-0.0218946025539807,False,False,False,False,False,False,False,-1.0,False,2,False,False,170.97120254607816,,3,False,3,False,False,False,False,"market_above_ma60, adx_trending",,,-188.9,8.3,8.3,38.7,0.12,False,1355.0,D
2026-08-10,181.5,184.0,173.5,180.5,14146914,2542145039,3042,晶技,,-5.711784310498302,-9.260556597486971,3.548772286988669,170.49555966620136,174.61871261576928,158.01219353152197,53.14349796366476,16.057565271217346,14.03148928522786,14196392.05,2368345287.25,193.5,136.5,-0.3930372070500109,-0.2792659801177684,0.1682847896440129,0.0744047619047618,168.0,0.8507653743422052,194.6493488398974,165.375,136.1006511601026,0.7583319629536294,0.3540359648060155,93.0,81.85910652921,173.8,159.6,109461065.0,59238702.0,-7.0,77.86635461615332,58.81462216070975,208.625,190.0,,,,0.0,0.0,0.0,0.0,0.0,0.0,,0.0,0.0,0.1998,-0.0199,0.0,21.54,1.93,0,False,0,False,False,True,True,0.9965147447445988,False,False,False,False,False,True,False,False,False,True,False,False,False,False,False,False,True,True,-20.0,0.0,7.202216066481995,0.0,0.6666627078858464,False,False,False,True,True,False,False,-1.0,False,5,True,False,367.96509994207617,,3,True,3,False,False,False,False,"ema60_gt_ema120, market_above_ma60, liquidity_ok, obv_uptrend, mfi_strong","long_upper_shadow, open_high_close_low",,8.1,52.7,52.7,38.7,-0.02,False,1355.0,D
2026-08-10,20.2,20.8,20.2,20.6,85052,1744091,3043,科風,,-0.5036278476096676,-0.58593146256494,0.0823036149552723,20.45817549962461,21.13987410964801,21.387019085110087,49.23907279045809,23.81323065793821,0.8357857496974774,103778.55,2123645.0,22.8,18.65,-0.5571136253750963,-0.1190826475142057,0.0456852791878172,0.0325814536340853,19.95,0.3994442436999436,22.42027916804057,20.44999999999996,18.47972083195933,0.5380656717162621,0.1926923391726771,91.83673469387756,78.42942377896786,20.110000000000035,19.675,-9498365.0,-9277318.85,-27.419354838709623,3.2672775055047105,33.67925044333147,22.5875,22.0,,,,0.0,0.0,0.0,0.0,0.0,0.0,,0.0,0.0,0.385,0.3056,0.0,1.75,0.08,0,False,0,False,False,False,False,0.8195527881243282,False,False,True,False,True,False,False,False,False,False,False,False,False,False,False,False,False,True,-20.0,0.0,10.679611650485432,0.0,-0.2366082151417042,False,False,False,False,False,False,False,-1.0,False,3,False,False,215.35622929954283,,3,False,3,False,False,False,False,"market_above_ma60, avoid_chase, adx_trending",,,-144.5,17.8,17.8,38.7,-0.22,False,1355.0,D
2026-08-10,396.5,410.5,396.5,401.5,2113540,855344887,3044,健鼎,,-20.13475519124603,-26.534072175933726,6.399316984687697,402.7360563478657,436.1155039630017,425.2492532193854,46.12415739838879,35.22637799826057,22.315343360566487,3116609.65,1216826914.2,439.0,339.5,-0.4475352317309252,-0.5603202845914362,0.0735294117647058,0.0190355329949238,394.0,0.6442662503559297,439.2577543624602,391.7,344.14224563753976,0.6030326193002046,0.2428274412175656,89.22155688622755,85.2960745176321,396.7,376.75,180803437.0,176887363.6,-20.74468085106383,39.39673745767934,60.330830788246494,537.0,500.5,,,,0.0,0.0,0.0,0.0,0.0,0.0,,0.0,0.0,0.4197,-0.0754,0.0,49.39,-0.07,0,False,0,False,False,False,True,0.6781535826920128,False,False,True,False,False,True,False,False,False,True,False,False,False,False,False,False,True,True,-20.0,0.0,9.339975093399753,0.0,0.2930708158324009,False,False,False,False,False,False,False,-1.0,False,6,False,False,455.29838561690894,,8,True,3,False,True,False,True,"ema60_gt_ema120, market_above_ma60, liquidity_ok, adx_trending, obv_uptrend, mfi_strong",,close_below_ema20,95.4,69.3,69.3,38.7,-0.39,False,1355.0,D
2026-08-10,111.5,111.5,109.5,110.5,9703119,1068646025,3045,台灣大,,-0.9079071260203762,-0.8279719560086156,-0.0799351700117605,112.2487573942138,113.1316189504855,112.30832093280692,40.00366157152737,15.892444902899792,2.03387767688391,13339686.35,1490602075.25,114.0,110.5,0.0436643958940506,-0.0555556222803804,-0.013392857142857,-0.0089686098654708,111.5,0.509161881777913,114.6910882339708,111.75,108.8089117660292,0.287493624713129,0.0526369258876206,18.181818181818183,19.393939393939338,110.8,112.0,-53487164.0,-35299372.35,-81.81818181818181,-67.07179833445916,47.36418670391509,117.0,115.5,,,,0.0,0.0,0.0,0.0,0.0,0.0,,0.0,0.0,0.0657,0.0536,0.0,16.42,-0.05,0,False,0,False,False,False,True,0.7273873422068878,False,False,False,False,True,True,False,False,False,False,False,False,False,False,False,False,False,False,20.0,0.0,3.167420814479638,8.0,-0.516791614297726,False,False,False,False,False,False,False,-1.0,False,4,False,False,259.07237405049614,,3,False,3,False,True,False,True,"ema60_gt_ema120, market_above_ma60, avoid_chase, liquidity_ok",,close_below_ema20,-100.8,26.0,26.0,38.7,-0.33,False,1355.0,D
2026-08-10,57.7,60.0,57.1,59.1,1053700,61415393,3046,建碁,,0.5370741913513868,-0.0624932588053605,0.5995674501567473,54.53538587510719,53.82257850270848,52.63049625689042,64.9996971056014,15.788829696551003,2.14287651565418,434970.35,23781751.85,56.7,50.9,0.181057880764627,-0.0422908812573319,0.132183908045977,0.0423280423280423,56.7,1.847891351974222,58.12652937712842,54.08000000000011,50.0334706228718,1.1202846355661975,0.1496497550713128,90.7216494845361,87.65068226458789,56.060000000000215,53.930000000000106,15389580.0,12884001.15,-9.2783505154639,192.64654873395733,73.39781467668584,55.2,55.3,,,,0.0,0.0,0.0,0.0,0.0,0.0,,0.0,0.0,0.5363,0.2096,0.0,5.51,0.7,0,False,0,False,False,True,True,2.422463967946321,True,True,False,True,False,False,False,False,False,True,False,False,True,True,False,False,True,True,-20.0,-25.0,-4.060913705583754,25.0,0.8003421411861362,False,False,True,False,False,False,False,-1.0,False,10,False,False,743.8287453736968,,3,False,3,False,False,False,False,"ema60_gt_ema120, volume_break, rsi_strong, breakout_20d, market_above_ma60, obv_uptrend, bb_squeeze_breakout, breakout_volume_confirm, mfi_strong, above_ichimoku_cloud",,,384.0,94.6,94.6,38.7,1.62,False,1355.0,D
2026-08-10,14.3,14.6,14.3,14.6,578920,8383437,3047,訊舟,,-0.3268266793441441,-0.3668028005113581,0.0399761211672139,14.69396164318297,15.238867751405984,15.824319064891482,47.36550718807118,21.41827704085187,0.621090631999365,977261.45,14360905.65,16.15,13.2,-0.4886136956740123,-0.0874436586312193,0.028169014084507,0.0138888888888888,14.4,0.2883634013335965,15.9850665382422,14.669999999999982,13.354933461757764,0.4733853771028393,0.1792865082811479,87.87878787878782,77.04545454545466,14.529999999999928,14.180000000000016,-41457182.0,-40987309.35,-39.58333333333338,-26.18197554906433,45.07237949957542,15.8875,15.75,,,,0.0,0.0,0.0,0.0,0.0,0.0,,0.0,0.0,-0.1805,-0.0873,0.0,3.04,0.12,0,False,0,False,False,False,False,0.5923900917200817,False,False,True,False,True,False,False,False,False,False,False,False,False,False,False,False,False,True,-20.0,0.0,10.616438356164377,0.0,-0.0970461297344866,False,False,False,False,False,False,False,-1.0,False,3,False,False,144.75934736038698,,3,False,3,False,True,False,True,"market_above_ma60, avoid_chase, adx_trending",,close_below_ema20,-215.1,4.6,4.6,38.7,-0.49,False,1355.0,D
2026-08-10,58.5,59.4,57.1,57.3,3389440,196281221,3048,益登,,-0.9880372419443476,-2.6062568999578377,1.6182196580134902,54.32198475898792,55.93325212244544,52.38211013811508,54.46417449259918,26.867080951828008,3.5318775079350444,4135635.6,223754286.45,58.4,42.75,0.2001066360441511,-0.6145386728365703,0.1279527559055118,-0.0034782608695652,57.5,2.151991035106477,61.3058617079119,51.91999999999989,42.534138292087874,0.786601282195801,0.3615509132477671,77.15736040609137,83.00270338603998,57.45999999999949,51.77499999999982,259760991.0,246199306.9,-22.84263959390864,100.59503761086788,71.89330025317602,68.30000000000001,59.150000000000006,,,,0.0,0.0,0.0,0.0,0.0,0.0,,0.0,0.0,0.601,-0.0923,0.0,5.99,-2.32,0,False,0,False,False,True,True,0.8195693063479771,False,False,True,False,False,True,False,False,False,True,False,False,False,False,False,False,True,True,-10.0,0.0,1.9197207678883097,15.0,0.5185716812082044,False,False,False,False,False,False,False,-1.0,False,6,False,False,454.41855323797824,,3,False,3,False,False,False,False,"ema60_gt_ema120, market_above_ma60, liquidity_ok, adx_trending, obv_uptrend, mfi_strong",,,94.6,69.0,69.0,38.7,-0.22,False,1355.0,D
2026-08-10,10.9,11.2,10.75,11.0,2315302,25506468,3049,精金,,-0.5714502475916827,-0.7131131564372432,0.1416629088455604,10.963275155290855,11.949850713167862,11.67621523768825,46.90769954790059,32.804560639893566,0.5653635123229193,2704857.9,29198385.7,12.4,9.33,-0.8060897165085996,-0.4786228715086675,0.083743842364532,0.0328638497652582,10.65,0.6020386631774804,12.362884411246249,10.823000000000002,9.283115588753756,0.5574718461682295,0.2845577771867771,89.94974874371862,85.01396893556618,10.639999999999963,10.230999999999996,237250970.0,238979060.7,-25.10460251046025,15.534842432312526,43.38039553325043,14.249999999999998,14.575,,,,0.0,0.0,0.0,0.0,0.0,0.0,,0.0,0.0,-0.6818,0.0373,0.0,2.74,-0.07,0,False,0,False,False,False,True,0.8559791625282792,False,False,True,False,False,False,False,False,False,False,False,False,False,False,False,False,False,True,-20.0,0.0,12.727272727272732,0.0,-0.0358064128604312,False,False,False,False,False,False,False,-1.0,False,3,False,False,163.13011467095762,,8,False,3,False,False,False,False,"ema60_gt_ema120, market_above_ma60, adx_trending",,,-196.7,7.0,7.0,38.7,-0.18,False,1355.0,D
2026-08-10,11.3,11.35,11.15,11.35,593497,6671631,3050,鈺德,,-0.2977283429667761,-0.3337194052526954,0.0359910622859193,11.500133713904258,12.086597342428275,12.446548708067969,44.00024974920184,33.701272529411774,0.3553744879223381,639740.7,7241020.65,12.25,10.65,-0.4080326858268228,-0.2220562480337907,0.0133928571428572,0.0088888888888889,11.25,0.5160949529218136,12.23806069591148,11.457499999999982,10.676939304088483,0.4311392435187572,0.1362532307940649,94.99999999999991,82.22222222222202,11.269999999999982,11.139999999999963,14656161.0,14401921.1,-36.66666666666672,-31.088082901554472,35.3230140303273,12.975,13.05,,,,0.0,0.0,0.0,0.0,0.0,0.0,,0.0,0.0,-0.0515,0.0038,0.0,5.4,-0.82,0,False,0,False,False,False,False,0.9277149320029192,False,False,True,False,True,False,False,False,False,True,False,False,False,False,False,False,False,True,-20.0,0.0,7.929515418502206,0.0,0.0731789046127357,False,False,False,False,False,False,False,-1.0,False,4,False,False,270.15529617538203,,8,False,3,False,True,False,True,"market_above_ma60, avoid_chase, adx_trending, obv_uptrend",,close_below_ema20,-89.7,28.1,28.1,38.7,-0.1,False,1355.0,D
2026-08-10,23.0,23.75,22.8,23.3,1008336,23519087,3051,力特,,-0.7997495857000949,-1.0759686177268522,0.2762190320267572,23.033872173287588,24.40092130617448,24.23980635354873,48.92579552195909,29.975052019619863,1.1089612901362385,654455.35,14814904.75,24.65,20.35,-0.3185994610537996,-0.4412669775915679,0.0837209302325581,0.0174672489082969,22.9,0.772034591278482,24.43651022201912,22.589999999999872,20.743489777980628,0.6922545544382936,0.1634803206745688,88.00000000000001,87.27290260366438,22.69999999999981,22.01499999999988,141792639.0,140750930.55,-11.99999999999998,61.60876073426263,49.73231156388432,28.3125,26.15,,,,0.0,0.0,0.0,0.0,0.0,0.0,,0.0,0.0,0.4247,-0.0836,0.0,2.48,0.04,0,False,0,False,False,False,True,1.540725429167933,True,False,True,False,False,False,False,False,False,True,False,False,False,False,False,False,False,True,-20.0,0.0,5.793991416309003,0.0,0.0735111516400355,False,False,False,False,False,False,False,-1.0,False,5,False,False,376.28938811135976,,3,False,3,False,False,False,False,"ema60_gt_ema120, volume_break, market_above_ma60, adx_trending, obv_uptrend",,,16.4,55.0,55.0,38.7,0.6,False,1355.0,D
2026-08-10,50.3,50.3,47.25,48.35,152451,7383922,3054,立萬利,,-3.568205788184791,-3.789905808117698,0.2217000199329071,52.573996559021694,58.6063301221826,56.73693440526565,32.38477251301764,40.81964518377582,2.6954666380335817,80378.25,4167242.5,60.3,45.55,-1.1630494154279791,-0.6910267706434894,-0.002063983488132,-0.0368525896414343,50.2,0.5685431846905439,60.753397357883074,52.510000000000126,44.26660264211718,0.2476768485494622,0.3139743804183176,54.03225806451612,64.1632716667785,49.52999999999993,48.87000000000008,3687581.0,3914468.5,-71.1206896551724,-72.13273879940557,39.79427885998765,67.625,71.65,,,,0.0,0.0,0.0,0.0,0.0,0.0,,0.0,0.0,1.7555,0.0185,0.0,0.6,0.02,0,False,0,False,False,False,True,1.8966698080637483,True,False,True,False,True,False,False,False,False,False,False,False,False,False,False,False,False,True,0.0,0.0,24.71561530506721,0.0,-0.3374445913550308,False,False,False,False,False,False,False,-1.0,False,5,False,False,394.91736298437706,,8,False,3,False,True,False,True,"ema60_gt_ema120, volume_break, market_above_ma60, avoid_chase, adx_trending",,close_below_ema20,35.1,58.3,58.3,38.7,1.01,False,1355.0,D
2026-08-10,15.85,15.85,15.5,15.7,48229,755877,3057,喬鼎,,-0.7914892304689172,-1.0155888673298596,0.2240996368609424,15.887909782175065,17.450763117368734,17.563647019030075,45.84407813464412,31.688628153370832,0.9840315926515042,144460.1,2208890.55,17.2,13.5,-0.5009632238369041,-0.6110870314052496,0.0466666666666666,0.0194805194805194,15.4,0.6906836932505012,17.430254582179202,15.527500000000009,13.624745417820815,0.5453290197316012,0.2450818975597092,80.64516129032255,81.18279569892427,15.539999999999964,14.86000000000008,8546794.0,8721265.9,-24.24242424242426,15.96100169045098,46.35197162272314,20.675,20.925,,,,0.0,0.0,0.0,0.0,0.0,0.0,,0.0,0.0,-0.5155,-0.2737,0.0,2.48,-0.23,0,False,0,False,False,False,False,0.333856891972247,False,False,True,False,True,False,False,False,False,False,False,False,False,False,False,False,False,True,-20.0,0.0,9.554140127388536,0.0,-0.1838693778281872,False,False,False,False,True,False,False,-1.0,False,3,True,False,156.1321363857842,,8,False,3,False,True,False,True,"market_above_ma60, avoid_chase, adx_trending",open_high_close_low,close_below_ema20,-203.7,5.8,5.8,38.7,-0.78,False,1355.0,D
2026-08-10,8.16,8.21,8.15,8.19,389724,3184454,3058,立德,,-0.2446030003931234,-0.237394198432265,-0.0072088019608583,8.45657329923731,8.828570552829381,9.14735042697374,37.88854657965452,19.03850771260217,0.2757019190573823,514189.85,4390624.5,9.2,8.05,-0.5743277255635468,-0.0776939977631525,-0.0108695652173912,0.0036764705882352,8.16,0.4067737583618835,9.113594274428923,8.46650000000002,7.819405725571113,0.2863526143512512,0.1528599242730536,30.15873015873004,28.57142857142814,8.192000000000007,8.202000000000044,21504911.0,22980520.2,-77.10843373493982,-76.07157719517257,25.865488899698363,9.475,9.5,,,,0.0,0.0,0.0,0.0,0.0,0.0,,0.0,0.0,0.2211,0.0591,0.0,2.19,0.0,0,False,0,False,False,False,False,0.7579379484056327,False,False,False,False,True,False,False,False,True,False,False,False,False,False,False,False,False,False,0.0,0.0,12.33211233211233,0.0,-0.2688724537798009,False,False,False,False,False,False,False,-1.0,False,3,False,False,214.3529100386987,,3,False,3,False,True,False,True,"market_above_ma60, avoid_chase, kd_golden_cross",,close_below_ema20,-145.5,17.3,17.3,38.7,-0.3,False,1355.0,D
2026-08-10,40.4,41.2,40.2,40.8,1367492,55748400,3059,華晶科,,-1.4998156287652122,-1.8220936364755869,0.3222780077103746,40.929301550430495,42.703294981096725,42.55430758227016,46.44646746662363,29.61103318270312,1.7307124215724592,2229821.7,91041663.4,45.95,36.25,-0.614641784039218,-0.2318221686837626,0.0638852672750975,0.0161892901618929,40.15,0.6918718980837013,45.01383098277188,40.46999999999999,35.92616901722809,0.5363129704044033,0.2245530507917912,92.07920792079196,88.68093214234796,40.07000000000007,38.91000000000004,204679755.0,203638372.65,-25.000000000000057,6.532297642618839,56.78465752197894,48.337500000000006,45.225,,,,0.0,0.0,0.0,0.0,0.0,0.0,,0.0,0.0,0.0302,0.0014,0.0,8.45,0.28,0,False,0,False,False,False,True,0.6132741465382635,False,False,True,False,False,True,False,False,False,True,False,False,False,False,False,False,True,True,-20.0,0.0,12.622549019607856,0.0,0.0585428299409666,False,False,False,False,False,False,False,-1.0,False,6,False,False,416.83525542467424,,3,False,3,False,True,False,True,"ema60_gt_ema120, market_above_ma60, liquidity_ok, adx_trending, obv_uptrend, mfi_strong",,close_below_ema20,57.0,61.8,61.8,38.7,-0.46,False,1355.0,D
2026-08-10,29.05,30.8,29.05,29.55,1990468,59476103,3060,銘異,,-1.1841717683911843,-1.446261179793888,0.2620894114027035,29.621537398710217,30.990564339238865,30.66749969466093,47.40820166474667,23.024965034996445,1.8637617253943133,2044105.75,60271068.05,34.35,25.4,-0.6908985855329809,-0.0033919089204552,0.0648648648648648,0.0189655172413794,29.0,0.3237011379611413,33.47945472188881,29.169999999999938,24.86054527811107,0.5440891045994685,0.2954716984497003,78.63247863247864,82.33327519041814,29.110000000000035,27.879999999999928,207942051.0,209049228.35,-21.367521367521363,22.48212443838421,43.49518697518924,36.3875,34.125,,,,0.0,0.0,0.0,0.0,0.0,0.0,,0.0,0.0,0.4898,0.1201,0.0,12.39,0.36,0,False,0,False,False,False,True,0.9737597969185304,False,False,True,False,False,True,False,False,False,False,False,False,False,False,False,False,False,True,-10.0,0.0,16.243654822335028,0.0,-0.036514769127569,False,False,False,True,False,False,False,-1.0,False,4,True,False,299.2994207396545,,3,False,3,False,True,False,True,"ema60_gt_ema120, market_above_ma60, liquidity_ok, adx_trending",long_upper_shadow,close_below_ema20,-60.6,35.4,35.4,38.7,-0.05,False,1355.0,D
2026-08-10,20.9,20.9,20.45,20.9,1060105,21995378,3062,建漢,,-1.042168122129624,-1.2953124489343926,0.2531443268047686,21.08314837648413,23.572127162360243,24.76349406050292,44.15696051603119,42.72242914661836,0.8580794617953829,2021373.0,41972471.0,23.35,18.35,-0.6899478000965533,-0.7661421872278785,0.0449999999999999,0.0295566502463053,20.3,0.5338389604806804,23.35537879694232,20.822499999999945,18.28962120305757,0.5152987975764197,0.2432828715997003,100.0,90.65934065934076,20.529999999999745,19.89999999999991,134996717.0,136613432.95,-27.631578947368435,-5.080534851911162,42.9847414317545,26.487500000000004,27.9,,,,0.0,0.0,0.0,0.0,0.0,0.0,,0.0,0.0,-0.3439,0.3803,0.0,9.71,0.25,0,False,0,False,False,False,False,0.5244479865912921,False,False,True,False,True,False,False,False,False,False,False,False,False,False,False,False,False,True,-20.0,0.0,11.722488038277524,0.0,-0.0952550106081638,False,False,False,False,False,False,False,-1.0,False,3,False,False,174.10141973861496,,8,False,3,False,True,False,True,"market_above_ma60, avoid_chase, adx_trending",,close_below_ema20,-185.7,8.8,8.8,38.7,-0.56,False,1355.0,D
2026-08-10,158.0,165.5,155.5,161.0,12014907,1928408371,3090,日電貿,,-26.41209675315769,-29.395630076667544,2.983533323509846,172.17129923544937,194.98452282617063,174.01827689604386,42.03932236674866,29.552844447168543,16.679759078333195,7299940.0,1258485721.3,258.0,114.0,-2.3991028910120504,-0.5633583036448464,0.1709090909090909,0.069767441860465,150.5,1.237273057559521,227.2310856242273,164.37499999999983,101.51891437577235,0.473152957534004,0.764788874515316,91.2621359223301,86.86228285533616,151.49999999999926,140.09999999999962,526042993.0,490673394.0,-33.333333333333336,-10.997224001708286,85.29455604161664,304.5,228.9,,,,0.0,0.0,0.0,0.0,0.0,0.0,,0.0,0.0,0.3237,0.0317,0.0,11.69,-2.45,0,False,0,False,False,False,True,1.645891199105746,True,False,True,False,False,True,False,False,False,True,False,False,False,False,False,False,True,True,-20.0,0.0,60.24844720496895,0.0,0.6656297503626953,False,False,False,False,False,False,False,-1.0,False,7,False,False,499.4464689954098,,3,False,3,False,True,False,True,"ema60_gt_ema120, volume_break, market_above_ma60, liquidity_ok, adx_trending, obv_uptrend, mfi_strong",,close_below_ema20,139.6,75.5,75.5,38.7,0.72,False,1355.0,D
2026-08-10,23.05,24.0,23.05,23.6,163958,3859522,3092,鴻碩,,-1.3578503156099906,-1.577431829252388,0.2195815136423975,24.50088798942378,27.08667784898625,27.259401956004982,39.89095788184204,25.77197500876651,1.361935526696098,276238.5,6679325.0,26.55,21.65,-0.5254321356137108,-0.4967557861913168,0.0328227571115973,-0.0042194092827003,23.7,0.20616250298617,26.130472614268992,23.934999999999945,21.7395273857309,0.4237066320429877,0.1834529028008399,64.5161290322581,65.44018817204294,23.530000000000108,23.125,26820349.0,26971004.6,-46.66666666666666,-37.81055132138962,46.34522435122204,31.0625,31.825,,,,0.0,0.0,0.0,0.0,0.0,0.0,,0.0,0.0,-0.0344,-0.19,0.0,1.69,0.0,0,False,0,False,False,False,False,0.5935378305341218,False,False,True,False,True,False,False,False,False,False,False,False,False,False,False,False,False,True,0.0,0.0,12.499999999999996,0.0,-0.0627358089047706,False,False,False,False,False,False,False,-1.0,False,3,False,False,210.182548598484,,3,False,3,False,True,False,True,"market_above_ma60, avoid_chase, adx_trending",,close_below_ema20,-149.7,16.3,16.3,38.7,-0.48,False,1355.0,D
2026-08-10,35.2,37.95,35.2,36.95,1645958,60466667,3094,聯傑,,-0.5744953303850338,-0.6725508475586237,0.0980555171735899,35.9769733323126,35.14411658526042,32.4302393434933,52.03665208480297,18.47893216919812,2.655281964842364,3000477.75,112519779.5,40.95,30.75,-0.5824606720725158,0.1374211352009572,0.051209103840683,0.0602582496413199,34.85,0.2553141430242136,40.90268148947438,36.01249999999995,31.12231851052552,0.5958553380910213,0.2715824499534571,88.02395209580838,75.35358730391938,35.770000000000074,34.41000000000004,63579215.0,57282131.05,-31.30841121495323,21.34213421342124,67.44525461738269,39.7375,35.625,,,,0.0,0.0,0.0,0.0,0.0,0.0,,0.0,0.0,0.7409,0.237,0.0,3.11,0.05,0,False,0,True,True,True,True,0.5485653076414247,False,False,False,False,False,True,False,False,False,True,False,False,False,False,False,False,True,True,-20.0,0.0,10.825439783491204,0.0,0.5719712100881957,False,False,False,False,False,False,False,-1.0,False,7,False,False,487.34930759747255,,3,False,3,False,False,False,False,"macd_golden_cross, ema60_gt_ema120, market_above_ma60, liquidity_ok, hist_turn_positive, obv_uptrend, mfi_strong",,,127.5,74.2,74.2,38.7,-0.54,False,1355.0,D
2026-08-10,25.3,25.85,22.35,22.55,2274399,53450083,3066,李洲,,-0.3534547790939761,-0.5062311045265561,0.1527763254325799,22.35254268312967,22.058447565158275,20.578232660772183,50.29544575487587,19.3891757059414,1.7456430906914249,659629.85,14996598.1,26.3,18.85,-0.5800167679490119,0.1976354040388592,0.1135802469135802,-0.0584551148225469,23.95,2.5774005107703752,25.500434918432088,22.19500000000003,18.88956508156797,0.5536994387668003,0.2978540138258216,52.85714285714285,73.34331120847976,22.56000000000004,21.23000000000001,24866267.0,26271703.4,-47.14285714285715,68.3367304446929,50.4032061062825,22.8875,21.3,,,,-489000.0,0.0,0.0,0.0,-386.0,0.0,,0.0,0.0,0.4995,0.1575,0.0,0.0,0.0,0,False,0,False,False,True,True,3.447992840226985,True,False,False,False,False,False,False,False,False,False,False,False,False,False,False,False,True,True,0.0,0.0,16.62971175166297,0.0,-0.344977816146236,False,False,False,False,True,True,False,-1.0,False,4,True,False,305.340194608515,,3,False,3,False,False,False,False,"ema60_gt_ema120, volume_break, market_above_ma60, mfi_strong","open_high_close_low, gap_chase_after_blowout",,-54.5,37.2,37.2,38.7,2.79,False,1355.0,D
2026-08-10,26.15,26.45,26.0,26.15,265776,6951834,3071,協禧,,-1.0889118523281738,-1.3668890094295083,0.2779771571013345,26.635749167462045,28.53953286055739,28.20495460607439,40.770810486426775,27.98064911385069,1.2008001944038074,248368.95,6402633.5,29.6,24.2,-0.3244092894361338,-0.4564859432850947,0.0135658914728682,0.0057692307692307,26.0,0.4275567930074322,28.08458329077457,26.04499999999998,24.005416709225383,0.5257405521203651,0.1566199493779685,83.33333333333327,81.34920634920672,26.089999999999964,25.495000000000072,29205863.0,29792022.65,-19.540229885057496,10.175763182238288,48.34102376289782,32.875,32.125,,,,9000.0,1.0,0.0,0.0,-131.0,0.0,,0.0,0.0,0.4838,0.0358,0.0,0.0,0.0,0,False,0,False,False,False,True,1.070085451502694,False,False,True,False,True,False,False,False,False,False,False,False,False,False,False,False,False,True,-20.0,0.0,13.193116634799246,0.0,-0.1600590648011217,False,False,False,False,False,False,False,-1.0,False,4,False,False,293.7801457374135,,3,False,3,False,True,False,True,"ema60_gt_ema120, market_above_ma60, avoid_chase, adx_trending",,close_below_ema20,-66.1,34.2,34.2,38.7,0.06,False,1355.0,D
2026-08-10,18.0,18.0,18.0,18.0,2000,36000,3067,全域,,-0.1714623642724895,-1.1230977972915397,0.95163543301905,10.755505888983876,12.49042974333516,13.31498703856292,53.08787472537996,8.833192734132446,8.634809321874869,4412.2,79493.05,18.55,0.0,,,inf,inf,0.0,0.0,27.91670674000938,9.9375,-8.041706740009381,0.724217344974915,3.618456702391825,97.03504043126684,64.9595687331536,14.560000000000036,9.075,327187.0,322158.2,-2.9649595687331574,60.09783368273936,87.33863200486545,9.7,9.825,,,,-1000.0,0.0,0.0,0.0,0.0,0.0,,0.0,0.0,-0.5956,-0.3282,0.0,0.0,0.0,0,False,0,False,False,True,False,0.4532886088572594,False,False,False,False,False,False,False,False,False,True,False,False,False,False,True,False,True,True,-20.0,0.0,3.05555555555556,8.0,0.1770150713354877,False,False,True,False,False,False,False,-1.0,False,5,False,False,249.65706694459843,,3,False,3,False,False,False,False,"market_above_ma60, obv_uptrend, williams_r_recovery, mfi_strong, above_ichimoku_cloud",,,-110.2,24.6,24.6,38.7,-0.65,False,1355.0,C
2026-08-10,22.1,22.2,22.05,22.1,24183,534836,3073,天方能源,,0.051685887313603,-0.0003169361043394,0.0520028234179424,21.85581471974057,22.34132722477482,24.639397960928488,53.73079482690229,20.681695561605416,0.6352485495754918,59293.0,1283852.65,22.2,21.2,0.0490006745179365,0.1108070647953909,0.0137614678899082,0.0,22.1,1.4376565525719232,22.33554518431165,21.78500000000004,21.234454815688423,0.7860800611614045,0.0505435101502512,80.00000000000007,86.66666666666667,22.040000000000145,21.79499999999989,-3316112.0,-3230345.5,-19.99999999999993,99.27108642832316,53.83593360630584,22.325,24.4,,,,-1000.0,0.0,0.0,0.0,0.0,0.0,,0.0,0.0,0.3292,0.0647,0.0,0.0,0.0,0,False,0,False,False,False,False,0.4078559020457727,False,False,True,False,True,False,False,False,False,False,False,False,False,False,False,False,True,True,-20.0,0.0,0.4524886877827958,25.0,-0.3360222647906212,False,False,False,False,False,False,False,-1.0,False,4,False,False,305.0462918429703,,5,False,3,False,False,False,False,"market_above_ma60, avoid_chase, adx_trending, mfi_strong",,,-54.8,37.0,37.0,38.7,-0.7,False,1355.0,D
2026-08-10,54.2,54.9,54.0,54.7,1003793,54748389,3078,僑威,,-0.2779857294755388,-0.6564235296103695,0.3784378001348307,53.18449949092646,54.60659312825266,57.61732475224296,55.64970410113421,15.129340168060011,1.4657541480622427,789366.85,41539663.45,55.3,49.8,0.014698914804237,-0.1233861663625385,0.0458891013384321,0.0110905730129389,54.1,0.8921651803457405,55.09307969705522,52.639999999999965,50.18692030294471,0.91988036558146,0.0932021161495159,96.19047619047628,95.60870326080658,53.58000000000029,52.4,-101988816.0,-102304640.7,-3.809523809523729,139.71563981042698,51.88124272941284,54.95,56.05,,,,471139.0,8.0,0.0,0.0,91372.0,4.0,,0.0,0.0,-0.576,-0.182,0.0,0.0,0.0,0,False,0,False,False,True,False,1.2716432163321785,False,True,False,False,True,False,True,False,False,True,False,True,False,False,False,True,True,True,-20.0,-25.0,1.0968921389396604,15.0,0.0901971528494387,True,False,False,False,False,False,False,-1.0,False,8,False,False,523.7987979975151,,3,False,3,False,False,False,False,"rsi_strong, market_above_ma60, avoid_chase, foreign_buy_3d, obv_uptrend, dealer_buy_3d, cci_momentum, mfi_strong",,,163.9,79.0,79.0,38.7,0.29,False,1355.0,D
2026-08-10,2500.0,2535.0,2420.0,2535.0,3274510,8200248945,3081,聯亞,,69.34119678153775,-48.36642652641714,117.70762330795488,1974.0977057734583,2043.147088708173,1902.74542279504,66.63116287140555,22.52815742371192,189.5598665576008,3101197.15,5833946666.75,2375.0,1485.0,1.7916417718938884,-0.844227587052356,0.4162011173184357,0.0997830802603036,2305.0,2.0013501043135125,2425.84034492052,1814.25,1202.659655079481,1.0892424610575455,0.6742073528130295,98.19004524886878,91.85520361990956,2268.0,1949.5,58718796.0,64218493.35,-1.8099547511312213,194.2196808956977,64.0522279079869,2341.25,2570.0,,,,-314262.0,0.0,286900.0,3.0,38683.0,7.0,,0.0,0.0,1.2814,0.0375,0.0,0.0,0.0,0,False,0,False,False,True,True,1.055885789137914,False,True,True,True,False,True,False,False,False,False,True,True,False,False,False,False,True,True,-20.0,-25.0,-6.31163708086785,25.0,-0.2934661144204695,False,True,False,False,False,True,False,-1.0,False,9,True,False,597.0372645183335,,3,False,3,False,False,False,False,"ema60_gt_ema120, rsi_strong, breakout_20d, market_above_ma60, liquidity_ok, adx_trending, invest_trust_buy_2d, dealer_buy_3d, mfi_strong",gap_chase_after_blowout,,237.2,86.9,86.9,38.7,0.05,False,1355.0,C
2026-08-10,11.75,11.75,11.75,11.75,4263,49957,3085,新零售,,0.9236965376113152,-0.0278924501039578,0.951588987715273,8.797085084780829,9.344341379335075,10.527486155424825,53.44326793618968,13.05060828317397,3.5316391633481143,2939.3,34208.5,12.4,0.0,,,-0.0524193548387097,0.0,11.75,1.7190238640959956,19.25176842238796,7.800000000000023,-3.651768422387907,0.6724624465981089,2.936350877535358,94.75806451612902,94.7580645161288,11.870000000000072,9.595000000000027,-357233.0,-357239.75,-5.24193548387097,49.031043444451264,74.1547758381036,6.475,7.1,,,,0.0,0.0,0.0,0.0,0.0,0.0,,0.0,0.0,0.3586,-0.0802,0.0,0.0,0.0,0,False,0,False,False,True,False,1.4503453203143604,False,False,False,False,True,False,False,False,False,True,False,False,False,False,False,False,True,True,-20.0,0.0,5.531914893617024,0.0,0.0001097046274714,False,False,True,False,False,False,False,-1.0,False,5,False,False,304.50476965867324,,3,False,3,False,False,False,False,"market_above_ma60, avoid_chase, obv_uptrend, mfi_strong, above_ichimoku_cloud",,,-55.3,36.8,36.8,38.7,0.5,False,1355.0,C
2026-08-10,138.0,149.5,138.0,146.0,3032019,434834838,3088,艾訊,,-1.0382450607514215,-1.891259542655205,0.8530144819037835,135.01093798718207,131.86147214082476,120.4885950918444,57.67236447158457,17.404425598665014,9.335905223902987,2766933.05,380052725.75,154.0,118.0,-0.2436269731412919,-0.0576282611338858,0.1918367346938776,0.0695970695970695,136.5,0.7036422820468189,154.2538655942575,134.85,115.44613440574253,0.7873138845926608,0.2877844359548756,90.14084507042251,75.09745340731267,134.5,129.95,51816991.0,44809135.65,-28.88888888888889,85.58855885588576,68.52719742373074,139.5,123.2,,,,491608.0,2.0,0.0,0.0,-16600.0,0.0,,0.0,0.0,0.4837,-0.0638,0.0,0.0,0.0,0,False,0,True,True,True,True,1.0958049743921343,False,True,False,False,False,True,False,False,False,True,False,False,False,False,False,False,True,True,-20.0,0.0,5.47945205479452,0.0,2.0,True,False,True,False,False,False,False,-1.0,False,9,False,False,669.9580497439214,,3,False,3,False,False,False,False,"macd_golden_cross, ema60_gt_ema120, rsi_strong, market_above_ma60, liquidity_ok, hist_turn_positive, obv_uptrend, mfi_strong, above_ichimoku_cloud",,,310.1,91.2,91.2,38.7,0.09,False,1355.0,D
2026-08-10,48.0,48.55,47.45,48.0,234291,11228680,3093,港建*,,-3.168957313062627,-3.976194011849307,0.8072366987866797,48.80579854547591,53.27829174549974,50.36664957348017,44.7160175716494,32.434710024806144,3.31285995092457,782506.45,36844836.75,54.3,40.1,-0.5080905780546038,-0.3406193129479111,0.0971428571428572,0.0126582278481013,47.4,0.4798841605063267,52.825371695993965,46.93999999999996,41.05462830400596,0.5900537854492307,0.2507614697909675,87.56756756756758,86.53536515238677,47.240000000000144,45.10500000000011,51428989.0,51627720.1,-24.29906542056075,28.032692859191258,54.865400991378536,67.0,62.75,,,,42000.0,1.0,0.0,0.0,1029.0,1.0,,0.0,0.0,0.9231,0.7937,0.0,0.0,0.0,0,False,0,False,False,False,True,0.2994109505423246,False,False,True,False,False,False,False,False,False,False,False,False,False,False,False,False,True,True,-20.0,0.0,13.124999999999996,0.0,-0.0230214275091071,False,False,False,False,False,False,False,-1.0,False,4,False,False,297.71785237531395,,8,False,3,False,True,False,True,"ema60_gt_ema120, market_above_ma60, adx_trending, mfi_strong",,close_below_ema20,-62.1,35.0,35.0,38.7,-0.82,False,1355.0,X
2026-08-10,379.0,401.0,374.0,385.5,25703158,9989299058,3105,穩懋,,-14.758928386621903,-26.650565261330968,11.891636874709064,358.92447258742567,399.41973576979086,382.1112556118176,53.22315113069234,19.330962984232595,33.13425993404459,20629975.9,7135077299.55,403.0,268.0,-0.1330177142894021,-0.8948666890057735,0.2395498392282957,0.0532786885245901,366.0,1.1938351725453624,411.2465663564232,343.9,276.5534336435768,0.8088501927465558,0.3916636601129583,88.84892086330935,86.08285927004484,370.3,333.9,393507493.0,341964222.65,-11.151079136690647,97.9433681073025,51.89747946069378,489.75,518.0,,,,1908929.0,1.0,21591.0,3.0,-320847.0,0.0,,0.0,0.0,0.2955,0.007,0.0,0.0,0.0,0,False,0,False,False,False,True,1.2459131374942616,False,False,False,False,False,True,False,False,False,True,True,False,False,False,False,False,True,True,-20.0,-12.0,4.539559014267185,0.0,0.4792550355647301,False,True,False,True,False,False,False,-1.0,False,6,True,False,451.21019180171936,,3,False,3,False,False,False,False,"ema60_gt_ema120, market_above_ma60, liquidity_ok, obv_uptrend, invest_trust_buy_2d, mfi_strong",long_upper_shadow,,91.4,68.5,68.5,38.7,0.27,False,1355.0,D
2026-08-10,38.9,38.9,38.5,38.5,3438,133490,3095,及成,,-0.750085299067571,-1.35136474953468,0.6012794504671088,36.12044000835881,37.5656190665217,36.53623589046096,51.657223294889214,11.597417478273004,4.878080214427012,10047.85,380508.0,40.3,0.0,,,inf,-0.0228426395939086,39.4,0.1045854789006038,53.13340576455428,36.35499999999983,19.57659423544539,0.5639214485005372,0.9230315370405456,97.71573604060914,99.23857868020302,38.49999999999964,34.174999999999635,723553.0,714321.9,-2.28426395939086,42.05553899424434,50.456549678768646,40.75,42.0,,,,-2000.0,0.0,0.0,0.0,-3.0,0.0,,0.0,0.0,0.2967,0.1574,0.0,0.0,0.0,0,False,0,False,False,True,True,0.3421627512353389,False,False,False,False,False,False,False,False,False,True,False,False,False,False,False,False,True,True,-20.0,0.0,4.675324675324668,0.0,0.088265740254539,False,False,False,False,False,False,False,-1.0,False,4,False,False,274.4808163954078,,3,False,3,False,False,False,False,"ema60_gt_ema120, market_above_ma60, obv_uptrend, mfi_strong",,,-85.4,29.0,29.0,38.7,-0.77,False,1355.0,C
2026-08-10,9.29,9.29,8.68,9.0,20094,178072,3115,富榮綱,,-0.0949957202286446,-0.6315948449720052,0.5365991247433606,5.892853444697822,6.792513059397402,7.83466480994106,54.05641613802274,12.538443153832082,2.89284743565584,7055.4,63365.0,9.5,0.0,,,inf,-0.0312163616792249,9.29,0.5033088508662498,14.479578811738252,6.259000000000015,-1.961578811738223,0.6667157546185244,2.626802623977702,96.5665236051502,96.66704627839074,7.318000000000029,3.659000000000016,-265798.0,-280686.6,-6.347554630593127,48.319973516823936,77.60809616864874,4.695,5.6,,,,2000.0,2.0,0.0,0.0,0.0,0.0,,0.0,0.0,3.1744,-0.0061,0.0,0.0,0.0,0,False,0,False,False,True,False,2.8480312951781617,True,False,False,False,False,False,False,False,False,True,False,False,False,False,False,False,True,True,-20.0,0.0,5.555555555555555,0.0,0.1828370543060037,True,False,True,False,False,False,False,-1.0,False,5,False,False,340.6743576034537,,3,False,3,False,False,False,False,"volume_break, market_above_ma60, obv_uptrend, mfi_strong, above_ichimoku_cloud",,,-19.2,45.4,45.4,38.7,2.11,False,1355.0,C
2026-08-10,38.3,39.5,37.5,37.5,1647070,62936931,3114,好德,,-1.0375503896330471,-2.0919894124882736,1.0544390228552265,34.88089892115269,35.574235537983654,33.17301519701756,55.023027030788526,31.749145616375312,2.4501681866302,961528.25,33709819.85,38.8,28.5,-0.0548054444579359,0.1139035067570137,0.2315270935960591,-0.0335051546391751,38.8,5.788158079650958,38.98937228843058,33.15499999999997,27.32062771156936,0.8723622512584633,0.3519452443631798,80.65843621399176,90.67215363511666,35.610000000000035,32.610000000000035,40480217.0,35918719.5,-19.34156378600824,139.90910777221282,70.84825021740866,47.275,42.0,,,,-179900.0,0.0,0.0,0.0,14636.0,3.0,,0.0,0.0,-0.1621,-0.096,0.0,0.0,0.0,0,False,0,False,False,True,True,1.7129709917519325,True,True,True,False,False,False,False,False,False,True,False,True,False,False,False,False,True,True,-20.0,-12.0,3.466666666666659,8.0,0.3196680927891983,False,False,False,False,False,False,False,-1.0,False,8,False,False,511.96572703098974,,8,False,3,False,False,False,False,"ema60_gt_ema120, volume_break, rsi_strong, market_above_ma60, adx_trending, obv_uptrend, dealer_buy_3d, mfi_strong",,,152.1,77.2,77.2,38.7,0.8,False,1355.0,C
2026-08-10,24.05,25.55,24.05,25.3,34547,870623,3122,笙泉,,-1.2381022381150435,-1.5015226962655002,0.2634204581504564,25.92033182423366,28.23955590051344,28.31094850380988,42.27845556013621,22.24004334222683,1.3201202756950965,101475.85,2587135.25,29.5,22.7,-0.641192720821474,-0.6354277539204497,0.030549898167006,0.012,25.0,0.8322189956021614,28.56023391513607,25.527499999999964,22.49476608486386,0.4624925881455456,0.2376052425921935,70.52631578947371,73.42633692665429,25.32000000000007,24.48000000000001,14039902.0,14204306.1,-46.399999999999984,-35.39500091224219,43.05595367040163,32.025,33.8,,,,-4334.0,0.0,0.0,0.0,-90.0,0.0,,0.0,0.0,-0.0091,-0.0274,0.0,0.0,0.0,0,False,0,False,False,False,False,0.3404455345779316,False,False,True,False,True,False,False,False,False,False,False,False,False,False,False,False,False,True,-10.0,0.0,16.60079051383399,0.0,-0.1581699958419096,False,False,False,False,False,False,False,-1.0,False,3,False,False,181.5064153956764,,3,False,3,False,True,False,True,"market_above_ma60, avoid_chase, adx_trending",,close_below_ema20,-178.3,10.1,10.1,38.7,-0.77,False,1355.0,D
2026-08-10,190.0,192.0,188.0,189.5,1321286,250275106,2645,長榮航太,,-2.586900423488288,-1.055014736674901,-1.531885686813387,195.1067605601233,188.05591221682872,176.93999189239707,46.414687013797696,21.66443356926168,10.784580289289432,4903150.15,1035113619.65,251.5,176.0,-1.2121867312628714,0.5154447174582258,0.0271002710027099,-0.0181347150259066,193.0,0.2177198410859975,238.0575424898317,200.475,162.89245751016824,0.3539880583788422,0.3749349543816611,60.0,70.66666666666667,192.2,187.2,190284468.0,197074916.75,-67.3913043478261,-48.86397373430432,32.050410838234114,187.25,179.75,,,,0.0,0.0,0.0,0.0,0.0,0.0,,0.0,0.0,0.1301,0.0808,0.0,10.96,0.14,0,False,0,False,False,True,True,0.2694769606433529,False,False,True,False,True,True,False,False,False,False,False,False,False,False,False,False,False,True,0.0,0.0,32.71767810026385,0.0,-0.4758057644025551,False,False,True,True,False,False,False,-1.0,False,6,True,False,426.9851004336029,,3,False,3,False,True,False,True,"ema60_gt_ema120, market_above_ma60, avoid_chase, liquidity_ok, adx_trending, above_ichimoku_cloud",long_upper_shadow,close_below_ema20,67.1,64.6,64.6,38.7,-0.86,False,1355.0,X
2026-08-10,145.0,147.5,144.5,147.0,31599,4614751,2640,大車隊,,-2.6076898263765145,-2.837420234374484,0.2297304079979696,148.14888573832886,153.15828454587208,152.2615513961099,45.49607090917456,18.2604768929204,3.7315605346500296,41064.2,5994151.5,161.0,143.0,-0.3719132523068478,-0.2031839492444227,0.0,0.0173010380622837,144.5,0.2310607338980681,158.26677704133806,148.2,138.13322295866192,0.4403980044917889,0.1358539411786514,84.61538461538461,65.01831501831475,145.7,145.45,-271458.0,-195433.85,-45.0,-32.345407976582486,46.74274653912221,155.375,170.25,,,,7000.0,1.0,0.0,0.0,871.0,1.0,,0.0,0.0,0.1478,0.0482,0.0,0.0,0.0,0,False,0,False,False,False,True,0.769502388942193,False,False,False,False,True,False,False,False,False,False,False,False,False,False,False,False,False,True,-20.0,0.0,9.523809523809524,0.0,-0.6075594160787197,False,False,False,False,False,False,False,-1.0,False,3,False,False,185.40431089647728,,3,False,3,False,True,False,True,"ema60_gt_ema120, market_above_ma60, avoid_chase",,close_below_ema20,-174.4,10.7,10.7,38.7,-0.28,False,1355.0,D
2026-08-10,62.8,62.9,62.8,62.8,3155,198190,2949,欣新網,,-5.584446862366178,-6.476538710746928,0.8920918483807494,50.654865359046326,57.06713495757476,56.69535276873652,51.57058808969348,14.89546132722419,24.220811107191743,23390.6,1662603.35,75.7,0.0,,,inf,0.0380165289256198,60.5,0.093964375423505,104.0773433992794,51.69499999999998,-0.6873433992794489,0.6059994578264016,2.026592258411044,99.84101748807632,64.64373988845666,48.53999999999978,42.17999999999993,233299.0,292382.05,-4.5592705167173255,35.76030927835052,51.39631301459896,67.55,35.25,,,,0.0,0.0,0.0,0.0,0.0,0.0,,0.0,0.0,0.3179,0.1225,0.0,0.0,0.0,0,False,0,True,True,True,True,0.1348832436961856,False,False,False,False,False,False,False,False,False,False,False,False,False,False,False,False,True,True,-20.0,0.0,20.54140127388536,0.0,-0.4425189232408371,False,False,False,False,False,False,False,-1.0,False,5,False,False,296.03860535807183,,3,False,3,False,False,False,False,"macd_golden_cross, ema60_gt_ema120, market_above_ma60, hist_turn_positive, mfi_strong",,,-63.8,34.5,34.5,38.7,-1.01,False,1355.0,X
2026-08-10,59.3,59.5,59.2,59.4,25988,1540370,2496,卓越,,-0.9480340346730642,-1.1047931281069414,0.1567590934338771,60.04480213441678,62.28623108783731,64.13251302117784,39.27390875432424,38.99775260467082,0.9422151603343808,29162.65,1730811.95,61.5,58.0,-0.1901094585153711,-0.1933557256303197,-0.0016806722689075,0.0033783783783782,59.2,1.264,61.6639263592697,59.79000000000015,57.9160736407306,0.3959404146083495,0.0626836045917226,64.51612903225804,59.13978494623613,59.46000000000058,59.05,-1271621.0,-1202953.7,-35.483870967741964,-35.12880562060823,39.79460174040263,64.75,64.85,,,,0.0,0.0,0.0,0.0,0.0,0.0,,0.0,0.0,-0.0901,-0.1322,0.0,23.35,0.01,0,False,0,False,False,False,False,0.8911398655471982,False,False,True,False,True,False,False,False,True,False,False,False,False,False,False,False,False,True,0.0,0.0,3.535353535353538,0.0,-0.41018830568755,False,False,False,False,False,False,False,-1.0,False,4,False,False,303.9891389872214,,5,False,3,False,True,False,True,"market_above_ma60, avoid_chase, adx_trending, kd_golden_cross",,close_below_ema20,-55.9,36.5,36.5,38.7,-0.14,False,1355.0,D
2026-08-10,47.9,48.4,47.5,48.25,270577,12991245,2497,怡利電,,-3.0705630992823743,-3.160199852964949,0.0896367536825746,50.37257132326837,54.2402752625012,53.57501769184172,41.054462447123086,27.12171890466484,2.7350837100167817,808113.05,39399435.4,61.6,42.8,-1.425406004166135,-0.403110389895599,0.0569550930996713,0.0157894736842105,47.5,0.9232425192242136,61.0606141821773,50.78749999999982,40.51438581782233,0.3764980143799994,0.4045528597460999,77.5862068965517,69.6470348896346,47.509999999999856,46.19499999999989,15222756.0,14899458.1,-51.086956521739125,-43.71624054735321,53.52526310519999,59.9,60.8,,,,0.0,0.0,0.0,0.0,0.0,0.0,,0.0,0.0,0.5252,0.127,0.0,3.56,0.18,0,False,0,True,True,False,True,0.3348256781647072,False,False,True,False,False,False,False,False,False,True,False,False,False,False,False,False,True,True,-10.0,0.0,27.668393782383426,0.0,0.13473923131034,False,False,False,False,False,False,False,-1.0,False,7,False,False,529.9651275573711,,3,False,3,False,True,False,True,"macd_golden_cross, ema60_gt_ema120, market_above_ma60, hist_turn_positive, adx_trending, obv_uptrend, mfi_strong",,close_below_ema20,170.1,80.0,80.0,38.7,-0.78,False,1355.0,D
2026-08-10,22.2,22.2,21.9,22.2,1895123,41837843,2501,國建,,-0.4016174803240204,-0.432651973788908,0.0310344934648875,22.54731385680413,23.155462687855227,23.17173551496528,43.77794615163543,25.044749046491347,0.5980817762260783,2954202.25,65658426.65,23.5,22.0,-0.047132525690283,-0.0596277087679596,-0.0198675496688741,0.0068027210884353,22.05,0.3431880902944381,22.89387990866527,22.3224999999999,21.751120091334528,0.3928033711527985,0.0511931825436553,50.0,38.333333333333336,22.15,22.234999999999854,5112102.0,8171969.3,-54.54545454545461,-84.00000000000055,32.50343521126166,24.9875,25.0,,,,0.0,0.0,0.0,0.0,0.0,0.0,,0.0,0.0,-0.7158,0.2743,0.0,12.21,0.0,0,False,0,False,False,False,False,0.6415007638695015,False,False,True,False,True,True,False,False,True,False,False,False,False,False,False,False,False,False,0.0,0.0,5.855855855855859,0.0,-0.2480791503187741,False,False,False,False,False,False,False,-1.0,False,5,False,False,303.4380578348697,,5,False,3,False,True,False,True,"market_above_ma60, avoid_chase, liquidity_ok, adx_trending, kd_golden_cross",,close_below_ema20,-56.4,36.2,36.2,38.7,-0.43,False,1355.0,D
2026-08-10,30.9,30.95,30.45,30.95,1232464,37969295,2504,國產,,-0.5635798432818611,-0.5962515372939182,0.0326716940120571,31.37419000330827,32.87428720342155,34.19840845700432,43.16377460421602,25.092438581825068,0.7158131797697711,2566075.1,79904509.0,31.9,30.35,-0.0891104172828373,-0.2850636660350697,-0.0174603174603175,0.0065040650406504,30.75,2.0176843220713137,32.22523493474885,31.227499999999964,30.22976506525108,0.3609350087206242,0.0639010445760233,39.0243902439024,26.097560975609667,30.640000000000143,31.050000000000185,-104894149.0,-109532257.05,-60.9756097560976,-77.95131560433357,32.5355352954944,34.037499999999994,34.9,,,,0.0,0.0,0.0,0.0,0.0,0.0,,0.0,0.0,-0.1857,-0.2199,0.0,6.27,0.07,0,False,0,False,False,False,False,0.4802914770499117,False,False,True,False,True,True,False,False,False,True,False,False,False,False,False,False,False,False,0.0,0.0,3.069466882067849,8.0,0.2341568973936997,False,False,False,False,False,False,False,-1.0,False,5,False,False,310.6127975392235,,5,False,3,False,True,False,True,"market_above_ma60, avoid_chase, liquidity_ok, adx_trending, obv_uptrend",,close_below_ema20,-49.2,38.5,38.5,38.7,-0.61,False,1355.0,D
2026-08-10,18.15,18.2,18.0,18.1,152927,2773168,2505,國揚,,-0.0377860529508495,-0.0770436156330396,0.03925756268219,17.881904406995993,18.0639908232664,18.317970832415845,54.669212449081634,10.361270604314228,0.3556625767776732,262482.35,4678938.8,18.1,17.6,0.0347873810120714,-0.0144245401431037,0.0168539325842695,0.0055555555555555,18.0,1.284677955348781,18.11961752678312,17.817500000000017,17.515382473216917,0.9675332858176096,0.0339124486356783,84.61538461538491,61.53846153846158,17.860000000000035,17.84499999999998,-3410893.0,-3600106.15,-12.499999999999725,197.21718088324383,40.03987174458767,18.6,18.875,,,,0.0,0.0,0.0,0.0,0.0,0.0,,0.0,0.0,-0.6829,1.1262,0.0,3.6,-0.24,0,False,0,False,False,True,False,0.5826182217585297,False,False,False,False,True,False,False,False,False,True,False,False,False,False,False,False,False,True,-20.0,-25.0,0.0,25.0,0.2988774856127843,False,False,False,False,False,False,False,-1.0,False,3,False,False,139.4127120449387,,3,False,3,False,False,False,False,"market_above_ma60, avoid_chase, obv_uptrend",,,-220.4,4.2,4.2,38.7,-0.5,False,1355.0,D
2026-08-10,8.67,8.67,8.6,8.63,48593,418334,2506,太設,,-0.0640463418046177,-0.0586660524330133,-0.0053802893716044,8.677240968109677,8.77287015460028,8.888940533200136,45.08233870668965,28.97639760658324,0.1426048079184828,201802.5,1756289.75,8.95,8.53,-0.1679086021803981,-0.0183502091662695,-0.0034642032332562,0.0034883720930234,8.6,1.1093857886446346,8.896910221537153,8.68950000000002,8.482089778462887,0.3565644461515435,0.0477381256774572,51.61290322580671,41.9354838709678,8.578000000000065,8.616000000000032,-2480561.0,-2100739.3,-48.38709677419329,-54.1044776119417,33.021981303292264,8.8475,8.780000000000001,,,,0.0,0.0,0.0,0.0,0.0,0.0,,0.0,0.0,1.2652,-0.1105,0.0,5.09,-0.04,0,False,0,False,False,False,False,0.2407948365357218,False,False,True,False,True,False,False,False,False,False,False,False,False,False,False,False,False,False,0.0,0.0,3.707995365005776,0.0,-0.6011600420317106,False,False,False,False,False,False,False,-1.0,False,3,False,False,225.1940278609767,,5,False,3,False,True,False,True,"market_above_ma60, avoid_chase, adx_trending",,close_below_ema20,-134.7,19.7,19.7,38.7,-0.89,False,1355.0,X
2026-08-10,13.5,13.9,13.4,13.65,327808,4467535,2509,全坤建,,-0.0234681699380292,-0.0506181108379252,0.027149940899896,13.19609148897043,13.319960940357204,13.610636693259226,60.26248565822261,10.190065015971236,0.3053769305826823,122316.55,1611924.2,13.55,12.95,-0.0595435946926093,0.0697999615127709,0.0459770114942528,0.05,13.0,0.6096810774216471,13.531467421574549,13.190000000000008,12.848532578425468,1.1735635245653686,0.0517767128998544,76.1904761904762,42.06349206349236,13.189999999999964,13.13000000000002,-6160449.0,-6164708.85,-23.809523809523792,257.11035267349126,50.601121788983946,13.6,13.55,,,,0.0,0.0,0.0,0.0,0.0,0.0,,0.0,0.0,0.0568,-0.0002,0.0,1.34,-0.02,0,False,0,True,True,True,False,2.6799971058699743,True,True,False,True,True,False,False,False,True,True,False,False,True,True,False,True,True,True,-10.0,-25.0,-0.73260073260073,25.0,0.0083377646137948,False,False,True,False,False,False,False,-1.0,False,14,False,False,1016.9000242340652,,3,False,3,False,False,False,False,"macd_golden_cross, volume_break, rsi_strong, breakout_20d, market_above_ma60, avoid_chase, hist_turn_positive, kd_golden_cross, obv_uptrend, bb_squeeze_breakout, breakout_volume_confirm, cci_momentum, mfi_strong, above_ichimoku_cloud",,,657.0,99.0,99.0,38.7,1.91,False,1355.0,D
2026-08-10,12.35,12.35,12.15,12.25,82667,1010155,2514,龍邦,,-0.208648450663567,-0.1671800496992875,-0.0414684009642795,12.64056662228719,13.01320725703024,13.423219309606797,30.83432362540981,21.441880768598303,0.2470143289510988,139488.75,1757898.95,12.95,12.15,-0.2661857650184133,-0.112114733610447,-0.0277777777777777,0.0,12.25,0.9168860680004124,13.13299423706317,12.677499999999986,12.222005762936805,0.0307295183839109,0.0718586846086663,24.999999999999943,20.37037037037044,12.330000000000018,12.53000000000002,-4276485.0,-3744903.0,-77.77777777777783,-170.9844559585491,32.57627840973272,13.375,13.425,,,,0.0,0.0,0.0,0.0,0.0,0.0,,0.0,0.0,-0.1462,-0.0846,0.0,2.29,-0.02,0,False,0,False,False,False,False,0.5926427758510991,False,False,True,False,True,False,False,False,False,False,False,False,False,False,False,False,False,False,10.0,25.0,5.714285714285708,0.0,-0.4024971972641754,False,False,False,False,False,False,False,-1.0,False,3,False,False,181.09646139134088,,5,False,3,False,True,False,True,"market_above_ma60, avoid_chase, adx_trending",,close_below_ema20,-178.8,9.9,9.9,38.7,-0.49,False,1355.0,D
2026-08-10,12.0,12.1,11.9,11.95,9168721,109961482,2515,中工,,-0.330418689853122,-0.3456131265642939,0.0151944367111718,12.226606703124592,12.787745473167025,13.084852045311411,40.31275190752972,13.542683075047153,0.3999701811869611,8940238.25,110261409.6,13.9,11.65,-0.5561332514284333,-0.1194170372025187,-0.008298755186722,0.0,11.95,0.4729781492163473,13.32654403828294,12.20250000000001,11.078455961717076,0.387682336545406,0.1842317620623529,59.09090909090898,56.0606060606054,11.929999999999929,11.85999999999999,452030523.0,465665984.55,-48.000000000000114,-39.80099502487536,40.79969916231686,13.2,13.275,,,,0.0,0.0,0.0,0.0,0.0,0.0,,0.0,0.0,-0.1432,-0.3254,0.0,7.47,-0.16,0,False,0,False,False,False,False,1.0255566735036397,False,False,False,False,True,True,False,False,False,False,False,False,False,False,False,False,False,True,0.0,0.0,16.317991631799174,0.0,-0.5958460832095982,False,False,False,False,False,False,False,-1.0,False,3,False,False,138.1054137365212,,3,False,3,False,True,False,True,"market_above_ma60, avoid_chase, liquidity_ok",,close_below_ema20,-221.7,4.1,4.1,38.7,0.01,False,1355.0,D
2026-08-10,8.35,8.36,8.32,8.35,856888,7146236,2511,太子,,0.0147122252535591,0.0489072591142128,-0.0341950338606536,8.40817831173534,8.280142686581307,8.258320469697248,48.1653754140253,27.61101506312989,0.1612325016219331,1999083.9,16916328.3,8.64,8.22,-0.1284729881189125,0.20167320893961,-0.0176470588235294,0.0,8.35,0.3190703360264935,8.67877558326595,8.465000000000009,8.251224416734068,0.2310263449101501,0.0505081118171152,46.000000000000085,42.66666666666666,8.365999999999985,8.399999999999954,-21134018.0,-22682177.05,-53.99999999999992,-94.28894543398266,40.8666615620792,8.040000000000001,7.92,,,,0.0,0.0,0.0,0.0,0.0,0.0,,0.0,0.0,0.7656,0.7352,0.0,2.67,-0.24,0,False,0,False,False,True,True,0.4286403387071448,False,False,True,False,True,False,False,False,False,True,False,False,False,False,False,False,False,False,0.0,0.0,3.4730538922155803,8.0,0.1674953767876735,False,False,True,False,False,False,False,-1.0,False,6,False,False,459.2963479085236,,5,False,3,False,True,False,True,"ema60_gt_ema120, market_above_ma60, avoid_chase, adx_trending, obv_uptrend, above_ichimoku_cloud",,close_below_ema20,99.4,69.8,69.8,38.7,-0.67,False,1355.0,D
2026-08-10,14.25,14.25,14.05,14.1,134379,1896504,2516,新建,,0.0809942719521448,0.0992636576022681,-0.0182693856501233,13.939885106680563,13.72596037800604,13.811606789024978,56.001441880371296,53.68000763398474,0.3121156205097702,268461.1,3832277.25,14.5,13.85,-0.018291331642637,0.2345186064261784,0.010752688172043,0.0035587188612098,14.05,0.2022491941575515,14.307175030545189,13.989999999999986,13.672824969454783,0.6734058318067015,0.0453431065825879,66.66666666666653,44.0740740740736,13.96999999999998,13.95999999999999,-3566008.0,-3682400.75,-40.00000000000021,100.55096418732772,54.71893793288034,13.425,13.2,,,,0.0,0.0,0.0,0.0,0.0,0.0,,0.0,0.0,-0.1162,-0.1059,0.0,2.58,-0.02,0,False,0,False,False,True,False,0.5005529665191717,False,True,True,False,True,False,False,False,False,True,False,False,False,False,False,True,True,True,0.0,0.0,2.836879432624116,8.0,0.0496370644895936,False,False,True,False,False,False,False,-1.0,False,8,False,False,563.6011744390669,,10,False,3,False,False,False,False,"rsi_strong, market_above_ma60, avoid_chase, adx_trending, obv_uptrend, cci_momentum, mfi_strong, above_ichimoku_cloud",,,203.8,83.2,83.2,38.7,-0.59,False,1355.0,D
2026-08-10,33.3,35.25,33.3,34.85,3265998,113218600,2520,冠德,,0.0097063411544411,0.1441850678901155,-0.1344787267356744,34.76626018536248,33.96776082524573,33.61414069973641,51.69159043189172,14.99673551563348,0.9633134389697622,1759768.2,61922244.35,36.35,34.1,-0.2389113615452078,0.2694469065190873,0.0043227665706051,0.0043227665706051,34.7,0.9623505396125096,36.27969463745495,35.08250000000025,33.88530536254555,0.4028979947260047,0.068250246559093,64.58333333333336,40.04629629629684,34.41000000000022,34.62000000000025,-21551059.0,-22033593.35,-40.38461538461525,-72.58587167854769,31.23899345202129,33.725,32.925,,,,0.0,0.0,0.0,0.0,0.0,0.0,,0.0,0.0,0.5231,0.4512,0.0,12.21,-0.13,0,False,0,False,False,True,True,1.8559251155919283,True,False,False,False,True,True,False,False,False,True,False,False,False,False,False,False,False,False,0.0,0.0,4.30416068866571,0.0,0.0717079398916194,False,False,True,False,False,False,False,-1.0,False,7,False,False,484.41974643461873,,3,False,3,False,False,False,False,"ema60_gt_ema120, volume_break, market_above_ma60, avoid_chase, liquidity_ok, obv_uptrend, above_ichimoku_cloud",,,124.6,73.7,73.7,38.7,0.97,False,1355.0,D
2026-08-10,34.4,34.4,34.15,34.25,35361,1210902,2524,京城,,-0.4875121547074599,-0.2712687535631428,-0.2162434011443171,35.41726300340762,36.10817976464299,37.28889000321688,41.41760621373264,17.76689532035129,1.1152140721050363,115995.95,4181647.5,38.45,34.05,-0.4393743261847758,0.065182752910101,-0.0379213483146068,0.0029282576866764,34.15,0.6023390366294399,38.08885828430196,35.844999999999985,33.60114171569801,0.1445853975808985,0.1251978398271431,11.538461538461457,7.692307692307319,34.48999999999978,35.08499999999985,10409.0,204691.15,-91.66666666666671,-126.20164321591304,42.23094098707124,36.65,36.4,,,,0.0,0.0,0.0,0.0,0.0,0.0,,0.0,0.0,-0.2793,-0.1262,0.0,0.87,-0.02,0,False,0,False,False,False,False,0.3048468502564098,False,False,False,False,True,False,False,False,True,False,False,False,False,False,False,False,False,False,20.0,12.0,12.262773722627744,0.0,-0.3387811269177326,False,False,False,False,False,False,False,-1.0,False,3,False,False,170.9830949795513,,3,False,3,False,True,False,True,"market_above_ma60, avoid_chase, kd_golden_cross",,close_below_ema20,-188.9,8.4,8.4,38.7,-0.82,False,1355.0,D
2026-08-10,47.0,47.85,46.55,47.6,1113356,52559070,2527,宏璟,,0.9414970530279874,1.0382118826355853,-0.0967148296075979,44.796288616555,41.35800121676702,37.70549460237456,58.32388308799671,26.127054308944235,2.4985682702882386,1883813.75,87795174.95,50.5,40.55,-0.3220842513613008,0.6155853664446089,0.0566037735849056,0.0106157112526539,47.1,0.7979671026393612,51.81617241419503,45.84499999999989,39.873827585804754,0.6469560647610832,0.2604939432520515,84.57142857142856,82.25396825396881,45.19000000000015,44.08999999999978,26328596.0,23802259.45,-29.523809523809536,40.71976007997343,35.47176526094353,38.9375,37.1,,,,0.0,0.0,0.0,0.0,0.0,0.0,,0.0,0.0,0.0,4.53,0.0,43.9,-0.33,0,False,0,False,False,True,True,0.5910117175861999,False,True,True,False,False,True,False,False,False,True,False,False,False,False,False,False,False,True,-20.0,0.0,6.092436974789913,0.0,0.2788364960700833,False,False,True,False,False,False,False,-1.0,False,7,False,False,469.256155128703,,3,False,3,False,False,False,False,"ema60_gt_ema120, rsi_strong, market_above_ma60, liquidity_ok, adx_trending, obv_uptrend, above_ichimoku_cloud",,,109.4,71.8,71.8,38.7,-0.49,False,1355.0,D
2026-08-10,20.6,21.1,20.05,20.75,323800,6676907,2528,皇普,,-0.4815125320350972,-0.4965830288698454,0.0150704968347481,20.743539997136068,21.76905240625503,23.322251829736828,47.9669468430418,20.55793835019235,0.7790343352786339,477459.05,9962378.25,22.5,19.15,-0.7203606639675281,-0.1148304072735585,0.0641025641025641,0.0072815533980581,20.6,0.9875136996834122,23.52641366337924,20.97249999999999,18.41858633662074,0.4564394045126832,0.2435488056625818,84.44444444444439,70.59259259259306,20.22000000000008,19.78000000000002,-30636467.0,-32129072.35,-50.0,-16.620752984389114,61.941494588161625,21.7375,22.0,,,,0.0,0.0,0.0,0.0,0.0,0.0,,0.0,0.0,-0.0537,-0.0317,0.0,1.46,0.12,0,False,0,True,True,False,False,0.6781733428238506,False,False,True,False,False,False,False,False,False,True,False,False,False,False,False,False,True,True,-20.0,0.0,8.433734939759036,0.0,0.9209457115199512,False,False,False,True,False,False,False,-1.0,False,6,True,False,417.833081966478,,3,False,3,False,False,False,False,"macd_golden_cross, market_above_ma60, hist_turn_positive, adx_trending, obv_uptrend, mfi_strong",long_upper_shadow,,58.0,62.2,62.2,38.7,-0.39,False,1355.0,D
2026-08-10,19.45,19.5,19.2,19.4,596461,11534294,2530,華建,,-0.0385207560674381,0.0356955280221484,-0.0742162840895865,19.67437774724176,20.16299908778887,21.75113098389164,46.95381424952147,19.196075311858745,0.665446492057776,954003.85,18970365.75,21.1,19.25,0.0550819587896738,-0.0090961393502428,-0.0127226463104325,-0.0025706940874036,19.45,0.4314670163560374,20.71029995501513,19.7099999999999,18.709700044984665,0.3450464790857754,0.1015017711836876,17.647058823529377,16.33986928104605,19.389999999999965,19.81499999999988,-29271875.0,-29747418.25,-82.35294117647062,-61.64383561643822,61.155758347783326,19.3375,20.3,,,,0.0,0.0,0.0,0.0,0.0,0.0,,0.0,0.0,-0.9697,-0.9592,0.0,3.33,-0.02,0,False,0,False,False,False,False,0.6252186508471638,False,False,False,False,True,False,False,False,False,True,False,False,False,False,False,False,True,False,20.0,0.0,8.76288659793816,0.0,0.1496500075131085,False,False,False,False,False,False,False,-1.0,False,4,False,False,233.04798659862897,,3,False,3,False,True,False,True,"market_above_ma60, avoid_chase, obv_uptrend, mfi_strong",,close_below_ema20,-126.8,21.5,21.5,38.7,-0.45,False,1355.0,D
2026-08-10,17.15,17.2,17.0,17.15,245407,4201643,2534,宏盛,,-0.0411223360141548,-0.058283544767779,0.0171612087536242,17.107742923008043,17.535763656181874,18.35601733407993,50.11919403105799,11.40179052061598,0.3415791758915433,518418.5,8843512.05,17.4,16.9,0.0156553131045414,-0.1036960538714345,0.0,0.0058651026392959,17.05,0.2831618064865228,17.485094815186454,17.122499999999945,16.759905184813437,0.5379211158685597,0.0423530226528263,61.538461538461455,52.56410256410224,17.039999999999964,17.104999999999926,-46906488.0,-47473272.25,-42.857142857143,18.98734177215432,39.77524357058136,17.5125,18.1,,,,0.0,0.0,0.0,0.0,0.0,0.0,,0.0,0.0,-0.6602,0.2362,0.0,5.61,0.05,0,False,0,False,False,False,False,0.4733762394667629,False,False,False,False,True,False,False,False,False,True,False,False,False,False,False,False,False,False,0.0,0.0,1.457725947521866,15.0,0.2113979039616946,False,False,False,False,False,False,False,-1.0,False,3,False,False,157.27053724220795,,3,False,3,False,False,False,False,"market_above_ma60, avoid_chase, obv_uptrend",,,-202.6,6.1,6.1,38.7,-0.62,False,1355.0,D
2026-08-10,90.1,90.8,88.4,90.5,382577,34407536,2535,達欣工,,0.5195978281034286,0.1672047067448547,0.3523931213585738,88.81775985993497,85.98982446683605,80.8640298763312,55.6288233892798,14.62508368689552,2.6901035130133715,377868.35,33454359.45,93.0,86.3,0.1500643709519056,0.2429122050746062,0.012304250559284,0.0044395116537181,90.1,1.2643048120697529,91.54606595298746,88.1800000000001,84.81393404701275,0.8446159452016846,0.076345338012868,61.16504854368932,67.96116504854338,89.95999999999985,88.65000000000036,27131984.0,26226683.1,-38.83495145631069,105.79837684560248,52.61991766999466,89.675,83.69999999999999,,,,0.0,0.0,0.0,0.0,0.0,0.0,,0.0,0.0,0.1994,0.0767,0.0,7.18,-0.09,0,False,0,False,False,True,True,1.012461085984047,False,True,False,False,True,False,False,False,False,True,False,False,False,False,False,False,True,True,0.0,-12.0,2.7624309392265194,8.0,0.3314399331619813,False,False,True,False,False,False,False,-1.0,False,7,False,False,500.10189005778426,,3,False,3,False,False,False,False,"ema60_gt_ema120, rsi_strong, market_above_ma60, avoid_chase, obv_uptrend, mfi_strong, above_ichimoku_cloud",,,140.3,75.6,75.6,38.7,-0.0,False,1355.0,D
2026-08-10,19.4,20.3,19.4,20.3,2309926,45972412,2536,宏普,,-0.3296531794587238,-0.5541177827319528,0.2244646032732289,18.911367916204,19.90073012054013,21.12574352549717,62.669749720557945,26.62117681114208,0.5842562021718882,1225900.5,23218230.7,19.8,17.9,-0.2800294817623621,-0.1801189640583483,0.1246537396121882,0.0463917525773196,19.4,1.8270530308653736,20.27140840665413,18.737499999999955,17.203591593345777,1.0093198502667555,0.1637260474080513,100.0,74.44444444444464,18.69999999999981,18.39499999999989,-6371503.0,-7132995.45,-0.0,122.0679561726201,49.488668251284885,21.175,20.75,,,,0.0,0.0,0.0,0.0,0.0,0.0,,0.0,0.0,-0.9713,-0.9962,0.0,7.04,-0.19,0,False,0,False,False,True,False,1.884268747749104,True,True,True,True,False,False,False,False,False,True,False,False,False,True,False,True,False,True,-20.0,-25.0,-2.463054187192118,25.0,0.2765965287099466,False,False,False,False,False,False,False,-1.0,False,8,False,False,527.1618458220104,,8,False,3,False,False,False,False,"volume_break, rsi_strong, breakout_20d, market_above_ma60, adx_trending, obv_uptrend, breakout_volume_confirm, cci_momentum",,,167.3,79.5,79.5,38.7,1.0,False,1355.0,D
2026-08-10,11.05,11.1,10.9,11.0,862829,9458035,2537,聯上發,,0.015239719009104,0.0290784165178242,-0.0138386975087201,10.998282597574368,10.835177006705155,10.743040721554724,50.68868943929539,12.3556326761409,0.2672771298579873,935531.9,10289108.5,11.3,10.85,-0.0482615911898488,0.2430291793150864,-0.0045248868778281,-0.0045248868778281,11.05,0.663917200664782,11.22310885195039,11.017499999999997,10.8118911480496,0.4574434664801863,0.0373240484593409,60.00000000000014,60.0,10.96999999999998,10.979999999999972,40885133.0,42411929.6,-45.4545454545454,-28.65761689291212,34.07713722605567,11.0225,10.89,,,,0.0,0.0,0.0,0.0,0.0,0.0,,0.0,0.0,0.5768,1.1367,0.0,3.32,-0.09,0,False,0,False,False,True,True,0.922287096784193,False,False,False,False,True,False,False,False,False,False,False,False,False,False,False,False,False,False,0.0,0.0,2.7272727272727337,8.0,-0.0980082074344263,False,False,False,False,False,False,False,-1.0,False,3,False,False,206.04677247862884,,3,False,3,False,False,False,False,"ema60_gt_ema120, market_above_ma60, avoid_chase",,,-153.8,14.8,14.8,38.7,-0.11,False,1355.0,D
2026-08-10,9.21,9.24,9.13,9.17,339072,3106794,2538,基泰,,-0.1816022263831787,-0.1061014060050443,-0.0755008203781343,9.574935067258652,9.782160130885972,10.031683496928345,27.759849882789126,23.2305972441462,0.1746974056479131,434817.4,4224563.9,10.05,9.15,-0.4266154135797875,0.0072419581292067,-0.0327004219409283,0.0010917030567685,9.16,0.4991103709774939,10.27550973480162,9.672000000000002,9.068490265198385,0.0840995007603174,0.1247952305214262,5.102040816326601,3.9660524403934687,9.222000000000026,9.461000000000013,-14533729.0,-14316370.1,-95.1456310679611,-122.7700693756194,31.20299412486054,9.875,9.81,,,,0.0,0.0,0.0,0.0,0.0,0.0,,0.0,0.0,0.2497,-0.0333,0.0,9.61,-0.24,0,False,0,False,False,False,False,0.7798032001479241,False,False,True,False,True,False,False,False,False,False,False,False,False,False,False,False,False,False,20.0,25.0,9.596510359869146,0.0,-0.1762203854877819,False,False,False,False,False,False,False,-1.0,False,3,False,False,265.68338737562584,,5,False,3,False,True,False,True,"market_above_ma60, avoid_chase, adx_trending",,close_below_ema20,-94.2,27.2,27.2,38.7,-0.27,False,1355.0,D
2026-08-10,43.75,43.75,42.65,42.85,1108813,47687605,2539,櫻花建,,0.9138453543564538,0.80769703289966,0.1061483214567937,41.708381576212886,40.95443205827504,42.530307646568254,59.686586641656085,28.979520551565265,1.1903946032466768,1339602.45,55887174.65,43.35,41.15,0.405186699500621,0.2765310502723742,0.0106132075471698,-0.0103926096997689,43.3,0.5847879399817922,43.899358886544526,41.55999999999985,39.22064111345518,0.7757165664960305,0.1125774247615342,70.96774193548393,79.7009959457082,42.75,42.55499999999993,-51339799.0,-51229645.7,-22.499999999999964,104.18711154726928,70.11209287731191,37.825,40.025000000000006,,,,0.0,0.0,0.0,0.0,0.0,0.0,,0.0,0.0,0.7955,-0.6424,0.0,2.35,0.06,0,False,0,False,False,True,False,0.8277179546812564,False,True,True,False,True,True,False,False,False,False,False,False,False,False,False,False,True,True,-10.0,0.0,1.166861143523921,15.0,-0.0429882974614779,False,False,True,False,False,False,False,-1.0,False,7,False,False,527.7613199772749,,5,False,3,False,False,False,False,"rsi_strong, market_above_ma60, avoid_chase, liquidity_ok, adx_trending, mfi_strong, above_ichimoku_cloud",,,167.9,79.6,79.6,38.7,-0.22,False,1355.0,D
2026-08-10,44.05,44.45,43.85,44.35,3422346,151498241,2542,興富發,,0.2010320670398755,0.1773491159737369,0.0236829510661385,43.9286272246192,42.98000839437464,41.671902253209744,55.447177095736905,15.264521757870396,0.863476085866273,8318679.35,363901305.3,44.95,42.95,0.0836661288746169,0.0316443236858242,0.0114025085518814,0.0011286681715576,44.3,0.581007347653154,44.95275465346154,43.88500000000003,42.81724534653853,0.7177466511115195,0.0486614858590181,80.43478260869581,76.08695652173931,44.189999999999785,43.93500000000004,-62784971.0,-82580495.45,-24.489795918367378,64.30421325248022,55.771926348887646,43.587500000000006,40.400000000000006,,,,0.0,0.0,0.0,0.0,0.0,0.0,,0.0,0.0,0.1647,0.0937,0.0,8.0,-0.18,0,False,0,False,False,True,True,0.4114049665828266,False,True,False,False,True,True,False,False,False,True,False,False,False,False,False,False,True,True,-20.0,0.0,1.3528748590755388,15.0,0.7200328061809806,False,False,True,False,False,False,False,-1.0,False,8,False,False,557.75444334,,3,False,3,False,False,False,False,"ema60_gt_ema120, rsi_strong, market_above_ma60, avoid_chase, liquidity_ok, obv_uptrend, mfi_strong, above_ichimoku_cloud",,,197.9,82.8,82.8,38.7,-0.69,False,1355.0,D
2026-08-10,48.7,48.7,44.8,45.2,4626474,212220705,2540,愛山林,,-0.1455442746600965,0.674174557880248,-0.8197188325403446,54.73707681201897,54.027555494886215,53.67421966567354,29.91093155316661,21.609287557288297,2.644201073105332,2424784.1,132948107.15,61.0,54.3,0.0923873238015697,0.0120503326138217,-0.2466666666666666,-0.1766848816029143,54.9,0.7644641825666595,61.40045860965701,54.99499999999989,48.58954139034277,-0.2645822568607786,0.2329469446188609,2.3529411764706216,9.789197730374022,53.67999999999993,56.19999999999982,32512615.0,24060324.15,-97.6470588235294,-280.3683594165872,66.12939758526505,53.6,55.025000000000006,,,,0.0,0.0,0.0,0.0,0.0,0.0,,0.0,0.0,-0.4907,0.764,0.0,1.71,-0.4,0,False,1,False,False,False,True,1.907994200390872,True,False,True,False,True,True,False,False,False,True,False,False,False,False,False,False,True,False,20.0,25.0,34.95575221238937,0.0,1.1365730793642823,False,False,False,False,False,False,False,-1.0,False,8,False,False,547.7188189562801,,3,False,3,False,True,True,True,"ema60_gt_ema120, volume_break, market_above_ma60, avoid_chase, liquidity_ok, adx_trending, obv_uptrend, mfi_strong",,"close_below_ema20, close_below_swing_low",187.9,82.0,82.0,38.7,1.03,False,1355.0,X
2026-08-10,39.4,39.6,38.35,38.9,1032724,40123614,2543,皇昌,,-0.719248495243562,-1.027526456438035,0.308277961194473,38.40829649669961,41.949393092547325,47.872722488901935,50.14558381475259,12.393516622126176,1.6407870355752914,1314349.85,50530607.0,40.0,35.55,-0.2441614627699672,-0.32449476536341,0.0387182910547394,-0.0089171974522292,39.25,1.9768545438821667,40.598059533296,38.28000000000011,35.96194046670421,0.6337325446336476,0.121110738416713,68.31683168316826,61.87347706733272,37.99000000000088,37.52000000000044,-87057161.0,-87964340.75,-35.514018691588795,36.14095519287004,43.5116610302322,43.025,47.625,,,,0.0,0.0,0.0,0.0,0.0,0.0,,0.0,0.0,1.0533,0.262,0.0,1.66,0.08,0,False,0,False,False,False,False,0.7857299181036159,False,False,False,False,True,True,False,False,False,True,False,False,False,False,False,False,False,True,0.0,0.0,2.8277634961439624,8.0,0.1603655022111288,False,False,False,False,False,False,False,-1.0,False,4,False,False,297.7816852075697,,3,False,3,False,False,False,False,"market_above_ma60, avoid_chase, liquidity_ok, obv_uptrend",,,-62.1,35.1,35.1,38.7,-0.26,False,1355.0,D
2026-08-10,32.6,33.15,32.15,33.15,393769,12906301,2545,皇翔,,-1.0575249863406029,-1.131067911829973,0.07354292548937,33.49776780501265,35.40335045307389,36.61140913962258,40.95189714399119,39.52734142398004,0.7322716291348884,334581.9,11105877.75,34.85,31.9,-0.3995950890706384,-0.2753407678283269,0.0122137404580151,0.0311041990668741,32.15,0.968684533943692,34.99056203674298,33.29999999999973,31.60943796325648,0.4556360557200566,0.1015352574620579,81.08108108108102,40.54054054054056,32.34999999999964,32.57999999999974,-33876055.0,-32974048.45,-40.0,-44.73304473304464,20.31007256944517,37.85,37.75,,,,0.0,0.0,0.0,0.0,0.0,0.0,,0.0,0.0,-0.7731,0.1039,0.0,2.42,-0.06,0,False,0,True,True,False,False,1.1768986905747143,False,False,True,False,True,False,False,False,False,False,False,False,False,False,True,False,False,False,-20.0,0.0,5.128205128205137,0.0,-0.5966727702757696,False,False,False,False,False,False,False,-1.0,False,6,False,False,379.60891366243794,,10,False,3,False,True,False,True,"macd_golden_cross, market_above_ma60, avoid_chase, hist_turn_positive, adx_trending, williams_r_recovery",,close_below_ema20,19.8,55.4,55.4,38.7,0.19,False,1355.0,D
2026-08-10,10.7,10.75,10.6,10.75,2075973,22195434,2547,日勝生,,-0.081976069127176,-0.1334785379446121,0.051502468817436,10.509081161102078,10.618022509391368,10.686826302534714,56.522514999416586,21.24718410934485,0.2469464107238761,3092427.0,32576095.05,11.3,10.15,-0.1394205966636016,0.0654088141120008,0.0436893203883494,0.0093896713615022,10.65,1.2290712759366589,11.078249567801809,10.427500000000032,9.776750432198256,0.7477911749441253,0.1248141103431837,100.0,80.7692307692311,10.470000000000072,10.395000000000028,17700176.0,6462663.45,-0.0,67.98110494968199,71.22063960596037,10.865,10.655,,,,0.0,0.0,0.0,0.0,0.0,0.0,,0.0,0.0,1.4199,0.5519,0.0,14.19,0.38,0,False,0,False,False,True,False,0.671308651748287,False,True,True,False,True,False,False,False,False,True,False,False,False,False,False,False,True,True,-20.0,0.0,5.116279069767449,0.0,0.36402115994742,False,False,False,False,False,False,False,-1.0,False,6,False,False,436.0813404368519,,5,False,3,False,False,False,False,"rsi_strong, market_above_ma60, avoid_chase, adx_trending, obv_uptrend, mfi_strong",,,76.2,66.2,66.2,38.7,-0.39,False,1355.0,D
2026-08-10,90.4,92.6,89.5,92.6,329976,30392647,2546,根基,,1.2008479194878987,1.672649666529506,-0.4718017470416074,97.30788917149188,93.70563427320536,90.81316172324144,40.37148749242899,42.111817555884,2.896459858346784,259108.15,25367992.65,104.0,96.8,0.2212166446559531,0.2735447256217296,-0.1096153846153846,-0.065590312815338,99.1,1.7712912692619642,102.6711921710364,97.46999999999989,92.26880782896338,0.031838101741453,0.1067239595985742,19.999999999999964,35.48611111111071,98.15999999999984,98.95999999999984,1347374.0,1430893.1,-80.00000000000003,-180.8035714285718,42.25482286850092,93.1,90.9,,,,0.0,0.0,0.0,0.0,0.0,0.0,,0.0,0.0,0.4427,0.3429,0.0,3.57,-0.49,0,False,0,False,False,False,True,1.2735068348872856,False,False,True,False,True,False,False,False,False,False,False,False,False,False,False,False,False,False,20.0,25.0,12.311015118790504,0.0,-0.0863752592424372,False,False,False,False,False,False,False,-1.0,False,4,False,False,361.6985652379636,,8,False,3,True,True,True,True,"ema60_gt_ema120, market_above_ma60, avoid_chase, adx_trending",,"macd_death_cross, close_below_ema20, close_below_swing_low",1.8,50.6,50.6,38.7,0.3,False,1355.0,D
2026-08-10,166.5,168.0,166.0,168.0,206183,34469576,2597,潤弘,,-0.8428310364765252,-1.825208195788113,0.9823771593115878,164.347038790869,166.01616249218077,165.77820517344892,55.929924357654095,16.79088188282712,3.946562105630909,292745.95,47561929.0,168.5,160.5,0.0654765300845665,-0.0868924044457681,0.0370370370370369,0.0120481927710842,166.0,0.5168480018487915,167.2721676218377,162.75,158.2278323781623,1.0804738389890258,0.0555719523420914,100.0,85.41666666666667,164.5,163.35,18567834.0,17955147.05,-0.0,177.88617886178852,57.72026458297161,174.25,178.25,,,,0.0,0.0,0.0,0.0,0.0,0.0,,0.0,0.0,0.0295,0.0629,0.0,2.2,0.01,0,False,0,False,False,True,True,0.7043069255099856,False,True,False,False,True,False,False,False,False,True,False,False,True,False,False,True,True,True,-20.0,-25.0,0.2976190476190476,25.0,0.0660733617771621,False,False,False,False,False,False,False,-1.0,False,8,False,False,542.8359495964258,,3,False,3,False,False,False,False,"ema60_gt_ema120, rsi_strong, market_above_ma60, avoid_chase, obv_uptrend, bb_squeeze_breakout, cci_momentum, mfi_strong",,,183.0,81.3,81.3,38.7,-0.36,False,1355.0,D
2026-08-10,94.5,94.5,93.6,93.8,1483448,139319401,2548,華固,,-2.2940305218438084,-2.040235916045124,-0.253794605798685,98.27396460522672,104.35680471962458,108.14486786860738,30.71034022421003,25.09058403273412,2.1063269106329154,1789630.3,176399442.2,103.0,94.4,-0.3782631348534012,-0.399129617978588,-0.0467479674796749,-0.0063559322033899,94.4,1.0935245551090595,103.5266143118666,98.725,93.9233856881334,-0.012848354753157,0.0972725107493867,3.2786885245902058,8.006815588782652,95.5,96.92000000000009,-40105920.0,-30303506.65,-96.87499999999994,-185.25766470972,17.624918180052802,106.875,116.0,,,,0.0,0.0,0.0,0.0,0.0,0.0,,0.0,0.0,-0.8882,-0.2898,0.0,15.12,-1.0,0,False,0,False,False,False,False,0.8289131000967072,False,False,True,False,True,True,False,False,False,False,False,False,False,False,False,False,False,False,20.0,25.0,9.80810234541578,0.0,-0.8390874978237809,False,False,False,False,False,False,False,-1.0,False,4,False,False,263.22008102708173,,5,False,3,False,True,True,True,"market_above_ma60, avoid_chase, liquidity_ok, adx_trending",,"close_below_ema20, close_below_swing_low",-96.6,26.9,26.9,38.7,-0.21,False,1355.0,D
2026-08-10,6.25,6.34,6.17,6.32,1479643,9275221,2601,益航,,-0.0032484862874984,0.0520685690674583,-0.0553170553549568,6.3759544430303325,6.1371278411456816,5.947944073221549,49.2704801971728,15.837570786011224,0.2950779079204474,3525842.85,23569524.9,7.31,6.09,-0.7000968890562562,0.4805975891409981,0.0128205128205127,0.0112,6.25,0.2642709501087999,7.162673830444977,6.5190000000000055,5.875326169555034,0.3454186028796319,0.1974762480272958,49.23076923076925,40.48076923076951,6.319999999999982,6.252999999999997,91542247.0,95813636.85,-68.62745098039211,-62.4129930394434,21.0260613153863,5.8,5.795,,,,0.0,0.0,0.0,0.0,0.0,0.0,,0.0,0.0,-0.5178,0.0788,0.0,13.15,-0.08,0,False,0,False,False,True,True,0.4196565368759983,False,False,False,False,True,False,False,False,True,False,False,False,False,False,False,False,False,True,0.0,0.0,15.664556962025303,0.0,-0.1396129256124806,False,False,True,False,False,False,False,-1.0,False,5,False,False,297.5212102614102,,3,False,3,False,True,False,True,"ema60_gt_ema120, market_above_ma60, avoid_chase, kd_golden_cross, above_ichimoku_cloud",,close_below_ema20,-62.3,34.9,34.9,38.7,-0.68,False,1355.0,D
2026-08-10,208.5,215.0,208.0,214.0,14637029,3114408531,2603,長榮,,2.3409073207950257,1.203653032233723,1.1372542885613026,203.6994715665488,203.1155908604972,202.4307426852332,64.21150049694037,13.62504243187257,5.007392381550948,9360197.85,1898444376.1,207.5,200.0,0.2829638214015607,-0.1358810509379292,0.0313253012048193,0.0313253012048193,207.5,0.664110660927266,211.7168064865704,203.025,194.33319351342968,1.1313417134261683,0.0856230167375478,94.11764705882354,83.03921568627447,207.3,205.05,-170388087.0,-190058197.85,-5.882352941176471,204.155374887082,65.35431689873194,199.5,211.5,,,,0.0,0.0,0.0,0.0,0.0,0.0,,0.0,0.0,0.3001,0.1294,0.0,21.78,0.22,0,False,0,False,False,True,True,1.5637520952615334,True,True,False,True,True,True,False,False,False,True,False,False,True,True,False,True,True,True,-20.0,-25.0,-3.037383177570093,25.0,0.3383227220163776,False,False,True,False,False,False,False,-1.0,False,13,False,False,914.6973936168118,,3,False,3,False,False,False,False,"ema60_gt_ema120, volume_break, rsi_strong, breakout_20d, market_above_ma60, avoid_chase, liquidity_ok, obv_uptrend, bb_squeeze_breakout, breakout_volume_confirm, cci_momentum, mfi_strong, above_ichimoku_cloud",,,554.8,98.1,98.1,38.7,0.63,False,1355.0,D
2026-08-10,32.75,33.6,32.55,33.1,6640392,219784523,2605,新興,,0.3268179746751727,0.1201153985920659,0.2067025760831067,31.50072674071823,31.643383215884462,31.50857149507031,61.98573547835219,13.156027278712042,1.1816025751875077,5711578.5,180398301.75,32.55,29.95,0.1870748387425003,0.0220144600817168,0.0608974358974359,0.0168970814132105,32.55,0.8665371999886476,33.01829101843759,31.41000000000004,29.801708981562484,1.0254024242583268,0.1024063048989207,87.34177215189874,86.80763750092531,32.180000000000106,31.46000000000013,519185331.0,502062681.9,-12.658227848101255,179.60178789110174,75.29807053791772,30.925,32.425,,,,0.0,0.0,0.0,0.0,0.0,0.0,,0.0,0.0,0.5162,0.1009,0.0,49.75,0.79,0,False,0,False,False,True,True,1.1626194054760868,False,True,False,True,False,True,False,False,False,True,False,False,True,False,False,False,True,True,-20.0,-25.0,-1.6616314199395898,25.0,0.908526121982716,False,False,True,False,False,False,False,-1.0,False,9,False,False,652.5285075185534,,3,False,3,False,False,False,False,"ema60_gt_ema120, rsi_strong, breakout_20d, market_above_ma60, liquidity_ok, obv_uptrend, bb_squeeze_breakout, mfi_strong, above_ichimoku_cloud",,,292.7,90.5,90.5,38.7,0.17,False,1355.0,D
2026-08-10,66.7,67.2,65.8,66.8,3574771,237838811,2606,裕民,,0.6361617122607797,0.0668872741818115,0.5692744380789682,63.74399917691235,63.56325069801369,62.95919940649917,61.78181000131734,16.06635405110258,1.9068367278525653,3819547.55,242013108.3,67.5,60.7,0.216581812530517,-0.1438988073447412,0.0603174603174603,-0.0103703703703703,67.5,2.202569813902713,66.69585534931247,63.305000000000106,59.91414465068774,1.0153566932173397,0.1071275681008564,90.78947368421048,89.91228070175445,65.32000000000043,63.63000000000011,175180953.0,168208954.05,-9.21052631578951,188.45900404782148,59.629078345354735,63.4,66.05,,,,0.0,0.0,0.0,0.0,0.0,0.0,,0.0,0.0,0.3552,0.0669,0.0,20.77,1.17,0,False,0,False,False,True,True,0.9359147787019958,False,True,False,False,False,True,False,False,False,True,False,False,True,False,False,False,True,True,-20.0,-25.0,1.0479041916167708,15.0,0.4777029882915684,False,False,True,True,False,False,False,-1.0,False,8,True,False,585.0915836465188,,3,False,3,False,False,False,False,"ema60_gt_ema120, rsi_strong, market_above_ma60, liquidity_ok, obv_uptrend, bb_squeeze_breakout, mfi_strong, above_ichimoku_cloud",long_upper_shadow,,225.2,85.3,85.3,38.7,-0.09,False,1355.0,D
2026-08-10,48.0,48.75,47.85,48.5,553037,26760523,2607,榮運,,0.0139388137915972,-0.1556599792176335,0.1695987930092307,47.40698756659653,48.093646612107925,49.04951888773003,60.09966062299221,21.704526793505977,0.8843465983379233,429301.65,20242100.35,47.9,46.95,0.1154247125899367,-0.0521856581902774,0.0286320254506893,0.012526096033403,47.9,1.1133946386525095,48.31708697745324,47.197499999999856,46.07791302254648,1.081687723343665,0.0474426390149217,90.9090909090909,73.16017316017314,47.52000000000008,47.36499999999997,10997426.0,9628041.45,-9.090909090909092,223.37417530631487,60.2462157964262,47.7,47.9,,,,0.0,0.0,0.0,0.0,0.0,0.0,,0.0,0.0,0.2541,0.0439,0.0,8.27,-0.03,0,False,0,False,False,True,False,1.2882247249690282,False,True,True,True,True,False,False,False,False,True,False,False,True,False,False,False,True,True,-20.0,-25.0,-1.2371134020618586,25.0,1.0982381021027532,False,False,True,False,False,False,False,-1.0,False,9,False,False,671.0611044749234,,5,False,3,False,False,False,False,"rsi_strong, breakout_20d, market_above_ma60, avoid_chase, adx_trending, obv_uptrend, bb_squeeze_breakout, mfi_strong, above_ichimoku_cloud",,,311.2,91.3,91.3,38.7,0.31,False,1355.0,D
2026-08-10,28.7,28.95,28.55,28.6,221822,6355947,2608,嘉里大榮,,-0.172994381546168,-0.090093374425411,-0.082901007120757,29.02943835186563,29.41117507993276,30.164580877110733,36.697463962313165,12.763402388714736,0.338601648640585,294028.15,8594868.6,29.75,28.6,-0.1333556258927055,-0.0174105474808927,-0.0086655112651646,-0.0017452006980801,28.65,0.6796896796717014,29.84909394279765,29.14250000000002,28.435906057202384,0.1161161544549305,0.0484923354412033,9.677419354838843,10.752688172042932,28.63000000000029,28.990000000000144,-18002079.0,-17074209.3,-90.32258064516115,-109.30576070901198,43.06881544747794,29.200000000000003,29.775,,,,0.0,0.0,0.0,0.0,0.0,0.0,,0.0,0.0,-0.0646,0.0432,0.0,3.3,-0.1,0,False,0,False,False,False,False,0.7544243637896575,False,False,False,False,True,False,False,False,False,False,False,False,False,False,False,False,False,False,20.0,12.0,4.020979020979016,0.0,-1.2704698527677307,False,False,False,True,False,False,False,-1.0,False,2,True,False,114.29860540468378,,3,False,3,False,True,False,True,"market_above_ma60, avoid_chase",long_upper_shadow,close_below_ema20,-245.6,2.6,2.6,38.7,-0.3,False,1355.0,D
2026-08-10,50.8,51.8,50.5,51.6,23675162,1215317164,2609,陽明,,-0.0463980174829998,-0.1486783690279271,0.1022803515449272,50.75765487970638,51.192160808693,52.23088475939839,54.57663739307412,10.50176455363316,1.2930239046990843,17282400.9,869124885.95,51.5,50.0,0.1578686947411363,-0.0436444666595394,0.0157480314960631,0.0217821782178218,50.5,0.5561091165016313,52.13949701078739,50.42500000000009,48.71050298921279,0.8426660975805235,0.0680018645825402,91.30434782608714,59.22266139657464,50.82000000000007,50.65,-422393294.0,-435399105.0,-15.999999999999943,109.01339829476238,49.949704181413146,52.150000000000006,51.525000000000006,,,,0.0,0.0,0.0,0.0,0.0,0.0,,0.0,0.0,0.2018,0.0985,0.0,20.37,-0.01,0,False,0,False,False,True,False,1.3699000582725749,False,False,False,True,True,True,False,False,False,True,False,False,False,False,False,True,False,True,-20.0,-12.0,-0.1937984496124058,25.0,0.2852630802026739,False,False,False,False,False,False,False,-1.0,False,6,False,False,425.12215754515785,,3,False,3,False,False,False,False,"breakout_20d, market_above_ma60, avoid_chase, liquidity_ok, obv_uptrend, cci_momentum",,,65.3,64.2,64.2,38.7,0.41,False,1355.0,D
2026-08-10,21.4,21.4,20.3,20.45,126311168,2598622316,2610,華航,,0.1500551367025622,0.1879305995647398,-0.0378754628621776,21.72052511947066,21.07043985007341,20.57286980327152,40.26037480722405,19.58038775988869,0.8266708344850007,47436759.85,1016331869.0,22.6,21.25,0.3759909222186607,0.3019642257824014,-0.0890868596881959,-0.0911111111111111,22.5,0.704449095400667,22.951651617684767,21.47499999999991,19.99834838231505,0.1529310002020187,0.1375228514723971,5.882352941176413,49.95367049258736,22.029999999999927,22.01499999999988,457463344.0,457840106.15,-90.56603773584906,-78.44155844155883,51.52688321856132,22.275,21.225,,,,0.0,0.0,0.0,0.0,0.0,0.0,,0.0,0.0,0.2882,0.025,0.0,17.6,0.62,0,False,0,False,False,False,True,2.6627275640117314,True,False,False,False,True,True,False,False,False,False,False,False,False,False,False,False,True,True,20.0,12.0,10.513447432762849,0.0,-0.0011015069749526,False,False,False,False,False,False,False,-1.0,False,6,False,False,463.6140575564179,,3,False,3,True,True,True,True,"ema60_gt_ema120, volume_break, market_above_ma60, avoid_chase, liquidity_ok, mfi_strong",,"macd_death_cross, close_below_ema20, close_below_swing_low",103.8,70.5,70.5,38.7,1.89,False,1355.0,D
2026-08-10,13.95,14.25,13.9,14.25,277660,3917483,2611,志信,,-0.0718047421098422,-0.0895513883188303,0.0177466462089881,13.789008713243938,13.865234920611764,14.119789576896949,58.696128934697214,20.74943590628797,0.3656872451862339,261116.75,3633772.25,14.55,13.1,-0.3278063376833586,0.1049077520288428,0.0594795539033456,0.021505376344086,13.95,1.6845349901957656,14.711070746136365,13.869999999999935,13.02892925386351,0.7259025187510352,0.1212791270564428,100.0,68.65079365079389,13.669999999999892,13.529999999999928,437225.0,242557.0,-20.689655172413826,41.850869437076256,41.28675174715492,13.5875,13.65,,,,0.0,0.0,0.0,0.0,0.0,0.0,,0.0,0.0,0.5642,0.5206,0.0,1.98,0.0,0,False,0,True,True,True,False,1.0633557594447691,False,True,True,False,False,False,False,False,False,True,False,False,False,False,False,False,False,True,-20.0,0.0,2.105263157894742,8.0,0.1864712869942126,False,False,True,False,False,False,False,-1.0,False,7,False,False,530.8712130383782,,5,False,3,False,False,False,False,"macd_golden_cross, rsi_strong, market_above_ma60, hist_turn_positive, adx_trending, obv_uptrend, above_ichimoku_cloud",,,171.0,80.1,80.1,38.7,0.06,False,1355.0,D
2026-08-10,54.7,55.5,54.7,55.0,283346,15632706,2612,中航,,0.1789680142940213,-0.2972469980785404,0.4762150123725617,53.20286563170024,54.0832319921989,55.16769418222572,58.81604502393591,20.24385817526141,1.4508222170398235,324988.35,17156499.4,55.0,50.0,0.0938686233229439,-0.1335216893559095,0.0576923076923077,0.0,55.0,1.211243230366936,55.81804765765204,52.76500000000014,49.71195234234825,0.8660276960299401,0.1157224545684407,91.66666666666669,88.88888888888869,54.52000000000008,52.79000000000015,38770703.0,37795526.75,-8.333333333333334,120.19251998057116,66.20948802469887,53.775,55.55,,,,0.0,0.0,0.0,0.0,0.0,0.0,,0.0,0.0,0.117,-0.0241,0.0,3.68,0.16,0,False,0,False,False,True,False,0.871865099164324,False,True,True,False,False,False,False,False,False,True,False,False,False,False,False,False,True,True,-20.0,-12.0,0.0,25.0,1.0670475377691184,False,False,False,False,False,False,False,-1.0,False,5,False,False,389.5232214448727,,5,False,3,False,False,False,False,"rsi_strong, market_above_ma60, adx_trending, obv_uptrend, mfi_strong",,,29.7,57.2,57.2,38.7,-0.16,False,1355.0,D
2026-08-10,20.2,20.65,20.2,20.5,141415,2897019,2613,中櫃,,-0.3639559629031978,-0.3774036300423606,0.0134476671391627,20.69015203452553,21.472326757869983,22.34116486345916,41.75704827848007,34.72722140012997,0.4558491376580533,267671.9,5541922.5,21.8,20.0,-0.3765824955623696,-0.1348800703605173,0.0249999999999999,0.0049019607843137,20.4,0.5792050311449636,21.79240247776972,20.734999999999992,19.677597522230272,0.388878641321299,0.1019920402960907,63.6363636363637,53.28282828282803,20.329999999999927,20.259999999999945,-10488764.0,-9983537.5,-60.00000000000004,-42.81842818428176,12.885123760862683,21.825000000000003,22.175,,,,0.0,0.0,0.0,0.0,0.0,0.0,,0.0,0.0,0.0596,-0.0019,0.0,1.91,-0.04,0,False,0,True,True,False,False,0.5283147016926318,False,False,True,False,True,False,False,False,False,False,False,False,False,False,False,False,False,True,0.0,0.0,6.341463414634149,0.0,-0.7028846951736675,False,False,False,False,False,False,False,-1.0,False,5,False,False,366.8485306748423,,10,False,3,False,True,False,True,"macd_golden_cross, market_above_ma60, avoid_chase, hist_turn_positive, adx_trending",,close_below_ema20,7.0,52.2,52.2,38.7,-0.56,False,1355.0,D
2026-08-10,18.1,18.25,18.0,18.2,293404,5325045,2614,東森,,-0.0997116369318575,-0.1157285754862058,0.0160169385543482,18.16699414914748,18.59243538819856,19.15852918126072,49.37139300711747,16.351984433189468,0.3359312011703523,564717.65,10226930.45,18.5,17.85,-0.0650738022753862,-0.041997019466139,0.0,0.0083102493074791,18.05,0.7391267703785546,18.46126800360627,18.15749999999993,17.8537319963936,0.5699547014423902,0.0334592321196571,73.33333333333343,55.55555555555596,18.06999999999989,18.089999999999964,23715494.0,24058707.3,-26.66666666666657,-11.538461538456504,34.7826490621821,18.85,19.275,,,,0.0,0.0,0.0,0.0,0.0,0.0,,0.0,0.0,0.0275,0.03,0.0,3.3,-0.1,0,False,0,False,False,False,False,0.5195587564865379,False,False,False,False,True,False,False,False,False,False,False,False,False,False,False,False,False,False,-10.0,0.0,1.6483516483516525,15.0,-0.2568920406626329,False,False,False,False,False,False,False,-1.0,False,2,False,False,117.1128830769138,,3,False,3,False,False,False,False,"market_above_ma60, avoid_chase",,,-242.7,2.7,2.7,38.7,-0.57,False,1355.0,D
2026-08-10,86.2,88.4,86.1,87.5,18174178,1591733876,2615,萬海,,1.344029130679985,1.211192350098028,0.132836780581957,84.16032707854326,81.92490519483817,80.88637576291835,61.72244129016575,29.26753021560877,2.4819075404274784,10664764.25,899824228.2,87.0,83.6,0.361279604186405,0.0676681295842882,0.0162601626016261,0.0306242638398115,84.9,0.3852248695004345,88.61620534488443,83.9800000000001,79.34379465511577,0.8796208038847897,0.1104121301472809,80.85106382978712,61.61702127659555,85.64000000000014,85.2,-200001988.0,-228485463.0,-14.062500000000076,123.16679095202582,69.61490604374094,80.725,80.65,,,,0.0,0.0,0.0,0.0,0.0,0.0,,0.0,0.0,0.327,0.1711,0.0,44.78,0.17,0,False,0,False,False,True,True,1.704133122305071,True,True,True,True,True,True,False,False,False,True,False,False,False,True,False,True,True,True,-20.0,-12.0,-0.5714285714285714,25.0,1.1211222021458056,False,False,True,False,False,False,False,-1.0,False,13,False,False,948.4947976488004,,5,False,3,False,False,False,False,"ema60_gt_ema120, volume_break, rsi_strong, breakout_20d, market_above_ma60, avoid_chase, liquidity_ok, adx_trending, obv_uptrend, breakout_volume_confirm, cci_momentum, mfi_strong, above_ichimoku_cloud",,,588.6,98.3,98.3,38.7,0.79,False,1355.0,D
2026-08-10,13.3,13.45,13.25,13.4,112301,1498950,2616,山隆,,-0.0894298530417767,-0.0622580605850481,-0.0271717924567286,13.485528223704616,13.770905620880711,14.118842170213702,44.74844342331964,10.41187995101043,0.2334808992687178,207190.45,2809994.5,13.9,13.25,-0.1599283989806937,-0.0163188505313186,0.0037453183520599,0.0075187969924812,13.3,0.752607665994211,13.925657326215292,13.545000000000003,13.164342673784718,0.3095399851597789,0.0562063235460002,36.36363636363651,22.438672438671954,13.310000000000128,13.400000000000045,-5782381.0,-5872355.25,-81.81818181818174,-75.19884309472192,30.31132041394227,13.675,14.325,,,,0.0,0.0,0.0,0.0,0.0,0.0,,0.0,0.0,0.1747,-0.0573,0.0,1.5,-0.36,0,False,0,False,False,False,False,0.5420182252608651,False,False,False,False,True,False,False,False,False,True,False,False,False,False,False,False,False,False,0.0,0.0,3.731343283582089,0.0,0.2197083678272831,False,False,False,False,False,False,False,-1.0,False,3,False,False,213.05668266653603,,3,False,3,False,True,False,True,"market_above_ma60, avoid_chase, obv_uptrend",,close_below_ema20,-146.8,17.1,17.1,38.7,-0.54,False,1355.0,D
2026-08-10,29.0,29.3,28.55,29.3,823562,23892747,2617,台航,,-0.1821473373000657,-0.2600959066976402,0.0779485693975745,28.98881588499473,29.386788075790328,29.64025605132824,53.05719625408867,19.20623877906708,0.5838140246217574,738291.0,21321776.7,30.1,28.1,-0.0717902576787009,-0.0189706892869696,0.0262697022767075,0.0138408304498269,28.9,1.2044884348305274,29.6984964328176,28.857499999999938,28.01650356718228,0.7630807829454864,0.0582861601190444,100.0,87.99489144316733,28.91999999999989,28.664999999999964,30641218.0,30207862.9,-12.12121212121209,45.68888888888978,39.00147834375602,29.625,29.675,,,,0.0,0.0,0.0,0.0,0.0,0.0,,0.0,0.0,0.3728,-0.0061,0.0,9.23,-0.04,0,False,0,False,False,False,False,1.1154978186108189,False,False,False,False,True,False,False,False,False,True,False,False,False,False,False,False,False,True,-20.0,0.0,2.730375426621163,8.0,0.3340869650209691,False,False,False,False,False,False,False,-1.0,False,3,False,False,223.16402176635984,,3,False,3,False,False,False,False,"market_above_ma60, avoid_chase, obv_uptrend",,,-136.7,19.2,19.2,38.7,0.12,False,1355.0,D
2026-08-10,43.0,43.0,41.5,42.65,40365369,1715227232,2618,長榮航,,0.6528665309611483,0.5904817848349573,0.062384746126191,42.58396552597923,40.656410634549495,39.049221179198746,51.98890726257413,17.361710607819994,1.53877942718275,45171227.5,1905209558.4,44.4,41.45,0.3265730262081019,0.3908627373831428,-0.0240274599542335,-0.0394144144144144,44.4,0.7834420658548613,44.481742422923645,42.3,40.11825757707635,0.5802111184900973,0.1031556701145932,49.3506493506493,69.9817726133515,43.579999999999565,43.08499999999985,897079316.0,778830357.6,-43.3333333333334,11.299435028248393,56.34165644367671,41.7,39.425,,,,0.0,0.0,0.0,0.0,0.0,0.0,,0.0,0.0,0.2658,0.0512,0.0,32.0,1.42,0,False,0,False,False,True,True,0.8936079720215706,False,False,False,False,True,True,False,False,False,True,False,False,False,False,False,False,True,True,0.0,0.0,4.103165298944901,0.0,0.4155649383616263,False,False,True,False,False,False,False,-1.0,False,7,False,False,523.9228589805552,,3,False,3,False,False,False,False,"ema60_gt_ema120, market_above_ma60, avoid_chase, liquidity_ok, obv_uptrend, mfi_strong, above_ichimoku_cloud",,,164.1,79.0,79.0,38.7,-0.14,False,1355.0,D
2026-08-10,48.3,48.85,48.05,48.3,935377,45193686,2630,亞航,,-0.5076874182543847,0.1721918560624374,-0.6798792743168222,50.07352246737017,48.969625176116416,48.64488966334416,45.95690785417352,21.89875945826505,2.989316054844857,9220032.3,518539054.65,62.3,45.95,-1.2386213850349077,0.4928592835726627,0.0083507306889352,0.0020746887966804,48.2,0.1438624000587144,61.02183780013959,52.06999999999998,43.11816219986037,0.2894287137362348,0.3438385942054777,49.99999999999993,43.818230527091146,48.87000000000008,48.42000000000007,335735760.0,335405873.65,-83.22580645161294,-71.67616119600926,33.40717492249949,46.525,45.825,,,,0.0,0.0,0.0,0.0,0.0,0.0,,0.0,0.0,-0.3049,-0.0912,0.0,3.75,-0.13,0,False,0,False,False,False,True,0.1014505122720665,False,False,True,False,True,True,False,False,True,True,False,False,False,False,False,False,False,True,0.0,0.0,28.98550724637681,0.0,0.0079461900521689,False,False,True,False,False,False,False,-1.0,False,8,False,False,516.1098594033467,,3,False,3,False,True,False,True,"ema60_gt_ema120, market_above_ma60, avoid_chase, liquidity_ok, adx_trending, kd_golden_cross, obv_uptrend, above_ichimoku_cloud",,close_below_ema20,156.3,77.7,77.7,38.7,-1.05,False,1355.0,X
2026-08-10,26.0,26.0,25.65,25.9,4578860,117955441,2633,台灣高鐵,,-0.0634606525916474,-0.0366155716431503,-0.026845080948497,25.97945042702516,26.065454846496984,26.31982182134798,47.63297538448394,10.630221020952716,0.352101955965989,5888099.95,152413853.7,26.45,25.75,-0.0037516009098388,0.0480186031086778,0.0,0.003875968992248,25.8,0.4343739371043227,26.273805071997675,25.94749999999999,25.621194928002307,0.4272153514053721,0.025151176182498,26.31578947368413,19.298245614034386,25.829999999999927,25.944999999999983,107095358.0,106596969.45,-73.68421052631587,-49.20531243196336,62.19620457489521,25.9875,25.85,,,,0.0,0.0,0.0,0.0,0.0,0.0,,0.0,0.0,0.0277,-0.0635,0.0,6.15,-0.08,0,False,0,False,False,False,False,0.7776464460322213,False,False,False,False,True,True,False,False,True,True,False,False,False,False,False,False,True,False,10.0,0.0,2.1235521235521264,8.0,0.0060089345548645,False,False,False,False,False,False,False,-1.0,False,6,False,False,420.8485716749806,,3,False,3,False,True,False,True,"market_above_ma60, avoid_chase, liquidity_ok, kd_golden_cross, obv_uptrend, mfi_strong",,close_below_ema20,61.0,62.9,62.9,38.7,-0.27,False,1355.0,D
2026-08-10,61.7,62.0,60.8,61.0,11999700,733360275,2634,漢翔,,1.2229242140223846,1.8731633801446443,-0.6502391661222597,61.22008526294189,56.727141267606896,54.08341873721079,51.18629244999814,33.23210006533195,3.595235284574062,56578415.2,3673618715.15,71.5,58.6,-0.500453748039986,0.7296881246525109,0.0049423393739702,-0.0113452188006483,61.7,0.2328138177019452,69.22289404806315,63.14000000000006,57.05710595193696,0.3240968868526099,0.1926795707337057,46.15384615384615,53.27789327789287,61.78000000000029,61.17000000000026,542195499.0,636349824.75,-82.65895953757226,-60.74927386402791,27.3183608777118,52.475,51.2,,,,0.0,0.0,0.0,0.0,0.0,0.0,,0.0,0.0,0.0723,-0.1763,0.0,4.46,0.3,0,False,0,False,False,True,True,0.2120897157967761,False,False,True,False,True,True,False,False,False,False,False,False,False,False,False,False,False,True,0.0,0.0,17.21311475409836,0.0,-0.6807202375415408,False,False,True,False,False,False,False,-1.0,False,6,False,False,418.9522543074693,,8,False,3,False,True,False,True,"ema60_gt_ema120, market_above_ma60, avoid_chase, liquidity_ok, adx_trending, above_ichimoku_cloud",,close_below_ema20,59.1,62.5,62.5,38.7,-0.92,False,1355.0,X
2026-08-10,65.7,65.8,65.4,65.8,220742,14489851,2636,台驊控股,,-0.7719085794061868,-0.8891033744432699,0.117194795037083,65.99935968496041,67.25129828236302,67.62322155093223,46.52680921578585,24.63260301864669,1.2098665370313184,368307.5,24070492.1,69.7,64.5,0.0474166028880268,-0.0677913475573723,-0.004538577912254,0.00920245398773,65.2,0.4073669621415202,67.75441525369136,65.27499999999964,62.7955847463079,0.6058717371401714,0.0759682957852698,63.99999999999977,42.66666666666666,65.17999999999957,65.49999999999963,-1609145.0,-1319219.6,-36.00000000000023,30.908405578590045,48.78130756183185,69.55,68.30000000000001,,,,0.0,0.0,0.0,0.0,0.0,0.0,,0.0,0.0,0.2518,0.2321,0.0,10.1,-0.02,0,False,0,False,False,False,False,0.5993415827806927,False,False,True,False,True,False,False,False,False,False,False,False,False,False,False,False,False,False,0.0,0.0,5.927051671732532,0.0,-0.1917776881319434,False,False,False,False,False,False,False,-1.0,False,3,False,False,218.6920835702236,,5,False,3,False,True,False,True,"market_above_ma60, avoid_chase, adx_trending",,close_below_ema20,-141.2,18.2,18.2,38.7,-0.48,False,1355.0,D
2026-08-10,88.3,88.7,87.2,88.1,2143215,188362123,2637,慧洋-KY,,2.073841972532449,1.5177263719191254,0.5561156006133237,82.73525278829199,79.04606481789585,75.74339192254317,65.88779083135736,22.30190138522042,3.086424151784206,2627744.65,218254122.9,87.9,78.1,0.2476227904598658,0.2312307036887423,0.0614457831325301,0.0022753128555175,87.9,1.3541854944795235,88.1881422215973,82.66499999999996,77.14185777840262,0.9920206453083316,0.1336271026818446,94.54545454545446,89.82146469462835,86.16000000000058,83.25000000000037,217890031.0,204660357.85,-5.454545454545532,173.8893431452712,66.24732138860315,75.875,77.15,,,,0.0,0.0,0.0,0.0,0.0,0.0,,0.0,0.0,0.5792,0.0334,0.0,25.2,0.66,0,False,0,False,False,True,True,0.8156100707882709,False,True,True,True,False,True,False,False,False,True,False,False,False,False,False,False,True,True,-20.0,-25.0,-0.2270147559591244,25.0,0.7648523974697492,False,False,True,False,False,False,False,-1.0,False,9,False,False,642.3343294775198,,3,False,3,False,False,False,False,"ema60_gt_ema120, rsi_strong, breakout_20d, market_above_ma60, liquidity_ok, adx_trending, obv_uptrend, mfi_strong, above_ichimoku_cloud",,,282.5,89.7,89.7,38.7,-0.23,False,1355.0,D
2026-08-10,20.25,20.35,20.15,20.35,24026,487009,2642,宅配通,,-0.1467811075410701,-0.1700981976725149,0.0233170901314448,20.44975455140357,20.98569442828279,22.06388710865406,46.28349232178952,14.103487431274171,0.4221892770321763,58157.6,1185015.5,20.95,20.0,-0.0896892240469693,-0.0365132991697175,0.0175,0.0024630541871921,20.3,0.6627135432921286,20.88789876699376,20.417500000000064,19.947101233006368,0.4282523629563771,0.046077998481077,31.818181818181905,32.82828282828268,20.38000000000011,20.27000000000008,-3216733.0,-3060409.05,-70.8333333333332,-59.32784636488384,36.314684665568166,21.55,22.25,,,,0.0,0.0,0.0,0.0,0.0,0.0,,0.0,0.0,-0.2077,0.0579,0.0,5.27,0.02,0,False,0,False,False,False,False,0.4131188357153665,False,False,False,False,True,False,False,False,False,False,False,False,False,False,False,False,False,True,0.0,0.0,2.9484029484029377,8.0,-0.3834309188511994,False,False,False,False,False,False,False,-1.0,False,2,False,False,82.53001733093927,,3,False,3,False,True,False,True,"market_above_ma60, avoid_chase",,close_below_ema20,-277.3,1.1,1.1,38.7,-0.69,False,1355.0,D
2026-08-10,21.15,21.15,20.55,20.75,11937552,247565067,2646,星宇航空,,-0.0094124086456197,0.0728176502905977,-0.0822300589362174,21.285222560516303,21.18389910195069,21.48620204772942,41.50283780106359,17.596294511878757,0.4383563881960166,6072225.8,129837546.6,22.0,21.15,-0.0541687808780759,0.1112745967126214,-0.0281030444964871,-0.0258215962441314,21.3,0.4268257875744746,21.906097006156248,21.369999999999983,20.83390299384372,-0.0782535556813593,0.0501728597244983,13.79310344827582,22.05801860974255,21.129999999999928,21.35,-141811773.0,-131572821.2,-87.87878787878792,-184.9390919158354,32.02455053722024,21.35,21.075,,,,0.0,0.0,0.0,0.0,0.0,0.0,,0.0,0.0,0.4081,0.0954,0.0,3.49,-0.01,0,False,0,False,False,False,False,1.9659268929030933,True,False,False,False,True,True,False,False,False,False,False,False,False,False,False,False,False,False,20.0,25.0,6.024096385542169,0.0,-0.3383136514937049,False,False,False,False,False,False,False,-1.0,False,4,False,False,310.59950511110645,,3,False,3,False,True,True,True,"volume_break, market_above_ma60, avoid_chase, liquidity_ok",,"close_below_ema20, close_below_swing_low",-49.3,38.4,38.4,38.7,1.09,False,1355.0,D
2026-08-10,10.6,10.65,10.6,10.6,51066,542458,2701,萬企,,-0.0232923336241821,0.0062598432453153,-0.0295521768694975,10.682951738489866,10.664500234703825,10.717834074953648,44.63090998234926,23.688315234555,0.1430749840996138,84367.2,905083.25,11.0,10.55,-0.1569664737467235,0.0939789935259423,0.0,-0.0046948356807512,10.65,0.1939224648228449,10.999754784050854,10.745000000000028,10.4902452159492,0.2154126064005553,0.0474182939136017,28.5714285714285,32.14285714285749,10.590000000000057,10.645000000000028,-418559.0,-215006.75,-80.00000000000007,-81.48148148148287,23.780650585793296,10.575,10.6,,,,0.0,0.0,0.0,0.0,0.0,0.0,,0.0,0.0,-0.0331,-0.0751,0.0,0.72,-0.01,0,False,0,False,False,False,False,0.60528262168236,False,False,True,False,True,False,False,False,False,False,False,False,False,False,False,False,False,False,10.0,0.0,3.773584905660381,0.0,-0.5002359805164379,False,False,False,False,False,False,False,-1.0,False,3,False,False,185.0499944506264,,5,False,3,False,True,False,True,"market_above_ma60, avoid_chase, adx_trending",,close_below_ema20,-174.8,10.6,10.6,38.7,-0.47,False,1355.0,D
2026-08-10,12.35,12.5,12.3,12.45,35036,434886,2702,華園,,-0.1520856871307945,-0.1238927182854979,-0.0281929688452965,12.677640072985875,12.94500025409326,12.943915415852228,40.20150321977477,19.623474823018103,0.3093449111472465,54835.8,695581.4,13.2,12.4,-0.3375593307189131,-0.0553337465186387,-0.0119047619047619,0.0,12.45,1.2795078278114584,13.30182828593242,12.762499999999957,12.22317171406749,0.210287770777994,0.084517654994314,33.333333333333336,30.55555555555596,12.46999999999998,12.514999999999963,4243945.0,4399512.7,-68.75000000000003,-86.84210526315783,30.35202935761532,12.9625,15.1,,,,0.0,0.0,0.0,0.0,0.0,0.0,,0.0,0.0,0.1955,0.1243,0.0,39.44,0.01,0,False,0,False,False,False,True,0.6389256653500085,False,False,False,False,True,False,False,False,True,False,False,False,False,False,False,False,False,False,0.0,0.0,6.024096385542169,0.0,-0.6987185172848395,False,False,False,False,False,False,False,-1.0,False,4,False,False,268.004634446082,,3,False,3,False,True,False,True,"ema60_gt_ema120, market_above_ma60, avoid_chase, kd_golden_cross",,close_below_ema20,-91.8,27.7,27.7,38.7,-0.43,False,1355.0,D
2026-08-10,46.95,47.1,46.05,46.25,79047,3684214,2704,國賓,,0.352979117818009,0.505625005027057,-0.1526458872090479,46.01545351705235,44.890316754917485,44.116725165353806,53.2340127746718,28.55342144528791,1.202645851394022,124048.25,5727125.2,48.0,45.3,0.0858402170593161,0.2054376885813602,-0.0242616033755274,0.0087241003271536,45.85,0.4629599772994028,47.81624574829444,46.1625,44.50875425170557,0.5264550944697032,0.0716488815941265,22.47191011235953,22.700992691174783,45.77000000000008,46.52000000000008,-2528034.0,-2436881.85,-66.9902912621359,29.354875412447097,57.86964608785005,44.7,44.25,,,,0.0,0.0,0.0,0.0,0.0,0.0,,0.0,0.0,0.156,0.0883,0.0,9.77,-0.05,0,False,0,False,False,True,True,0.6372278528717656,False,False,True,False,True,False,False,False,False,False,False,False,False,False,False,False,True,False,10.0,0.0,3.783783783783784,0.0,-0.1375783944781061,False,False,True,False,True,False,False,-1.0,False,6,True,False,454.72133779498034,,5,False,3,False,False,False,False,"ema60_gt_ema120, market_above_ma60, avoid_chase, adx_trending, mfi_strong, above_ichimoku_cloud",open_high_close_low,,94.9,69.2,69.2,38.7,-0.43,False,1355.0,D
2026-08-10,16.1,16.2,16.1,16.2,18624,300921,2705,六福,,0.0001480684757204,0.0138786294497094,-0.0137305609739889,16.179098251639537,16.141878354066193,16.23735286958492,51.13057492466938,26.78162325361,0.2750466844306978,275687.95,4231095.75,16.5,16.05,-0.0523325482357275,0.1264934140592421,0.0030959752321981,0.0,16.2,0.3209438279731678,16.412123151775194,16.20500000000002,15.997876848224845,0.4879298862604996,0.0255628697038166,66.66666666666627,57.777777777777374,16.15,16.139999999999965,-3370637.0,-1876409.7,-53.84615384615404,-27.286135693212707,13.221120698126596,15.9875,16.3,,,,0.0,0.0,0.0,0.0,0.0,0.0,,0.0,0.0,0.1381,0.0586,0.0,3.33,0.11,0,False,0,False,False,True,False,0.0675546392216272,False,False,True,False,True,False,False,False,False,False,False,False,False,False,False,False,False,True,0.0,0.0,1.8518518518518563,15.0,-0.8745258608215214,False,False,False,False,False,False,False,-1.0,False,3,False,False,250.181236062358,,5,False,3,False,False,False,False,"market_above_ma60, avoid_chase, adx_trending",,,-109.7,24.8,24.8,38.7,-1.09,False,1355.0,X
2026-08-10,12.45,12.5,12.4,12.5,75274,939743,2706,第一店,,-0.0233892205714205,0.0180087211913656,-0.0413979417627861,12.571330671087612,12.517074797603724,12.557639423623977,45.51120392007492,20.371922804909136,0.1642590961031785,172075.0,2180372.05,12.9,12.4,-0.1569530846021174,0.1117073091514766,-0.00398406374502,0.0040160642570281,12.45,0.3861388668830339,12.949947474356092,12.652500000000009,12.355052525643924,0.243652219051209,0.0470179765826647,33.333333333333336,19.576719576719672,12.449999999999909,12.529999999999973,-236030.0,-178721.45,-81.81818181818184,-92.473118279569,15.36666258950052,12.3125,12.275,,,,0.0,0.0,0.0,0.0,0.0,0.0,,0.0,0.0,0.0042,-0.0494,0.0,2.93,-0.01,0,False,0,False,False,False,False,0.437448786866192,False,False,True,False,True,False,False,False,False,False,False,False,False,False,False,False,False,False,0.0,0.0,3.200000000000003,8.0,-0.0878363284893635,False,False,True,False,False,False,False,-1.0,False,4,False,False,286.3204519267896,,5,False,3,False,True,False,True,"market_above_ma60, avoid_chase, adx_trending, above_ichimoku_cloud",,close_below_ema20,-73.5,31.7,31.7,38.7,-0.66,False,1355.0,D
2026-08-10,181.0,181.0,179.5,180.0,126990,22849961,2707,晶華,,-0.1476816688873725,-0.0920793057763782,-0.0556023631109943,178.75019564611338,178.86014138042074,180.61655717495327,54.44541559453504,14.678249699251758,2.2809209435454574,202941.0,36279610.2,180.5,176.0,-0.0515416952232892,0.0560741419954286,0.0055865921787709,0.0027855153203342,179.5,0.8634899457156342,181.55576284416065,178.95,176.34423715583935,0.7014765085688823,0.0291228035111554,76.92307692307692,58.97435897435874,177.7,178.55,-2618878.0,-2956344.25,-23.07692307692308,96.969696969697,44.86974467124173,177.75,174.5,,,,0.0,0.0,0.0,0.0,0.0,0.0,,0.0,0.0,0.1394,-0.0496,0.0,7.11,-0.25,0,False,0,False,False,True,False,0.6257483702159741,False,False,False,False,True,False,False,False,False,True,False,False,False,False,False,False,False,False,-10.0,0.0,0.2777777777777778,25.0,0.3847343283849845,False,False,True,False,False,False,False,-1.0,False,4,False,False,310.87429564277954,,3,False,3,False,False,False,False,"market_above_ma60, avoid_chase, obv_uptrend, above_ichimoku_cloud",,,-49.0,38.5,38.5,38.7,-0.45,False,1355.0,D
2026-08-10,14.8,14.95,14.8,14.95,3280,48834,2712,遠雄來,,-0.8316974269283541,-0.4425577534723193,-0.3891396734560348,13.170369229764034,14.336598284599978,15.242379696708769,51.85958632230606,13.302610716388497,3.172284706876032,10705.6,157747.3,15.45,0.0,,,0.0381944444444444,inf,0.0,0.0,22.22881872252677,13.32750000000001,4.426181277473248,0.5911381813513706,1.3357822130972434,100.0,55.0,11.760000000000035,13.215000000000057,-223459.0,-238517.1,-1.6447368421052633,39.7262560507428,64.13033149410279,15.0,16.25,,,,0.0,0.0,0.0,0.0,0.0,0.0,,0.0,0.0,0.1658,0.1487,0.0,0.38,0.01,0,False,0,False,False,True,False,0.3063817067702884,False,False,False,False,True,False,False,False,False,True,False,False,False,False,True,False,True,False,-20.0,0.0,3.3444816053511706,8.0,0.690308602814155,False,False,False,False,False,False,False,-1.0,False,5,False,False,349.34752030147274,,3,False,3,False,False,False,False,"market_above_ma60, avoid_chase, obv_uptrend, williams_r_recovery, mfi_strong",,,-10.5,47.2,47.2,38.7,-0.81,False,1355.0,D
2026-08-10,21.9,22.5,21.75,22.0,19955,436801,2722,夏都,,-0.204562292992751,-0.2681314013792389,0.0635691083864878,22.01893082560412,22.572133950408965,23.393894454913124,48.03372305160061,16.00546052719994,0.7173587570762461,64330.7,1413816.45,22.95,20.9,-0.1754570172257185,-0.0764674506869476,-0.0067720090293452,0.0045662100456622,21.9,0.367042747956585,22.894031754040626,21.96499999999992,21.03596824595921,0.518836815775055,0.0845920103838568,61.538461538461526,60.68376068376043,21.96999999999989,21.714999999999872,-280951.0,-299358.6,-38.46153846153848,19.94609164420435,36.68888213448847,23.3,23.65,,,,0.0,0.0,0.0,0.0,0.0,0.0,,0.0,0.0,-0.0682,0.0137,0.0,0.42,-0.01,0,False,0,False,False,False,False,0.3101940442121724,False,False,False,False,True,False,False,False,False,True,False,False,False,False,False,False,False,True,0.0,0.0,4.318181818181815,0.0,0.0912845461696752,False,False,False,True,False,False,False,-1.0,False,3,True,False,184.19735499615783,,3,False,3,False,True,False,True,"market_above_ma60, avoid_chase, obv_uptrend",long_upper_shadow,close_below_ema20,-175.7,10.6,10.6,38.7,-0.81,False,1355.0,D
2026-08-10,238.0,244.0,234.5,241.5,1213188,293075514,2727,王品,,-0.987401110857718,-2.7195255492992443,1.7321244384415264,230.91246163344724,233.20920006616305,231.56311197434675,60.431550379739086,20.786927073856287,6.397518505501836,830240.05,189753023.05,239.0,224.0,0.2191127228502033,-0.0791757370952461,0.0592105263157893,0.0233050847457627,236.0,2.030069476114966,239.85195297601047,227.05,214.24804702398947,1.0643670159966103,0.1127676985334555,89.1304347826087,58.28157349896416,230.4,230.45,4765525.0,1076264.35,-9.803921568627452,160.62895020810868,70.84266618417541,244.0,237.75,101616.43799999992,1.0,0.0359012994688834,577000.0,3.0,0.0,0.0,-1532.0,0.0,0.0233092268469059,0.0,0.0,0.1659,-0.1301,0.0,32.53,0.59,0,False,0,False,False,True,True,1.4612496711041585,False,True,True,True,False,True,True,True,False,True,False,False,False,False,False,True,True,False,-20.0,-25.0,-1.0351966873706004,25.0,1.9161801502074496,True,False,False,False,False,False,False,-1.0,False,11,False,False,892.606658513531,24.2,5,False,3,False,False,False,False,"ema60_gt_ema120, rsi_strong, breakout_20d, market_above_ma60, liquidity_ok, foreign_buy_3d, adx_trending, stronger_than_market, obv_uptrend, cci_momentum, mfi_strong",,,532.8,97.8,97.8,38.7,0.51,False,1355.0,D
2026-08-10,62.5,62.9,61.9,62.9,107925,6739060,2723,美食-KY,,-0.9316482691838884,-1.0066061452058872,0.0749578760219986,62.88292887830664,64.5413814193209,66.41165525425846,47.733860596289,22.97273426546996,1.3268741838966849,242646.85,15201071.85,65.4,61.2,-0.2716524024865503,-0.0105066035972338,0.0112540192926045,0.0128824476650564,62.1,0.7108610339853263,65.38595039858066,62.75500000000029,60.12404960141993,0.5275565818492711,0.0838483116430676,74.19354838709666,49.46236559139773,61.76000000000058,61.89000000000051,-13620814.0,-13339857.0,-37.837837837837846,-13.19936958234845,32.550728013096005,65.95,64.7,101616.43799999992,1.0,0.0359012994688834,12000.0,2.0,0.0,0.0,2000.0,2.0,-0.0246472801762789,0.0,0.0,-0.0416,-0.0922,0.0,46.31,-0.04,0,False,0,True,True,False,False,0.4447822009640759,False,False,True,False,True,False,False,False,False,False,False,False,False,False,False,False,False,False,-10.0,0.0,3.974562798092221,0.0,-0.2718728536850511,True,False,False,False,False,False,False,-1.0,False,5,False,False,331.1853477654201,7.0,5,False,3,False,False,False,False,"macd_golden_cross, market_above_ma60, avoid_chase, hist_turn_positive, adx_trending",,,-28.7,42.7,42.7,38.7,-0.66,False,1355.0,D
2026-08-10,146.5,146.5,144.5,145.5,312697,45507913,2731,雄獅,,-1.1708916992453169,-1.6555611788610172,0.4846694796157003,146.11373342358416,151.1775076620941,155.99046970047831,44.958765416665976,20.762595907058323,2.515651565702973,454106.5,65926653.95,147.0,143.5,0.0442046896845075,-0.2726191560838667,-0.0068259385665528,0.0034482758620688,145.0,1.3145717708655356,147.467156809754,145.2,142.932843190246,0.5661621637085975,0.0312280552307713,53.84615384615385,53.84615384615366,145.7,145.5,-423051.0,-32281.05,-46.15384615384615,24.017467248908726,50.59152119112145,156.75,162.75,101616.43799999992,1.0,0.0359012994688834,17000.0,1.0,0.0,0.0,1410.0,1.0,-0.0427272380354363,0.0,0.0,-0.0046,-0.0307,0.0,8.82,-0.92,0,False,0,False,False,False,False,0.6885983794550398,False,False,True,False,True,True,False,False,True,False,False,False,False,False,False,False,True,True,0.0,0.0,1.0309278350515465,15.0,-0.0819302324716167,False,False,False,False,False,False,False,-1.0,False,6,False,False,420.902821004891,3.7,5,False,3,False,True,False,True,"market_above_ma60, avoid_chase, liquidity_ok, adx_trending, kd_golden_cross, mfi_strong",,close_below_ema20,61.1,63.0,63.0,38.7,-0.37,False,1355.0,D
2026-08-10,34.5,34.8,34.2,34.4,36101,1241637,2739,寒舍,,-0.4357046398596722,-0.4095607413297976,-0.0261438985298745,34.80279821535055,35.25458371333976,35.36066878674339,43.50762188072029,19.24438425107596,0.7021100904533265,105877.0,3673106.0,35.25,33.9,-0.0846607129851212,-0.030936743596663,-0.0043415340086829,0.0058479532163742,34.2,0.6298366274908939,35.513230681935546,34.65750000000007,33.80176931806459,0.3495437843728692,0.0493821355802048,31.24999999999997,20.83333333333333,34.129999999999924,34.5,-2574644.0,-2615791.5,-69.69696969696967,-43.539442099164,45.88156544868461,37.150000000000006,36.4,101616.43799999992,1.0,0.0359012994688834,220.0,2.0,0.0,0.0,0.0,0.0,-0.0402428334775664,0.0,0.0,0.1539,0.0886,0.0,2.9,-0.11,0,False,0,False,False,False,False,0.3409711268736364,False,False,False,False,True,False,False,False,False,True,False,False,False,False,False,False,False,False,0.0,0.0,2.470930232558144,8.0,0.0863863549226999,True,False,False,True,False,False,False,-1.0,False,3,True,False,237.4463475278088,4.5,3,False,3,False,True,False,True,"market_above_ma60, avoid_chase, obv_uptrend",long_upper_shadow,close_below_ema20,-122.4,22.5,22.5,38.7,-0.77,False,1355.0,D
2026-08-10,182.5,185.0,181.5,184.5,344423,63110845,2753,八方雲集,,0.1083061971737322,-0.6912380284760199,0.7995442256497521,179.68685018502725,180.49450541691013,181.84095533514989,60.70820081327088,17.47346768348901,3.0244513021172827,264071.55,47070634.35,181.5,176.0,0.16196740939467,0.0138485077058556,0.0278551532033426,0.0193370165745856,181.0,0.9059795431337264,182.80184389071871,178.225,173.64815610928127,1.1855160619225988,0.0513602905396966,95.45454545454544,80.83778966131892,180.5,179.55,-2091104.0,-2792683.8,-4.545454545454546,226.83264177040144,59.584585561612805,184.25,182.0,101616.43799999992,1.0,0.0359012994688834,150391.0,2.0,0.0,0.0,2069.0,3.0,-0.0080461462655407,0.0,0.0,0.1085,-0.0355,0.0,6.1,-0.08,0,False,0,False,False,True,False,1.3042790864824323,False,True,False,True,True,False,False,False,False,True,False,True,True,False,False,False,True,True,-20.0,-25.0,-1.6260162601626018,25.0,0.6512741851412093,True,False,True,False,False,False,False,-1.0,False,9,False,False,675.858081086519,14.8,3,False,3,False,False,False,False,"rsi_strong, breakout_20d, market_above_ma60, avoid_chase, obv_uptrend, dealer_buy_3d, bb_squeeze_breakout, mfi_strong, above_ichimoku_cloud",,,316.0,91.7,91.7,38.7,0.33,False,1355.0,D
2026-08-10,38.2,38.5,38.15,38.5,68994,2647891,2748,雲品,,-0.4332336526489513,-0.3300356550830857,-0.1031979975658655,38.94046205716008,39.54227262770759,40.33029742394767,43.18955267299753,13.700129886471863,0.6134335243896784,147941.1,5801352.15,40.3,37.95,-0.29994490285012,-0.0276950657305827,0.007853403141361,0.0039113428943937,38.35,0.5400525417501794,40.8260588179721,39.187500000000185,37.548941182028265,0.2902119861491701,0.0836266063398742,35.71428571428575,27.380952380952905,38.19000000000051,38.51500000000033,-5153989.0,-5162440.4,-64.28571428571425,-66.93755346449942,48.37601172368864,39.825,40.475,101616.43799999992,1.0,0.0359012994688834,26000.0,2.0,0.0,0.0,1000.0,2.0,-0.0280478963275223,0.0,0.0,0.0355,-0.104,0.0,1.13,-0.15,0,False,0,False,False,False,False,0.4663612748587106,False,False,False,False,True,False,False,False,False,True,False,False,False,False,False,False,False,False,0.0,0.0,4.675324675324668,0.0,0.0255138670323489,True,False,False,False,False,False,False,-1.0,False,3,False,False,209.9697791529753,5.7,3,False,3,False,True,False,True,"market_above_ma60, avoid_chase, obv_uptrend",,close_below_ema20,-149.9,16.2,16.2,38.7,-0.63,False,1355.0,D
2026-08-10,84.1,85.4,82.7,84.8,79088,6660123,2762,世界健身-KY,,0.1344648551789902,0.5471378158903332,-0.4126729607113429,85.06710170684264,83.41897546693502,81.27348101375146,49.72556242693362,17.744029047118072,2.165378608707932,109500.4,9357228.6,89.6,82.5,0.0346556777039676,0.029834013329979,-0.0116550116550117,0.0278787878787878,82.5,0.1062621840387645,89.4320013864358,85.46499999999996,81.49799861356412,0.4161835432836294,0.0928333560272823,30.434782608695613,14.855072463768616,84.04000000000015,85.8699999999997,-2562917.0,-2633238.4,-69.56521739130439,-48.723813673165296,59.0467171925522,84.425,81.4,101616.43799999992,1.0,0.0359012994688834,6000.0,1.0,0.0,0.0,0.0,0.0,-0.0475563111238951,0.0,0.0,0.0888,-0.0113,0.0,82.58,-0.22,0,False,0,False,False,True,True,0.7222622017819114,False,False,False,False,True,False,False,False,True,True,False,False,False,False,False,False,True,False,0.0,0.0,5.660377358490563,0.0,0.1137409634402087,False,False,True,False,False,False,False,-1.0,False,7,False,False,483.5875135791016,4.2,3,False,3,False,True,False,True,"ema60_gt_ema120, market_above_ma60, avoid_chase, kd_golden_cross, obv_uptrend, mfi_strong, above_ichimoku_cloud",,close_below_ema20,123.7,73.6,73.6,38.7,-0.34,False,1355.0,D
2026-08-10,23.2,23.3,23.0,23.2,15481308,358371352,2801,彰銀,,0.0970097486780083,0.3510190143086137,-0.2540092656306054,24.001892632939835,23.11988929407495,22.22267002859057,41.21471386371335,40.038011708847804,0.56316186057976,36059123.3,880566387.65,25.4,23.15,-0.0097118117217834,0.3682980811948932,-0.0866141732283464,0.002159827213823,23.15,0.4993191226263275,25.530458960214368,24.20249999999992,22.87454103978547,0.1225410460583706,0.1097373378960399,7.272727272727247,4.242424242424629,23.66999999999971,24.274999999999817,697679115.0,728201419.7,-92.72727272727276,-128.66770347330228,44.44982484539542,22.775,22.125,101616.43799999992,1.0,0.0359012994688834,-3302214.0,0.0,-289338.0,0.0,125473.0,2.0,-0.1225154726972298,0.0,0.0,0.0951,0.0871,0.0,16.66,-0.64,0,False,0,False,False,True,True,0.4293312366803993,False,False,True,False,True,True,False,False,False,False,False,False,False,False,False,False,False,False,20.0,12.0,9.482758620689651,0.0,-0.1915415291756738,False,False,True,False,False,False,False,-1.0,False,6,False,False,458.9948140166959,3.6,10,False,3,False,True,False,True,"ema60_gt_ema120, market_above_ma60, avoid_chase, liquidity_ok, adx_trending, above_ichimoku_cloud",,close_below_ema20,99.1,69.7,69.7,38.7,-0.67,False,1355.0,D
2025-09-17,57.2,57.4,56.5,56.6,20309872,1151213874,2809,京城銀,,0.499702321984202,0.5100911995536783,-0.0103888775694762,56.5655237475213,55.29057786268997,54.21255432329084,53.9549092663848,38.296645352983006,0.4770729526697626,3306956.95,187085614.95,57.6,56.2,0.2033480589065207,0.1506265554627314,-0.0173611111111111,-0.0087565674255691,57.1,1.582612980757675,58.00702328415056,56.37499999999998,54.7429767158494,0.5689328400474164,0.0578988304798433,20.000000000000284,48.496732026143945,57.17999999999993,57.08999999999996,15251206.0,28235399.5,-44.44444444444436,42.68675455116195,51.3131101793461,54.9,,53603.04783333332,1.0,0.0113812990712418,4140278.0,2.0,-1325095.0,0.0,-188010.0,0.0,-0.028742410182353,0.0,0.0,0.0,0.0,0.0,0.0,0.0,0,False,0,False,False,True,True,6.141559236203543,True,False,True,False,True,True,False,False,False,False,False,False,False,False,False,False,True,True,10.0,0.0,1.76678445229682,15.0,-0.9152583600501168,True,False,True,False,False,False,False,-1.0,False,8,False,False,634.0168996793986,44.5,8,False,3,True,False,False,True,"ema60_gt_ema120, volume_break, market_above_ma60, avoid_chase, liquidity_ok, adx_trending, mfi_strong, above_ichimoku_cloud",,macd_death_cross,274.2,89.4,89.4,38.7,5.89,False,1355.0,D
2026-08-10,18.7,18.75,18.4,18.7,14204737,262962392,2812,台中銀,,-0.3405635236884698,-0.0811590894260315,-0.2594044342624383,19.76454503380487,19.92473260869764,20.112718017561274,29.475099049492,32.72512147939756,0.4103352230437506,24196023.0,486415777.25,20.75,18.5,-0.4759905070665871,0.1219058148906644,-0.0944309927360774,0.002680965147453,18.65,0.5453409749710577,21.65085606839761,20.062499999999908,18.474143931602207,0.0710974298809558,0.1583407918651921,12.244897959183689,8.843537414966704,18.70999999999985,19.67499999999982,-495345423.0,-453836285.1,-87.75510204081631,-145.0733752620548,26.642608437721407,19.5,19.375,101616.43799999992,1.0,0.0359012994688834,-6399897.0,0.0,-8151.0,0.0,85258.0,2.0,-0.1303322922049609,0.0,0.0,0.1656,-0.0132,0.0,8.51,-1.01,0,False,0,False,False,False,False,0.5870690815593951,False,False,True,False,True,True,False,False,False,False,False,False,False,False,False,False,False,False,20.0,25.0,10.96256684491979,0.0,-1.0725022530497714,False,False,False,False,False,False,False,-1.0,False,4,False,False,313.0006637789967,3.3,10,False,3,False,True,False,True,"market_above_ma60, avoid_chase, liquidity_ok, adx_trending",,close_below_ema20,-46.8,38.9,38.9,38.7,-0.49,False,1355.0,D
2026-08-10,34.3,34.35,33.8,33.8,269300,9149865,2816,旺旺保,,0.0063677528969634,0.0113563792162152,-0.0049886263192517,33.75090114948595,33.20785811771272,32.11704298607538,51.123601487952925,11.353918035762796,0.601360845589893,202741.1,6850719.75,34.75,33.0,-0.0897724218594888,0.1188775773934838,0.0014814814814814,-0.0058823529411765,34.0,0.8416981054318529,34.566384130070965,33.77999999999993,32.993615869928895,0.5127164315982956,0.0465591551255794,64.5161290322579,76.46833930704877,33.76000000000003,33.594999999999985,4569028.0,4795443.25,-35.483870967742114,41.96357878068166,50.2081864119927,33.5875,32.95,101616.43799999992,1.0,0.0359012994688834,100000.0,2.0,0.0,0.0,0.0,0.0,-0.034419817987402,0.0,0.0,0.0509,-0.0754,0.0,2.68,0.02,0,False,0,False,False,True,True,1.3282950521625856,False,False,False,False,True,False,False,False,False,False,False,False,False,False,False,False,True,True,0.0,0.0,2.8106508875739733,8.0,-0.183663093616575,True,False,True,False,False,False,False,-1.0,False,5,False,False,374.078993398227,11.6,3,False,3,False,False,False,False,"ema60_gt_ema120, market_above_ma60, avoid_chase, mfi_strong, above_ichimoku_cloud",,,14.2,54.2,54.2,38.7,0.36,False,1355.0,D
2026-08-10,16.45,16.45,16.25,16.35,1928062,31463836,2820,華票,,-0.1901024419750854,-0.1888695427754966,-0.0012328991995887,16.57499432541904,16.848216774238566,16.853604655611292,37.54096136441731,26.174614927212808,0.2234212848964296,2142709.1,35380284.45,16.75,16.3,-0.0915532366876381,-0.0668441375580188,-0.009090909090909,0.0,16.35,0.6112264959915935,16.79186289835465,16.51750000000002,16.243137101645388,0.194747356503878,0.0332208746304987,21.42857142857176,19.04761904761957,16.320000000000256,16.46000000000013,21430877.0,22858388.25,-78.57142857142824,-118.64406779660814,38.11012322573047,17.3125,17.325000000000003,101616.43799999992,1.0,0.0359012994688834,-1255580.0,0.0,0.0,0.0,8000.0,3.0,-0.0449922085597924,0.0,0.0,-0.0261,-0.1538,0.0,9.93,-0.38,0,False,0,False,False,False,False,0.8998244325372958,False,False,True,False,True,False,False,False,False,False,False,True,False,False,False,False,False,False,10.0,12.0,2.446483180428125,8.0,-0.1982161673324461,False,False,False,False,False,False,False,-1.0,False,4,False,False,301.6196503173836,2.8,5,False,3,False,True,False,True,"market_above_ma60, avoid_chase, adx_trending, dealer_buy_3d",,close_below_ema20,-58.2,36.0,36.0,38.7,-0.13,False,1355.0,D
2026-08-10,59.0,59.1,58.4,58.5,68527,4021533,2832,台產,,0.7316442419710398,0.679907470687311,0.0517367712837287,57.645290336973005,55.7424368415608,53.16596681328026,57.405572337167534,17.50987455189541,1.2179831724258832,236508.0,13561050.15,60.3,56.3,0.2514413382927624,0.1709807323676024,-0.0298507462686566,-0.0017064846416382,58.6,0.4457544924904749,59.78980360115437,57.43499999999985,55.08019639884534,0.7261335084331445,0.081998906630261,61.22448979591839,57.14285714285688,58.45999999999985,58.25999999999967,7203631.0,6928420.35,-38.77551020408161,85.11815817145323,58.67616490403533,55.425,54.0,101616.43799999992,1.0,0.0359012994688834,-13000.0,0.0,0.0,0.0,-6000.0,0.0,-0.0657520457375401,0.0,0.0,0.0727,0.0006,0.0,4.52,-0.02,0,False,0,False,False,True,True,0.2897449557731662,False,True,False,False,True,False,False,False,False,True,False,False,False,False,False,False,True,True,0.0,0.0,3.076923076923072,8.0,0.6467300903098918,False,False,True,False,False,False,False,-1.0,False,7,False,False,488.6582106414504,3.1,3,False,3,False,False,False,False,"ema60_gt_ema120, rsi_strong, market_above_ma60, avoid_chase, obv_uptrend, mfi_strong, above_ichimoku_cloud",,,128.8,74.5,74.5,38.7,-0.83,False,1355.0,X
2026-08-10,16.7,16.7,16.4,16.5,27113817,446838272,2834,臺企銀,,-0.2443904912633208,-0.0237139044333851,-0.2206765868299356,17.44184498192608,17.252139466921946,16.77864093031944,29.522479232432417,25.600355965998617,0.355528877782606,45448243.1,804844929.25,18.2,16.5,-0.4125542162590109,0.1803219334673912,-0.0934065934065934,0.0,16.5,0.6801890227160406,18.922772147557865,17.682499999999983,16.4422278524421,0.0232901092198404,0.1402824428172354,5.000000000000071,3.333333333333333,16.639999999999965,17.375,165771529.0,273026929.2,-94.99999999999991,-150.79365079365155,35.30529020154178,17.375,16.950000000000003,101616.43799999992,1.0,0.0359012994688834,-13574000.0,0.0,894.0,1.0,275000.0,1.0,-0.1293078928754768,0.0,0.0,-0.0772,0.0328,0.0,17.77,-0.75,0,False,0,False,False,False,True,0.5965866918186767,False,False,True,False,True,True,False,False,False,False,False,False,False,False,False,False,False,False,20.0,25.0,10.3030303030303,0.0,-0.8178155296088702,False,False,False,False,False,False,False,-1.0,False,5,False,False,351.1520805628803,3.2,5,False,3,False,True,False,True,"ema60_gt_ema120, market_above_ma60, avoid_chase, liquidity_ok, adx_trending",,close_below_ema20,-8.7,48.3,48.3,38.7,-0.48,False,1355.0,D
2026-08-10,20.55,20.55,20.05,20.15,3220990,64971931,2838,聯邦銀,,-0.3975633783182708,-0.3953950653851574,-0.0021683129331133,20.864473872410112,21.16389035484756,20.771617902091943,37.45464370733469,28.14530954929029,0.5130453216708262,3402527.65,70397509.25,23.45,20.4,-0.1950626479922636,0.0232505242265729,-0.0358851674641148,-0.0218446601941748,20.6,0.3378142483211279,21.797489130390208,20.6474999999999,19.497510869609595,0.2836936076817303,0.111392578316049,9.523809523809314,33.333333333333336,20.45999999999985,20.53999999999987,75783415.0,73584383.9,-90.47619047619068,-75.13572204125934,49.31516497453918,22.025,21.425,101616.43799999992,1.0,0.0359012994688834,-2266000.0,0.0,1000.0,1.0,42289.0,1.0,-0.0717864669329982,0.0,0.0,-0.0249,-0.2043,0.0,4.28,-0.01,0,False,0,False,False,False,True,0.9466462381282926,False,False,True,False,True,True,False,False,False,True,False,False,False,False,False,False,False,False,20.0,0.0,16.3771712158809,0.0,0.1857025616035373,False,False,False,False,False,False,False,-1.0,False,6,False,False,416.6948931205254,3.8,5,False,3,True,True,True,True,"ema60_gt_ema120, market_above_ma60, avoid_chase, liquidity_ok, adx_trending, obv_uptrend",,"macd_death_cross, close_below_ema20, close_below_swing_low",56.8,61.8,61.8,38.7,-0.08,False,1355.0,D
2026-08-10,11.95,11.95,11.8,11.9,1750977,20810599,2836,高雄銀,,-0.1481626114154526,-0.0573109282563669,-0.0908516831590857,12.20040357006696,12.235314809941627,12.188397689474014,38.53262525382943,37.05806231344981,0.2213918657237832,5301710.3,66239117.85,13.0,11.8,-0.4453118309821938,0.0760680781401071,-0.0041841004184099,0.0042194092827005,11.85,0.1749520230899206,13.206301381080513,12.370000000000028,11.533698618919544,0.2190008227698988,0.1352144512660441,21.4285714285715,11.142857142856885,11.85000000000009,12.04000000000001,70002437.0,67430694.0,-87.99999999999997,-85.50022036139262,63.826247289530926,12.1375,12.0,101616.43799999992,1.0,0.0359012994688834,-815000.0,0.0,0.0,0.0,185000.0,3.0,-0.0400853998872934,0.0,0.0,0.147,0.2795,0.0,7.9,-0.23,0,False,0,False,False,False,True,0.3302664425100707,False,False,True,False,True,True,False,False,False,True,False,True,False,False,False,False,True,False,10.0,0.0,9.243697478991592,0.0,0.1007159738431961,False,False,False,False,False,False,False,-1.0,False,8,False,False,599.511256111219,4.3,5,False,3,False,True,False,True,"ema60_gt_ema120, market_above_ma60, avoid_chase, liquidity_ok, adx_trending, obv_uptrend, dealer_buy_3d, mfi_strong",,close_below_ema20,239.7,87.2,87.2,38.7,-0.79,False,1355.0,D
2026-08-10,13.25,13.25,13.1,13.15,6645957,87511912,2845,遠東銀,,0.0406914041411354,0.0900023300928937,-0.0493109259517582,13.263845285617236,13.00894455383302,12.83184213270334,46.775876716092895,16.245255334944336,0.2111772726591191,10430496.5,139173305.1,13.55,13.15,-0.0723068158861822,0.2131488665634287,-0.0149812734082396,-0.0037878787878786,13.2,0.4250225293326505,13.547367605802718,13.335000000000036,13.122632394197357,0.0644345113257847,0.0318511594754676,9.090909090909207,12.121212121212617,13.220000000000072,13.300000000000043,-32858149.0,-31471022.2,-90.9090909090908,-143.79084967320333,39.5204504504458,12.8375,12.65,101616.43799999992,1.0,0.0359012994688834,-1156493.0,0.0,0.0,0.0,41000.0,2.0,-0.050882572877123,0.0,0.0,0.2015,0.0708,0.0,9.6,-0.09,0,False,0,False,False,True,True,0.6371659297330668,False,False,False,False,True,True,False,False,False,False,False,False,False,False,False,False,False,False,20.0,25.0,3.041825095057037,8.0,-0.0320352040524893,False,False,True,False,False,False,False,-1.0,False,5,False,False,388.9872368487008,2.4,3,False,3,False,True,False,True,"ema60_gt_ema120, market_above_ma60, avoid_chase, liquidity_ok, above_ichimoku_cloud",,close_below_ema20,29.1,57.1,57.1,38.7,-0.43,False,1355.0,D
2026-08-10,14.6,14.7,14.55,14.7,32460,475897,2849,安泰銀,,0.042138632999185,0.1210887447394653,-0.0789501117402802,14.77886285487281,14.452672369985484,14.10388841586699,49.25074714036025,15.490056967911222,0.3587370663278258,352441.65,5239604.9,15.4,14.4,-0.0292903288575057,0.201527077341168,-0.0392156862745098,0.0137931034482758,14.5,0.4303329926347697,15.462578446730184,14.865000000000032,14.26742155326988,0.3619428119413568,0.0804007328261218,31.818181818181795,16.666666666666668,14.580000000000018,14.915000000000054,2519313.0,2217685.55,-51.724137931034505,-51.282051282050496,55.19177129566592,14.2875,13.875,101616.43799999992,1.0,0.0359012994688834,13000.0,2.0,0.0,0.0,0.0,0.0,-0.0751169857433933,0.0,0.0,0.3248,0.1719,0.0,59.02,-0.01,0,False,0,False,False,True,True,0.0921003519305961,False,False,False,False,True,False,False,False,True,True,False,False,False,False,False,False,True,False,0.0,0.0,4.761904761904769,0.0,0.2646723514223322,True,False,True,False,False,False,False,-1.0,False,7,False,False,519.0970717363739,3.7,3,False,3,False,True,False,True,"ema60_gt_ema120, market_above_ma60, avoid_chase, kd_golden_cross, obv_uptrend, mfi_strong, above_ichimoku_cloud",,close_below_ema20,159.2,78.1,78.1,38.7,-1.06,False,1355.0,X
2026-08-10,35.65,36.05,35.05,36.0,1312222,46912330,2851,中再保,,-0.437508863494422,-0.5292405740928666,0.0917317105984446,35.562109844047825,35.358036922981086,33.463693426056366,52.23363675036278,21.786987586651883,0.9427792864584034,1900322.3,67350239.8,38.5,34.0,-0.3557821805690928,0.0011357413687554,0.0344827586206897,0.0155148095909731,35.45,0.5812997363297133,37.7781822225028,35.542499999999926,33.30681777749705,0.602317761306859,0.1258033184217699,98.38709677419364,93.94765970904456,35.229999999999926,34.789999999999964,34951383.0,36908930.25,-12.857142857142938,12.17798594847677,28.992422353670463,37.3375,35.125,101616.43799999992,1.0,0.0359012994688834,254000.0,2.0,0.0,0.0,-18406.0,0.0,-0.0014185408481937,0.0,0.0,0.0604,-0.4868,0.0,9.18,0.0,0,False,0,False,False,True,True,0.6905260228751723,False,False,True,False,True,True,False,False,False,False,False,False,False,False,False,False,False,True,-20.0,0.0,6.944444444444445,0.0,-0.1733458144702782,True,False,False,False,False,False,False,-1.0,False,5,False,False,334.8251104551084,11.2,5,False,3,False,False,False,False,"ema60_gt_ema120, market_above_ma60, avoid_chase, liquidity_ok, adx_trending",,,-25.0,43.5,43.5,38.7,-0.37,False,1355.0,D
2026-08-10,165.0,165.0,161.0,161.5,163220,26426536,2850,新產,,4.463118670712049,3.934413726619223,0.5287049440928264,154.8631457981624,146.01991386183587,137.41675154291354,62.86113452377037,34.45622371882728,4.9128956198818345,456109.05,70740712.55,165.0,155.0,0.6432114798950707,0.2269156745232387,-0.0212121212121212,-0.00920245398773,163.0,0.6994918989699658,166.52903708712358,153.59999999999982,140.67096291287606,0.8055138579449167,0.1683468370719241,65.38461538461539,60.079575596816845,159.6,159.14999999999964,5602346.0,4458726.4,-21.951219512195124,105.0201961915753,70.16802891706487,144.125,137.25,101616.43799999992,1.0,0.0359012994688834,-3006.0,0.0,0.0,0.0,574.0,1.0,-0.0571134206810046,0.0,0.0,0.0328,-0.0258,0.0,11.11,-0.03,0,False,0,False,False,True,True,0.357853017825452,False,True,True,False,True,True,False,False,False,True,False,False,False,False,False,True,True,True,0.0,-12.0,2.1671826625387,8.0,0.8085003479107048,False,False,True,False,False,False,False,-1.0,False,10,False,False,714.2805343531829,4.6,8,False,3,False,False,False,False,"ema60_gt_ema120, rsi_strong, market_above_ma60, avoid_chase, liquidity_ok, adx_trending, obv_uptrend, cci_momentum, mfi_strong, above_ichimoku_cloud",,,354.4,93.3,93.3,38.7,-0.75,False,1355.0,D
2026-08-10,44.5,46.1,44.05,45.85,5237431,237582505,2855,統一證,,-0.8083345222808944,-1.1907207510373288,0.3823862287564343,45.08828615729965,44.91856310534141,41.01645650836131,51.28971345979628,22.88688944583589,1.9366878031158108,4978555.1,220487520.65,49.65,40.1,-0.1217717169033984,-0.0429773984142977,0.0385050962627406,0.0303370786516854,44.5,0.5854008593382318,47.75611852502628,44.27999999999993,40.80388147497358,0.7258265920302832,0.1570062567762581,87.85714285714285,77.85714285714312,45.21000000000022,43.66000000000004,346634628.0,344406463.15,-12.142857142857164,51.8125781283676,55.42895120749011,51.0,46.2,101616.43799999992,1.0,0.0359012994688834,605126.0,1.0,966000.0,3.0,0.0,0.0,0.0026037967938572,0.0,0.0,1.9902,-0.2662,0.0,7.29,-0.13,0,False,0,False,False,True,True,1.0519981992365617,False,False,True,False,True,True,False,True,False,True,True,False,False,False,False,False,True,True,-20.0,0.0,8.287895310796067,0.0,0.049655096240097,False,True,False,False,False,False,False,-1.0,False,9,False,False,716.1158431472468,15.3,3,False,3,False,False,False,False,"ema60_gt_ema120, market_above_ma60, avoid_chase, liquidity_ok, adx_trending, stronger_than_market, obv_uptrend, invest_trust_buy_2d, mfi_strong",,,356.3,93.4,93.4,38.7,0.04,False,1355.0,D
2026-08-10,26.8,26.9,26.75,26.9,91338,2452340,2852,第一保,,0.0019302223212562,-0.0199274021334689,0.0218576244547252,26.75646063384943,26.76406672989629,26.798792096010125,53.4365159970704,25.529974445788937,0.3297616097212081,353501.2,9448358.2,27.0,26.6,0.0094395815829461,-0.0335547688064591,-0.0037037037037037,0.0018621973929235,26.85,1.0463039850859173,27.04438940345257,26.732500000000027,26.420610596547483,0.7685246727618603,0.0233340992015369,70.58823529411757,58.82352941176456,26.739999999999963,26.75000000000009,-1940323.0,-2538940.05,-29.411764705882423,71.26291376765728,59.13327792194698,26.7875,26.950000000000003,101616.43799999992,1.0,0.0359012994688834,-6765.0,0.0,0.0,0.0,0.0,0.0,-0.0396050031725871,0.0,0.0,-0.0681,0.0367,0.0,5.49,-0.11,0,False,0,False,False,True,False,0.2583810182256807,False,False,True,False,True,False,False,False,False,True,False,False,False,False,False,False,True,False,-10.0,0.0,0.3717472118959161,25.0,0.3351986953733097,False,False,False,False,False,False,False,-1.0,False,5,False,False,356.6061945267365,3.4,5,False,3,False,False,False,False,"market_above_ma60, avoid_chase, adx_trending, obv_uptrend, mfi_strong",,,-3.2,49.5,49.5,38.7,-0.87,False,1355.0,X
2026-08-10,9.8,9.8,9.56,9.7,12259889,118420989,2867,三商壽,,0.3039280437514371,0.3034933915597976,0.0004346521916394,9.429594561457671,8.808321926599245,8.31986221289675,66.9309890296881,47.33485626582045,0.2263534568744654,21035693.45,198340721.75,9.9,9.31,0.5726696048608355,0.4603724830522657,-0.0122199592668025,-0.0112130479102957,9.81,0.5598822923208715,10.086566466457898,9.40949999999998,8.732433533542062,0.714528421057222,0.1439112527675049,58.82352941176461,65.88235294117597,9.76199999999999,9.68299999999997,946910849.0,849009168.45,-36.45833333333345,65.9340659340656,64.13155223556217,8.360000000000001,8.155000000000001,101616.43799999992,1.0,0.0359012994688834,992075.0,13.0,0.0,0.0,-20000.0,0.0,-0.0481212587356859,0.0,0.0,0.0,-0.5067,0.0,22.75,0.31,0,False,0,False,False,True,True,0.5828136366952048,False,True,True,False,True,True,True,False,False,True,False,False,False,False,False,False,True,True,0.0,0.0,2.061855670103104,8.0,0.6968383280612027,True,False,True,False,False,False,False,-1.0,False,10,False,False,767.1901963036865,3.8,10,False,3,False,False,False,False,"ema60_gt_ema120, rsi_strong, market_above_ma60, avoid_chase, liquidity_ok, foreign_buy_3d, adx_trending, obv_uptrend, mfi_strong, above_ichimoku_cloud",,,407.3,95.5,95.5,38.7,-0.5,False,1355.0,D
2026-08-10,44.7,44.85,43.35,44.0,25602739,1127605812,2880,華南金,,1.6326907946769538,1.5318752480890176,0.1008155465879361,41.95841165904194,38.74081762956281,36.43676118120262,70.57160775095184,55.8706816780727,1.4480260822387687,28307818.15,1178367430.2,44.4,41.4,0.6966778979398017,0.5930759077693207,0.0220673635307782,-0.009009009009009,44.4,0.894237819774123,45.18899167030688,41.752499999999785,38.316008329692686,0.8270050120330089,0.1646124984279799,74.15730337078652,78.12890137328334,43.89999999999964,43.20999999999968,891978750.0,785840262.25,-20.90909090909088,108.62899693385884,77.22669345868339,35.8875,34.400000000000006,101616.43799999992,1.0,0.0359012994688834,-10479081.0,0.0,6747000.0,17.0,-1005795.0,0.0,-0.0138339359381052,0.0,0.0,0.292,0.0309,0.0,13.76,-0.45,0,False,0,False,False,True,True,0.9044405635338588,False,True,True,False,True,True,False,False,False,True,True,False,False,False,False,False,True,True,-10.0,-12.0,0.909090909090906,25.0,0.5661787738617305,False,True,True,False,False,False,False,-1.0,False,10,False,False,798.8385509216793,10.4,8,False,3,False,False,False,False,"ema60_gt_ema120, rsi_strong, market_above_ma60, avoid_chase, liquidity_ok, adx_trending, obv_uptrend, invest_trust_buy_2d, mfi_strong, above_ichimoku_cloud",,,439.0,96.2,96.2,38.7,-0.13,False,1355.0,D
2026-08-10,100.0,101.0,98.0,101.0,14336276,1430212656,2882,國泰金,,0.6905638206701639,0.3259195542299861,0.3646442664401778,98.29776933184527,94.56198164042044,88.20020673491112,56.23695862423461,15.693479003051548,3.444199192354782,22036625.45,2142111843.95,101.5,94.1,0.2565652281303307,0.2808456250250363,0.0049751243781095,0.016096579476861,99.4,0.6294501734735873,101.9558753275447,97.39999999999982,92.84412467245494,0.8950942180347354,0.0935498013869587,85.0,68.0,99.52000000000044,98.43000000000028,1209859261.0,1196064607.5,-15.0,97.6794047168627,46.80581327810562,102.575,95.6,101616.43799999992,1.0,0.0359012994688834,2899706.0,2.0,-5284.0,0.0,-195806.0,0.0,-0.0309261750907738,0.0,0.0,-0.4204,0.2892,0.0,23.06,-0.05,0,False,0,False,False,True,True,0.6505658514970132,False,True,False,False,True,True,False,False,False,True,False,False,False,False,False,False,False,True,-20.0,-12.0,0.495049504950495,25.0,0.0725452050049321,True,False,False,False,False,False,False,-1.0,False,6,False,False,350.3762009750293,8.0,3,False,3,False,False,False,False,"ema60_gt_ema120, rsi_strong, market_above_ma60, avoid_chase, liquidity_ok, obv_uptrend",,,-9.5,47.9,47.9,38.7,-0.42,False,1355.0,D
2026-08-10,128.0,129.0,125.5,128.5,10410703,1331803733,2881,富邦金,,1.109353804603245,1.244940564204971,-0.1355867596017259,126.88892650327458,120.2045760180564,111.34353805824315,54.22837044060326,17.765664442745486,4.27458040713122,22528470.25,2847758413.25,130.0,123.0,0.1249751769693584,0.4068161091903581,-0.0077220077220077,0.0118110236220472,127.0,0.4661426421778566,131.31275544247953,126.725,122.13724455752046,0.6934497187409663,0.0724048994670275,66.66666666666667,55.55555555555535,127.9,127.15,928767181.0,940772154.7,-33.333333333333336,35.60742070616421,49.74335237240712,125.75,114.1,101616.43799999992,1.0,0.0359012994688834,1901269.0,2.0,-50563.0,0.0,-50925.0,0.0,-0.0436233071908911,0.0,0.0,-0.5365,-0.2713,0.0,18.45,0.02,0,False,0,False,False,True,True,0.4621131787676529,False,False,False,False,True,True,False,False,True,False,False,False,False,False,False,False,False,True,0.0,0.0,1.1673151750972763,15.0,-0.0770993147317628,True,False,True,False,False,False,False,-1.0,False,6,False,False,393.69594001089536,5.9,3,False,3,False,False,False,False,"ema60_gt_ema120, market_above_ma60, avoid_chase, liquidity_ok, kd_golden_cross, above_ichimoku_cloud",,,33.8,58.2,58.2,38.7,-0.64,False,1355.0,D
2026-08-10,31.0,31.05,30.35,31.05,30373456,935043079,2883,凱基金,,0.5526052500750431,0.5702547141169766,-0.0176494640419334,30.25653260264852,28.0421750126545,25.198212285725063,57.57313844543206,24.32862545041021,1.037036118462936,49319609.35,1491336932.55,31.6,28.95,0.1673234072566943,0.6103961692240115,0.0213815789473685,0.0064829821717991,30.85,0.542881869271897,31.626305334365068,30.28500000000004,28.943694665635004,0.7851699685374445,0.0885788564877021,79.41176470588238,73.03921568627509,30.93000000000029,30.360000000000127,1810850831.0,1756437756.75,-20.588235294117634,78.25831126801907,53.05741373467398,27.8625,25.625,101616.43799999992,1.0,0.0359012994688834,-1771808.0,0.0,7178434.0,3.0,-560758.0,0.0,-0.0145197205215148,0.0,0.0,-0.233,0.1571,0.0,26.62,0.16,0,False,0,False,False,True,True,0.6158494846228947,False,True,True,False,True,True,False,False,True,True,True,False,False,False,False,False,True,True,-10.0,0.0,1.771336553945252,15.0,0.1375118551215447,False,True,True,False,False,False,False,-1.0,False,11,False,False,772.8086371076874,10.3,3,False,3,False,False,False,False,"ema60_gt_ema120, rsi_strong, market_above_ma60, avoid_chase, liquidity_ok, adx_trending, kd_golden_cross, obv_uptrend, invest_trust_buy_2d, mfi_strong, above_ichimoku_cloud",,,413.0,95.7,95.7,38.7,-0.46,False,1355.0,D
2026-08-10,38.15,38.2,37.25,37.8,26421693,994602065,2884,玉山金,,0.9560930957262244,0.8973412458300011,0.0587518498962232,36.88456168590288,35.147459355092415,34.12318326061963,62.74718851197515,38.63189471347523,0.8588889175022572,45856668.1,1669984892.1,38.65,36.25,0.5714362419925224,0.3222934702930284,-0.0169050715214565,-0.0091743119266055,38.15,0.3765832045071283,39.32367676369068,36.66750000000011,34.01132323630954,0.7131823483062096,0.1448790762222981,59.99999999999987,65.12820512820508,38.0,37.75500000000011,1375153252.0,1278768518.8,-32.09876543209884,67.56063603722394,51.893507551850334,34.1625,33.625,101616.43799999992,1.0,0.0359012994688834,-9388677.0,0.0,357067.0,3.0,-513287.0,0.0,-0.05280637099034,0.0,0.0,0.253,0.0112,0.0,31.96,-0.07,0,False,0,False,False,True,True,0.5761799558219538,False,True,True,False,True,True,False,False,False,True,True,False,False,False,False,False,True,True,0.0,0.0,2.248677248677253,8.0,0.4245462233465117,False,True,True,False,False,False,False,-1.0,False,10,False,False,798.8563542383777,3.4,10,False,3,False,False,False,False,"ema60_gt_ema120, rsi_strong, market_above_ma60, avoid_chase, liquidity_ok, adx_trending, obv_uptrend, invest_trust_buy_2d, mfi_strong, above_ichimoku_cloud",,,439.0,96.2,96.2,38.7,-0.5,False,1355.0,D
2026-08-10,51.9,51.9,50.2,51.0,23274176,1181367972,2886,兆豐金,,1.4412940688387297,1.5045136447246883,-0.063219575885959,49.56104835363367,46.26442831193885,43.97974941854283,62.91217731125096,47.126918644292175,1.3993996403381816,33836840.6,1672052123.85,53.1,49.4,0.5688218040054619,0.4687890778637976,-0.0116279069767442,0.0019646365422396,50.9,0.6633293350821339,53.083743015560415,49.3925000000002,45.70125698443998,0.7177450784496552,0.149465729232584,41.93548387096775,39.58582238152121,50.82000000000007,50.96500000000015,477983114.0,358651776.1,-40.90909090909094,71.23809523809503,64.13262147189872,44.625,43.05,101616.43799999992,1.0,0.0359012994688834,-10581580.0,0.0,2968372.0,17.0,-898432.0,0.0,-0.0475292064456276,0.0,0.0,0.0153,-0.0331,0.0,18.92,-0.37,0,False,0,False,False,True,True,0.6878353766870302,False,True,True,False,True,True,False,False,True,True,True,False,False,False,False,False,True,False,0.0,0.0,4.1176470588235325,0.0,0.5978577877414024,False,True,True,False,False,False,False,-1.0,False,11,False,False,839.0526472197671,4.5,10,False,3,False,False,False,False,"ema60_gt_ema120, rsi_strong, market_above_ma60, avoid_chase, liquidity_ok, adx_trending, kd_golden_cross, obv_uptrend, invest_trust_buy_2d, mfi_strong, above_ichimoku_cloud",,,479.2,96.8,96.8,38.7,-0.38,False,1355.0,D
2026-08-10,35.4,35.9,34.65,35.9,36103481,1276873033,2887,台新新光金,,0.6760969980730707,0.7760814701850959,-0.0999844721120252,34.70371817367549,31.874481280453058,28.68118119287721,58.86042319031488,25.890084404079428,1.2492634285751982,66171925.35,2301953647.95,36.15,32.6,-0.0529718475713194,0.7859426933320878,0.0169971671388102,0.0213371266002844,35.15,0.4517347752876579,36.82633642085634,34.954999999999885,33.083663579143426,0.7524933489959047,0.1070711726995545,91.0112359550562,74.90636704119788,35.35999999999986,34.774999999999906,3795868349.0,3835945082.35,-8.988764044943798,59.338521400777005,51.65874750827131,30.625,28.475,101616.43799999992,1.0,0.0359012994688834,6712834.0,2.0,4030164.0,2.0,-1110130.0,0.0,-0.0189041323300731,0.0,0.0,3.295,0.1949,0.0,23.21,0.08,0,False,0,False,False,True,True,0.5456011867425586,False,True,True,False,True,True,False,False,False,False,True,False,False,False,False,False,True,True,-20.0,0.0,0.6963788300835655,25.0,-0.063966354661534,True,True,True,False,False,False,False,-1.0,False,9,False,False,699.6884156114871,9.9,3,False,3,False,False,False,False,"ema60_gt_ema120, rsi_strong, market_above_ma60, avoid_chase, liquidity_ok, adx_trending, invest_trust_buy_2d, mfi_strong, above_ichimoku_cloud",,,339.8,92.5,92.5,38.7,-0.54,False,1355.0,D
2025-07-11,11.4,11.85,11.3,11.8,1150009120,13465212826,2888,新光金,,-0.0939755755341966,-0.1148352924334713,0.0208597168992746,11.475506592572293,11.637019833082482,11.70880331563634,59.754808897534296,,0.1967953409137519,175696015.8,2033028506.75,,11.15,-0.2296523829588699,,0.0488888888888889,0.0396475770925111,11.35,1.0,11.963960496754586,11.4925,11.021039503245412,0.8261142790506866,0.0820466385476765,93.33333333333348,50.80808080808091,11.339999999999998,11.335,620505097.0,-204654573.15,-6.666666666666525,55.55555555555588,63.14478191234871,,,,0.0,0.0113660333962202,-7173250.0,0.0,-14911317.0,0.0,31604479.0,20.0,0.0375228554926687,0.0,0.0,0.0,0.0,0.0,0.0,0.0,0,False,0,True,True,True,False,6.54544791333851,True,True,False,False,True,True,False,True,False,True,False,True,False,False,False,False,True,True,-20.0,-12.0,999.0,0.0,2.0,False,False,False,False,False,False,False,-1.0,False,10,False,False,772.0,55.6,3,False,3,False,False,False,False,"macd_golden_cross, volume_break, rsi_strong, avoid_chase, liquidity_ok, hist_turn_positive, stronger_than_market, obv_uptrend, dealer_buy_3d, mfi_strong",,,412.1,95.6,95.6,38.7,6.35,False,1355.0,D
2026-08-10,15.35,15.4,15.2,15.35,3709124,56723422,2889,國票金,,0.0096878265378261,0.0743217458976047,-0.0646339193597785,15.46209467119758,15.343707435721155,15.395568854190708,46.356071355731295,21.56918130032217,0.2415654572608323,6258386.35,97464814.45,15.85,15.3,-0.1708401879966954,0.1271902533529902,-0.0128617363344052,0.0032679738562091,15.3,0.5073177822933548,15.940745602984515,15.59250000000002,15.244254397015522,0.1518261854252111,0.044668347344492,30.76923076923064,25.64102564102601,15.340000000000146,15.450000000000092,330984476.0,358864100.15,-71.4285714285715,-115.2936897617749,35.24321470497856,14.9875,14.875,101616.43799999992,1.0,0.0359012994688834,-579251.0,0.0,1000.0,1.0,2716.0,4.0,-0.0487630358032886,0.0,0.0,1.0004,0.0451,0.0,9.43,-0.28,0,False,0,False,False,True,False,0.5926645931662561,False,False,True,False,True,True,False,False,True,False,False,True,False,False,False,False,False,False,0.0,12.0,3.257328990228013,8.0,-0.6924161053972743,False,False,True,False,False,False,False,-1.0,False,7,False,False,527.6176526668952,2.5,5,False,3,False,True,False,True,"market_above_ma60, avoid_chase, liquidity_ok, adx_trending, kd_golden_cross, dealer_buy_3d, above_ichimoku_cloud",,close_below_ema20,167.8,79.6,79.6,38.7,-0.49,False,1355.0,D
2026-08-10,38.9,39.0,38.45,38.9,10456774,405701317,2890,永豐金,,0.2285290279742184,0.456894351466305,-0.2283653234920865,39.23882828757392,37.22486066774425,34.710820276129674,49.2964591776461,21.9866931196612,1.1114756471483067,37887758.2,1493762167.8,40.6,38.6,-0.1009742259900525,0.5909039343084183,-0.0287141073657927,-0.0012836970474968,38.95,0.2302501740339481,40.78524629441144,39.42750000000005,38.06975370558867,0.3057442682144322,0.0688730603975084,29.508196721311457,27.868852459016733,39.14000000000014,39.24500000000016,1161940518.0,1180473719.05,-62.31884057971018,-74.12935323383034,43.63788376067264,37.5,34.775,101616.43799999992,1.0,0.0359012994688834,311678.0,2.0,-81823.0,0.0,-955760.0,0.0,-0.0646154068346761,0.0,0.0,0.5094,-0.0295,0.0,29.45,0.14,0,False,0,False,False,True,True,0.2759934737970324,False,False,True,False,True,True,False,False,True,False,False,False,False,False,False,False,False,False,10.0,0.0,4.370179948586126,0.0,-0.0531989177988002,True,False,True,False,False,False,False,-1.0,False,7,False,False,527.1215477243848,4.3,5,False,3,False,True,False,True,"ema60_gt_ema120, market_above_ma60, avoid_chase, liquidity_ok, adx_trending, kd_golden_cross, above_ichimoku_cloud",,close_below_ema20,167.3,79.4,79.4,38.7,-0.85,False,1355.0,X
2026-08-10,65.8,66.5,64.9,66.5,22172119,1462501455,2891,中信金,,-0.2142716132451454,-0.6020321999587548,0.3877605867136093,65.0214074090732,63.87119067746824,60.09496042945123,55.60236929731328,23.17478345639062,1.8955934890390944,45503089.15,2887206752.95,66.5,62.0,0.2260297649466071,0.1398810541949942,0.0262345679012345,0.0137195121951221,65.6,0.3264260401474051,66.55990842337552,63.83000000000002,61.10009157662452,0.9890273932153664,0.0855368454762806,96.61016949152535,80.79096045197669,65.5,64.46999999999989,972346013.0,992480373.95,-3.389830508474621,122.53374870197244,57.95004292260717,68.625,62.95,101616.43799999992,1.0,0.0359012994688834,1602937.0,8.0,2891311.0,1.0,-966611.0,0.0,-0.0096667315676488,0.0,0.0,-0.179,0.0318,0.0,35.0,0.24,0,False,0,False,False,True,True,0.4872662365166036,False,True,True,False,True,True,True,False,False,False,False,False,False,False,False,True,True,True,-20.0,-25.0,0.0,25.0,-0.0921700547656952,True,False,False,False,False,False,False,-1.0,False,9,False,False,578.7666217079776,10.3,5,False,3,False,False,False,False,"ema60_gt_ema120, rsi_strong, market_above_ma60, avoid_chase, liquidity_ok, foreign_buy_3d, adx_trending, cci_momentum, mfi_strong",,,218.9,84.6,84.6,38.7,-0.61,False,1355.0,D
2026-08-10,35.7,35.7,34.9,34.95,51369106,1802022225,2892,第一金,,0.7842698121840925,0.8868039824552886,-0.102534170271196,34.781315326492155,32.77072838658911,31.327276013267728,55.108034235270594,42.93566390441631,0.8668505542404837,44321407.05,1545811428.8,36.75,34.8,0.3640148952816203,0.4749273111864172,-0.0278164116828929,-0.0168776371308014,35.55,0.7594229646399913,36.54757812326546,34.7875,33.02742187673454,0.5461627236461858,0.1011902622071409,29.090909090909246,43.333333333333336,35.43999999999996,35.5,1743715331.0,1741409996.9,-55.7142857142856,39.388919565617456,53.328596107119495,31.475,30.275,101616.43799999992,1.0,0.0359012994688834,-17899558.0,0.0,1718341.0,18.0,280873.0,1.0,-0.0637177111517763,0.0,0.0,0.0973,-0.0102,0.0,24.57,-0.58,0,False,0,False,False,True,True,1.1590134298319843,False,True,True,False,True,True,False,False,False,True,True,False,False,False,False,False,True,False,10.0,0.0,5.150214592274669,0.0,0.0065574897350371,False,True,True,False,False,False,False,-1.0,False,10,False,False,766.6688241751403,6.9,10,False,3,False,False,False,False,"ema60_gt_ema120, rsi_strong, market_above_ma60, avoid_chase, liquidity_ok, adx_trending, obv_uptrend, invest_trust_buy_2d, mfi_strong, above_ichimoku_cloud",,,406.8,95.4,95.4,38.7,0.17,False,1355.0,D
2026-08-10,10.2,10.2,10.05,10.15,2571777,26012202,2897,王道銀行,,-0.0696259253134918,-0.0542532106027627,-0.0153727147107291,10.2650398467928,10.269746414084311,10.089494269347488,42.22013892879607,26.021739027315785,0.1571894551154679,5858061.9,60359935.85,10.55,10.1,-0.1776982772367445,0.0403951862137772,-0.0049019607843135,0.0,10.15,0.3342912110222883,10.568019433958929,10.285000000000014,10.0019805660411,0.2615004769961985,0.0550353785044072,28.5714285714285,23.809523809524155,10.169999999999982,10.199999999999957,69366265.0,61782725.85,-72.72727272727269,-74.63952502120429,63.441244338145886,10.4075,10.29,101616.43799999992,1.0,0.0359012994688834,-617171.0,0.0,0.0,0.0,27000.0,2.0,-0.040803260253197,0.0,0.0,0.141,0.1349,0.0,8.82,0.03,0,False,0,False,False,False,True,0.4390149923134134,False,False,True,False,True,True,False,False,True,True,False,False,False,False,False,False,True,False,10.0,0.0,3.940886699507393,0.0,0.3994327495248078,False,False,False,False,False,False,False,-1.0,False,8,False,False,594.1833429174318,3.7,5,False,3,False,True,False,True,"ema60_gt_ema120, market_above_ma60, avoid_chase, liquidity_ok, adx_trending, kd_golden_cross, obv_uptrend, mfi_strong",,close_below_ema20,234.3,86.3,86.3,38.7,-0.66,False,1355.0,D
2026-08-10,23.9,23.9,23.9,23.9,3216,76939,2901,欣欣,,0.0372604009376722,0.091617734767398,-0.0543573338297257,24.05696239406337,23.86826276828163,23.86682138984474,47.83478950577096,40.38997194019086,0.5088501336993474,15848.05,380933.35,24.5,23.75,-0.023319866462292,0.1114274779758792,-0.0164609053497942,-0.0041666666666667,24.0,0.0756239910592325,24.59214660336566,24.13250000000003,23.6728533966344,0.2470883083899505,0.0380935753333164,35.29411764705858,45.09803921568649,24.01000000000004,24.08000000000002,377367.0,370687.25,-54.54545454545461,-89.25318761384547,46.91817674614556,23.7375,23.725,101616.43799999992,1.0,0.0359012994688834,0.0,0.0,0.0,0.0,0.0,0.0,-0.0523622048186777,0.0,0.0,0.0117,0.0309,0.0,0.44,0.02,0,False,0,False,False,True,True,0.2029271740056347,False,False,True,False,True,False,False,False,False,True,False,False,False,False,False,False,False,False,0.0,0.0,2.510460251046031,8.0,0.1716286933534751,False,False,True,False,False,False,False,-1.0,False,6,False,False,452.088816060298,3.2,10,False,3,False,True,False,True,"ema60_gt_ema120, market_above_ma60, avoid_chase, adx_trending, obv_uptrend, above_ichimoku_cloud",,close_below_ema20,92.2,68.6,68.6,38.7,-0.93,False,1355.0,X
2026-08-10,22.05,22.1,21.9,22.05,584791,12866991,2903,遠百,,-0.1444788365178482,-0.1355539730724969,-0.0089248634453512,22.22149835997708,22.45541673938164,22.525499022790672,45.35478047333681,17.826245565426806,0.3746722421819797,2139938.95,47566952.6,22.6,21.85,-0.0475382913431175,-0.0322184244565704,-0.0134228187919462,0.0022727272727272,22.0,0.584845777546597,22.61051348013979,22.202500000000143,21.794486519860502,0.3131189195661478,0.0367538322386795,23.52941176470586,13.72549019607868,22.00000000000018,22.170000000000165,-41555670.0,-43759600.65,-64.99999999999986,-69.67145451543523,45.43677333400482,22.925,23.025,101616.43799999992,1.0,0.0359012994688834,20114.0,2.0,0.0,0.0,27810.0,2.0,-0.0493241182608297,0.0,0.0,-0.0242,-0.1269,0.0,7.96,-0.09,0,False,0,False,False,False,False,0.2732746184184366,False,False,False,False,True,False,False,False,False,True,False,False,False,False,False,False,False,False,10.0,0.0,2.4943310657596403,8.0,0.2476971614061378,True,False,False,False,False,False,False,-1.0,False,3,False,False,208.705112121058,2.7,3,False,3,False,True,False,True,"market_above_ma60, avoid_chase, obv_uptrend",,close_below_ema20,-151.1,15.8,15.8,38.7,-0.85,False,1355.0,X
2026-08-10,12.9,13.1,12.9,13.05,27713,360989,2904,匯僑,,-0.2463954691869965,-0.2241014092927838,-0.0222940598942127,13.482654169072465,14.139594060341675,14.95440732241296,25.72057352409672,38.05858682771724,0.2047247756631081,31760.15,428971.45,13.95,13.2,-0.3119232565953515,-0.1253500331695314,-0.018796992481203,-0.0113636363636362,13.2,0.5121410676430912,14.012593274928625,13.510000000000035,13.007406725071451,0.0423735026444608,0.0744031495083026,29.41176470588237,41.17647058823483,13.179999999999929,13.310000000000036,-2663402.0,-2518642.75,-72.22222222222217,-146.2031558185402,25.713740027386635,14.1625,15.225,101616.43799999992,1.0,0.0359012994688834,10000.0,1.0,0.0,0.0,0.0,0.0,-0.0546982919500864,0.0,0.0,-0.2076,-0.0752,0.0,0.82,-0.02,0,False,0,False,False,False,False,0.8725714456638272,False,False,True,False,True,False,False,False,False,False,False,False,False,False,False,False,False,False,10.0,25.0,6.89655172413792,0.0,-1.123365946885506,False,False,False,False,False,False,False,-1.0,False,3,False,False,205.2453230940122,2.4,5,False,3,False,True,True,True,"market_above_ma60, avoid_chase, adx_trending",,"close_below_ema20, close_below_swing_low",-154.6,14.8,14.8,38.7,-0.16,False,1355.0,D
2026-08-10,16.5,16.55,16.3,16.5,641490,10524140,2905,三商,,0.3729631891319958,0.4059074867981843,-0.0329442976661885,16.12409339328146,15.367976067235,14.982993466375175,61.37927376364867,22.59153680958908,0.419941258732404,1305618.25,21048400.05,17.1,16.15,0.4494802051208387,0.3833214097494878,-0.0322580645161291,0.0060975609756097,16.4,0.4119754710163882,17.141773842264822,16.104999999999972,15.068226157735124,0.6904947751850795,0.128751796617802,45.16129032258058,40.5439595192917,16.359999999999946,16.519999999999936,17889433.0,16109758.15,-48.571428571428605,63.648834019204365,65.0238787963932,14.7125,14.325,101616.43799999992,1.0,0.0359012994688834,18829.0,3.0,0.0,0.0,9000.0,3.0,-0.0681593639850125,0.0,0.0,0.0,-0.2143,0.0,4.4,-0.01,0,False,0,False,False,True,True,0.4913304482378367,False,True,True,False,True,False,True,False,False,True,False,True,False,False,False,False,True,False,0.0,0.0,3.636363636363645,0.0,0.7345191466200806,True,False,True,False,False,False,False,-1.0,False,10,False,False,718.7275342418194,3.8,5,False,3,False,False,False,False,"ema60_gt_ema120, rsi_strong, market_above_ma60, avoid_chase, foreign_buy_3d, adx_trending, obv_uptrend, dealer_buy_3d, mfi_strong, above_ichimoku_cloud",,,358.9,93.7,93.7,38.7,-0.6,False,1355.0,D
2026-08-10,13.25,13.55,13.25,13.5,125762,1687618,2906,高林,,-0.1332261792507125,-0.1137934238112524,-0.0194327554394601,13.307823402136968,13.269439539447568,13.190209165024434,53.2236448273363,21.374656335193105,0.3408036553707429,286947.55,3861394.65,14.1,12.8,-0.4362782772271824,0.1411116488151738,0.0546875,0.0266159695817489,13.15,0.2211290142771765,14.263799601752376,13.397500000000012,12.531200398247652,0.5591596716613101,0.1293225753688913,94.44444444444436,66.89814814814842,13.080000000000018,13.070000000000029,-7233048.0,-7371336.55,-5.555555555555633,10.041077133728525,32.081068727437895,14.275000000000002,14.1,101616.43799999992,1.0,0.0359012994688834,2000.0,2.0,0.0,0.0,1000.0,1.0,0.0187862005311165,0.0,0.0,0.0523,0.1551,0.0,1.73,0.02,0,False,0,False,False,True,True,0.4382752178926079,False,False,True,False,False,False,False,True,False,True,False,False,False,False,False,False,False,True,-20.0,0.0,4.444444444444442,0.0,0.0846007403644456,True,False,False,False,False,False,False,-1.0,False,5,False,False,405.3979610632994,14.1,5,False,3,False,False,False,False,"ema60_gt_ema120, market_above_ma60, adx_trending, stronger_than_market, obv_uptrend",,,45.5,60.1,60.1,38.7,-0.66,False,1355.0,D
2026-08-10,21.5,21.8,21.45,21.8,104988,2270045,2908,特力,,0.0627765426026663,0.105437033128365,-0.0426604905256987,21.732745104847904,21.43294371659661,21.08151619935608,52.085625888268574,17.712969343661594,0.3664044951007857,197610.2,4299740.6,22.15,21.4,-0.0292268900455492,0.0631459681208417,0.0046082949308756,0.013953488372093,21.5,0.3682604277673583,22.229046536802493,21.80999999999999,21.39095346319749,0.4880681510026368,0.0384270093353967,52.94117647058828,37.25490196078317,21.67999999999993,21.834999999999944,8990317.0,9160682.8,-47.05882352941172,-37.53351206434415,31.72473938988105,21.15,20.925,101616.43799999992,1.0,0.0359012994688834,4000.0,1.0,0.0,0.0,0.0,0.0,-0.0312930045380077,0.0,0.0,0.0079,0.0473,0.0,1.83,-0.05,0,False,0,False,False,True,True,0.5312883646694351,False,False,False,False,True,False,False,False,True,False,False,False,False,False,True,False,False,False,0.0,0.0,1.6055045871559532,15.0,-0.2255947984290117,False,False,True,False,False,False,False,-1.0,False,6,False,False,422.6057460655462,5.3,3,False,3,False,False,False,False,"ema60_gt_ema120, market_above_ma60, avoid_chase, kd_golden_cross, williams_r_recovery, above_ichimoku_cloud",,,62.8,63.3,63.3,38.7,-0.56,False,1355.0,D
2026-08-10,26.1,26.1,24.55,24.55,11606,293093,2910,統領,,0.4903216183778767,0.7328592415038229,-0.2425376231259461,24.58524751407037,23.313263055615057,22.49041035913612,50.79646943773449,23.27195300008211,1.88539372498618,165351.75,4282726.4,28.3,24.2,-0.119528135289199,,-0.0199600798403193,0.0123711340206185,24.25,0.147590506689964,27.562578450595627,25.172499999999992,22.78242154940436,0.3697741490776469,0.1898959936911816,11.11111111111111,15.468409586056929,24.66000000000004,25.089999999999964,-241947.0,-69260.85,-82.91139240506328,-14.083629338817168,31.969228849971984,12.0,12.2,101616.43799999992,1.0,0.0359012994688834,0.0,0.0,0.0,0.0,-2000.0,0.0,-0.0558613793092027,0.0,0.0,0.2953,0.1756,0.0,0.46,0.02,0,False,0,False,False,True,True,0.0701897621283113,False,False,True,False,True,False,False,False,False,False,False,False,False,False,False,False,False,False,20.0,0.0,15.274949083503053,0.0,-1.0093334914506786,False,False,True,False,True,False,False,-1.0,False,5,True,False,363.589895723875,11.5,3,False,3,False,True,False,True,"ema60_gt_ema120, market_above_ma60, avoid_chase, adx_trending, above_ichimoku_cloud",open_high_close_low,close_below_ema20,3.7,51.2,51.2,38.7,-1.09,False,1355.0,X
2026-08-10,7.25,7.25,7.01,7.09,194099,1385444,2911,麗嬰房,,-0.1606787222677077,-0.1785188909138004,0.0178401686460926,7.03490924137605,7.039642963400094,6.5579528217402725,49.602771803306574,12.566249658478196,0.3092405506208147,160673.6,1131390.9,7.52,6.63,-0.4409260782478901,-0.2690711005339518,0.0216138328530257,0.0426470588235294,6.8,0.5893890106097994,7.492347154271421,7.013999999999999,6.535652845728576,0.5794402133694703,0.136397819866388,81.60919540229884,66.62770553435014,6.881999999999925,6.83599999999999,2021224.0,2473107.45,-18.39080459770116,26.5671076481889,43.9970121838142,7.847499999999999,7.545,101616.43799999992,1.0,0.0359012994688834,13000.0,2.0,0.0,0.0,0.0,0.0,-0.0142874666158576,0.0,0.0,-0.1382,-0.0677,0.0,20.91,0.03,0,False,0,True,True,True,True,1.2080329313589786,False,False,False,False,True,False,False,False,False,False,False,False,False,False,False,False,False,True,-20.0,0.0,6.064880112834975,0.0,-0.4965802177621005,True,False,False,False,True,False,False,-1.0,False,5,True,False,286.1213667004446,16.1,3,False,3,False,False,False,False,"macd_golden_cross, ema60_gt_ema120, market_above_ma60, avoid_chase, hist_turn_positive",open_high_close_low,,-73.7,31.7,31.7,38.7,0.22,False,1355.0,D
2026-08-10,222.0,222.0,219.0,219.5,1519795,333830967,2912,統一超,,-3.709571685415909,-1.362969144445511,-2.346602540970398,229.05680204518256,229.8123542612257,229.35588980236344,34.51928848684571,23.50607397215148,5.34640928195738,4017608.25,942691179.15,245.5,220.0,-0.6739938306085592,0.0945560186453354,-0.0045351473922902,-0.006787330316742,221.0,0.5869232930689853,253.3624960165705,233.75,214.1375039834295,0.13671120728437,0.1678074525481968,6.25,9.02777777777798,220.7,225.65,-4470716.0,6417141.5,-94.0,-101.59989921894646,32.06443104054176,226.25,226.75,101616.43799999992,1.0,0.0359012994688834,-428460.0,0.0,-1310.0,0.0,-22610.0,0.0,-0.0404364468611736,0.0,0.0,0.0631,-0.0324,0.0,14.04,0.45,0,False,0,False,False,False,True,0.3782835222921498,False,False,True,False,True,True,False,False,False,False,False,False,False,False,False,False,False,False,20.0,12.0,11.84510250569476,0.0,-0.4408400668372893,False,False,False,False,False,False,False,-1.0,False,5,False,False,355.492754420874,5.1,5,False,3,False,True,True,True,"ema60_gt_ema120, market_above_ma60, avoid_chase, liquidity_ok, adx_trending",,"close_below_ema20, close_below_swing_low",-4.4,49.4,49.4,38.7,-0.73,False,1355.0,D
2026-08-10,11.0,11.05,10.95,11.05,1241617,13651985,2913,農林,,-0.0571892631770847,-0.042716188839465,-0.0144730743376196,11.048857682657644,11.210372336649929,11.663087759852289,49.37365623285279,9.16145052101171,0.2604798705116779,2299141.25,25619672.65,11.5,10.8,-0.2413428873899107,0.0211471329138845,0.0231481481481481,0.0045454545454546,11.0,0.8901431348927573,11.503861229940409,11.117499999999996,10.731138770059584,0.4126465147520032,0.0695050559820845,58.33333333333344,47.22222222222263,10.95,10.955000000000018,-1369286.0,-1970172.1,-58.82352941176461,-43.41880341880338,52.65727029660415,11.0375,11.35,101616.43799999992,1.0,0.0359012994688834,376644.0,4.0,0.0,0.0,2000.0,2.0,-0.0127531513207352,0.0,0.0,-0.2249,-0.2029,0.0,5.44,0.05,0,False,0,False,False,False,False,0.5400351109354417,False,False,False,False,True,False,True,False,False,True,False,False,False,False,False,False,True,False,0.0,0.0,4.072398190045242,0.0,0.0433567596242803,True,False,False,False,False,False,False,-1.0,False,5,False,False,320.92063222484575,9.1,3,False,3,False,False,False,False,"market_above_ma60, avoid_chase, foreign_buy_3d, obv_uptrend, mfi_strong",,,-38.9,40.5,40.5,38.7,-0.55,False,1355.0,D
2026-08-10,52.4,53.4,52.2,53.4,2960708,156997596,2915,潤泰全,,0.3622509793758226,0.3198152071492586,0.042435772226564,51.742825032322585,50.4612503389632,50.06515751635052,61.31336713243289,19.540342366050933,1.1735430144964027,3037018.95,157319003.85,52.8,50.5,0.0585338229534123,0.3024756679656166,0.0171428571428571,0.0289017341040462,51.9,0.4917327387848034,53.04181104835325,51.69499999999998,50.34818895164671,1.132976690414256,0.052106046942771,100.0,66.66666666666667,52.01999999999971,51.77999999999993,-8867027.0,-19208020.65,-0.0,166.0297239915063,67.87488876694478,50.5625,48.25,101616.43799999992,1.0,0.0359012994688834,1654570.0,2.0,0.0,0.0,10601.0,1.0,-0.0187584423260263,0.0,0.0,0.1284,0.3715,0.0,5.78,-0.01,0,False,0,True,True,True,True,0.9748730741373872,False,True,False,True,True,True,False,False,False,True,False,False,True,False,False,True,True,True,-20.0,-25.0,-1.1235955056179805,25.0,0.3760762561196585,True,False,True,False,False,False,False,-1.0,False,13,False,False,934.2616458148098,8.0,3,False,3,False,False,False,False,"macd_golden_cross, ema60_gt_ema120, rsi_strong, breakout_20d, market_above_ma60, avoid_chase, liquidity_ok, hist_turn_positive, obv_uptrend, bb_squeeze_breakout, cci_momentum, mfi_strong, above_ichimoku_cloud",,,574.4,98.2,98.2,38.7,-0.05,False,1355.0,D
2026-08-10,27.0,27.8,27.0,27.55,63168,1722354,2923,鼎固-KY,,0.0205415092786012,1.2862567625846548,-1.2657152533060536,31.226360529614333,28.576593228747765,26.09538402028086,42.22156018714475,20.5331381461651,3.063985536333386,376590.9,12794176.6,41.0,27.2,-0.9642743660093892,0.8101949986384631,-0.1651515151515151,0.0128676470588235,27.2,0.3641670753728073,40.45162114831669,33.21249999999996,25.973378851683226,0.108895894682145,0.4359275061086483,3.2069970845481093,3.0497657485163168,28.4,32.56499999999996,2679176.0,3493561.4,-96.7930029154519,-130.40708669254516,43.13186207644949,25.262500000000003,24.825000000000003,101616.43799999992,1.0,0.0359012994688834,-7000.0,0.0,0.0,0.0,5000.0,1.0,-0.2010528146203986,0.0,0.0,2.9484,0.2035,0.0,99.53,-0.01,0,False,0,False,False,False,True,0.1677363951173541,False,False,True,False,True,False,False,False,True,False,False,False,False,False,False,False,False,False,20.0,12.0,48.82032667876587,0.0,-0.640566837334154,False,False,True,False,False,False,False,-1.0,False,6,False,False,460.9905619031637,16.7,3,False,3,False,True,False,True,"ema60_gt_ema120, market_above_ma60, avoid_chase, adx_trending, kd_golden_cross, above_ichimoku_cloud",,close_below_ema20,101.1,70.2,70.2,38.7,-0.97,False,1355.0,X
2026-08-10,5.52,5.52,5.47,5.49,117892,647773,2929,淘帝-KY,,-0.0850947879774812,-0.0541353270006012,-0.0309594609768799,5.676356890916777,5.8371952929366016,6.237253574596236,34.9591976661505,14.493023875900956,0.1593440425619013,157785.0,905506.3,6.0,5.51,-0.4114633608980949,-0.0202269564756971,-0.019642857142857,-0.0054347826086955,5.52,0.4233182094697353,6.058573793750708,5.734999999999957,5.411426206249206,0.1214155708347009,0.1128417763734101,16.216216216216345,17.462142994058013,5.531999999999971,5.595999999999958,-18082185.0,-17523242.7,-90.3225806451612,-114.942528735633,25.491627093262224,5.94,5.895,101616.43799999992,1.0,0.0359012994688834,5000.0,2.0,0.0,0.0,0.0,0.0,-0.0555441566117405,0.0,0.0,0.728,-0.2969,0.0,16.88,-0.01,0,False,0,False,False,False,False,0.7471686155211205,False,False,False,False,True,False,False,False,False,False,False,False,False,False,False,False,False,False,20.0,12.0,9.289617486338797,0.0,-0.6433649274632777,True,False,False,False,False,False,False,-1.0,False,2,False,False,181.7513070256519,4.4,3,False,3,False,True,True,True,"market_above_ma60, avoid_chase",,"close_below_ema20, close_below_swing_low",-178.1,10.2,10.2,38.7,-0.31,False,1355.0,D
2026-08-10,20.75,20.75,19.3,19.6,118000,2327550,2939,永邑-KY,,-0.2972167408204917,-0.3781489778304095,0.0809322370099178,19.10738344174205,20.382728632243243,21.75769185916193,52.74339098741808,12.169168401229832,0.8355698888455814,43069.35,838110.95,20.2,18.2,-0.0487505658462956,-0.3807113845504813,0.0343007915567283,0.0370370370370372,18.9,0.3692564106283187,19.97783672881958,19.01249999999996,18.047163271180327,0.8042979628043466,0.1015475848856939,56.60377358490569,27.4393530997307,18.65999999999985,18.954999999999927,-120137.0,-186783.7,-57.142857142857146,156.45617342130035,68.04415951373147,20.6625,22.675,101616.43799999992,1.0,0.0359012994688834,-7000.0,0.0,0.0,0.0,0.0,0.0,-0.001600507912155,0.0,0.0,0.0543,-0.3381,0.0,19.85,0.01,0,False,0,False,False,False,False,2.7397673751751537,True,False,False,False,True,False,False,False,False,True,False,False,False,False,False,True,True,False,0.0,-12.0,3.061224489795907,8.0,0.5202354402479453,False,False,False,False,True,False,False,-1.0,False,6,True,False,419.6404990347269,48.4,3,False,3,False,False,False,False,"volume_break, market_above_ma60, avoid_chase, obv_uptrend, cci_momentum, mfi_strong",open_high_close_low,,59.8,62.7,62.7,38.7,1.98,False,1355.0,D
2026-08-10,40.95,41.1,40.5,40.5,42282,1721068,2945,三商家購,,-0.1267345890756246,-0.1152865129258972,-0.0114480761497273,41.405452269380376,41.4865939795045,41.01575613820553,39.478835691813295,17.4137554694809,0.8395869752963325,12534.9,514489.6,41.7,41.1,0.0072153033679501,0.0050562228187335,-0.0145985401459853,-0.0287769784172662,41.7,1.0206484332548451,42.09837490847788,41.33000000000011,40.561625091522345,-0.0401009265414656,0.0371824296384111,0.0,56.79012345679015,41.37000000000044,41.345000000000255,-4554543.0,-4548919.25,-100.0,-191.358024691361,42.126587602482985,42.2375,41.5,101616.43799999992,1.0,0.0359012994688834,2000.0,1.0,0.0,0.0,5000.0,1.0,-0.0504998396148688,0.0,0.0,0.3909,-0.0227,0.0,0.49,0.01,0,False,0,False,False,False,True,3.3731421870138574,True,False,False,False,True,False,False,False,False,False,False,False,False,False,False,False,False,True,20.0,25.0,2.96296296296297,8.0,-0.0086887093292477,False,False,False,False,False,False,False,-1.0,False,4,False,False,351.6271573581876,43.1,3,False,3,True,True,True,True,"ema60_gt_ema120, volume_break, market_above_ma60, avoid_chase",,"macd_death_cross, close_below_ema20, close_below_swing_low",-8.2,48.4,48.4,38.7,2.71,False,1355.0,D
2026-08-10,125.5,127.0,124.5,126.5,260800,32867121,3004,豐達科,,-3.4616453465164625,-2.1153547954946674,-1.346290551021795,132.51644380798592,131.81283316321023,126.81216975379056,43.16283739028396,17.098224116983847,7.138650095489544,819945.8,111176940.9,155.5,124.0,-1.0361573644121582,0.1232628273475589,0.0160642570281124,0.0201612903225807,124.0,0.80356677645307,153.48542517447302,135.37499999999983,117.26457482552664,0.2549753825628229,0.267559374692125,39.285714285714285,38.01587301587279,126.7,128.3,39485601.0,40843783.05,-77.55102040816327,-85.57123350022742,12.82094826678386,131.75,126.5,101616.43799999992,1.0,0.0359012994688834,34282.0,5.0,-10000.0,0.0,-4151.0,0.0,-0.019837042440771,0.0,0.0,0.4656,0.0605,0.0,5.07,0.81,0,False,0,False,False,False,True,0.3180698041260776,False,False,False,False,True,True,True,False,True,False,False,False,False,False,False,False,False,False,0.0,0.0,22.92490118577075,0.0,-0.3806880783677403,True,False,False,False,False,False,False,-1.0,False,6,False,False,448.6124411008479,13.0,3,False,3,False,True,False,True,"ema60_gt_ema120, market_above_ma60, avoid_chase, liquidity_ok, foreign_buy_3d, kd_golden_cross",,close_below_ema20,88.8,68.2,68.2,38.7,-0.8,False,1355.0,D
2026-08-10,37.5,38.45,37.5,37.95,83573,3177688,3040,遠見,,-0.1375743564341647,-0.4674956138909536,0.3299212574567889,37.02657634124606,38.631582224710286,41.89175434553944,55.74826569112022,20.75822916064874,1.332871634024019,277961.6,10079082.55,38.8,35.0,-0.1348065830919867,-0.159587887513165,0.0690140845070423,-0.0130039011703511,38.45,0.3192550005396665,39.32016828812074,36.8875,34.454831711879265,0.7183816028655499,0.1318966201624256,85.57692307692308,93.5897435897441,37.560000000000215,36.45,19509602.0,19766130.05,-14.423076923076914,70.31169100134626,16.06155169864506,38.8625,42.175,101616.43799999992,1.0,0.0359012994688834,9000.0,1.0,0.0,0.0,0.0,0.0,0.0331127850381589,0.0,0.0,0.0872,-0.0522,0.0,0.83,0.04,0,False,0,False,False,False,False,0.3006638327020711,False,True,True,False,False,False,False,True,False,False,False,False,False,False,False,False,False,True,-20.0,0.0,2.2397891963109204,8.0,-0.3532903500969244,False,False,False,False,False,False,False,-1.0,False,4,False,False,336.76715412585764,17.7,3,False,3,False,False,False,False,"rsi_strong, market_above_ma60, adx_trending, stronger_than_market",,,-23.1,44.0,44.0,38.7,-0.82,False,1355.0,D
2026-08-10,10.7,10.75,10.7,10.7,137059,1469278,3052,夆典,,-0.0396512122598018,-0.0474199226535631,0.0077687103937613,10.66387755669416,10.747554940462113,10.929031483780332,51.29413772435801,12.828295110118464,0.1574630335489991,295910.9,3155658.7,10.85,10.45,-0.131373179567915,0.015966269652622,0.0142180094786728,0.0,10.7,0.4363566363631527,10.914791576167165,10.674999999999978,10.43520842383279,0.5521286035139766,0.0449258222327283,74.99999999999967,70.83333333333333,10.63000000000002,10.585000000000036,-26635424.0,-26148453.8,-33.333333333333464,21.43260011280417,36.20628430813253,10.7375,10.725,101616.43799999992,1.0,0.0359012994688834,-5000.0,0.0,0.0,0.0,0.0,0.0,-0.0216832899902106,0.0,0.0,-0.0784,-0.1858,0.0,2.57,-0.16,0,False,0,False,False,False,False,0.4631765845732617,False,False,False,False,True,False,False,False,False,False,False,False,False,False,False,False,False,True,-10.0,0.0,1.4018691588785082,15.0,-0.4866261822860098,False,False,False,False,False,False,False,-1.0,False,2,False,False,108.7922516583005,6.5,3,False,3,False,False,False,False,"market_above_ma60, avoid_chase",,,-251.1,2.4,2.4,38.7,-0.63,False,1355.0,D
2026-08-10,14.15,14.3,14.05,14.25,672543,9529089,3056,富華新,,-0.1295456272635604,-0.1339650168795581,0.0044193896159976,14.21439767022616,14.427955210526504,15.278001887754227,49.55807913667042,17.582826409086422,0.3467415555795148,1007606.95,14350728.45,14.85,13.9,-0.2606014200934343,0.0731076144138499,0.0178571428571427,0.0106382978723404,14.1,0.6203397342164148,14.83883219686688,14.239999999999965,13.641167803133046,0.5083495844515016,0.0841056456273762,93.33333333333324,83.12576312576311,14.070000000000071,14.019999999999982,-127361343.0,-129829386.2,-48.14814814814818,-6.592501030078428,49.03200279876775,14.675,14.375,101616.43799999992,1.0,0.0359012994688834,262480.0,9.0,0.0,0.0,5944.0,2.0,-0.0180441566117406,0.0,0.0,0.2888,0.0233,0.0,3.61,0.09,0,False,0,True,True,False,False,0.6674656223838076,False,False,False,False,True,False,True,False,False,True,False,False,False,False,False,False,False,True,-20.0,0.0,4.210526315789472,0.0,0.2799599778908575,True,False,False,False,False,False,False,-1.0,False,6,False,False,465.0341759585284,8.4,3,False,3,False,False,False,False,"macd_golden_cross, market_above_ma60, avoid_chase, hist_turn_positive, foreign_buy_3d, obv_uptrend",,,105.2,70.8,70.8,38.7,-0.4,False,1355.0,D
2026-08-10,555.0,588.0,551.0,588.0,1250697,724579836,3026,禾伸堂,,-58.52406709741183,-59.89578606016414,1.3717189627523112,602.4597324928011,605.4921058481715,486.9474761705178,47.07720841792059,23.332667559676526,64.07729134898361,5535982.7,3845490998.6,905.0,427.5,-2.468529623077801,0.2763204006953793,0.279651795429815,0.0990654205607477,535.0,0.3140217293292238,837.6915443982876,604.825,371.9584556017125,0.4638741579571364,0.7700294941455382,96.07843137254902,80.47863440678277,552.2,509.95,237921962.0,229695900.25,-41.1663807890223,-21.07540274340778,66.43463139446308,776.0,558.25,101616.43799999992,1.0,0.0359012994688834,-81025.0,0.0,-25000.0,0.0,10066.0,2.0,0.2437504959609315,0.0,0.0,0.0,0.0,0.0,20.7,1.14,0,False,0,True,True,False,True,0.2259214068714485,False,False,True,False,False,True,False,True,False,True,False,False,False,False,False,False,True,True,-20.0,0.0,53.91156462585034,0.0,1.1115181475464917,False,False,False,False,False,False,False,-1.0,False,9,False,False,755.5974318392724,46.3,5,False,3,False,True,False,True,"macd_golden_cross, ema60_gt_ema120, market_above_ma60, liquidity_ok, hist_turn_positive, adx_trending, stronger_than_market, obv_uptrend, mfi_strong",,close_below_ema20,,,,,,,,
2026-08-10,382.0,392.0,376.0,384.5,5128734,1981600328,2455,全新,,6.341986040843437,-4.8411988763181535,11.18318491716159,338.0004007291126,337.51081342894526,310.1592046391263,59.54441172127333,14.824240966085544,28.866445400536826,9258903.25,3142457619.2,388.0,265.5,1.0292261496361426,-0.4804556114743418,0.1978193146417446,0.0563186813186813,364.0,1.584167980188297,393.63344780743626,322.05,250.4665521925638,0.9362041918405092,0.4445486589500775,88.0952380952381,80.6122448979592,372.3,331.5,326523159.0,358297991.55,-11.904761904761903,138.5371919511643,37.93592183713627,378.125,381.0,101616.43799999992,1.0,0.0359012994688834,-48565.0,0.0,-46000.0,0.0,300545.0,2.0,0.1619180151728612,0.0,0.0,0.0,0.0,0.0,27.53,-1.07,0,False,0,False,False,True,True,0.553924569845786,False,True,False,False,False,True,False,True,False,False,False,False,False,False,False,False,False,True,-20.0,-25.0,0.9102730819245772,25.0,-1.4209967433050332,False,False,True,True,False,True,False,-1.0,False,6,True,False,458.4872847787975,41.3,5,True,3,False,False,False,False,"ema60_gt_ema120, rsi_strong, market_above_ma60, liquidity_ok, stronger_than_market, above_ichimoku_cloud","long_upper_shadow, gap_chase_after_blowout",,,,,,,,,
2026-08-10,979.0,995.0,976.0,992.0,7464140,7369228586,3037,欣興,,12.210105300748069,-12.404263969148404,24.61436926989647,889.0171159169745,865.7751220289174,754.5305610044068,58.78354258170438,12.475302061686126,71.98258824773397,27032251.6,23294330561.75,973.0,688.0,0.5050331163591565,-0.1988730211972314,0.146820809248555,0.0387434554973822,955.0,0.7619035855890451,1031.4203240038742,859.2,686.9796759961259,0.8855526366243877,0.4008852979606008,94.95798319327731,89.72922502334343,962.6,863.3,2642287087.0,2543932789.55,-5.042016806722689,124.03252032520317,48.81898677771298,993.0,887.0,101616.43799999992,1.0,0.0359012994688834,3502767.0,1.0,31000.0,10.0,161609.0,1.0,0.1109195097796715,0.0,0.0,0.0,0.0,0.0,36.3,0.44,0,False,0,False,False,True,True,0.2761198035016809,False,True,False,True,False,True,False,True,False,True,True,False,False,False,False,False,False,True,-20.0,-12.0,-1.9153225806451613,25.0,1.4597555582228725,False,True,False,False,False,False,False,-1.0,False,8,False,False,698.2782647336913,35.0,5,True,3,False,False,False,False,"ema60_gt_ema120, rsi_strong, breakout_20d, market_above_ma60, liquidity_ok, stronger_than_market, obv_uptrend, invest_trust_buy_2d",,,,,,,,,,
2026-08-10,105.5,113.5,104.0,113.5,1128644,123650899,3055,蔚華科,,-8.035703371193605,-4.622905512123911,-3.412797859069695,120.26486113649052,116.465359544529,102.44244279145632,45.94288646610589,27.350282219812723,11.206628930462491,1555084.65,201227198.05,193.0,90.4,-3.6861082565160186,0.4312487955919699,0.2191192266380237,0.0966183574879226,103.5,0.212672910965131,198.2103551767201,132.78500000000005,67.35964482327994,0.3526183010553829,0.9854329205365072,96.25468164794007,63.5897504804822,108.3,103.62000000000008,80512927.0,89509317.25,-70.86167800453515,-52.19540972553868,13.293004085222565,111.6,106.45,101616.43799999992,1.0,0.0359012994688834,-297759.0,0.0,0.0,0.0,-41469.0,0.0,0.1832179271691403,0.0,0.0,0.0,0.0,0.0,5.84,-0.33,0,False,0,False,False,False,True,0.7257765678543608,False,False,True,False,False,True,False,True,False,False,False,False,False,False,False,False,False,True,-20.0,0.0,70.04405286343612,0.0,-0.4894698519434252,False,False,True,False,False,False,False,-1.0,False,6,False,False,526.3841274552225,44.8,5,False,3,False,True,False,True,"ema60_gt_ema120, market_above_ma60, liquidity_ok, adx_trending, stronger_than_market, above_ichimoku_cloud",,close_below_ema20,,,,,,,,
