date,open,high,low,close,volume,amount,stock_id,name,industry_category,macd,macd_signal,macd_hist,ema20,ema60,ema120,rsi14,adx14,atr14,volume_ma20,amount_ma20,close_20d_high,close_10d_low,lr_slope_20,lr_slope_60,return_5d,day_return,prev_close,prev_volume_ratio,bb_upper,bb_mid,bb_lower,bb_pct_b,bb_bandwidth,stoch_k,stoch_d,sma5,sma10,obv,obv_ma,williams_r,cci20,mfi14,ichi_senkou_a,ichi_senkou_b,market_ma60,market_above_ma60,market_return_5d,foreign_net,foreign_buy_streak,invest_trust_net,invest_trust_streak,dealer_net,dealer_buy_streak,relative_strength_5d,margin_change_5d,short_ratio,revenue_yoy,revenue_mom,revenue_3m_yoy,foreign_holding_pct,foreign_holding_chg5d,insider_net_30d,has_buyback,limit_down_streak,macd_golden_cross,hist_turn_positive,above_ema60,ema60_gt_ema120,volume_ratio,volume_break,rsi_strong,adx_trending,breakout_20d,avoid_chase,liquidity_ok,foreign_buy_3d,stronger_than_market,kd_golden_cross,obv_uptrend,invest_trust_buy_2d,dealer_buy_3d,bb_squeeze_breakout,breakout_volume_confirm,williams_r_recovery,cci_momentum,mfi_strong,ma5_above_ma10,kd_level_score,bb_level_signal,gap_to_20d_high_pct,breakout_proximity_score,obv_strength,foreign_buy_accel,invest_trust_accel,above_ichimoku_cloud,long_upper_shadow,open_high_close_low,gap_chase_after_blowout,earnings_blocked,f_score,f_score_low,condition_count,skip_trade,entry_signal,entry_score,momentum_score,expected_hold_days,momentum_decay_signal,estimated_sl_days,macd_death_cross,close_below_ema20,close_below_swing_low,base_exit_signal,entry_reason,skip_reason,base_exit_reason,sector_rs,sector_rs_rank,market_rs_rank,sector_breadth_60,sector_vol_zscore,is_sector_leader,sector_stock_count,grade
2026-09-08,132.5,134.5,129.5,131.0,734535,96730195,2072,世紀風電,,-4.7363560399415405,-2.887018626907617,-1.8493374130339235,143.295505733194,153.1148890505301,172.38135373796968,30.39933507565584,13.496959760196038,4.66825329141719,360200.65,52220353.45,155.0,132.0,-0.7712759594954909,,-0.0742049469964664,-0.0075757575757575,132.0,1.6091189214686268,159.89353909194637,145.725,131.55646090805362,-0.0196372012824499,0.1944558461752804,7.317073170731708,4.589562024652575,135.2,140.15,-16946499.0,-14559155.0,-94.73684210526316,-158.30607051981067,12.302995806600194,153.75,103.5,,,,0.0,0.0,0.0,0.0,0.0,0.0,,0.0,0.0,1.0565,-0.0853,0.0,1.14,0.0,0,False,0,False,False,False,False,2.0392384078151995,True,False,False,False,True,True,False,False,True,False,False,False,False,False,False,False,False,False,20.0,25.0,18.3206106870229,0.0,-2.0,False,False,False,False,False,False,False,-1.0,False,5,False,False,371.392384078152,,3,False,3,False,True,True,True,"volume_break, market_above_ma60, avoid_chase, liquidity_ok, kd_golden_cross",,"close_below_ema20, close_below_swing_low",119.2,74.1,59.2,18.5,1.34,False,27,D
2026-09-08,14000.0,14200.0,12515.0,12520.0,1284516,16662072085,2059,川湖,,865.6572865351827,1197.8080124081937,-332.15072587301074,13137.944518970358,10543.23794417882,8323.544531026499,48.9599661021942,44.1652318204919,792.5242396106161,571332.0,7915770825.0,14510.0,13450.0,0.3212469347950231,1.4535756098572767,-0.1151943462897526,-0.0996044588277598,13905.0,0.5664692663597223,15209.780860550432,13704.0,12198.219139449568,0.106848502654233,0.219757860559024,0.217391304347826,29.40179309744538,13520.0,13908.0,16728786.0,19441799.35,-99.78260869565216,-79.02567296380866,33.68326598145008,7803.75,6687.5,,,,0.0,0.0,0.0,0.0,0.0,0.0,,0.0,0.0,3.5552,0.4422,0.0,23.6,0.05,0,False,1,False,False,True,True,2.2482829598202096,True,False,True,False,True,True,False,False,False,False,False,False,False,False,False,False,False,False,20.0,12.0,15.894568690095848,0.0,-1.6653548821041364,False,False,True,False,False,False,False,-1.0,False,7,False,False,539.4985710129524,,8,False,3,False,True,True,True,"ema60_gt_ema120, volume_break, market_above_ma60, avoid_chase, liquidity_ok, adx_trending, above_ichimoku_cloud",,"close_below_ema20, close_below_swing_low",190.0,82.9,83.0,33.7,1.14,False,193,X
2026-09-08,300.0,301.5,289.0,291.0,18980605,5547265273,2301,光寶科,,16.29865929809472,18.34241652318187,-2.043757225087152,286.6857576020513,252.4908315721371,226.25403030111943,54.80600043635116,39.19225994637959,18.23558075563748,34723834.85,10072407707.05,317.5,296.0,0.9188255695741024,0.7262452981023897,-0.0316139767054908,-0.0267558528428093,299.0,0.6912652491354158,325.6461044494987,288.025,250.4038955505013,0.5395389774374323,0.2612349931394755,5.128205128205129,29.04862211792897,302.4,304.3,494280817.0,456498149.8,-48.05194805194805,20.044945294686848,59.507545505019785,204.0,219.25,,,,0.0,0.0,0.0,0.0,0.0,0.0,,0.0,0.0,0.3761,0.0188,0.0,43.52,-0.52,0,False,0,False,False,True,True,0.5466160371396882,False,False,True,False,True,True,False,False,False,True,False,False,False,False,False,False,True,False,20.0,0.0,9.106529209621993,0.0,0.7816863332175613,False,False,True,False,False,False,False,-1.0,False,8,False,False,624.8463963700076,,8,False,3,False,False,True,True,"ema60_gt_ema120, market_above_ma60, avoid_chase, liquidity_ok, adx_trending, obv_uptrend, mfi_strong, above_ichimoku_cloud",,close_below_swing_low,305.1,94.4,90.9,30.6,-0.6,False,108,D
2026-09-08,43.0,43.55,41.7,41.8,2178017,92308086,2302,麗正,,0.0721854408040982,0.2786091392699358,-0.2064236984658375,43.06351983818819,40.98350113359532,35.90541697016215,46.045988331499714,11.72379104118566,2.60551493378406,4503038.7,200606670.65,46.05,41.6,-0.1960420922894668,-0.1664056863805037,-0.05,-0.0346420323325634,43.3,0.8038469675851002,45.83988709403098,43.51500000000001,41.19011290596904,0.1311648844360687,0.1068545142608741,7.920792079207886,31.37475153980873,42.66000000000022,43.42000000000007,165916810.0,173171916.6,-76.22950819672138,-99.31050466423342,53.131044839356576,42.475,41.375,,,,0.0,0.0,0.0,0.0,0.0,0.0,,0.0,0.0,0.8116,0.2254,0.0,2.02,0.0,0,False,0,False,False,True,True,0.4836771667096709,False,False,False,False,True,True,False,False,False,False,False,False,False,False,False,False,True,False,20.0,12.0,10.167464114832535,0.0,-0.4346097453896225,False,False,False,False,False,False,False,-1.0,False,5,False,False,351.6214547224212,,3,False,3,False,True,False,True,"ema60_gt_ema120, market_above_ma60, avoid_chase, liquidity_ok, mfi_strong",,close_below_ema20,13.2,55.1,53.8,32.7,-0.66,False,245,D
2026-09-08,33.95,36.2,32.75,33.2,21635033,737681365,2305,全友,,0.5157322124309012,-0.1475245539462515,0.6632567663771527,30.11828073314004,29.19363283075064,25.908341593877207,60.614428362820085,21.018889538011784,2.247992412379182,6804390.95,207441893.1,33.4,28.2,0.7478062296220851,-0.4498929671862083,0.1235194585448393,-0.0059880239520956,33.4,2.0881679766968144,33.21923141897961,29.23500000000008,25.25076858102055,0.997586558490554,0.2725658572929378,60.526315789473685,79.50202871859801,31.52000000000008,30.665000000000056,175549951.0,167299459.95,-28.57142857142856,213.31265920921496,88.60237347699973,32.6125,29.375,,,,0.0,0.0,0.0,0.0,0.0,0.0,,0.0,0.0,1.978,0.1911,0.0,2.57,-0.89,0,False,0,False,False,True,True,3.179569363221259,True,True,True,False,False,True,False,False,False,True,False,False,False,False,False,False,True,True,0.0,-25.0,0.6024096385542039,25.0,0.4589140958244424,False,False,True,True,False,False,False,-1.0,False,9,True,False,622.3026627821058,,3,False,3,False,False,False,False,"ema60_gt_ema120, volume_break, rsi_strong, market_above_ma60, liquidity_ok, adx_trending, obv_uptrend, mfi_strong, above_ichimoku_cloud",long_upper_shadow,,302.6,92.6,90.7,30.6,2.51,False,108,D
2026-09-08,142.0,142.5,135.0,137.0,219176053,30312382562,2303,聯電,,1.8703934063362908,-0.5216476077591764,2.392041014095468,127.93883591995368,126.77436894855096,114.89123456441548,57.32139398157264,16.37245702830186,7.789314271438516,158602440.9,20187936563.2,143.0,118.5,0.6691091395420555,-0.558787931611296,0.0339622641509433,-0.0419580419580419,143.0,2.2250943582706104,138.82590249767154,124.975,111.12409750232848,0.9340872373486678,0.2216587717170879,76.92307692307692,81.19658119658077,132.2,129.45,6907101125.0,6719374946.0,-19.35483870967742,178.37235228539575,69.05361563485093,131.5,144.0,,,,0.0,0.0,0.0,0.0,0.0,0.0,,0.0,0.0,0.1898,0.0311,0.0,41.59,0.17,0,False,0,False,False,True,True,1.3819210584419197,False,True,False,False,True,True,False,False,False,True,False,False,False,False,False,False,True,True,-10.0,-25.0,4.37956204379562,0.0,0.4069526999621146,False,False,False,False,False,False,False,-1.0,False,7,False,False,453.70264298396455,,3,False,3,False,False,False,False,"ema60_gt_ema120, rsi_strong, market_above_ma60, avoid_chase, liquidity_ok, obv_uptrend, mfi_strong",,,115.3,78.8,74.4,32.7,0.42,False,245,D
2026-09-08,1860.0,1860.0,1795.0,1805.0,6331851,11509936580,2308,台達電,,5.65537427107688,-2.0985638912782427,7.753938162355123,1791.309064884536,1828.1213294878453,1769.9249275506663,50.967891343465055,11.941463191902058,89.33725614290407,10332313.3,18689025121.15,1885.0,1710.0,-0.0692870840050597,-0.2880536324555345,-0.032171581769437,-0.0243243243243242,1850.0,0.6896226267526087,1910.2251103190213,1799.75,1689.2748896809785,0.5237610081802111,0.1227671735730203,50.0,70.93023255813932,1794.0,1802.5,205824984.0,183450908.75,-34.78260869565217,21.138211382113816,52.73177669588637,1733.75,2005.0,,,,0.0,0.0,0.0,0.0,0.0,0.0,,0.0,0.0,0.4775,0.0224,0.0,61.92,-0.14,0,False,0,False,False,False,True,0.612820267461305,False,False,False,False,True,True,False,False,False,True,False,False,False,False,False,False,True,False,0.0,0.0,4.43213296398892,0.0,0.830100816562151,False,False,False,False,False,False,False,-1.0,False,6,False,False,411.0894124733588,,3,False,3,False,False,False,False,"ema60_gt_ema120, market_above_ma60, avoid_chase, liquidity_ok, obv_uptrend, mfi_strong",,,61.6,63.7,65.9,33.7,-0.33,False,193,D
2026-09-08,32.35,32.35,31.25,31.3,9390867,296903589,2312,金寶,,-0.0606017482409342,-0.0724700933303429,0.0118683450894087,32.16488689354317,32.233023914335625,30.898308663675724,45.08339057044493,8.007970772653769,1.3485510195880877,12262292.15,400034146.55,33.75,31.4,-0.1250028695396627,-0.1908849794840551,-0.052950075642965,-0.0309597523219813,32.3,0.927574253631576,33.82704848992572,32.270000000000024,30.712951510074337,0.1885132331214941,0.0965013008940618,2.040816326530639,38.738751641007184,32.28000000000011,32.22000000000007,2167248630.0,2158518459.55,-84.21052631578951,-74.83870967741925,59.49397630115024,31.7875,35.85,,,,0.0,0.0,0.0,0.0,0.0,0.0,,0.0,0.0,0.4923,0.0786,0.0,9.21,0.17,0,False,0,False,False,False,True,0.7658329197449434,False,False,False,False,True,True,False,False,False,True,False,False,False,False,False,False,True,True,20.0,12.0,7.827476038338656,0.0,0.1730264195377891,False,False,False,False,False,False,False,-1.0,False,6,False,False,451.73464623190296,,3,False,3,False,True,True,True,"ema60_gt_ema120, market_above_ma60, avoid_chase, liquidity_ok, obv_uptrend, mfi_strong",,"close_below_ema20, close_below_swing_low",113.3,77.6,74.1,32.7,-0.32,False,245,D
2026-09-08,240.0,241.0,227.5,231.0,39943863,9264411707,2313,華通,,8.010579019235394,6.971898082292548,1.0386809369428454,230.08308043556505,225.64930061177787,218.01370009853431,51.79178866741319,16.97622582688606,14.441144909702595,35185217.3,8301898017.6,252.0,217.5,0.9930448413188538,-0.0976694489478411,-0.0833333333333333,-0.0374999999999999,240.0,1.646513241303895,258.62277660168377,227.0,195.3772233983162,0.5632455532033679,0.2786147718210024,10.76923076923077,48.85311849954693,241.1,241.3,1243119718.0,1247883415.95,-53.211009174311926,21.81581375155998,65.85277365684973,193.875,229.75,,,,0.0,0.0,0.0,0.0,0.0,0.0,,0.0,0.0,0.1601,0.0058,0.0,19.03,-1.41,0,False,0,False,False,True,True,1.1352455964510983,False,False,False,False,True,True,False,False,False,False,False,False,False,False,False,False,True,False,20.0,0.0,9.090909090909092,0.0,-0.060769486160551,False,False,True,False,False,False,False,-1.0,False,6,False,False,415.62322213058434,,3,False,3,False,False,False,False,"ema60_gt_ema120, market_above_ma60, avoid_chase, liquidity_ok, mfi_strong, above_ichimoku_cloud",,,66.1,67.4,67.1,33.7,0.14,False,193,D
2026-09-08,11.0,11.0,10.75,10.95,132807,1444380,2314,台揚,,-0.2630077931836485,-0.28625287663331,0.0232450834496615,11.504032818717024,12.558019806808028,13.897290667378808,34.60518274169942,14.858626056940729,0.3349044219690448,122013.2,1399759.45,11.9,11.2,0.0513055418760588,-0.5648534573307942,-0.0394736842105264,-0.0223214285714286,11.2,0.3278673154266717,11.98941028637412,11.375,10.76058971362588,0.1541399050233233,0.1080281822196255,17.39130434782602,12.185990338164023,11.279999999999928,11.454999999999927,-698843.0,-261350.9,-90.00000000000003,-124.07164700742672,54.36273192770229,12.5125,14.2,,,,0.0,0.0,0.0,0.0,0.0,0.0,,0.0,0.0,-0.3223,-0.4412,0.0,1.17,0.0,0,False,0,False,False,False,False,1.0884641989555228,False,False,False,False,True,False,False,False,True,False,False,False,False,False,False,False,True,False,20.0,12.0,8.675799086758001,0.0,-0.5329917686182084,False,False,False,False,False,False,False,-1.0,False,4,False,False,246.4887407661368,,3,False,3,False,True,True,True,"market_above_ma60, avoid_chase, kd_golden_cross, mfi_strong",,"close_below_ema20, close_below_swing_low",-91.9,22.0,25.0,32.7,0.07,False,245,D
2026-09-08,160.0,164.0,158.0,158.0,1776222,285104504,2316,楠梓電,,-1.560332680723377,-1.8180086750812985,0.2576759943579214,159.5232571908957,161.52762719531407,151.46259384361136,47.89237790481182,9.87709797799811,9.02864238059914,2316462.35,372630821.85,172.0,153.0,-0.0974068371369798,-0.584383021272221,-0.051051051051051,-0.0062893081761006,159.0,0.6944596436392554,167.0580936540032,159.525,151.99190634599682,0.3987799654402543,0.0944440514527902,27.77777777777778,28.306878306878087,157.3,159.8,522730052.0,521289115.5,-61.90476190476191,-9.636184857423755,59.19958017722161,166.625,187.75,,,,0.0,0.0,0.0,0.0,0.0,0.0,,0.0,0.0,0.7443,0.5919,0.0,37.21,0.26,0,False,0,False,False,False,True,0.7667821581473145,False,False,False,False,True,True,False,False,False,True,False,False,False,False,False,False,True,False,10.0,0.0,8.860759493670885,0.0,0.1754957151573833,False,False,False,False,False,False,False,-1.0,False,6,False,False,414.77377016336175,,3,False,3,False,True,False,True,"ema60_gt_ema120, market_above_ma60, avoid_chase, liquidity_ok, obv_uptrend, mfi_strong",,close_below_ema20,65.2,66.3,66.9,33.7,-0.19,False,193,D
2026-09-08,256.0,256.0,250.0,251.5,39921647,10039328945,2317,鴻海,,0.3814117064113986,0.0636714635296266,0.317740242881772,251.69730606813383,250.23656051495024,244.4671980155624,49.94345038746974,9.054697981905532,7.332693577358357,39698989.75,10088430212.75,270.0,243.0,-0.111620457340604,-0.0057370978239855,-0.017578125,-0.017578125,256.0,0.8740003886107621,265.1736791794502,251.925,238.67632082054985,0.4839606652767612,0.1051795508937196,42.30769230769231,74.15404415404373,252.4,251.95,1959254363.0,2006773731.45,-35.714285714285715,3.4188034188039524,52.89276156463003,243.0,270.25,,,,0.0,0.0,0.0,0.0,0.0,0.0,,0.0,0.0,0.5419,0.1518,0.0,40.55,0.19,0,False,0,False,False,True,True,1.0056086376857991,False,False,False,False,True,True,False,False,False,False,False,False,False,False,False,False,True,True,0.0,0.0,7.3558648111332,0.0,-0.4617502769254596,False,False,False,False,False,False,False,-1.0,False,5,False,False,339.51508305375245,,3,False,3,False,True,False,True,"ema60_gt_ema120, market_above_ma60, avoid_chase, liquidity_ok, mfi_strong",,close_below_ema20,1.1,50.6,50.8,32.7,-0.03,False,245,D
2026-09-08,14.1,14.4,13.8,13.8,10805,151060,2321,東訊,,0.8199457261166359,0.522101395742955,0.2978443303736808,12.915528523801228,11.990021930136477,11.71368587277402,51.20862759927258,6.960803948492335,3.937511630289573,10244.5,152792.75,15.85,0.0,,,-0.038327526132404,-0.0416666666666666,14.4,0.4768807197811152,23.277785886383803,12.620000000000005,1.9622141136162057,0.5553585900758029,1.6890310438009184,17.948717948718013,53.607503607504135,14.480000000000018,14.48499999999999,1112680.0,1116085.1,-12.101910828025469,25.658617916768105,72.12597903920414,8.225,8.35,,,,0.0,0.0,0.0,0.0,0.0,0.0,,0.0,0.0,0.0847,-0.2065,0.0,0.01,0.0,0,False,0,False,False,True,True,1.0547122846405388,False,False,False,False,True,False,False,False,False,False,False,False,False,False,False,False,True,False,20.0,0.0,14.855072463768106,0.0,-0.0394305484391021,False,False,True,False,False,False,False,-1.0,False,5,False,False,350.0739562651362,,3,False,3,False,False,False,False,"ema60_gt_ema120, market_above_ma60, avoid_chase, mfi_strong, above_ichimoku_cloud",,,11.7,54.3,53.5,32.7,0.03,False,245,D
2026-09-08,10.9,10.9,10.7,10.7,3112524,33427345,2323,中環,,0.0540847332506455,0.0729379779999781,-0.0188532447493325,10.784886936217008,10.749765703624885,10.680420476026477,48.18398741981144,17.649693702923077,0.334466794739276,7428188.3,82010376.9,11.7,10.8,0.0011642949812905,-0.110399827865522,-0.0228310502283105,-0.0092592592592594,10.8,0.5618476761065716,11.445603134681116,10.864999999999986,10.284396865318856,0.3579063820499303,0.1068758646444787,9.999999999999789,27.22222222222202,10.819999999999984,10.864999999999965,85980814.0,90416675.4,-75.00000000000023,-38.44350679793759,39.57226106398085,10.405,11.005,,,,0.0,0.0,0.0,0.0,0.0,0.0,,0.0,0.0,0.0288,0.0093,0.0,10.53,-0.51,0,False,0,False,False,False,True,0.4190152260949012,False,False,False,False,True,True,False,False,False,False,False,False,False,False,False,False,False,False,20.0,0.0,9.345794392523366,0.0,-0.2141222411026183,False,False,False,False,False,False,False,-1.0,False,4,False,False,251.6206853677176,,3,False,3,False,True,True,True,"ema60_gt_ema120, market_above_ma60, avoid_chase, liquidity_ok",,"close_below_ema20, close_below_swing_low",-86.8,23.3,26.1,32.7,-0.73,False,245,D
2026-09-08,39.85,39.9,38.6,39.05,70154546,2732926627,2324,仁寶,,0.6122588342505253,0.8151987261316687,-0.2029398918811433,39.52298817213561,37.68736699247384,35.765483674137,49.543329159228776,30.62801309508564,2.002376681907597,119766056.15,4893380078.25,43.2,38.75,-0.1061063371204423,0.2232293149873782,-0.0213032581453634,-0.0249687890137327,40.05,1.068382337954843,42.48312830732504,40.18000000000002,37.876871692675,0.2546814920371351,0.1146405329678953,12.857142857142737,45.95238095238104,39.82999999999993,39.98000000000011,1344787317.0,1614338474.25,-75.53191489361707,-82.71530700875255,42.46479893645235,35.575,37.625,,,,0.0,0.0,0.0,0.0,0.0,0.0,,0.0,0.0,0.3826,-0.1549,0.0,37.74,-0.72,0,False,0,False,False,True,True,0.5857631807808342,False,False,True,False,True,True,False,False,False,False,False,False,False,False,False,False,False,False,20.0,0.0,10.627400768245854,0.0,-1.6546440843877317,False,False,True,False,False,False,False,-1.0,False,6,False,False,436.0019027951556,,8,False,3,False,True,False,True,"ema60_gt_ema120, market_above_ma60, avoid_chase, liquidity_ok, adx_trending, above_ichimoku_cloud",,close_below_ema20,116.3,77.8,72.1,30.6,-0.56,False,108,D
2026-09-08,46.9,47.4,46.0,46.0,1908851,88927556,2328,廣宇,,0.1404241545311393,0.0369023465558141,0.1035218079753251,46.04170083156137,46.97443485726276,47.931681690611306,49.635669404084496,12.988663701285002,1.638194991249612,2201453.7,101790509.45,47.8,44.7,0.1402244242236704,-0.2440158463639256,-0.031578947368421,0.0,46.0,0.7249080478020536,47.80642418595316,45.94499999999989,44.08357581404663,0.5147736341923429,0.0810283680902502,18.1818181818182,35.64393939393934,46.439999999999785,46.514999999999965,712178713.0,708734774.4,-56.25000000000001,32.98519534409404,72.73581745399264,44.725,51.575,,,,0.0,0.0,0.0,0.0,0.0,0.0,,0.0,0.0,0.1637,0.0462,0.0,9.26,0.09,0,False,0,False,False,False,False,0.8670865982782194,False,False,False,False,True,True,False,False,False,True,False,False,False,False,False,False,True,False,20.0,0.0,3.913043478260864,0.0,0.4298194220585603,False,False,False,False,False,False,False,-1.0,False,5,False,False,368.8286990474849,,3,False,3,False,True,False,True,"market_above_ma60, avoid_chase, liquidity_ok, obv_uptrend, mfi_strong",,close_below_ema20,19.3,57.0,58.4,33.7,-0.1,False,193,D
2026-09-08,580.0,584.0,565.0,567.0,39419068,22558357199,2327,國巨*,,-22.41345369658177,-30.506161877284782,8.092708180703017,572.5203542360332,623.5903554344663,583.6244952871472,47.34885405278727,18.564644473127974,41.83197866684216,47792702.65,27663361752.05,662.0,511.0,-0.5694494629081835,-1.347115671745705,-0.0017605633802817,-0.0373514431239389,589.0,1.428473920474038,638.5011177254154,571.4,504.29888227458457,0.4672136608960433,0.23486565532172,56.56565656565657,62.28956228956243,553.8,557.1,1982068865.0,1967429403.95,-43.43434343434343,-2.3184740225526186,53.59301186631168,716.25,838.25,,,,0.0,0.0,0.0,0.0,0.0,0.0,,0.0,0.0,0.5151,0.0503,0.0,45.42,0.6,0,False,0,False,False,False,True,0.8247926108861726,False,False,False,False,True,True,False,False,False,True,False,False,False,False,False,False,True,False,0.0,0.0,16.75485008818342,0.0,0.0676565562687511,False,False,False,False,False,False,False,-1.0,False,6,False,False,414.05980478408674,,3,False,3,False,True,False,True,"ema60_gt_ema120, market_above_ma60, avoid_chase, liquidity_ok, obv_uptrend, mfi_strong",,close_below_ema20,64.5,65.3,66.7,33.7,-0.14,False,193,D
2026-09-08,43.55,43.65,42.6,42.7,2702343,116626076,2329,華泰,,-0.6619852752846995,-0.7683190004811404,0.1063337251964409,43.55448427988847,46.59179705031462,49.21449115664024,43.06420792781795,18.78332709138541,1.4500793418087234,2101408.7,92272003.1,45.1,42.25,-0.1640288740179533,-0.5115151211592723,-0.022883295194508,-0.0138568129330253,43.3,0.7097394556664572,45.01954771173619,43.5550000000002,42.09045228826421,0.2081010085404697,0.0672504976115707,16.363636363636466,26.060606060606005,42.9,43.375,458002062.0,459648776.25,-83.63636363636353,-71.56698101020552,55.21415825706342,45.175,50.05,,,,0.0,0.0,0.0,0.0,0.0,0.0,,0.0,0.0,0.0184,-0.0174,0.0,9.37,0.06,0,False,0,False,False,False,False,1.2859673608470354,False,False,False,False,True,True,False,False,False,False,False,False,False,False,False,False,True,False,20.0,0.0,5.62060889929742,0.0,-0.1317216012982614,False,False,False,False,False,False,False,-1.0,False,4,False,False,271.2790143928912,,3,False,3,False,True,False,True,"market_above_ma60, avoid_chase, liquidity_ok, mfi_strong",,close_below_ema20,-67.1,28.2,30.9,32.7,0.3,False,245,D
2026-09-08,2465.0,2505.0,2460.0,2470.0,28440697,70555807280,2330,台積電,,16.463652989363254,10.827424259529264,5.63622872983399,2408.726890896733,2364.0859630588434,2237.616857409787,58.95228032690481,8.82651434792574,45.62775212726628,20682237.25,49831018247.45,2460.0,2385.0,0.0872856034035422,-0.0128214977821762,0.0122950819672131,0.0040650406504065,2460.0,1.333410352066244,2463.60388679234,2407.0,2350.39611320766,1.056498887003337,0.0470327268735686,73.07692307692308,78.74493927125513,2423.0,2420.5,389129895.0,320323231.0,-22.580645161290324,239.58333333333096,66.1897757553401,2327.5,2357.5,,,,0.0,0.0,0.0,0.0,0.0,0.0,,0.0,0.0,0.4469,0.0562,0.0,69.27,0.07,0,False,0,False,False,True,True,1.3751267165257957,False,True,False,True,True,True,False,False,False,True,False,False,True,False,False,False,True,True,-10.0,-25.0,-0.4048582995951417,25.0,1.6298784377416922,False,False,True,True,False,False,False,-1.0,False,10,True,False,723.3098084181584,,3,False,3,False,False,False,False,"ema60_gt_ema120, rsi_strong, breakout_20d, market_above_ma60, avoid_chase, liquidity_ok, obv_uptrend, bb_squeeze_breakout, mfi_strong, above_ichimoku_cloud",long_upper_shadow,,384.9,97.6,96.6,32.7,0.41,False,245,D
2026-09-08,19.4,19.5,18.75,18.75,6674263,127049827,2332,友訊,,-0.6809475367258209,-0.5126209832619386,-0.1683265534638822,20.22335693876629,20.1165594613785,18.902626815248947,37.97472970809019,17.151450739323217,1.0100270233115811,15707218.15,329858311.3,22.65,18.65,-0.8784176236720095,0.1623715233221346,-0.0554156171284635,-0.0359897172236503,19.45,0.6695275398917084,22.70751644730844,20.42750000000001,18.14748355269158,0.1321298466990653,0.2232301013152298,4.444444444444508,26.666666666666668,19.139999999999965,19.614999999999963,-300949791.0,-251764065.05,-96.1538461538461,-114.74376294695136,45.67833338715398,22.3125,20.1,,,,0.0,0.0,0.0,0.0,0.0,0.0,,0.0,0.0,0.0469,-0.1057,0.0,5.61,-0.23,0,False,0,False,False,False,True,0.4249169354027212,False,False,False,False,True,True,False,False,False,False,False,False,False,False,False,False,False,False,20.0,12.0,20.8,0.0,-0.4555570840704635,False,False,False,False,False,False,False,-1.0,False,4,False,False,260.7824843451817,,3,False,3,False,True,False,True,"ema60_gt_ema120, market_above_ma60, avoid_chase, liquidity_ok",,close_below_ema20,-77.6,24.9,27.9,32.7,-0.73,False,245,D
2026-09-08,19.25,19.3,18.9,19.0,1464358,27938181,2331,精英,,-0.1055497729360332,-0.0602348178942616,-0.0453149550417716,19.557474749204456,20.03901416241022,20.709040664735664,43.1020305371468,13.957474130265778,0.6343720311266396,2325548.95,46470864.75,20.7,19.25,-0.1126368077557686,-0.2032793580209266,-0.0355329949238578,-0.0180878552971577,19.35,0.4783216053457134,20.40734998498484,19.65750000000012,18.907650015015403,0.0615789736839693,0.0762914902693335,5.882352941176545,13.071895424836232,19.410000000000217,19.560000000000127,97351466.0,98374651.0,-94.11764705882344,-175.60863043729063,48.17314856348761,19.1875,21.85,,,,0.0,0.0,0.0,0.0,0.0,0.0,,0.0,0.0,-0.1343,-0.315,0.0,5.87,-0.08,0,False,0,False,False,False,False,0.6296827250185381,False,False,False,False,True,False,False,False,False,False,False,False,False,False,False,False,False,False,20.0,25.0,8.947368421052628,0.0,-0.1886613077341266,False,False,False,False,False,False,False,-1.0,False,2,False,False,109.03289155737583,,3,False,3,False,True,True,True,"market_above_ma60, avoid_chase",,"close_below_ema20, close_below_swing_low",-210.7,2.8,1.6,30.6,-0.5,False,108,D
2026-09-08,125.5,130.0,125.0,126.0,58876929,7502333504,2337,旺宏,,-1.2996326420314688,-1.6271078774295082,0.3274752353980394,124.3336579519658,129.8105333970239,125.60936244960824,50.78041084437656,9.941760932601548,7.249612460259544,50960966.65,6535898138.15,137.0,117.0,-0.402764450060313,-0.5408684045014082,0.0285714285714284,0.0120481927710842,124.5,0.5212685599395996,136.4169222873822,125.55,114.6830777126178,0.5207050344200265,0.1731090766608075,65.51724137931035,51.72413793103442,122.4,124.0,6635169014.0,6589402252.65,-34.48275862068966,14.918932248319958,49.08486485177833,123.275,141.9,,,,0.0,0.0,0.0,0.0,0.0,0.0,,0.0,0.0,1.8048,0.1105,0.0,24.61,-0.43,0,False,0,False,False,False,True,1.1553338343121873,False,False,False,False,True,True,False,False,False,True,False,False,False,False,False,False,False,False,0.0,0.0,8.73015873015873,0.0,0.2526772220317119,False,False,False,True,False,False,False,-1.0,False,5,True,False,339.5854650075024,,3,False,3,False,False,False,False,"ema60_gt_ema120, market_above_ma60, avoid_chase, liquidity_ok, obv_uptrend",long_upper_shadow,,1.2,51.0,50.9,32.7,0.15,False,245,D
2026-09-08,38.85,38.85,37.75,37.75,826344,31516941,2338,光罩,,-0.7686926250894643,-0.903295149886886,0.1346025247974216,39.05018598537682,42.02347475671067,43.479736364390334,40.35314493903333,18.76295846242272,1.6035258786882305,1103129.6,43403413.45,40.7,38.05,-0.1500716364720902,-0.6451779025292359,-0.0382165605095541,-0.020752269779507,38.55,0.8479139182600227,40.60269518376028,38.93749999999991,37.27230481623953,0.1434351925885729,0.0855316948319937,0.0,12.510474275179757,38.41999999999971,38.92499999999982,29802857.0,29794255.1,-89.74358974358972,-84.83516483516512,61.67753723373696,41.35,47.225,,,,0.0,0.0,0.0,0.0,0.0,0.0,,0.0,0.0,0.0442,-0.0071,0.0,4.51,-0.01,0,False,0,False,False,False,False,0.7490905873616299,False,False,False,False,True,False,False,False,False,True,False,False,False,False,False,False,True,False,20.0,12.0,7.814569536423849,0.0,0.0010386374300838,False,False,False,False,False,False,False,-1.0,False,4,False,False,294.5033695227773,,3,False,3,False,True,True,True,"market_above_ma60, avoid_chase, obv_uptrend, mfi_strong",,"close_below_ema20, close_below_swing_low",-69.0,26.6,37.5,40.3,-0.6,False,124,D
2026-09-08,33.05,33.9,32.2,32.35,2018706,66528275,2340,台亞,,0.3459092236660623,0.2690380486480981,0.0768711750179642,32.83853982219107,33.136662110445215,32.65344709985187,48.11707601250605,14.763834017901836,1.8559564780579032,3330823.0,109405209.2,34.75,32.6,0.5621901029292469,-0.374923257862529,-0.0513196480938416,-0.0256024096385542,33.2,0.8334933838724579,35.459809638539625,32.504999999999974,29.55019036146032,0.4737715760131715,0.1818064690687374,4.285714285714245,35.53985834840265,33.389999999999965,33.78500000000004,165009829.0,161105298.1,-59.82142857142858,13.090593844820036,61.6057942822492,31.1875,35.3,,,,0.0,0.0,0.0,0.0,0.0,0.0,,0.0,0.0,0.0218,-0.1839,0.0,9.74,-0.15,0,False,0,False,False,False,True,0.606068229984001,False,False,False,False,True,True,False,False,False,True,False,False,False,False,False,False,True,False,20.0,0.0,7.4188562596599645,0.0,0.2608448360905565,False,False,False,False,False,False,False,-1.0,False,6,False,False,404.19082033292665,,3,False,3,False,True,True,True,"ema60_gt_ema120, market_above_ma60, avoid_chase, liquidity_ok, obv_uptrend, mfi_strong",,"close_below_ema20, close_below_swing_low",65.8,66.1,65.6,32.7,-0.51,False,245,D
2026-09-08,40.2,40.7,38.75,38.95,1940235,76524938,2342,茂矽,,-0.1608222944312203,-0.2720657629973453,0.111243468566125,39.66540729413873,40.67933133585876,39.50890375365237,46.32269252038333,12.947887563646676,2.235918182813335,2774012.95,111732127.75,41.35,39.25,0.0466680733989051,-0.679310789543157,-0.0546116504854369,-0.0201257861635218,39.75,1.0419979481302275,41.50941704739192,39.76750000000002,38.02558295260812,0.2653447386533058,0.0876050567620242,10.389610389610532,29.71041903080732,39.54000000000015,40.11000000000004,327354253.0,322528974.0,-66.99029126213586,-53.258396895490655,48.0048885595917,40.975,46.675,,,,0.0,0.0,0.0,0.0,0.0,0.0,,0.0,0.0,0.112,0.0408,0.0,4.18,0.1,0,False,0,False,False,False,True,0.6994325675372207,False,False,False,False,True,True,False,False,False,True,False,False,False,False,False,False,False,False,20.0,0.0,6.161745827984592,0.0,0.2723949043997759,False,False,False,False,False,False,False,-1.0,False,5,False,False,355.2630645281695,,3,False,3,False,True,True,True,"ema60_gt_ema120, market_above_ma60, avoid_chase, liquidity_ok, obv_uptrend",,"close_below_ema20, close_below_swing_low",16.8,55.5,54.6,32.7,-0.4,False,245,D
2026-09-08,2130.0,2140.0,1950.0,1955.0,6441295,12850208590,2345,智邦,,-48.16365973391749,-44.79882338984714,-3.3648363440703406,2118.8202913335367,2194.7255409933164,2091.8664675463515,39.10417662522509,11.256156065423465,129.05408180856347,3179253.8,6753394384.0,2300.0,2030.0,-0.4754476310508629,-0.3612801754693458,-0.1133786848072562,-0.069047619047619,2100.0,0.6840630845500428,2312.1575412520488,2128.0,1943.8424587479512,0.0302934682342926,0.1730803959135796,1.7543859649122806,35.67251461988295,2077.0,2089.5,119766624.0,127307896.15,-98.24561403508773,-109.72798524665744,39.74557755973576,2223.75,2332.5,,,,0.0,0.0,0.0,0.0,0.0,0.0,,0.0,0.0,0.7169,-0.0021,0.0,56.9,-0.03,0,False,0,False,False,False,True,2.0260398839501272,True,False,False,False,True,True,False,False,False,False,False,False,False,False,False,False,False,False,20.0,25.0,17.647058823529413,0.0,-1.3917328171582102,False,False,False,False,False,False,False,-1.0,False,5,False,False,358.55960503360274,,3,False,3,True,True,True,True,"ema60_gt_ema120, volume_break, market_above_ma60, avoid_chase, liquidity_ok",,"macd_death_cross, close_below_ema20, close_below_swing_low",20.1,56.3,55.0,32.7,1.19,False,245,D
2026-09-08,185.0,192.0,183.5,188.0,222260653,41927685454,2344,華邦電,,3.242533474046155,3.298883100821913,-0.0563496267757583,176.76833750134298,167.9204025633222,150.19353478354492,58.0771269862768,14.118894812280269,11.286281571138408,157901835.45,28564899231.1,186.0,169.0,0.0518869084805093,-0.2109599515375396,0.0681818181818181,0.0444444444444445,180.0,0.7597744442715141,188.36074076031613,178.725,169.08925923968386,0.9812811090870248,0.1078275648098043,84.90566037735849,57.23270440251569,178.0,179.75,10122985143.0,9567810454.65,-15.09433962264151,145.23493887170432,40.87040086678513,157.75,172.75,,,,0.0,0.0,0.0,0.0,0.0,0.0,,0.0,0.0,2.9155,0.2999,0.0,19.33,-0.81,0,False,0,False,False,True,True,1.4075875202247372,False,True,False,True,False,True,False,False,False,True,False,False,False,False,False,True,False,False,-20.0,-25.0,-1.0638297872340423,25.0,1.211048488795081,False,False,True,False,False,False,False,-1.0,False,8,False,False,548.6084570677882,,3,False,3,False,False,False,False,"ema60_gt_ema120, rsi_strong, breakout_20d, market_above_ma60, liquidity_ok, obv_uptrend, cci_momentum, above_ichimoku_cloud",,,210.2,88.6,84.1,32.7,0.45,False,245,D
2026-09-08,10.75,10.85,10.6,10.65,1765906,18861048,2349,錸德,,-0.1494167652012681,-0.1432735455531889,-0.0061432196480791,11.02699363686592,11.613943737958447,12.101016232240063,37.56716897035518,12.148151655120602,0.3305872870118974,1715432.75,19166526.5,11.6,10.8,-0.2176261313724306,-0.4261480057817839,-0.0405405405405404,-0.0138888888888889,10.8,1.0871606365323672,11.524126241957426,11.07749999999994,10.630873758042457,0.0214119101843619,0.0806366494168337,6.250000000000084,16.552197802198254,10.86999999999998,10.999999999999954,39889469.0,44740390.35,-93.74999999999991,-184.49612403100764,27.02394002498277,11.2625,13.0,,,,0.0,0.0,0.0,0.0,0.0,0.0,,0.0,0.0,-0.1045,0.1407,0.0,13.71,-0.21,0,False,0,False,False,False,False,1.0294230420866104,False,False,False,False,True,False,False,False,False,False,False,False,False,False,False,False,False,False,20.0,25.0,8.920187793427223,0.0,-0.5443162377921809,False,False,False,False,False,False,False,-1.0,False,2,False,False,108.76243556735992,,3,False,3,True,True,True,True,"market_above_ma60, avoid_chase",,"macd_death_cross, close_below_ema20, close_below_swing_low",-232.0,3.4,1.4,44.1,-0.03,False,59,D
2026-09-08,89.9,89.9,88.3,88.9,2774953,246447234,2347,聯強,,-0.4011764115631138,-0.612785703991742,0.2116092924286282,88.09987718073297,88.00327760962531,84.68097396415814,52.03190202795962,9.137081344729534,2.414049745994978,3120612.2,274813668.1,91.6,86.0,-0.134038900355397,-0.0813358777620939,0.0337209302325582,-0.0044792833146695,89.3,0.8256061282437184,91.3322004603348,87.9,84.46779953966521,0.6456791366874961,0.078093298301133,79.16666666666671,85.46905222437151,88.00000000000072,87.34000000000015,188642819.0,186156352.05,-20.83333333333328,51.77917011467135,59.11390312632944,89.17500000000001,89.3,,,,0.0,0.0,0.0,0.0,0.0,0.0,,0.0,0.0,1.2688,-0.0534,0.0,29.95,0.29,0,False,0,False,False,True,True,0.8892335292414738,False,False,False,False,True,True,False,False,False,True,False,False,False,False,False,False,True,True,-10.0,0.0,3.0371203599549927,8.0,0.1032925623919275,False,False,False,False,False,False,False,-1.0,False,6,False,False,418.13184604111785,,3,False,3,False,False,False,False,"ema60_gt_ema120, market_above_ma60, avoid_chase, liquidity_ok, obv_uptrend, mfi_strong",,,107.4,81.8,67.9,21.2,0.63,False,33,D
2026-09-08,233.5,235.0,218.0,227.5,6840234,1541034399,2351,順德,,15.527628718434473,13.5147133856975,2.01291533273697,211.5504069473656,191.0730622827515,171.16521658962068,61.61556428274239,32.618577824190254,14.517115941417066,5811456.55,1235983256.0,240.0,199.5,2.054498220621304,0.1029936570204055,0.0066371681415928,-0.025695931477516,233.5,1.303191502045041,258.91845648680555,206.15,153.38154351319443,0.7022988866970029,0.5119423379753146,42.64705882352941,66.82557638440024,230.5,230.95,104300069.0,107912157.1,-26.71232876712329,59.54232893698582,69.03337378239374,163.375,178.5,,,,0.0,0.0,0.0,0.0,0.0,0.0,,0.0,0.0,0.54,0.0942,0.0,23.55,-0.92,0,False,0,False,False,True,True,1.177025749250418,False,True,True,False,True,True,False,False,False,False,False,False,False,False,False,False,True,False,0.0,0.0,5.494505494505495,0.0,-0.2640128974000038,False,False,True,False,False,False,False,-1.0,False,8,False,False,568.6021027237042,,8,False,3,False,False,False,False,"ema60_gt_ema120, rsi_strong, market_above_ma60, avoid_chase, liquidity_ok, adx_trending, mfi_strong, above_ichimoku_cloud",,,205.1,78.2,86.1,40.3,-0.02,False,124,D
2026-09-08,29.2,29.2,28.6,28.65,2485220,71443123,2352,佳世達,,-0.1321273977039574,-0.2396874554295596,0.1075600577256022,28.715186490224053,28.96077470458217,28.46569539769513,48.48245047807261,12.313836949713687,0.9344360426044588,5318756.85,153315297.0,29.5,28.0,-0.0535320204824502,-0.2345633288100845,0.0088028169014084,-0.0120689655172414,29.0,1.0309809714847076,29.463492377069528,28.659999999999947,27.85650762293037,0.4937771656052175,0.056070647387968,43.24324324324314,62.63513513513499,28.81999999999989,28.514999999999965,-94080412.0,-90230558.55,-50.000000000000085,15.43824701195161,57.623017422619256,29.9375,30.7,,,,0.0,0.0,0.0,0.0,0.0,0.0,,0.0,0.0,0.0413,-0.0256,0.0,6.95,-0.22,0,False,0,False,False,False,True,0.4672558024531616,False,False,False,False,True,True,False,False,False,False,False,False,False,False,False,False,True,True,0.0,0.0,2.96684118673648,8.0,-0.0565176387454176,False,False,False,False,False,False,False,-1.0,False,5,False,False,326.9943463595866,,3,False,3,False,True,False,True,"ema60_gt_ema120, market_above_ma60, avoid_chase, liquidity_ok, mfi_strong",,close_below_ema20,7.3,51.9,46.9,30.6,-0.7,False,108,D
2026-09-08,32.0,32.0,31.0,31.05,23191817,726157330,2353,宏碁,,0.2555600840468273,0.1906099420892126,0.0649501419576146,31.366934148780786,31.230357204769724,30.754412410757634,48.41353677617679,12.513059140652524,1.0700274626507282,19804585.3,628892678.7,32.7,30.85,0.0782298775728095,-0.1625491628973969,-0.0220472440944882,-0.0386996904024766,32.3,1.507229197211298,32.561881700101324,31.42499999999991,30.288118299898493,0.3350751885765882,0.0723552394654841,20.00000000000003,58.66666666666666,31.88999999999978,31.61499999999978,41929887.0,44882415.35,-78.43137254901956,-14.492753623189058,56.869727817363405,30.112500000000004,35.825,,,,0.0,0.0,0.0,0.0,0.0,0.0,,0.0,0.0,0.2193,-0.0329,0.0,13.48,-0.31,0,False,0,False,False,False,True,1.17103270018989,False,False,False,False,True,True,False,False,False,False,False,False,False,False,False,False,True,True,10.0,0.0,5.314009661835756,0.0,-0.0476103776139078,False,False,False,False,False,False,False,-1.0,False,5,False,False,356.13900247053203,,3,False,3,False,True,False,True,"ema60_gt_ema120, market_above_ma60, avoid_chase, liquidity_ok, mfi_strong",,close_below_ema20,36.4,57.4,54.8,30.6,0.14,False,108,D
2026-09-08,66.2,66.3,64.3,64.5,16276643,1061877119,2354,鴻準,,1.7641537213748677,1.6689271023488383,0.0952266190260293,62.9709357510428,60.10948837677016,59.2226316217016,58.53431695478404,20.17161454371691,2.179972370506907,12503032.65,800146068.65,66.3,60.5,0.39124940030996,0.2630787946023449,-0.0212443095599393,-0.0182648401826484,65.7,0.9222764842390824,67.12131667850491,62.915000000000326,58.70868332149575,0.6884071173361067,0.1337142709530178,51.78571428571425,69.85930735930742,65.15999999999985,64.62000000000043,84544351.0,48433535.8,-33.75000000000004,73.31002331002321,67.92967294560961,55.1,58.8,,,,0.0,0.0,0.0,0.0,0.0,0.0,,0.0,0.0,0.3746,0.423,0.0,13.65,0.84,0,False,0,False,False,True,True,1.3018156039127036,False,True,True,False,True,True,False,False,False,True,False,False,False,False,False,False,True,True,0.0,0.0,2.7906976744186003,8.0,0.5411741920786333,False,False,True,False,False,False,False,-1.0,False,9,False,False,672.5122463440706,,3,False,3,False,False,False,False,"ema60_gt_ema120, rsi_strong, market_above_ma60, avoid_chase, liquidity_ok, adx_trending, obv_uptrend, mfi_strong, above_ichimoku_cloud",,,334.1,94.3,93.8,32.7,0.32,False,245,D
2026-09-08,42.3,42.55,41.85,41.9,1267634,53362621,2355,敬鵬,,-0.1886173385066953,-0.2842270408891723,0.0956097023824769,42.66511084705916,45.06323129369567,45.91498326975933,45.12998641335433,20.75425653342707,1.541008005021961,1989652.6,85341004.35,44.5,41.65,0.1129822726914399,-0.5747715039732556,-0.0520361990950227,-0.0071090047393366,42.2,0.6149428457481991,44.66386888033821,42.61999999999998,40.57613111966175,0.3238634564755359,0.0959112567028733,1.3698630136985528,19.80185909980416,42.55,43.23999999999997,517432946.0,515781299.65,-75.00000000000007,-48.09658261123556,61.71600301773738,41.95,52.65,,,,0.0,0.0,0.0,0.0,0.0,0.0,,0.0,0.0,0.1591,0.0782,0.0,17.11,-0.62,0,False,0,False,False,False,False,0.6371132327321865,False,False,True,False,True,True,False,False,False,True,False,False,False,False,False,False,True,False,20.0,0.0,6.205250596658715,0.0,0.0945239365767147,False,False,False,False,False,False,False,-1.0,False,6,False,False,447.5054195662424,,3,False,3,False,True,False,True,"market_above_ma60, avoid_chase, liquidity_ok, adx_trending, obv_uptrend, mfi_strong",,close_below_ema20,98.0,73.6,73.8,33.7,-0.31,False,193,D
2026-09-08,65.5,65.5,62.6,64.0,36613724,2327037948,2356,英業達,,0.2590267726723994,0.4581776696897808,-0.1991508970173814,65.68888605466759,64.00020486479946,59.96438102482287,45.87360336688173,11.262170416113472,2.874362013523151,26675034.3,1802478750.25,69.9,64.9,-0.1745853297925487,0.0048922040397952,-0.0390390390390389,-0.0317700453857789,66.1,0.9764529931209202,69.32588829932025,66.3000000000001,63.27411170067994,0.1199463145224413,0.0912786817291147,24.137931034482715,51.524237881059285,65.84000000000015,65.9800000000001,1664635445.0,1718327343.6,-75.86206896551728,-130.28541226215685,54.40470266979493,62.85,69.5,,,,0.0,0.0,0.0,0.0,0.0,0.0,,0.0,0.0,0.6573,-0.118,0.0,19.04,0.12,0,False,0,False,False,False,True,1.3725839520288827,False,False,False,False,True,True,False,False,False,False,False,False,False,False,False,False,True,False,10.0,12.0,9.218750000000009,0.0,-0.6673112246791734,False,False,False,False,False,False,False,-1.0,False,5,False,False,347.7181048241388,,3,False,3,False,True,True,True,"ema60_gt_ema120, market_above_ma60, avoid_chase, liquidity_ok, mfi_strong",,"close_below_ema20, close_below_swing_low",28.0,55.6,52.8,30.6,0.37,False,108,D
2026-09-08,992.0,992.0,956.0,968.0,4968506,4802028430,2357,華碩,,46.86551864664716,50.19913078539926,-3.333612138752102,946.6226347126856,846.7216115601029,769.4582780737446,57.202724908784944,36.260218464359234,40.58312353940752,4247812.05,4104504742.65,1025.0,925.0,0.5554418957563441,0.6379759163498955,-0.0415841584158416,-0.0310310310310309,999.0,1.204765032019286,1041.6348697778349,956.3,870.965130222165,0.5685534531807479,0.1784688273090764,21.51898734177216,63.23836347386592,994.6,988.6,36166673.0,34620715.2,-48.06201550387597,31.82009051462669,61.40954875622289,745.75,799.5,,,,0.0,0.0,0.0,0.0,0.0,0.0,,0.0,0.0,0.5333,-0.2117,0.0,39.88,0.49,0,False,0,False,False,True,True,1.1696623912538693,False,True,True,False,True,True,False,False,False,True,False,False,False,False,False,False,True,True,10.0,0.0,5.888429752066116,0.0,0.0868522354803346,False,False,True,False,False,False,False,-1.0,False,9,False,False,697.7388507383027,,8,False,3,True,False,False,True,"ema60_gt_ema120, rsi_strong, market_above_ma60, avoid_chase, liquidity_ok, adx_trending, obv_uptrend, mfi_strong, above_ichimoku_cloud",,macd_death_cross,378.0,99.1,95.9,30.6,0.13,True,108,D
2026-09-08,142.5,142.5,135.0,135.5,4778130,656810415,2359,所羅門,,-1.4300821569538016,0.5093982443704974,-1.939480401324299,145.1560466368619,142.25901295985676,137.61978149166188,40.694880159044246,17.221513564649104,8.285696192449075,10231763.65,1632859416.95,177.5,140.5,-0.8512524257567933,0.1855442179693862,-0.0590277777777777,-0.0457746478873239,142.0,0.2042692988009877,171.93798518722485,150.2,128.46201481277512,0.1618821874844456,0.2894538640109835,3.0303030303030303,15.95454545454595,140.9,143.25,128263299.0,143093576.45,-98.4375,-101.7364131310203,20.862078166275552,134.5,135.75,,,,0.0,0.0,0.0,0.0,0.0,0.0,,0.0,0.0,0.3632,-0.2909,0.0,6.75,-1.04,0,False,0,False,False,False,True,0.4669898722689904,False,False,False,False,True,True,False,False,False,False,False,False,False,False,False,False,False,False,20.0,12.0,30.99630996309964,0.0,-0.6294003683037682,False,False,False,False,False,False,False,-1.0,False,4,False,False,264.1170943030447,,3,False,3,False,True,True,True,"ema60_gt_ema120, market_above_ma60, avoid_chase, liquidity_ok",,"close_below_ema20, close_below_swing_low",-74.3,26.5,29.1,32.7,-0.68,False,245,D
2026-09-08,2235.0,2340.0,2185.0,2265.0,4851555,11023892715,2360,致茂,,12.73003432995938,-4.8000320528618925,17.530066382821275,2083.1015643173578,2073.0703910708025,1938.966871437135,61.00199501630391,13.123549519880546,139.34893375502398,2176198.95,4651434395.25,2360.0,1960.0,-0.518147044060858,-0.0649581398880299,0.1157635467980295,0.0156950672645739,2230.0,0.8622706952655734,2379.66708967817,2117.0,1854.3329103218296,0.781725434620179,0.2481502972868874,82.75862068965517,79.70741901776394,2103.0,2048.5,186208282.0,177664344.05,-16.129032258064516,84.61538461538461,56.09161659153403,2008.75,2262.5,,,,0.0,0.0,0.0,0.0,0.0,0.0,,0.0,0.0,1.7526,0.3209,0.0,59.07,0.01,0,False,0,False,False,True,True,2.229371078411741,True,True,False,False,False,True,False,False,False,True,False,False,False,False,False,False,True,True,-20.0,0.0,4.194260485651214,0.0,1.9351664716854788,False,False,True,True,False,False,False,-1.0,False,8,True,False,525.5157084443431,,3,False,3,False,False,False,False,"ema60_gt_ema120, volume_break, rsi_strong, market_above_ma60, liquidity_ok, obv_uptrend, mfi_strong, above_ichimoku_cloud",long_upper_shadow,,187.1,85.7,81.3,32.7,1.43,False,245,D
2026-09-08,48.05,48.05,47.25,47.55,784543,37272824,2362,藍天,,0.5843311279372543,0.7913190958189547,-0.2069879678817003,47.73226469459813,45.88283443651078,44.10494815856493,50.64464624408281,20.51016572240211,1.5947421997963245,1462172.25,70891341.9,49.9,47.25,-0.0369022808620759,0.1936520295657773,-0.0031446540880504,-0.0083420229405631,47.95,0.7731155748594153,49.73315481508521,48.16750000000002,46.60184518491483,0.3027981666040409,0.0650087637965511,12.962962962962774,39.506172839506085,48.15,48.17000000000007,6708070.0,8501374.3,-73.43750000000014,-75.25850122588173,52.788581127769625,43.2375,45.2,,,,0.0,0.0,0.0,0.0,0.0,0.0,,0.0,0.0,-0.0806,-0.1855,0.0,10.75,0.05,0,False,0,False,False,True,True,0.5365599025696186,False,False,True,False,True,True,False,False,False,False,False,False,False,False,False,False,True,False,20.0,0.0,4.942166140904314,0.0,-0.3544623828200234,False,False,True,False,False,False,False,-1.0,False,7,False,False,466.112050431856,,3,False,3,False,True,False,True,"ema60_gt_ema120, market_above_ma60, avoid_chase, liquidity_ok, adx_trending, mfi_strong, above_ichimoku_cloud",,close_below_ema20,146.4,78.7,75.7,30.6,-0.61,False,108,D
2026-09-08,53.2,56.3,51.6,51.8,15792771,849118673,2363,矽統,,-0.967925320337926,-1.3423298039498208,0.3744044836118947,51.917944998726256,54.97341697901015,55.76785642426458,47.2253040017146,12.606687266833994,2.271375955915447,4209828.3,222154110.6,57.0,50.1,-0.2326374648330107,-0.5971957342448538,0.0058252427184466,-0.0133333333333334,52.5,2.3588436533666703,54.413669102895895,51.69999999999991,48.986330897103926,0.5184252383412127,0.1049775281584522,27.419354838709623,48.82936366020537,51.3,51.28999999999997,422471136.0,433164783.2,-63.3802816901409,65.16864011481846,74.16434799943508,56.125,60.2,,,,0.0,0.0,0.0,0.0,0.0,0.0,,0.0,0.0,0.7207,-0.133,0.0,6.17,-0.17,0,False,0,False,False,False,False,3.751405015734252,True,False,False,False,True,True,False,False,False,False,False,False,False,False,False,False,True,True,10.0,0.0,10.038610038610043,0.0,-0.3940406331748367,False,False,False,True,False,False,False,-1.0,False,5,True,False,327.7855625592445,,3,False,3,False,True,False,True,"volume_break, market_above_ma60, avoid_chase, liquidity_ok, mfi_strong",long_upper_shadow,close_below_ema20,-10.6,46.9,47.1,32.7,3.25,False,245,D
2026-09-08,66.5,66.5,65.4,65.7,206131,13517167,2364,倫飛,,-2.187370940748352,-0.8142919711701041,-1.3730789695782477,71.1494061172489,71.32362678164927,70.30459699448396,37.30644181363787,23.340579841896897,3.0545035874638087,761411.65,58792274.4,88.1,66.0,-1.513361934255913,0.1629977630349548,-0.0179372197309417,-0.0075528700906344,66.2,0.4995842412660353,89.25554877014892,74.69999999999963,60.144451229850354,0.1908395505342623,0.3897067943815088,5.384615384615406,11.025641025641258,66.56000000000058,68.51000000000022,13138962.0,14793299.9,-96.55172413793105,-91.9981242273097,38.63571855785329,68.675,74.1,,,,0.0,0.0,0.0,0.0,0.0,0.0,,0.0,0.0,0.5151,0.0391,0.0,19.08,-0.57,0,False,0,False,False,False,True,0.2707221514144156,False,False,True,False,True,True,False,False,False,False,False,False,False,False,False,False,False,False,20.0,12.0,34.09436834094367,0.0,-1.471760921914146,False,False,False,False,False,False,False,-1.0,False,5,False,False,352.04609045117445,,3,False,3,False,True,True,True,"ema60_gt_ema120, market_above_ma60, avoid_chase, liquidity_ok, adx_trending",,"close_below_ema20, close_below_swing_low",32.3,56.5,54.0,30.6,-0.93,False,108,X
2026-09-08,29.0,29.0,28.2,28.45,581252,16533920,2365,昆盈,,-0.462044288201092,-0.3173732355860617,-0.1446710526150303,29.76499297122988,31.086420182385883,32.56996226220538,36.553638506325655,14.60828293520931,1.0438806966085905,1165270.55,35316719.55,31.25,28.65,-0.4011121600802804,-0.2597161074111629,-0.0500834724540901,-0.006980802792321,28.65,0.6670007036926449,31.656854963032345,30.0875,28.518145036967653,-0.0217111611371788,0.1043193992875676,8.620689655172407,11.484674329502012,29.109999999999854,29.575,493535243.0,494538728.85,-91.3793103448276,-174.21477175431315,47.017918236737074,29.85,33.15,,,,0.0,0.0,0.0,0.0,0.0,0.0,,0.0,0.0,0.2183,0.4001,0.0,2.93,-0.09,0,False,0,False,False,False,False,0.4988129151637789,False,False,False,False,True,False,False,False,False,False,False,False,False,False,False,False,False,False,20.0,25.0,9.841827768014062,0.0,-0.2188839859527254,False,False,False,False,False,False,False,-1.0,False,2,False,False,177.3615213202051,,3,False,3,False,True,True,True,"market_above_ma60, avoid_chase",,"close_below_ema20, close_below_swing_low",-142.4,4.6,9.7,30.6,-0.66,False,108,D
2026-09-08,42.35,42.5,41.5,41.5,2966685,123963633,2367,燿華,,-0.5446067133332306,-0.5438381679099729,-0.0007685454232577,43.32095323698088,47.20930929582771,49.843039388204645,41.4481093497558,16.459935628444132,1.803829991272987,5173198.35,228174882.2,45.75,42.3,-0.120505470673803,-0.6234171717879919,-0.0705487122060469,-0.0212264150943395,42.4,0.5837564897357712,46.01471555272318,43.509999999999856,41.00528444727653,0.0987568333229647,0.1151328684313185,0.0,13.64069087447327,42.66999999999971,43.75999999999967,2184323118.0,2186282881.15,-89.47368421052629,-109.91710162726424,46.49516994685706,42.39999999999999,52.775,,,,0.0,0.0,0.0,0.0,0.0,0.0,,0.0,0.0,0.2495,0.1861,0.0,8.53,-0.19,0,False,0,False,False,False,False,0.573472115176098,False,False,False,False,True,True,False,False,False,False,False,False,False,False,False,False,False,False,20.0,25.0,10.240963855421686,0.0,-0.0537198481005003,False,False,False,False,False,False,False,-1.0,False,3,False,False,240.090082974555,,3,False,3,True,True,True,True,"market_above_ma60, avoid_chase, liquidity_ok",,"macd_death_cross, close_below_ema20, close_below_swing_low",-98.3,19.6,23.5,32.7,-0.55,False,245,D
2026-09-08,1100.0,1115.0,1070.0,1075.0,4987962,5454341715,2368,金像電,,30.997806477832683,26.19646932327373,4.801337154558954,1062.701684684078,1065.4791925277343,1043.041196527458,51.797242497097066,21.390145838071213,79.87700951826905,9874300.0,10623299819.7,1225.0,971.0,0.6905461674540216,-0.3549103046422664,-0.1224489795918367,-0.0401785714285714,1120.0,0.7913142668645827,1202.919617506564,1057.95,912.980382493436,0.5588054252099686,0.2740575972523541,29.166666666666668,41.2525795590312,1103.0,1110.5,316383302.0,307249724.25,-51.51515151515152,29.00723739223189,56.6512324645501,938.75,1142.5,,,,0.0,0.0,0.0,0.0,0.0,0.0,,0.0,0.0,0.7738,0.2131,0.0,25.55,-1.14,0,False,0,False,False,True,True,0.5051458837588487,False,False,True,False,True,True,False,False,False,True,False,False,False,False,False,False,True,False,10.0,0.0,13.953488372093023,0.0,0.383657623176472,False,False,False,False,False,False,False,-1.0,False,7,False,False,484.6553503157061,,3,False,3,False,False,False,False,"ema60_gt_ema120, market_above_ma60, avoid_chase, liquidity_ok, adx_trending, obv_uptrend, mfi_strong",,,146.2,82.0,77.4,32.7,-0.63,False,245,D
2026-09-08,31.3,31.4,30.15,30.2,4146317,126425123,2369,菱生,,-0.7464531335121336,-0.7751069424167533,0.0286538089046196,31.59685525675878,33.03156362380629,32.23362075684897,41.41395340881815,14.488343588340577,1.485200439258499,4762941.05,151740760.35,33.15,30.4,-0.2886042143227382,-0.537637564604746,-0.0473186119873817,-0.0242326332794829,30.95,0.6793443227183559,33.30820730488663,31.54499999999998,29.78179269511333,0.1185927779812462,0.1117899701941131,1.6393442622951029,16.930132708821475,30.81999999999989,31.264999999999965,603970075.0,611544115.65,-98.36065573770487,-105.44620978578806,57.70780104809664,33.9875,36.075,,,,0.0,0.0,0.0,0.0,0.0,0.0,,0.0,0.0,0.3422,0.017,0.0,14.86,0.17,0,False,0,False,False,False,True,0.8705371232759641,False,False,False,False,True,True,False,False,False,False,False,False,False,False,False,False,True,False,20.0,12.0,9.7682119205298,0.0,-0.1472623720556479,False,False,False,False,False,False,False,-1.0,False,5,False,False,358.93822276809186,,3,False,3,False,True,True,True,"ema60_gt_ema120, market_above_ma60, avoid_chase, liquidity_ok, mfi_strong",,"close_below_ema20, close_below_swing_low",20.5,57.1,55.2,32.7,-0.19,False,245,D
2026-09-08,53.3,53.4,52.8,53.4,23076,1226234,2373,震旦行,,-0.1847111980258162,-0.2809146473806945,0.0962034493548782,53.36302039253948,54.30163591662037,55.13916612201586,48.367835808759,14.269300131517229,0.6103037299091603,32691.6,1739018.95,53.8,52.9,-0.0078324949904902,-0.1622918267083417,0.0056497175141241,-0.0074349442379182,53.8,1.547983206900261,53.73921977562378,53.27499999999991,52.81078022437603,0.634634505641323,0.0174273026982215,60.00000000000014,66.66666666666667,53.23999999999978,53.25,538292.0,543532.6,-39.99999999999986,-21.978021978023506,54.305686145130935,54.925,56.0,,,,0.0,0.0,0.0,0.0,0.0,0.0,,0.0,0.0,-0.0353,0.053,0.0,1.4,0.01,0,False,0,False,False,False,False,0.7058693976434314,False,False,False,False,True,False,False,False,False,False,False,False,False,False,False,False,True,False,0.0,0.0,0.7490636704119823,25.0,-0.0324068608002157,False,False,False,False,False,False,False,-1.0,False,3,False,False,191.66981164683173,,3,False,3,False,False,False,False,"market_above_ma60, avoid_chase, mfi_strong",,,-146.8,9.0,12.1,32.7,-0.39,False,245,D
2026-09-08,70.0,71.0,67.3,67.4,4149447,284341302,2374,佳能,,-0.4327266443643935,-0.3851055281875982,-0.0476211161767953,68.57186734266887,70.46622478645949,72.46874905735805,44.91165177252543,10.677355711753972,2.400060478949376,2686499.25,186077024.3,71.5,66.9,-0.1724549713721112,-0.2098429813007953,-0.0189228529839883,-0.0014814814814814,67.5,0.7127826721178343,71.66857859290222,68.82000000000008,65.97142140709794,0.2507528836419831,0.0827834522784696,6.382978723404493,19.48066803935035,68.24000000000015,68.67999999999992,940967793.0,947707085.1,-70.9677419354837,-31.76453446014869,61.57914843903718,67.075,72.7,,,,0.0,0.0,0.0,0.0,0.0,0.0,,0.0,0.0,0.6411,0.1057,0.0,5.15,-0.15,0,False,0,False,False,False,False,1.544555428407434,True,False,False,False,True,True,False,False,False,False,False,False,False,False,False,False,True,False,20.0,0.0,6.083086053412454,0.0,-0.9595093959586094,False,False,False,False,True,False,False,-1.0,False,5,True,False,343.931441532571,,3,False,3,True,True,False,True,"volume_break, market_above_ma60, avoid_chase, liquidity_ok, mfi_strong",open_high_close_low,"macd_death_cross, close_below_ema20",5.5,52.2,51.7,32.7,0.61,False,245,D
2026-09-08,127.5,127.5,122.5,123.0,2195567,273409239,2375,凱美,,-3.4053991057899964,-4.403129804818601,0.9977306990286046,126.65281683027074,135.06763018186987,129.27774510044483,44.94544788593473,17.665314804214848,8.590802672007747,5510155.65,716853048.65,139.5,118.0,-0.2189083175944688,-1.1174942956480087,-0.031496062992126,-0.031496062992126,127.0,0.8087522375882343,135.46337106853818,126.225,116.9866289314618,0.3254562424439238,0.146379418792445,20.0,29.77777777777798,123.6,125.95,580322498.0,564398854.45,-74.07407407407408,-43.18882935541538,73.78534234213696,149.125,169.0,,,,0.0,0.0,0.0,0.0,0.0,0.0,,0.0,0.0,0.3792,0.1434,0.0,9.17,-0.4,0,False,0,False,False,False,True,0.3984582540785394,False,False,False,False,True,True,False,False,False,True,False,False,False,False,False,False,True,False,10.0,0.0,13.414634146341465,0.0,0.3192431208770038,False,False,False,False,False,False,False,-1.0,False,6,False,False,412.8154999913094,,3,False,3,False,True,False,True,"ema60_gt_ema120, market_above_ma60, avoid_chase, liquidity_ok, obv_uptrend, mfi_strong",,close_below_ema20,63.3,64.8,66.5,33.7,-0.52,False,193,D
2026-09-08,157.5,157.5,152.5,152.5,9119002,1401420406,2377,微星,,2.167053619678768,1.5219490746339697,0.6451045450447983,151.41698510375912,144.03708516673396,133.44027574721144,52.02286029007042,20.68957776009525,6.947217210481128,16007179.45,2510603963.95,169.0,144.0,-0.0596945300189291,0.1972881061046053,-0.0097402597402597,-0.0378548895899053,158.5,0.9022296096405183,167.85421747959515,151.625,135.39578252040485,0.5269575535943162,0.2140704696401668,42.5,69.39393939393933,155.6,152.3,455076078.0,474729030.5,-45.09803921568628,25.510204081632363,74.04449088662194,145.125,133.5,,,,0.0,0.0,0.0,0.0,0.0,0.0,,0.0,0.0,-0.0002,0.0894,0.0,18.72,1.0,0,False,0,False,False,True,True,0.5696819997854151,False,False,True,False,True,True,False,False,False,False,False,False,False,False,False,False,True,True,0.0,0.0,10.81967213114754,0.0,-0.6326231403310333,False,False,True,False,False,False,False,-1.0,False,7,False,False,468.10534231388175,,3,True,3,False,False,False,False,"ema60_gt_ema120, market_above_ma60, avoid_chase, liquidity_ok, adx_trending, mfi_strong, above_ichimoku_cloud",,,148.4,79.6,75.7,30.6,-0.58,False,108,D
2026-09-08,364.5,364.5,351.0,357.0,6385642,2273309994,2376,技嘉,,3.452574474108417,3.082403662778846,0.3701708113295709,353.9721180929622,343.147471502807,324.26350933718953,52.49262678532876,7.8930946513557885,13.087423595111812,8313089.05,3027054851.5,397.5,345.0,-0.2129232709814008,0.117925557439129,-0.0055710306406685,-0.0205761316872428,364.5,0.6475337339202407,388.0401375242485,357.5,326.9598624757515,0.4918140512693663,0.170853916219572,46.15384615384615,65.75774971297324,358.9,355.7,263480244.0,253006565.7,-39.436619718309856,0.161199322962697,66.01943648251915,335.0,351.0,,,,0.0,0.0,0.0,0.0,0.0,0.0,,0.0,0.0,0.5967,0.0308,0.0,23.58,0.08,0,False,0,False,False,True,True,0.7681431007887496,False,False,False,False,True,True,False,False,False,True,False,False,False,False,False,False,True,True,0.0,0.0,11.344537815126053,0.0,0.4260094542411234,False,False,True,False,False,False,False,-1.0,False,7,False,False,502.793544458781,,3,False,3,False,False,False,False,"ema60_gt_ema120, market_above_ma60, avoid_chase, liquidity_ok, obv_uptrend, mfi_strong, above_ichimoku_cloud",,,183.1,85.2,78.8,30.6,-0.34,False,108,D
2026-09-08,717.0,721.0,680.0,692.0,4835169,3365561232,2379,瑞昱,,-5.648197961528467,-3.51967193229396,-2.128526029234508,724.6218019333184,713.7642083828317,669.335848412048,41.89389643462573,9.205911330352391,33.16935064105866,2481369.4,1796371104.75,772.0,707.0,-0.1513693275861934,-0.1621245302538986,-0.0698924731182796,-0.0507544581618655,729.0,1.17953560952967,761.2949996527313,725.3,689.3050003472686,0.0374357505032915,0.0992554795332452,12.76595744680851,18.96120150187744,717.0,723.6,-12056119.0,-7727321.2,-87.23404255319149,-149.92684396247526,44.217381248221926,738.75,763.0,,,,0.0,0.0,0.0,0.0,0.0,0.0,,0.0,0.0,0.3254,0.0475,0.0,43.5,-0.89,0,False,0,False,False,False,True,1.9485889525356443,True,False,False,False,True,True,False,False,False,False,False,False,False,False,False,False,False,False,20.0,25.0,11.560693641618498,0.0,-0.5968194951234459,False,False,False,False,False,False,False,-1.0,False,5,False,False,367.3240555838751,,3,False,3,False,True,True,True,"ema60_gt_ema120, volume_break, market_above_ma60, avoid_chase, liquidity_ok",,"close_below_ema20, close_below_swing_low",28.9,61.6,58.0,32.7,1.09,False,245,D
2026-09-08,18.2,18.25,17.1,17.7,225463,4014836,2380,虹光,,-0.1076464792712776,0.1539201309095907,-0.2615666101808684,18.7182201376639,16.719594540229924,13.413767687662965,38.96660048477417,27.013784300093235,0.8087070156007172,99323.85,1883596.3,20.6,18.2,-0.6298868521879555,1.3884256840298437,-0.0432432432432432,-0.0327868852459016,18.3,1.8092619809097683,20.65863575936719,19.119999999999983,17.581364240632777,0.0385522559985262,0.1609451631137247,24.999999999999925,21.84860298895425,18.139999999999965,18.49999999999998,7682840.0,7985224.45,-85.88235294117652,-156.2788246145735,26.98289296445516,17.177500000000002,14.575,,,,0.0,0.0,0.0,0.0,0.0,0.0,,0.0,0.0,-0.1171,-0.102,0.0,0.52,0.06,0,False,0,False,False,True,True,2.2699784593529144,True,False,True,False,True,False,False,False,False,False,False,False,False,False,False,False,False,False,10.0,25.0,16.384180790960464,0.0,-0.5152305886935733,False,False,True,False,False,False,False,-1.0,False,6,False,False,411.5170175292063,,6,False,3,False,True,True,True,"ema60_gt_ema120, volume_break, market_above_ma60, avoid_chase, adx_trending, above_ichimoku_cloud",,"close_below_ema20, close_below_swing_low",91.8,70.4,66.1,30.6,1.43,False,108,D
2026-09-08,5500.0,5550.0,5315.0,5340.0,1474956,7957811260,2383,台光電,,20.212024131674298,81.73588778884937,-61.52386365717507,5498.043371924953,5242.6758776908255,4643.605214189898,47.17754901749062,9.178779141343048,312.57659504904933,2047445.05,11711334490.0,6350.0,5290.0,-0.658236857495939,0.098561153738742,-0.0531914893617021,-0.0282074613284804,5495.0,0.7167376054019111,6276.227791460898,5685.25,5094.272208539102,0.2078993449596966,0.207898611832689,12.05673758865248,22.93144208037848,5397.0,5499.5,153330924.0,157295170.15,-91.005291005291,-82.65582655826559,34.41387274904196,4847.5,5090.0,,,,0.0,0.0,0.0,0.0,0.0,0.0,,0.0,0.0,1.294,0.0831,0.0,43.45,-0.12,0,False,0,False,False,True,True,0.7203885642742891,False,False,False,False,True,True,False,False,False,False,False,False,False,False,False,False,False,False,20.0,0.0,18.91385767790262,0.0,-0.6393845754020898,False,False,True,False,False,False,False,-1.0,False,5,False,False,349.5312707379178,,3,False,3,False,True,False,True,"ema60_gt_ema120, market_above_ma60, avoid_chase, liquidity_ok, above_ichimoku_cloud",,close_below_ema20,0.0,50.8,53.3,33.7,-0.23,False,193,D
2026-09-08,344.5,344.5,328.0,328.0,34789507,11529894175,2382,廣達,,3.1817331107366726,1.8810965250444287,1.3006365856922435,332.5179546000923,333.1827657825764,327.852570389416,47.55151743771161,10.597998286549432,11.30604137180756,17788596.45,5890697193.65,347.5,328.5,0.2441973533598212,-0.2719267829309421,-0.0409356725146199,-0.056115107913669,347.5,0.8085066652577174,345.8616738584342,332.15,318.43832614156577,0.3486690960255277,0.0825631423057908,7.84313725490196,61.82535678651099,338.5,337.15,488635865.0,469158450.0,-73.4375,19.24198250728836,62.451118426912174,322.125,358.5,,,,0.0,0.0,0.0,0.0,0.0,0.0,,0.0,0.0,1.3132,-0.0491,0.0,23.85,0.49,0,False,0,False,False,False,True,1.9557196149671487,True,False,False,False,True,True,False,False,False,True,False,False,False,False,False,False,True,True,20.0,0.0,5.945121951219512,0.0,0.2909765358105944,False,False,False,False,False,False,False,-1.0,False,7,False,False,523.0489145793986,,3,False,3,False,True,True,True,"ema60_gt_ema120, volume_break, market_above_ma60, avoid_chase, liquidity_ok, obv_uptrend, mfi_strong",,"close_below_ema20, close_below_swing_low",203.3,88.0,80.9,30.6,1.06,False,108,D
2026-09-08,36.15,36.35,35.75,36.25,236438,8517750,2387,精元,,-0.3681941562430921,-0.4280066639488697,0.0598125077057776,36.73879455841697,37.88833436575036,38.898703790845055,39.31842690192129,15.859797299963615,0.5184930371283876,328146.25,11978834.3,37.15,36.2,-0.0016450163279534,-0.1902093992933659,-0.0176151761517614,0.0013812154696131,36.2,0.9363686251900446,37.19961069485387,36.51749999999993,35.83538930514599,0.3039174564934749,0.0373580171070824,33.333333333333336,24.020202020202003,36.5,36.59499999999989,7987349.0,8519409.35,-66.66666666666667,-94.79409479409684,52.08729734597192,38.725,40.3,,,,0.0,0.0,0.0,0.0,0.0,0.0,,0.0,0.0,-0.2712,-0.1122,0.0,8.79,0.04,0,False,0,False,False,False,False,0.7205262897259987,False,False,False,False,True,False,False,False,True,False,False,False,False,False,False,False,True,False,0.0,0.0,2.482758620689652,8.0,-0.1864605276255146,False,False,False,False,False,False,False,-1.0,False,4,False,False,222.9677365657538,,3,False,3,False,True,False,True,"market_above_ma60, avoid_chase, kd_golden_cross, mfi_strong",,close_below_ema20,-96.8,14.8,19.0,30.6,-0.4,False,108,D
2026-09-08,108.0,108.0,105.0,105.5,5370064,568964568,2385,群光,,0.5094967206669878,0.2628421229158018,0.246654597751186,107.20025040699838,109.75037342251171,114.32990520584498,45.86069897250784,14.795444334453922,2.8370352829142025,3007862.55,322191770.1,110.5,106.0,0.1510888106973393,-0.0468781855908342,-0.0140186915887849,-0.0452488687782804,110.5,0.9889540260189328,110.257259271778,107.025,103.792740728222,0.264096894498018,0.0604019485499274,7.6923076923076925,61.11111111111131,108.7,108.0,-4345920.0,-6025848.2,-85.71428571428571,-48.44290657439383,52.25601416215496,104.35,124.35,,,,0.0,0.0,0.0,0.0,0.0,0.0,,0.0,0.0,-0.1224,-0.1054,0.0,24.3,0.48,0,False,0,False,False,False,False,1.7853422191782002,True,False,False,False,True,True,False,False,False,True,False,False,False,False,False,False,True,True,20.0,0.0,4.739336492890995,0.0,0.1569388362141071,False,False,False,False,False,False,False,-1.0,False,6,False,False,389.7366882263513,,3,False,3,False,True,True,True,"volume_break, market_above_ma60, avoid_chase, liquidity_ok, obv_uptrend, mfi_strong",,"close_below_ema20, close_below_swing_low",40.2,63.2,63.4,33.7,0.73,False,193,D
2026-09-08,78.1,81.2,75.8,76.1,8501828,666112513,2388,威盛,,0.6338881045382578,0.2363565866085926,0.3975315179296652,75.30240865458848,73.82465863549379,70.51278813398416,51.73389180350608,12.080681727683146,4.14172703848925,4565891.95,349874082.1,81.4,71.9,0.0738833264572041,0.0497419681276701,0.0381991814461117,-0.0205920205920207,77.7,2.0525800161416967,80.03244145305851,74.8550000000002,69.6775585469419,0.6202331316817085,0.1383325483416817,39.99999999999995,61.90544072226172,77.32000000000043,75.24000000000015,105176401.0,111085589.95,-53.90625000000006,80.67467578964147,55.35949495696759,70.45,76.7,,,,0.0,0.0,0.0,0.0,0.0,0.0,,0.0,0.0,0.4329,-0.0898,0.0,15.89,0.3,0,False,0,False,False,True,True,1.862030046506028,True,False,False,False,True,True,False,False,False,False,False,False,False,False,False,False,True,True,0.0,0.0,6.964520367936941,0.0,-0.3631301766619664,False,False,False,False,False,False,False,-1.0,False,6,False,False,409.2627383451167,,3,True,3,False,False,False,False,"ema60_gt_ema120, volume_break, market_above_ma60, avoid_chase, liquidity_ok, mfi_strong",,,70.8,66.5,65.8,32.7,0.99,False,245,D
2026-09-08,10.1,10.1,10.0,10.05,346689,3482477,2390,云辰,,-0.1753617983905755,-0.1869947453308977,0.0116329469403222,10.329030938549218,10.712915693964655,10.733708715629476,39.91214495042427,14.650075216274788,0.2774767241153309,465796.95,4811942.4,10.65,10.05,-0.0780538504851372,-0.4227292001143853,-0.0195121951219511,0.0,10.05,1.1825497732560353,10.602304627856762,10.282500000000004,9.962695372143246,0.1364968175130016,0.0622036718418201,6.250000000000084,11.309523809523547,10.150000000000093,10.295000000000028,25352742.0,26232645.2,-93.74999999999991,-140.49586776859516,31.13272061653298,11.4125,12.065,,,,0.0,0.0,0.0,0.0,0.0,0.0,,0.0,0.0,0.0669,0.004,0.0,2.74,-0.31,0,False,0,False,False,False,False,0.7442921212773076,False,False,False,False,True,False,False,False,False,False,False,False,False,False,False,False,False,False,20.0,12.0,5.970149253731339,0.0,-0.5631782225690708,False,False,False,False,False,False,False,-1.0,False,2,False,False,142.6847825419442,,3,False,3,False,True,False,True,"market_above_ma60, avoid_chase",,close_below_ema20,-187.9,14.3,4.1,28.6,-0.45,False,7,D
2026-09-08,44.4,45.0,42.6,42.8,3507000,152290508,2392,正崴,,1.705138977825861,1.95088577942063,-0.245746801594769,43.12915156068527,40.23685359467508,39.43554058183069,51.82496542858431,32.47657592188475,2.164017014863688,6510871.9,285925837.9,46.65,44.35,0.6407666570129433,0.2823306027681144,-0.0675381263616557,-0.0349492671927847,44.35,0.5014104359358869,47.89724633903391,43.44999999999982,39.00275366096573,0.4269210708776482,0.2047063907495561,3.3333333333332624,20.347694633409144,44.72000000000007,45.07999999999993,63755468.0,47018645.65,-68.23529411764711,-4.00356521866197,51.89259608841022,35.962500000000006,38.425,,,,0.0,0.0,0.0,0.0,0.0,0.0,,0.0,0.0,0.3279,0.6261,0.0,8.54,-0.53,0,False,0,False,False,True,True,0.538637536395087,False,False,True,False,True,True,False,False,False,True,False,False,False,False,False,False,True,False,20.0,0.0,8.995327102803742,0.0,0.6136272404431462,False,False,True,False,False,False,False,-1.0,False,8,False,False,607.7499022492688,,8,False,3,False,True,True,True,"ema60_gt_ema120, market_above_ma60, avoid_chase, liquidity_ok, adx_trending, obv_uptrend, mfi_strong, above_ichimoku_cloud",,"close_below_ema20, close_below_swing_low",258.2,89.1,89.7,33.7,-0.4,False,193,D
2026-09-08,63.5,63.5,62.5,62.6,1115350,70056307,2393,億光,,-0.1384459158002187,0.0686232162564144,-0.2070691320566331,64.68241327040853,65.35524902751702,65.3219876424605,41.23039759641179,10.130875840979936,1.7122124088607875,2036004.15,131992774.1,66.8,63.5,0.0419683350253872,-0.1785515197158058,-0.0428134556574923,-0.0141732283464566,63.5,0.7497262777268617,67.30205213902741,64.8949999999999,62.48794786097238,0.023275802216916,0.07418297677872,2.1739130434782945,13.389750346272194,64.29999999999927,65.24999999999963,91618798.0,94678031.9,-97.8260869565217,-163.0073186959411,42.854551597143626,65.3,66.6,,,,0.0,0.0,0.0,0.0,0.0,0.0,,0.0,0.0,0.1744,0.0784,0.0,28.48,0.2,0,False,0,False,False,False,True,0.5478132252333572,False,False,False,False,True,True,False,False,False,False,False,False,False,False,False,False,False,False,20.0,25.0,6.709265175718842,0.0,-0.4780954460236943,False,False,False,False,False,False,False,-1.0,False,4,False,False,294.7409869000492,,3,False,3,False,True,True,True,"ema60_gt_ema120, market_above_ma60, avoid_chase, liquidity_ok",,"close_below_ema20, close_below_swing_low",-43.7,34.7,37.9,32.7,-0.58,False,245,D
2026-09-08,681.0,681.0,651.0,657.0,4049282,2675271532,2395,研華,,20.24269038033401,26.173911324381336,-5.931220944047325,667.8269401108062,599.7838242430315,525.8083475702824,50.2161417667056,34.79620306261839,32.98281221564039,3499355.95,2389721907.95,711.0,669.0,0.0045509666225623,0.7452796242237727,-0.0759493670886075,-0.0338235294117647,680.0,1.018384847701466,711.6672787629055,679.9,648.1327212370944,0.139566231484389,0.0934469150254612,7.894736842105263,40.30611098809762,682.8,683.4,95082345.0,97455572.5,-83.33333333333333,-102.3233760075866,36.77188692521089,554.5,533.5,,,,0.0,0.0,0.0,0.0,0.0,0.0,,0.0,0.0,0.8758,0.1135,0.0,35.44,0.08,0,False,0,False,False,True,True,1.1571506465354002,False,False,True,False,True,True,False,False,False,False,False,False,False,False,False,False,False,False,20.0,12.0,8.21917808219178,0.0,-0.2433219273750303,False,False,True,False,False,False,False,-1.0,False,6,False,False,470.6516433368536,,8,False,3,False,True,True,True,"ema60_gt_ema120, market_above_ma60, avoid_chase, liquidity_ok, adx_trending, above_ichimoku_cloud",,"close_below_ema20, close_below_swing_low",150.9,80.6,76.2,30.6,0.12,False,108,D
2026-09-08,61.9,61.9,59.4,59.8,440127,26633201,2397,友通,,0.007770013711486,0.5291081772946676,-0.5213381635831816,62.30523004515875,61.33479731367463,60.945128858474845,40.99502617406155,10.278129994402192,1.951280762057244,352710.85,22722945.8,67.7,61.4,-0.412298532535332,0.1419510776814761,-0.0416666666666667,-0.0339256865912762,61.9,0.5265984482703157,66.77016020477473,63.41500000000051,60.05983979522629,-0.0387224125477753,0.1058159805968364,8.333333333333297,21.666666666667272,61.64000000000088,62.310000000000585,14125584.0,15145031.45,-93.93939393939397,-151.9841269841266,36.05338723820794,57.25,61.1,,,,0.0,0.0,0.0,0.0,0.0,0.0,,0.0,0.0,0.5127,0.0001,0.0,14.72,-0.33,0,False,0,False,False,False,True,1.2478408305273283,False,False,False,False,True,False,False,False,False,False,False,False,False,False,False,False,False,False,20.0,25.0,13.210702341137134,0.0,-0.8471365996072757,False,False,False,False,False,False,False,-1.0,False,3,False,False,237.312769109986,,3,False,3,False,True,True,True,"ema60_gt_ema120, market_above_ma60, avoid_chase",,"close_below_ema20, close_below_swing_low",-82.4,20.4,22.8,30.6,0.23,False,108,D
2026-09-08,47.25,47.25,45.25,45.65,3464596,159189648,2399,映泰,,0.9533490863938354,1.0886813021842523,-0.1353322157904171,45.397647313834575,43.985040137629625,41.13741505749491,52.043636017578194,17.501725285962717,2.24086652932948,6738772.0,313667910.95,47.9,44.4,0.11243735342728,-0.1663546258001329,-0.0108342361863488,-0.0245726495726495,46.8,1.097077884851414,48.28456813943239,46.08499999999994,43.8854318605675,0.4011169528687143,0.0954570094144492,32.55813953488371,46.40826873385049,46.04999999999964,46.33999999999978,444170834.0,440432436.1,-73.33333333333336,-11.239758954566584,78.88861680032743,38.85,43.75,,,,0.0,0.0,0.0,0.0,0.0,0.0,,0.0,0.0,0.1072,0.2148,0.0,6.09,-0.91,0,False,0,False,False,True,True,0.514128686947711,False,False,False,False,True,True,False,False,False,True,False,False,False,False,False,False,True,False,0.0,0.0,4.928806133625411,0.0,0.1857992318284586,False,False,True,False,False,False,False,-1.0,False,7,False,False,482.3708776514186,,3,False,3,False,False,False,False,"ema60_gt_ema120, market_above_ma60, avoid_chase, liquidity_ok, obv_uptrend, mfi_strong, above_ichimoku_cloud",,,162.6,82.4,77.1,30.6,-0.64,False,108,D
2026-09-08,25.6,25.65,24.85,24.85,2278556,57118692,2401,凌陽,,-0.5946221163855441,-0.6561277478396597,0.0615056314541155,25.80918640716675,26.8727374693167,26.301165316245264,40.78472339598771,19.97335693718356,1.0046036224097876,2397085.35,62401645.35,27.7,24.85,-0.3505717116851774,-0.5391333792172213,-0.0235756385068761,-0.0273972602739726,25.55,0.7165746324795441,27.24167493852889,25.772499999999944,24.303325061471,0.1860482792731207,0.1140110535282921,0.0,35.77448416158101,25.290000000000145,25.444999999999983,344116401.0,345757885.05,-83.78378378378373,-85.76779026217268,51.489822335588414,28.1,29.425,,,,0.0,0.0,0.0,0.0,0.0,0.0,,0.0,0.0,0.3759,0.016,0.0,17.17,0.0,0,False,0,False,False,False,True,0.9505527202024742,False,False,False,False,True,True,False,False,False,False,False,False,False,False,False,False,True,False,20.0,12.0,11.468812877263572,0.0,-0.0704080082113228,False,False,False,False,False,False,False,-1.0,False,5,False,False,360.66063110348887,,3,False,3,False,True,False,True,"ema60_gt_ema120, market_above_ma60, avoid_chase, liquidity_ok, mfi_strong",,close_below_ema20,22.2,58.0,55.9,32.7,-0.1,False,245,D
2026-09-08,56.1,56.4,54.5,54.6,1590173,87698319,2402,毅嘉,,0.0243047184588576,-0.1090297046581258,0.1333344231169834,56.54517924322118,58.47116724080913,59.30572035034952,43.92557708977629,16.212070411853915,2.3223625757188184,2099047.65,120945385.35,62.2,55.8,0.3660481357488415,-0.4314691683126397,-0.1221864951768488,-0.0267379679144385,56.1,0.6334282546649747,60.74596265197256,55.98000000000002,51.21403734802748,0.3552233724042232,0.1702737639147029,1.1494252873563378,16.379237170312383,56.87999999999992,57.570000000000256,582834569.0,583063610.95,-77.47747747747748,-34.16557161629448,62.49093120257535,56.825,60.125,,,,0.0,0.0,0.0,0.0,0.0,0.0,,0.0,0.0,0.2402,0.0281,0.0,5.28,-0.78,0,False,0,False,False,False,False,0.7575687955440173,False,False,False,False,True,True,False,False,False,False,False,False,False,False,False,False,True,False,20.0,0.0,13.919413919413923,0.0,-0.0216143051710905,False,False,False,False,False,False,False,-1.0,False,4,False,False,287.3163162933871,,3,False,3,False,True,True,True,"market_above_ma60, avoid_chase, liquidity_ok, mfi_strong",,"close_below_ema20, close_below_swing_low",-62.2,27.5,35.4,33.7,-0.2,False,193,D
2026-09-08,15.05,15.1,14.9,14.9,568800,8510950,2405,輔信,,-0.3152416701192013,-0.3021492478729624,-0.0130924222462389,15.446384113357086,16.099797043562663,16.41250578612226,35.35824625084746,19.85306509199017,0.3839056112391492,956733.25,14931737.65,16.05,15.0,-0.3010655355284874,-0.3709304702768317,-0.0261437908496732,-0.0099667774086379,15.05,1.0838739606486234,16.059666574016283,15.460000000000036,14.86033342598379,0.0330738578194757,0.0775765296269399,0.0,9.89010989010967,15.1,15.265000000000054,161949289.0,164183296.7,-100.0,-151.51515151515116,33.49969656382012,16.1625,18.15,,,,0.0,0.0,0.0,0.0,0.0,0.0,,0.0,0.0,0.2195,0.003,0.0,4.95,-0.03,0,False,0,False,False,False,False,0.5945230815381404,False,False,False,False,True,False,False,False,False,False,False,False,False,False,False,False,False,False,20.0,25.0,7.71812080536913,0.0,-0.2555815159645516,False,False,False,False,False,False,False,-1.0,False,2,False,False,177.87825262380682,,3,False,3,False,True,True,True,"market_above_ma60, avoid_chase",,"close_below_ema20, close_below_swing_low",-141.9,6.5,9.9,30.6,-0.55,False,108,D
2026-09-08,1085.0,1085.0,1050.0,1055.0,651640,691840715,2404,漢唐,,-21.395049548727,-22.84545598019516,1.4504064314681564,1081.6869358839008,1116.1564675071722,1094.8463061611872,43.7500153284321,17.328410990789102,47.091644799936496,1333851.25,1449666320.75,1155.0,1025.0,-0.3918496600699723,-0.4237131926132451,-0.0409090909090908,-0.0231481481481481,1080.0,0.7009814357524861,1149.8483105326172,1084.0,1018.1516894673828,0.2797969320288401,0.1214913478461573,47.36842105263158,61.40350877192941,1053.0,1065.5,61591893.0,61681302.55,-59.09090909090909,-57.11876910106422,41.55713883939311,1153.75,1212.5,,,,0.0,0.0,0.0,0.0,0.0,0.0,,0.0,0.0,0.6377,0.1375,0.0,37.02,-0.48,0,False,0,False,False,False,True,0.4885402326533787,False,False,False,False,True,True,False,False,False,False,False,False,False,False,False,False,False,False,0.0,0.0,9.47867298578199,0.0,-0.0179388699710998,False,False,False,False,False,False,False,-1.0,False,4,False,False,254.6701358868806,,3,False,3,False,True,False,True,"ema60_gt_ema120, market_above_ma60, avoid_chase, liquidity_ok",,close_below_ema20,-83.8,24.1,26.9,32.7,-0.65,False,245,D
2026-09-08,27.45,27.45,26.9,26.9,2237101,60580248,2406,國碩,,-1.250012223919022,-1.258289813253981,0.0082775893349591,28.660028403769928,31.12637839459481,31.360135672566628,33.07731058936183,25.784507619043048,1.0916739145298835,3843020.1,111579034.2,31.75,27.05,-0.6116129324315869,-0.6173965955924833,-0.0528169014084507,-0.0128440366972477,27.25,0.5126785106453764,30.99636655562255,28.589999999999964,26.18363344437737,0.1488481781690319,0.1683362403373619,5.882352941176413,15.032679738562363,27.26999999999989,27.89999999999991,491837052.0,502352306.6,-94.1176470588236,-126.8976255352278,40.25315253132145,34.375,36.875,,,,0.0,0.0,0.0,0.0,0.0,0.0,,0.0,0.0,0.6613,0.2391,0.0,7.66,-0.04,0,False,0,False,False,False,False,0.5821205566944602,False,False,True,False,True,True,False,False,False,False,False,False,False,False,False,False,False,False,20.0,12.0,18.02973977695168,0.0,-0.1639716465426378,False,False,False,False,False,False,False,-1.0,False,4,False,False,325.8535458084329,,3,False,3,False,True,True,True,"market_above_ma60, avoid_chase, liquidity_ok, adx_trending",,"close_below_ema20, close_below_swing_low",-12.6,46.5,46.5,32.7,-0.54,False,245,D
2026-09-08,527.0,540.0,524.0,531.0,76221279,40694980627,2408,南亞科,,17.067362107489885,21.043027002464505,-3.9756648949746207,503.99625246215896,451.734016212063,387.62295981405424,57.47229453181277,21.21481742264072,33.32941855629709,86052169.05,44632802125.3,543.0,477.5,0.1252068088086476,0.3796850559449067,0.0250965250965251,0.0270793036750482,517.0,0.6490669853191845,551.0743821884693,514.15,477.2256178115307,0.7281690173446143,0.1436327227014267,61.61616161616162,45.11784511784572,507.9,519.85,6345652280.0,6136526535.65,-38.38383838383838,73.79939209726474,44.07622004457829,398.5,385.25,,,,0.0,0.0,0.0,0.0,0.0,0.0,,0.0,0.0,7.1961,0.4927,0.0,15.84,-1.95,0,False,0,False,False,True,True,0.8857566269562848,False,True,True,False,True,True,False,False,False,True,False,False,False,False,False,False,False,False,0.0,0.0,2.2598870056497176,8.0,1.361293365201518,False,False,True,True,False,False,False,-1.0,False,8,True,False,568.1930866519809,,3,False,3,False,False,False,False,"ema60_gt_ema120, rsi_strong, market_above_ma60, avoid_chase, liquidity_ok, adx_trending, obv_uptrend, above_ichimoku_cloud",long_upper_shadow,,229.8,89.4,85.9,32.7,-0.18,False,245,D
2026-09-08,28.8,30.7,28.2,29.6,623892482,18452065566,2409,友達,,0.5722229440483204,0.1893061680339104,0.3829167760144099,26.61196688520103,25.667598664208807,23.45534267654689,69.43668945424801,16.453783107715513,1.486297443267133,186170896.05,5083291668.8,28.7,25.25,0.3559502692897195,-0.1969264387957386,0.1212121212121213,0.0313588850174215,28.7,2.939260343676155,28.50716546668756,26.37750000000001,24.24783453331246,1.2565742250148386,0.161475914448871,80.00000000000004,71.3725490196078,27.610000000000035,26.769999999999985,6135376887.0,4585732682.85,-18.03278688524588,286.31480616534446,76.76394585249841,26.3125,26.525,,,,0.0,0.0,0.0,0.0,0.0,0.0,,0.0,0.0,-0.0264,-0.1836,0.0,13.75,2.74,0,False,0,False,False,True,True,3.3511816037692643,True,True,False,True,False,True,False,False,False,True,False,False,True,True,False,False,True,True,-20.0,-25.0,-3.0405405405405475,25.0,2.0,False,False,True,False,False,False,False,-1.0,False,11,False,False,797.5118160376926,,3,False,3,False,False,False,False,"ema60_gt_ema120, volume_break, rsi_strong, breakout_20d, market_above_ma60, liquidity_ok, obv_uptrend, bb_squeeze_breakout, breakout_volume_confirm, mfi_strong, above_ichimoku_cloud",,,459.1,98.8,98.5,32.7,2.77,False,245,D
2026-09-08,137.5,139.0,137.0,139.0,11188451,1547651594,2412,中華電,,0.0673916081199763,-0.3328459302117655,0.4002375383317418,137.1180085626803,137.69905210164686,137.3318531993905,61.46783774351811,13.758405169132182,1.5529839432516168,9084832.5,1239464817.2,138.0,135.5,0.0811770106780947,-0.0907113126939456,0.0220588235294116,0.0072463768115942,138.0,1.0029304224198066,138.49679223338782,136.55,134.6032077666122,1.1292402337501868,0.0285139836453725,100.0,85.71428571428562,138.0,136.9,-77112826.0,-114219916.5,-0.0,204.4933516735504,60.72067508591567,139.125,139.5,,,,0.0,0.0,0.0,0.0,0.0,0.0,,0.0,0.0,0.0368,-0.0683,0.0,17.2,0.19,0,False,0,False,False,True,True,1.2315528106874838,False,True,False,True,True,True,False,False,False,True,False,False,True,False,False,False,True,True,-20.0,-25.0,-0.7194244604316548,25.0,0.6197790917235988,False,False,False,False,False,False,False,-1.0,False,9,False,False,599.752877207558,,3,False,3,False,False,False,False,"ema60_gt_ema120, rsi_strong, breakout_20d, market_above_ma60, avoid_chase, liquidity_ok, obv_uptrend, bb_squeeze_breakout, mfi_strong",,,261.3,90.6,88.8,32.7,0.24,False,245,D
2026-09-08,47.95,49.6,45.85,45.95,4634982,219909204,2413,環科,,0.5668524375225985,0.1665639152688823,0.4002885222537161,44.0478595217316,44.78273613398763,44.76836423342969,56.03386290932179,14.34144552688065,2.111968004284721,1417379.5,65373672.2,48.35,41.65,0.0421266115557873,-0.346264356498325,0.0636574074074074,-0.0496380558428127,48.35,7.479694400465417,47.06415504932365,44.16499999999997,41.26584495067628,0.8078483160837572,0.131287447042848,54.65838509316775,80.80010685901289,44.94000000000015,44.27500000000018,259671540.0,252598224.05,-45.34161490683226,184.64815269927044,68.9923020007755,40.5125,50.9,,,,0.0,0.0,0.0,0.0,0.0,0.0,,0.0,0.0,0.1979,0.0734,0.0,4.07,-0.46,0,False,0,False,False,True,True,3.2701065593230325,True,True,False,False,False,True,False,False,False,True,False,False,False,False,False,False,True,True,0.0,-12.0,5.223068552774752,0.0,1.4081046272096551,False,False,False,False,False,False,False,-1.0,False,7,False,False,507.5983211197462,,3,False,3,False,False,False,False,"ema60_gt_ema120, volume_break, rsi_strong, market_above_ma60, liquidity_ok, obv_uptrend, mfi_strong",,,158.1,79.3,79.5,33.7,2.06,False,193,D
2026-09-08,52.0,52.0,51.6,51.7,146537,7584509,2414,精技,,-1.0132896371464,-1.1980322275043735,0.1847425903579735,52.87509036053689,54.16389288156719,52.396138129681226,39.42604990320459,15.80651914260157,1.2153390765226453,209890.8,10982818.25,53.3,51.7,-0.0735200544626614,-0.3583545863406306,-0.0114722753346079,-0.0076775431861804,52.1,0.4016417516788184,53.09866239680224,52.30499999999984,51.51133760319743,0.1188555723205953,0.0303474771743583,8.333333333333481,41.66666666666666,52.22000000000007,52.139999999999965,581554.0,851435.85,-91.66666666666652,-143.0575035063114,57.39677190540046,58.125,57.6,,,,0.0,0.0,0.0,0.0,0.0,0.0,,0.0,0.0,0.2535,-0.3666,0.0,4.22,0.0,0,False,0,False,False,False,True,0.6981582804010467,False,False,False,False,True,False,False,False,False,False,False,False,False,False,False,False,True,True,20.0,12.0,3.0947775628626584,8.0,-0.1372621081173081,False,False,False,False,False,False,False,-1.0,False,4,False,False,320.3344375066028,,3,False,3,False,True,False,True,"ema60_gt_ema120, market_above_ma60, avoid_chase, mfi_strong",,close_below_ema20,9.6,54.5,45.2,21.2,0.06,False,33,D
2026-09-08,28.5,28.5,27.45,27.9,179099,4973123,2415,錩新,,-0.8699023878090024,-0.8012819824796177,-0.0686204053293847,29.419140560712567,30.45404772535204,29.91569248079888,37.81519385962429,14.92782933008012,1.2324431288959774,216448.65,6354364.1,31.3,27.9,-0.3711191802264139,-0.3448867149618607,-0.0362694300518134,-0.0244755244755245,28.6,0.6731352154055151,31.29286372161531,29.40250000000001,27.51213627838472,0.1025897072558767,0.1285852374196274,35.384615384615344,35.70791527313244,28.289999999999964,28.829999999999927,12844139.0,13147596.8,-75.00000000000004,-132.2861322861327,50.843616945927934,34.050000000000004,34.5,,,,0.0,0.0,0.0,0.0,0.0,0.0,,0.0,0.0,0.0833,0.0461,0.0,20.76,0.14,0,False,0,False,False,False,True,0.8274433682076557,False,False,False,False,True,False,False,False,False,False,False,False,False,False,False,False,True,False,0.0,12.0,12.18637992831542,0.0,-0.0932561847660007,False,False,False,False,False,False,False,-1.0,False,4,False,False,259.1553594648845,,3,False,3,False,True,False,True,"ema60_gt_ema120, market_above_ma60, avoid_chase, mfi_strong",,close_below_ema20,-90.4,19.7,27.5,33.7,-0.14,False,193,D
2026-09-08,39.65,39.65,38.3,38.3,916301,35430400,2417,圓剛,,-0.6178141378449666,-0.032422744273887,-0.5853913935710796,42.523335171926206,43.200197969067325,42.91871632811234,33.31071746157778,17.125451443846504,1.6930289720579526,1204900.4,53274339.75,45.65,39.8,-0.5628706081362798,-0.1160584312184941,-0.1195402298850575,-0.0376884422110552,39.8,1.1664228552080071,47.0424266752264,43.4625,39.8825733247736,-0.2210343211392064,0.1647363439851088,0.0,6.666666666666667,41.159999999999854,42.58999999999978,31630380.0,34628548.0,-100.0,-285.64459080375707,18.263356493630923,41.5,45.45,,,,0.0,0.0,0.0,0.0,0.0,0.0,,0.0,0.0,0.1893,-0.0528,0.0,2.45,-0.34,0,False,0,False,False,False,True,0.760478625453191,False,False,False,False,True,True,False,False,False,False,False,False,False,False,False,False,False,False,20.0,25.0,19.19060052219321,0.0,-0.8946355038198928,False,False,False,False,False,False,False,-1.0,False,4,False,False,291.8691602086932,,3,False,3,False,True,True,True,"ema60_gt_ema120, market_above_ma60, avoid_chase, liquidity_ok",,"close_below_ema20, close_below_swing_low",-27.9,38.9,36.5,30.6,-0.35,False,108,D
2026-09-08,27.35,27.45,26.7,26.7,1284774,34627771,2419,仲琦,,0.440855099671996,0.1382227360958025,0.3026323635761934,25.80067815246689,26.40163200077925,27.30639857137237,58.02793710283319,24.643652181383523,0.8971329526458648,1344320.25,36884599.2,27.9,24.6,0.5618299305803013,-0.2563255569351841,0.0511811023622048,-0.0092764378478664,26.95,1.2869954573382636,27.613203812211424,25.414999999999964,23.216796187788503,0.7922840895966071,0.1729847579942131,39.130434782608695,46.81022372974197,27.18999999999996,26.2,135875428.0,149484110.45,-51.85185185185188,105.35127055306442,72.36033194753384,25.125,28.275,,,,0.0,0.0,0.0,0.0,0.0,0.0,,0.0,0.0,-0.0385,-0.3017,0.0,0.89,-0.58,0,False,0,False,False,True,False,0.9557053090586116,False,True,True,False,False,False,False,False,False,False,False,False,False,False,False,False,True,True,0.0,0.0,4.494382022471908,0.0,-2.0,False,False,False,False,False,False,False,-1.0,False,4,False,False,245.55705309058607,,3,True,3,False,False,False,False,"rsi_strong, market_above_ma60, adx_trending, mfi_strong",,,-92.9,21.6,24.8,32.7,-0.09,False,245,D
2026-09-08,54.2,54.2,53.5,53.7,326120,17531764,2420,新巨,,-0.818993296883022,-0.66891198299461,-0.150081313888412,55.36387718200061,56.74997673543999,56.57270878801175,37.216716941172514,15.364064037612376,1.2362674014459925,545949.7,30804485.75,58.6,53.6,-0.4240764311976627,-0.2205029201366895,-0.0254083484573502,-0.0092250922509224,54.2,0.3439368884302805,59.072052756953205,55.93500000000013,52.797947243047055,0.1437739220281849,0.1121677932226,10.52631578947384,33.59191629868292,54.28000000000029,54.47000000000007,5835657.0,6868051.75,-81.81818181818181,-94.49275362318836,38.37454739063219,56.65,59.05,,,,0.0,0.0,0.0,0.0,0.0,0.0,,0.0,0.0,0.1859,0.1292,0.0,7.8,0.0,0,False,0,False,False,False,True,0.5973444073693969,False,False,False,False,True,False,False,False,False,False,False,False,False,False,False,False,False,False,20.0,12.0,9.124767225325884,0.0,-0.5991234566933347,False,False,False,False,False,False,False,-1.0,False,3,False,False,220.783962593374,,3,False,3,False,True,False,True,"ema60_gt_ema120, market_above_ma60, avoid_chase",,close_below_ema20,-128.7,13.5,18.6,33.7,-0.34,False,193,D
2026-09-08,172.0,172.0,165.5,168.0,3308402,555711805,2421,建準,,8.079158220296364,6.755380623733049,1.323777596563315,159.65458523494712,150.14952805029188,147.5365900697058,58.75234750993264,27.02902844376282,8.386628312703214,5175971.7,864483224.15,179.5,144.0,1.108633359118173,0.2500295896937433,-0.0508474576271186,-0.0204081632653061,171.5,1.2711576063545094,182.4376687525091,156.975,131.5123312474909,0.7164934105525289,0.3244168657749209,50.0,68.44756634028697,170.0,168.1,329103030.0,322417681.5,-36.7816091954023,66.99488367603047,74.56085357179855,131.75,148.25,,,,0.0,0.0,0.0,0.0,0.0,0.0,,0.0,0.0,0.3165,0.1425,0.0,35.98,-0.92,0,False,0,False,False,True,True,0.6391847157896942,False,True,True,False,True,True,False,False,False,True,False,False,False,False,False,False,True,True,0.0,0.0,6.845238095238096,0.0,0.7316912208555307,False,False,True,False,False,False,False,-1.0,False,9,False,False,665.1721418081632,,3,True,3,False,False,False,False,"ema60_gt_ema120, rsi_strong, market_above_ma60, avoid_chase, liquidity_ok, adx_trending, obv_uptrend, mfi_strong, above_ichimoku_cloud",,,315.6,92.2,93.3,33.7,-0.3,False,193,D
2026-09-08,76.5,76.5,73.4,73.9,38462,2857731,2423,固緯,,-0.1631179124528614,-0.0954285081890758,-0.0676894042637856,74.24365767454965,73.4798696488283,69.53148644943361,48.624519151896685,8.054477260751913,2.391813973731466,104413.7,7837872.8,77.3,73.2,-0.150764464452078,-0.0745174727109125,-0.0053835800807535,-0.0053835800807535,74.3,0.3450839508020856,76.8752242039858,74.6449999999999,72.414775796014,0.3329764337889408,0.0597554880832179,26.92307692307702,27.56410256410224,73.83999999999978,74.22999999999993,2648227.0,2622265.45,-73.07692307692298,-15.699467339497694,49.22651406658467,73.32499999999999,76.0,,,,0.0,0.0,0.0,0.0,0.0,0.0,,0.0,0.0,0.1746,-0.1499,0.0,5.07,-0.11,0,False,0,False,False,True,True,0.3683616230437194,False,False,False,False,True,False,False,False,False,True,False,False,False,False,False,False,False,False,10.0,0.0,4.60081190798375,0.0,0.0344573426451323,False,False,False,False,True,False,False,-1.0,False,4,True,False,279.0971043421788,,3,False,3,False,True,False,True,"ema60_gt_ema120, market_above_ma60, avoid_chase, obv_uptrend",open_high_close_low,close_below_ema20,-59.3,31.4,33.4,32.7,-0.79,False,245,D
2026-09-08,7.85,8.39,7.85,7.96,26004,209757,2424,隴華,,-0.2348864850758012,-0.2705853697278944,0.0356988846520931,8.209739107040091,10.11707244376534,15.509682175065864,39.475938421853385,12.684065750170811,0.4055524395433522,19322.55,157909.35,8.98,8.01,-0.5017982351976098,-0.5468241637501403,-0.0111801242236025,-0.0172839506172839,8.1,0.363214657268055,8.881799453500237,8.250500000000102,7.619200546499967,0.2699190151444981,0.1530330170293018,31.46067415730338,38.951310861422826,8.022000000000116,8.051000000000021,-6007989.0,-5931325.4,-75.22123893805309,-62.86997346397138,32.436167905268235,8.424999999999999,12.65,,,,0.0,0.0,0.0,0.0,0.0,0.0,,0.0,0.0,0.0268,-0.5844,0.0,0.61,-0.01,0,False,0,False,False,False,False,1.3457851060030896,False,False,False,False,True,False,False,False,False,False,False,False,False,False,False,False,False,False,0.0,0.0,12.8140703517588,0.0,-0.2670357921637428,False,False,False,True,False,False,False,-1.0,False,2,True,False,120.25342155406598,,3,False,3,False,True,True,True,"market_above_ma60, avoid_chase",long_upper_shadow,"close_below_ema20, close_below_swing_low",-229.2,2.0,2.2,44.9,-0.01,False,49,D
2026-09-08,37.3,37.7,36.95,37.2,546180,20344975,2425,承啟,,-1.5810921107781797,-1.5517195888866733,-0.0293725218915061,38.99879086153863,39.86425684212711,37.82235548325112,40.677232720872446,24.898843924010404,1.739385672580306,2158164.55,85882673.15,45.95,36.35,-0.5327851699101959,-0.1170792851125975,-0.0066755674232309,-0.0026809651474529,37.3,0.2893829141503736,41.45203069431638,38.44249999999992,35.43296930568347,0.2935724659086543,0.1565730997888513,40.81632653061232,52.18253968254006,37.27999999999993,37.55,48916548.0,51225330.4,-70.14925373134324,-74.65657006941368,24.183582648243075,44.775000000000006,40.8,,,,0.0,0.0,0.0,0.0,0.0,0.0,,0.0,0.0,1.436,-0.2071,0.0,5.82,0.34,0,False,0,False,False,False,True,0.2530761614076183,False,False,True,False,True,True,False,False,False,False,False,False,False,False,False,False,False,False,0.0,0.0,23.521505376344084,0.0,-0.1212647629856823,False,False,False,True,False,False,False,-1.0,False,5,True,False,346.075584458248,,3,False,3,False,True,False,True,"ema60_gt_ema120, market_above_ma60, avoid_chase, liquidity_ok, adx_trending",long_upper_shadow,close_below_ema20,26.3,54.6,52.4,30.6,-0.95,False,108,X
2026-09-08,100.5,102.5,97.1,97.5,39992731,3992511163,2426,鼎元,,9.176305299719942,8.554636168662569,0.6216691310573736,89.32787973267918,76.08658309581541,65.07059489936478,59.971136131348274,30.609811105189568,8.02319691099438,49072392.5,4570358374.2,107.5,90.8,2.64759897105387,0.326194145792628,-0.0930232558139535,-0.0161453077699292,99.1,1.2816337212185775,115.50028129256094,87.06000000000003,58.61971870743911,0.6835424884269824,0.6533489844374203,40.2654867256637,55.63328861101339,100.12000000000008,99.83999999999996,559322990.0,573770259.55,-36.0,63.21202566006928,72.12929768649815,61.125,72.05,,,,0.0,0.0,0.0,0.0,0.0,0.0,,0.0,0.0,0.3632,0.0253,0.0,9.45,-3.11,0,False,0,False,False,True,True,0.8149741425384955,False,True,True,False,True,True,False,False,False,False,False,False,False,False,False,False,True,True,0.0,0.0,10.256410256410255,0.0,-0.177453372677069,False,False,True,False,False,False,False,-1.0,False,8,False,False,566.0203009532601,,8,True,3,False,False,False,False,"ema60_gt_ema120, rsi_strong, market_above_ma60, avoid_chase, liquidity_ok, adx_trending, mfi_strong, above_ichimoku_cloud",,,227.6,89.0,85.5,32.7,-0.26,False,245,D
2026-09-08,22.15,22.5,21.85,22.05,455247,10077243,2427,三商電,,-0.1878443942922132,-0.181778612975127,-0.0060657813170861,22.288685905554747,22.64102044585665,23.13724665595953,45.55993372852044,10.960254629002142,0.5208524441723471,369375.8,8249951.25,22.85,21.8,-0.0250448287259583,-0.1100588615783359,-0.0067567567567566,0.0114678899082569,21.8,1.1526024018065053,22.940343320241627,22.257499999999983,21.574656679758338,0.3480617779737878,0.0613584922153562,21.73913043478264,16.770186335403803,22.01999999999989,22.28000000000002,-11635007.0,-11319407.75,-78.26086956521736,-37.73584905660365,49.42351173770698,23.762500000000003,23.625,,,,0.0,0.0,0.0,0.0,0.0,0.0,,0.0,0.0,0.3148,-0.2304,0.0,3.12,-0.05,0,False,0,False,False,False,False,1.2324765184941733,False,False,False,False,True,False,False,False,True,False,False,False,False,False,False,False,False,False,10.0,0.0,3.6281179138322015,0.0,-0.0584830411385599,False,False,False,True,False,False,False,-1.0,False,3,True,False,231.622968691279,,3,False,3,False,True,False,True,"market_above_ma60, avoid_chase, kd_golden_cross",long_upper_shadow,close_below_ema20,-106.8,16.7,21.2,32.7,0.24,False,245,D
2026-09-08,258.5,259.0,251.0,253.5,979542,247837417,2428,興勤,,0.9066977971091036,0.0683050938597635,0.83839270324934,252.69048399254208,252.37706575014727,238.7463302369433,50.35725821673217,16.12782299873274,12.012702472109172,1970634.1,509013812.15,267.0,244.5,-0.0442066424384803,-0.4595900402485924,-0.009765625,-0.0231213872832369,259.5,0.7283419878985048,264.549840152145,254.775,245.000159847855,0.4347815421963591,0.0767331186509273,41.86046511627907,61.65374677002607,253.6,254.3,70224446.0,68902189.65,-73.6842105263158,-11.7117117117118,64.55682401862207,255.25,279.75,,,,0.0,0.0,0.0,0.0,0.0,0.0,,0.0,0.0,0.4836,0.0057,0.0,14.7,0.79,0,False,0,False,False,True,True,0.4970694458194953,False,False,False,False,True,True,False,False,False,True,False,False,False,False,False,False,True,False,0.0,0.0,5.325443786982249,0.0,0.2252602949568615,False,False,False,False,False,False,False,-1.0,False,6,False,False,412.6738179976773,,3,False,3,False,False,False,False,"ema60_gt_ema120, market_above_ma60, avoid_chase, liquidity_ok, obv_uptrend, mfi_strong",,,63.1,64.2,66.5,33.7,-0.43,False,193,D
2026-09-08,31.0,31.0,30.4,30.4,180330,5523953,2429,銘旺科,,-1.2235052239673436,-1.2344089663187563,0.0109037423514128,32.641511112170654,36.834581494863066,43.528237149219294,37.00148429032604,11.219841723951625,1.5710830089146497,355718.2,11965098.65,36.0,31.0,-0.3514958471439736,-0.6474438691727502,-0.0703363914373089,-0.0193548387096774,31.0,0.6603612668553533,35.433495930111675,32.70000000000018,29.96650406988869,0.079293319103941,0.1671862954196622,0.0,5.766265803268955,31.20999999999985,32.3,105173559.0,105486715.2,-100.0,-134.0512820512824,42.080263235881056,38.7,41.3,,,,0.0,0.0,0.0,0.0,0.0,0.0,,0.0,0.0,-0.3155,0.6355,0.0,0.84,-0.14,0,False,0,False,False,False,False,0.5069462287844704,False,False,False,False,True,False,False,False,False,False,False,False,False,False,False,False,False,False,20.0,25.0,18.421052631578952,0.0,-0.107982924577219,False,False,False,False,False,False,False,-1.0,False,2,False,False,108.77366719291808,,3,False,3,False,True,True,True,"market_above_ma60, avoid_chase",,"close_below_ema20, close_below_swing_low",-229.6,1.6,1.4,32.7,-0.63,False,245,D
2026-09-08,17.9,17.9,17.75,17.9,47670,851816,2430,燦坤,,0.1170241099274917,0.0659546717806184,0.0510694381468733,17.65468452158716,17.92599910797866,18.922338528200868,62.49808543604684,33.56181443851602,0.2468052762902115,52998.55,929180.1,17.9,17.55,0.2541807974600276,-0.0909278958936375,0.0056179775280897,0.0,17.9,1.0946533419428468,18.16685603004401,17.579999999999973,16.99314396995594,0.7726392706367994,0.0667640534748615,100.0,96.29629629629623,17.85,17.790000000000056,-4605318.0,-4698574.2,-0.0,86.3227422844766,75.43285586255669,17.4875,18.5,,,,0.0,0.0,0.0,0.0,0.0,0.0,,0.0,0.0,0.0314,0.1172,0.0,2.86,0.0,0,False,0,False,False,False,False,0.8994585700929554,False,True,True,False,True,False,False,False,False,True,False,False,False,False,False,False,True,True,-20.0,0.0,0.0,25.0,0.1090293476898072,False,False,False,False,False,False,False,-1.0,False,6,False,False,445.30293787320727,,5,False,3,False,False,False,False,"rsi_strong, market_above_ma60, avoid_chase, adx_trending, obv_uptrend, mfi_strong",,,106.9,76.7,73.5,32.7,-0.16,False,245,D
2026-09-08,10.0,10.1,9.93,9.93,186176,1860093,2431,聯昌,,-0.1209606994880694,-0.1086119618962473,-0.012348737591822,10.234880615897096,10.574238383871124,11.002104685450712,36.770149610625865,25.611934622733013,0.249652696284414,151296.15,1546572.45,10.45,10.05,-0.1186153281894365,-0.2674233710280964,-0.0359223300970874,-0.0168316831683168,10.1,0.5963252832806472,10.473672932687093,10.236499999999978,9.999327067312864,-0.1461529916744809,0.0463386768303843,3.749999999999925,17.916666666666668,10.075999999999931,10.197999999999956,27245027.0,27835523.95,-96.25000000000009,-191.7876194020594,47.894935790723984,10.65,11.075,,,,0.0,0.0,0.0,0.0,0.0,0.0,,0.0,0.0,-0.6218,-0.0913,0.0,1.06,-0.11,0,False,0,False,False,False,False,1.2305402351613046,False,False,True,False,True,False,False,False,False,False,False,False,False,False,False,False,False,False,20.0,25.0,5.2366565961732086,0.0,-0.4618143920362324,False,False,False,False,False,False,False,-1.0,False,3,False,False,211.76362964717828,,5,False,3,False,True,True,True,"market_above_ma60, avoid_chase, adx_trending",,"close_below_ema20, close_below_swing_low",-126.7,12.7,16.5,32.7,0.24,False,245,D
2026-09-08,27.85,28.0,27.75,28.0,9764,272427,2432,倚天,,-0.1380594558016561,-0.175001797921901,0.0369423421202449,27.70268213719209,27.849079514943167,27.635842762720387,53.4429896369922,13.759511979270382,0.3996875308733882,19205.8,530224.45,28.5,26.9,-0.0953727420758497,-0.0706510286048699,0.0200364298724955,0.0035842293906811,27.9,3.0966246790997816,28.41926630779987,27.669999999999938,26.92073369220001,0.72021542712166,0.0541573045030671,91.66666666666656,65.9090909090907,27.48999999999978,27.599999999999817,549296.0,526406.1,-8.333333333333432,60.49495875343783,43.60952547356091,27.8625,28.85,,,,0.0,0.0,0.0,0.0,0.0,0.0,,0.0,0.0,0.871,0.1241,0.0,0.89,0.0,0,False,0,True,True,True,True,0.508388091097481,False,False,False,False,True,False,False,False,False,True,False,False,False,False,False,False,False,False,-20.0,0.0,1.7857142857142856,15.0,0.1539052621920713,False,False,False,False,False,False,False,-1.0,False,6,False,False,411.9307440572797,,3,False,3,False,False,False,False,"macd_golden_cross, ema60_gt_ema120, market_above_ma60, avoid_chase, hist_turn_positive, obv_uptrend",,,-77.3,50.0,66.3,75.0,-0.82,True,4,D
2026-09-08,63.3,64.4,61.3,61.7,582800,36439898,2434,統懋,,2.4989660066345323,1.2716661420094764,1.227299864625056,59.14781381304599,54.11845053155155,47.46625537670865,54.41420237222968,19.897190792018787,4.740240799832908,1123538.55,67194405.0,68.2,51.3,1.5023555077703186,0.4407175981247705,-0.095307917888563,-0.0478395061728393,64.8,0.6408705784958942,69.37236202642299,56.48499999999986,43.59763797357673,0.7023300031964554,0.4563109507452655,51.72413793103449,66.27050552393666,64.57999999999993,61.35999999999986,4556270.0,7739919.7,-41.70212765957446,65.0619659907585,48.41327146564248,63.1875,59.75,,,,0.0,0.0,0.0,0.0,0.0,0.0,,0.0,0.0,-0.1744,-0.5304,0.0,1.27,-1.72,0,False,0,False,False,True,True,0.5187182940896865,False,False,False,False,True,True,False,False,False,False,False,False,False,False,False,False,False,True,0.0,0.0,10.53484602917342,0.0,-0.8897675799385477,False,False,False,False,False,False,False,-1.0,False,4,False,False,174.5099719816343,,3,True,3,False,False,False,False,"ema60_gt_ema120, market_above_ma60, avoid_chase, liquidity_ok",,,-163.9,7.3,9.2,32.7,-0.61,False,245,D
2026-09-08,41.5,41.6,41.4,41.5,27500,1141170,2433,互盛電,,-0.1500753532680292,-0.1645767824045742,0.014501429136545,41.6988090065775,42.39677304246546,43.52391009024932,37.51738929132625,7.109844465204443,0.2758707574772461,20426.0,850665.95,41.95,41.5,-0.0475915613594423,-0.1103400977746628,-0.0012033694344163,-0.0024038461538461,41.6,1.386103592519685,41.963650342976266,41.70500000000029,41.44634965702432,0.103712104840838,0.0124038049622814,40.00000000000057,51.85185185185219,41.57000000000007,41.60500000000011,-2175477.0,-2157952.4,-66.66666666666627,-107.91366906474332,45.84071688028368,42.7125,43.5,,,,0.0,0.0,0.0,0.0,0.0,0.0,,0.0,0.0,0.0208,0.0297,0.0,1.01,0.02,0,False,0,False,False,False,False,1.3463233134240673,False,False,False,False,True,False,False,False,False,False,False,False,False,False,False,False,False,False,0.0,12.0,1.0843373493975972,15.0,-0.2597122010704642,False,False,False,False,False,False,False,-1.0,False,2,False,False,147.34668672139512,,3,False,3,False,True,False,True,"market_above_ma60, avoid_chase",,close_below_ema20,-191.1,3.3,4.9,32.7,0.37,False,245,D
2026-09-08,71.4,73.0,66.7,67.1,18280129,1264003782,2436,偉詮電,,1.0513715178315408,0.7570273174417351,0.2943442003898057,65.806827227871,65.54955628942865,64.63737119534557,53.21582973934032,15.703786712693333,3.31864195035484,6097707.55,411981753.6,71.7,63.6,0.0190336950161413,-0.1811463450030711,0.0059970014992503,-0.0641562064156208,71.7,2.8558887236567987,71.0288606571215,66.23500000000021,61.44113934287892,0.5902195601696125,0.1447530960103049,33.70786516853931,61.02498459204435,67.20000000000036,66.76000000000022,181294530.0,168662873.45,-50.42735042735046,87.5862068965515,59.08053298971296,60.225,66.1,,,,0.0,0.0,0.0,0.0,0.0,0.0,,0.0,0.0,0.4293,0.0846,0.0,14.3,3.46,0,False,0,False,False,True,True,2.9978690926231777,True,False,False,False,True,True,False,False,False,True,False,False,False,False,False,False,True,True,0.0,0.0,6.855439642324901,0.0,0.7221550133444012,False,False,True,False,False,False,False,-1.0,False,8,False,False,608.6445510863647,,3,False,3,False,False,False,False,"ema60_gt_ema120, volume_break, market_above_ma60, avoid_chase, liquidity_ok, obv_uptrend, mfi_strong, above_ichimoku_cloud",,,270.2,91.4,89.7,32.7,2.35,False,245,D
2026-09-08,20.85,20.85,20.0,20.0,186053,3766180,2438,翔耀,,0.5880951748811007,0.2502551620604131,0.3378400128206876,19.250426652625308,19.443997888647065,20.422590213025828,55.3441585877152,18.44920497024184,0.9953997350971407,179021.55,3733810.8,22.05,17.7,0.6822848857890698,,0.095890410958904,-0.0407673860911271,20.85,1.7777670025628065,21.49984932059421,18.907500000000027,16.315150679405846,0.7107162008069124,0.2742138644023987,42.3076923076923,60.39363563609671,20.97000000000008,19.555000000000017,1155074.0,1310401.55,-56.07476635514017,87.11344434418835,79.1441052707164,14.3875,14.575,,,,0.0,0.0,0.0,0.0,0.0,0.0,,0.0,0.0,1.8557,2.4676,0.0,0.65,-0.1,0,False,0,False,False,True,False,1.039277114961858,False,True,False,False,False,False,False,False,False,False,False,False,False,False,False,False,True,True,0.0,0.0,10.250000000000004,0.0,-0.2063043252494694,False,False,True,False,False,False,False,-1.0,False,4,False,False,302.9171192466249,,3,True,3,False,False,False,False,"rsi_strong, market_above_ma60, mfi_strong, above_ichimoku_cloud",,,-35.5,38.8,40.8,32.7,0.01,False,245,D
2026-09-08,76.5,76.6,75.7,76.1,1213081,92134750,2439,美律,,-1.5584896479680168,-1.3304115842650852,-0.2280780637029316,79.38022901225324,82.8353419724598,86.40415825612382,29.983975763674565,35.21265281939191,1.4049194660878277,1446313.9,115327701.9,82.5,76.9,-0.2940744421515897,-0.3083174435901826,-0.0318066157760814,-0.010403120936281,76.9,1.1735774102913912,83.56363583302084,79.6699999999997,75.77636416697857,0.0415595919727183,0.0977440901975938,7.999999999999829,9.413733159496283,77.35999999999986,78.30999999999949,-19220466.0,-13316916.4,-94.11764705882364,-143.2039642156369,44.11163372028165,84.025,87.1,,,,0.0,0.0,0.0,0.0,0.0,0.0,,0.0,0.0,-0.0029,0.0543,0.0,8.84,-0.01,0,False,0,False,False,False,False,0.8387397784118649,False,False,True,False,True,True,False,False,False,False,False,False,False,False,False,False,False,False,20.0,25.0,8.409986859395541,0.0,-0.7658569083944837,False,False,False,False,False,False,False,-1.0,False,4,False,False,309.19711488338487,,5,False,3,False,True,True,True,"market_above_ma60, avoid_chase, liquidity_ok, adx_trending",,"close_below_ema20, close_below_swing_low",-29.2,40.8,42.5,32.7,-0.23,False,245,D
2026-09-08,14.35,14.4,14.1,14.25,217604,3090670,2440,太空梭,,-0.2696842039343341,-0.3705626167920865,0.1008784128577524,14.39645514986988,15.226677274328246,15.478470942001277,44.5422879156423,26.20221498075305,0.4817801991419064,362591.15,5152432.9,15.75,14.0,0.0247936298618785,-0.4037166979477205,-0.0034965034965035,-0.0138408304498269,14.45,1.708932950398223,14.997526275863596,14.164999999999964,13.332473724136332,0.5510494397980775,0.1175469503513779,19.23076923076922,44.38411261940686,14.259999999999854,14.254999999999928,3332272.0,2853618.3,-61.76470588235294,20.05469462169586,58.36210505764538,15.8625,18.525,,,,0.0,0.0,0.0,0.0,0.0,0.0,,0.0,0.0,0.4693,-0.0156,0.0,0.5,-0.08,0,False,0,False,False,False,False,0.6001359933909032,False,False,True,False,True,False,False,False,False,True,False,False,False,False,False,False,True,True,20.0,0.0,10.526315789473683,0.0,0.2232801500205519,False,False,False,False,False,False,False,-1.0,False,5,False,False,418.68072173415567,,3,False,3,False,True,False,True,"market_above_ma60, avoid_chase, adx_trending, obv_uptrend, mfi_strong",,close_below_ema20,80.3,69.0,68.0,32.7,-0.52,False,245,D
2026-09-08,119.5,120.5,114.0,114.5,4808086,558906931,2441,超豐,,-1.2202890220640228,-1.4861638015369891,0.2658747794729663,116.78078396860246,118.46130943070813,112.95049140229538,46.692142919095616,12.00343544238164,5.802846479407091,4120364.55,488222125.85,125.5,113.5,-0.2193312335464698,-0.3565318778391283,-0.0418410041841004,-0.0296610169491525,118.0,0.675390111822589,124.07948137360592,116.825,109.57051862639408,0.3397542236127944,0.1241939888483785,15.789473684210526,38.80701754385942,115.6,116.35,408594836.0,409173500.65,-64.0,-20.76901487510578,54.29921386193313,117.75,124.0,,,,0.0,0.0,0.0,0.0,0.0,0.0,,0.0,0.0,0.4165,0.0659,0.0,9.98,0.11,0,False,0,False,False,False,True,1.166907913524302,False,False,False,False,True,True,False,False,False,False,False,False,False,False,False,False,True,False,20.0,0.0,9.60698689956332,0.0,-0.044732195492799,False,False,False,False,False,False,False,-1.0,False,5,False,False,351.1322927893294,,3,False,3,False,True,False,True,"ema60_gt_ema120, market_above_ma60, avoid_chase, liquidity_ok, mfi_strong",,close_below_ema20,12.7,54.7,53.7,32.7,0.16,False,245,D
2026-09-08,16.0,16.05,15.7,15.95,3136109,49969428,2442,新美齊,,-0.2731464592564734,-0.0318113169944563,-0.241335142262017,19.07937421620817,19.29305803470195,19.809395014805343,16.640318092634615,13.43335599768243,0.5155664968711763,1904312.4,36496672.55,19.9,19.25,-0.3155158631015545,-0.0361143661279801,-0.1757105943152456,-0.1799485861182519,19.45,2.541821300922512,20.85325618731448,19.28249999999998,17.71174381268548,-0.5607948028196242,0.1629203876379621,6.097560975609754,23.461091753775083,18.65,19.06499999999996,-46517324.0,-48093920.85,-94.2528735632184,-659.5209094600051,49.64900147035123,19.3,19.325,,,,0.0,0.0,0.0,0.0,0.0,0.0,,0.0,0.0,2.3393,-0.0195,0.0,1.31,-0.55,0,False,1,False,False,False,False,1.6468458641554822,True,False,False,False,True,False,False,False,False,True,False,False,False,False,False,False,False,False,20.0,25.0,24.764890282131656,0.0,0.6566545658982317,False,False,False,False,False,False,False,-1.0,False,4,False,False,334.3483134323336,,3,False,3,False,True,True,True,"volume_break, market_above_ma60, avoid_chase, obv_uptrend",,"close_below_ema20, close_below_swing_low",-1.6,48.3,49.0,41.4,1.14,False,58,X
2026-09-08,67.5,67.6,65.4,65.4,501684,33095957,1595,川寶,,1.4882315623216869,1.112031028018928,0.3762005343027588,65.55944536067982,65.57763032393059,63.3407382450364,50.50241708123842,20.87472084864791,3.661359856254808,387850.15,26234304.55,73.0,63.2,0.4251660777037505,-0.3483732791536139,-0.0150602409638553,-0.0452554744525546,68.5,0.85768878387814,71.11329729191876,65.40999999999994,59.70670270808112,0.4991233141559968,0.1743860966799822,17.241379310344886,38.539553752535234,69.13999999999979,67.33999999999978,23773384.0,26012091.45,-70.5882352941176,18.365623041499767,74.19876805719045,58.55,76.0,,,,-84000.0,0.0,0.0,0.0,-4448.0,0.0,,0.0,0.0,4.6799,0.1387,0.0,0.0,0.0,0,False,0,False,False,False,True,1.2934995642002458,False,False,True,False,True,False,False,False,False,False,False,False,False,False,False,False,True,True,20.0,0.0,11.62079510703363,0.0,-0.9406936578083264,False,False,False,False,False,False,False,-1.0,False,5,False,False,381.64667174830254,,3,True,3,False,True,False,True,"ema60_gt_ema120, market_above_ma60, avoid_chase, adx_trending, mfi_strong",,close_below_ema20,18.1,55.6,61.7,40.3,0.13,False,124,D
2026-09-08,102.5,104.0,100.0,100.0,2746476,278644796,1785,光洋科,,-2.962041213215201,-3.484731238729496,0.522690025514295,103.6353711654055,113.02725381649614,112.77427310075424,40.01465702225798,24.35531525801812,4.405781877415056,5266185.2,548064169.75,109.0,100.0,-0.2098379212456665,-0.7597792765636902,-0.0291262135922329,-0.0196078431372549,102.0,0.5190894078968599,107.15201102939804,102.8,98.44798897060194,0.178309638798494,0.0846694752801178,0.0,30.0,101.2,102.15,356464224.0,358175877.5,-88.88888888888889,-80.28076332529108,44.236728036684525,113.3,128.8,,,,-832746.0,0.0,-305.0,0.0,-592.0,0.0,,0.0,0.0,0.4643,0.1418,0.0,0.0,0.0,0,False,0,False,False,False,True,0.5215304619366595,False,False,True,False,True,True,False,False,False,False,False,False,False,False,False,False,False,False,20.0,12.0,9.0,0.0,-0.0429851020056482,False,False,False,False,False,False,False,-1.0,False,5,False,False,371.6994833952988,,3,False,3,False,True,False,True,"ema60_gt_ema120, market_above_ma60, avoid_chase, liquidity_ok, adx_trending",,close_below_ema20,41.1,57.4,59.4,38.3,-0.7,False,47,D
2026-09-08,131.0,141.5,123.0,135.0,115697783,15615623594,1815,富喬,,10.765103048254474,9.36254834118358,1.4025547070708946,114.43916983373134,102.3748655332199,98.98747853398726,71.09372311979067,40.26182089014473,9.846068492968472,72327492.1,8558755391.05,131.0,109.0,2.1594672796087058,0.3266351360387253,0.0465116279069768,0.0384615384615385,130.0,1.0704873224423772,141.3791233298585,112.33500000000004,83.29087667014159,0.890182202137592,0.5170983812677873,78.68852459016394,64.23366620087897,126.9,125.0,3966894554.0,3580331974.45,-16.25,112.64367816091948,83.86182412356152,79.80000000000001,88.8,,,,725800.0,4.0,2245000.0,2.0,329511.0,2.0,,0.0,0.0,0.6811,0.2401,0.0,0.0,0.0,0,False,0,False,False,True,True,1.5996376984845022,True,True,True,True,True,True,True,False,False,True,True,False,False,True,False,True,True,True,-10.0,-12.0,-2.9629629629629632,25.0,1.8709397820370863,True,True,True,False,False,False,False,-1.0,False,15,False,False,1146.44765436929,,8,False,3,False,False,False,False,"ema60_gt_ema120, volume_break, rsi_strong, breakout_20d, market_above_ma60, avoid_chase, liquidity_ok, foreign_buy_3d, adx_trending, obv_uptrend, invest_trust_buy_2d, breakout_volume_confirm, cci_momentum, mfi_strong, above_ichimoku_cloud",,,796.9,100.0,99.9,33.7,0.56,True,193,C
2026-09-08,48.3,48.5,48.3,48.35,14063,681526,1583,程泰,,-0.334630791691147,-0.2186873968682863,-0.1159433948228607,49.20298333453559,49.4748674223753,49.11183809074037,44.10120129633705,11.222596033367513,1.2207846546223426,42219.75,2169000.3,53.6,48.05,-0.1699563627164326,-0.0387810325995661,0.0020725388601037,-0.0192697768762676,49.3,0.7139049579115215,52.274462969286986,49.45249999999987,46.63053703071276,0.3046572524163232,0.1141282228112682,26.92307692307709,48.56244226969224,48.62000000000008,48.60999999999986,401693.0,501993.05,-89.20454545454542,-65.6296070357377,77.20986116458144,49.8625,54.825,,,,0.0,0.0,0.0,0.0,0.0,0.0,,0.0,0.0,0.2393,0.1546,0.0,0.43,0.0,0,False,0,False,False,False,True,0.3330905559601845,False,False,False,False,True,False,False,False,False,False,False,False,False,False,False,False,True,True,10.0,0.0,10.858324715615304,0.0,-0.5833229052143535,False,False,False,True,False,False,False,-1.0,False,4,True,False,281.3310306970296,,3,False,3,False,True,False,True,"ema60_gt_ema120, market_above_ma60, avoid_chase, mfi_strong",long_upper_shadow,close_below_ema20,-27.4,37.7,34.0,34.0,-0.6,False,53,D
2026-09-08,24.05,24.3,23.85,23.9,193191,4634809,1587,吉茂,,-0.2562005424643665,-0.3170499031652136,0.0608493607008471,24.211927060736915,25.82880704967,28.97247956702551,39.77893631603774,10.166802571939378,0.5410666608581061,157071.2,3801226.1,24.5,24.0,-0.0670678468730575,-0.3108020933923198,-0.0062370062370062,-0.0062370062370062,24.05,0.795655669143469,24.52935346580976,24.15749999999989,23.785646534190025,0.1537614629474012,0.0307857572853042,11.76470588235272,26.006191950464807,24.039999999999782,24.11999999999971,1757882.0,1987066.4,-78.94736842105269,-83.73983739837036,58.61404097349344,25.375,27.675,,,,0.0,0.0,0.0,0.0,0.0,0.0,,0.0,0.0,-0.0078,0.2784,0.0,21.08,-0.03,0,False,0,False,False,False,False,1.2299581336362106,False,False,False,False,True,False,False,False,False,False,False,False,False,False,False,False,True,False,20.0,12.0,2.510460251046031,8.0,-0.1762592495794954,False,False,False,False,False,False,False,-1.0,False,3,False,False,210.18447034140817,,3,False,3,False,True,True,True,"market_above_ma60, avoid_chase, mfi_strong",,"close_below_ema20, close_below_swing_low",-55.9,32.6,16.2,25.6,1.36,False,43,D
2026-04-02,5.54,5.54,5.54,5.54,8432214,46714700,1589,永冠-KY,,-1.6474842025736702,-1.7462157188903027,0.0987315163166324,8.060332432581891,11.929394315510123,15.031524880330398,24.034886062855847,38.8688883122999,0.6867609592193242,2095284.55,14583299.7,8.77,6.15,-0.7335134465920281,-2.041892835075371,-0.2767624020887729,-0.0991869918699187,6.15,1.123162066389619,8.983092366489211,7.3875,5.791907633510788,-0.0789385932150895,0.4319708606400573,0.0,4.477701538590736,6.465999999999985,7.085999999999967,-14919546.0,-3243054.95,-100.0,-181.9945965387737,20.13410560593421,16.6625,17.125,73624.87466666671,True,-0.0228127295812279,1521952.0,9.0,0.0,0.0,0.0,0.0,-0.2539496725075449,0.0,0.0,0.0225,0.0109,0.0,2.04,0.0,0,False,1,False,False,False,False,4.024376545896833,True,False,True,False,True,False,True,False,False,False,False,False,False,False,False,False,False,False,20.0,25.0,58.30324909747292,0.0,-2.0,True,False,False,False,False,False,False,-1.0,False,5,False,False,456.2437654589683,58.6,8,False,3,False,True,True,True,"volume_break, market_above_ma60, avoid_chase, foreign_buy_3d, adx_trending",,"close_below_ema20, close_below_swing_low",147.5,84.9,74.6,34.0,2.2,False,53,X
2026-09-08,1380.0,1385.0,1315.0,1335.0,366835,490534735,1590,亞德客-KY,,-17.02257204419402,-1.8889564870964752,-15.133615557097546,1419.004223857083,1402.084132796781,1331.151072006804,38.460246751209446,12.017705809433677,66.48313237380316,646689.25,937802140.6,1595.0,1370.0,-0.5071235005867986,0.1423150179460542,-0.0761245674740483,-0.0255474452554744,1370.0,0.9257817384025084,1545.0,1439.0,1333.0,0.0094339622641509,0.1473245309242529,10.526315789473683,13.98496240601465,1374.0,1410.5,33568399.0,33797186.3,-89.47368421052632,-174.9440715883668,37.59425494684157,1365.0,1362.5,,,,0.0,0.0,0.0,0.0,0.0,0.0,,0.0,0.0,0.5078,0.0209,0.0,80.78,-0.07,0,False,0,False,False,False,True,0.5672508086379973,False,False,False,False,True,True,False,False,False,False,False,False,False,False,False,False,False,False,20.0,25.0,19.47565543071161,0.0,-0.1988038531331776,False,False,False,False,False,False,False,-1.0,False,4,False,False,298.2868618487818,,3,False,3,False,True,True,True,"ema60_gt_ema120, market_above_ma60, avoid_chase, liquidity_ok",,"close_below_ema20, close_below_swing_low",-10.4,39.6,39.0,34.0,-0.43,False,53,D
2026-09-08,20.5,20.65,20.5,20.55,126129,2593958,1598,岱宇,,0.0687082572166914,0.0804475168079709,-0.0117392595912794,20.30186803906696,20.17554765085024,20.238632997179383,54.72517410941426,18.08550646935446,0.48164005632287,252681.55,5129495.8,20.95,19.9,0.0289077417603818,0.0766455132796818,0.0148148148148148,0.0024390243902439,20.5,1.17662112863921,20.95136803067372,20.32249999999999,19.69363196932627,0.6808805575283287,0.061888845434737,85.00000000000014,67.72727272727268,20.259999999999856,20.364999999999963,7194897.0,6779920.85,-41.37931034482746,75.1879699248128,64.75810452104514,20.325000000000003,20.275,,,,0.0,0.0,0.0,0.0,0.0,0.0,,0.0,0.0,0.058,0.1332,0.0,1.92,-0.06,0,False,0,False,False,True,False,0.4991618897382892,False,False,False,False,True,False,False,False,False,True,False,False,False,False,False,False,True,False,-20.0,0.0,1.9464720194647127,15.0,0.1895580996366023,False,False,True,False,False,False,False,-1.0,False,5,False,False,337.2663160930221,,3,False,3,False,False,False,False,"market_above_ma60, avoid_chase, obv_uptrend, mfi_strong, above_ichimoku_cloud",,,46.5,80.0,50.3,26.7,-0.26,False,15,D
2026-09-08,150.0,150.5,143.0,143.0,2378357,346829541,1597,直得,,2.9903895513186853,2.159965745435228,0.8304238058834574,142.82772665867964,140.42435099538352,132.96967381147553,50.79953998880007,11.494628096413274,10.607633412624171,2941057.55,432963368.2,155.0,130.0,0.2316367814015475,-0.0663574372121693,-0.0103806228373702,-0.0592105263157894,152.0,1.988544625711693,157.27627545487132,142.575,127.87372454512864,0.5144545281565752,0.2062251510415056,22.22222222222222,60.02178649237491,148.6,146.0,61456538.0,60483307.55,-52.5,21.59969817015656,69.11419207490972,127.0,161.5,,,,0.0,0.0,0.0,0.0,0.0,0.0,,0.0,0.0,0.4775,0.0362,0.0,4.14,-1.01,0,False,0,False,False,True,True,0.8086740771189602,False,False,False,False,True,True,False,False,False,True,False,False,False,False,False,False,True,True,10.0,0.0,8.391608391608392,0.0,0.216401046744954,False,False,False,False,False,False,False,-1.0,False,6,False,False,415.68355333212907,,3,False,3,False,False,False,False,"ema60_gt_ema120, market_above_ma60, avoid_chase, liquidity_ok, obv_uptrend, mfi_strong",,,107.0,77.4,67.2,34.0,-0.24,False,53,D
2026-09-08,30.2,30.3,29.8,30.05,146023,4394305,1603,華電,,0.0897391882893927,0.1714091260360404,-0.0816699377466477,30.40115554151601,30.627987220628523,31.81500034237524,44.74813309589405,15.113766864831156,0.5479394668970953,206621.05,6313385.45,31.1,30.35,-0.0227510986593885,-0.0794271495137024,-0.0179738562091503,-0.0098846787479407,30.35,0.6308641479176594,31.3359852319337,30.624999999999908,29.91401476806612,0.0956315446693763,0.0464316886160846,15.151515151515165,26.925505050505308,30.339999999999783,30.594999999999708,-1032784.0,-949587.1,-84.84848484848483,-108.68291049150002,46.64183976173998,29.375,30.950000000000003,,,,0.0,0.0,0.0,0.0,0.0,0.0,,0.0,0.0,0.0261,0.0433,0.0,2.27,0.14,0,False,0,False,False,False,False,0.7067188943236907,False,False,False,False,True,False,False,False,False,False,False,False,False,False,False,False,False,False,20.0,25.0,3.4941763727121486,8.0,-0.0801266855488743,False,False,False,False,False,False,False,-1.0,False,2,False,False,169.10566871665043,,3,False,3,False,True,True,True,"market_above_ma60, avoid_chase",,"close_below_ema20, close_below_swing_low",-209.4,25.0,8.5,31.2,0.77,False,16,D
2026-09-08,23.65,23.7,23.55,23.65,168159,3972698,1604,聲寶,,0.0781362042814741,0.0297619489239158,0.0483742553575583,23.36772594719904,23.35837378967246,23.54506320666009,69.16297947939213,13.454927498238092,0.1821694896342943,203444.5,4742907.2,23.65,23.25,0.1053205770503448,0.0014388089716804,0.0150214592274677,0.0,23.65,1.7116686297056838,23.62093613071844,23.3,22.979063869281568,1.0452798337421587,0.0275481657269041,92.30769230769218,89.10256410256382,23.529999999999745,23.409999999999947,-1957399.0,-3234192.1,-7.692307692307819,187.1742578744648,83.67690901502816,23.375,23.45,,,,0.0,0.0,0.0,0.0,0.0,0.0,,0.0,0.0,0.1103,-0.0341,0.0,8.44,0.03,0,False,0,False,False,True,False,0.8265595776735178,False,True,False,False,True,False,False,False,False,True,False,False,True,False,False,False,True,True,-20.0,-25.0,0.0,25.0,0.9055197734316898,False,False,True,False,False,False,False,-1.0,False,7,False,False,519.1318330579154,,3,False,3,False,False,False,False,"rsi_strong, market_above_ma60, avoid_chase, obv_uptrend, bb_squeeze_breakout, mfi_strong, above_ichimoku_cloud",,,140.6,81.2,80.7,31.2,1.37,False,16,D
2026-09-08,37.95,38.65,37.8,38.1,14978729,573852638,1605,華新,,0.6978942080955264,0.8829077233963516,-0.1850135153008252,37.75254160726527,36.43077013687645,35.33199429461797,54.087938222692685,21.882394914610945,1.4626653302742063,27524345.45,1070977413.6,40.0,37.6,-0.0430176836944703,0.0774182869091608,-0.016774193548387,0.0052770448548813,37.9,0.4922759215714223,40.08221040751516,38.34500000000003,36.60778959248489,0.4294846499479392,0.0906094879392429,25.42372881355936,27.91677876423576,38.04000000000015,38.54500000000007,1585911762.0,1583628795.95,-54.99999999999989,-21.605657884511647,61.82559208900373,32.3625,36.175,,,,0.0,0.0,0.0,0.0,0.0,0.0,,0.0,0.0,0.1008,-0.0602,0.0,18.15,-0.24,0,False,0,False,False,True,True,0.5441992808588296,False,False,True,False,True,True,False,False,False,True,False,False,False,False,False,False,True,False,10.0,0.0,4.986876640419943,0.0,0.0316023464564005,False,False,True,True,False,False,False,-1.0,False,8,True,False,575.8212209660652,,3,False,3,False,False,False,False,"ema60_gt_ema120, market_above_ma60, avoid_chase, liquidity_ok, adx_trending, obv_uptrend, mfi_strong, above_ichimoku_cloud",long_upper_shadow,,197.3,93.8,86.4,31.2,-0.06,True,16,D
2026-09-08,36.3,37.3,36.1,36.65,2718335,99950083,1608,華榮,,0.7276779518821783,0.94593364406712,-0.2182556921849416,36.21663455109966,34.84260597337331,34.31887541889824,55.335374577855575,26.74392616625821,1.1513261343645498,4886199.3,182107896.9,38.2,36.05,0.040769480037182,0.1741108473414298,-0.0187416331994646,0.0166435506241331,36.05,0.4391579883335826,38.39287533305708,36.72750000000015,35.06212466694322,0.476731971927946,0.0906881945712026,22.222222222222097,13.841952551629824,36.46999999999971,37.10500000000011,149671894.0,148770043.4,-65.33333333333341,-11.48428140620423,63.60890097533813,30.3375,33.05,,,,0.0,0.0,0.0,0.0,0.0,0.0,,0.0,0.0,0.4267,0.1496,0.0,4.92,-0.65,0,False,0,False,False,True,True,0.5563291288589067,False,True,True,False,True,True,False,False,True,True,False,False,False,False,False,False,True,False,10.0,0.0,4.229195088676683,0.0,0.0612086620804232,False,False,True,False,False,False,False,-1.0,False,10,False,False,731.2977952335542,,3,False,3,False,False,False,False,"ema60_gt_ema120, rsi_strong, market_above_ma60, avoid_chase, liquidity_ok, adx_trending, kd_golden_cross, obv_uptrend, mfi_strong, above_ichimoku_cloud",,,352.7,100.0,96.8,31.2,0.0,True,16,D
2026-09-08,37.5,38.0,37.4,37.6,3522401,132563224,1609,大亞,,0.1340015261334173,0.1442833382751372,-0.0102818121417199,37.28447074741383,37.0978963919338,37.07224921954701,53.17616617590304,10.403608096618251,1.0061724549514135,3228790.15,121642972.05,38.15,37.0,-0.0137302942388405,-0.063473930076563,0.0093959731543624,0.010752688172043,37.2,0.606621393116736,38.211103105923655,37.44000000000015,36.66889689407664,0.6037474747350623,0.0411914052309564,43.90243902439023,33.333333333333336,37.33000000000029,37.53500000000022,319018493.0,320880508.65,-52.27272727272714,36.842105263158864,52.01759502425413,36.725,38.375,,,,0.0,0.0,0.0,0.0,0.0,0.0,,0.0,0.0,0.1153,-0.1376,0.0,13.11,0.0,0,False,0,False,False,True,True,1.0909352532557746,False,False,False,False,True,True,False,False,False,False,False,False,False,False,False,False,True,False,0.0,0.0,1.4627659574468008,15.0,-0.1275378928506302,False,False,False,True,False,False,False,-1.0,False,5,True,False,344.3788978183502,,3,False,3,False,False,False,False,"ema60_gt_ema120, market_above_ma60, avoid_chase, liquidity_ok, mfi_strong",long_upper_shadow,,-34.2,43.8,51.9,31.2,2.71,False,16,D
2026-09-08,11.7,11.75,11.65,11.65,214633,2507903,1611,中電,,-0.1281939198243975,-0.1081100641584813,-0.0200838556659161,11.89414873781055,12.173253025986233,12.36241616918195,38.4233631208757,10.957109961156153,0.2067436623141574,480785.35,5752478.1,12.3,11.65,-0.2061635744320025,-0.244450639695967,-0.0127118644067797,-0.0042735042735041,11.7,0.6338875671602302,12.324622291729469,11.952499999999963,11.58037770827046,0.0935475961490495,0.0622668549223183,10.000000000000142,20.0,11.7,11.814999999999964,-2735653.0,-1870045.4,-93.74999999999991,-126.27450980392172,37.587065195102674,12.225,13.05,,,,0.0,0.0,0.0,0.0,0.0,0.0,,0.0,0.0,-0.0157,0.0619,0.0,9.6,-0.28,0,False,0,False,False,False,False,0.4464216723741687,False,False,False,False,True,False,False,False,False,False,False,False,False,False,False,False,False,False,20.0,25.0,5.579399141630905,0.0,-0.4123499442749976,False,False,False,False,False,False,False,-1.0,False,2,False,False,134.5160173924417,,3,False,3,False,True,False,True,"market_above_ma60, avoid_chase",,close_below_ema20,-244.0,6.2,3.1,31.2,-0.56,False,16,D
2026-09-08,34.9,34.95,34.6,34.7,304473,10597227,1612,宏泰,,0.4472533820915245,0.4997453588265887,-0.0524919767350642,34.395972636786944,34.251256346799174,34.747628121275355,56.91007432247377,22.9381875559342,0.6076964177819533,679693.35,23660870.55,35.5,34.55,0.0589627621533769,-0.1134336683136863,-0.0014388489208632,0.0,34.7,0.6139250733372501,35.29900354608854,34.735000000000035,34.17099645391153,0.4689718262919045,0.0324746535821797,11.11111111111152,19.45083014048517,34.73000000000029,34.92000000000026,50007299.0,49264228.45,-74.99999999999967,-3.452855245683052,60.62782305548991,31.9375,35.8,,,,0.0,0.0,0.0,0.0,0.0,0.0,,0.0,0.0,0.0744,0.0413,0.0,15.52,-0.17,0,False,0,False,False,True,False,0.4479564203474994,False,True,True,False,True,False,False,False,False,True,False,False,False,False,False,False,True,False,20.0,0.0,2.305475504322758,8.0,0.1342975650787368,False,False,False,False,False,False,False,-1.0,False,6,False,False,434.0911349844198,,5,False,3,False,False,False,False,"rsi_strong, market_above_ma60, avoid_chase, adx_trending, obv_uptrend, mfi_strong",,,55.5,62.5,71.5,31.2,-0.55,False,16,D
2026-09-08,30.8,30.8,30.65,30.65,23659,726852,1614,三洋電,,-0.1191241601225492,-0.1454750180252869,0.0263508579027377,30.776602604154963,31.167180144651653,31.77902853235715,44.51568633675832,9.45725471350952,0.2982150654923011,47003.65,1443812.75,30.95,30.55,-0.0112829033888764,-0.0884476487034357,-0.0048701298701299,-0.0064829821717991,30.85,1.480871451564995,30.92832666666025,30.7199999999998,30.511673333339346,0.3319946238234294,0.0135629340273734,44.44444444444436,48.14814814814903,30.67999999999993,30.704999999999927,-3153040.0,-3194509.05,-63.63636363636381,-10.101010101009614,56.08701164991229,31.4,32.175,,,,0.0,0.0,0.0,0.0,0.0,0.0,,0.0,0.0,0.0794,0.1104,0.0,2.32,0.01,0,False,0,False,False,False,False,0.5033438892511539,False,False,False,False,True,False,False,False,False,True,False,False,False,False,False,False,True,False,0.0,0.0,0.978792822185973,25.0,0.2135864228201317,False,False,False,False,False,False,False,-1.0,False,4,False,False,287.5964759663531,,3,False,3,False,True,False,True,"market_above_ma60, avoid_chase, obv_uptrend, mfi_strong",,close_below_ema20,-91.0,31.2,35.6,31.2,-0.27,False,16,D
2026-09-08,43.85,44.15,43.7,43.9,56543,2477924,1615,大山,,0.0865175328554883,0.1164276154540401,-0.0299100825985517,44.01339848942135,44.19064935831526,44.90591422661869,48.84983300695177,21.87749258715125,0.7497134965714812,141731.9,6277937.15,45.0,43.85,-0.0075930326589938,-0.0662265606352467,-0.0045351473922903,0.001140250855188,43.85,0.6054437009446119,44.89066303999345,44.19749999999995,43.50433696000645,0.2854040226937523,0.0313666175685729,16.666666666666618,14.962121212121325,44.05,44.264999999999965,728092.0,455325.4,-83.33333333333339,-70.86436470322644,57.72289798584445,43.5625,44.75,,,,0.0,0.0,0.0,0.0,0.0,0.0,,0.0,0.0,0.1152,-0.2188,0.0,1.08,-0.01,0,False,0,False,False,False,False,0.398943357141194,False,False,True,False,True,False,False,False,True,True,False,False,False,False,False,False,True,False,20.0,0.0,2.505694760820049,8.0,0.4352175715384693,False,False,False,True,False,False,False,-1.0,False,6,True,False,477.2120444298736,,5,False,3,False,True,False,True,"market_above_ma60, avoid_chase, adx_trending, kd_golden_cross, obv_uptrend, mfi_strong",long_upper_shadow,close_below_ema20,98.7,75.0,76.7,31.2,-0.8,False,16,D
2026-09-08,18.9,19.05,18.7,18.75,135648,2554943,1616,億泰,,-0.2605902325530245,-0.2207828920464078,-0.0398073405066166,19.306980192981577,20.2655706287754,21.990836398873743,39.25604359360958,13.419211203692909,0.4464380223596026,273684.0,5314710.05,20.1,18.7,-0.1410900090031372,-0.3370589819817526,-0.0359897172236503,0.0026737967914438,18.7,1.0910377555596276,20.131977675431788,19.34250000000002,18.55302232456825,0.1247518970843742,0.0816313998119961,3.2258064516129474,7.526881720430538,18.9,19.30000000000009,3331603.0,3825954.35,-96.77419354838705,-113.33333333333282,39.302223765354086,19.887500000000003,21.525,,,,0.0,0.0,0.0,0.0,0.0,0.0,,0.0,0.0,0.0411,-0.0682,0.0,1.71,-0.07,0,False,0,False,False,False,False,0.495637304336388,False,False,False,False,True,False,False,False,False,False,False,False,False,False,False,False,False,False,20.0,12.0,7.200000000000008,0.0,-0.3861928276843876,False,False,False,False,False,False,False,-1.0,False,2,False,False,142.32205911115125,,3,False,3,False,True,False,True,"market_above_ma60, avoid_chase",,close_below_ema20,-236.2,12.5,4.0,31.2,-0.31,False,16,D
2026-09-08,17.85,17.85,17.5,17.55,322735,5675195,1617,榮星,,-0.1197722636227531,-0.1624416625297017,0.0426693989069485,18.17933811511508,18.204899475705417,17.55790665540441,44.708728737295786,11.664729113793534,0.8381845293735155,624500.7,11583596.4,19.6,17.2,0.0053387318738187,-0.1418627763502651,-0.1045918367346938,-0.0168067226890756,17.85,0.7069615316079815,19.32992063241408,18.07000000000012,16.810079367586162,0.2936377948649755,0.1394488801786327,12.765957446808534,35.523125416742914,18.25000000000018,18.235000000000127,8645758.0,10227088.4,-75.92592592592587,-60.60606060605984,63.82970221852384,19.725,20.475,,,,0.0,0.0,0.0,0.0,0.0,0.0,,0.0,0.0,0.4038,0.1159,0.0,19.84,-0.94,0,False,0,False,False,False,True,0.5167888522783082,False,False,False,False,True,False,False,False,False,False,False,False,False,False,False,False,True,True,20.0,0.0,11.680911680911684,0.0,-0.5368536567146263,False,False,False,False,False,False,False,-1.0,False,4,False,False,293.7256446422076,,3,True,3,False,True,False,True,"ema60_gt_ema120, market_above_ma60, avoid_chase, mfi_strong",,close_below_ema20,-84.8,37.5,37.1,31.2,-0.2,False,16,D
2026-09-08,39.55,39.8,39.25,39.5,424326,16788933,1618,合機,,0.0640868866567458,0.1131574623980795,-0.0490705757413336,39.605766802424775,39.742002147120985,40.42450830744291,49.287093887095445,11.440650396706792,0.8700828401351267,665461.65,26797556.15,41.7,39.3,-0.0765317039617536,-0.0741490623555682,-0.0100250626566416,0.0050890585241731,39.3,0.5028510115223707,41.47570044524432,39.780000000000015,38.08429955475572,0.4174382477797616,0.0852539188157012,20.93023255813961,20.155038759689585,39.54999999999964,39.83999999999978,35612335.0,35577846.65,-66.66666666666667,-27.920646583394287,59.56210859116774,38.5875,41.175,,,,0.0,0.0,0.0,0.0,0.0,0.0,,0.0,0.0,1.8703,1.0705,0.0,2.08,-0.06,0,False,0,False,False,False,False,0.6376415530481734,False,False,False,False,True,False,False,False,True,True,False,False,False,False,False,False,True,False,10.0,0.0,5.569620253164564,0.0,0.0144952449703676,False,False,False,True,False,False,False,-1.0,False,5,True,False,371.5503584701261,,3,False,3,False,True,False,True,"market_above_ma60, avoid_chase, kd_golden_cross, obv_uptrend, mfi_strong",long_upper_shadow,close_below_ema20,-7.0,50.0,59.3,31.2,0.41,False,16,D
2026-09-08,203.0,205.0,203.0,204.0,50056,10211334,1623,大東電,,-1.905681952674996,-2.7433330195222965,0.8376510668473003,206.1132778774388,212.22101305604684,217.0935525441569,45.039678243108405,11.878095924586908,4.970497192727089,81048.75,16573741.55,214.0,196.5,-0.0791793058904153,-0.1586290030297096,-0.0192307692307692,-0.0048780487804878,205.0,0.688740432020581,213.5974996375763,204.975,196.35250036242368,0.4434618706302401,0.0841322077090016,40.0,63.13908313908299,206.2,205.15,-1758224.0,-1559666.45,-36.36363636363637,-19.43683030151994,28.538065646228063,219.875,227.0,,,,0.0,0.0,0.0,0.0,0.0,0.0,,0.0,0.0,0.1452,0.0274,0.0,1.37,0.04,0,False,0,False,False,False,False,0.6176036027699379,False,False,False,False,True,False,False,False,False,False,False,False,False,False,False,False,False,True,0.0,0.0,4.901960784313726,0.0,-0.3386895358071924,False,False,False,False,False,False,False,-1.0,False,2,False,False,147.11176159801306,,3,False,3,False,True,False,True,"market_above_ma60, avoid_chase",,close_below_ema20,-231.4,18.8,4.9,31.2,0.31,False,16,D
2026-09-08,9.66,9.72,9.61,9.72,23684,228915,1626,艾美特-KY,,-0.0437828127368842,-0.0764834680679032,0.0327006553310189,9.691548442604493,9.919760858105889,10.232739344997514,49.67420199757673,21.89756022533349,0.1753968268435913,72968.85,701470.05,9.74,9.6,0.091046127587051,-0.181112347697178,0.0072538860103628,-0.001027749229188,9.73,0.6466232916348925,9.783869544805937,9.63349999999996,9.483130455193985,0.7876247318286893,0.0312180505124776,65.38461538461542,55.96153846153842,9.689999999999964,9.684999999999944,2376115.0,2178513.4,-38.63636363636351,80.98833218942701,54.96701782487322,10.57,11.25,,,,0.0,0.0,0.0,0.0,0.0,0.0,,0.0,0.0,0.0838,-0.3773,0.0,43.88,0.02,0,False,0,False,False,False,False,0.3245768571109452,False,False,True,False,True,False,False,False,False,True,False,False,False,False,False,False,True,True,0.0,0.0,0.2057613168724235,25.0,0.1926772024156285,False,False,False,False,False,False,False,-1.0,False,5,False,False,385.557895000097,,5,False,3,False,False,False,False,"market_above_ma60, avoid_chase, adx_trending, obv_uptrend, mfi_strong",,,7.0,56.2,62.5,31.2,-1.17,False,16,D
2026-09-08,32.6,32.7,32.5,32.6,138337,4505444,1702,南僑,,-0.1114647215694475,-0.0995699886477265,-0.0118947329217209,32.75170516414111,32.98301583173609,33.792352520512566,45.558370323721135,10.415072821260562,0.368252528252134,166835.0,5434644.95,33.35,32.45,0.008235911172249,0.0525398213073884,-0.0060975609756096,0.0,32.6,0.5909226017589893,33.26876925017051,32.66000000000022,32.05123074982993,0.4507202441783716,0.0372791947440469,40.00000000000057,38.43137254901982,32.570000000000434,32.695000000000256,-15638790.0,-15610161.8,-64.70588235294073,-19.58041958041972,52.16825815317949,33.3125,32.375,,,,0.0,0.0,0.0,0.0,0.0,0.0,,0.0,0.0,0.0935,-0.0054,0.0,8.72,0.01,0,False,0,False,False,False,False,0.8291845236311326,False,False,False,False,True,False,False,False,False,False,False,False,False,False,False,False,True,False,0.0,0.0,2.3006134969325154,8.0,-0.0237143028111939,False,False,False,False,False,False,False,-1.0,False,3,False,False,196.00727360257704,,3,False,3,False,True,False,True,"market_above_ma60, avoid_chase, mfi_strong",,close_below_ema20,-128.7,22.7,12.8,36.4,0.32,False,22,D
2026-09-08,91.0,91.5,90.5,90.5,282713,25715006,1707,葡萄王,,-0.0867399796426866,-0.2931422864821043,0.2064023068394176,90.43673609319116,93.46821299177094,100.07793198650032,49.36558956774772,15.71297658321995,1.384352733087619,568003.05,51084623.55,91.8,89.3,0.091273700024328,-0.143206728857148,-0.0033039647577092,-0.0054945054945054,91.0,0.5122909988051542,91.67088258127936,90.15499999999976,88.63911741872013,0.6137950934527618,0.0336283640680964,44.736842105263264,49.12280701754389,90.9,90.47999999999992,-9245727.0,-11949954.35,-55.263157894736736,75.60137457044657,22.88928382476388,91.85,97.4,,,,0.0,0.0,0.0,0.0,0.0,0.0,,0.0,0.0,-0.0508,-0.1256,0.0,13.53,-0.85,0,False,0,False,False,False,False,0.4977314822517238,False,False,False,False,True,True,False,False,False,True,False,False,False,False,False,False,False,True,0.0,0.0,1.436464088397787,15.0,1.2616386029606297,False,False,False,False,False,False,False,-1.0,False,4,False,False,275.1169780580448,,3,False,3,False,False,False,False,"market_above_ma60, avoid_chase, liquidity_ok, obv_uptrend",,,-32.2,43.8,32.4,33.3,-0.45,False,48,D
2026-09-08,50.7,50.7,49.7,50.2,1711870,85780774,1708,東鹼,,-0.0089558264549935,-0.0622928627082094,0.0533370362532158,50.46535043770373,49.680375343208944,46.680257421336144,48.4887177627016,15.206109180492255,1.635300462953823,3179594.5,160973562.3,51.4,50.0,0.1739427067289473,-0.1207097835449266,-0.0214424951267055,0.004,50.0,0.752573883048987,51.86268073586694,50.21999999999999,48.57731926413303,0.4939123898018361,0.0654193841444426,19.23076923076928,27.357571506507764,50.52000000000044,50.63000000000029,288235668.0,282435002.1,-78.78787878787868,-17.08507670850624,61.14115603445988,53.1,50.35,,,,0.0,0.0,0.0,0.0,0.0,0.0,,0.0,0.0,0.2466,0.2319,0.0,8.55,-0.48,0,False,0,False,False,True,True,0.538392552886854,False,False,False,False,True,True,False,False,False,True,False,False,False,False,False,False,True,False,20.0,0.0,2.3904382470119434,8.0,0.2003809894804723,False,False,False,False,False,False,False,-1.0,False,6,False,False,430.7884974026342,,3,False,3,False,True,False,True,"ema60_gt_ema120, market_above_ma60, avoid_chase, liquidity_ok, obv_uptrend, mfi_strong",,close_below_ema20,47.1,60.5,70.7,42.1,-0.53,False,38,D
2026-09-08,33.75,34.1,32.8,33.6,6585442,219986866,1709,和益,,1.823087809097828,2.1600969470348788,-0.3370091379370508,32.83079349308562,28.375301955712107,24.844834521523044,54.84708975095461,38.27616818390605,2.223317747899716,14222909.5,481417022.7,37.1,33.45,0.7679224042246111,0.9161901399062308,-0.0769230769230768,-0.0175438596491228,34.2,0.4491994495204852,37.64408555136514,33.32499999999995,29.005914448634773,0.5318354425641239,0.2592099355658027,16.326530612244966,21.297749869178613,34.05,34.74999999999991,111943667.0,96951635.9,-53.94736842105264,9.986902423051593,55.93057084908568,25.1625,23.325000000000003,,,,0.0,0.0,0.0,0.0,0.0,0.0,,0.0,0.0,0.8329,0.0965,0.0,8.82,0.61,0,False,0,False,False,True,True,0.4630165157136098,False,False,True,False,True,True,False,False,False,True,False,False,False,False,False,False,True,False,20.0,0.0,10.416666666666666,0.0,0.4823086202436946,False,False,True,True,False,False,False,-1.0,False,8,True,False,630.4178686000605,,8,False,3,False,False,False,False,"ema60_gt_ema120, market_above_ma60, avoid_chase, liquidity_ok, adx_trending, obv_uptrend, mfi_strong, above_ichimoku_cloud",long_upper_shadow,,246.7,92.1,91.3,42.1,-0.66,False,38,D
2026-09-08,41.3,41.35,39.4,39.5,3919965,156908778,1711,永光,,0.8028098971859166,0.9776143317895228,-0.1748044346036062,40.92965496929597,40.8484176539533,39.60261678473145,46.11400308127121,24.06175224450557,2.170456445707629,5896745.3,247733691.1,44.2,40.9,0.5031120957528743,-0.2136514127043144,-0.1022727272727272,-0.0342298288508556,40.9,0.7120775721404291,45.15171471691027,41.10499999999988,37.058285283089496,0.3016909873467335,0.1968964708386034,1.111111111111127,11.040170011594457,41.52999999999956,42.65999999999976,743985462.0,752673251.65,-89.8989898989899,-42.23322827555179,60.74450812105399,36.6125,41.05,,,,0.0,0.0,0.0,0.0,0.0,0.0,,0.0,0.0,0.2571,0.1312,0.0,5.57,-0.4,0,False,0,False,False,False,True,0.6647675625399659,False,False,True,False,True,True,False,False,False,False,False,False,False,False,False,False,True,False,20.0,0.0,11.898734177215196,0.0,-0.4788439204553634,False,False,False,False,False,False,False,-1.0,False,6,False,False,425.9015485799353,,3,False,3,True,True,True,True,"ema60_gt_ema120, market_above_ma60, avoid_chase, liquidity_ok, adx_trending, mfi_strong",,"macd_death_cross, close_below_ema20, close_below_swing_low",42.2,55.3,69.7,42.1,-0.32,False,38,D
2026-09-08,15.65,16.0,15.45,15.85,4191097,65933253,1710,東聯,,0.2721072906355228,0.2574195736417439,0.0146877169937789,15.646556355178651,15.174506903356988,14.60878540961608,53.63156953615027,20.697806553374843,0.6741126915702119,5051441.95,79320810.35,16.35,15.65,0.4243297975969783,0.0412586296560961,-0.015527950310559,0.0127795527156548,15.65,0.77188347120943,16.57519631490127,15.620000000000005,14.66480368509874,0.6203940993133801,0.122304265672377,30.76923076923078,29.163220292252543,15.99999999999991,15.99499999999998,253339205.0,259082062.0,-48.648648648648674,23.716498731921387,70.1811087063865,15.9125,16.25,,,,0.0,0.0,0.0,0.0,0.0,0.0,,0.0,0.0,0.3077,0.486,0.0,5.37,-0.03,0,False,0,False,False,True,True,0.8296832946877672,False,False,True,False,True,True,False,False,True,False,False,False,False,False,False,False,True,True,0.0,0.0,3.154574132492125,8.0,-0.1818719590146968,False,False,False,False,False,False,False,-1.0,False,7,False,False,514.1143694387013,,3,False,3,False,False,False,False,"ema60_gt_ema120, market_above_ma60, avoid_chase, liquidity_ok, adx_trending, kd_golden_cross, mfi_strong",,,130.4,76.3,80.1,42.1,-0.03,False,38,D
2026-09-08,40.3,40.95,40.3,40.85,892009,36404472,1712,興農,,0.3561889719026538,0.2514906727434746,0.1046982991591792,40.01965259663736,39.90900349614293,40.64556985443387,64.0241164181075,24.31450835642745,0.548831067804691,1369426.6,54607867.7,41.05,39.8,0.246187548263582,0.0265120317409678,0.0174346201743462,0.0136476426799008,40.3,0.4516027114128684,41.05687483984141,39.83749999999982,38.61812516015823,0.9151717613476892,0.0612174378332775,75.0000000000002,61.11111111111131,40.689999999999785,40.30999999999985,3988851.0,-4274362.0,-21.428571428571285,123.16982851934108,33.52371866030977,39.4125,39.525,,,,0.0,0.0,0.0,0.0,0.0,0.0,,0.0,0.0,0.2154,-0.0845,0.0,12.94,-0.24,0,False,0,False,False,True,False,0.6513740860590849,False,True,True,False,True,True,False,False,True,True,False,False,False,False,False,False,False,True,-10.0,-25.0,0.4895960832313237,25.0,1.9702636652445729,False,False,True,False,False,False,False,-1.0,False,8,False,False,605.1569048435257,,5,False,3,False,False,False,False,"rsi_strong, market_above_ma60, avoid_chase, liquidity_ok, adx_trending, kd_golden_cross, obv_uptrend, above_ichimoku_cloud",,,221.4,89.5,89.3,42.1,-0.34,False,38,D
2026-09-08,43.5,43.5,43.3,43.35,91091,3952767,1713,國化,,-0.6644653460114682,-0.7017469368706084,0.0372815908591401,44.39504549324744,45.9396968083915,46.77455065008722,37.27155435266396,17.6439698880949,0.7738425361085646,231913.9,10319698.65,46.0,43.45,-0.2005591044875664,-0.2740169514340367,-0.0366666666666666,-0.0034482758620689,43.5,0.931979927141279,45.89444795298076,44.3550000000002,42.81555204701965,0.1735842877784862,0.0694148552803766,11.11111111111111,12.068654019873671,43.83000000000029,44.00500000000029,3685741.0,4719534.55,-88.88888888888889,-114.2322097378282,37.91019295589874,47.6125,48.7,,,,0.0,0.0,0.0,0.0,0.0,0.0,,0.0,0.0,-0.0606,0.2367,0.0,1.1,0.22,0,False,0,False,False,False,False,0.392779389247475,False,False,False,False,True,False,False,False,False,False,False,False,False,False,False,False,False,False,20.0,12.0,6.113033448673583,0.0,-1.186699403042103,False,False,False,False,False,False,False,-1.0,False,2,False,False,111.68740105596952,,3,False,3,False,True,True,True,"market_above_ma60, avoid_chase",,"close_below_ema20, close_below_swing_low",-272.0,2.6,1.6,42.1,-0.78,False,38,D
2026-09-08,16.5,16.6,16.25,16.25,5029928,82227205,1714,和桐,,0.1815082248206287,0.2774061487908312,-0.0958979239702024,16.62973163581146,15.762450667451107,14.144578913647242,47.73347321917571,19.20421794158813,0.8185912936941618,16510645.45,282796344.6,18.55,16.45,-0.0548318626283309,-0.2455790957569373,-0.123989218328841,-0.0121580547112462,16.45,0.4542690086958499,17.830594603787063,16.847500000000036,15.864405396213009,0.1961126641839063,0.1167051020966938,0.0,11.872909698996711,16.65,16.850000000000044,-66591378.0,-27501422.3,-88.46153846153844,-113.99908800729492,38.6798002977065,16.5125,17.15,,,,0.0,0.0,0.0,0.0,0.0,0.0,,0.0,0.0,0.7738,0.0832,0.0,16.36,-1.09,0,False,0,False,False,True,True,0.304647569062783,False,False,False,False,True,True,False,False,False,False,False,False,False,False,False,False,False,False,20.0,12.0,14.15384615384616,0.0,-0.2828076849440794,False,False,False,False,False,False,False,-1.0,False,4,False,False,266.6527834712989,,3,False,3,False,True,True,True,"ema60_gt_ema120, market_above_ma60, avoid_chase, liquidity_ok",,"close_below_ema20, close_below_swing_low",-117.1,18.4,29.7,42.1,-0.93,False,38,D
2026-09-08,73.6,73.7,72.1,72.3,7878136,571858832,1717,長興,,1.929826184274873,2.3058888215984616,-0.3760626373235887,74.2568845514469,71.94950018532677,69.26943065156856,48.05855559312367,17.05948030468259,4.1569596496389645,21183829.65,1646467821.75,84.7,71.7,0.3097667129531372,0.0513558369465707,-0.1463990554899646,-0.0163265306122449,73.5,0.7951097844242221,83.44480769015121,74.86500000000005,66.2851923098489,0.3505211251445389,0.2292074451386135,1.4925373134328563,17.62077846618619,75.89999999999964,77.20999999999985,1739785486.0,1709028240.05,-83.54430379746839,-46.010768477728966,67.40617229880843,64.8,71.35,,,,0.0,0.0,0.0,0.0,0.0,0.0,,0.0,0.0,0.2386,0.0682,0.0,13.11,-0.41,0,False,0,False,False,True,True,0.371893851591655,False,False,False,False,True,True,False,False,False,True,False,False,False,False,False,False,True,False,20.0,0.0,17.15076071922546,0.0,0.5036935622090807,False,False,True,False,False,False,False,-1.0,False,7,False,False,504.7632612624255,,3,False,3,True,True,False,True,"ema60_gt_ema120, market_above_ma60, avoid_chase, liquidity_ok, obv_uptrend, mfi_strong, above_ichimoku_cloud",,"macd_death_cross, close_below_ema20",121.0,73.7,79.0,42.1,-0.82,False,38,D
2026-09-08,10.45,10.45,10.25,10.4,9237489,95327908,1718,中纖,,-0.0672878757278301,-0.0660548650067417,-0.0012330107210883,10.67732508080903,10.50211727892782,9.677845313851392,44.47590236582096,22.33450735493751,0.5230917329729854,23039302.35,250548960.1,11.2,10.45,-0.1080127952990366,-0.1971721425234316,-0.0672645739910313,-0.0047846889952152,10.45,0.4750938158632244,11.174965845722925,10.717499999999983,10.260034154277044,0.1529795579621541,0.0853680141307096,8.82352941176473,7.3497786211258544,10.589999999999964,10.714999999999964,536436002.0,547734568.1,-91.17647058823526,-142.67912772585638,66.54332593229559,11.8325,11.245,,,,0.0,0.0,0.0,0.0,0.0,0.0,,0.0,0.0,0.1117,0.1917,0.0,5.42,-0.65,0,False,0,False,False,False,True,0.4009448228800209,False,False,True,False,True,True,False,False,True,False,False,False,False,False,False,False,True,False,20.0,12.0,7.692307692307682,0.0,-0.075178877333945,False,False,False,False,False,False,False,-1.0,False,7,False,False,520.1073017007928,,3,False,3,True,True,True,True,"ema60_gt_ema120, market_above_ma60, avoid_chase, liquidity_ok, adx_trending, kd_golden_cross, mfi_strong",,"macd_death_cross, close_below_ema20, close_below_swing_low",136.4,81.6,80.8,42.1,-0.77,False,38,D
2026-09-08,56.3,56.4,55.9,56.0,223193,12527309,1720,生達,,-0.6162980282101742,-0.7248492384470687,0.1085512102368945,56.649087019876895,58.582163392801775,59.75871960158586,38.18945067135219,19.850607444053185,0.7007308518865575,220368.3,12422628.65,57.2,56.0,-0.0160146384243995,-0.2787689537508413,-0.0017825311942959,-0.00355871886121,56.2,0.8945252486479319,57.37153617117356,56.435000000000215,55.49846382882687,0.2677612390265592,0.0331899059510353,14.28571428571443,17.016806722688973,56.12000000000044,56.35000000000037,-2912548.0,-2455505.0,-88.23529411764692,-61.15107913669003,41.82663579604451,60.150000000000006,60.3,,,,0.0,0.0,0.0,0.0,0.0,0.0,,0.0,0.0,0.0635,-0.029,0.0,4.96,-0.11,0,False,0,False,False,False,False,1.0128180868119416,False,False,False,False,True,False,False,False,False,False,False,False,False,False,False,False,False,False,20.0,0.0,2.142857142857148,8.0,-0.5437186081124166,False,False,False,False,False,False,False,-1.0,False,2,False,False,141.60355757077042,,3,False,3,False,True,False,True,"market_above_ma60, avoid_chase",,close_below_ema20,-242.1,5.3,3.7,42.1,0.28,False,38,D
2026-09-08,44.6,44.8,44.45,44.55,1496267,66793919,1722,台肥,,-0.4362929581341959,-0.429364590350589,-0.0069283677836068,45.096003416511685,45.93864664241587,46.475241854172936,38.01318569859522,19.72289203048349,0.5592463704125096,2626549.35,118795549.05,46.55,44.55,-0.1922859363948827,-0.1524059272976566,-0.0022396416573348,-0.0011210762331839,44.6,0.9640623713974616,46.582590249794485,45.19749999999995,43.81240975020541,0.266260718355356,0.0612905691595569,22.222222222221784,33.333333333333336,44.63999999999978,44.61999999999989,-45280380.0,-44788006.9,-91.66666666666684,-67.45604592752125,49.54683781058732,46.8625,47.375,,,,0.0,0.0,0.0,0.0,0.0,0.0,,0.0,0.0,0.0975,0.2094,0.0,8.22,0.25,0,False,0,False,False,False,False,0.5696702405382179,False,False,False,False,True,True,False,False,False,False,False,False,False,False,False,False,False,True,10.0,0.0,4.489337822671156,0.0,-0.0618690501415352,False,False,False,True,False,False,False,-1.0,False,3,True,False,199.9542738036837,,3,False,3,False,True,False,True,"market_above_ma60, avoid_chase, liquidity_ok",long_upper_shadow,close_below_ema20,-186.2,33.3,13.4,33.3,-0.49,True,3,D
2026-09-08,24.6,24.6,24.6,24.6,1839015,45239711,1721,國慶科技,,0.3384038055502962,-0.1589054035988144,0.4973092091491106,20.82820661680943,21.55639913899117,21.46657253887962,72.66949483093848,15.415730950846031,1.0729424521805204,669465.85,14035877.1,22.4,19.4,0.5908931081114981,-0.4116473953606365,0.1798561151079136,0.0982142857142858,22.4,2.0202338419121646,22.70249468084796,20.35249999999992,18.002505319151876,1.4037254498098035,0.230929338493851,100.0,82.45614035087722,21.559999999999853,20.989999999999963,148296163.0,144016483.9,-0.0,416.1541615416159,78.45499761499023,21.75,24.5,,,,0.0,0.0,0.0,0.0,0.0,0.0,,0.0,0.0,-0.4346,-0.2912,0.0,1.93,0.19,0,False,0,False,False,True,True,2.746988513305048,True,True,False,True,False,False,False,False,False,True,False,False,True,True,False,False,True,True,-20.0,-25.0,-8.94308943089432,25.0,1.1717020344896252,False,False,True,False,False,True,False,-1.0,False,10,True,False,631.530309546926,,3,False,3,False,False,False,False,"ema60_gt_ema120, volume_break, rsi_strong, breakout_20d, market_above_ma60, obv_uptrend, bb_squeeze_breakout, breakout_volume_confirm, mfi_strong, above_ichimoku_cloud",gap_chase_after_blowout,,245.4,100.0,91.3,33.3,1.15,True,3,C
2026-09-08,83.7,85.9,83.4,83.9,513244,43270983,1723,中碳,,-0.0356964695238843,0.3003504319597683,-0.3360469014836527,85.81588372874423,84.98258561585924,83.16019277138469,43.01997772992142,19.211472435156747,2.374082771657881,578859.55,49986869.75,88.4,84.0,0.0230915152756746,0.0027054654963524,-0.019859813084112,-0.001190476190476,84.0,2.040232239765012,89.21521859336474,86.0699999999999,82.92478140663505,0.1550319261469264,0.0730851305533832,8.333333333333334,16.187739463601854,85.56000000000058,86.03999999999978,-23447658.0,-20332917.0,-93.33333333333331,-100.71942446043172,50.47530227738216,86.0,85.35,,,,0.0,0.0,0.0,0.0,0.0,0.0,,0.0,0.0,0.4618,0.0133,0.0,9.4,-0.37,0,False,0,False,False,False,True,0.8866468558737607,False,False,False,False,True,False,False,False,False,False,False,False,False,False,False,False,True,False,20.0,12.0,5.36352800953516,0.0,-1.601456178301426,False,False,False,True,False,False,False,-1.0,False,4,True,False,281.64899441912047,,3,False,3,False,True,True,True,"ema60_gt_ema120, market_above_ma60, avoid_chase, mfi_strong",long_upper_shadow,"close_below_ema20, close_below_swing_low",-102.1,28.9,34.1,42.1,0.06,False,38,D
2026-09-08,32.1,32.35,31.85,32.3,22211,716166,1725,元禎,,0.3248726039244261,0.2067815753475167,0.1180910285769093,31.395858941434494,31.309092617098223,31.024416700074056,61.03994185706958,18.5006433917086,0.7915057590333526,32709.4,1024506.05,32.1,31.2,0.2259186456062468,-0.2202241947767133,0.0221518987341771,0.0062305295950153,32.1,1.632680688764174,32.32769734890338,31.329999999999973,30.332302651096565,0.9861193632849564,0.0636895849922379,76.47058823529382,68.11145510835861,31.839999999999783,31.72499999999991,-1158891.0,-1293662.15,-17.02127659574491,145.4175152749487,73.62047119579263,30.8875,36.775,,,,0.0,0.0,0.0,0.0,0.0,0.0,,0.0,0.0,0.2239,0.4606,0.0,0.51,0.03,0,False,0,False,False,True,True,0.6790402758839966,False,True,False,True,True,False,False,False,False,True,False,False,False,False,False,False,True,True,-10.0,-25.0,-0.6191950464396153,25.0,0.1186555177403664,False,False,False,False,False,False,False,-1.0,False,7,False,False,468.2142689717243,,3,False,3,False,False,False,False,"ema60_gt_ema120, rsi_strong, breakout_20d, market_above_ma60, avoid_chase, obv_uptrend, mfi_strong",,,84.5,71.1,75.8,42.1,-0.29,False,38,D
2026-09-08,91.5,92.3,90.5,90.6,1525491,139207193,1727,中華化,,3.1014332856490654,3.458369248120875,-0.3569359624718098,89.94721206046825,85.22252767801308,78.14612676308863,52.66482148655064,27.20453156380072,5.272826687263619,6210458.85,571321597.55,99.9,89.2,0.9116481545644004,-0.0549606881841156,-0.049317943336831,-0.0043956043956044,91.0,0.6800213722490681,103.46178157636584,90.13000000000012,76.79821842363437,0.5176270514674907,0.2958344963134522,13.483146067415683,21.91011235955072,91.94000000000052,94.4300000000001,289868562.0,277206705.9,-77.77777777777781,11.122928299211102,59.57738919334103,77.175,86.85,,,,0.0,0.0,0.0,0.0,0.0,0.0,,0.0,0.0,0.3245,0.0482,0.0,6.62,-3.28,0,False,0,False,False,True,True,0.2456325751196306,False,False,True,False,True,True,False,False,False,True,False,False,False,False,False,False,True,False,20.0,0.0,10.26490066225167,0.0,0.6752805866466068,False,False,True,False,False,False,False,-1.0,False,8,False,False,590.5596927909556,,3,False,3,False,False,False,False,"ema60_gt_ema120, market_above_ma60, avoid_chase, liquidity_ok, adx_trending, obv_uptrend, mfi_strong, above_ichimoku_cloud",,,206.8,86.8,87.9,42.1,-1.03,False,38,X
2026-09-08,78.0,78.1,77.0,77.5,49512,3834793,1726,永記,,-0.0536681073082689,-0.06960186532884,0.015933758020571,77.46087191561288,77.51490645760089,77.16331976791582,50.073664409730846,15.938560286716273,0.8256389767770798,26718.3,2068230.55,78.2,76.9,-0.0145622105744421,-0.0347795174100673,0.0064935064935065,-0.0038560411311053,77.8,1.1328391048930186,78.19964780005296,77.48999999999997,76.78035219994698,0.5070457486088781,0.0183158549503933,56.00000000000023,58.66666666666666,77.32000000000043,77.46000000000022,297796.0,414318.35,-43.99999999999977,16.95616211745103,31.961298607725,77.69999999999999,78.19999999999999,,,,0.0,0.0,0.0,0.0,0.0,0.0,,0.0,0.0,0.1156,0.1306,0.0,12.61,-0.01,0,False,0,False,False,False,True,1.8531119120602733,True,False,False,False,True,False,False,False,False,False,False,False,False,False,False,False,False,False,0.0,0.0,0.9032258064516168,25.0,-1.4284088511464186,False,False,False,False,False,False,False,-1.0,False,4,False,False,276.3902129068457,,3,False,3,False,False,False,False,"ema60_gt_ema120, volume_break, market_above_ma60, avoid_chase",,,-107.3,23.7,32.9,42.1,1.71,False,38,D
2026-09-08,20.9,21.05,20.9,21.0,65748,1377966,1731,美吾華,,0.0321962102129198,0.0303362871129302,0.0018599230999896,20.923706412643885,20.99642083430309,21.207860773131955,53.97503820968748,15.60212015930938,0.2110766938993826,85976.75,1800906.15,21.2,20.9,0.021880628387715,-0.0404073252217449,0.0,0.0023866348448686,20.95,0.929644336663545,21.15893983751457,20.93249999999989,20.70606016248521,0.6490462118789796,0.0216352406558872,59.99999999999943,42.85714285714251,20.94999999999981,20.94999999999981,3020037.0,3034395.05,-54.54545454545461,35.714285714283186,60.32830180876491,20.875,21.2,,,,0.0,0.0,0.0,0.0,0.0,0.0,,0.0,0.0,0.1382,0.1184,0.0,1.07,0.04,0,False,0,True,True,True,False,0.7647183686287281,False,False,False,False,True,False,False,False,False,False,False,False,False,False,False,False,True,False,0.0,0.0,0.952380952380949,25.0,-0.0057535019381748,False,False,False,False,False,False,False,-1.0,False,5,False,False,377.5781416630292,,3,False,3,False,False,False,False,"macd_golden_cross, market_above_ma60, avoid_chase, hist_turn_positive, mfi_strong",,,70.3,68.8,60.6,33.3,-0.22,False,48,D
2026-09-08,51.6,51.6,51.3,51.3,23710,1219454,1730,花仙子,,-0.0061119728638558,-0.0096630602862559,0.0035510874224,51.51982730177203,51.7590614183188,52.10533296244039,45.21104554942505,15.585356555956375,0.493954983407295,35923.5,1854680.9,51.9,51.4,0.0122538884976179,-0.0563445689367745,-0.0019455252918287,-0.0096525096525096,51.8,0.631548944212992,51.922988833566336,51.51999999999989,51.11701116643344,0.2270395831406856,0.0156439764583248,28.5714285714285,43.45238095238104,51.51999999999971,51.57999999999993,-681594.0,-708001.9,-75.00000000000011,-77.1929824561419,55.68937684215175,51.7,52.15,,,,0.0,0.0,0.0,0.0,0.0,0.0,,0.0,0.0,0.1737,-0.0156,0.0,7.18,0.0,0,False,0,False,False,False,False,0.6600136400963158,False,False,False,False,True,False,False,False,False,True,False,False,False,False,False,False,True,False,10.0,0.0,1.1695906432748566,15.0,0.1343664646276428,False,False,False,False,False,False,False,-1.0,False,4,False,False,308.21253397649485,,3,False,3,False,True,True,True,"market_above_ma60, avoid_chase, obv_uptrend, mfi_strong",,"close_below_ema20, close_below_swing_low",-75.5,42.1,42.3,42.1,-0.32,False,38,D
2026-09-08,26.0,26.3,26.0,26.2,103402,2702866,1732,毛寶,,-0.1100232150788294,-0.0838868891849413,-0.026136325893888,26.2972228765488,26.425876760261808,26.610314287669823,47.329153037485,20.443966869879485,0.4065574630552513,104634.8,2750050.0,26.7,25.85,-0.039673774161557,-0.00621063156349,0.0038314176245208,0.0057581573896352,26.05,1.4546783837809452,26.710558456610883,26.28500000000008,25.85944154338928,0.4001312291182828,0.0323803276858132,34.99999999999979,24.71014492753602,26.07000000000007,26.27000000000008,9495191.0,9568287.1,-69.5652173913045,-43.70015948963019,72.24577102405617,27.5875,27.4,,,,0.0,0.0,0.0,0.0,0.0,0.0,,0.0,0.0,-0.1269,-0.2345,0.0,2.62,-0.1,0,False,0,False,False,False,False,0.9882180689407348,False,False,True,False,True,False,False,False,False,False,False,False,False,False,False,False,True,False,0.0,0.0,1.9083969465648856,15.0,-0.0361928852481065,False,False,False,False,False,False,False,-1.0,False,4,False,False,239.44786606643007,,5,False,3,False,True,False,True,"market_above_ma60, avoid_chase, adx_trending, mfi_strong",,close_below_ema20,-144.3,15.8,23.4,42.1,0.24,False,38,D
2026-09-08,31.75,31.75,31.15,31.15,135410,4252724,1733,五鼎,,0.146502551385506,0.2414401824153541,-0.094937631029848,31.83451326313863,31.21359242734896,30.7097690777946,41.72880887784935,17.38020239746993,0.5240333272614948,150850.65,4789158.3,32.4,31.7,0.1831993231356006,0.1685897476328078,-0.032608695652174,-0.0173501577287066,31.7,1.7198510699234892,32.92847301657759,31.775000000000137,30.621526983422683,0.2290790547252603,0.072602550217306,0.0,31.1274509803922,31.940000000000147,32.06500000000015,11690483.0,11670925.9,-100.0,-54.78407667592477,68.62828583266395,31.425,30.700000000000003,,,,0.0,0.0,0.0,0.0,0.0,0.0,,0.0,0.0,0.3052,-0.1804,0.0,3.49,0.09,0,False,0,False,False,False,True,0.8976428010088124,False,False,False,False,True,False,False,False,False,True,False,False,False,False,False,False,True,False,20.0,0.0,4.012841091492777,0.0,0.0315397849740175,False,False,False,False,False,False,False,-1.0,False,5,False,False,364.3549054297764,,3,False,3,False,True,True,True,"ema60_gt_ema120, market_above_ma60, avoid_chase, obv_uptrend, mfi_strong",,"close_below_ema20, close_below_swing_low",57.1,64.6,56.9,33.3,-0.11,False,48,D
2026-09-08,20.1,20.25,20.05,20.2,38493,774446,1735,日勝化,,-0.0441821651323088,-0.0333081570275549,-0.0108740081047539,20.48017785689284,21.19099125719957,21.543356358223445,46.26899025451838,12.280031470734048,0.6115801772904402,88098.4,1826984.6,21.65,20.1,0.0276246386239293,-0.2131312870956778,-0.066974595842956,-0.0024691358024692,20.25,0.6161909212385323,21.29273730613684,20.50249999999992,19.712262693863,0.3086017974279817,0.0770869217058332,10.256410256410224,12.692307692307926,20.38000000000011,20.64499999999989,30068216.0,29849714.4,-87.5,-75.9996389565847,66.83827302534641,20.5875,22.8,,,,0.0,0.0,0.0,0.0,0.0,0.0,,0.0,0.0,0.1803,0.1032,0.0,51.58,0.04,0,False,0,False,False,False,False,0.4369318852555778,False,False,False,False,True,False,False,False,False,True,False,False,False,False,False,False,True,False,20.0,0.0,7.178217821782175,0.0,0.4546519528867128,False,False,False,False,False,False,False,-1.0,False,4,False,False,304.82514228719634,,3,False,3,True,True,False,True,"market_above_ma60, avoid_chase, obv_uptrend, mfi_strong",,"macd_death_cross, close_below_ema20",-78.9,36.8,41.1,42.1,-0.7,False,38,D
2026-09-08,31.0,31.2,30.85,31.1,165140,5125383,1734,杏輝,,-0.3220129936245861,-0.2673141363520905,-0.0546988572724955,31.332618695935388,31.66677103788092,31.59897198675661,43.215845007780025,25.50721910141825,0.4571080771213663,242260.7,7623949.05,32.55,30.6,-0.2514854580809164,-0.0798401758016374,0.0163398692810456,-0.0016051364365969,31.15,2.402317370949154,32.967695565215415,31.49750000000004,30.02730443478466,0.3648139031959995,0.0933531591532899,71.42857142857162,38.311688311688464,30.82000000000007,30.93500000000004,4982467.0,4799140.3,-68.74999999999999,-42.99947561615114,53.4249779058785,32.2375,32.45,,,,0.0,0.0,0.0,0.0,0.0,0.0,,0.0,0.0,-0.0286,0.0169,0.0,5.7,-0.09,0,False,0,False,False,False,True,0.6816623579474508,False,False,True,False,True,False,False,False,False,True,False,False,False,False,False,False,True,False,-10.0,0.0,4.662379421221851,0.0,0.2538821234287735,False,False,False,False,False,False,False,-1.0,False,6,False,False,394.8632090606197,,5,False,3,False,True,False,True,"ema60_gt_ema120, market_above_ma60, avoid_chase, adx_trending, obv_uptrend, mfi_strong",,close_below_ema20,87.6,70.8,64.2,33.3,-0.29,False,48,D
2026-09-08,30.65,30.65,30.5,30.65,204581,6251633,1737,臺鹽,,-0.3700381402298554,-0.3060419263121303,-0.063996213917725,31.126646495323023,31.550765416411085,31.67217191026101,30.016108432861174,34.13512155916364,0.2526756491677134,265552.15,8330778.55,32.5,30.55,-0.3370309993798927,-0.0506804077860598,-0.001628664495114,0.0032733224222585,30.55,1.1221446221504583,32.740391802629105,31.312499999999908,29.88460819737072,0.2680146357097782,0.0912026700282123,27.27272727272698,12.794612794612476,30.62999999999956,30.704999999999742,-581570.0,-138462.05,-92.50000000000009,-72.75803722504277,24.20240814135542,32.075,31.9,,,,0.0,0.0,0.0,0.0,0.0,0.0,,0.0,0.0,0.0519,0.0804,0.0,7.83,-0.16,0,False,0,False,False,False,False,0.7703985827265943,False,False,True,False,True,False,False,False,True,False,False,False,False,False,False,False,False,False,10.0,0.0,6.035889070146824,0.0,-0.8985941495788322,False,False,False,False,False,False,False,-1.0,False,4,False,False,296.92085603231993,,5,False,3,False,True,False,True,"market_above_ma60, avoid_chase, adx_trending, kd_golden_cross",,close_below_ema20,-27.8,50.0,38.7,36.4,0.11,False,22,D
2026-09-08,125.5,126.5,125.0,126.5,103834,13054418,1736,喬山,,-1.7850771240636334,-1.4106292619586327,-0.3744478621050007,127.92244790107524,128.34567398167798,129.59238426919526,47.14991848564737,12.922873496332649,4.923970235659941,496783.5,65558739.2,145.0,122.0,-0.5170473501939272,0.1009162815285261,0.0201612903225807,0.0039682539682539,126.0,0.2980883270876346,138.29663272861166,128.925,119.55336727138835,0.3706201965962412,0.1453811553788891,62.5,56.25,125.2,125.8,-3880525.0,-3486188.2,-58.333333333333336,-60.34085674804209,33.228530188609795,130.25,122.25,,,,0.0,0.0,0.0,0.0,0.0,0.0,,0.0,0.0,0.358,-0.1186,0.0,5.65,0.0,0,False,0,False,False,False,False,0.2090125779137189,False,False,False,False,True,True,False,False,False,False,False,False,False,False,False,False,False,False,0.0,0.0,14.624505928853754,0.0,-0.1514712965234833,False,False,False,False,False,False,False,-1.0,False,3,False,False,190.27247022085533,,3,False,3,False,True,False,True,"market_above_ma60, avoid_chase, liquidity_ok",,close_below_ema20,-100.5,26.7,11.9,26.7,-1.11,False,15,X
2026-09-08,31.55,31.8,31.45,31.5,33745,1065860,1752,南光,,-0.0801367291785517,-0.0710946881083184,-0.0090420410702333,31.74124015966955,32.15741388480832,33.07591788732094,42.89442014401972,16.58756719216629,0.3643061159307572,41287.8,1309348.0,32.1,31.45,-0.0642457350770706,-0.0623520669906173,-0.0047393364928909,-0.0078740157480314,31.75,1.1042462234536774,32.122021722364586,31.78250000000008,31.44297827763556,0.0839735996379346,0.021365325091765,9.090909090909207,46.85314685314673,31.620000000000072,31.68000000000011,-1195133.0,-1039463.1,-80.00000000000018,-99.29078014184624,43.77428395802382,31.975,33.05,,,,0.0,0.0,0.0,0.0,0.0,0.0,,0.0,0.0,-0.0657,0.108,0.0,1.49,0.01,0,False,0,False,False,False,False,0.8173116513837017,False,False,False,False,True,False,False,False,False,False,False,False,False,False,False,False,False,False,20.0,25.0,1.904761904761909,15.0,-1.0754533478420305,False,False,False,True,False,False,False,-1.0,False,2,True,False,145.26767633973265,,3,False,3,True,True,False,True,"market_above_ma60, avoid_chase",long_upper_shadow,"macd_death_cross, close_below_ema20",-238.5,7.9,4.5,42.1,-0.05,False,38,D
2026-09-08,56.4,56.4,55.7,56.0,134950,7544759,1760,寶齡富錦,,-0.859160133084913,-0.6881832200757568,-0.1709769130091561,57.78613264066277,59.40230551394156,60.886090314334695,28.45836342059084,12.286756173629476,0.8642800997066616,113346.25,6543696.75,59.3,56.3,-0.2350735436270507,-0.1353481639695025,-0.0344827586206896,-0.0070921985815602,56.4,0.949667021280943,59.8163364208493,57.94499999999989,56.07366357915048,-0.0196820780939665,0.0645900913227858,9.374999999999924,11.17097701149396,56.44000000000015,57.35,-8625600.0,-8136450.15,-91.66666666666671,-178.88029130632444,20.49900749622202,61.475,62.3,,,,0.0,0.0,0.0,0.0,0.0,0.0,,0.0,0.0,0.1955,0.3049,0.0,11.06,-0.28,0,False,0,False,False,False,False,1.1905996007807933,False,False,False,False,True,False,False,False,False,False,False,False,False,False,False,False,False,False,20.0,25.0,5.892857142857138,0.0,-1.200437930346792,False,False,False,False,False,False,False,-1.0,False,2,False,False,172.5007408436464,,3,False,3,False,True,True,True,"market_above_ma60, avoid_chase",,"close_below_ema20, close_below_swing_low",-211.2,10.5,8.9,42.1,0.58,False,38,D
2026-09-08,35.95,35.95,34.8,35.0,67508,2363081,1762,中化生,,0.0982118844264903,0.1494439778957217,-0.0512320934692314,35.43643633758322,35.263198528926615,33.996711886945256,46.165891337530965,13.953539997862054,0.8511227825658085,119226.2,4221939.8,36.3,35.0,0.0829420496717686,-0.0938554578904548,-0.0223463687150837,0.0,35.0,0.8986302579755071,36.53888288935768,35.50999999999999,34.4811171106423,0.2521583820300609,0.0579489095667524,12.500000000000169,20.166666666666668,35.57000000000007,35.675,-1498248.0,-1312023.0,-87.87878787878775,-41.43282754798054,62.71821960048602,34.6875,37.875,,,,0.0,0.0,0.0,0.0,0.0,0.0,,0.0,0.0,0.2323,-0.118,0.0,3.18,-0.09,0,False,0,False,False,False,True,0.5662178279606328,False,False,False,False,True,False,False,False,False,False,False,False,False,False,False,False,True,False,20.0,0.0,3.714285714285706,0.0,-0.2775852674727948,False,False,False,False,True,False,False,-1.0,False,4,True,False,282.3311550699328,,3,False,3,False,True,False,True,"ema60_gt_ema120, market_above_ma60, avoid_chase, mfi_strong",open_high_close_low,close_below_ema20,-101.4,31.6,34.3,42.1,-0.48,False,38,D
2026-09-08,164.5,169.0,162.0,164.0,1209298,199941226,1773,勝一,,0.415005716777074,-0.2456114970574485,0.6606172138345225,161.3967476520376,163.51342087536645,162.49549842913942,53.159317597447824,17.55985757138249,5.786827524211175,626745.05,102309064.85,171.5,158.0,0.2297951797688591,-0.2091088318216053,-0.043731778425656,0.0218068535825544,160.5,0.8626974967672811,167.81472811180808,160.275,152.73527188819193,0.7470248226966049,0.0940848929877781,38.70967741935484,31.73863875951186,162.3,162.7,43979654.0,42169668.7,-48.71794871794872,104.89098408956956,65.13672486045971,162.0,173.5,,,,0.0,0.0,0.0,0.0,0.0,0.0,,0.0,0.0,0.3355,0.0689,0.0,6.69,-0.49,0,False,0,False,False,True,True,1.9294895109263328,True,False,False,False,True,True,False,False,True,True,False,False,False,False,False,True,True,False,0.0,0.0,4.573170731707317,0.0,0.6952439214953138,False,False,False,True,True,False,False,-1.0,False,9,True,False,637.637822167207,,3,False,3,False,False,False,False,"ema60_gt_ema120, volume_break, market_above_ma60, avoid_chase, liquidity_ok, kd_golden_cross, obv_uptrend, cci_momentum, mfi_strong","long_upper_shadow, open_high_close_low",,253.9,94.7,91.7,42.1,1.85,True,38,D
2026-09-08,17.2,17.25,17.1,17.25,46535,800793,1776,展宇,,-0.0798106252378865,-0.1451117424477613,0.0653011172098747,17.141755449589454,17.446888756586535,17.254278858440475,51.27455408721696,21.154240931673822,0.3412765580290114,52109.65,886828.0,17.3,17.0,0.0161958841916312,-0.2925934285280777,0.0087719298245612,0.0058309037900874,17.15,0.6031468447568744,17.319609887748356,17.08750000000009,16.855390112251825,0.8500497147630097,0.0271672143670243,60.00000000000014,56.25,17.139999999999965,17.120000000000072,4191069.0,4224326.45,-24.99999999999989,95.9792477302214,77.3862102574543,17.875,18.7,,,,0.0,0.0,0.0,0.0,0.0,0.0,,0.0,0.0,0.0532,0.1551,0.0,1.68,-0.06,0,False,0,False,False,False,True,0.8930207744630793,False,False,True,False,True,False,False,False,True,False,False,False,False,False,False,False,True,True,0.0,-12.0,0.2898550724637722,25.0,-0.0415714529076626,False,False,False,False,False,False,False,-1.0,False,6,False,False,441.4313503097389,,5,False,3,False,False,False,False,"ema60_gt_ema120, market_above_ma60, avoid_chase, adx_trending, kd_golden_cross, mfi_strong",,,57.7,68.4,72.9,42.1,0.07,False,38,D
2026-09-08,38.0,38.0,37.8,37.8,34312,1301725,1783,和康生,,-0.4773721672719446,-0.1494227651892926,-0.327949402082652,39.604599781202296,39.93457074584579,40.48616923920007,30.120059549130872,14.68535478498868,0.7260520514984504,79211.15,3170094.1,41.35,38.05,-0.2861637500183067,0.0379470304728188,-0.0478589420654913,-0.0065703022339027,38.05,0.9354216508221964,41.88688053186316,39.94499999999989,38.00311946813663,-0.0522996818814951,0.097227714700877,0.0,0.4761904761902163,38.40999999999949,39.50499999999992,-903307.0,-675405.7,-100.0,-196.4813949867664,41.8351369636864,39.95,39.8,,,,0.0,0.0,0.0,0.0,0.0,0.0,,0.0,0.0,-0.0262,-0.2598,0.0,6.96,-0.05,0,False,0,False,False,False,False,0.4331713401459264,False,False,False,False,True,False,False,False,False,False,False,False,False,False,False,False,False,False,20.0,25.0,9.391534391534403,0.0,-1.0351074631736987,False,False,False,False,False,False,False,-1.0,False,2,False,False,126.91042384337489,,3,False,3,False,True,True,True,"market_above_ma60, avoid_chase",,"close_below_ema20, close_below_swing_low",-180.4,6.2,2.6,33.3,-0.5,False,48,D
2026-09-08,46.6,46.8,45.7,46.3,170354,7875085,1786,科妍,,-1.286541500329875,-1.0422862877225143,-0.2442552126073607,48.11040199823557,51.10696210494419,56.28249143217333,39.67481166063699,16.940754951521054,1.424080667923666,178861.2,8560257.35,51.6,44.3,-0.5878104611968007,-0.2570169557386542,-0.0169851380042463,0.0087145969498909,45.9,0.940689556219318,52.33751259232206,48.6149999999996,44.89248740767714,0.1890541075973525,0.1531425523942195,33.333333333333336,35.27777777777798,45.94000000000015,47.24999999999964,-12931346.0,-11992984.65,-70.1492537313433,-106.4196467040061,22.26607597676056,50.9,55.05,,,,0.0,0.0,0.0,0.0,0.0,0.0,,0.0,0.0,0.0003,0.0103,0.0,2.21,-0.38,0,False,0,False,False,False,False,0.9524368616558536,False,False,False,False,True,False,False,False,False,False,False,False,False,False,False,False,False,False,0.0,12.0,11.44708423326135,0.0,-1.1073510140179428,False,False,False,False,False,False,False,-1.0,False,2,False,False,118.23615644834324,,3,False,3,False,True,False,True,"market_above_ma60, avoid_chase",,close_below_ema20,-189.0,2.1,2.2,33.3,-0.06,False,48,D
2026-09-08,19.3,19.5,19.15,19.15,317930,6131387,1789,神隆,,-0.0654339159514414,-0.1208618690567229,0.0554279531052814,19.12138478640886,19.488691513663383,19.78401845604674,49.48421318906068,17.56291617325836,0.4091969498861432,378194.8,7195982.3,19.45,18.9,0.0832246995486819,-0.1753940720104737,0.0078947368421051,-0.0128865979381442,19.4,1.4630047560312185,19.488982378510748,19.03499999999999,18.58101762148923,0.6266568984210956,0.0476997508285536,41.17647058823515,55.4367201426024,19.109999999999854,19.075,17866354.0,17599398.95,-58.82352941176485,96.14035087719206,68.26743894368747,19.775,20.125,,,,0.0,0.0,0.0,0.0,0.0,0.0,,0.0,0.0,-0.0705,-0.2534,0.0,1.87,0.02,0,False,0,False,False,False,False,0.8406514314845154,False,False,False,False,True,False,False,False,False,True,False,False,False,False,False,False,True,True,0.0,0.0,1.5665796344647556,15.0,0.1997516579770313,False,False,False,False,False,False,False,-1.0,False,4,False,False,275.8035342105695,,3,False,3,False,False,False,False,"market_above_ma60, avoid_chase, obv_uptrend, mfi_strong",,,-31.5,45.8,32.6,33.3,-0.15,False,48,D
2026-09-08,182.0,183.0,180.5,180.5,661252,120066806,1795,美時,,-1.9869090479124047,-0.7900489873515711,-1.1968600605608342,186.622198586638,192.42873752508805,205.99635337294848,39.06468494273669,13.043051110174831,5.022845459433926,1121137.8,212718385.25,196.5,180.5,-0.1487289266999716,-0.0855408489438545,-0.032171581769437,0.0,180.5,0.4780881064819168,199.16397817667672,187.8,176.4360218233233,0.1788096612600664,0.1210221318069937,5.128205128205129,7.692307692307925,181.7,186.35,54615404.0,56550232.75,-95.65217391304348,-92.20698606173474,51.84557234922266,189.125,193.75,,,,0.0,0.0,0.0,0.0,0.0,0.0,,0.0,0.0,0.0394,-0.2669,0.0,51.76,0.02,0,False,0,False,False,False,False,0.5898043933582473,False,False,False,False,True,True,False,False,False,False,False,False,False,False,False,False,True,False,20.0,12.0,8.86426592797784,0.0,-0.3874048507253541,False,False,False,False,False,False,False,-1.0,False,4,False,False,273.2491857248782,,3,False,3,False,True,False,True,"market_above_ma60, avoid_chase, liquidity_ok, mfi_strong",,close_below_ema20,-34.0,39.6,31.8,33.3,-0.37,False,48,D
2026-09-08,61.1,61.2,59.4,59.9,17724258,1068092289,1802,台玻,,0.9514067424674052,0.7446495484692734,0.2067571939981318,58.688116436201454,59.2153145357545,58.167744033205935,54.49708898398868,16.318604161310187,3.020933468650331,33938955.35,2015811282.05,61.3,58.0,0.326045950408724,-0.3659513450571877,-0.0228384991843393,-0.013179571663921,60.7,0.6324174999821848,61.79864778228279,58.79499999999998,55.79135221771717,0.6839430053213835,0.1021735787833255,36.9230769230769,42.60683760683727,59.82000000000007,60.08999999999996,4829378175.0,4777220791.9,-48.80952380952383,56.747967479674834,54.64886127773985,54.6,61.625,,,,0.0,0.0,0.0,0.0,0.0,0.0,,0.0,0.0,0.2845,0.089,0.0,5.67,-0.08,0,False,0,False,False,True,True,0.5222393505402929,False,False,False,False,True,True,False,False,False,True,False,False,False,False,False,False,True,False,0.0,0.0,2.3372287145242048,8.0,0.3700024623825512,False,False,False,False,False,False,False,-1.0,False,6,False,False,412.6624230539935,,3,False,3,False,False,False,False,"ema60_gt_ema120, market_above_ma60, avoid_chase, liquidity_ok, obv_uptrend, mfi_strong",,,43.0,80.0,66.4,40.0,-0.13,True,5,D
2026-09-08,10.05,10.1,9.96,9.96,92387,924906,1805,寶徠,,0.0017850798663392,0.0198327369142708,-0.0180476570479315,10.11498992619843,10.182748618659105,10.441779527631434,42.282679068705576,9.370459687541413,0.1729488825707009,72526.8,731638.0,10.35,10.1,0.0435462765109335,-0.0387501513040467,-0.01871921182266,-0.0138613861386137,10.1,1.4647706311480349,10.346706224070628,10.12900000000002,9.91129377592941,0.1118622682436348,0.0429867161754582,0.0,19.04761904761957,10.092000000000008,10.161000000000012,1050453.0,1119950.1,-100.0,-98.25416159155613,33.63165301303461,9.8125,10.6,,,,0.0,0.0,0.0,0.0,0.0,0.0,,0.0,0.0,0.0088,0.0088,0.0,0.65,-0.01,0,False,0,False,False,False,False,1.2738325694777657,False,False,False,False,True,False,False,False,False,False,False,False,False,False,False,False,False,False,20.0,12.0,3.915662650602397,0.0,-0.4383284713168887,False,False,False,False,False,False,False,-1.0,False,2,False,False,149.47838403897498,,3,False,3,False,True,True,True,"market_above_ma60, avoid_chase",,"close_below_ema20, close_below_swing_low",-186.4,13.8,5.3,41.4,0.64,False,58,D
2026-09-08,8.05,8.06,8.01,8.03,71915,577669,1806,冠軍,,-0.0109539240548865,-0.0209111226192763,0.0099571985643897,8.032727522379803,8.107904948475358,8.273409048441756,48.69597957842927,9.26317136873022,0.0979869969614346,242998.3,1940613.6,8.07,7.99,0.0565872320487397,-0.0668412383119176,-0.0049566294919456,-0.0024844720496896,8.05,0.5368947815868909,8.099426105335509,8.011500000000023,7.923573894664538,0.6052019757351277,0.0219499732473281,43.74999999999983,51.83823529411772,8.034000000000106,8.034000000000106,-16468314.0,-16615506.2,-57.14285714285763,48.17247768232926,57.90583825361481,8.235,8.309999999999999,,,,0.0,0.0,0.0,0.0,0.0,0.0,,0.0,0.0,-0.2267,-0.1171,0.0,9.71,0.06,0,False,0,False,False,False,False,0.2959485724797251,False,False,False,False,True,False,False,False,False,True,False,False,False,False,False,False,True,False,0.0,0.0,0.4981320049813316,25.0,0.127116176983909,False,False,False,False,False,False,False,-1.0,False,4,False,False,234.48487984860407,,3,False,3,False,True,False,True,"market_above_ma60, avoid_chase, obv_uptrend, mfi_strong",,close_below_ema20,-135.2,20.0,22.0,40.0,-0.69,False,5,X
2026-09-08,34.25,35.1,34.1,34.85,1180519,41133993,1808,潤隆,,0.6180276632771324,0.7717743877478688,-0.1537467244707363,34.487025157563835,32.972486904721684,32.135942028616164,53.94251046645894,27.0990176466536,1.1438801463299673,2182477.65,76535823.25,37.0,34.1,0.3453311709414621,0.265268028807929,0.0,0.0175182481751825,34.25,0.506157690128461,37.12121283756064,34.57750000000014,32.03378716243965,0.5535634360876198,0.1471311018761033,39.13043478260868,26.825529542920776,35.01000000000022,35.03500000000022,23669918.0,19348854.5,-67.04545454545446,11.61665053243025,55.815218774133314,32.0,30.950000000000003,,,,0.0,0.0,0.0,0.0,0.0,0.0,,0.0,0.0,34.6015,-0.6409,0.0,4.29,-0.14,0,False,0,False,False,True,True,0.5409077155956213,False,False,True,False,True,True,False,False,True,True,False,False,False,False,False,False,True,False,0.0,0.0,6.169296987087513,0.0,0.6228717361057454,False,False,True,False,False,False,False,-1.0,False,9,False,False,667.8835379892251,,3,False,3,False,False,False,False,"ema60_gt_ema120, market_above_ma60, avoid_chase, liquidity_ok, adx_trending, kd_golden_cross, obv_uptrend, mfi_strong, above_ichimoku_cloud",,,332.0,96.6,93.6,41.4,-0.34,True,58,D
2026-09-08,37.9,39.85,37.65,38.1,1633625,63287679,1809,中釉,,-0.5546065941329417,-0.6209346253806274,0.0663280312476857,38.57348544310533,39.95560189082611,37.82968132465889,46.48725742381252,11.129255506573978,1.8486290416046949,1285316.55,50315383.0,41.95,37.1,-0.2265267259783177,-0.6727927000894931,-0.0205655526992287,0.0052770448548813,37.9,0.5280130667593284,40.78241566093481,38.70750000000002,36.63258433906524,0.3536085077004204,0.1072100063778225,35.89743589743588,30.78544460658244,37.87000000000008,38.63000000000002,414697400.0,413072172.85,-64.63414634146336,-24.36323366555941,65.5118722460388,39.35,45.55,,,,0.0,0.0,0.0,0.0,0.0,0.0,,0.0,0.0,-0.0988,-0.0064,0.0,2.14,-0.03,0,False,0,False,False,False,True,1.2709904031034225,False,False,False,False,True,True,False,False,False,True,False,False,False,False,False,False,True,False,0.0,0.0,10.104986876640424,0.0,0.1653736552482089,False,False,False,True,False,False,False,-1.0,False,6,True,False,369.6943878940127,,3,False,3,False,True,False,True,"ema60_gt_ema120, market_above_ma60, avoid_chase, liquidity_ok, obv_uptrend, mfi_strong",long_upper_shadow,close_below_ema20,0.0,60.0,58.6,40.0,1.7,True,5,D
2026-09-08,24.1,24.55,24.0,24.0,1919007,46478898,1810,和成,,-0.3172533554066241,-0.1241060937210931,-0.1931472616855309,24.91689510893812,24.25329142300898,22.608154600751373,43.40759135295834,12.801397166566677,1.2032068172577068,7339190.55,192308313.2,27.55,24.0,-0.4207446596756062,0.3133070228981144,-0.0283400809716598,-0.0020790020790021,24.05,0.1925519324324031,27.15674399960117,25.234999999999992,23.313256000398813,0.1786772847329581,0.152307826399935,2.7777777777778163,5.555555555555354,24.18999999999996,24.72499999999991,234020487.0,245378142.35,-97.29729729729723,-99.34853420195428,49.25414151803579,27.675,26.2,,,,0.0,0.0,0.0,0.0,0.0,0.0,,0.0,0.0,-0.0371,-0.0073,0.0,1.7,0.16,0,False,0,False,False,False,True,0.2614739305276656,False,False,False,False,True,True,False,False,False,False,False,False,False,False,False,False,False,False,20.0,12.0,14.79166666666667,0.0,-0.127800164975861,False,False,False,True,False,False,False,-1.0,False,4,True,False,243.08113732556632,,3,False,3,False,True,False,True,"ema60_gt_ema120, market_above_ma60, avoid_chase, liquidity_ok",long_upper_shadow,close_below_ema20,-126.6,40.0,24.4,40.0,-0.77,False,5,X
2026-09-08,40.2,40.2,39.9,40.0,38077,1522100,1817,凱撒衛,,0.2796402713970565,0.3220214322028026,-0.0423811608057461,39.87560905805321,39.43766414584977,39.22772875954995,56.99957234124316,46.01122253796398,0.354549568579783,71892.0,2870901.35,40.45,40.0,0.0790807930915933,0.0203394898816882,-0.0074441687344912,-0.0024937655860349,40.1,1.3675292895035267,40.56078772926689,40.00500000000002,39.44921227073314,0.4955018798214454,0.0277859132241907,13.333333333333522,18.09523809523853,40.07999999999993,40.18500000000004,1098086.0,999850.0,-81.25000000000011,3.220611916263918,52.03332727387379,39.0625,39.7,,,,0.0,0.0,0.0,0.0,0.0,0.0,,0.0,0.0,0.052,0.0258,0.0,1.87,0.06,0,False,0,False,False,True,True,0.5296416847493463,False,True,True,False,True,False,False,False,False,True,False,False,False,False,False,False,True,False,20.0,0.0,1.125000000000007,15.0,0.4725851164723936,False,False,True,False,False,False,False,-1.0,False,8,False,False,615.9674382451622,,5,False,3,False,False,False,False,"ema60_gt_ema120, rsi_strong, market_above_ma60, avoid_chase, adx_trending, obv_uptrend, mfi_strong, above_ichimoku_cloud",,,246.3,100.0,90.2,40.0,-0.11,True,5,D
2026-09-08,47.6,47.95,47.5,47.85,92339,4412414,1903,士紙,,-0.0455432030675453,-0.0033626975366878,-0.0421805055308574,47.87917759799922,48.15018772091637,49.07138059881412,49.31709465007299,12.383568134873183,0.6859652267148655,108125.25,5202189.1,49.05,47.6,0.0168680366772112,-0.0057564238893174,-0.0020855057351407,0.0052521008403361,47.6,0.55321965018898,49.01996281402816,47.927499999999874,46.83503718597159,0.464529685127632,0.0455881410058226,35.29411764705885,23.529411764705703,47.66000000000022,47.90000000000018,-1177471.0,-1216067.75,-78.18181818181813,-24.92809204218425,60.05232422586781,48.175,49.4,,,,0.0,0.0,0.0,0.0,0.0,0.0,,0.0,0.0,-0.0391,-0.0351,0.0,10.87,-0.13,0,False,0,False,False,False,False,0.8540003375714739,False,False,False,False,True,False,False,False,False,True,False,False,False,False,False,False,True,False,0.0,0.0,2.507836990595602,8.0,0.0649016863731647,False,False,False,False,False,False,False,-1.0,False,4,False,False,252.31882361219272,,3,False,3,False,True,False,True,"market_above_ma60, avoid_chase, obv_uptrend, mfi_strong",,close_below_ema20,-38.1,42.9,26.3,42.9,1.65,False,7,D
2026-09-08,24.6,24.65,24.25,24.45,1460928,35788935,1904,正隆,,0.4366629338879484,0.6380600285603498,-0.2013970946724014,24.56521425203546,23.157580825819966,21.7350324903091,51.82746668321703,34.67071975899374,0.7168846142406529,2761689.05,69278431.5,25.75,24.45,-0.0372313130286702,0.2533838302900494,-0.0160965794768612,0.0,24.45,0.7612027919752145,25.83006023877861,25.0,24.169939761221386,0.1686987435940242,0.0664048191022894,18.918918918918827,19.509164336749865,24.67000000000008,24.93500000000004,76600307.0,75956761.35,-85.10638297872349,-105.66324591410098,49.943315575424286,21.975,21.45,,,,0.0,0.0,0.0,0.0,0.0,0.0,,0.0,0.0,0.2282,0.0974,0.0,12.0,-0.03,0,False,0,False,False,True,True,0.5289980057675212,False,False,True,False,True,True,False,False,False,True,False,False,False,False,False,False,False,False,20.0,12.0,5.316973415132927,0.0,0.0510727998195139,False,False,True,False,False,False,False,-1.0,False,7,False,False,542.9028536555094,,10,False,3,False,True,False,True,"ema60_gt_ema120, market_above_ma60, avoid_chase, liquidity_ok, adx_trending, obv_uptrend, above_ichimoku_cloud",,close_below_ema20,252.5,100.0,83.6,42.9,0.16,True,7,D
2026-09-08,13.25,13.3,13.15,13.2,1146696,15148884,1905,華紙,,-0.093704977965622,-0.0943095420023153,0.0006045640366932,13.529210084906955,13.745498846796345,13.585673998131895,41.65531149285022,14.316616713574197,0.384334899829397,1691626.15,22918751.45,13.85,13.2,-0.0087511592500959,-0.4102832708536931,-0.0364963503649634,0.0,13.2,0.9313884205647084,13.910384425927608,13.519999999999936,13.129615574072265,0.0901475843464829,0.0577491754330879,5.263157894736734,12.86549707602353,13.479999999999928,13.554999999999929,245036808.0,248104441.4,-94.73684210526326,-152.18693828639934,71.4937748700512,14.225,15.275,,,,0.0,0.0,0.0,0.0,0.0,0.0,,0.0,0.0,0.0148,0.0015,0.0,2.51,-0.08,0,False,0,False,False,False,True,0.6778660876104333,False,False,False,False,True,False,False,False,False,False,False,False,False,False,False,False,True,False,20.0,25.0,4.924242424242427,0.0,-0.1137999590041461,False,False,False,False,False,False,False,-1.0,False,4,False,False,290.4130613680546,,3,False,3,False,True,False,True,"ema60_gt_ema120, market_above_ma60, avoid_chase, mfi_strong",,close_below_ema20,0.0,57.1,36.1,42.9,0.84,False,7,D
2026-09-08,11.15,11.15,11.1,11.1,23634,262886,1906,寶隆,,-0.0121586773352149,0.0392668030462312,-0.0514254803814461,11.297993537412694,11.253521830830085,11.33727512175905,42.900290338044414,16.71389429003831,0.2330267246272108,118558.45,1367209.85,12.1,11.2,-0.2200241781196847,0.0209840411597662,-0.0176991150442479,-0.0089285714285713,11.2,0.534626636124323,11.8528972164434,11.419999999999982,10.987102783556566,0.1303972538458107,0.0758138732825599,15.38461538461532,24.90842490842503,11.179999999999836,11.309999999999944,-3364707.0,-3323176.9,-85.71428571428575,-139.62635201573102,59.42050494304226,11.0625,11.275,,,,0.0,0.0,0.0,0.0,0.0,0.0,,0.0,0.0,1.022,0.1782,0.0,0.99,0.01,0,False,0,False,False,False,False,0.1993447114060617,False,False,False,False,True,False,False,False,False,False,False,False,False,False,False,False,True,False,20.0,12.0,9.00900900900901,0.0,-0.1033434613258051,False,False,False,False,False,False,False,-1.0,False,3,False,False,232.75332557815096,,3,False,3,False,True,True,True,"market_above_ma60, avoid_chase, mfi_strong",,"close_below_ema20, close_below_swing_low",-57.7,28.6,21.6,42.9,-1.35,False,7,X
2026-09-08,29.1,29.35,29.0,29.15,501262,14623217,1907,永豐餘,,0.1149476938230371,0.3245373252854174,-0.2095896314623803,29.81124382169316,28.772019504069508,27.625771726115264,44.028880976182506,20.78827990566943,0.7302944969895466,1210949.2,36238315.25,31.2,29.1,-0.0283611761989371,0.2172592572632797,-0.0234505862646566,0.0017182130584192,29.1,1.3034312241000316,31.180891770422065,29.99249999999997,28.80410822957788,0.1455293527904803,0.0792459295105172,15.384615384615245,14.163614163614207,29.70000000000018,29.910000000000128,48257514.0,50504270.15,-89.4736842105264,-120.57761732851957,44.27753270979966,28.4375,26.825,,,,0.0,0.0,0.0,0.0,0.0,0.0,,0.0,0.0,0.0728,-0.023,0.0,12.99,0.0,0,False,0,False,False,True,True,0.4139413940733434,False,False,True,False,True,False,False,False,True,False,False,False,False,False,False,False,False,False,20.0,12.0,7.032590051457979,0.0,-0.2634492588232234,False,False,True,True,False,False,False,-1.0,False,6,True,False,447.9780228348548,,5,False,3,False,True,False,True,"ema60_gt_ema120, market_above_ma60, avoid_chase, adx_trending, kd_golden_cross, above_ichimoku_cloud",long_upper_shadow,close_below_ema20,157.6,85.7,73.8,42.9,-0.37,True,7,D
2026-09-08,10.85,10.9,10.75,10.75,1563028,16907100,1909,榮成,,0.2787988078838221,0.3039446939548035,-0.0251458860709813,10.70919297872952,10.235232635617749,9.99810214999052,51.220983191095065,14.830664707112192,0.7006998757700983,4679022.55,51345650.65,11.45,10.85,,,-0.0227272727272727,-0.0092165898617511,10.85,0.5662562172771632,15.257134322228396,10.437499999999954,5.617865677771513,0.5324194720083614,0.9235227443791068,0.0,16.666666666666668,11.019999999999982,10.99499999999998,113518217.0,117814715.65,-100.0,22.99762093576512,50.31653994698668,10.17,9.975,,,,0.0,0.0,0.0,0.0,0.0,0.0,,0.0,0.0,0.2032,-0.0817,0.0,10.46,-0.11,0,False,0,False,False,True,True,0.3340501105300294,False,False,False,False,True,True,False,False,False,False,False,False,False,False,False,False,True,True,20.0,0.0,6.511627906976737,0.0,-0.2111803784411568,False,False,True,False,False,False,False,-1.0,False,6,False,False,435.8063365640064,,3,False,3,True,False,True,True,"ema60_gt_ema120, market_above_ma60, avoid_chase, liquidity_ok, mfi_strong, above_ichimoku_cloud",,"macd_death_cross, close_below_swing_low",145.4,71.4,71.9,42.9,-0.73,True,7,D
2026-09-08,19.05,19.15,18.95,19.1,20868836,397961969,2002,中鋼,,-0.0011427130578347,0.0193653894683083,-0.020508102526143,19.08945523137904,19.04788843105997,19.067857792432108,50.518681223903805,11.478352603443795,0.2703404077123864,28920519.6,554770141.5,19.75,18.95,-0.057828880432523,0.0287150181050808,0.0026246719160105,0.0052631578947368,19.0,0.4973428395217573,19.53917341423115,19.12750000000005,18.71582658576896,0.4665997377418501,0.0430451877381879,44.4444444444448,37.03703703703771,19.050000000000185,19.08000000000011,265396860.0,281332233.8,-74.99999999999967,-32.26913834534838,59.0945437401115,18.95,19.525,,,,0.0,0.0,0.0,0.0,0.0,0.0,,0.0,0.0,0.2185,0.0616,0.0,14.92,-0.06,0,False,0,False,False,True,False,0.7215927061006192,False,False,False,False,True,True,False,False,True,False,False,False,False,False,False,False,True,False,0.0,0.0,3.403141361256537,8.0,-0.0956023343673915,False,False,False,False,False,False,False,-1.0,False,5,False,False,354.0686990485975,,3,False,3,False,False,False,False,"market_above_ma60, avoid_chase, liquidity_ok, kd_golden_cross, mfi_strong",,,-24.7,40.0,54.4,56.7,-0.35,False,30,D
2026-09-08,80.8,82.4,80.7,81.9,768679,62868127,2006,東和鋼鐵,,1.033795365521172,1.449503019569926,-0.4157076540487541,81.16090471764721,77.16056500172608,73.97004246284055,55.16866344741615,20.331318703291743,2.208731832353904,1794665.95,147014366.15,85.5,80.6,-0.0610748373418252,0.409602293621928,0.0086206896551723,0.0136138613861387,80.8,0.6240047906359114,84.19646649782364,81.77499999999982,79.353533502176,0.52581080516962,0.0592226596838598,58.53658536585388,47.15447154471561,81.9199999999997,81.51999999999971,101464283.0,99684014.8,-46.66666666666654,-5.95932115558912,52.68811242482496,74.725,72.45,,,,0.0,0.0,0.0,0.0,0.0,0.0,,0.0,0.0,0.1389,-0.0506,0.0,27.42,-0.14,0,False,0,False,False,True,True,0.4283131353776451,False,True,True,False,True,True,False,False,True,True,False,False,False,False,False,False,True,True,0.0,0.0,4.395604395604388,0.0,0.0714148182399615,False,False,True,False,False,False,False,-1.0,False,10,False,False,720.1401091726559,,5,False,3,False,False,False,False,"ema60_gt_ema120, rsi_strong, market_above_ma60, avoid_chase, liquidity_ok, adx_trending, kd_golden_cross, obv_uptrend, mfi_strong, above_ichimoku_cloud",,,341.3,93.3,96.6,56.7,-0.76,True,30,D
2026-09-08,6.9,7.0,6.9,6.92,209694,1453797,2007,燁興,,-0.040655104455884,-0.0390899273287878,-0.0015651771270961,7.007290268179718,7.143970244659073,7.3153172194494065,42.079994690742126,7.760526068815101,0.1064856659171625,174055.35,1218330.25,7.14,6.92,-0.0621734347908256,-0.1017234986347113,-0.0114285714285714,-0.0100143061516452,6.99,0.4980965181025543,7.117184235552148,7.006499999999994,6.89581576444784,0.1092487806936359,0.031594729337659,9.999999999999822,33.49206349206361,6.951999999999953,6.984999999999991,6434578.0,7037942.8,-91.30434782608712,-117.5131597666801,46.32968979225925,7.1975,7.505000000000001,,,,0.0,0.0,0.0,0.0,0.0,0.0,,0.0,0.0,0.0955,0.2451,0.0,0.84,0.0,0,False,0,False,False,False,False,1.2047546944118637,False,False,False,False,True,False,False,False,False,False,False,False,False,False,False,False,False,False,20.0,12.0,3.1791907514450832,8.0,-0.6742130668412513,False,False,False,True,False,False,False,-1.0,False,2,True,False,153.9569901420236,,3,False,3,True,True,False,True,"market_above_ma60, avoid_chase",long_upper_shadow,"macd_death_cross, close_below_ema20",-224.9,3.3,6.1,56.7,0.31,False,30,D
2026-09-08,30.7,31.25,30.7,30.75,10963,339776,2008,高興昌,,0.0495943803278251,0.0356515799461705,0.0139428003816546,30.783886203959216,30.4304898240906,29.79425550124416,49.96373342890782,42.19632073447375,0.528205743104995,21482.85,658879.5,31.4,30.5,0.0107702587767179,0.0172403668241931,-0.0144230769230768,-0.0207006369426751,31.4,0.8997129941223396,31.31372579671387,30.76500000000005,30.21627420328624,0.4863319711868066,0.0356720816976315,25.0,52.619047619047706,30.8,30.790000000000056,-2564908.0,-2597480.8,-75.0,61.40350877192909,79.73677972420144,30.65,29.7,,,,0.0,0.0,0.0,0.0,0.0,0.0,,0.0,0.0,0.0369,-0.0326,0.0,7.85,0.0,0,False,0,False,False,True,True,0.5103140412003063,False,False,True,False,True,False,False,False,False,True,False,False,False,False,False,False,True,True,10.0,0.0,2.1138211382113776,8.0,0.376604535425975,False,False,True,True,False,False,False,-1.0,False,7,True,False,552.6223948371148,,5,False,3,False,True,False,True,"ema60_gt_ema120, market_above_ma60, avoid_chase, adx_trending, obv_uptrend, mfi_strong, above_ichimoku_cloud",long_upper_shadow,close_below_ema20,173.8,66.7,84.4,56.7,-0.65,False,30,D
2026-09-08,39.85,41.2,39.25,40.6,4686373,189613901,2009,第一銅,,0.3162433154329491,0.5203408840338892,-0.20409756860094,39.95216049985958,39.4737750210137,39.8314424514403,54.034904744021865,27.292933219847416,1.470239872213304,2964338.85,122243531.45,43.2,38.95,0.0493463196323311,0.0716082318475426,-0.0024570024570025,0.042362002567394,38.95,0.4427851507107295,42.68345857342318,40.25750000000007,37.83154142657696,0.5705906530622761,0.1205220678593109,33.33333333333338,15.463828314295824,39.61000000000022,40.59000000000015,209801645.0,211183590.9,-66.66666666666661,0.3768607499525492,69.45087575610413,37.15,40.125,,,,0.0,0.0,0.0,0.0,0.0,0.0,,0.0,0.0,0.2141,0.1265,0.0,2.87,-0.36,0,False,0,False,False,True,False,1.5809167700244524,True,False,True,False,True,True,False,False,True,False,False,False,False,False,False,False,True,False,0.0,0.0,6.403940886699511,0.0,-0.2064446664111758,False,False,True,False,False,False,False,-1.0,False,8,False,False,593.3318317033104,,3,False,3,False,False,False,False,"volume_break, market_above_ma60, avoid_chase, liquidity_ok, adx_trending, kd_golden_cross, mfi_strong, above_ichimoku_cloud",,,214.5,80.0,88.2,56.7,0.83,False,30,D
2026-09-08,22.3,22.45,22.15,22.4,662880,14794147,2010,春源,,0.0742262158097801,0.141740238147434,-0.0675140223376538,22.48874789078033,22.51819379600745,22.58601210670494,48.94306973626675,18.93707706418897,0.3766749780636232,916903.7,20750652.05,23.0,22.3,-0.0800346022597911,-0.0709416437281407,-0.0022271714922049,0.0044843049327354,22.3,1.1920062217938892,23.04026306685701,22.659999999999947,22.27973693314288,0.1581314060436011,0.033562494868232,29.99999999999972,28.431372549019823,22.45,22.579999999999927,18425291.0,18901263.95,-70.00000000000028,-139.8133474203198,41.19213907431234,21.8,22.9,,,,0.0,0.0,0.0,0.0,0.0,0.0,,0.0,0.0,-0.0095,-0.0281,0.0,8.62,-0.09,0,False,0,False,False,False,False,0.7229548751957267,False,False,False,False,True,False,False,False,True,False,False,False,False,False,False,False,False,False,10.0,12.0,2.678571428571435,8.0,-0.1194703720659875,False,False,False,False,False,False,False,-1.0,False,3,False,False,205.7959042871654,,3,False,3,False,True,False,True,"market_above_ma60, avoid_chase, kd_golden_cross",,close_below_ema20,-173.0,10.0,15.2,56.7,-0.35,False,30,D
2026-09-08,14.55,14.55,14.3,14.45,59916,860571,2012,春雨,,-0.2251640068374989,-0.2075506637024783,-0.0176133431350205,14.804118180079064,15.11949584349299,15.36398203606524,34.97988597150119,29.77178591548364,0.2736497841059492,59186.9,874732.0,15.2,14.45,-0.2521596175357219,-0.1046628790748826,-0.0136518771331058,-0.0102739726027397,14.6,0.7683100146259348,15.27931706335808,14.817499999999972,14.355682936641864,0.102115178110037,0.0623340055148451,24.999999999999776,34.090909090909314,14.520000000000072,14.625,968425.0,1089806.3,-80.00000000000018,-123.1513083048921,30.55081804970437,16.225,16.1,,,,0.0,0.0,0.0,0.0,0.0,0.0,,0.0,0.0,-0.0215,0.0386,0.0,1.46,0.01,0,False,0,False,False,False,False,1.0123186042857455,False,False,True,False,True,False,False,False,False,False,False,False,False,False,False,False,False,False,10.0,12.0,5.190311418685122,0.0,-0.1670524699252616,False,False,False,False,False,False,False,-1.0,False,3,False,False,220.11855640375435,,5,False,3,False,True,False,True,"market_above_ma60, avoid_chase, adx_trending",,close_below_ema20,-158.7,16.7,18.5,56.7,0.05,False,30,D
2026-09-08,41.7,42.15,41.7,41.7,134269,5619843,2013,中鋼構,,0.1082717684448937,0.0940549929094356,0.0142167755354581,41.583619628796015,41.71963063239773,42.025039815630215,53.216383588713896,19.58100372228349,0.4720911572078752,69606.05,2895072.0,42.1,41.45,0.0778679643718854,-0.066680130735113,-0.0023923444976075,-0.001197604790419,41.75,0.7114397436479842,42.203561362413744,41.57000000000016,40.93643863758658,0.6025946401660277,0.0304816628536722,41.17647058823539,45.09803921568588,41.700000000000365,41.73000000000029,1256490.0,1342097.25,-45.4545454545454,70.73274036425204,57.84077219342199,41.5625,42.3,,,,0.0,0.0,0.0,0.0,0.0,0.0,,0.0,0.0,0.1108,0.188,0.0,7.04,0.02,0,False,0,False,False,False,False,1.9289846213080613,True,False,False,False,True,False,False,False,False,False,False,False,False,False,False,False,True,False,0.0,0.0,0.9592326139088694,25.0,-0.3111748235257763,False,False,False,False,False,False,False,-1.0,False,4,False,False,300.55574833077134,,3,False,3,False,False,False,False,"volume_break, market_above_ma60, avoid_chase, mfi_strong",,,-78.3,26.7,39.6,56.7,1.31,False,30,D
2026-09-08,17.0,17.15,16.9,17.0,1600249,27289001,2014,中鴻,,-0.0644379283735787,-0.0472824968583435,-0.0171554315152352,17.09227861856147,17.260535574243452,17.285926482627225,46.151189067747744,13.523276634808475,0.3206023260686496,1877249.7,32183829.2,17.65,16.9,-0.0826004694218251,-0.0596322584993834,-0.002932551319648,0.0,17.0,0.7030381936984696,17.476931365957004,17.119999999999983,16.763068634042963,0.3319004555984681,0.0416975894809603,29.99999999999972,28.33333333333333,16.969999999999892,17.039999999999964,265975763.0,268327535.65,-82.35294117647071,-54.96453900709218,53.23041817199464,17.150000000000002,18.025,,,,0.0,0.0,0.0,0.0,0.0,0.0,,0.0,0.0,0.1719,-0.3166,0.0,7.2,-0.07,0,False,0,False,False,False,False,0.8524433377190046,False,False,False,False,True,False,False,False,False,False,False,False,False,False,False,False,True,False,10.0,0.0,3.8235294117646976,0.0,-0.3616097283770016,False,False,False,False,False,False,False,-1.0,False,3,False,False,214.185116636666,,3,False,3,False,True,False,True,"market_above_ma60, avoid_chase, mfi_strong",,close_below_ema20,-164.6,13.3,17.2,56.7,-0.17,False,30,D
2026-09-08,64.7,65.0,64.2,64.7,157287,10165818,2015,豐興,,0.1962155815790822,0.1970222441076448,-0.0008066625285625,64.41401442114389,63.85860737406016,63.70829719404905,53.48084320601941,10.867836977979143,0.9687873640806092,187732.55,12016428.95,65.2,63.8,0.1279892489904143,0.0997189410792916,0.0077881619937694,0.0,64.7,1.043453346263375,65.63093175321049,64.19500000000043,62.75906824679038,0.6758440116915831,0.0447365605797973,47.36842105263174,50.87719298245611,64.62000000000117,64.5700000000008,-1453127.0,-1753943.05,-50.0,63.54334948842017,71.18193367986379,64.525,63.9,,,,0.0,0.0,0.0,0.0,0.0,0.0,,0.0,0.0,0.0545,-0.0104,0.0,12.82,0.03,0,False,0,False,False,True,True,0.8378248737366003,False,False,False,False,True,False,False,False,False,True,False,False,False,False,False,False,True,True,0.0,0.0,0.7727975270479135,25.0,0.2034757484713222,False,False,True,False,False,False,False,-1.0,False,6,False,False,445.8199577190219,,3,False,3,False,False,False,False,"ema60_gt_ema120, market_above_ma60, avoid_chase, obv_uptrend, mfi_strong, above_ichimoku_cloud",,,67.0,56.7,73.6,56.7,-0.19,False,30,D
2026-09-08,8.92,9.08,8.92,8.97,245375,2208188,2017,官田鋼,,0.0226022846400315,0.0400663271364179,-0.0174640424963863,9.045257683320894,9.042942128602508,9.08411683630623,47.89992743306379,24.1984061334208,0.2454696774242132,928272.2,8639568.9,9.45,8.93,0.1512839882538433,-0.0508135289662877,-0.0196721311475409,0.0044792833146698,8.93,1.105125361308523,9.403428122188314,9.040000000000031,8.676571877811748,0.4036948495089695,0.0804044518115668,4.8543689320389065,7.204905467552332,9.023999999999978,9.122000000000025,11330816.0,9437018.1,-95.14563106796108,-34.828322654838715,63.054097458991045,8.942499999999999,9.305,,,,0.0,0.0,0.0,0.0,0.0,0.0,,0.0,0.0,-0.2031,-0.2763,0.0,1.77,-0.14,0,False,0,False,False,False,False,0.264335180995402,False,False,True,False,True,False,False,False,False,True,False,False,False,False,False,False,True,False,20.0,0.0,5.351170568561858,0.0,0.9799533951374412,False,False,False,True,False,False,False,-1.0,False,5,True,False,324.40279255160334,,5,False,3,False,True,False,True,"market_above_ma60, avoid_chase, adx_trending, obv_uptrend, mfi_strong",long_upper_shadow,close_below_ema20,-54.4,33.3,45.8,56.7,-0.98,False,30,X
2026-09-08,21.75,21.95,21.65,21.8,354285,7714223,2020,美亞,,0.1070319922170206,0.1173619868974547,-0.010329994680434,21.690668989530845,21.659019487504608,22.035963255492167,54.63679877628287,21.20724958164124,0.2980918429292531,286159.95,6200966.5,21.95,21.65,0.1426209434417765,0.0149838455073718,-0.004566210045662,0.0069284064665127,21.65,1.4507044932228732,22.20044837218541,21.67750000000005,21.1545516278147,0.6171243726106547,0.0482480334157862,23.07692307692333,17.948717948718087,21.77000000000008,21.810000000000127,-8646623.0,-9126535.2,-71.4285714285715,38.82195448460323,50.54366534965029,21.2375,21.325000000000003,,,,0.0,0.0,0.0,0.0,0.0,0.0,,0.0,0.0,-0.6227,-0.0884,0.0,1.9,-0.03,0,False,0,False,False,True,False,1.238066333181845,False,False,True,False,True,False,False,False,True,True,False,False,False,False,False,False,True,False,10.0,0.0,0.6880733944954063,25.0,0.6681404819965415,False,False,True,True,False,False,False,-1.0,False,7,True,False,505.3983491157769,,5,False,3,False,False,False,False,"market_above_ma60, avoid_chase, adx_trending, kd_golden_cross, obv_uptrend, mfi_strong, above_ichimoku_cloud",long_upper_shadow,,126.6,63.3,79.2,56.7,0.36,False,30,D
2026-09-08,7.5,7.5,7.39,7.46,214036,1591097,2022,聚亨,,-0.0570797441690311,-0.0401428138931597,-0.0169369302758714,7.612550538477822,7.748437305189051,7.924377750576643,35.79523185333433,15.108897562561175,0.1353778081543476,336022.2,2566470.55,7.83,7.48,-0.1510794982149511,-0.066766659413747,-0.0145310435931308,-0.0026737967914438,7.48,1.314218306512016,7.82156181767953,7.635500000000024,7.4494381823205185,0.0283825499804435,0.0487359878670696,21.212121212121293,21.19221774394221,7.532000000000062,7.573000000000047,2506469.0,3467809.65,-84.44444444444439,-175.7854406130259,38.55774943618993,7.7075,7.845000000000001,,,,0.0,0.0,0.0,0.0,0.0,0.0,,0.0,0.0,0.1924,0.1613,0.0,1.99,-0.02,0,False,0,False,False,False,False,0.6369698192559896,False,False,False,False,True,False,False,False,True,False,False,False,False,False,False,False,False,False,10.0,25.0,4.959785522788205,0.0,-0.8059324699723379,False,False,False,False,False,False,False,-1.0,False,3,False,False,241.69850855289184,,3,False,3,False,True,True,True,"market_above_ma60, avoid_chase, kd_golden_cross",,"close_below_ema20, close_below_swing_low",-137.1,20.0,23.8,56.7,-0.47,False,30,D
2026-09-08,13.95,14.05,13.9,13.95,1092052,15275928,2023,燁輝,,0.0273510090800517,0.0213210561806896,0.0060299528993621,13.85428318634686,13.848451555071929,13.995431603066413,53.61532347743413,23.069178103258327,0.2325144017614013,1005214.55,13930548.95,14.15,13.65,0.0439756810785211,0.0144126116308285,0.0182481751824816,0.0,13.95,0.6964497161632578,14.092899156052882,13.849999999999955,13.607100843947029,0.7058467423786654,0.0350756904047548,63.63636363636349,57.57575757575796,13.879999999999928,13.859999999999946,-42982771.0,-43373911.5,-36.36363636363651,114.72868217054446,52.45765250424937,13.9,13.925,,,,0.0,0.0,0.0,0.0,0.0,0.0,,0.0,0.0,0.1099,0.0766,0.0,4.01,-0.02,0,False,0,False,False,True,False,1.0863869807694286,False,False,True,False,True,False,False,False,False,True,False,False,False,False,False,True,True,True,0.0,0.0,1.433691756272409,15.0,0.1104410918116216,False,False,True,False,False,False,False,-1.0,False,7,False,False,557.1891629094338,,5,False,3,False,False,False,False,"market_above_ma60, avoid_chase, adx_trending, obv_uptrend, cci_momentum, mfi_strong, above_ichimoku_cloud",,,178.4,73.3,84.7,56.7,0.15,False,30,D
2026-09-08,13.25,13.25,13.2,13.2,10921,144484,2024,志聯,,-0.092103290031428,-0.0878859006811579,-0.00421738935027,13.38647765693784,13.60011223841432,13.920590139772289,43.92804646157708,11.350878520689967,0.2639385235218173,15742.55,208936.95,13.6,13.25,-0.0358628947142689,-0.1173469278057613,-0.0149253731343284,-0.0112359550561798,13.35,5.9454774763121305,13.609228595823812,13.362500000000043,13.11577140417628,0.170690785846087,0.0369285082617422,16.666666666666618,22.22222222222202,13.260000000000035,13.340000000000009,-30732530.0,-30812092.8,-83.33333333333339,-92.30769230769148,18.89722884177057,13.825,7.325,,,,0.0,0.0,0.0,0.0,0.0,0.0,,0.0,0.0,0.2066,0.0186,0.0,0.65,0.01,0,False,0,False,False,False,False,0.6937249683183474,False,False,False,False,True,False,False,False,False,True,False,False,False,False,False,False,False,False,20.0,12.0,3.030303030303033,8.0,2.0,False,False,False,False,False,False,False,-1.0,False,3,False,False,275.9372496831835,,3,False,3,True,True,True,True,"market_above_ma60, avoid_chase, obv_uptrend",,"macd_death_cross, close_below_ema20, close_below_swing_low",-102.9,23.3,32.7,56.7,-0.39,False,30,D
2026-09-08,12.6,12.7,12.55,12.55,450964,5685434,2025,千興,,0.0558976674435776,0.1211942302375379,-0.0652965627939603,12.704948337916347,12.562787141834509,12.32417433651978,47.40574924894749,15.119424999098364,0.4116029356727089,500602.35,6405409.5,13.45,12.45,0.0189750047291974,-0.1031400370135766,-0.01953125,0.0080321285140563,12.45,0.7911182153914593,13.302945348186553,12.797499999999967,12.292054651813384,0.2551664083090909,0.0789912636353326,20.833333333333343,15.552503052502894,12.639999999999963,12.86999999999998,10635868.0,9761770.4,-80.76923076923075,-56.04719764011805,48.764383042402464,12.4125,13.525,,,,0.0,0.0,0.0,0.0,0.0,0.0,,0.0,0.0,2.0078,0.3191,0.0,1.54,-0.05,0,False,0,False,False,False,True,0.9008427547333728,False,False,False,False,True,False,False,False,True,True,False,False,False,False,False,False,False,False,10.0,0.0,7.171314741035845,0.0,0.5798226196224232,False,False,False,True,False,False,False,-1.0,False,5,True,False,370.9662989828028,,3,False,3,False,True,False,True,"ema60_gt_ema120, market_above_ma60, avoid_chase, kd_golden_cross, obv_uptrend",long_upper_shadow,close_below_ema20,-7.8,50.0,59.1,56.7,-0.11,False,30,D
2026-09-08,49.1,50.0,48.7,49.35,12192930,602117483,2027,大成鋼,,1.1071152268929794,1.4059490371464674,-0.298833810253488,48.84105960853611,45.74443236694617,43.163961806705046,55.974732375129406,33.195494116402664,1.646024232456372,18444486.05,914645929.5,51.0,48.4,0.0554987329338965,0.4529216447001125,-0.0090361445783131,0.005091649694501,49.1,1.1112680058886086,51.59743742272871,49.55,47.50256257727128,0.4511584584271575,0.0826412683240651,50.84745762711872,53.13917402721381,49.68000000000029,49.40499999999993,1088331452.0,1082577556.15,-66.29213483146063,-18.53674540682408,45.448973250285846,42.6375,41.85,,,,0.0,0.0,0.0,0.0,0.0,0.0,,0.0,0.0,0.4612,0.0597,0.0,24.96,-0.65,0,False,0,False,False,True,True,0.6610609787091356,False,True,True,False,True,True,False,False,False,True,False,False,False,False,False,False,False,True,0.0,0.0,3.343465045592702,8.0,0.0580849546367889,False,False,True,True,False,False,False,-1.0,False,8,True,False,595.3076292427328,,8,False,3,False,False,False,False,"ema60_gt_ema120, rsi_strong, market_above_ma60, avoid_chase, liquidity_ok, adx_trending, obv_uptrend, above_ichimoku_cloud",long_upper_shadow,,216.5,83.3,88.3,56.7,-0.44,False,30,D
2026-09-08,15.85,15.85,15.65,15.65,133372,2106364,2028,威致,,0.0058583506067027,0.0070486479931551,-0.0011902973864524,15.716166408792835,15.961819278792971,16.44154640310559,47.39193758591529,10.58735632370376,0.2356629421897901,84835.65,1335294.7,15.9,15.65,0.0311337522364744,-0.0906836301784981,-0.009493670886076,-0.0063492063492063,15.75,1.0137543318658755,15.967606358912246,15.732500000000028,15.497393641087807,0.3245474933520854,0.0298879846066701,0.0,22.222222222222623,15.709999999999855,15.764999999999963,-5022219.0,-4906389.6,-85.7142857142855,-21.13821138211368,55.36269660564189,15.6375,17.025,,,,0.0,0.0,0.0,0.0,0.0,0.0,,0.0,0.0,0.1283,-0.1425,0.0,0.84,0.01,0,False,0,False,False,False,False,1.5721220972551044,True,False,False,False,True,False,False,False,False,False,False,False,False,False,False,False,True,False,20.0,0.0,1.5974440894568689,15.0,-0.4664937103925857,False,False,False,False,False,False,False,-1.0,False,4,False,False,305.12329644784,,3,False,3,True,True,False,True,"volume_break, market_above_ma60, avoid_chase, mfi_strong",,"macd_death_cross, close_below_ema20",-73.7,30.0,41.3,56.7,0.82,False,30,D
2026-09-08,21.4,21.55,21.3,21.3,606380,12956757,2029,盛餘,,0.1457386003926721,0.2692149827354245,-0.1234763823427523,21.67619993195828,21.24394327854197,21.075459903418285,43.70002064867548,20.86417969026605,0.3506794664276162,411592.0,8990401.7,22.45,21.4,0.0364320373858602,0.1145557634318382,-0.0273972602739724,-0.0046728971962616,21.4,1.289668901922692,22.590113627683625,21.8474999999999,21.104886372316177,0.1313695442759381,0.0679815656421766,0.0,7.936507936507648,21.629999999999928,21.884999999999856,-4879723.0,-3340009.8,-100.0,-103.26582740375684,35.562930611588754,20.35,20.525,,,,0.0,0.0,0.0,0.0,0.0,0.0,,0.0,0.0,0.3025,-0.1738,0.0,67.69,0.1,0,False,0,False,False,True,True,1.4732550681257168,False,False,True,False,True,False,False,False,False,False,False,False,False,False,False,False,False,False,20.0,12.0,5.399061032863843,0.0,-1.2560133148962618,False,False,True,False,False,False,False,-1.0,False,5,False,False,386.66039090250206,,5,False,3,False,True,True,True,"ema60_gt_ema120, market_above_ma60, avoid_chase, adx_trending, above_ichimoku_cloud",,"close_below_ema20, close_below_swing_low",7.8,53.3,62.7,56.7,0.68,False,30,D
2026-09-08,22.65,23.95,22.65,23.8,4564495,107443232,2030,彰源,,1.0972090064486828,1.140832472451387,-0.0436234660027041,22.18807282609801,20.1392940098635,18.723810916275824,69.1074757823785,45.27239823812555,0.8202584989045593,3345774.75,74757004.0,23.65,22.6,0.6124454541241814,0.4422956134791089,0.0461538461538462,0.0415754923413567,22.85,0.6654731638749991,24.3999921185186,22.417500000000064,20.43500788148153,0.8486773004255478,0.1768700451449564,91.89189189189196,71.80710121886598,23.22000000000008,23.08000000000002,60307633.0,51997429.55,-5.882352941176413,86.78116055165235,62.64169492474544,17.6625,18.4,,,,0.0,0.0,0.0,0.0,0.0,0.0,,0.0,0.0,0.4119,0.0924,0.0,9.35,0.02,0,False,0,False,False,True,True,1.3642565148774586,False,True,True,True,True,True,False,False,False,True,False,False,False,False,False,False,True,True,-20.0,-12.0,-0.6302521008403451,25.0,0.4735294664032044,False,False,True,False,False,False,False,-1.0,False,10,False,False,737.324918745613,,8,False,3,False,False,False,False,"ema60_gt_ema120, rsi_strong, breakout_20d, market_above_ma60, avoid_chase, liquidity_ok, adx_trending, obv_uptrend, mfi_strong, above_ichimoku_cloud",,,358.5,96.7,97.0,56.7,0.53,True,30,D
2026-09-08,44.75,44.9,44.3,44.85,348694,15598349,2031,新光鋼,,0.7447154490218892,1.083552853564853,-0.3388374045429638,44.682800671944,42.61418044921872,41.37038063848957,54.215790860569,27.0255802391455,1.1262671241892186,1193151.15,53992052.3,46.55,44.3,-0.0144967718066541,0.3672673027844316,-0.0066445182724251,0.0124153498871333,44.3,0.4676270234670073,46.92292184365405,45.33000000000002,43.73707815634599,0.3493334742340724,0.0702811314208705,23.636363636363583,16.28045157456957,44.93000000000029,45.264999999999965,18824263.0,17833668.15,-78.68852459016396,-72.96446243814621,46.32789458560346,39.3125,40.575,,,,0.0,0.0,0.0,0.0,0.0,0.0,,0.0,0.0,0.3757,0.1267,0.0,10.15,0.01,0,False,0,False,False,True,True,0.292246292517088,False,False,True,False,True,True,False,False,True,True,False,False,False,False,False,False,False,False,10.0,0.0,3.79041248606465,0.0,0.0979854516673396,False,False,True,False,False,False,False,-1.0,False,8,False,False,599.098288345179,,5,False,3,False,False,False,False,"ema60_gt_ema120, market_above_ma60, avoid_chase, liquidity_ok, adx_trending, kd_golden_cross, obv_uptrend, above_ichimoku_cloud",,,220.3,86.7,88.7,56.7,-0.95,False,30,X
2026-09-08,17.0,17.2,16.95,17.05,179347,3065055,2032,新鋼,,0.1478627919751609,0.183834136835061,-0.0359713448599001,17.037516919972102,16.818505282633584,16.603012097575817,51.57188492601018,13.255225177482066,0.4225730274536815,354384.2,6070813.1,17.4,16.9,0.079230313821488,0.0184085500436445,-0.0172910662824208,-0.0029239766081872,17.1,0.7907365002166579,17.607774924404694,17.107500000000073,16.60722507559545,0.4425315989318243,0.0584860352950015,45.4545454545454,58.28877005347628,17.120000000000072,17.180000000000017,27025233.0,27022639.45,-59.99999999999979,-13.752455795677838,58.55365346448488,15.95,17.125,,,,0.0,0.0,0.0,0.0,0.0,0.0,,0.0,0.0,0.0095,-0.0615,0.0,3.67,-0.19,0,False,0,False,False,True,True,0.5060806886988753,False,False,False,False,True,False,False,False,False,True,False,False,False,False,False,False,True,False,0.0,0.0,2.052785923753653,8.0,0.0013220696047338,False,False,False,True,False,False,False,-1.0,False,5,True,False,328.0766717222456,,3,False,3,False,False,False,False,"ema60_gt_ema120, market_above_ma60, avoid_chase, obv_uptrend, mfi_strong",long_upper_shadow,,-50.7,36.7,47.3,56.7,-0.65,False,30,D
2026-09-08,25.7,26.3,25.0,25.45,531067,13620005,2033,佳大,,2.01445481463724,2.007069246569558,0.0073855680676819,23.289835517212417,19.77783647824344,18.113306121875794,65.99118369826948,53.68565549599304,1.4048500663402268,1577216.9,37849585.65,26.05,23.0,1.0734337738055515,0.9213885129477218,0.0648535564853556,-0.0097276264591439,25.7,0.7153375752487211,26.862405013827026,23.57249999999999,20.28259498617296,0.7853425846808839,0.2791307679564774,48.11320754716981,55.94721597138111,25.47999999999993,24.92999999999993,23724694.0,18681524.75,-40.44117647058823,92.45601905200904,74.3928461298803,15.275000000000002,15.725,,,,0.0,0.0,0.0,0.0,0.0,0.0,,0.0,0.0,-0.1648,0.1249,0.0,1.03,-0.77,0,False,0,False,False,True,True,0.3367114567438378,False,True,True,False,False,False,False,False,False,True,False,False,False,False,False,False,True,True,0.0,0.0,2.357563850687628,8.0,0.5042348950942714,False,False,True,True,False,False,False,-1.0,False,7,True,False,492.4179333085696,,8,True,3,False,False,False,False,"ema60_gt_ema120, rsi_strong, market_above_ma60, adx_trending, obv_uptrend, mfi_strong, above_ichimoku_cloud",long_upper_shadow,,113.6,60.0,77.8,56.7,-0.89,False,30,D
2026-09-08,20.95,21.15,20.85,20.95,1114968,23410430,2034,允強,,0.2965285492930185,0.2381023627811684,0.0584261865118501,20.42223703296974,20.16460262599024,20.220988559874662,64.5070355276928,28.1873219720396,0.4507871509507307,1186896.95,24273915.75,21.1,20.35,0.2630563898926077,-0.0045680077298133,0.0169902912621358,0.0023923444976077,20.9,1.2812628711215357,21.110832851634672,20.390000000000008,19.669167148365343,0.8884395659340821,0.0707045465065879,64.00000000000006,75.179487179487,20.81999999999989,20.64000000000005,17793136.0,12884039.5,-28.125,146.54030367879386,78.40253699419286,19.1875,19.6,,,,0.0,0.0,0.0,0.0,0.0,0.0,,0.0,0.0,0.4122,0.1057,0.0,5.54,0.44,0,False,0,False,False,True,False,0.939397476756512,False,True,True,False,True,False,False,False,False,True,False,False,False,False,False,False,True,True,0.0,-12.0,0.7159904534606307,25.0,1.273703946723575,False,False,True,False,False,False,False,-1.0,False,7,False,False,577.678422128248,,5,False,3,False,False,False,False,"rsi_strong, market_above_ma60, avoid_chase, adx_trending, obv_uptrend, mfi_strong, above_ichimoku_cloud",,,198.9,76.7,86.5,56.7,-0.05,False,30,D
2026-09-08,12.6,12.6,12.05,12.4,205429,2552404,2038,海光,,-0.0551694085299807,-0.0206621004566491,-0.0345073080733316,12.70543789809058,12.984035266233787,13.462224057555716,40.59877476271152,14.46763122157244,0.3309969372408338,196973.45,2514862.05,13.0,12.45,-0.0440352654287496,-0.138958579657076,-0.03125,-0.004016064257028,12.45,1.2882583736794289,13.068973980877631,12.737500000000022,12.406026019122413,-0.0090897317286505,0.0520469449856895,31.818181818181795,23.42657342657367,12.589999999999964,12.740000000000007,19774678.0,20338816.3,-68.1818181818182,-217.064544650752,48.16254300922385,12.7375,13.55,,,,0.0,0.0,0.0,0.0,0.0,0.0,,0.0,0.0,-0.0143,-0.0102,0.0,1.86,-0.06,0,False,0,False,False,False,False,1.042927358991783,False,False,False,False,True,False,False,False,True,False,False,False,False,False,False,False,False,False,0.0,25.0,4.838709677419352,0.0,-0.3863741283150257,False,False,False,False,False,False,False,-1.0,False,3,False,False,200.7927840501376,,3,False,3,False,True,True,True,"market_above_ma60, avoid_chase, kd_golden_cross",,"close_below_ema20, close_below_swing_low",-178.0,6.7,13.8,56.7,0.09,False,30,D
2026-09-08,367.0,367.0,349.0,350.0,2971158,1058022887,2049,上銀,,2.551429926693629,3.909434841002637,-1.3580049143090074,354.4810614297968,343.54123554984994,322.276351352884,48.82832508019081,17.324891070965876,20.22340908382246,4857605.7,1790480540.25,381.5,344.5,-0.3226759601139863,0.1912511403699913,-0.0250696378830083,-0.0397805212620027,364.5,0.7677078625929056,382.253048574417,359.7,337.146951425583,0.2849514674702745,0.1253992136470225,26.666666666666668,56.73504273504295,354.8,354.95,156280121.0,163544095.6,-70.58823529411765,-40.50373486503245,60.00568434075089,315.75,352.5,,,,0.0,0.0,0.0,0.0,0.0,0.0,,0.0,0.0,0.3394,0.05,0.0,39.17,0.64,0,False,0,False,False,True,True,0.6116507150837706,False,False,False,False,True,True,False,False,False,False,False,False,False,False,False,False,True,False,10.0,0.0,9.0,0.0,-0.929113378762718,False,False,False,False,False,False,False,-1.0,False,5,False,False,334.9671466056851,,3,False,3,False,True,False,True,"ema60_gt_ema120, market_above_ma60, avoid_chase, liquidity_ok, mfi_strong",,close_below_ema20,26.3,60.4,49.6,34.0,-0.39,False,53,D
2026-09-08,19.5,19.55,19.25,19.3,307101,5955068,2062,橋椿,,0.1178456866399777,0.0918204108827572,0.0260252757572205,19.1388650380958,19.150622750019533,19.60313504284836,56.37421725252915,27.49980656532127,0.2847440859695275,136654.5,2615101.15,19.45,19.05,0.1887921292094469,0.0025046687335059,0.0104712041884815,-0.0077120822622107,19.45,1.0420119611105256,19.61178522772332,19.08749999999996,18.5632147722766,0.7026568638246773,0.0549349289035608,50.0,63.88888888888869,19.289999999999964,19.255000000000017,-4653350.0,-5027435.65,-50.0,85.95387840670762,71.00436803736996,18.65,18.925,,,,0.0,0.0,0.0,0.0,0.0,0.0,,0.0,0.0,0.0717,-0.1211,0.0,7.15,0.06,0,False,0,False,False,True,False,2.247280550585601,True,True,True,False,True,False,False,False,False,True,False,False,False,False,False,False,True,True,0.0,0.0,0.7772020725388528,25.0,0.9084447412064712,False,False,True,False,False,False,False,-1.0,False,8,False,False,628.3741424003338,,8,False,3,False,False,False,False,"volume_break, rsi_strong, market_above_ma60, avoid_chase, adx_trending, obv_uptrend, mfi_strong, above_ichimoku_cloud",,,307.9,100.0,91.1,42.9,1.96,True,7,D
2026-09-08,21.35,22.4,20.95,22.4,2647458,58970512,2069,運錩,,0.5627682158689318,0.5526755296364687,0.010092686232463,20.69692648410078,19.786573325180527,19.225435798798976,69.52140961154362,36.67030386095488,0.6281934418054256,652491.65,13784872.05,21.85,20.4,0.4489859595126844,0.2533340439204024,0.0591016548463356,0.0980392156862746,20.4,0.9465045322887092,22.201509302688045,20.70999999999999,19.21849069731193,1.0665402143165403,0.1440375956241482,100.0,40.229885057471016,21.109999999999854,21.29499999999989,15789819.0,12918041.9,-0.0,134.08450704225334,76.73279891320982,18.225,19.025,,,,0.0,0.0,0.0,0.0,0.0,0.0,,0.0,0.0,-0.0384,-0.1347,0.0,3.58,-0.02,0,False,0,True,True,True,True,4.05745881958796,True,True,True,True,False,False,False,False,False,True,False,False,False,True,False,True,True,False,-20.0,-25.0,-2.4553571428571304,25.0,1.3675290062941683,False,False,True,False,False,False,False,-1.0,False,13,False,False,946.9849362714097,,10,False,3,False,False,False,False,"macd_golden_cross, ema60_gt_ema120, volume_break, rsi_strong, breakout_20d, market_above_ma60, hist_turn_positive, adx_trending, obv_uptrend, breakout_volume_confirm, cci_momentum, mfi_strong, above_ichimoku_cloud",,,568.2,100.0,99.7,56.7,4.24,True,30,D
2026-09-08,31.05,31.2,30.65,30.65,2030971,62605105,2101,南港,,-0.5976540348319546,-0.4160013608732112,-0.1816526739587433,32.112381288629344,32.76069909618971,33.38860841150356,34.147393823976,16.38501748803554,0.7876683875893877,2048324.25,65590682.1,34.3,31.1,-0.3829356982209184,-0.0343795247964877,-0.0238853503184713,-0.0144694533762058,31.1,0.7379718234578277,34.34055077401644,32.27499999999982,30.209449225983203,0.1066424460629721,0.1279969495904961,0.0,4.654403567446934,31.22999999999993,31.64499999999989,-36542643.0,-30149863.55,-100.0,-111.5565737558866,27.08481426906407,32.9875,32.4,,,,0.0,0.0,0.0,0.0,0.0,0.0,,0.0,0.0,0.4309,-0.6452,0.0,6.51,0.03,0,False,0,False,False,False,False,0.9915280747176624,False,False,False,False,True,True,False,False,False,False,False,False,False,False,False,False,False,False,20.0,12.0,11.90864600326264,0.0,-0.8191482308639066,False,False,False,False,False,False,False,-1.0,False,3,False,False,222.08550197680967,,3,False,3,False,True,True,True,"market_above_ma60, avoid_chase, liquidity_ok",,"close_below_ema20, close_below_swing_low",-110.1,36.4,18.8,45.5,0.35,False,11,D
2026-09-08,18.0,18.0,17.7,17.8,219698,3903757,2102,泰豐,,-0.2025605674601607,-0.1173189571922282,-0.0852416102679324,18.45973049579846,18.639154827163576,18.80825440256321,26.804830770370074,16.265801519841,0.3041083306957714,200642.35,3707464.35,19.0,17.9,-0.2431911984696949,0.01451608222883,-0.0378378378378377,-0.0055865921787707,17.9,1.9399551983028789,19.1520452836712,18.547499999999943,17.942954716328693,-0.1182332574497674,0.0651888700548597,9.523809523809652,11.636141636141474,18.129999999999928,18.340000000000053,3892760.0,5400443.85,-91.99999999999989,-228.5865818085391,17.67603734073832,18.9625,18.675,,,,0.0,0.0,0.0,0.0,0.0,0.0,,0.0,0.0,0.0252,0.1671,0.0,3.78,0.13,0,False,0,False,False,False,False,1.0949732197614312,False,False,False,False,True,False,False,False,False,False,False,False,False,False,False,False,False,False,20.0,25.0,6.741573033707861,0.0,-1.3575884966296334,False,False,False,False,False,False,False,-1.0,False,2,False,False,149.6586702380587,,3,False,3,False,True,True,True,"market_above_ma60, avoid_chase",,"close_below_ema20, close_below_swing_low",-182.5,9.1,5.4,45.5,0.54,False,11,D
2026-09-08,27.25,27.25,25.3,25.75,14934234,386436309,2103,台橡,,0.7186777860552773,1.0861463807131837,-0.3674685946579061,27.20670365234296,24.955007576229256,22.83310866074235,43.92389507991503,37.54874891320672,1.1125234625752072,6865111.9,189799932.1,28.8,27.4,0.008996866101958,0.536270845250675,-0.1059027777777777,-0.0602189781021896,27.4,0.8630097063374115,29.153952034560263,27.82750000000005,26.50104796543984,-0.2831040798579848,0.0953338988094661,10.843373493975893,17.05361127047824,27.529999999999927,27.89999999999991,172885621.0,191056413.25,-89.15662650602411,-277.88649706457926,37.97940273344285,23.1125,23.125,,,,0.0,0.0,0.0,0.0,0.0,0.0,,0.0,0.0,0.3252,-0.0694,0.0,25.85,-0.35,0,False,0,False,False,True,True,2.175381001437136,True,False,True,False,True,True,False,False,False,False,False,False,False,False,False,False,False,False,20.0,25.0,11.84466019417476,0.0,-0.5288755107666527,False,False,True,False,False,False,False,-1.0,False,7,False,False,565.4073038851715,,8,False,3,False,True,True,True,"ema60_gt_ema120, volume_break, market_above_ma60, avoid_chase, liquidity_ok, adx_trending, above_ichimoku_cloud",,"close_below_ema20, close_below_swing_low",233.2,90.9,85.5,45.5,2.51,True,11,D
2026-09-08,10.05,10.15,10.0,10.1,2038819,20533571,2104,國際中橡,,-0.010078711297929,0.025149339024774,-0.035228050322703,10.292760494572416,10.369648590639107,10.580693094667666,44.83667454190881,15.693445377131264,0.30180492296198,2906038.35,30070972.9,10.65,10.05,-0.0545512565552742,-0.0323520935540068,-0.0334928229665071,0.0049751243781093,10.05,1.8082085994110275,10.65000000000363,10.349999999999977,10.049999999996324,0.0833333333384453,0.0579710144934596,17.808219178082087,16.255707762556995,10.240000000000055,10.34499999999998,-13712479.0,-7604074.35,-82.19178082191792,-171.05330665435253,38.09920131286877,10.3625,10.55,,,,0.0,0.0,0.0,0.0,0.0,0.0,,0.0,0.0,-0.0309,0.7721,0.0,5.59,-0.34,0,False,0,False,False,False,False,0.7015802114242573,False,False,False,False,True,False,False,False,True,False,False,False,False,False,False,False,False,False,20.0,25.0,5.445544554455452,0.0,-0.490326635398686,False,False,False,False,False,False,False,-1.0,False,3,False,False,216.13188248945835,,3,False,3,False,True,False,True,"market_above_ma60, avoid_chase, kd_golden_cross",,close_below_ema20,-116.0,27.3,17.7,45.5,-0.18,False,11,D
2026-09-08,30.85,30.85,30.5,30.6,3924204,120088356,2105,正新,,-0.1544887535673922,-0.1186997525349109,-0.0357890010324812,31.00382002859413,31.31496064935346,31.59175047956904,43.42306608256148,7.7306049432534225,0.5779416024626509,5114981.75,158282751.2,32.1,30.55,-0.0761918768786886,-0.0133324443558393,-0.017656500802568,-0.0032573289902279,30.7,0.7723990633802281,31.86203974732418,31.047500000000127,30.23296025267608,0.2253049949555775,0.0524705530122585,22.727272727272773,34.84848484848468,30.78000000000065,30.900000000000183,-86110223.0,-77879635.55,-82.75862068965516,-81.65096455809756,31.82631099844773,31.575,32.175,,,,0.0,0.0,0.0,0.0,0.0,0.0,,0.0,0.0,0.124,0.0028,0.0,8.99,-0.12,0,False,0,False,False,False,False,0.7671980452325172,False,False,False,False,True,True,False,False,False,False,False,False,False,False,False,False,False,False,10.0,0.0,4.901960784313726,0.0,-0.2781186794925586,False,False,False,False,False,False,False,-1.0,False,3,False,False,204.33455629841444,,3,False,3,False,True,False,True,"market_above_ma60, avoid_chase, liquidity_ok",,close_below_ema20,-127.8,18.2,14.6,45.5,-0.06,False,11,D
2026-09-08,16.95,17.15,16.85,16.95,405612,6896727,2106,建大,,-0.202352045486208,-0.1731746619733039,-0.0291773835129041,17.36206216451039,17.607189025023487,17.94306072540301,39.47183183612616,13.713568638530043,0.387419590677057,2270223.8,39216368.05,18.9,16.85,-0.2193573910590066,-0.0100465935066209,-0.0286532951289398,0.0,16.95,0.9204523304904962,17.951027589927136,17.35749999999998,16.763972410072824,0.1567135151627965,0.0683886031890717,21.42857142857125,38.09523809523731,17.159999999999854,17.15500000000002,-13389063.0,-18651650.25,-85.71428571428586,-117.64705882352924,60.16090493751243,18.0875,17.75,,,,0.0,0.0,0.0,0.0,0.0,0.0,,0.0,0.0,0.2823,0.0411,0.0,7.53,-0.65,0,False,0,False,False,False,False,0.1786660856960446,False,False,False,False,True,False,False,False,False,True,False,False,False,False,False,False,True,True,10.0,12.0,11.504424778761058,0.0,1.5316676719956612,False,False,False,False,False,False,False,-1.0,False,4,False,False,332.1666729209084,,3,False,3,False,True,False,True,"market_above_ma60, avoid_chase, obv_uptrend, mfi_strong",,close_below_ema20,0.0,54.5,48.5,45.5,-1.13,False,11,X
2026-09-08,29.25,29.25,28.85,29.15,408270,11865108,2108,南帝,,0.2129437908918383,0.4038862743626004,-0.190942483470762,29.69575406178088,28.96305900313372,27.991477401221434,46.60878588155841,24.3664040558747,0.9575777476427008,1065012.5,32126434.45,31.4,29.0,-0.0277893243592804,0.1046630828421182,-0.0442622950819672,0.0051724137931032,29.0,1.2937582581304237,31.3218889573784,29.99249999999997,28.663111042621544,0.1831250946820733,0.0886480925150239,9.999999999999906,10.76923076923049,29.65,30.04999999999991,21132871.0,22202991.95,-90.0000000000001,-125.34878729341038,51.48097700490419,27.9875,29.4,,,,0.0,0.0,0.0,0.0,0.0,0.0,,0.0,0.0,0.3274,-0.0268,0.0,6.58,-0.11,0,False,0,False,False,True,True,0.3833476132909238,False,False,True,False,True,False,False,False,False,False,False,False,False,False,False,False,True,False,20.0,12.0,7.718696397941681,0.0,-0.3855483725759847,False,False,False,False,False,False,False,-1.0,False,5,False,False,376.2068956619975,,3,False,3,False,True,False,True,"ema60_gt_ema120, market_above_ma60, avoid_chase, adx_trending, mfi_strong",,close_below_ema20,44.0,72.7,60.2,45.5,-0.76,False,11,D
2026-09-08,26.4,26.8,26.4,26.75,163017,4344425,2107,厚生,,0.2693136687729627,0.2845831567314195,-0.0152694879584567,26.504350044202194,26.062243387177883,25.74761546722909,59.37487015044261,27.600668135631967,0.3933834372378261,297392.15,7866654.0,27.05,26.5,0.2840984185312479,0.0800035338039421,-0.0092592592592593,0.009433962264151,26.5,0.6481063411084428,27.51066017177806,26.44999999999996,25.389339828221846,0.6414213562375602,0.0802011472043938,44.44444444444436,36.056644880174645,26.739999999999963,26.84999999999991,3382490.0,2621380.95,-38.46153846153844,30.44468416636742,70.57483894845467,25.675,25.575000000000003,,,,0.0,0.0,0.0,0.0,0.0,0.0,,0.0,0.0,0.1825,-0.4034,0.0,6.61,-0.04,0,False,0,False,False,True,True,0.5481550202317041,False,True,True,False,True,False,False,False,True,True,False,False,False,False,False,False,True,False,0.0,0.0,1.1214953271028063,15.0,0.5804307731409428,False,False,True,False,False,False,False,-1.0,False,9,False,False,682.4467194800084,,5,False,3,False,False,False,False,"ema60_gt_ema120, rsi_strong, market_above_ma60, avoid_chase, adx_trending, kd_golden_cross, obv_uptrend, mfi_strong, above_ichimoku_cloud",,,350.3,100.0,94.7,45.5,-0.46,True,11,D
2026-09-08,14.9,14.95,14.85,14.95,46841,698799,2109,華豐,,0.0750092098618413,0.0656330529307942,0.009376156931047,14.767972941815696,14.647795116573388,14.670766874479584,64.62182198488043,10.874047536000132,0.1447501401911584,94273.85,1392851.05,14.9,14.75,0.0682380989632005,0.0227178142176515,0.010135135135135,0.0033557046979864,14.9,1.7718940725106311,14.960741756198429,14.775000000000045,14.58925824380166,0.9710841643304032,0.0251427081148404,100.0,83.33333333333333,14.839999999999964,14.825000000000092,-595835.0,-811484.1,-0.0,159.0909090909067,72.16756412293579,14.4875,14.5,,,,0.0,0.0,0.0,0.0,0.0,0.0,,0.0,0.0,0.2439,0.3094,0.0,15.3,0.03,0,False,0,False,False,True,False,0.4968610065251392,False,True,False,True,True,False,False,False,False,True,False,False,False,False,False,True,True,True,-20.0,-25.0,-0.3344481605351099,25.0,0.6989703145976431,False,False,True,False,False,False,False,-1.0,False,8,False,False,558.356253840423,,3,False,3,False,False,False,False,"rsi_strong, breakout_20d, market_above_ma60, avoid_chase, obv_uptrend, cci_momentum, mfi_strong, above_ichimoku_cloud",,,226.2,81.8,84.8,45.5,-0.55,True,11,D
2026-09-08,89.4,90.0,89.1,89.8,35836,3210009,2114,鑫永銓,,0.3457129730515333,0.2400215973902867,0.1056913756612465,88.96375360490694,88.81960191335985,89.003330004756,59.79092150801954,21.6564998081408,0.9385906359460708,32944.2,2936770.95,90.0,88.3,0.0964163839124737,-0.0106776895467019,0.0055991041433369,-0.0022222222222222,90.0,0.686352338342702,90.0965953635212,88.84999999999982,87.60340463647846,0.8810378362537089,0.0280606722233284,48.38709677419342,39.78494623655873,89.4,89.39999999999964,245169.0,305228.4,-47.05882352941194,89.7214217098949,76.89561072588268,88.475,90.85,,,,0.0,0.0,0.0,0.0,0.0,0.0,,0.0,0.0,0.0817,0.0169,0.0,4.28,0.0,0,False,0,False,False,True,False,1.0877787288809564,False,True,True,False,True,False,False,False,False,False,False,False,False,False,False,False,True,True,0.0,-12.0,0.2227171492204931,25.0,-0.4085020828098081,False,False,False,False,False,False,False,-1.0,False,5,False,False,358.97576229509184,,5,False,3,False,False,False,False,"rsi_strong, market_above_ma60, avoid_chase, adx_trending, mfi_strong",,,26.8,63.6,55.3,45.5,0.53,False,11,D
2026-09-08,24.2,24.25,23.8,23.8,60450,1451859,2115,六暉-KY,,0.3950841341971731,0.4663960883403323,-0.0713119541431592,23.540018627903496,22.69437939339757,22.58917054559569,64.40196854413689,57.71371178658591,0.4217905250402145,69291.65,1644796.35,24.25,23.8,0.2075559252011737,0.273720466579341,-0.0062630480167014,0.0,23.8,0.2113311404509567,24.462403840463782,23.65,22.83759615953621,0.5923186182344792,0.0687022275233646,29.411764705882423,29.411764705882888,23.83000000000011,23.880000000000017,-1721100.0,-1830530.2,-57.57575757575759,46.95627723885826,66.98325541252234,21.65,21.625,,,,0.0,0.0,0.0,0.0,0.0,0.0,,0.0,0.0,0.2975,0.0795,0.0,44.5,-0.01,0,False,0,False,False,True,True,0.8723994882500273,False,True,True,False,True,False,False,False,False,True,False,False,False,False,False,False,True,False,10.0,0.0,1.8907563025210048,15.0,0.1801558469411682,False,False,True,False,False,False,False,-1.0,False,8,False,False,625.8858650457943,,5,False,3,False,False,False,False,"ema60_gt_ema120, rsi_strong, market_above_ma60, avoid_chase, adx_trending, obv_uptrend, mfi_strong, above_ichimoku_cloud",,,359.8,100.0,91.1,25.6,0.36,True,43,D
2026-09-08,30.8,31.0,30.4,30.45,5930444,181489754,2201,裕隆,,0.7742527953688203,0.625123678581517,0.1491291167873033,29.728508249919564,28.749275380361272,28.830526298299144,58.97939418030718,25.5318597210742,0.762996483316528,4677547.4,140784449.6,31.95,28.4,0.5283441197279078,0.1416808485058687,-0.0333333333333333,-0.0113636363636364,30.8,0.9555965201264692,31.873586994335763,29.53000000000002,27.186413005664274,0.6962803177828568,0.1587258377470872,59.210526315789465,67.98245614035113,31.140000000000143,30.279999999999927,-25616361.0,-28475448.65,-40.789473684210535,78.06052269601098,59.76606882888459,27.950000000000003,28.0,,,,0.0,0.0,0.0,0.0,0.0,0.0,,0.0,0.0,-0.0392,0.0039,0.0,4.72,-0.48,0,False,0,False,False,True,False,1.2678533198829796,False,True,True,False,True,True,False,False,False,True,False,False,False,False,False,False,True,True,0.0,0.0,4.926108374384237,0.0,0.3036613533480437,False,False,True,False,False,False,False,-1.0,False,8,False,False,566.3224694390063,,5,True,3,False,False,False,False,"rsi_strong, market_above_ma60, avoid_chase, liquidity_ok, adx_trending, obv_uptrend, mfi_strong, above_ichimoku_cloud",,,300.2,95.3,85.6,25.6,1.47,True,43,D
2026-09-08,53.5,53.7,53.3,53.3,375041,20049209,2204,中華,,0.1622033763986721,0.15098608640312,0.011217289995552,53.69528795638515,53.93989704971415,54.641429638582025,47.1565340464335,15.60715000266341,0.981336170497789,951040.4,50897918.55,55.1,53.4,0.2039714733956022,-0.113174642948878,-0.0273722627737226,-0.0055970149253732,53.6,0.7659777957353161,55.720535226717935,53.59499999999999,51.469464773282034,0.4306057137299252,0.0793184150281911,14.28571428571414,31.746031746031804,53.95999999999985,54.01999999999989,-9571565.0,-9408544.65,-88.46153846153858,-7.430181911350608,62.92061978004572,53.975,54.45,,,,0.0,0.0,0.0,0.0,0.0,0.0,,0.0,0.0,0.1364,-0.0537,0.0,18.84,-0.03,0,False,0,False,False,False,False,0.3943481265359495,False,False,False,False,True,True,False,False,False,False,False,False,False,False,False,False,True,False,20.0,0.0,3.3771106941838736,8.0,-0.0402967766633946,False,False,False,False,False,False,False,-1.0,False,4,False,False,291.4599199453987,,3,False,3,False,True,True,True,"market_above_ma60, avoid_chase, liquidity_ok, mfi_strong",,"close_below_ema20, close_below_swing_low",25.4,60.5,36.4,25.6,-0.98,False,43,D
2026-09-08,63.1,63.7,62.9,63.7,335699,21277534,2206,三陽工業,,0.271483229508533,0.2482708892854175,0.0232123402231154,63.12366665538323,62.42586361447257,61.70201409024693,56.301292064468896,8.899596810091762,1.126277906386054,640709.8,40077599.75,64.3,63.1,0.1873164582282875,0.0326791130970467,0.0079113924050633,0.0047318611987381,63.4,0.7619781770556465,64.97193397048729,62.93499999999976,60.89806602951224,0.687782228359897,0.064731356812188,80.00000000000036,70.0,63.38000000000029,63.33999999999978,18965992.0,18739985.35,-35.99999999999976,53.892215568862206,50.953048344785685,63.05,62.35,,,,0.0,0.0,0.0,0.0,0.0,0.0,,0.0,0.0,-0.0594,0.0668,0.0,7.93,-0.07,0,False,0,False,False,True,True,0.5239485957605143,False,True,False,False,True,False,False,False,False,True,False,False,False,False,False,False,True,True,-20.0,0.0,0.9419152276295044,25.0,0.0713781246978856,False,False,True,False,False,False,False,-1.0,False,7,False,False,461.0960234539798,,3,False,3,False,False,False,False,"ema60_gt_ema120, rsi_strong, market_above_ma60, avoid_chase, obv_uptrend, mfi_strong, above_ichimoku_cloud",,,195.0,86.0,75.2,25.6,-0.61,False,43,D
2026-09-08,535.0,538.0,529.0,535.0,200205,106829407,2207,和泰車,,6.860008689687447,5.614898859457509,1.2451098302299384,521.5360411361677,507.7960936710983,506.39820078456927,60.58275201163643,23.10061101897534,12.410044928534337,257818.75,133883513.25,539.0,513.0,0.2194619232392497,0.2285345781916816,0.0328185328185328,-0.0074211502782931,539.0,1.06414807211365,538.7378570222583,519.7,500.6621429777419,0.9018309409013808,0.073264795159739,69.76744186046511,82.94573643410877,530.2,525.2,9811285.0,9867993.0,-30.232558139534884,144.08602150537624,56.35044193130975,523.0,514.0,,,,0.0,0.0,0.0,0.0,0.0,0.0,,0.0,0.0,0.1589,0.0364,0.0,22.46,0.04,0,False,0,False,False,True,True,0.7765339022084313,False,True,True,False,True,True,False,False,False,False,False,False,False,False,False,False,True,True,0.0,-25.0,0.7476635514018692,25.0,-0.0181080249354994,False,False,True,False,False,False,False,-1.0,False,8,False,False,567.5480427228584,,5,False,3,False,False,False,False,"ema60_gt_ema120, rsi_strong, market_above_ma60, avoid_chase, liquidity_ok, adx_trending, mfi_strong, above_ichimoku_cloud",,,301.5,97.7,85.9,25.6,0.09,True,43,D
2026-09-08,18.95,18.95,18.8,18.8,991788,18690140,2208,台船,,-0.116632321880651,-0.06667876348645,-0.049953558394201,19.098720531647817,19.24471688919221,19.518236619935493,43.86091707070128,22.369984615020805,0.4861047471067095,3368979.55,65817969.9,20.3,18.8,-0.1740372543995466,0.0540160135099174,-0.0182767624020886,0.0,18.8,0.3808652403118626,19.84607603242321,19.19500000000003,18.54392396757685,0.196656012255655,0.0678380862123656,4.166666666666728,4.16666666666606,18.86000000000022,19.055000000000017,280104818.0,286051376.5,-95.83333333333329,-126.40558355951978,34.43858640993429,19.9125,19.975,,,,0.0,0.0,0.0,0.0,0.0,0.0,,0.0,0.0,0.2017,0.0015,0.0,6.57,-0.08,0,False,0,False,False,False,False,0.2943882517779011,False,False,True,False,True,True,False,False,True,False,False,False,False,False,False,False,False,False,20.0,12.0,7.978723404255319,0.0,-0.382923084075809,False,False,False,False,False,False,False,-1.0,False,5,False,False,385.3488055088693,,5,False,3,False,True,False,True,"market_above_ma60, avoid_chase, liquidity_ok, adx_trending, kd_golden_cross",,close_below_ema20,-128.4,21.4,62.3,60.7,-0.47,False,28,X
2026-09-08,83.1,83.5,82.9,83.2,235671,19616806,2211,長榮鋼,,-1.2352705563145037,-1.5185552012101429,0.2832846448956392,83.96131707102946,87.83971610569202,91.55341614045888,41.79040549229613,28.528212564419977,1.2699985287745168,790867.1,65626150.4,88.5,82.6,-0.0339091341469939,-0.3054351818389332,0.0012033694344164,0.0024096385542169,83.0,0.2945813316122104,86.34959544275185,83.25999999999985,80.17040455724785,0.4902899908561487,0.0742156003543599,47.05882352941191,35.7843137254907,83.07999999999956,83.12999999999957,-8169061.0,-7871052.95,-66.66666666666667,-7.338864071473845,50.59657446333505,89.89999999999999,91.9,,,,0.0,0.0,0.0,0.0,0.0,0.0,,0.0,0.0,0.383,-0.1086,0.0,3.77,-0.06,0,False,0,False,False,False,False,0.2979906484920159,False,False,True,False,True,True,False,False,False,False,False,False,False,False,False,False,True,False,0.0,0.0,6.370192307692305,0.0,-0.0663127749499815,False,False,False,True,False,False,False,-1.0,False,5,True,False,362.1841531855204,,5,False,3,False,True,False,True,"market_above_ma60, avoid_chase, liquidity_ok, adx_trending, mfi_strong",long_upper_shadow,close_below_ema20,-16.6,46.7,56.5,56.7,-0.94,False,30,X
2026-09-08,47.7,48.2,47.5,48.0,19759,948608,2227,裕日車,,-0.4153392806093947,-0.4399168239740783,0.0245775433646835,48.33050352388145,49.20761258056456,50.27146935865071,44.01414563788686,16.781920031913504,0.7674179784001133,35627.9,1707677.45,49.05,47.4,-0.1190330867019585,-0.0694452857529516,-0.0010405827263266,-0.0062111801242235,48.3,1.2130644683903369,49.21654128962734,48.27499999999991,47.33345871037248,0.3539628569509022,0.0390074071311209,61.29032258064517,57.56823821339943,47.88999999999978,47.909999999999854,-1338341.0,-1366387.55,-52.49999999999986,-49.51267056530154,48.49502550763966,49.875,49.8,,,,0.0,0.0,0.0,0.0,0.0,0.0,,0.0,0.0,0.025,-0.0066,0.0,40.46,0.0,0,False,0,False,False,False,False,0.5545934506384042,False,False,False,False,True,False,False,False,False,True,False,False,False,False,False,False,False,False,0.0,0.0,2.187499999999994,8.0,0.1464709178434926,False,False,False,False,False,False,False,-1.0,False,3,False,False,200.30358552050595,,3,False,3,False,True,False,True,"market_above_ma60, avoid_chase, obv_uptrend",,close_below_ema20,-65.8,23.3,13.7,25.6,-0.53,False,43,D
2026-09-08,74.9,75.7,73.5,75.5,92507,6904067,2228,劍麟,,-1.02660580616471,-1.3088591328882733,0.2822533267235632,75.38703786484321,78.95117755865034,83.2204624850564,47.28912649604339,22.77224601675328,1.4697485709420788,112984.55,8484990.35,77.8,73.6,-0.1447041379213711,-0.3357585114684983,0.0120643431635389,0.008010680907877,74.9,0.6058969467434283,77.45436394638222,75.175,72.89563605361778,0.5712918181661685,0.0606415416396998,75.8620689655172,52.01149425287319,74.68000000000029,74.47999999999993,-4913149.0,-4845545.95,-41.86046511627903,-17.276422764229185,42.80078503061803,80.05000000000001,82.75,,,,0.0,0.0,0.0,0.0,0.0,0.0,,0.0,0.0,-0.0054,0.0571,0.0,3.62,0.04,0,False,0,False,False,False,False,0.8187579629250193,False,False,True,False,True,False,False,False,False,False,False,False,False,False,False,False,False,True,-10.0,0.0,3.046357615894036,8.0,-0.0825833462896584,False,False,False,False,False,False,False,-1.0,False,3,False,False,195.1965794737743,,5,False,3,False,False,False,False,"market_above_ma60, avoid_chase, adx_trending",,,-70.9,20.9,12.6,25.6,0.21,False,43,D
2026-09-08,90.3,90.5,89.0,89.2,190322,17000384,2231,為升,,-2.511829309117161,-2.3805883416566576,-0.1312409674605033,93.26030085151228,98.16451382432987,100.43615199735416,39.23681645508417,10.013355573730356,3.5999535411451857,298283.8,28693310.05,103.0,90.0,-0.5565051653380182,-0.1949692894855321,-0.0293797606093579,-0.0121816168327795,90.3,0.7108068644123579,100.69178187769762,93.76000000000003,86.82821812230245,0.1710802445564943,0.1478622414184638,2.3529411764706216,6.7009803921567554,90.4199999999997,91.56000000000022,34651481.0,35273642.45,-97.752808988764,-103.39297619691148,35.14913387794185,103.65,107.15,,,,0.0,0.0,0.0,0.0,0.0,0.0,,0.0,0.0,-0.1316,0.0662,0.0,3.92,-0.05,0,False,0,False,False,False,False,0.6380567768011538,False,False,False,False,True,False,False,False,False,False,False,False,False,False,False,False,False,False,20.0,12.0,15.470852017937217,0.0,-0.1303344168915179,False,False,False,False,False,False,False,-1.0,False,2,False,False,96.81655476531331,,3,False,3,False,True,True,True,"market_above_ma60, avoid_chase",,"close_below_ema20, close_below_swing_low",-169.3,4.7,1.1,25.6,-0.29,False,43,D
2026-09-08,168.0,168.5,160.5,161.0,557995,91076007,2233,宇隆,,-11.628787916697576,-11.91709612776826,0.2883082110706851,178.55408848841543,209.0667673636952,226.1881151710193,33.72371615924662,27.792670016735272,9.417845710354694,855315.55,151395212.1,204.0,165.0,-1.116685598493271,-0.8995693749191378,-0.0852272727272727,-0.0445103857566765,168.5,0.4031806257294069,205.04799405041416,179.5,153.95200594958584,0.1379363490633799,0.2846573153249488,2.631578947368421,27.96052631578944,166.8,170.5,20834962.0,25077452.15,-90.14084507042251,-95.2246063782074,23.06933164594662,211.75,283.0,,,,0.0,0.0,0.0,0.0,0.0,0.0,,0.0,0.0,-0.0012,-0.0097,0.0,8.63,0.28,0,False,0,False,False,False,False,0.6523849589780052,False,False,True,False,True,True,False,False,False,False,False,False,False,False,False,False,False,False,20.0,12.0,26.70807453416149,0.0,-0.515429405332773,False,False,False,False,False,False,False,-1.0,False,4,False,False,282.3386967257868,,3,False,3,False,True,True,True,"market_above_ma60, avoid_chase, liquidity_ok, adx_trending",,"close_below_ema20, close_below_swing_low",16.2,53.5,34.4,25.6,-0.25,False,43,D
2026-09-08,120.5,129.0,120.5,122.0,288981,35837535,2236,百達-KY,,-4.47222647228277,-5.375546821714599,0.9033203494318284,124.53316799591174,132.8434004994373,131.56353056436242,42.18957590272502,33.05268258341617,5.910315291108415,370053.1,45158822.3,136.0,118.0,-0.2884276002594123,-0.4752138149275111,0.0166666666666666,0.0166666666666666,120.0,0.500133602543934,128.5756465156905,122.775,116.97435348430956,0.4331971015727583,0.0944923073213677,44.0,43.0,121.2,120.9,-1632759.0,-1915833.6,-56.0,37.168841439303975,43.19703766664591,146.125,154.25,,,,0.0,0.0,0.0,0.0,0.0,0.0,,0.0,0.0,0.6474,0.3345,0.0,48.9,0.02,0,False,0,False,False,False,True,0.7809176574929382,False,False,True,False,True,False,False,False,True,True,False,False,False,False,False,False,False,True,0.0,0.0,11.475409836065571,0.0,0.1420653239895762,False,False,False,True,False,False,False,-1.0,False,6,True,False,469.5139604628043,,8,False,3,False,True,False,True,"ema60_gt_ema120, market_above_ma60, avoid_chase, adx_trending, kd_golden_cross, obv_uptrend",long_upper_shadow,close_below_ema20,203.4,90.7,76.0,25.6,0.1,False,43,D
2026-09-08,27.85,27.85,27.6,27.75,91770,2540902,2237,華德動能-創,,-1.2528555654863176,-1.6511017738736171,0.3982462083872997,28.503162467338367,31.84469647642469,32.71894432072062,32.220579112091244,36.25876946479826,0.7628712587730908,207993.6,5730426.3,28.1,27.7,0.1532349594653121,-0.8862067406842015,-0.0071556350626117,-0.0035906642728905,27.85,0.8647468173351622,28.30270467462228,27.58500000000004,26.8672953253778,0.6149497877290623,0.0520358654792268,31.24999999999997,33.333333333333336,27.76000000000022,27.83000000000011,4078055.0,3698241.7,-50.0,30.675853018372177,68.52141322579607,36.325,37.375,,,,0.0,0.0,0.0,0.0,0.0,0.0,,0.0,0.0,0.7335,-0.1924,0.0,4.33,0.09,0,False,0,False,False,False,False,0.4412154989384289,False,False,True,False,True,False,False,False,False,True,False,False,False,False,False,False,True,False,0.0,0.0,1.2612612612612664,15.0,0.6791548168812693,False,False,False,False,False,False,False,-1.0,False,5,False,False,417.5620127919596,,10,False,3,False,True,False,True,"market_above_ma60, avoid_chase, adx_trending, obv_uptrend, mfi_strong",,close_below_ema20,151.5,79.1,67.7,25.6,-0.84,False,43,D
2026-09-08,19.95,20.05,19.7,19.9,22047,439837,2239,英利-KY,,-0.0553350552076814,-0.1069576528648865,0.0516225976572051,19.89075513793335,20.64044913131877,22.27093712547056,48.97890620745892,14.223394122351507,0.5507495549337975,39107.35,766634.1,20.35,19.65,0.2107403261270382,-0.2684442146495019,-0.009950248756219,0.0,19.9,0.7770626122392595,20.51802374632723,19.759999999999945,19.00197625367266,0.5923453920001651,0.0767230512477012,29.411764705882305,32.610939112487664,19.86999999999989,19.994999999999983,-3764168.0,-3797888.95,-44.4444444444445,29.558404558404288,50.08369706969465,20.375,22.125,,,,0.0,0.0,0.0,0.0,0.0,0.0,,0.0,0.0,-0.2061,0.0606,0.0,75.33,0.02,0,False,0,False,False,False,False,0.5637559180051832,False,False,False,False,True,False,False,False,False,True,False,False,False,False,False,False,True,False,10.0,0.0,2.261306532663331,8.0,0.0812572061662168,False,False,False,False,False,False,False,-1.0,False,4,False,False,229.6126456540464,,3,False,3,False,False,False,False,"market_above_ma60, avoid_chase, obv_uptrend, mfi_strong",,,-36.5,41.9,20.6,25.6,-0.5,False,43,D
2026-09-08,34.35,34.6,34.1,34.2,175148,6004441,2241,艾姆勒,,-0.1605625412068647,-0.3461556348912894,0.1855930936844246,34.41425274373015,35.45932128136217,35.227771399253214,47.97462706626675,12.232643869486395,1.5044319369236518,430468.25,14716842.05,35.5,34.05,0.3180267814993994,-0.6753540592710783,0.0044052863436125,-0.0043668122270742,34.35,0.670103451251777,36.035042559443895,34.05249999999997,32.06995744055604,0.5371997058265947,0.1164403529517028,32.142857142857295,47.926929392446254,34.53000000000029,34.66000000000022,54662920.0,54557330.9,-63.333333333333286,21.900604946780312,55.81358637212741,36.4,42.2,,,,0.0,0.0,0.0,0.0,0.0,0.0,,0.0,0.0,0.4206,-0.1695,0.0,8.09,0.08,0,False,0,False,False,False,True,0.4068778591684752,False,False,False,False,True,False,False,False,False,True,False,False,False,False,False,False,True,False,0.0,0.0,3.8011695906432665,0.0,0.0168937157379225,False,False,False,False,False,False,False,-1.0,False,5,False,False,339.2715031805398,,3,False,3,False,True,False,True,"ema60_gt_ema120, market_above_ma60, avoid_chase, obv_uptrend, mfi_strong",,close_below_ema20,73.2,67.4,50.7,25.6,-0.94,False,43,D
2026-09-08,45.35,46.95,44.9,45.45,171826,7827393,2243,宏旭-KY,,0.280627776055951,-0.4848028060063087,0.7654305820622598,43.32413776249517,42.17110426888314,36.53647286173613,56.145737424011465,24.771289921332915,2.6451004317680926,255167.55,10891806.35,46.2,41.05,0.7845200460010927,-0.5138356126520985,-0.0162337662337662,0.0044198895027625,45.25,1.0657897225998698,46.371297483629554,41.91249999999995,37.45370251637035,0.896687673412834,0.2127669541845324,66.44736842105267,69.63665637050083,44.69999999999982,43.70999999999985,34963023.0,34754102.15,-28.977272727272705,135.24590163934445,57.58554903302358,51.225,44.35,,,,0.0,0.0,0.0,0.0,0.0,0.0,,0.0,0.0,-0.0857,-0.5239,0.0,27.28,-0.58,0,False,0,False,False,True,True,0.673384997426201,False,True,True,False,True,False,False,False,False,True,False,False,False,False,False,False,True,True,0.0,-12.0,1.65016501650165,15.0,0.0755562470998017,False,False,False,True,False,False,False,-1.0,False,7,True,False,465.6405249394596,,3,True,3,False,False,False,False,"ema60_gt_ema120, rsi_strong, market_above_ma60, avoid_chase, adx_trending, obv_uptrend, mfi_strong",long_upper_shadow,,199.5,88.4,75.5,25.6,-0.2,False,43,D
2026-09-08,60.0,61.3,60.0,60.3,31421,1898213,2248,華勝-KY,,0.3211276747595022,0.6796472325053337,-0.3585195577458314,61.47002739711506,59.769148882299184,57.223747130863885,46.50897994382902,20.505489579885417,1.923746416169308,92492.85,5705806.3,66.9,60.4,0.2362934998143869,0.182698627638789,-0.0258481421647819,-0.0016556291390729,60.4,1.4692014224069576,66.44792267127785,61.60500000000002,56.762077328722185,0.3652673097859222,0.1572249872990124,6.666666666666604,9.256854256853936,61.22000000000007,61.97000000000007,2468278.0,2656464.25,-95.65217391304353,-33.470311476385874,21.17163654322601,62.15,61.9,,,,0.0,0.0,0.0,0.0,0.0,0.0,,0.0,0.0,0.5938,-0.2449,0.0,50.72,-0.08,0,False,0,False,False,True,True,0.3397127453635605,False,False,True,False,True,False,False,False,False,False,False,False,False,False,False,False,False,False,20.0,0.0,10.94527363184081,0.0,-0.3396382163724326,False,False,False,True,False,False,False,-1.0,False,4,True,False,294.32146885716645,,3,False,3,False,True,True,True,"ema60_gt_ema120, market_above_ma60, avoid_chase, adx_trending",long_upper_shadow,"close_below_ema20, close_below_swing_low",28.2,62.8,37.4,25.6,-1.13,False,43,D
2026-09-08,231.0,233.0,231.0,233.0,14304,3315439,2247,汎德永業,,1.5333176724503232,0.7605110064275253,0.7728066660227979,229.1711639811241,228.53045944375387,234.43300866598904,60.24349233018174,17.17935699336283,3.683165709369336,36394.15,8242857.7,234.0,225.5,0.2443984348258921,-0.0638720241915218,0.0086580086580085,-0.0042735042735042,234.0,1.0388186716145824,235.15854782465,227.55,219.9414521753501,0.858149815549773,0.0668736350221922,73.6842105263158,82.95867546103061,231.9,230.7,-5426754.0,-5602635.6,-19.23076923076923,106.73575129533684,74.18835390094307,229.5,225.0,,,,0.0,0.0,0.0,0.0,0.0,0.0,,0.0,0.0,-0.0136,0.0068,0.0,3.99,0.03,0,False,0,False,False,True,False,0.3930301985346546,False,True,False,False,True,False,False,False,False,True,False,False,False,False,False,False,True,True,-10.0,-12.0,0.4291845493562232,25.0,1.2014079609784687,False,False,True,False,False,False,False,-1.0,False,6,False,False,411.34719751708815,,3,False,3,False,False,False,False,"rsi_strong, market_above_ma60, avoid_chase, obv_uptrend, mfi_strong, above_ichimoku_cloud",,,145.3,74.4,66.0,25.6,-0.98,False,43,D
2026-09-08,57.1,57.5,56.4,56.4,67703,3839558,2250,IKKA-KY,,-0.9314206977077576,-0.5861349475900318,-0.3452857501177256,59.04256321296527,60.77341700589593,63.32055347075633,35.50715108891929,14.39258677944957,1.4616519745307557,60824.65,3645517.7,62.3,57.1,-0.3193387840188474,-0.1718775436885885,-0.0408163265306121,-0.0122591943957969,57.1,0.3949450639382772,62.67644660890869,59.564999999999785,56.45355339109088,-0.0086058669522951,0.1044723112199754,0.0,5.913978494623128,57.33999999999942,58.829999999999565,-1698811.0,-1564716.2,-100.0,-161.74441070935598,30.92547184295202,62.275,65.8,,,,0.0,0.0,0.0,0.0,0.0,0.0,,0.0,0.0,-0.0114,0.096,0.0,6.2,-0.08,0,False,0,False,False,False,False,1.113084908832192,False,False,False,False,True,False,False,False,False,False,False,False,False,False,False,False,False,False,20.0,25.0,10.460992907801415,0.0,-0.1250639184857191,False,False,False,False,False,False,False,-1.0,False,2,False,False,144.6300820664933,,3,False,3,False,True,True,True,"market_above_ma60, avoid_chase",,"close_below_ema20, close_below_swing_low",-121.5,9.3,4.3,25.6,1.03,False,43,D
2026-09-08,62.3,64.3,62.3,63.1,1201567,75758551,2254,巨鎧精密-創,,2.8121931061465943,2.1913807190035177,0.6208123871430766,58.47587278371691,57.07325090602001,58.82875154049575,52.774173543986,6.715892949350023,8.73210076391891,435353.4,27100748.4,62.4,58.9,,,0.0260162601626017,0.0112179487179486,62.4,6.882483366743718,84.18553066839235,57.614999999999874,31.0444693316074,0.6032158534666553,0.9223476757230766,75.51020408163274,77.33808970742818,62.31999999999971,61.71999999999971,6675418.0,1922267.85,-16.666666666666618,63.89001213101492,77.8776569387586,46.150000000000006,35.45,,,,0.0,0.0,0.0,0.0,0.0,0.0,,0.0,0.0,-0.8933,-0.0757,0.0,23.87,0.0,0,False,0,False,False,True,False,2.75998074208218,True,False,False,True,True,False,False,False,False,True,False,False,False,True,False,False,True,True,-10.0,0.0,-1.1093502377179123,25.0,2.0,False,False,True,False,False,False,False,-1.0,False,8,False,False,566.5998074208218,,3,False,3,False,False,False,False,"volume_break, breakout_20d, market_above_ma60, avoid_chase, obv_uptrend, breakout_volume_confirm, mfi_strong, above_ichimoku_cloud",,,77.3,75.0,85.7,75.0,0.43,True,4,D
2026-09-08,71.2,72.4,70.8,71.9,314800,22557799,2348,海悅,,-0.3522082831884887,-0.590782163177923,0.2385738799894342,71.51281452286929,72.58217492188479,73.98150068962809,50.66000085832727,11.269956464587697,1.6930783293440044,303381.95,21514575.65,72.4,70.1,0.1186172368822889,-0.1009891142702206,0.0169731258840171,0.0098314606741574,71.2,1.170588203896537,72.7123122217279,70.9649999999996,69.21768777827131,0.7675537858584819,0.0492443379617643,76.19047619047629,71.23015873015902,71.47999999999956,71.35999999999949,-3660924.0,-4516336.15,-36.66666666666648,79.39538583929944,72.19030143570146,76.05,74.85,,,,0.0,0.0,0.0,0.0,0.0,0.0,,0.0,0.0,9.8224,0.3867,0.0,2.07,0.03,0,False,0,False,False,False,False,1.037635890994833,False,False,False,False,True,False,False,False,True,True,False,False,False,False,False,False,True,True,-10.0,0.0,0.6954102920723226,25.0,0.6811064835850626,False,False,False,False,False,False,False,-1.0,False,5,False,False,403.5496367129691,,3,False,3,False,False,False,False,"market_above_ma60, avoid_chase, kd_golden_cross, obv_uptrend, mfi_strong",,,106.7,81.8,65.5,33.3,0.27,False,33,D
2026-09-08,31.6,32.05,31.4,31.85,471753,14981759,2258,鴻華先進-創,,-0.0831636932777044,-0.1056929558713988,0.0225292625936944,31.25146045436211,31.37961583230257,32.052557371590275,54.47730542502141,10.32002470228744,0.8803284537378996,392218.0,12313645.15,32.15,30.1,-0.1315994186491965,-0.1095300629081473,0.011111111111111,0.011111111111111,31.5,1.9304677310341969,32.4155674772789,31.380000000000017,30.34443252272114,0.7269287179793361,0.0660017512606041,90.24390243902458,60.98548434877012,30.95,31.17999999999993,-18107129.0,-18931851.0,-21.27659574468084,77.94273594909862,51.97837498157234,31.9375,30.625,,,,0.0,0.0,0.0,0.0,0.0,0.0,,0.0,0.0,1.1329,0.3141,0.0,0.49,0.0,0,False,0,True,True,True,False,1.2027826361870184,False,False,False,False,True,False,False,False,False,True,False,False,False,False,False,False,True,False,-20.0,0.0,0.9419152276295044,25.0,1.0625558179616883,False,False,False,False,False,False,False,-1.0,False,6,False,False,449.7784961774105,,3,False,3,False,False,False,False,"macd_golden_cross, market_above_ma60, avoid_chase, hist_turn_positive, obv_uptrend, mfi_strong",,,183.7,83.7,73.9,25.6,1.28,False,43,D
2026-09-08,28.15,28.25,27.7,27.8,3759948,104813200,2371,大同,,0.4271308424687525,0.4344860856690792,-0.0073552432003267,27.616435127509124,27.58890806533139,28.92250146431748,52.895381335388485,23.29118057254253,0.861094276226882,9721859.5,271105552.55,29.2,27.6,0.3648314563728682,0.0013073016862653,-0.0296684118673646,-0.0124333925399644,28.15,0.5032355491282626,29.153753565600947,27.620000000000072,26.0862464343992,0.5586795701855175,0.1110610836785569,19.230769230769248,29.80769230769268,27.97999999999993,28.19499999999989,387132726.0,380028831.95,-75.0,31.32969034608364,62.84522990575874,25.5875,28.05,,,,0.0,0.0,0.0,0.0,0.0,0.0,,0.0,0.0,-0.1415,-0.3051,0.0,6.38,0.02,0,False,0,False,False,True,False,0.3867519377337226,False,False,True,False,True,True,False,False,False,True,False,False,False,False,False,False,True,False,20.0,0.0,5.035971223021578,0.0,0.2430671358581958,False,False,False,False,False,False,False,-1.0,False,6,False,False,376.7843250076356,,3,False,3,True,False,False,True,"market_above_ma60, avoid_chase, liquidity_ok, adx_trending, obv_uptrend, mfi_strong",,macd_death_cross,68.1,71.7,60.4,34.0,-0.56,False,53,D
