date,open,high,low,close,volume,amount,stock_id,name,industry_category,macd,macd_signal,macd_hist,ema20,ema60,ema120,rsi14,adx14,atr14,volume_ma20,amount_ma20,close_20d_high,close_10d_low,lr_slope_20,lr_slope_60,return_5d,day_return,prev_close,prev_volume_ratio,bb_upper,bb_mid,bb_lower,bb_pct_b,bb_bandwidth,stoch_k,stoch_d,sma5,sma10,obv,obv_ma,williams_r,cci20,mfi14,ichi_senkou_a,ichi_senkou_b,market_ma60,market_above_ma60,market_return_5d,foreign_net,foreign_buy_streak,invest_trust_net,invest_trust_streak,dealer_net,dealer_buy_streak,relative_strength_5d,margin_change_5d,short_ratio,revenue_yoy,revenue_mom,revenue_3m_yoy,foreign_holding_pct,foreign_holding_chg5d,insider_net_30d,has_buyback,limit_down_streak,macd_golden_cross,hist_turn_positive,above_ema60,ema60_gt_ema120,volume_ratio,volume_break,rsi_strong,adx_trending,breakout_20d,avoid_chase,liquidity_ok,foreign_buy_3d,stronger_than_market,kd_golden_cross,obv_uptrend,invest_trust_buy_2d,dealer_buy_3d,bb_squeeze_breakout,breakout_volume_confirm,williams_r_recovery,cci_momentum,mfi_strong,ma5_above_ma10,kd_level_score,bb_level_signal,gap_to_20d_high_pct,breakout_proximity_score,obv_strength,foreign_buy_accel,invest_trust_accel,above_ichimoku_cloud,long_upper_shadow,open_high_close_low,gap_chase_after_blowout,earnings_blocked,f_score,f_score_low,condition_count,skip_trade,entry_signal,entry_score,momentum_score,expected_hold_days,momentum_decay_signal,estimated_sl_days,macd_death_cross,close_below_ema20,close_below_swing_low,base_exit_signal,entry_reason,skip_reason,base_exit_reason
2026-08-17,74.2,74.7,73.2,73.4,312865,23052636,1582,信錦,,-1.2676031482247652,-2.656035161810665,1.3884320135858998,73.12282487090401,80.13651647745768,82.60950116639194,47.78784855096311,25.630234946443508,2.6597859627817813,808908.45,56296198.25,75.4,68.2,0.5218236590320666,-0.9194722710449889,-0.0121130551816956,-0.0107816711590296,74.2,0.5608488113722001,77.6599912648483,70.50499999999992,63.35000873515155,0.702306326649403,0.2029640809828632,53.12500000000004,72.24049707602353,74.68000000000029,73.15999999999985,-41572187.0,-42460403.6,-20.833333333333325,77.83899058112664,65.02900875488689,88.625,100.75,,,,0.0,0.0,0.0,0.0,0.0,0.0,,0.0,0.0,0.2247,0.3907,0.0,4.86,0.17,0,False,0,False,False,False,False,0.3867743006022499,False,False,True,False,True,True,False,False,False,True,False,False,False,False,False,False,True,True,0.0,0.0,2.7247956403269757,8.0,0.0696996826730453,False,False,False,False,False,False,False,-1,False,6,False,False,462.7041391980991,,3,True,3,False,False,False,False,"market_above_ma60, avoid_chase, liquidity_ok, adx_trending, obv_uptrend, mfi_strong",,
2026-08-17,9.5,9.6,9.43,9.45,56410,535668,1471,首利,,-0.2176893805638773,-0.2628805092949055,0.0451911287310281,9.638024356943893,10.238417416252227,10.578633161505447,39.29544041160148,32.42803661472578,0.3150751010650321,243643.6,2325486.95,10.0,9.42,-0.2108029156738496,-0.3508820184614271,-0.0083945435466946,-0.0063091482649842,9.51,1.2534435366182952,9.951952439252532,9.563000000000011,9.17404756074749,0.3547380237321917,0.0813452764305179,59.999999999999936,66.66666666666667,9.476000000000022,9.490000000000007,10140729.0,9873165.95,-27.84810126582289,-26.55601659751036,42.687305268697344,11.05,11.2,,,,0.0,0.0,0.0,0.0,0.0,0.0,,0.0,0.0,-0.4216,-0.1694,0.0,0.91,0.07,0,False,0,False,False,False,False,0.2315267054008395,False,False,True,False,True,False,False,False,False,True,False,False,False,False,False,False,False,False,0.0,0.0,5.820105820105828,0.0,0.122994595076321,False,False,False,False,False,False,False,-1,False,4,False,False,238.7912021949242,,8,False,3,False,True,False,True,"market_above_ma60, avoid_chase, adx_trending, obv_uptrend",,close_below_ema20
2026-08-14,42.1,42.85,41.6,42.35,270221,11435845,1569,濱川,,-0.9689953299024908,-1.3772050864780072,0.4082097565755165,42.41524991573274,45.798425903339016,48.80238875619253,47.437517464170575,18.102331505880365,1.867182819006404,423361.0,17243846.15,44.5,39.65,0.045215913661927,-0.4690079966291335,0.0,0.0059382422802849,42.1,0.6820541965651189,45.1828907626306,41.479999999999926,37.77710923736925,0.6174757852405555,0.1785386095771784,41.600000000000016,42.449448123620336,41.96999999999971,42.07999999999993,-4997715.0,-5399534.35,-37.823834196891184,33.20998197172427,37.84941084846809,48.875,55.975,102463.60816666656,True,0.036506918197924,78000.0,5.0,0.0,0.0,1001.0,1.0,-0.036506918197924,0.0,0.0,-0.142,-0.1654,0.0,0.0,0.0,0,False,0,False,False,False,False,0.6382756087594276,False,False,False,False,True,False,True,False,False,True,False,False,False,False,False,False,False,False,0.0,0.0,5.076741440377801,0.0,0.1492548944478097,True,False,False,False,False,False,False,-1,False,4,False,False,253.17381482096803,8.6,3,False,3,False,True,False,True,"market_above_ma60, avoid_chase, foreign_buy_3d, obv_uptrend",,close_below_ema20
2026-08-17,17.0,17.1,16.85,17.05,197146,3350628,1529,樂事綠能,,-0.9686359576024692,-1.104651556619782,0.1360155990173126,17.81935205880195,19.9082150588781,21.17490026464888,32.32648740602164,40.51470060854992,0.6051164264987502,492270.8,8662039.65,20.4,16.9,-0.523242679857859,-0.5991420770598512,-0.0058309037900873,0.0058997050147493,16.95,0.642939002190329,18.93490417063997,17.46749999999988,16.000095829359786,0.3577419880789345,0.1680153623174586,55.55555555555564,48.333333333333336,17.0,17.084999999999855,26381599.0,27587171.8,-32.25806451612902,-53.01982480405724,29.666757313842,23.0125,22.775,,,,0.0,0.0,0.0,0.0,0.0,0.0,,0.0,0.0,-0.586,0.1839,0.0,1.32,0.12,0,False,0,False,False,False,False,0.4004828236815996,False,False,True,False,True,False,False,False,True,False,False,False,False,False,False,False,False,False,0.0,0.0,19.64809384164221,0.0,-0.2251852030981628,False,False,False,False,False,False,False,-1,False,4,False,False,256.30260579963806,,8,False,3,False,True,False,True,"market_above_ma60, avoid_chase, adx_trending, kd_golden_cross",,close_below_ema20
2026-08-17,24.25,24.3,23.85,24.2,20470344,493600134,1101,台泥,,0.1115263329035123,0.1085941051122909,0.0029322277912214,24.152325462139977,24.103780943040984,24.12350613065747,51.27532217417116,20.2122098863038,0.5254568919804491,25279018.0,612307128.85,24.8,23.55,0.0619345376478867,-0.0129839392846323,-0.0142566191446028,-0.002061855670103,24.25,0.7284139178909425,24.802643425738665,24.19250000000011,23.58235657426156,0.506146095887874,0.0504407089584416,51.999999999999886,51.90123456790146,24.31999999999989,24.245000000000072,-204687218.0,-186463432.9,-53.12500000000004,-24.734982332155163,35.43630026479002,23.875,24.2,,,,0.0,0.0,0.0,0.0,0.0,0.0,,0.0,0.0,0.0154,0.027,0.0,15.16,0.42,0,False,0,False,False,True,False,0.8097760759535834,False,False,True,False,True,True,False,False,True,False,False,False,False,False,False,False,False,True,0.0,0.0,2.479338842975213,8.0,-0.3854560262962072,False,False,False,False,False,False,False,-1,False,5,False,False,371.47228844398137,,5,False,3,False,False,False,False,"market_above_ma60, avoid_chase, liquidity_ok, adx_trending, kd_golden_cross",,
2026-08-17,33.3,33.8,33.2,33.45,8435593,282392525,1102,亞泥,,-0.369353016337179,-0.4978897571331552,0.1285367407959762,33.061761548898616,33.91380112112517,34.63808610779904,51.768447044645626,26.59661795750395,0.7352780178960845,11731522.2,384216550.15,33.45,31.7,-0.01828781214551,-0.0985301846846666,0.015174506828528,0.0,33.45,2.182039473492306,33.60311892016126,32.80000000000037,31.996881079839472,0.9046723241617942,0.0489706658634685,84.09090909090932,63.6624869383492,32.68000000000065,32.71500000000051,99785595.0,119753116.55,-15.90909090909068,177.77777777777789,37.88225077004888,35.6125,34.75,,,,0.0,0.0,0.0,0.0,0.0,0.0,,0.0,0.0,-0.0751,-0.0829,0.0,12.47,-0.18,0,False,0,False,False,False,False,0.7190535768666065,False,False,True,False,True,True,False,False,False,False,False,False,False,False,False,True,False,False,-20.0,-25.0,0.0,25.0,-0.2011865580492729,False,False,False,True,False,False,False,-1,False,5,True,False,309.7762970720748,,5,False,3,False,False,False,False,"market_above_ma60, avoid_chase, liquidity_ok, adx_trending, cci_momentum",long_upper_shadow,
2026-08-17,13.1,13.2,13.05,13.15,283883,3731578,1103,嘉泥,,-0.0770852623076567,-0.0887064482891887,0.0116211859815319,13.21275105343166,13.355778177531388,13.466020375571777,44.93525855690187,8.481823532238735,0.1992513535146205,480446.05,6369641.05,13.65,12.95,-0.1086203448627284,-0.0363089378472191,-0.0037878787878786,0.0,13.15,0.4562140164203174,13.53249074061514,13.194999999999984,12.857509259384823,0.4333315042688891,0.051154337342199,44.44444444444458,48.148148148148415,13.169999999999982,13.114999999999965,-7265709.0,-6870631.45,-58.33333333333331,-38.94927536231832,31.87719306454997,13.525,13.375,,,,0.0,0.0,0.0,0.0,0.0,0.0,,0.0,0.0,-0.0379,0.0571,0.0,4.48,-0.03,0,False,0,False,False,False,False,0.5908738348457647,False,False,False,False,True,False,False,False,False,False,False,False,False,False,False,False,False,True,0.0,0.0,3.802281368821293,0.0,-0.6191920626793349,False,False,False,False,False,False,False,-1,False,2,False,False,103.47843359630562,,3,False,3,False,True,False,True,"market_above_ma60, avoid_chase",,close_below_ema20
2026-08-17,26.5,26.8,26.5,26.75,493331,13152061,1104,環泥,,-0.1636449916845137,-0.2043888742049067,0.040743882520393,26.718938008473025,27.310897098845,27.992196508503586,48.48083191218112,12.737937605708442,0.3857484244004666,650755.8,17366238.3,27.2,26.4,-0.0375341680917467,-0.139134850660295,0.0037523452157599,0.0113421550094519,26.45,1.2985134344660816,27.05782453855853,26.6724999999999,26.287175461441265,0.600564579003975,0.0288930200437631,66.66666666666667,38.03418803418754,26.609999999999854,26.559999999999853,1253207.0,1620305.4,-66.66666666666677,2.621231979031475,64.15550315493638,27.5875,28.05,,,,0.0,0.0,0.0,0.0,0.0,0.0,,0.0,0.0,0.1533,0.3044,0.0,14.88,0.21,0,False,0,False,False,False,False,0.7580892863344437,False,False,False,False,True,False,False,False,True,False,False,False,False,False,False,False,True,True,0.0,0.0,1.682242990654203,15.0,-0.07610785388609,False,False,False,False,False,False,False,-1,False,4,False,False,316.66759861671136,,3,False,3,False,False,False,False,"market_above_ma60, avoid_chase, kd_golden_cross, mfi_strong",,
2026-08-17,11.8,11.85,11.7,11.8,478808,5638463,1108,幸福,,-0.3396264334514782,-0.3744833493327762,0.034856915881298,12.12877425475858,12.938225417311044,13.57653374393274,31.168962926570277,58.85965655105393,0.1991346929039373,342633.1,4090492.95,12.25,11.7,-0.1772714054852422,-0.3202339873250379,-0.0247933884297519,0.0,11.8,0.4679222764452233,12.312896575760847,11.997499999999969,11.682103424239088,0.1869021175586519,0.0525770495121285,33.333333333333464,29.62962962963017,11.78000000000002,11.91500000000001,-8239657.0,-7398218.4,-66.66666666666653,-114.61988304093714,33.24510832598622,13.875,14.025,,,,0.0,0.0,0.0,0.0,0.0,0.0,,0.0,0.0,-0.1333,0.1677,0.0,1.39,0.09,0,False,0,False,False,False,False,1.3974364998594708,False,False,True,False,True,False,False,False,False,False,False,False,False,False,False,False,False,False,0.0,12.0,3.813559322033892,0.0,-0.3814379592316713,False,False,False,False,False,False,False,-1,False,3,False,False,196.39710948781465,,5,False,3,False,True,False,True,"market_above_ma60, avoid_chase, adx_trending",,close_below_ema20
2026-08-17,13.6,13.65,13.5,13.65,390033,5305667,1109,信大,,-0.1922134313044683,-0.2195938659567439,0.0273804346522756,13.734687286163094,14.208649396426784,14.624774686032898,37.90915518987773,37.3218021680331,0.1612187683580652,139040.35,1901483.1,13.9,13.5,-0.1343043177195549,-0.1583265706669568,0.0073800738007379,0.0073800738007379,13.55,1.535746991443588,13.92944245371976,13.6775000000001,13.42555754628044,0.44542404506646,0.0368404245980126,80.00000000000043,45.55555555555535,13.570000000000071,13.560000000000128,-5560882.0,-5653182.55,-55.55555555555542,-47.34299516908344,44.237395238021065,14.625,14.9,,,,0.0,0.0,0.0,0.0,0.0,0.0,,0.0,0.0,-0.2064,-0.0703,0.0,2.41,-0.05,0,False,0,False,False,False,False,2.8051784967457287,True,False,True,False,True,False,False,False,False,True,False,False,False,False,False,False,False,True,-20.0,0.0,1.831501831501832,15.0,0.1018291399405336,False,False,False,False,False,False,False,-1,False,5,False,False,349.2737346467437,,8,False,3,False,True,False,True,"volume_break, market_above_ma60, avoid_chase, adx_trending, obv_uptrend",,close_below_ema20
2026-08-17,15.95,16.2,15.85,16.1,323040,5176635,1110,東泥,,0.1240720756127355,0.1309572788991069,-0.0068852032863713,16.054056437476643,15.757746901228488,15.750164084768738,52.46670670691906,34.61007335887266,0.376584290229048,276883.6,4436641.7,16.6,15.8,0.0758335417305264,0.1781206418874692,-0.0122699386503066,0.0094043887147337,15.95,0.8812898348893795,16.433917334905853,16.06500000000001,15.696082665094163,0.5474361011104628,0.0459280840218915,50.000000000000085,61.66666666666666,16.25000000000018,16.105000000000018,3434722.0,2435955.9,-49.99999999999992,9.923319801532196,72.58204954650711,15.7,15.575,,,,0.0,0.0,0.0,0.0,0.0,0.0,,0.0,0.0,0.3696,0.2226,0.0,6.1,0.06,0,False,0,False,False,True,True,1.166699652850512,False,False,True,False,True,False,False,False,False,True,False,False,False,False,False,False,True,True,0.0,0.0,3.105590062111801,8.0,0.876615428317435,False,False,True,False,False,False,False,-1,False,7,False,False,560.1863816683143,,10,False,3,True,False,False,True,"ema60_gt_ema120, market_above_ma60, avoid_chase, adx_trending, obv_uptrend, mfi_strong, above_ichimoku_cloud",,macd_death_cross
2026-08-17,12.2,12.3,12.2,12.25,183895,2249866,1201,味全,,-0.0666864638398028,-0.0761313200673553,0.0094448562275525,12.25002424285145,12.43403665233003,12.857911841053587,48.47050653409367,11.676042464543352,0.1742872995555682,366111.8,4479167.1,12.7,12.0,-0.1643724194966768,-0.0044679105386481,0.008230452674897,0.0040983606557376,12.2,0.3976239852557224,12.61425621928744,12.257499999999984,11.900743780712524,0.4894886205278185,0.0582102744095384,87.49999999999983,79.16666666666667,12.209999999999946,12.144999999999982,-13701555.0,-13545404.25,-36.3636363636363,-3.008811519450745,51.693607874630864,12.475,12.375,,,,0.0,0.0,0.0,0.0,0.0,0.0,,0.0,0.0,0.0762,0.0908,0.0,5.01,-0.05,0,False,0,False,False,False,False,0.5022919228497962,False,False,False,False,True,False,False,False,False,False,False,False,False,False,False,False,True,True,-20.0,0.0,3.673469387755096,0.0,-0.1400271135390234,False,False,False,False,False,False,False,-1,False,3,False,False,178.3425938660297,,3,False,3,False,True,False,True,"market_above_ma60, avoid_chase, mfi_strong",,close_below_ema20
2026-08-17,46.0,46.0,45.0,45.15,13257,597772,1203,味王,,0.090076507787117,0.606112711011791,-0.5160362032246739,46.35204766701086,44.99667957528807,43.50303162041372,43.33074273817379,20.30943278961557,1.6349374392460971,35457.15,1689369.8,49.95,44.45,-0.2665609831824543,0.2103533829545643,-0.0216684723726977,0.0157480314960629,44.45,0.3612973651255971,49.91888183496608,47.22250000000022,44.526118165034354,0.1156887030752346,0.1141990294866154,40.206185567010266,35.96185980545488,45.490000000000144,46.5,1364602.0,1317944.35,-74.34210526315793,-104.0167406726891,55.78342799381339,42.9,42.225,,,,0.0,0.0,0.0,0.0,0.0,0.0,,0.0,0.0,-0.0182,0.0081,0.0,1.87,-0.01,0,False,0,False,False,True,True,0.373887918233699,False,False,True,False,True,False,False,False,True,True,False,False,False,False,False,False,True,False,0.0,12.0,10.631229235880408,0.0,0.1998394664643716,False,False,True,False,True,False,False,-1,False,8,True,False,558.1369527799094,,3,False,3,False,True,False,True,"ema60_gt_ema120, market_above_ma60, avoid_chase, adx_trending, kd_golden_cross, obv_uptrend, mfi_strong, above_ichimoku_cloud",open_high_close_low,close_below_ema20
2026-08-17,51.8,52.0,51.5,52.0,2102492,108766382,1210,大成,,-1.159763637127675,-0.680096645533472,-0.4796669915942029,54.56890007438818,55.076213893935495,54.58192581603709,31.156500612445623,34.68420535171773,1.1481183215107618,2841342.8,155799914.25,58.1,51.9,-0.6183121785808662,0.0654321211880776,-0.0225563909774436,0.0019267822736031,51.9,0.9347484885493632,59.496597663971386,55.31000000000004,51.12340233602869,0.1046909369289359,0.1513866448733084,11.627906976744194,11.590873135723692,52.63999999999978,53.48000000000011,-41377447.0,-31824081.4,-92.3076923076923,-118.65864144454017,13.706720989671894,56.75,55.55,,,,0.0,0.0,0.0,0.0,0.0,0.0,,0.0,0.0,0.215,0.0768,0.0,7.35,0.0,0,False,0,False,False,False,True,0.7399642169188456,False,False,True,False,True,True,False,False,True,False,False,False,False,False,False,False,False,False,20.0,12.0,11.730769230769234,0.0,-0.453328787971719,False,False,False,False,False,False,False,-1,False,6,False,False,463.9596967135278,,10,False,3,False,True,False,True,"ema60_gt_ema120, market_above_ma60, avoid_chase, liquidity_ok, adx_trending, kd_golden_cross",,close_below_ema20
2026-08-17,107.0,109.0,107.0,108.5,532077,57679600,1215,卜蜂,,-1.2500004515562466,-1.9129219974967964,0.6629215459405498,108.09238726045037,115.05774955973014,123.11692245527183,48.289677217404446,35.16327631566732,2.4306910359857543,926192.05,98308938.4,110.5,103.0,-0.0241651233943018,-0.3336095738074026,-0.0045871559633027,0.0140186915887849,107.0,0.4523470322289901,111.44068759058456,107.15,102.85931240941548,0.6573174428921866,0.0800874958578542,73.33333333333333,69.44444444444464,108.1,107.25,-12511939.0,-13201504.2,-20.0,40.62015503875973,45.941995005004,113.5,127.75,,,,0.0,0.0,0.0,0.0,0.0,0.0,,0.0,0.0,0.0805,0.0591,0.0,37.69,-0.13,0,False,0,False,False,False,False,0.5744780469666091,False,False,True,False,True,True,False,False,True,True,False,False,False,False,False,False,False,True,-10.0,0.0,1.8433179723502304,15.0,0.105802438132595,False,False,False,False,False,False,False,-1,False,6,False,False,467.0144097272572,,10,False,3,False,False,False,False,"market_above_ma60, avoid_chase, liquidity_ok, adx_trending, kd_golden_cross, obv_uptrend",,
2026-08-17,7.18,7.45,7.18,7.38,10506,77396,1213,大飲,,0.3629277161047666,0.18822064982292,0.1747070662818465,6.876414145599103,7.055561212580373,7.781531491604957,52.77600762240665,10.864093660804295,0.9412567790117397,15830.95,119622.4,7.77,7.24,,,-0.044041450777202,0.0068212824010913,7.33,8.619496721798813,11.18213527403261,6.699499999999967,2.216864725967324,0.5759040116359773,1.3381999474685171,28.73563218390804,35.2490421455938,7.551999999999952,7.567999999999938,-823929.0,-742693.6,-7.750000000000002,32.138616985063955,35.71618978766955,6.2575,4.72,,,,0.0,0.0,0.0,0.0,0.0,0.0,,0.0,0.0,0.398,0.2883,0.0,0.02,0.01,0,False,0,False,False,True,False,0.663636736898291,False,False,False,False,True,False,False,False,False,False,False,False,False,False,False,False,False,False,10.0,0.0,5.2845528455284505,0.0,-0.4984638134523577,False,False,True,False,False,False,False,-1,False,3,False,False,220.65480160755465,,3,False,3,False,False,False,False,"market_above_ma60, avoid_chase, above_ichimoku_cloud",,
2026-08-17,75.4,75.7,74.6,75.2,9455444,708911886,1216,統一,,-0.269526578362445,-0.2925408790484294,0.0230143006859844,75.78610232653031,75.43218514429823,74.94896660818168,46.51603765545997,16.642841928964167,1.5580115957469611,19230670.95,1452379914.05,80.3,73.0,-0.1832458893714603,0.0916764455728687,-0.0039735099337747,-0.0079155672823217,75.8,0.340333484196415,79.31308855550276,75.83500000000004,72.35691144449731,0.4087142276760905,0.0917277920617846,67.50000000000007,81.84959349593494,75.9,75.0800000000003,41489586.0,61876897.2,-51.724137931034505,-28.996282527880744,41.30061658706924,76.05000000000001,73.75,,,,0.0,0.0,0.0,0.0,0.0,0.0,,0.0,0.0,0.0885,0.0663,0.0,32.85,0.44,0,False,0,False,False,False,True,0.4916856008084315,False,False,False,False,True,True,False,False,False,False,False,False,False,False,False,False,False,True,0.0,0.0,6.781914893617014,0.0,-0.2216763156608593,False,False,False,False,False,False,False,-1,False,4,False,False,257.25674022015403,,3,False,3,False,True,False,True,"ema60_gt_ema120, market_above_ma60, avoid_chase, liquidity_ok",,close_below_ema20
2026-08-17,9.96,10.0,9.95,9.98,483140,4823343,1217,愛之味,,-0.0040388703874079,-0.0133440010791169,0.009305130691709,9.903069578411262,9.91900541170128,10.008450763048174,56.792205145177526,12.38240007038587,0.1023546316293572,486733.65,4822453.9,10.0,9.76,-0.0529983326432557,0.0361080830930267,0.0142276422764229,0.002008032128514,9.96,1.8540008042071536,10.05478171929455,9.906000000000017,9.757218280705484,0.7486864661561383,0.0300387077113936,92.30769230769246,81.70163170163202,9.91800000000003,9.85900000000006,-6713838.0,-7853127.35,-22.580645161290377,76.04994324631107,61.07229955626782,9.985,9.785,,,,0.0,0.0,0.0,0.0,0.0,0.0,,0.0,0.0,0.0389,0.2211,0.0,8.57,0.06,0,False,0,False,False,True,False,0.9926168038720972,False,True,False,False,True,False,False,False,False,True,False,False,False,False,False,False,True,True,-20.0,0.0,0.2004008016032021,25.0,0.571063129909356,False,False,False,False,False,False,False,-1,False,5,False,False,351.77892559763325,,3,False,3,False,False,False,False,"rsi_strong, market_above_ma60, avoid_chase, obv_uptrend, mfi_strong",,
2026-08-17,11.05,11.2,11.05,11.2,313837,3487113,1219,福壽,,-0.2938347060235955,-0.3420855077440082,0.0482508017204127,11.24088400708849,11.935961777891976,12.494095287812828,43.6525374702837,26.787132044916287,0.2369352773200869,654464.05,7323389.2,11.85,10.6,-0.4711198594530807,-0.2832922286024577,0.0370370370370369,0.0135746606334841,11.05,0.4389867818628725,12.051135582094696,11.225000000000025,10.39886441790535,0.4848693116832979,0.147195649370988,100.0,87.63197586727013,11.019999999999982,10.865000000000007,-26216281.0,-26214190.65,-50.0,-11.11586147926456,36.53506908473692,12.4125,12.825,,,,0.0,0.0,0.0,0.0,0.0,0.0,,0.0,0.0,-0.201,-0.2003,0.0,6.09,0.03,0,False,0,False,False,False,False,0.4795328330104609,False,False,True,False,True,False,False,False,False,False,False,False,False,False,False,False,False,True,-20.0,0.0,5.803571428571432,0.0,-0.000406461525449,False,False,False,False,False,False,False,-1,False,3,False,False,159.79045079179923,,5,False,3,False,True,False,True,"market_above_ma60, avoid_chase, adx_trending",,close_below_ema20
2026-08-17,14.75,14.75,14.3,14.55,2495047,36041152,1218,泰山,,-1.227416067737197,-0.9265961368344984,-0.3008199309026986,14.491579548577423,16.340398324568948,17.319331500191414,49.19776554570621,36.48379284914234,2.2157585541272584,1561299.15,24272227.95,16.35,0.0,,,-0.0791139240506328,-0.0135593220338982,14.75,2.112624754035837,21.807144336607653,14.910000000000036,8.012855663392418,0.4739022425491894,0.9251702664798928,91.7981072555205,61.6193480546796,12.110000000000037,13.815000000000056,-38145230.0,-37596651.7,-10.736196319018404,-15.784982935153725,55.30119135784648,17.8125,18.225,,,,0.0,0.0,0.0,0.0,0.0,0.0,,0.0,0.0,-0.3693,-0.21,0.0,3.03,-0.12,0,False,0,False,False,False,False,1.5980582580859024,True,False,True,False,True,False,False,False,False,False,False,False,False,False,False,False,True,False,-20.0,0.0,12.37113402061856,0.0,-0.0447381205950445,False,False,False,False,False,False,False,-1,False,5,False,False,300.4437251337185,,8,False,3,False,False,False,False,"volume_break, market_above_ma60, avoid_chase, adx_trending, mfi_strong",,
2026-08-17,24.6,24.75,24.5,24.75,32355,795812,1225,福懋油,,-0.8766321057290725,-0.9811333353548328,0.1045012296257603,25.452731144081948,27.4760146694575,28.760685575385207,38.48417004517098,32.02006459149848,0.7112150614140391,166859.9,4245753.45,27.2,23.7,-0.5815266453266127,-0.4158202940958201,-0.01,0.0,24.75,0.4335239078456477,27.658865267731,25.442500000000017,23.226134732269035,0.3437757507567857,0.1742254312847385,66.6666666666666,62.96296296296229,24.759999999999856,24.485000000000035,-1202762.0,-707786.6,-68.00000000000001,-53.062561415001575,30.284384553800464,29.6,30.6,,,,0.0,0.0,0.0,0.0,0.0,0.0,,0.0,0.0,-0.1026,-0.1027,0.0,1.13,0.02,0,False,0,False,False,False,False,0.1939051863269725,False,False,True,False,True,False,False,False,False,False,False,False,False,False,False,False,False,True,0.0,0.0,9.898989898989896,0.0,-0.5715172109271527,False,False,False,False,False,False,False,-1,False,3,False,False,170.0808453321439,,10,False,3,False,True,False,True,"market_above_ma60, avoid_chase, adx_trending",,close_below_ema20
2026-08-17,10.95,10.95,10.9,10.9,138515,1512132,1220,台榮,,-0.135879160357689,-0.1231321488538956,-0.0127470115037933,11.185100418476996,11.51419049190269,11.86889880490638,22.268726391679703,37.818406370692486,0.1213339285578933,79209.45,882402.4,11.4,11.0,-0.1793046236790476,-0.1215155198504177,-0.022421524663677,-0.009090909090909,11.0,1.3929504025041577,11.44404522456334,11.192500000000042,10.940954775436742,-0.0814063862827092,0.0449488898035825,0.0,14.285714285714372,11.03000000000011,11.10000000000009,-1497554.0,-1083827.5,-100.0,-198.6593540524082,25.06756595684709,11.625,11.95,,,,0.0,0.0,0.0,0.0,0.0,0.0,,0.0,0.0,0.0138,0.021,0.0,7.02,-0.02,0,False,0,False,False,False,False,1.7487181138109154,True,False,True,False,True,False,False,False,False,False,False,False,False,False,False,False,False,False,20.0,25.0,4.587155963302751,0.0,-0.925540520989686,False,False,False,False,False,False,False,-1,False,4,False,False,336.3806948862329,,5,False,3,False,True,True,True,"volume_break, market_above_ma60, avoid_chase, adx_trending",,"close_below_ema20, close_below_swing_low"
2026-08-17,40.65,41.15,40.6,41.15,1923884,78788512,1229,聯華,,-0.0499879735099639,-0.1452809839580805,0.0952930104481165,41.00025475760932,41.41130771515866,42.33476679320783,50.86355276083537,11.586544150678144,0.8759062755662717,2708981.7,111237762.9,42.5,40.1,-0.0022125609057799,-0.0103701716493785,0.0110565110565108,0.0085784313725489,40.8,0.7621173626300343,42.20887016351205,40.915000000000056,39.62112983648806,0.5908128213429367,0.0632467390205056,58.53658536585353,56.02013162988745,41.329999999999565,40.87999999999992,-45708210.0,-44458784.15,-40.47619047619052,3.2792858444162243,38.75498242101204,42.15,41.45,,,,0.0,0.0,0.0,0.0,0.0,0.0,,0.0,0.0,1.1498,1.0493,0.0,8.94,0.09,0,False,0,False,False,False,False,0.7101871526116252,False,False,False,False,True,True,False,False,True,False,False,False,False,False,False,False,False,True,0.0,0.0,3.280680437424062,8.0,-0.1065496921233266,False,False,False,False,False,False,False,-1,False,4,False,False,298.82327522063633,,3,False,3,False,False,False,False,"market_above_ma60, avoid_chase, liquidity_ok, kd_golden_cross",,
2026-08-17,28.55,28.95,28.55,28.85,668523,19248129,1227,佳格,,-0.1904976873559292,-0.1356291130738661,-0.0548685742820631,29.10137182112041,29.23790755381968,29.420371158033337,45.34011444075355,16.860145028256373,0.4475046317472108,1360460.65,39856478.3,30.2,28.6,-0.183324226763793,0.0614268291345784,-0.0119863013698628,0.0087412587412587,28.6,1.085364063590629,30.09662593332657,29.167500000000157,28.23837406667373,0.3291404918257688,0.063709672294603,47.05882352941194,39.21568627450991,28.790000000000145,28.85500000000029,-12627136.0,-12720170.8,-77.14285714285701,-63.36088154270018,53.9427538312853,29.575,29.25,,,,0.0,0.0,0.0,0.0,0.0,0.0,,0.0,0.0,0.0774,0.0659,0.0,7.21,-0.17,0,False,0,False,False,False,False,0.4913945875612058,False,False,False,False,True,False,False,False,True,True,False,False,False,False,False,False,True,False,0.0,0.0,4.679376083188901,0.0,0.0179203012019877,False,False,False,False,False,False,False,-1,False,5,False,False,340.1289894900359,,3,False,3,False,True,False,True,"market_above_ma60, avoid_chase, kd_golden_cross, obv_uptrend, mfi_strong",,close_below_ema20
2026-08-17,80.2,81.1,80.1,80.6,368385,29700624,1231,聯華食,,-2.141603338155321,-1.88408828401424,-0.2575150541410806,83.1438555410271,85.9791417953974,89.33774657574793,35.981532062358625,23.79185469755233,1.8278273855279692,502242.1,42607618.4,92.2,79.9,-0.8773984937658421,-0.0835923996253837,0.0037359900373599,0.0062421972534332,80.1,0.8319071268412671,94.77719497735448,84.43999999999997,74.10280502264547,0.314262959709467,0.2448411884735789,48.38709677419342,45.29569892473106,80.8,80.48999999999978,-28756033.0,-27398749.05,-87.96992481203011,-54.06892756414676,34.78065431769284,87.85000000000001,87.0,,,,0.0,0.0,0.0,0.0,0.0,0.0,,0.0,0.0,0.0353,0.1502,0.0,2.8,-0.11,0,False,0,False,False,False,False,0.7334809248368467,False,False,True,False,True,False,False,False,True,False,False,False,False,False,False,False,False,True,0.0,0.0,14.392059553349888,0.0,-0.8596752488622558,False,False,False,False,False,False,False,-1,False,4,False,False,287.0187062620214,,5,False,3,False,True,False,True,"market_above_ma60, avoid_chase, adx_trending, kd_golden_cross",,close_below_ema20
2026-08-17,152.5,155.0,152.0,154.0,162485,24983689,1232,大統益,,0.8036450493049188,1.2574329067420331,-0.4537878574371146,153.9400093884538,151.4244844704156,149.9364967924486,51.26772802726887,26.863438267906737,3.562715743290373,302074.55,46896434.4,163.0,151.5,-0.0535974880650134,0.1266419510856836,-0.0128205128205127,0.0098360655737705,152.5,0.34876093694864,159.38813972081442,154.625,149.86186027918558,0.4343920148648154,0.0616089212069771,26.666666666666668,31.111111111111317,154.1,154.25,3825169.0,4452593.3,-61.11111111111112,-46.06525911708317,51.62409979452978,147.25,147.25,,,,0.0,0.0,0.0,0.0,0.0,0.0,,0.0,0.0,0.4152,0.3337,0.0,2.87,0.04,0,False,0,False,False,True,True,0.5378970191298804,False,False,True,False,True,False,False,False,False,False,False,False,False,False,False,False,True,False,10.0,0.0,5.844155844155844,0.0,-0.2450947927988819,False,False,True,False,False,False,False,-1,False,6,False,False,452.4378326777122,,5,False,3,False,False,False,False,"ema60_gt_ema120, market_above_ma60, avoid_chase, adx_trending, mfi_strong, above_ichimoku_cloud",,
2026-08-17,27.9,27.95,27.6,27.9,12301,342432,1233,天仁,,-0.1675304674716606,-0.0203609766171941,-0.1471694908544665,28.36457352001445,28.54579838715216,29.060647707581584,39.071873306978624,29.50256121840205,0.4506676113426722,20165.85,578052.75,29.2,27.6,-0.2520941975153824,0.0450286818774828,-0.0141342756183746,0.0035971223021582,27.8,0.583112080409634,29.618698769182416,28.62749999999992,27.636301230817423,0.1330201254184688,0.0692480146140947,23.07692307692291,12.454212454212517,27.839999999999783,28.274999999999817,-502854.0,-467419.25,-88.00000000000011,-132.0502539427958,38.69044754592091,27.975,28.15,,,,0.0,0.0,0.0,0.0,0.0,0.0,,0.0,0.0,0.0406,-0.1459,0.0,5.66,-0.01,0,False,0,False,False,False,False,0.6099916442897275,False,False,True,False,True,False,False,False,False,False,False,False,False,False,False,False,False,False,10.0,12.0,4.659498207885307,0.0,-0.8758670375965818,False,False,False,False,False,False,False,-1,False,3,False,False,227.58951199173828,,5,False,3,False,True,False,True,"market_above_ma60, avoid_chase, adx_trending",,close_below_ema20
2026-08-17,25.1,25.6,25.1,25.55,37519,956050,1236,宏亞,,0.236906216392839,0.0903394446296812,0.1465667717631578,24.838065124532942,24.895366112189755,25.066315312806413,62.61782796863079,19.63446535176316,0.5971904767663033,104248.75,2594862.75,25.55,24.7,0.497414463030509,-0.0413033010746638,0.0,0.0059055118110236,25.4,1.1524851247061816,26.034007873992643,24.510000000000083,22.985992126007524,0.841205586187475,0.1243580476534111,75.00000000000013,62.777777777777374,25.22999999999993,25.18500000000004,4228292.0,3471997.05,-13.725490196078365,87.74631757690634,73.66870565855038,25.725,25.275,,,,0.0,0.0,0.0,0.0,0.0,0.0,,0.0,0.0,0.2344,0.5241,0.0,0.65,-0.05,0,False,0,False,False,True,False,0.3598987997458003,False,True,False,False,True,False,False,False,False,True,False,False,False,False,False,False,True,True,-10.0,-12.0,0.0,25.0,1.30025367396663,False,False,False,False,False,False,False,-1,False,5,False,False,372.2020320850576,,3,False,3,False,False,False,False,"rsi_strong, market_above_ma60, avoid_chase, obv_uptrend, mfi_strong",,
2026-08-17,181.0,182.0,179.0,179.0,87942,15877995,1256,鮮活果汁-KY,,-1.4599077113206531,-1.4272064472506245,-0.032701264070029,181.41984301221933,181.0546236064194,174.56390233833574,45.43503257170333,10.678319279496224,6.082738334150524,95137.9,17072657.95,188.0,177.0,-0.131726899655692,-0.0932837729208151,0.0056179775280897,-0.011049723756906,181.0,0.4110689604220742,188.6398859872445,181.075,173.51011401275548,0.3628531875101132,0.0835552780587547,30.0,35.833333333333336,180.0,180.5,-786175.0,-711546.75,-60.869565217391305,-25.38787023977494,39.34850046609037,189.75,187.5,,,,0.0,0.0,0.0,0.0,0.0,0.0,,0.0,0.0,0.2199,0.076,0.0,4.76,-0.08,0,False,0,False,False,False,True,0.9243634765955524,False,False,False,False,True,False,False,False,False,False,False,False,False,False,False,False,False,False,0.0,0.0,5.027932960893855,0.0,-0.1259263138510662,False,False,False,False,False,False,False,-1,False,3,False,False,197.73251899974275,,3,False,3,False,True,False,True,"ema60_gt_ema120, market_above_ma60, avoid_chase",,close_below_ema20
2026-08-17,61.0,61.8,59.1,59.1,30793935,1854932170,1301,台塑,,0.1158735180348315,0.0215446346527172,0.0943288833821143,57.46485477526982,55.26407888836184,51.98625939057755,54.64518578887899,15.353892599931644,2.843708536989014,41725149.35,2527094851.65,66.2,53.8,-0.528522363803175,0.4851285117558759,0.0629496402877698,-0.015,60.0,1.2576908556680038,65.04915009047946,57.990000000000144,50.93084990952084,0.5786213627542013,0.2434609446621587,64.00000000000006,74.29148629148585,57.68000000000029,56.62000000000008,1457497099.0,1404872176.35,-30.337078651685346,38.20273496852591,62.78051713950315,55.8,53.55,,,,0.0,0.0,0.0,0.0,0.0,0.0,,0.0,0.0,0.0477,0.0943,0.0,33.76,0.3,0,False,0,True,True,True,True,0.7380185686501323,False,False,False,False,False,True,False,False,False,True,False,False,False,False,False,False,True,True,0.0,0.0,12.013536379018614,0.0,0.1534665865335089,False,False,True,False,False,False,False,-1,False,8,False,False,564.2217847249035,,3,False,3,False,False,False,False,"macd_golden_cross, ema60_gt_ema120, market_above_ma60, liquidity_ok, hist_turn_positive, obv_uptrend, mfi_strong, above_ichimoku_cloud",,
2026-08-17,213.5,215.0,200.0,200.5,139718650,28998372733,1303,南亞,,7.496991930917915,5.422643429925982,2.074348500991933,183.44810488904147,158.99327577267937,131.00061046190595,59.77692304480178,17.404488320157913,15.056604236106304,99475227.8,18205664976.45,208.0,165.0,0.485050783570937,1.3559318068855843,0.0837837837837838,-0.0337349397590361,207.5,1.5962479996847605,216.80333993043,179.75,142.69666006957002,0.7800017493559211,0.4122763830924059,68.13186813186813,81.39606872001241,195.2,187.5,5852079193.0,5650134980.75,-18.238993710691823,113.23191461075344,65.08516184902685,159.525,140.2,,,,0.0,0.0,0.0,0.0,0.0,0.0,,0.0,0.0,0.4453,0.1267,0.0,31.24,-0.15,0,False,0,False,False,True,True,1.404557225854375,False,True,False,False,False,True,False,False,False,True,False,False,False,False,False,False,True,True,0.0,0.0,3.740648379052369,0.0,0.4332381387316977,False,False,True,False,True,False,False,-1,False,7,True,False,509.2444299233241,,3,False,3,False,False,False,False,"ema60_gt_ema120, rsi_strong, market_above_ma60, liquidity_ok, obv_uptrend, mfi_strong, above_ichimoku_cloud",open_high_close_low,
2026-08-17,11.9,12.0,11.85,11.85,1571206,18740329,1304,台聚,,-0.2978324218404324,-0.3820305478731539,0.0841981260327214,12.122583012730212,12.713389609627477,12.787528254516838,43.63434822439725,12.687083895020876,0.4767426526520622,4129067.5,50364776.2,13.45,11.15,-0.3733518948127011,-0.1482416469106135,-0.0206611570247934,-0.0125,12.0,0.3629203443027461,13.37364161752128,11.982500000000003,10.591358382478733,0.4523772424276641,0.2321955547709198,47.36842105263154,70.11046133853172,12.019999999999891,11.854999999999972,346192704.0,347394719.45,-34.48275862068967,-13.196480938416306,58.75408612760235,14.2625,13.825,,,,0.0,0.0,0.0,0.0,0.0,0.0,,0.0,0.0,-0.0495,0.1604,0.0,28.43,0.3,0,False,0,False,False,False,False,0.380523205299986,False,False,False,False,True,True,False,False,False,False,False,False,False,False,False,False,True,True,0.0,0.0,13.502109704641349,0.0,-0.0951267725414836,False,False,False,False,False,False,False,-1,False,4,False,False,237.66371078250205,,3,False,3,False,True,False,True,"market_above_ma60, avoid_chase, liquidity_ok, mfi_strong",,close_below_ema20
2026-08-17,11.7,11.95,11.7,11.85,1073962,12665622,1305,華夏,,-0.2347383916741154,-0.3444192128625758,0.1096808211884603,11.827708302452306,12.474875256336242,12.734837002523836,47.99401022692883,17.489851048591927,0.4489081220288055,2012132.2,23714229.2,12.75,11.0,-0.2261468413596315,-0.2023901865684166,0.0128205128205127,0.0042372881355932,11.8,0.4301875737906897,12.794455423752122,11.669999999999936,10.54554457624775,0.5800387441769026,0.1927087272925779,69.99999999999993,76.4197530864197,11.789999999999964,11.614999999999965,-5142239.0,-7586898.7,-19.354838709677452,19.59099501632582,43.7335281929369,13.75,13.475,,,,0.0,0.0,0.0,0.0,0.0,0.0,,0.0,0.0,-0.2455,0.0063,0.0,3.52,0.27,0,False,0,False,False,False,False,0.5337432600104506,False,False,False,False,True,False,False,False,False,True,False,False,False,False,False,False,False,True,0.0,0.0,7.594936708860763,0.0,0.3052220692385595,False,False,False,False,False,False,False,-1,False,3,False,False,159.00009743096723,,3,False,3,False,False,False,False,"market_above_ma60, avoid_chase, obv_uptrend",,
2026-08-17,30.3,30.6,30.25,30.5,424767,12949221,1307,三芳,,-0.6021047774534019,-0.554308141718143,-0.0477966357352588,31.48164315168812,32.38742784492531,32.63102489823308,38.24928268997922,23.081250158504048,0.7886415928644704,680779.95,21223618.8,32.6,30.4,-0.2486409066246518,-0.1531003030469482,-0.0129449838187701,0.0032894736842106,30.4,1.0861744448593154,32.955441726929806,31.46249999999991,29.96955827307001,0.1776498430453799,0.0949029305954645,15.094339622641463,14.465408805031378,30.66999999999971,31.26499999999978,40217713.0,42488478.25,-81.81818181818181,-108.1761006289304,38.96878397087062,34.537499999999994,34.45,,,,0.0,0.0,0.0,0.0,0.0,0.0,,0.0,0.0,0.1102,0.25,0.0,6.93,-0.42,0,False,0,False,False,False,False,0.6239417009857591,False,False,True,False,True,False,False,False,True,False,False,False,False,False,False,False,False,False,20.0,12.0,6.885245901639349,0.0,-0.3748085455380407,False,False,False,False,False,False,False,-1,False,4,False,False,328.7417144634011,,5,False,3,False,True,False,True,"market_above_ma60, avoid_chase, adx_trending, kd_golden_cross",,close_below_ema20
2026-08-17,13.3,13.45,13.2,13.4,1345958,17945801,1308,亞聚,,-0.1556600019815217,-0.2255913781496649,0.0699313761681432,13.492316796109044,13.848157788446263,13.973165503049946,46.95949338735223,14.73935180425039,0.4725500548519181,2155586.55,29043999.95,14.6,12.6,-0.1759795334564842,-0.0160509324541852,-0.0183150183150183,0.0037453183520599,13.35,0.5858354360820774,14.635243100552463,13.362499999999978,12.08975689944749,0.5147319596483156,0.1904947578001855,56.52173913043479,66.83341125136333,13.529999999999928,13.354999999999972,-8089054.0,-8913663.05,-30.303030303030297,-3.3898305084747777,58.6314057518743,15.175,14.875,,,,0.0,0.0,0.0,0.0,0.0,0.0,,0.0,0.0,0.0773,-0.0291,0.0,4.99,0.46,0,False,0,False,False,False,False,0.6244045269256296,False,False,False,False,True,False,False,False,False,True,False,False,False,False,False,False,True,True,0.0,0.0,8.955223880597009,0.0,0.0718405800741315,False,False,False,False,False,False,False,-1,False,4,False,False,287.1061322301459,,3,False,3,False,True,False,True,"market_above_ma60, avoid_chase, obv_uptrend, mfi_strong",,close_below_ema20
2026-08-17,12.95,12.95,12.65,12.7,1134453,14472378,1309,台達化,,-0.4843153762645933,-0.5480574817446948,0.0637421054801015,13.276978079527789,14.46305821540036,14.824541720232611,38.85609308233271,15.90292397359465,0.5637848900854726,3292076.35,46677487.35,15.4,12.55,-0.692413936966283,-0.3997606100104581,-0.0155038759689922,-0.0193050193050192,12.95,0.2543664127462852,15.03648714361042,13.247499999999992,11.458512856389564,0.3469804542879329,0.2700867550270509,33.3333333333332,56.40616693248254,12.959999999999946,12.884999999999945,239626826.0,240647538.35,-52.17391304347837,-45.21992002908053,48.48301389234904,15.7875,17.45,,,,0.0,0.0,0.0,0.0,0.0,0.0,,0.0,0.0,-0.1061,0.7155,0.0,2.85,0.38,0,False,0,False,False,False,False,0.3446010600574315,False,False,False,False,True,False,False,False,False,False,False,False,False,False,False,False,False,True,0.0,0.0,21.259842519685048,0.0,-0.102842052722028,False,False,False,False,False,False,False,-1,False,2,False,False,87.21190596790997,,3,False,3,False,True,False,True,"market_above_ma60, avoid_chase",,close_below_ema20
2026-08-17,8.5,8.5,8.07,8.12,3420792,27909080,1310,台苯,,-0.4013624863280256,-0.4656588921809249,0.0642964058528993,8.417276217428029,9.000894918838567,9.175051512603355,42.50010069050852,20.439656535956207,0.4143341004188974,6302250.55,50714975.9,10.2,7.34,-0.993103990413974,-0.0623280917061223,0.0049504950495049,-0.021686746987952,8.3,0.6908440568352849,10.255177630211175,8.340999999999985,6.426822369788794,0.4422728600230265,0.4589803693109205,61.99999999999992,81.84095131921276,8.132000000000062,8.030999999999995,139662997.0,143858035.3,-26.027397260274025,-9.701891227695285,52.811412170944415,10.81,10.075,,,,0.0,0.0,0.0,0.0,0.0,0.0,,0.0,0.0,-0.1452,0.1742,0.0,5.11,0.3,0,False,0,False,False,False,False,0.5427889565577491,False,False,True,False,True,True,False,False,False,False,False,False,False,False,False,False,True,True,0.0,0.0,25.615763546798032,0.0,-0.1300045391377882,False,False,False,False,True,False,False,-1,False,5,True,False,293.8678350959241,,3,False,3,False,True,False,True,"market_above_ma60, avoid_chase, liquidity_ok, adx_trending, mfi_strong",open_high_close_low,close_below_ema20
2026-08-17,11.9,11.95,11.7,11.8,3555554,41860935,1312,國喬,,-0.3363984061409546,-0.3737256567573224,0.0373272506163677,12.108039430264034,12.562840092526598,12.525475089695249,43.36598370462728,12.409120442612991,0.5125899783326455,11338688.95,146560612.95,13.95,11.45,-0.5751369875411172,-0.0554919980188864,-0.0084033613445377,-0.0084033613445377,11.9,0.3876495834192492,13.718985607612977,12.077499999999986,10.436014392386998,0.4154729110285896,0.2718253955889862,29.41176470588237,43.91503267973894,11.8,11.879999999999972,-60904855.0,-47440471.35,-37.49999999999999,-29.45976122992349,47.07601542510872,14.2875,12.89,,,,0.0,0.0,0.0,0.0,0.0,0.0,,0.0,0.0,-0.0502,0.1132,0.0,2.76,0.16,0,False,0,False,False,False,True,0.3135771706657497,False,False,False,False,True,True,False,False,False,False,False,False,False,False,False,False,False,False,10.0,0.0,18.220338983050837,0.0,-0.3389096746627282,False,False,False,False,False,False,False,-1,False,4,False,False,219.0688556107048,,3,False,3,False,True,False,True,"ema60_gt_ema120, market_above_ma60, avoid_chase, liquidity_ok",,close_below_ema20
2026-08-17,11.75,11.85,11.25,11.5,2797497,32339406,1313,聯成,,-0.0809479613728818,-0.1705246089411393,0.0895766475682575,11.506115318839605,11.618060245604056,11.476817750729426,49.289901140594544,16.896409447856094,0.5100660092334922,4205846.55,47920945.3,12.3,10.55,-0.0486926786864189,0.0826409755311819,-0.0086206896551723,-0.0212765957446808,11.75,0.4979931339021948,12.551445417673762,11.339999999999986,10.12855458232621,0.5660368175345643,0.2136588038225357,61.53846153846156,81.04522792022787,11.580000000000018,11.429999999999971,167608949.0,166505685.95,-27.777777777777768,23.57126973537905,57.43508331560723,12.9125,12.4,,,,0.0,0.0,0.0,0.0,0.0,0.0,,0.0,0.0,-0.0078,-0.0325,0.0,6.81,0.06,0,False,0,False,False,False,True,0.6651448089564752,False,False,False,False,True,False,False,False,False,True,False,False,False,False,False,False,True,True,0.0,0.0,6.956521739130441,0.0,0.0662158493837263,False,False,False,False,False,False,False,-1,False,5,False,False,317.44603828216947,,3,False,3,False,True,False,True,"ema60_gt_ema120, market_above_ma60, avoid_chase, obv_uptrend, mfi_strong",,close_below_ema20
2026-08-17,7.66,7.83,7.6,7.81,19111191,147171960,1314,中石化,,-0.1649243322101101,-0.1702790696535006,0.0053547374433904,7.895873055421095,7.99819459623623,7.92909343167809,45.85637900433236,13.20394452165398,0.3014657773323625,28905943.25,228906513.4,8.45,7.65,-0.386561730056064,0.1196959268088232,0.0090439276485787,0.0169270833333332,7.68,0.4553329467763913,8.452528972814013,7.848500000000013,7.244471027186012,0.4681306677884567,0.1539221438017454,45.65217391304338,36.82066573781109,7.725999999999931,7.74699999999998,-313369291.0,-257027186.35,-35.211267605633886,-33.60777432852002,42.546183378264864,9.225,8.695,,,,0.0,0.0,0.0,0.0,0.0,0.0,,0.0,0.0,-0.356,0.0185,0.0,9.44,-0.45,0,False,0,True,True,False,True,0.6611509209269619,False,False,False,False,True,True,False,False,True,False,False,False,False,False,False,False,False,False,0.0,0.0,8.194622279129318,0.0,-0.2477574414639978,False,False,False,False,False,False,False,-1,False,7,False,False,408.6384199117017,,3,False,3,False,True,False,True,"macd_golden_cross, ema60_gt_ema120, market_above_ma60, avoid_chase, liquidity_ok, hist_turn_positive, kd_golden_cross",,close_below_ema20
2026-08-17,65.7,66.3,65.7,65.9,206452,13604575,1315,達新,,0.4003041518754671,0.2695716966643471,0.1307324552111199,64.11623770820812,63.41404532191653,63.13605979865517,64.79441498283086,27.537613190145624,1.0217988977396613,52023.55,3351907.35,65.0,63.3,0.0575327655112499,0.0989496922402514,0.0232919254658385,0.0138461538461538,65.0,2.858148736860696,65.36025662884185,64.04500000000053,62.7297433711592,1.2051855734168164,0.0410728902753162,87.50000000000026,78.54938271604927,64.62000000000043,64.21000000000058,383828.0,-113004.95,-10.526315789473468,279.61630695443574,80.30968057688561,63.1,62.65,,,,0.0,0.0,0.0,0.0,0.0,0.0,,0.0,0.0,-0.0413,0.0708,0.0,1.32,-0.07,0,False,0,False,False,True,True,3.968433526739332,True,True,True,True,True,False,False,False,False,True,False,False,True,True,False,False,True,True,-20.0,-25.0,-1.365705614567535,25.0,2.0,False,False,True,False,False,False,False,-1,False,12,False,False,883.6843352673933,,8,False,3,False,False,False,False,"ema60_gt_ema120, volume_break, rsi_strong, breakout_20d, market_above_ma60, avoid_chase, adx_trending, obv_uptrend, bb_squeeze_breakout, breakout_volume_confirm, mfi_strong, above_ichimoku_cloud",,
2026-08-17,10.2,10.8,10.2,10.8,6532040,68948930,1316,上曜,,-0.0179166747398564,-0.0910402675317519,0.0731235927918954,10.164229178860548,10.497219034206452,11.232138674083943,63.27102412685479,17.348079323676636,0.2837577161565318,1687110.2,17050950.35,10.4,9.96,0.0314195133998879,-0.0887804647406544,0.0746268656716417,0.08,10.0,1.2863699753957434,10.581827838486156,10.094000000000028,9.606172161513898,1.2236159401961295,0.0966569919726824,100.0,51.63170163170192,10.220000000000072,10.131000000000084,-10163090.0,-14988642.35,-0.0,224.59734283381476,63.45459818870123,10.7625,10.925,,,,0.0,0.0,0.0,0.0,0.0,0.0,,0.0,0.0,1.0204,0.0263,0.0,4.1,-0.04,0,False,0,False,False,True,False,3.871732860129706,True,True,False,True,False,False,False,False,False,True,False,False,True,True,False,True,True,True,-20.0,-25.0,-3.703703703703707,25.0,0.7826432215746538,False,False,False,False,False,False,False,-1,False,9,False,False,683.1090472601928,,3,False,3,False,False,False,False,"volume_break, rsi_strong, breakout_20d, market_above_ma60, obv_uptrend, bb_squeeze_breakout, breakout_volume_confirm, cci_momentum, mfi_strong",,
2026-08-17,82.7,84.2,82.0,83.6,3527153,294398666,1319,東陽,,1.0291121348003287,-0.5814403240564658,1.6105524588567943,77.26682194794671,79.50520247335042,83.27702707794373,69.20558797973833,28.920840511335385,2.387406843607532,3208640.0,245214828.3,83.9,71.4,0.7499340407003707,-0.4422604570766513,0.0773195876288659,-0.0035756853396902,83.9,3.6885291635436896,83.17337338754461,74.99000000000015,66.80662661245569,1.0260666715455466,0.2182523906532723,82.48175182481748,88.44905690654984,80.94000000000014,78.04000000000015,-13068750.0,-33693659.65,-13.953488372093052,164.73211358121813,82.92143400749356,83.94999999999999,90.65,,,,0.0,0.0,0.0,0.0,0.0,0.0,,0.0,0.0,0.2266,0.127,0.0,11.09,1.56,0,False,0,False,False,True,False,1.0992672908148,False,True,True,False,False,True,False,False,False,True,False,False,True,False,False,False,True,True,-20.0,-25.0,0.3588516746411619,25.0,1.2506293715280792,False,False,False,False,False,False,False,-1,False,7,False,False,566.000225366485,,5,False,3,False,False,False,False,"rsi_strong, market_above_ma60, liquidity_ok, adx_trending, obv_uptrend, bb_squeeze_breakout, mfi_strong",,
2026-08-17,31.65,31.85,31.65,31.8,89407,2840267,1321,大洋,,0.1268164174266104,0.1799952608140817,-0.0531788433874713,31.933221872691608,31.607520957486127,31.973491452065737,49.28456516004186,12.36972487228835,0.5515215690178461,138342.95,4432286.45,32.6,31.55,-0.0232483245852604,0.1834321112348238,-0.0124223602484472,-0.0015698587127158,31.85,1.2367974634973846,32.59544625077335,32.03499999999995,31.474553749226544,0.2903456400362643,0.0349896207756144,29.62962962962976,46.65815240527869,32.05,31.920000000000076,-5003579.0,-5157622.8,-65.51724137931033,-85.55555555555354,51.10070774386159,31.05,30.6,,,,0.0,0.0,0.0,0.0,0.0,0.0,,0.0,0.0,0.0142,-0.0287,0.0,6.86,-0.08,0,False,0,False,False,True,False,0.6462707351549175,False,False,False,False,True,False,False,False,False,True,False,False,False,False,False,False,True,True,10.0,0.0,2.5157232704402537,8.0,0.2500724720507447,False,False,True,False,False,False,False,-1,False,5,False,False,377.4635770161581,,3,False,3,False,True,False,True,"market_above_ma60, avoid_chase, obv_uptrend, mfi_strong, above_ichimoku_cloud",,close_below_ema20
2026-08-17,21.4,21.55,21.2,21.5,46567,996295,1323,永裕,,0.4070125901088488,0.2297145375650974,0.1772980525437513,20.65131470777674,20.25531401803446,20.072882709655623,68.29414997629776,24.155169179093683,0.4810304778389947,80948.85,1679748.15,21.7,19.75,0.5040596157001086,0.0518870820404111,-0.0046296296296296,0.0046728971962617,21.4,0.6507905040392526,21.93630145798825,20.372499999999945,18.80869854201164,0.8604997278396463,0.1535208205167075,75.99999999999994,77.7283950617287,21.55,20.86500000000005,1661412.0,1246543.85,-22.22222222222225,105.2208835341362,74.36629740707514,20.0375,20.525,,,,0.0,0.0,0.0,0.0,0.0,0.0,,0.0,0.0,0.2899,0.0444,0.0,1.53,0.2,0,False,0,False,False,True,True,0.5752645034487828,False,True,True,False,True,False,False,False,False,True,False,False,False,False,False,False,True,True,-10.0,-12.0,0.9302325581395317,25.0,1.0662150340375374,False,False,True,False,False,False,False,-1,False,8,False,False,596.5472254429383,,5,True,3,False,False,False,False,"ema60_gt_ema120, rsi_strong, market_above_ma60, avoid_chase, adx_trending, obv_uptrend, mfi_strong, above_ichimoku_cloud",,
2026-08-17,10.2,10.2,10.1,10.2,16777,170860,1324,地球,,-0.0588398237193263,-0.0879782873261582,0.0291384636068318,10.136357576071273,10.3077273511952,10.46240028355746,52.01936477353813,16.38452234694095,0.1443183796510589,44046.7,444800.55,10.35,9.96,-0.0966455817187145,-0.0671974557302683,0.0149253731343281,0.0,10.2,0.6973065367179454,10.379326436334328,10.1115,9.843673563665677,0.6652189403168624,0.0529746202510658,100.0,94.04761904761897,10.109999999999946,10.062000000000037,775266.0,802987.6,-0.0,39.064176861987264,31.98293421456925,10.6125,10.55,,,,0.0,0.0,0.0,0.0,0.0,0.0,,0.0,0.0,0.0657,0.0098,0.0,0.97,0.02,0,False,0,False,False,False,False,0.380891190486461,False,False,False,False,True,False,False,False,False,False,False,False,False,False,False,False,False,True,-20.0,0.0,1.4705882352941213,15.0,-0.1130168332077748,False,False,False,False,False,False,False,-1,False,2,False,False,122.4527099063713,,3,False,3,False,False,False,False,"market_above_ma60, avoid_chase",,
2026-08-17,26.0,26.1,25.9,26.1,132595,3443067,1325,恆大,,0.1163695300855671,0.1991250245085066,-0.0827554944229395,26.285652977592317,26.257946518741285,26.86615508915931,48.92441718074242,25.464063161008006,0.8312545995413951,735034.2,20236822.05,28.25,26.0,-0.1438805315334402,-0.0123443391514288,-0.0261194029850746,-0.0038167938931297,26.2,0.1980218826710036,27.98931477952564,26.58500000000004,25.180685220474437,0.3273179179372181,0.1056471528700846,10.256410256410389,8.547008547008469,26.23000000000011,26.44000000000005,10547079.0,10504163.55,-81.39534883720923,-77.12215320911015,42.92585997293428,25.3125,26.4,,,,0.0,0.0,0.0,0.0,0.0,0.0,,0.0,0.0,-0.0016,-0.0759,0.0,0.86,-0.34,0,False,0,False,False,False,False,0.1803929667490302,False,False,True,False,True,False,False,False,True,True,False,False,False,False,False,False,False,False,20.0,0.0,8.2375478927203,0.0,0.0167774265414336,False,False,False,False,False,False,False,-1,False,5,False,False,367.0052587859875,,3,False,3,False,True,False,True,"market_above_ma60, avoid_chase, adx_trending, kd_golden_cross, obv_uptrend",,close_below_ema20
2026-08-17,14.6,14.65,14.55,14.6,72031,1051115,1338,廣華-KY,,-0.414983364217111,-0.3660729278195808,-0.0489104363975301,15.382013732032156,16.027392143251262,16.768507597241566,28.8730271196562,42.54153836914223,0.4116890694220126,106835.25,1627527.05,16.2,14.65,-0.4265966022919742,-0.1680230742116775,-0.0550161812297734,-0.0034129692832765,14.65,1.1372815296284358,16.23535286793775,15.384999999999945,14.53464713206214,0.0384269109930485,0.1105431092541836,4.999999999999893,11.36363636363664,14.870000000000072,15.11999999999998,56151.0,684494.2,-95.45454545454557,-157.7489177489175,32.244378218789066,17.125,16.525,,,,0.0,0.0,0.0,0.0,0.0,0.0,,0.0,0.0,-0.167,-0.1719,0.0,6.34,-0.08,0,False,0,False,False,False,False,0.6742250334042369,False,False,True,False,True,False,False,False,False,False,False,False,False,False,False,False,False,False,20.0,25.0,10.95890410958904,0.0,-0.691692610602452,False,False,False,False,False,False,False,-1,False,3,False,False,218.44193900681296,,10,False,3,False,True,True,True,"market_above_ma60, avoid_chase, adx_trending",,"close_below_ema20, close_below_swing_low"
2026-08-17,60.4,61.7,59.1,59.3,19032496,1144384269,1326,台化,,-0.5042744528224432,-0.2876504958821426,-0.2166239569403006,60.14148883090928,57.74498776613371,52.55543807665478,47.98611018539596,14.274233034029445,3.3574264177548234,44511871.5,2896539006.05,71.7,56.3,-0.8306998117235966,0.4892098312512382,0.0085034013605442,-0.0198347107438017,60.5,0.5772042576454555,70.41700166899938,61.13000000000002,51.842998331000665,0.4014751980658791,0.3038443209226028,51.020408163265245,68.59410430839004,59.42000000000007,58.97000000000007,1250030790.0,1273832473.05,-41.53846153846158,-24.908424908424617,50.3248957367087,61.0875,58.325,,,,0.0,0.0,0.0,0.0,0.0,0.0,,0.0,0.0,0.3418,0.1301,0.0,37.5,0.0,0,False,0,False,False,True,True,0.427582470892063,False,False,False,False,True,True,False,False,False,False,False,False,False,False,False,False,True,True,0.0,0.0,20.91062394603711,0.0,-0.1103599774741145,False,False,False,False,False,False,False,-1,False,5,False,False,337.9515049792313,,3,False,3,False,True,False,True,"ema60_gt_ema120, market_above_ma60, avoid_chase, liquidity_ok, mfi_strong",,close_below_ema20
2026-08-17,46.05,46.05,45.0,45.3,205406,9326074,1339,昭輝,,0.4366420294490396,0.3135914603086235,0.1230505691404161,45.01179160274181,44.13461574244362,43.648683865551696,54.71243350908416,18.69133463778307,0.9979002370221316,116577.75,5249529.45,46.35,44.4,0.1615491149446702,0.0919159832470301,0.0066666666666665,-0.0226537216828479,46.35,2.5306221481985767,46.35859126970741,44.85749999999998,43.35640873029256,0.6473927698234713,0.0669271033698901,34.54545454545439,61.74634109060329,45.83999999999978,45.30999999999985,410678.0,-122473.3,-40.44943820224726,65.04504504504426,75.48735267870326,44.3375,43.5,,,,0.0,0.0,0.0,0.0,0.0,0.0,,0.0,0.0,0.0189,0.1469,0.0,2.02,0.25,0,False,0,False,False,True,True,1.7619657267360196,True,False,False,False,True,False,False,False,False,True,False,False,False,False,False,False,True,True,0.0,0.0,2.3178807947019964,8.0,0.957263203811259,False,False,True,False,False,False,False,-1,False,7,False,False,507.1068157130953,,3,False,3,False,False,False,False,"ema60_gt_ema120, volume_break, market_above_ma60, avoid_chase, obv_uptrend, mfi_strong, above_ichimoku_cloud",,
2026-08-17,5.14,5.14,5.04,5.12,112088,568876,1340,勝悅-KY,,-0.0622020007701094,-0.0806124423594212,0.0184104415893118,5.1886663365309165,5.428579382844024,5.773684661453724,42.72886973623368,14.134925168234272,0.1313713778856449,209962.85,1084952.05,5.34,5.04,-0.084265773354331,-0.185844814781079,-0.0266159695817489,-0.0038910505836574,5.14,0.3890288777258048,5.339694950537244,5.1574999999999935,4.975305049462743,0.3970882565915942,0.070652428710519,24.32432432432428,35.052552552553,5.174000000000024,5.136999999999989,-2032636.0,-1682286.95,-68.2926829268293,-54.35897435897356,40.96580503828737,5.715,5.6850000000000005,,,,0.0,0.0,0.0,0.0,0.0,0.0,,0.0,0.0,1.3888,0.3924,0.0,26.15,0.1,0,False,0,False,False,False,False,0.5338468209971431,False,False,False,False,True,False,False,False,False,False,False,False,False,False,False,False,False,True,10.0,0.0,4.296874999999996,0.0,-0.3061140737309754,False,False,False,False,False,False,False,-1,False,2,False,False,156.66509932519972,,3,False,3,False,True,False,True,"market_above_ma60, avoid_chase",,close_below_ema20
2026-08-17,60.0,61.0,60.0,60.4,7003,423575,1341,富林-KY,,1.1315777805423295,0.960396365357554,0.1711814151847756,58.59794724901434,57.97455799463059,58.34085068712098,53.05689013567048,9.590179285495251,3.4710462027736453,8472.45,500460.65,60.7,57.7,0.15766491051571,,0.0202702702702701,-0.0033003300330033,60.6,1.572336927614719,60.63462533932198,59.00000000000009,57.36537466067821,0.9282326862070692,0.0554110284515892,74.99999999999999,80.83333333333333,60.02000000000008,59.52000000000008,-395496.0,-407913.95,-20.930232558139515,173.12798725438168,81.94645357473206,31.025,31.85,,,,0.0,0.0,0.0,0.0,0.0,0.0,,0.0,0.0,0.2254,0.3946,0.0,79.99,0.0,0,False,0,False,False,True,False,0.8265613842513085,False,False,False,False,True,False,False,False,False,True,False,False,False,False,False,False,True,True,-10.0,-25.0,0.4966887417218613,25.0,0.2248313506273667,False,False,True,False,False,False,False,-1,False,5,False,False,370.9635900500415,,3,False,3,False,False,False,False,"market_above_ma60, avoid_chase, obv_uptrend, mfi_strong, above_ichimoku_cloud",,
2026-08-17,102.5,103.0,100.5,101.0,283617,28767242,1342,八貫,,-2.049909164561754,-2.0692546694806424,0.0193455049188884,104.49812133012465,104.98723672669252,101.38075006769002,40.4056210700752,26.949682519672702,3.218362454742487,426319.75,43737160.0,114.0,98.1,-0.5010458905110005,0.0774376446303493,-0.0241545893719806,-0.0194174757281553,103.0,0.8284605790131839,114.06394648270688,104.525,94.98605351729314,0.3152311680126065,0.1825199039982178,18.181818181818183,57.59362492853082,102.7,102.45,8608654.0,9776787.95,-42.45283018867927,-53.5051576517341,25.176816988052,109.675,106.15,,,,0.0,0.0,0.0,0.0,0.0,0.0,,0.0,0.0,0.7692,0.0957,0.0,32.68,0.23,0,False,0,False,False,False,True,0.6652682640201398,False,False,True,False,True,False,False,False,False,False,False,False,False,False,False,False,False,True,20.0,0.0,12.871287128712872,0.0,-0.5510743546733856,False,False,False,False,False,False,False,-1,False,4,False,False,325.0397903841208,,3,False,3,False,True,False,True,"ema60_gt_ema120, market_above_ma60, avoid_chase, adx_trending",,close_below_ema20
2026-08-17,27.1,27.55,27.0,27.55,9075876,248051675,1402,遠東新,,-0.0765832902699337,-0.1172928975804448,0.0407096073105111,27.30129007437404,27.34312702571896,27.397255593223612,52.7381141745809,13.108489098417124,0.647651570378305,17780084.75,483947603.7,27.55,26.7,-0.0061887857089021,0.039116134654485,0.0110091743119267,0.0166051660516604,27.1,0.6618624925827749,27.65778726148278,27.222499999999947,26.787212738517116,0.8761883576427253,0.0319799622725932,73.07692307692318,46.15384615384634,27.290000000000145,27.20500000000002,-53128155.0,-86049532.15,-26.923076923076817,49.67568422717733,49.78662129857618,28.35,26.6,,,,0.0,0.0,0.0,0.0,0.0,0.0,,0.0,0.0,0.2058,0.0194,0.0,16.61,0.35,0,False,0,False,False,True,False,0.5104517851074922,False,False,False,False,True,True,False,False,True,True,False,False,False,False,False,False,False,True,-10.0,-12.0,0.0,25.0,0.2569702934290798,False,False,False,False,False,False,False,-1,False,5,False,False,381.18816137222393,,3,False,3,False,False,False,False,"market_above_ma60, avoid_chase, liquidity_ok, kd_golden_cross, obv_uptrend",,
2026-08-17,25.25,25.4,24.3,24.4,12953959,318790445,1409,新纖,,-0.0239027918113308,-0.4245580299612756,0.4006552381499448,23.92573082416528,23.422681424132957,21.41174648111819,52.14377776600937,14.162801721759834,1.3122426126481506,12740694.55,295738870.75,25.25,21.8,0.4581674609214947,0.0004591471004735,-0.0141414141414142,-0.0336633663366336,25.25,1.5245923260196876,26.184738314252314,23.080000000000062,19.97526168574781,0.7125783023226945,0.269041448375411,63.23529411764704,82.11435451373534,24.76999999999989,23.89000000000005,461039135.0,453357067.85,-21.551724137931046,75.77589681580008,54.802383871314696,29.175,25.15,,,,0.0,0.0,0.0,0.0,0.0,0.0,,0.0,0.0,0.5623,0.3059,0.0,10.66,-0.58,0,False,0,False,False,True,True,1.0167388401914086,False,False,False,False,True,True,False,False,False,True,False,False,False,False,False,False,True,True,0.0,0.0,3.483606557377055,8.0,0.103143107317168,False,False,False,False,False,False,False,-1,False,6,False,False,429.4051056897201,,3,False,3,False,False,False,False,"ema60_gt_ema120, market_above_ma60, avoid_chase, liquidity_ok, obv_uptrend, mfi_strong",,
2026-08-17,25.6,26.0,25.55,25.85,52890,1360670,1410,南染,,-0.0439230392230207,-0.0516038842365059,0.0076808450134851,25.896787819982528,26.41395118326373,27.86410530146832,49.326462791297935,14.45360197495526,0.893947233455833,99455.25,2627870.0,27.6,25.45,-0.0780011006165596,0.0202332778035148,0.001937984496124,0.0,25.85,0.1716176860692911,26.96207938425778,25.884999999999945,24.80792061574211,0.4837523582237812,0.0832203503386392,40.0,44.0,25.859999999999854,25.85,-4833579.0,-4707770.4,-31.914893617021256,-32.79722485020537,41.56075831243493,25.825,27.45,,,,0.0,0.0,0.0,0.0,0.0,0.0,,0.0,0.0,0.3074,0.4139,0.0,18.99,0.0,0,False,0,False,False,False,False,0.5317969639611785,False,False,False,False,True,False,False,False,False,False,False,False,False,False,False,False,False,True,0.0,0.0,6.769825918762089,0.0,-0.2261580186153084,False,False,False,False,False,False,False,-1,False,2,False,False,147.6040734162281,,3,False,3,False,True,False,True,"market_above_ma60, avoid_chase",,close_below_ema20
2026-08-17,9.44,9.44,9.4,9.4,9535,89717,1413,宏洲,,-0.0362276073877421,-0.0210312418638479,-0.0151963655238941,9.464250509049007,9.48723992781148,9.593922292134458,48.1398857954168,12.863828354345523,0.3050240323836864,132796.65,1343944.5,11.0,9.2,-0.2749696708700716,0.0129939697129186,0.0,-0.004237288135593,9.44,0.0791655474774129,10.367239255053654,9.55,8.732760744946347,0.4082276095571593,0.1711495822101892,45.28301886792463,61.5078417323463,9.419999999999982,9.359999999999946,-1205211.0,-1214938.9,-56.52173913043479,-30.34300791556697,20.621677501579384,9.392499999999998,4.92,,,,0.0,0.0,0.0,0.0,0.0,0.0,,0.0,0.0,0.019,0.0424,0.0,0.51,0.0,0,False,0,False,False,False,False,0.0718015100531527,False,False,False,False,True,False,False,False,False,True,False,False,False,False,False,False,False,True,0.0,0.0,17.021276595744677,0.0,0.0231702083087573,False,False,True,False,False,False,False,-1,False,4,False,False,280.9960576002365,,3,False,3,False,True,False,True,"market_above_ma60, avoid_chase, obv_uptrend, above_ichimoku_cloud",,close_below_ema20
2026-08-17,19.6,20.4,19.3,20.15,327407,6478669,1414,東和,,0.3821004386139215,0.3375354204649465,0.0445650181489749,19.13802858702733,18.33905598274706,18.000125668093727,63.87228109233048,21.79858141177356,0.7131069247890517,325468.9,6088842.6,19.8,18.9,0.5297789923176213,0.4463389664884338,0.0202531645569619,0.0333333333333332,19.5,0.6214653500409156,20.324988697959885,18.94250000000011,17.560011302040333,0.9367124309160256,0.1459668679382096,84.37499999999997,72.32562695924753,19.470000000000077,19.530000000000108,15506312.0,14276616.2,-9.25925925925926,127.62457668118029,69.85687640275674,18.2,16.85,,,,0.0,0.0,0.0,0.0,0.0,0.0,,0.0,0.0,-0.1462,-0.1416,0.0,1.28,0.01,0,False,0,False,False,True,True,1.005954793222947,False,True,True,True,True,False,False,False,False,True,False,False,False,False,False,True,True,False,-20.0,-25.0,-1.73697270471463,25.0,0.7615454082340772,False,False,True,False,False,False,False,-1,False,10,False,False,624.1980928310385,,3,False,3,False,False,False,False,"ema60_gt_ema120, rsi_strong, breakout_20d, market_above_ma60, avoid_chase, adx_trending, obv_uptrend, cci_momentum, mfi_strong, above_ichimoku_cloud",,
2026-08-17,11.9,12.0,11.8,11.85,615515,7320501,1416,廣豐,,0.1643014679908727,0.0349690587201759,0.1293324092706968,11.188767223407698,11.143587117271986,11.253016802694017,72.66168326152616,30.046974627690663,0.2231431646732995,599497.9,6750156.3,11.9,10.75,0.3408143078358305,-0.022988840868479,0.0772727272727271,-0.004201680672269,11.9,2.3794820589650367,11.77857797121606,11.047500000000014,10.316422028783968,1.0488470666577043,0.132351748579506,88.46153846153844,94.87179487179492,11.569999999999984,11.21999999999998,8459194.0,2814905.7,-10.714285714285737,219.3548387096771,89.80997007081818,11.1625,11.3,,,,0.0,0.0,0.0,0.0,0.0,0.0,,0.0,0.0,0.7425,-0.0852,0.0,6.65,0.36,0,False,0,False,False,True,False,1.0267175247819884,False,True,True,False,False,False,False,False,False,True,False,False,False,False,False,False,True,True,-20.0,-25.0,0.4219409282700482,25.0,2.0,False,False,True,False,False,False,False,-1,False,6,False,False,494.2671752478199,,5,False,3,False,False,False,False,"rsi_strong, market_above_ma60, adx_trending, obv_uptrend, mfi_strong, above_ichimoku_cloud",,
2026-08-17,8.32,8.32,8.23,8.28,169106,1395352,1417,嘉裕,,-0.0834187830483319,-0.0893349354160138,0.0059161523676819,8.36499327671303,8.496959811669937,8.563414258277167,41.52774393773021,16.282466087537717,0.1482461948058123,135325.45,1133664.95,8.8,8.25,-0.2039731210179046,0.0111684897190574,-0.0012062726176115,-0.0036101083032492,8.31,0.8322740537734735,8.664681366993504,8.351000000000022,8.03731863300654,0.3868278331599176,0.0751242646374041,55.55555555555544,66.59259259259245,8.296000000000095,8.285000000000082,6905112.0,7005787.35,-51.42857142857165,-41.68430957421855,51.5433790410329,8.747499999999999,8.67,,,,0.0,0.0,0.0,0.0,0.0,0.0,,0.0,0.0,-0.0808,-0.1225,0.0,1.41,-0.01,0,False,0,False,False,False,False,1.2496245163049522,False,False,False,False,True,False,False,False,False,False,False,False,False,False,False,False,True,True,0.0,0.0,6.280193236714993,0.0,-0.1395399412842125,False,False,False,False,False,False,False,-1,False,3,False,False,185.821765867639,,3,False,3,False,True,False,True,"market_above_ma60, avoid_chase, mfi_strong",,close_below_ema20
2026-08-17,17.85,17.85,17.85,17.85,5111,91200,1418,東華,,-0.1308401651726569,-0.0906263637406477,-0.0402138014320092,18.15434042043386,18.34234782766005,18.61409354597587,42.23057869338264,16.72974117579068,0.3856200657620319,19133.1,349935.75,19.25,17.9,-0.2135627350859491,-0.0214338310829574,-0.0110803324099723,-0.0027932960893852,17.9,1.3178593845612432,18.91330671529117,18.234999999999992,17.556693284708814,0.2162050800022516,0.0743961300017744,10.000000000000142,17.017543859648868,17.960000000000036,18.040000000000056,-70143.0,4578.5,-94.73684210526308,-108.97435897435864,45.04521537974525,18.7375,18.55,,,,0.0,0.0,0.0,0.0,0.0,0.0,,0.0,0.0,45.3333,-0.289,0.0,0.97,0.0,0,False,0,False,False,False,False,0.26712869320706,False,False,False,False,True,False,False,False,False,False,False,False,False,False,False,False,False,False,20.0,0.0,7.843137254901952,0.0,-0.6438899047186919,False,False,False,False,False,False,False,-1,False,2,False,False,144.9446080754463,,3,False,3,False,True,True,True,"market_above_ma60, avoid_chase",,"close_below_ema20, close_below_swing_low"
2026-08-17,36.0,36.0,35.5,35.5,7019,251576,1423,利華,,-0.536277630914789,-0.6746123162349746,0.1383346853201856,35.93384715022695,37.57137813338348,38.28896798129177,37.221079372704864,11.10440056764531,0.7601947770837526,54789.0,1858344.55,36.6,35.3,-0.062174032582074,-0.4050368509433191,-0.0125173852573018,0.0,35.5,0.1336747987460888,36.25470283557279,35.697500000000126,35.140297164427466,0.3227754891114767,0.0312180312667642,59.99999999999984,60.0,35.64000000000014,35.62000000000008,7235401.0,7253068.1,-65.57377049180334,-8.37821663674368,51.9238053516975,39.1625,41.05,,,,0.0,0.0,0.0,0.0,0.0,0.0,,0.0,0.0,0.1014,1.0635,0.0,1.2,0.03,0,False,0,False,False,False,False,0.1281096570479475,False,False,False,False,True,False,False,False,False,False,False,False,False,False,False,False,True,True,0.0,0.0,3.0985915492957785,8.0,-0.0054505897180981,False,False,False,False,False,False,False,-1,False,3,False,False,224.21568949386227,,3,False,3,False,True,False,True,"market_above_ma60, avoid_chase, mfi_strong",,close_below_ema20
2026-08-17,65.4,65.6,63.2,64.1,198610,12725933,1419,新紡,,-0.5100145256215143,-0.2188052172049481,-0.2912093084165661,65.78023773880565,65.84107214188526,65.4709506673718,40.81849220448989,16.120885946349695,1.5370143094353197,148069.3,9938541.25,70.1,64.0,-0.2776997561322103,0.0223312364381001,-0.0138461538461539,-0.0138461538461539,65.0,0.3610016375196472,69.80186273953343,66.34500000000007,62.8881372604667,0.1752836069645162,0.1042086891109612,22.499999999999787,28.669480925578075,64.94000000000014,65.0,14550865.0,14881659.0,-87.32394366197194,-95.79990561585603,32.74932403268858,67.3,65.75,,,,0.0,0.0,0.0,0.0,0.0,0.0,,0.0,0.0,0.3069,0.3277,0.0,1.39,0.0,0,False,0,False,False,False,True,1.3413313900990955,False,False,False,False,True,False,False,False,False,False,False,False,False,False,False,False,False,False,10.0,12.0,9.3603744149766,0.0,-0.8199939569386564,False,False,False,False,False,False,False,-1,False,3,False,False,215.57338641772708,,3,False,3,False,True,False,True,"ema60_gt_ema120, market_above_ma60, avoid_chase",,close_below_ema20
2026-08-17,15.1,15.15,15.0,15.15,83740,1262567,1432,大魯閣,,-0.0911595073252318,-0.1399802065883031,0.0488206992630713,15.169439770339324,15.68785231561808,16.285479993530828,45.50990600734366,20.734487980682985,0.1817979429086176,135625.7,2046930.35,15.3,15.0,0.0604299103228309,-0.2567618385285221,-0.0098039215686275,0.0033112582781458,15.1,0.3392769396532469,15.26065171716892,15.09250000000011,14.924348282831298,0.670976547156415,0.0222828182433407,37.50000000000006,34.722222222222626,15.160000000000036,15.150000000000093,-11489409.0,-11817824.7,-50.0,8.438818565402178,64.02333558121585,15.95,16.55,,,,0.0,0.0,0.0,0.0,0.0,0.0,,0.0,0.0,-0.4061,0.0632,0.0,0.75,0.09,0,False,0,False,False,False,False,0.6174346012592008,False,False,True,False,True,False,False,False,True,True,False,False,False,False,False,False,True,True,0.0,0.0,0.9900990099009924,25.0,0.4506645767765149,False,False,False,False,False,False,False,-1,False,6,False,False,421.5823209339102,,5,False,3,False,True,False,True,"market_above_ma60, avoid_chase, adx_trending, kd_golden_cross, obv_uptrend, mfi_strong",,close_below_ema20
2026-08-17,17.5,17.65,17.5,17.6,1102623,19389751,1434,福懋,,-0.0941614282451333,-0.0525004973966079,-0.0416609308485253,17.71045004205749,17.42932610131136,17.0189054952966,48.20606680252322,24.57246379239594,0.5709306202414068,5124337.1,95798963.45,19.5,17.1,-0.4809635036357699,0.2729771753044518,-0.0056497175141241,0.0057142857142857,17.5,0.3341847873652928,19.35993907437836,17.87250000000008,16.385060925621804,0.4083996095389724,0.1664500293051637,61.111111111111285,61.64021164021142,17.63000000000011,17.48000000000011,14302977.0,20011794.95,-46.15384615384596,-36.92093347265752,45.16837542368303,17.8125,17.1,,,,0.0,0.0,0.0,0.0,0.0,0.0,,0.0,0.0,-0.0154,0.0017,0.0,8.12,0.12,0,False,0,False,False,True,True,0.2151737831611429,False,False,True,False,True,True,False,False,False,False,False,False,False,False,False,False,False,True,0.0,0.0,10.795454545454536,0.0,-0.2256073423048368,False,False,False,False,False,False,False,-1,False,5,False,False,309.4444497239534,,3,False,3,False,True,False,True,"ema60_gt_ema120, market_above_ma60, avoid_chase, liquidity_ok, adx_trending",,close_below_ema20
2026-08-17,24.9,24.9,24.2,24.2,5256,129095,1435,中福,,0.60223555662051,0.5375390379406555,0.0646965186798544,23.5772571664195,21.767943525020293,21.21108359443453,52.46941929914824,8.947826088888913,2.124534789393614,42265.45,969679.8,25.5,21.2,0.9388220742062242,,-0.0182555780933062,-0.0281124497991968,24.9,0.1417203555328429,26.685399307458997,22.959999999999944,19.23460069254089,0.6664251128083517,0.3245121347960852,62.61682242990653,75.07788161993813,24.379999999999928,23.81499999999996,-405408.0,-461342.05,-31.250000000000007,61.90885640584688,65.71109895924674,22.025,16.525,,,,0.0,0.0,0.0,0.0,0.0,0.0,,0.0,0.0,0.0,0.0,0.0,0.22,0.03,0,False,0,False,False,True,True,0.1243568919767801,False,False,False,False,True,False,False,False,False,True,False,False,False,False,False,False,True,True,0.0,0.0,5.371900826446284,0.0,0.2325254874628863,False,False,True,False,False,False,False,-1,False,6,False,False,394.0338747693224,,3,True,3,False,False,False,False,"ema60_gt_ema120, market_above_ma60, avoid_chase, obv_uptrend, mfi_strong, above_ichimoku_cloud",,
2026-08-17,36.55,37.3,36.45,37.3,166706,6154150,1436,華友聯,,-1.6441098916452646,-1.9875049308709245,0.3433950392256599,38.17342031280367,42.37129345126185,47.704500080045314,40.108961196869735,34.193573350154395,1.0503543264717436,640551.45,25592396.3,45.3,35.4,-0.5634733452492569,-0.4444302644192465,-0.0013386880856761,0.0205198358413132,36.55,0.2450889908896627,42.85605713175164,37.56999999999971,32.28394286824778,0.4744611159820905,0.2813977711872223,71.4285714285713,62.43386243386218,37.22999999999956,36.71499999999978,-12418042.0,-10685197.55,-27.692307692307867,-21.702404158544446,58.0899006680024,45.8375,47.525000000000006,,,,0.0,0.0,0.0,0.0,0.0,0.0,,0.0,0.0,-0.9399,-0.6398,0.0,6.21,0.11,0,False,0,False,False,False,False,0.26025387968445,False,False,True,False,True,False,False,False,True,False,False,False,False,False,False,False,True,True,-10.0,0.0,21.447721179624665,0.0,-0.8444668324491907,False,False,False,False,False,False,False,-1,False,5,False,False,307.4689368074542,,10,False,3,False,True,False,True,"market_above_ma60, avoid_chase, adx_trending, kd_golden_cross, mfi_strong",,close_below_ema20
2026-08-17,31.4,31.5,31.25,31.5,139318,4371307,1437,勤益控,,0.1473975376861211,0.0854537808734095,0.0619437568127116,30.770024611330072,30.43653311094652,30.54839103082824,60.429689129243606,18.831676175417112,0.5604225255774817,225034.9,6955337.15,31.7,29.45,-0.0650061207330659,0.1601211793704743,0.0396039603960396,0.0031847133757962,31.4,1.559178700278418,32.096423495477595,30.840000000000053,29.58357650452251,0.7626502936213773,0.0814801229233164,89.79591836734694,89.0589569160996,31.039999999999782,30.525,13244405.0,13135213.05,-12.000000000000028,86.01024208566122,69.49771153212545,30.3625,29.9,,,,0.0,0.0,0.0,0.0,0.0,0.0,,0.0,0.0,-0.3401,-0.083,0.0,8.66,-0.05,0,False,0,False,False,True,False,0.6190950825849679,False,True,False,False,True,False,False,False,False,True,False,False,False,False,False,False,True,True,-20.0,0.0,0.6349206349206327,25.0,0.1636366055265691,False,False,True,False,False,False,False,-1,False,6,False,False,373.15459009216846,,3,False,3,False,False,False,False,"rsi_strong, market_above_ma60, avoid_chase, obv_uptrend, mfi_strong, above_ichimoku_cloud",,
2026-08-17,22.4,22.6,22.4,22.4,14000,314600,1438,三地開發,,0.0836646263756577,0.1142181378211583,-0.0305535114455005,22.34706005266529,22.676495259365048,24.63776001536037,51.53837211814553,14.022943288598547,0.6135371234596305,52710.9,1193736.15,23.3,22.2,0.0785430992457127,0.1540833885526608,-0.0022271714922049,0.0090090090090089,22.2,0.551460911972958,23.15991721400579,22.40500000000002,21.650082785994247,0.4966883786014832,0.0673882806521554,54.99999999999972,37.24637681159402,22.370000000000072,22.43500000000022,-375910.0,-417237.95,-69.49152542372885,20.057793642699927,70.81332813176058,22.4625,22.8,,,,0.0,0.0,0.0,0.0,0.0,0.0,,0.0,0.0,0.0,34.6834,0.0,0.55,-0.01,0,False,0,False,False,False,False,0.2655997146700208,False,False,False,False,True,False,False,False,False,True,False,False,False,False,False,False,True,False,0.0,0.0,4.017857142857153,0.0,0.1396149035416035,False,False,False,False,False,False,False,-1,False,4,False,False,239.33137598919944,,3,False,3,False,False,False,False,"market_above_ma60, avoid_chase, obv_uptrend, mfi_strong",,
2026-08-17,28.8,28.8,28.55,28.8,132017,3776743,1439,雋揚,,0.8910860420841189,0.8936216134720433,-0.0025355713879243,27.80365205796387,26.559646166935902,26.578232685371965,60.80173089127511,14.25355309642193,0.9373198030385052,55752.8,1550285.85,29.25,27.4,0.5674901628095211,0.2225722379695848,-0.0153846153846153,0.0087565674255691,28.55,0.4327601264463773,29.88213481615045,27.82000000000012,25.75786518384978,0.737617829912154,0.1482483692415764,60.86956521739138,61.54132833936637,28.76000000000022,28.69500000000007,926995.0,767303.8,-28.57142857142854,73.0560578661842,69.09679647142806,24.275,13.65,,,,0.0,0.0,0.0,0.0,0.0,0.0,,0.0,0.0,-0.8515,0.0203,0.0,1.41,0.01,0,False,0,False,False,True,False,2.3678990113501026,True,True,False,False,True,False,False,False,False,True,False,False,False,False,False,False,True,True,0.0,0.0,1.5624999999999976,15.0,0.8939778729350962,False,False,True,False,False,False,False,-1,False,7,False,False,469.40672458872217,,3,False,3,True,False,False,True,"volume_break, rsi_strong, market_above_ma60, avoid_chase, obv_uptrend, mfi_strong, above_ichimoku_cloud",,macd_death_cross
2026-08-17,13.55,13.75,13.45,13.55,1648686,22358134,1440,南紡,,0.1233105044504654,-0.0288104952424205,0.1521209996928859,13.094463818554392,13.050797839492398,13.061237045358483,60.576762320806026,20.736197950321237,0.4086136026092952,2076531.8,26837673.65,13.7,12.25,0.405773005369737,-0.0081422851237037,0.0037037037037037,0.0,13.55,0.8830457287972308,13.933225841982203,12.835000000000012,11.736774158017823,0.8255250298561007,0.1711298546135082,77.14285714285722,80.23520339309835,13.610000000000037,13.130000000000065,-52389316.0,-58190775.1,-20.512820512820447,106.5905305733998,67.34920191420639,14.2375,13.55,,,,0.0,0.0,0.0,0.0,0.0,0.0,,0.0,0.0,0.1629,0.243,0.0,7.5,0.32,0,False,0,False,False,True,False,0.7939613542157168,False,True,True,False,True,False,False,False,False,True,False,False,False,False,False,False,True,True,-10.0,-12.0,1.1070110701106906,15.0,0.5731328986233226,False,False,False,False,False,False,False,-1,False,6,False,False,452.81720832563707,,3,True,3,False,False,False,False,"rsi_strong, market_above_ma60, avoid_chase, adx_trending, obv_uptrend, mfi_strong",,
2026-08-17,8.85,8.93,8.8,8.93,19551,173095,1441,大東,,-0.0744529917667247,-0.0788639857375048,0.0044109939707801,8.992958545388792,9.232829970909624,9.57372777017463,44.48112914998303,13.785012565859557,0.1591333456545585,17726.05,159263.3,9.1,8.88,-0.1102753725279987,-0.0814728831717544,0.0044994375703035,0.0033707865168539,8.9,1.1596142626720205,9.15078129391724,8.983999999999991,8.817218706082741,0.33811134111124,0.0371285160100734,51.9999999999996,39.98290598290623,8.917999999999939,8.941999999999961,-730739.0,-743794.0,-77.19298245614047,-121.67952013710446,41.156885655223405,9.4325,10.7,,,,0.0,0.0,0.0,0.0,0.0,0.0,,0.0,0.0,-0.275,-0.0094,0.0,1.5,-0.01,0,False,0,False,False,False,False,1.1029529985529771,False,False,False,False,True,False,False,False,False,True,False,False,False,False,False,False,False,False,0.0,0.0,1.9036954087346016,15.0,0.1002050974422479,False,False,False,False,False,False,False,-1,False,3,False,False,162.23199115483675,,3,False,3,False,True,False,True,"market_above_ma60, avoid_chase, obv_uptrend",,close_below_ema20
2026-08-17,29.75,30.0,29.75,30.0,176527,5268570,1442,名軒,,0.3312386053401397,0.3716093282770877,-0.0403707229369479,29.5575350974137,28.751571174552996,29.575150773419445,58.24285000216603,24.317431012130616,0.7304148054505745,378073.0,11238543.4,30.35,29.05,0.0209075029554225,0.2554191917065235,-0.0016638935108153,0.006711409395973,29.8,0.6341048829563337,30.52513137103128,29.692499999999928,28.859868628968574,0.6846555454781758,0.0560836151237757,70.00000000000004,69.29416564667493,29.829999999999927,29.734999999999854,-8429864.0,-7764748.1,-22.727272727272734,56.16195540628848,48.01751987027698,27.6875,27.225,,,,0.0,0.0,0.0,0.0,0.0,0.0,,0.0,0.0,0.1142,0.0565,0.0,8.45,0.04,0,False,0,False,False,True,False,0.4669124745750159,False,True,True,False,True,False,False,False,True,False,False,False,False,False,False,False,False,True,-10.0,0.0,1.1666666666666714,15.0,-0.2998066065083041,False,False,True,False,False,False,False,-1,False,6,False,False,456.0714454676505,,5,False,3,False,False,False,False,"rsi_strong, market_above_ma60, avoid_chase, adx_trending, kd_golden_cross, above_ichimoku_cloud",,
2026-08-17,25.0,25.05,24.85,25.05,7210,179950,1443,立益,,-0.9018889166267384,-0.9323213003341646,0.030432383707426,24.194864597870986,25.19393740410749,25.463893262615525,50.59527441887266,12.723494513306962,3.472797064786844,14404.25,372322.05,26.9,0.0,,,-0.038387715930902,-0.0019920318725099,25.1,0.6676010008895373,35.963331372548545,24.630000000000063,13.29666862745158,0.5185294149704851,0.9202867537595172,94.70699432892248,95.15848161244442,20.290000000000145,23.050000000000185,136496.0,143880.9,-6.003752345215752,10.6637747955357,49.40451155760923,26.35,24.450000000000003,,,,0.0,0.0,0.0,0.0,0.0,0.0,,0.0,0.0,-0.0516,-0.0059,0.0,0.4,-0.01,0,False,0,True,True,False,False,0.5005467136435428,False,False,False,False,True,False,False,False,False,False,False,False,False,False,False,False,False,False,-20.0,0.0,7.385229540918154,0.0,-0.1054061567928807,False,False,False,False,False,False,False,-1,False,4,False,False,218.74059325492084,,3,False,3,False,False,False,False,"macd_golden_cross, market_above_ma60, avoid_chase, hist_turn_positive",,
2026-08-17,7.2,7.2,7.07,7.13,1309268,9316863,1444,力麗,,-0.1829853747495624,-0.1695203419887013,-0.0134650327608611,7.391496462404591,7.363972124752988,7.052360389339262,40.19685197817362,14.874933315735552,0.2721022068781147,1498700.7,11160221.9,8.1,7.14,-0.611066460334926,0.2655302753630039,-0.0179063360881542,-0.0097222222222222,7.2,0.4457798563144292,8.117372332899032,7.388000000000022,6.658627667101012,0.3231356000476747,0.197447843232,26.666666666666707,48.81944444444404,7.188000000000057,7.1960000000000495,33100124.0,34533401.5,-69.0909090909091,-57.74278215223115,50.492640645434506,8.6025,8.0,,,,0.0,0.0,0.0,0.0,0.0,0.0,,0.0,0.0,-0.0832,-0.2159,0.0,5.38,0.05,0,False,0,False,False,False,True,0.8736020474268145,False,False,False,False,True,False,False,False,False,False,False,False,False,False,False,False,True,False,10.0,0.0,13.60448807854137,0.0,-0.0689530510297492,False,False,False,False,False,False,False,-1,False,4,False,False,237.90858386191115,,3,False,3,False,True,True,True,"ema60_gt_ema120, market_above_ma60, avoid_chase, mfi_strong",,"close_below_ema20, close_below_swing_low"
2026-08-17,10.2,10.3,10.15,10.3,41073,419040,1445,大宇,,-0.2776520575449623,-0.2604984102159043,-0.017153647329058,10.59148077153857,11.181735554404964,11.849092874987814,38.85650818208715,13.698509993567344,0.3590816514199398,78554.7,828390.85,11.3,10.2,-0.4094839735958625,-0.1869936014541932,-0.0143540669856457,0.0098039215686276,10.2,1.2992239185036465,11.151951490474517,10.58249999999996,10.0130485095254,0.2519542887098829,0.1076213542120595,30.00000000000007,18.627450980392197,10.21999999999989,10.36999999999989,2789368.0,3057599.4,-69.99999999999993,-106.8425818134768,31.898217330394047,12.0125,12.05,,,,0.0,0.0,0.0,0.0,0.0,0.0,,0.0,0.0,0.0864,0.1994,0.0,3.26,0.03,0,False,0,False,False,False,False,0.5228585940752113,False,False,False,False,True,False,False,False,False,False,False,False,False,False,False,False,False,False,0.0,0.0,9.70873786407767,0.0,-0.7001964952569328,False,False,False,False,False,False,False,-1,False,2,False,False,106.82622799766892,,3,False,3,False,True,False,True,"market_above_ma60, avoid_chase",,close_below_ema20
2026-08-17,14.05,14.05,13.65,13.75,233544,3214177,1446,宏和,,-0.3581170717419368,-0.4651612264244629,0.107044154682526,14.103274565695848,15.01990026339395,15.846236762755668,33.07100612771997,37.18503337981381,0.3283778126794984,209739.7,2900589.95,14.05,13.6,-0.0170078912300035,-0.3864990857192023,-0.0143369175627239,-0.0143369175627239,13.95,1.325044188164393,14.17400636935138,13.860000000000037,13.545993630648692,0.3248443172868299,0.0453111644085631,27.272727272727305,59.945609945610464,13.939999999999964,13.865000000000055,-11569152.0,-11136468.3,-44.444444444444464,-26.42998027613281,48.06425728938585,16.45,16.45,,,,0.0,0.0,0.0,0.0,0.0,0.0,,0.0,0.0,-0.8765,-0.0568,0.0,6.06,0.1,0,False,0,False,False,False,False,1.1134944886447344,False,False,True,False,True,False,False,False,False,False,False,False,False,False,False,False,False,True,10.0,0.0,2.181818181818187,8.0,-0.2555448199067208,False,False,False,False,False,False,False,-1,False,3,False,False,216.0684070475667,,10,False,3,False,True,False,True,"market_above_ma60, avoid_chase, adx_trending",,close_below_ema20
2026-08-17,17.45,17.45,17.25,17.4,31763,550142,1451,年興,,0.0672454392874115,0.0997191506187963,-0.0324737113313848,17.43005125581123,17.27591673544523,17.309922030583376,50.59236298347757,12.661683242143148,0.2260641839857139,121764.3,2119480.75,17.75,17.4,0.0190925673546155,0.1149739548073852,-0.0057142857142857,-0.0028653295128939,17.45,0.6105661923038206,17.65546174466425,17.472499999999854,17.289538255335458,0.3018711503521095,0.0209428238276603,39.99999999999962,42.22222222222202,17.429999999999744,17.509999999999945,-2109446.0,-2233195.75,-60.00000000000038,-58.252427184464565,59.24323228858064,17.125,16.950000000000003,,,,0.0,0.0,0.0,0.0,0.0,0.0,,0.0,0.0,0.1954,0.0458,0.0,5.7,-0.03,0,False,0,False,False,True,False,0.2608564250769725,False,False,False,False,True,False,False,False,False,True,False,False,False,False,False,False,True,False,0.0,0.0,2.0114942528735718,8.0,0.2352240085855302,False,False,True,False,False,False,False,-1,False,5,False,False,368.4312523537961,,3,False,3,False,True,False,True,"market_above_ma60, avoid_chase, obv_uptrend, mfi_strong, above_ichimoku_cloud",,close_below_ema20
2026-08-17,6.89,6.89,6.75,6.75,1534856,10422821,1447,力鵬,,-0.1598754943055622,-0.1210225098517832,-0.038852984453779,7.128916251458465,6.955299988609406,6.5015678150559495,40.93812948564207,13.47306123600319,0.3253831341847706,2548233.35,18275343.75,7.78,6.85,-0.4952540234936193,0.3671193492916237,-0.0585774058577406,-0.0203193033381712,6.89,0.4745600708530817,7.732463495396189,7.099000000000013,6.465536504603836,0.2245302984809381,0.1784655572323356,0.0,21.849087893864027,6.920000000000028,6.977000000000021,49086997.0,51438633.1,-77.38095238095235,-85.21126760563384,49.39598446550279,8.4575,7.825,,,,0.0,0.0,0.0,0.0,0.0,0.0,,0.0,0.0,0.213,-0.6156,0.0,3.18,0.04,0,False,0,False,False,False,True,0.60232160449513,False,False,False,False,True,False,False,False,False,False,False,False,False,False,False,False,False,False,20.0,0.0,15.259259259259265,0.0,-0.0879741805232319,False,False,False,False,False,False,False,-1,False,3,False,False,214.9675258786725,,3,False,3,False,True,True,True,"ema60_gt_ema120, market_above_ma60, avoid_chase",,"close_below_ema20, close_below_swing_low"
2026-08-17,11.5,11.6,11.4,11.6,18270,209867,1452,宏益,,0.0301102428763186,0.0081839959061954,0.0219262469701232,11.416304917821968,11.336858713834722,11.376931657889193,57.784980579743625,18.50322769737637,0.2490719170943404,78941.6,895759.05,11.65,11.1,-0.0595115580739853,0.1570346340217282,0.0220264317180616,0.0,11.6,1.7931594453362731,11.752904171535937,11.412500000000025,11.07209582846411,0.7754079057756141,0.0596546193272133,94.73684210526308,94.639376218324,11.480000000000018,11.35999999999999,1761876.0,1655776.0,-5.263157894736911,67.34386756959982,66.5432779991754,11.4375,11.25,,,,0.0,0.0,0.0,0.0,0.0,0.0,,0.0,0.0,-0.0571,-0.1051,0.0,1.94,0.01,0,False,0,False,False,True,False,0.2314369103235809,False,True,False,False,True,False,False,False,False,True,False,False,False,False,False,False,True,True,-20.0,0.0,0.4310344827586268,25.0,0.3610920502306726,False,False,True,False,False,False,False,-1,False,6,False,False,401.6474737060039,,3,False,3,False,False,False,False,"rsi_strong, market_above_ma60, avoid_chase, obv_uptrend, mfi_strong, above_ichimoku_cloud",,
2026-08-17,11.25,11.25,11.05,11.2,57681,645571,1453,大將,,-0.0105342621890827,-0.0395490823152232,0.0290148201261405,11.19076013221992,11.345490956052643,11.649872922641574,49.77251588581064,18.255373498055697,0.2545710482138787,61239.0,680052.9,11.4,11.0,0.0329556323377438,-0.0522733879057291,0.0090090090090089,-0.008849557522124,11.3,0.5460424279942222,11.350567345772417,11.157500000000004,10.964432654227592,0.610065220583947,0.0346076353614,31.578947368420963,42.105263157895024,11.230000000000018,11.175,29229.0,120796.85,-65.00000000000003,21.91235059761109,50.349780982154726,11.475,11.625,,,,0.0,0.0,0.0,0.0,0.0,0.0,,0.0,0.0,-0.1452,-0.1587,0.0,0.69,-0.01,0,False,0,False,False,False,False,0.941899769754568,False,False,False,False,True,False,False,False,False,False,False,False,False,False,False,False,True,True,0.0,0.0,1.7857142857142954,15.0,-0.2430954038647809,False,False,False,False,False,False,False,-1,False,3,False,False,166.5018528511683,,3,False,3,False,False,False,False,"market_above_ma60, avoid_chase, mfi_strong",,
2026-08-17,12.65,12.65,12.55,12.65,17578,221497,1454,台富,,-0.0335325909566162,-0.014106545556461,-0.0194260454001551,12.77779026307024,12.869814588608229,13.01457704136981,45.09408775292551,18.12122373071592,0.2444535590637907,19718.5,250127.65,13.0,12.6,0.0254678600914966,-0.0075427253463768,-0.0078431372549019,0.0039682539682539,12.6,1.065590836830025,13.09957679834095,12.767500000000018,12.435423201659086,0.3230830931473504,0.0520190794346475,22.22222222222218,15.873015873015902,12.710000000000036,12.805000000000016,3383082.0,3398545.4,-76.92307692307688,-71.197411003236,39.11177045632037,12.9875,13.575,,,,0.0,0.0,0.0,0.0,0.0,0.0,,0.0,0.0,-0.0645,0.2239,0.0,0.51,0.0,0,False,0,False,False,False,False,0.8914471181885032,False,False,False,False,True,False,False,False,True,False,False,False,False,False,False,False,False,False,10.0,0.0,2.7667984189723294,8.0,-0.1261170189307994,False,False,False,False,False,False,False,-1,False,3,False,False,195.40106695471545,,3,False,3,False,True,False,True,"market_above_ma60, avoid_chase, kd_golden_cross",,close_below_ema20
2026-08-17,9.78,9.95,9.61,9.94,939913,9201500,1455,集盛,,0.1346051972761834,-0.0060417267682281,0.1406469240444116,9.394529996192125,9.254289995523424,9.044026943321825,60.94916905641488,21.773569950679864,0.346092192246736,1111913.4,10423030.05,9.97,8.6,0.5529639749442194,0.0396464944005275,0.0040404040404038,0.0174002047082906,9.77,0.702670904505581,10.133947883014804,9.164999999999988,8.196052116985168,0.8999183101513419,0.2114452554314937,91.85185185185178,87.80820532619994,9.833999999999923,9.452999999999976,-10136143.0,-12990670.7,-6.962025316455772,116.6751976340786,66.64214331247453,10.525,9.965,,,,0.0,0.0,0.0,0.0,0.0,0.0,,0.0,0.0,0.0165,0.0895,0.0,2.91,0.19,0,False,0,False,False,True,True,0.8453113344978126,False,True,True,False,True,False,False,False,False,True,False,False,False,False,False,False,True,True,-20.0,-12.0,0.3018108651911583,25.0,0.2731122927495729,False,False,False,False,False,False,False,-1,False,7,False,False,479.730460857973,,3,True,3,False,False,False,False,"ema60_gt_ema120, rsi_strong, market_above_ma60, avoid_chase, adx_trending, obv_uptrend, mfi_strong",,
2026-08-17,14.15,14.15,13.8,13.9,26002,362278,1456,怡華,,-0.035908243018218,-0.0210443729448425,-0.0148638700733755,13.92607845223334,13.924229491594028,13.76082213883635,49.17348271895837,18.529022729801376,0.5742025411691825,59557.4,826987.3,14.25,13.55,0.0354316990577304,0.0549641920531405,-0.0245614035087718,0.0036101083032491,13.85,1.3169918908711924,14.332610932180124,13.910000000000014,13.487389067819905,0.4881687868929144,0.0607636135413528,52.17391304347829,40.57971014492736,13.78000000000011,13.955000000000018,1919801.0,1801610.0,-47.826086956521706,26.422764227643267,33.19932646931275,14.162499999999998,13.95,,,,0.0,0.0,0.0,0.0,0.0,0.0,,0.0,0.0,-0.1813,0.6294,0.0,0.63,-0.02,0,False,0,False,False,False,True,0.4365872250971331,False,False,False,False,True,False,False,False,False,True,False,False,False,False,False,False,False,False,0.0,0.0,2.517985611510789,8.0,0.3617604023424706,False,False,False,False,True,False,False,-1,False,4,True,False,211.706997079081,,3,False,3,False,True,False,True,"ema60_gt_ema120, market_above_ma60, avoid_chase, obv_uptrend",open_high_close_low,close_below_ema20
2026-08-17,14.35,14.5,14.35,14.45,36090,520198,1457,宜進,,0.012610070569945,-0.0174044101881354,0.0300144807580804,14.299106355276,14.389009060488362,14.688793857805448,55.75845199463157,15.22703287575222,0.2568331587971815,119398.2,1699455.65,14.55,14.05,0.0152663937530626,-0.0077667790605009,0.0248226950354608,0.0069686411149825,14.35,1.2445296541429596,14.521660919459782,14.28000000000011,14.038339080540435,0.8517325026735629,0.0338460671512143,68.74999999999996,68.75,14.379999999999928,14.265000000000054,-2293258.0,-2400146.35,-31.250000000000043,153.0758226037182,48.54373940692461,14.8,14.95,,,,0.0,0.0,0.0,0.0,0.0,0.0,,0.0,0.0,-0.0164,0.013,0.0,1.99,-0.01,0,False,0,False,False,True,False,0.3022658633044719,False,True,False,False,True,False,False,False,False,True,False,False,False,False,False,True,False,True,0.0,-12.0,0.6920415224913594,25.0,0.2027234932187022,False,False,False,False,False,False,False,-1,False,5,False,False,333.4553405516692,,3,False,3,False,False,False,False,"rsi_strong, market_above_ma60, avoid_chase, obv_uptrend, cci_momentum",,
2026-08-17,14.2,14.2,13.9,14.0,67551,945737,1459,聯發,,0.60859744337011,0.4495852331048793,0.1590122102652306,13.035880770611842,12.315261574540866,12.065076690306771,70.03043379560485,36.542644000714105,0.4436489094249851,196075.7,2545585.0,14.45,12.8,1.2650344994738527,0.2185485800701677,0.0,0.0,14.0,0.5063064014732332,14.701883530732466,12.709999999999969,10.718116469267471,0.8238141136509234,0.3134356460633363,57.14285714285713,58.60805860805825,14.039999999999964,13.589999999999964,341664.0,283601.35,-30.88235294117649,105.17073170731707,66.23849508442042,11.65,11.75,,,,0.0,0.0,0.0,0.0,0.0,0.0,,0.0,0.0,0.0511,0.2116,0.0,1.97,0.05,0,False,0,False,False,True,True,0.3445148990925443,False,True,True,False,True,False,False,False,False,True,False,False,False,False,False,False,True,True,0.0,-12.0,3.214285714285709,8.0,0.1367138746929656,False,False,True,False,False,False,False,-1,False,8,False,False,586.085715487241,,8,True,3,False,False,False,False,"ema60_gt_ema120, rsi_strong, market_above_ma60, avoid_chase, adx_trending, obv_uptrend, mfi_strong, above_ichimoku_cloud",,
2026-08-17,6.6,6.6,6.55,6.58,226264,1486986,1460,宏遠,,-0.1295505510644616,-0.1364486948066558,0.0068981437421941,6.758015259214318,6.939771103073619,6.8979531204782365,38.54135016434899,20.342909079339343,0.1636478958093662,351453.55,2369806.7,7.0,6.54,-0.2740119991157733,-0.1247333836495113,-0.012012012012012,-0.0090361445783131,6.64,0.5525839250912197,7.0015631896005575,6.732500000000028,6.4634368103994975,0.2166093209806225,0.079929651570896,19.04761904761907,41.6752933057281,6.648000000000048,6.643000000000029,6203989.0,7159150.8,-87.09677419354836,-105.35295372147642,28.058780363417934,7.845000000000001,7.790000000000001,,,,0.0,0.0,0.0,0.0,0.0,0.0,,0.0,0.0,0.0772,0.1702,0.0,1.95,-0.03,0,False,0,False,False,False,True,0.64379489124523,False,False,True,False,True,False,False,False,False,False,False,False,False,False,False,False,False,True,20.0,0.0,6.382978723404255,0.0,-0.2192155864996008,False,False,False,False,False,False,False,-1,False,4,False,False,293.80736187445706,,5,False,3,False,True,False,True,"ema60_gt_ema120, market_above_ma60, avoid_chase, adx_trending",,close_below_ema20
2026-08-17,17.8,17.8,17.6,17.65,52185,920597,1463,強盛新,,-0.0045254709594928,0.0118141104385265,-0.0163395813980193,17.77179762695935,17.796226785951312,17.943255014054653,44.95404159594688,14.059161981226824,0.2815221037398178,77873.9,1381229.15,18.1,17.7,-0.0619118189843677,0.0125774361771946,-0.0084269662921349,-0.0084269662921349,17.8,1.6728283312863408,18.01524984390971,17.815000000000055,17.6147501560904,0.0880146601400184,0.0224810377670115,44.44444444444436,62.9629629629629,17.75,17.764999999999965,-467120.0,-523337.95,-60.00000000000014,-80.92948717948634,52.03462684086941,17.625,18.25,,,,0.0,0.0,0.0,0.0,0.0,0.0,,0.0,0.0,-0.2207,0.2482,0.0,12.02,0.05,0,False,0,False,False,False,False,0.6701218251557968,False,False,False,False,True,False,False,False,False,True,False,False,False,False,False,False,True,False,0.0,25.0,2.549575070821546,8.0,0.274639870899494,False,False,False,False,False,False,False,-1,False,4,False,False,247.9968967023519,,3,False,3,False,True,True,True,"market_above_ma60, avoid_chase, obv_uptrend, mfi_strong",,"close_below_ema20, close_below_swing_low"
2026-08-17,10.2,10.2,10.05,10.15,363838,3675778,1464,得力,,-0.0723132132246942,-0.0540478916544512,-0.0182653215702429,10.320670411704862,10.391820055009076,10.51923496423944,40.08841263297815,11.671922732077515,0.2028381355876003,359041.5,3706492.3,10.5,10.2,-0.1188330532010346,0.0115113496146553,-0.0240384615384615,-0.0049019607843135,10.2,0.7514129909574101,10.505472369907784,10.320000000000004,10.134527630092222,0.0417107138801081,0.0359442577340661,18.18181818181815,16.430976430976443,10.199999999999909,10.269999999999982,-20501711.0,-19791452.05,-81.81818181818184,-164.15410385259537,38.79898889467775,10.75,10.67,,,,0.0,0.0,0.0,0.0,0.0,0.0,,0.0,0.0,0.041,0.1636,0.0,1.99,-0.09,0,False,0,False,False,False,False,1.0133591799276684,False,False,False,False,True,False,False,False,False,False,False,False,False,False,False,False,False,False,20.0,25.0,3.448275862068962,8.0,-0.4377609388068074,False,False,False,False,False,False,False,-1,False,2,False,False,167.880460533595,,3,False,3,False,True,True,True,"market_above_ma60, avoid_chase",,"close_below_ema20, close_below_swing_low"
2026-08-17,12.2,12.2,12.0,12.1,163095,1965553,1465,偉全,,-0.1419005880256634,-0.0965194059789612,-0.0453811820467021,12.434011179602267,12.518475051164996,12.527877823096524,37.48466991218813,21.116665903207497,0.3238538776934325,132975.65,1645444.05,13.0,12.15,-0.2809479810928172,0.0245752076249374,-0.020242914979757,-0.0041152263374486,12.15,1.4372558091212844,12.967551543655164,12.482499999999982,11.9974484563448,0.1057120062771122,0.0777170508560276,26.66666666666657,26.666666666666668,12.230000000000018,12.309999999999992,-2454976.0,-2024717.15,-77.77777777777787,-124.30786267995572,31.348620999598936,13.175,13.0,,,,0.0,0.0,0.0,0.0,0.0,0.0,,0.0,0.0,-0.2575,-0.1761,0.0,0.58,-0.03,0,False,0,False,False,False,False,1.226502746931487,False,False,True,False,True,False,False,False,False,False,False,False,False,False,False,False,False,False,10.0,12.0,7.438016528925623,0.0,-1.6679620027025277,False,False,False,False,False,False,False,-1,False,3,False,False,159.24948343688453,,5,False,3,False,True,True,True,"market_above_ma60, avoid_chase, adx_trending",,"close_below_ema20, close_below_swing_low"
2026-08-17,17.05,17.1,16.2,16.4,544859,8972904,1466,聚隆,,0.0300317967842111,0.0175054358633301,0.012526360920881,16.49678620736806,16.22035573531514,16.024645089830504,49.478627186765365,14.692070158577822,0.8700423819032856,702999.95,11808372.2,18.15,15.55,-0.183213942768399,0.3553842874504946,-0.0352941176470589,-0.0381231671554253,17.05,1.9046116724003144,17.830614501802486,16.47249999999999,15.114385498197494,0.4733085833691601,0.1648947642194562,37.93103448275852,61.24916624009226,16.620000000000072,16.440000000000055,19703095.0,20022478.7,-39.13043478260877,11.555555555555564,50.0260375358918,16.9875,16.8,,,,0.0,0.0,0.0,0.0,0.0,0.0,,0.0,0.0,0.0787,0.1232,0.0,1.15,0.22,0,False,0,False,False,True,True,0.7750484192779815,False,False,False,False,True,False,False,False,False,False,False,False,False,False,False,False,True,True,0.0,0.0,10.670731707317074,0.0,-0.0720269337530245,False,False,False,False,False,False,False,-1,False,4,False,False,261.88616098774355,,3,False,3,False,True,False,True,"ema60_gt_ema120, market_above_ma60, avoid_chase, mfi_strong",,close_below_ema20
2026-08-17,8.53,8.64,8.47,8.47,216032,1840866,1467,南緯,,0.0033097131893562,0.2230228115920463,-0.21971309840269,9.207886577684864,8.637182991349297,8.140785208654803,40.57562561962027,16.21996789280727,0.4769253129610127,880631.1,8719113.3,10.5,8.51,-0.8813604456277506,0.6277392912385964,-0.1348314606741572,-0.0047003525264394,8.51,0.3695968628687282,10.80305025019836,9.609000000000014,8.41494974980167,0.0230518984394444,0.2485274742841799,0.0,1.2121212121213223,8.81200000000008,9.273,-8058537.0,-5954216.8,-100.0,-150.9278991298168,35.84132413844287,8.6675,8.594999999999999,,,,0.0,0.0,0.0,0.0,0.0,0.0,,0.0,0.0,-0.0564,0.0544,0.0,19.45,-0.15,0,False,0,False,False,False,True,0.2453149792234228,False,False,False,False,True,False,False,False,False,False,False,False,False,False,False,False,False,False,20.0,25.0,23.96694214876032,0.0,-0.7504278521911961,False,False,False,False,False,False,False,-1,False,3,False,False,188.44801556593987,,3,False,3,False,True,True,True,"ema60_gt_ema120, market_above_ma60, avoid_chase",,"close_below_ema20, close_below_swing_low"
2026-08-17,13.25,13.3,13.0,13.3,45009,594968,1468,昶和,,0.1575167343580936,0.2533550500948802,-0.0958383157367865,13.389143328255798,12.89958288662188,12.652639424859018,50.266253674770766,26.402364112105385,0.4930004445993223,53219.7,719523.45,14.95,13.3,-0.001387869871454,0.2930088881649688,-0.0184501845018449,0.0,13.3,0.5222748331689302,14.160837684925564,13.522500000000012,12.884162315074462,0.3257192037581466,0.0944111939250213,36.36363636363641,39.89898989898999,13.38000000000011,13.530000000000063,71226.0,68268.9,-66.66666666666661,-72.49277295975084,33.897357580680435,12.0,11.95,,,,0.0,0.0,0.0,0.0,0.0,0.0,,0.0,0.0,-0.4011,-0.1309,0.0,2.13,-0.02,0,False,0,False,False,True,True,0.8457206635888591,False,False,True,False,True,False,False,False,False,True,False,False,False,False,False,False,False,False,0.0,0.0,12.406015037593972,0.0,0.0380501215337898,False,False,True,False,False,False,False,-1,False,6,False,False,383.9138080942941,,3,False,3,False,True,False,True,"ema60_gt_ema120, market_above_ma60, avoid_chase, adx_trending, obv_uptrend, above_ichimoku_cloud",,close_below_ema20
2026-08-17,23.05,23.35,23.05,23.35,4007,93161,1470,大統新創,,0.5791263641777462,0.6702547708773292,-0.091128406699583,22.942523030194703,21.61999673322169,20.38050999599883,53.30888626035935,8.714511910790296,1.0902189429717402,11015.25,254507.35,24.0,22.7,0.1995150121631998,,-0.002136752136752,0.002145922746781,23.3,0.275627730860817,23.84481184923107,23.09749999999999,22.350188150768908,0.6689388441116063,0.0647093277827541,41.93548387096786,54.83870967742041,23.5,23.289999999999964,472364.0,421006.45,-47.36842105263154,44.87671700366855,74.46648454031114,16.45,11.65,,,,0.0,0.0,0.0,0.0,0.0,0.0,,0.0,0.0,-0.0595,-0.2363,0.0,0.46,0.01,0,False,0,False,False,True,True,0.3637684119743083,False,False,False,False,True,False,False,False,False,True,False,False,False,False,False,False,True,True,0.0,0.0,2.7837259100642333,8.0,0.6798122491714642,False,False,True,False,False,False,False,-1,False,6,False,False,409.79543110980063,,3,False,3,False,False,False,False,"ema60_gt_ema120, market_above_ma60, avoid_chase, obv_uptrend, mfi_strong, above_ichimoku_cloud",,
2026-08-17,89.0,89.2,89.0,89.2,2265,201759,1472,三洋實業,,0.8691303840002291,-0.1465845315402847,1.015714915540514,86.39536793071508,87.01474019310466,88.2016735606008,51.837047850101854,7.495265971350033,7.113008757539252,36797.4,3270427.05,89.6,88.0,,,0.0033745781777276,0.002247191011236,89.0,3.111935591585352,123.31762172114438,84.52500000000036,45.732378278856345,0.5602563038095917,0.917896994289118,76.66666666666657,79.72222222222202,89.14000000000014,88.94000000000014,4747612.0,4719209.65,-1.978021978021975,38.18147071809367,50.42138459297203,86.77499999999999,47.15,,,,0.0,0.0,0.0,0.0,0.0,0.0,,0.0,0.0,0.1657,0.0753,0.0,0.92,0.02,0,False,0,False,False,True,False,0.061553261915244,False,False,False,False,True,False,False,False,False,True,False,False,False,False,False,False,True,True,-10.0,0.0,0.448430493273533,25.0,0.0135733211633058,False,False,True,False,False,False,False,-1,False,5,False,False,385.7784124731121,,3,False,3,False,False,False,False,"market_above_ma60, avoid_chase, obv_uptrend, mfi_strong, above_ichimoku_cloud",,
2026-08-17,9.95,10.05,9.94,10.05,70345,701174,1474,弘裕,,-0.0870322977957656,-0.0722860172364407,-0.0147462805593248,10.157072966769636,10.221696177125096,10.324888609305678,43.70079608963141,17.60099033515218,0.198101507119206,66930.25,680943.85,10.5,9.94,-0.2561329455379325,0.0311561679829209,-0.0049504950495048,0.011066398390342,9.94,0.7825625672179751,10.546547350644426,10.1875,9.828452649355574,0.3085210770206055,0.0704878234393964,68.7500000000007,40.1209677419356,10.057999999999993,10.045000000000028,716197.0,789707.65,-76.08695652173891,-69.99546390313698,32.545789187068934,10.8125,10.58,,,,0.0,0.0,0.0,0.0,0.0,0.0,,0.0,0.0,-0.0879,0.1418,0.0,0.6,-0.01,0,False,0,False,False,False,False,1.0510195315272242,False,False,False,False,True,False,False,False,True,False,False,False,False,False,False,False,False,True,0.0,0.0,4.4776119402985,0.0,-0.2057583658668369,False,False,False,False,False,False,False,-1,False,3,False,False,193.0410949248702,,3,False,3,False,True,False,True,"market_above_ma60, avoid_chase, kd_golden_cross",,close_below_ema20
2026-08-17,19.9,20.05,19.9,19.95,51604,1030826,1473,台南,,-0.0706581672787329,-0.1005664459894618,0.0299082787107288,20.010847402941984,20.480492320434337,21.493766454449517,46.65900510124596,8.660298350247361,0.3107625899656295,70375.35,1399559.3,20.4,19.75,-0.0580140538465929,-0.0736846178491884,0.0,-0.0025,20.0,1.7548543325867596,20.375926312208488,19.98749999999991,19.59907368779133,0.4517282959196492,0.038866923047763,64.28571428571425,66.66666666666606,20.04999999999982,19.93999999999996,963094.0,985365.3,-31.24999999999997,4.28406656780252,28.80211181261004,20.6125,21.05,,,,0.0,0.0,0.0,0.0,0.0,0.0,,0.0,0.0,0.1231,0.0671,0.0,5.2,0.04,0,False,0,False,False,False,False,0.7332681116328373,False,False,False,False,True,False,False,False,False,False,False,False,False,False,False,False,False,True,0.0,0.0,2.255639097744357,8.0,-0.0471233300796104,False,False,False,False,False,False,False,-1,False,2,False,False,159.76720115537307,,3,False,3,False,True,False,True,"market_above_ma60, avoid_chase",,close_below_ema20
2026-08-17,25.45,25.55,24.9,25.4,71069,1785793,1475,業旺,,-0.2877462241348283,-0.0886767932619706,-0.1990694308728576,26.677288152760383,27.03830413049402,28.073425219718725,33.759076086459615,15.35557676006936,0.7077941525256833,38682.5,1015756.35,27.45,25.2,-0.1838148712993957,0.0827024911463283,-0.0644567219152855,0.0079365079365079,25.2,5.850306564769518,27.98944079631317,26.805000000000017,25.620559203686863,-0.0931068924565102,0.0883746164009068,18.86792452830187,8.90368726106802,26.160000000000217,26.620000000000072,-3045426.0,-2786916.8,-81.13207547169813,-287.7534468775352,20.40495144301653,26.7125,26.2,,,,0.0,0.0,0.0,0.0,0.0,0.0,,0.0,0.0,0.1496,0.018,0.0,0.63,-0.06,0,False,0,False,False,False,False,1.837239061591159,True,False,False,False,True,False,False,False,True,False,False,False,False,False,False,False,False,False,20.0,25.0,8.070866141732287,0.0,-2.0,False,False,False,False,False,False,False,-1,False,4,False,False,309.3723906159116,,3,False,3,False,True,False,True,"volume_break, market_above_ma60, avoid_chase, kd_golden_cross",,close_below_ema20
2026-08-17,326.5,326.5,315.5,316.5,1762494,561249051,1476,儒鴻,,-2.953665077069445,0.8340908667600102,-3.7877559438294552,335.6247148477482,338.5855045178868,349.27754886287744,37.54312886695375,17.283495768668,11.101058215518371,1763592.75,602814505.15,364.5,322.0,-0.2259800151960213,-0.0184500295492185,-0.0608308605341246,-0.0170807453416148,322.0,0.7099894659703153,363.14493835025934,339.625,316.10506164974066,0.0083958202691246,0.1385053417755426,1.9047619047619049,6.253842913198241,324.3,337.95,-37426587.0,-32380922.35,-98.0952380952381,-154.63193513375435,47.401227149953,333.625,337.0,,,,0.0,0.0,0.0,0.0,0.0,0.0,,0.0,0.0,0.2326,-0.0027,0.0,29.74,-0.92,0,False,0,False,False,False,False,0.999376982015831,False,False,False,False,True,True,False,False,False,False,False,False,False,False,False,False,False,False,20.0,25.0,15.165876777251183,0.0,-1.9813531677218488,False,False,False,False,False,False,False,-1,False,3,False,False,221.21753180749613,,3,False,3,False,True,True,True,"market_above_ma60, avoid_chase, liquidity_ok",,"close_below_ema20, close_below_swing_low"
2026-08-17,212.0,212.5,203.0,204.5,4825066,991712942,1477,聚陽,,-1.2210183043700056,-0.1416198459950559,-1.0793984583749496,218.7615194434899,222.79169391363587,234.5887518328556,31.45279925203208,13.823236374168166,6.351558449857796,1949230.95,424371596.95,226.0,218.0,0.0429104415010702,-0.0216727058657847,-0.0788288288288288,-0.0619266055045871,218.0,1.4384034865529527,227.8662593333758,218.575,209.28374066662417,-0.2574323078810286,0.0850166700983719,5.660377358490566,22.50883437304644,216.5,220.15,30083571.0,37917396.05,-94.33962264150944,-220.5584152238341,34.42536988241967,223.75,218.5,,,,0.0,0.0,0.0,0.0,0.0,0.0,,0.0,0.0,0.0786,0.052,0.0,15.32,-2.64,0,False,0,False,False,False,False,2.475369067990635,True,False,False,False,True,True,False,False,False,False,False,False,False,False,False,False,False,False,20.0,25.0,10.513447432762836,0.0,-0.9289186601336538,False,False,False,False,False,False,False,-1,False,4,False,False,273.60666675830254,,3,False,3,False,True,True,True,"volume_break, market_above_ma60, avoid_chase, liquidity_ok",,"close_below_ema20, close_below_swing_low"
2026-08-17,198.0,204.0,198.0,203.5,1319204,265971223,1503,士電,,-3.922150278900773,-5.811506552897656,1.8893562739968832,200.8591911838543,207.8803648689503,206.0213659358276,50.38374522106858,24.957123886371416,7.548294561233467,1515425.95,300813845.65,211.5,193.5,-0.1518715858451047,-0.2995798164506514,0.040920716112532,0.0251889168765742,198.5,0.8767688666019592,212.33015919511465,198.275,184.2198408048854,0.6858748068046122,0.1417743961176609,82.14285714285714,66.51305683563685,199.9,197.65,94743301.0,92201752.05,-10.0,43.478260869565226,48.74929256440198,236.875,225.25,,,,0.0,0.0,0.0,0.0,0.0,0.0,,0.0,0.0,0.151,-0.0442,0.0,30.54,0.36,0,False,0,False,False,False,True,0.8705169658735222,False,False,True,False,True,True,False,False,False,True,False,False,False,False,False,False,False,True,-20.0,0.0,3.9312039312039313,0.0,0.2493272859014381,False,False,False,False,False,False,False,-1,False,6,False,False,426.69709708955247,,3,False,3,False,False,False,False,"ema60_gt_ema120, market_above_ma60, avoid_chase, liquidity_ok, adx_trending, obv_uptrend",,
2026-08-17,71.4,72.7,70.3,71.9,11350688,815151586,1504,東元,,0.4899849462345145,-0.4065818403639893,0.8965667865985039,67.69302914123372,68.59727318054098,70.58949227178239,61.85297734425081,12.821965880010232,2.700569519953476,8459875.2,567192011.1,70.6,65.3,0.3275411744287517,-0.2339971017597256,0.0699404761904762,0.0184135977337112,70.6,2.0676001905600896,71.89689459760778,66.56500000000014,61.233105402392496,1.0002912100319477,0.1602011446738566,77.38095238095246,77.34852754898566,69.52000000000044,67.94000000000051,954282337.0,903896401.8,-13.768115942028926,177.0888692057865,75.61636167166223,74.67500000000001,74.75,,,,0.0,0.0,0.0,0.0,0.0,0.0,,0.0,0.0,0.1381,0.0477,0.0,7.59,0.64,0,False,0,False,False,True,False,1.3417086814708568,False,True,False,True,False,True,False,False,True,True,False,False,True,False,False,False,True,True,-10.0,-25.0,-1.8080667593880544,25.0,0.549588325576321,False,False,False,False,False,False,False,-1,False,8,False,False,600.0121467216244,,3,False,3,False,False,False,False,"rsi_strong, breakout_20d, market_above_ma60, liquidity_ok, kd_golden_cross, obv_uptrend, bb_squeeze_breakout, mfi_strong",,
2026-08-17,10.2,10.3,10.15,10.15,175099,1784865,1506,正道,,-0.0585282491749801,-0.0253370821554782,-0.0331911670195019,10.401563875282054,10.492311260987243,10.75686720653036,42.24424820835627,19.050331542810625,0.3025124718202819,221994.65,2308448.55,10.85,10.2,-0.2295557270696637,0.0434841861549359,-0.0333333333333333,-0.0049019607843135,10.2,0.5391581220332301,10.857957062308005,10.447499999999993,10.03704293769198,0.1375991214194984,0.0785751734497272,16.666666666666618,27.777777777777374,10.35,10.330000000000018,-1607609.0,-869193.15,-83.33333333333339,-93.07795698924664,37.29854147246925,10.38,10.675,,,,0.0,0.0,0.0,0.0,0.0,0.0,,0.0,0.0,0.2828,0.0521,0.0,0.88,-0.01,0,False,0,False,False,False,False,0.7887532424767895,False,False,False,False,True,False,False,False,False,False,False,False,False,False,False,False,False,True,20.0,12.0,6.896551724137924,0.0,-0.7647963276555675,False,False,False,True,False,False,False,-1,False,2,True,False,175.7099764929011,,3,False,3,False,True,True,True,"market_above_ma60, avoid_chase",long_upper_shadow,"close_below_ema20, close_below_swing_low"
2026-08-17,6.7,6.71,6.54,6.69,12108,80938,1512,瑞利,,-0.0492198596858912,-0.0622085379629884,0.0129886782770972,6.702218169902444,6.863739105287306,7.084444110128271,47.45560206029305,9.211405702730412,0.19691478719764,61466.0,409507.1,6.89,6.56,-0.0758611535445464,-0.0853148690410454,0.0182648401826484,-0.0014925373134327,6.7,0.690632986081415,6.840324333794764,6.685999999999979,6.531675666205193,0.5129597189946105,0.0461634262024487,54.285714285714455,62.14285714285688,6.667999999999938,6.648999999999978,-1774173.0,-1690332.4,-45.714285714285545,-57.31857318573112,47.48205059368109,7.0825000000000005,7.08,,,,0.0,0.0,0.0,0.0,0.0,0.0,,0.0,0.0,-0.1261,0.043,0.0,5.52,0.02,0,False,0,False,False,False,False,0.1969869521361403,False,False,False,False,True,False,False,False,False,False,False,False,False,False,False,False,False,True,0.0,0.0,2.9895366218236066,8.0,-0.2774139463654876,False,False,False,False,False,False,False,-1,False,2,False,False,81.64090216497556,,3,False,3,False,True,False,True,"market_above_ma60, avoid_chase",,close_below_ema20
2026-08-17,169.5,172.5,167.0,171.0,3454633,590350241,1513,中興電,,0.7384097662100828,-1.4450394730385403,2.183449239248623,163.1387848178855,163.72205732228247,162.38294576420793,60.5943034158256,20.436755282820883,5.85536503921812,3854461.4,626028075.6,171.0,155.5,0.3644688752515903,-0.1293564025221919,0.0721003134796238,0.0058823529411764,170.0,1.0662453534736702,172.37339098657748,159.75,147.12660901342252,0.9456013448352424,0.1580393237756178,70.0,71.6918071576456,167.6,163.55,525769673.0,505392619.35,-19.047619047619047,144.32013259930144,65.97681046548172,176.125,173.75,,,,0.0,0.0,0.0,0.0,0.0,0.0,,0.0,0.0,0.0383,-0.1493,0.0,13.41,2.94,0,False,0,False,False,True,True,0.8962686719342942,False,True,True,False,False,True,False,False,False,True,False,False,False,False,False,False,True,True,-10.0,-25.0,0.0,25.0,0.4133963369348587,False,False,False,False,False,False,False,-1,False,7,False,False,498.9234427625613,,3,False,3,False,False,False,False,"ema60_gt_ema120, rsi_strong, market_above_ma60, liquidity_ok, adx_trending, obv_uptrend, mfi_strong",,
2026-08-17,101.0,102.0,100.5,102.0,712574,72317901,1514,亞力,,-3.0679266507353447,-4.004670760449338,0.9367441097139936,103.40183180126802,110.3610655610823,112.42869721143371,43.94106666559133,24.746495607676277,3.8290437861647577,1756703.55,180275733.8,108.5,98.7,-0.2225787715373768,-0.5110283146796162,0.0,0.0099009900990099,101.0,0.6432013207525985,109.34959247064432,101.83500000000004,94.32040752935576,0.510978639270495,0.1475836887247859,52.83018867924526,59.52537974445962,101.9,101.42000000000009,366052292.0,364161049.8,-17.482517482517487,-10.419859025436972,54.77754818887226,127.875,129.5,,,,0.0,0.0,0.0,0.0,0.0,0.0,,0.0,0.0,0.0651,-0.2399,0.0,12.43,-0.36,0,False,0,False,False,False,False,0.4056313314787802,False,False,True,False,True,True,False,False,False,True,False,False,False,False,False,False,True,True,0.0,0.0,6.372549019607843,0.0,0.0675727322403896,False,False,False,False,False,False,False,-1,False,6,False,False,419.8671861016725,,3,False,3,False,True,False,True,"market_above_ma60, avoid_chase, liquidity_ok, adx_trending, obv_uptrend, mfi_strong",,close_below_ema20
2026-08-17,35.7,36.9,33.25,34.25,9536882,334596632,1515,力山,,-0.4730055312888623,-0.6914335708474948,0.2184280395586324,32.41076761821074,31.14979261500399,29.25716681719573,54.61848436914835,23.8434921459292,2.5519926635967787,2685683.7,91892014.2,44.0,28.1,-0.5963955356116519,0.7807086971403734,0.0977564102564103,0.0208643815201192,33.55,1.218199295782474,38.98249600071129,31.949999999999957,24.91750399928861,0.6635265771759701,0.4402188419850611,66.24203821656052,73.51746101471569,32.15,31.329999999999927,53344578.0,44309877.95,-27.461139896373048,62.74011555797584,67.82392083488105,35.5875,33.099999999999994,,,,0.0,0.0,0.0,0.0,0.0,0.0,,0.0,0.0,0.0461,0.0238,0.0,4.7,-0.36,0,False,0,False,False,True,True,3.55100714205474,True,False,True,False,False,True,False,False,False,True,False,False,False,False,False,False,True,True,0.0,0.0,28.46715328467153,0.0,0.3213687683134467,False,False,False,False,True,False,False,-1,False,7,True,False,514.3664966403087,,3,False,3,False,False,False,False,"ema60_gt_ema120, volume_break, market_above_ma60, liquidity_ok, adx_trending, obv_uptrend, mfi_strong",open_high_close_low,
2026-08-17,14.75,14.75,14.75,14.75,7952,117303,1516,川飛,,-0.78490321773263,-0.8714352684218014,0.0865320506891713,15.663570644460878,17.628219405544286,18.769617668053385,34.51458331153893,48.8617625366426,0.547278033166212,57193.75,818097.6,16.15,14.5,-0.3888718017029546,-0.7385183131028816,0.0068259385665527,-0.0033783783783783,14.8,0.6429588067293281,16.44993842177479,15.434999999999992,14.420061578225194,0.1625411033301166,0.1315112953384901,34.375000000000014,34.791666666666664,15.079999999999927,15.194999999999984,3041902.0,2758438.7,-72.49999999999997,-98.9333333333335,74.52559615473024,19.3875,20.15,,,,0.0,0.0,0.0,0.0,0.0,0.0,,0.0,0.0,0.5984,-0.3388,0.0,5.82,-0.01,0,False,0,False,False,False,False,0.139036170910283,False,False,True,False,True,False,False,False,False,True,False,False,False,False,False,False,True,False,0.0,12.0,9.491525423728804,0.0,1.5903818234092046,False,False,False,False,False,False,False,-1,False,5,False,False,422.47494359001325,,8,False,3,False,True,False,True,"market_above_ma60, avoid_chase, adx_trending, obv_uptrend, mfi_strong",,close_below_ema20
2026-08-17,11.4,11.5,11.35,11.4,276034,3148206,1517,利奇,,0.1622832290899403,0.204145823025708,-0.0418625939357677,11.522637893069556,11.154368272307703,11.065949008987852,49.49556294146468,40.583475316854056,0.5165367816959804,1066890.95,12495452.05,12.3,11.25,0.1222458414833549,0.2977679162762606,-0.0338983050847457,-0.0043668122270741,11.45,0.2910752211470022,12.113714727993656,11.560000000000036,11.006285272006416,0.355521271233118,0.0957983958466465,6.666666666666643,19.869281045751148,11.770000000000072,11.650000000000045,31477663.0,30375177.7,-82.35294117647055,-60.18893387314431,54.90010726277168,10.7375,10.645,,,,0.0,0.0,0.0,0.0,0.0,0.0,,0.0,0.0,0.3634,0.0352,0.0,2.81,0.05,0,False,0,False,False,True,True,0.2587274735060786,False,False,True,False,True,False,False,False,False,True,False,False,False,False,False,False,True,True,20.0,0.0,7.8947368421052655,0.0,0.1559737447651571,False,False,True,False,False,False,False,-1,False,7,False,False,569.4589596722426,,8,False,3,False,True,False,True,"ema60_gt_ema120, market_above_ma60, avoid_chase, adx_trending, obv_uptrend, mfi_strong, above_ichimoku_cloud",,close_below_ema20
2026-08-17,708.0,728.0,697.0,720.0,884566,631054260,1519,華城,,-7.454277109061081,-16.12081402303792,8.666536913976838,702.373808814557,747.5590262541436,778.6536867268939,52.566621095623766,21.04450512066298,31.09737878812604,1346672.8,934083906.45,727.0,653.0,0.0711303087211996,-0.4722524965899178,0.0730253353204173,0.0140845070422535,710.0,0.9956666065663188,739.8172381772148,693.4,646.9827618227852,0.7865314810248379,0.1338830059913897,81.3953488372093,77.5193798449618,714.6,693.5,31795512.0,29789528.7,-16.0,73.52694309216042,51.35506544863836,810.75,859.0,,,,0.0,0.0,0.0,0.0,0.0,0.0,,0.0,0.0,-0.0832,0.1851,0.0,18.45,-0.12,0,False,0,False,False,False,False,0.656852948986569,False,False,True,False,False,True,False,False,False,True,False,False,False,False,False,False,True,True,-20.0,0.0,0.9722222222222222,25.0,0.1498548468241624,False,False,False,False,False,False,False,-1,False,5,False,False,348.36678765175566,,3,False,3,False,False,False,False,"market_above_ma60, liquidity_ok, adx_trending, obv_uptrend, mfi_strong",,
2026-08-17,25.55,25.9,25.55,25.9,14812,381464,1521,大億,,-0.0161431226475983,-0.1271346124013613,0.110991489753763,25.426904401552974,25.568953114282767,25.54441200557633,57.63893379971888,12.542834980990335,0.5438364147513914,21605.5,546319.6,25.75,25.0,0.0747916205623745,-0.1023645245196044,0.0237154150197627,0.0058252427184466,25.75,3.1880306169478674,25.811457326695223,25.27250000000004,24.73354267330485,1.0821425639091944,0.0426516827931693,66.66666666666667,65.57706093189942,25.539999999999964,25.355000000000015,969012.0,861937.85,-27.027027027027057,209.52380952381003,75.02741664682014,26.3,26.950000000000003,,,,0.0,0.0,0.0,0.0,0.0,0.0,,0.0,0.0,-0.0526,-0.0599,0.0,33.08,0.04,0,False,0,False,False,True,True,0.6855661752794427,False,True,False,True,True,False,False,False,True,True,False,False,True,False,False,False,True,True,0.0,-25.0,-0.5791505791505737,25.0,0.7467594331752013,False,False,False,False,False,False,False,-1,False,9,False,False,615.8167749508968,,3,False,3,False,False,False,False,"ema60_gt_ema120, rsi_strong, breakout_20d, market_above_ma60, avoid_chase, kd_golden_cross, obv_uptrend, bb_squeeze_breakout, mfi_strong",,
2026-08-17,27.85,28.3,27.7,28.2,393017,11015093,1522,堤維西,,-0.3766193973686604,-0.4624473519348555,0.085827954566195,28.40661063137664,29.877394663646243,32.68072504442453,46.35032812916023,18.1780758229738,0.7809183219780823,586852.4,16511462.45,29.75,27.8,0.0175665903254849,-0.2377122204053686,0.0,0.014388489208633,27.8,0.7455516551076768,29.237429455967728,28.1300000000002,27.022570544032675,0.5316047219182196,0.0787365414836486,31.11111111111108,21.48148148148175,28.140000000000143,28.31000000000022,10140513.0,10484198.05,-47.69230769230771,-10.246557796990963,41.49907054755822,30.825000000000003,31.55,,,,0.0,0.0,0.0,0.0,0.0,0.0,,0.0,0.0,0.0573,0.0154,0.0,2.61,0.2,0,False,0,False,False,False,False,0.6697033189265308,False,False,False,False,True,False,False,False,True,False,False,False,False,False,False,False,False,False,0.0,0.0,5.496453900709223,0.0,-0.0896436313702198,False,False,False,False,False,False,False,-1,False,3,False,False,195.62130961282267,,3,False,3,False,True,False,True,"market_above_ma60, avoid_chase, kd_golden_cross",,close_below_ema20
2026-08-17,27.05,27.2,26.95,27.05,216670,5864737,1524,耿鼎,,-0.2055812558079317,-0.3969031280226278,0.1913218722146961,26.985803931023803,27.95751257847103,28.65998464399209,48.40837612052032,24.94024993424231,0.5789492909651631,431229.0,11426249.95,27.25,26.4,0.218023237436443,-0.3455731301106852,-0.0036832412523019,-0.0036832412523019,27.15,1.4355473897766269,27.6831191966798,26.57249999999981,25.461880803319826,0.714970172237072,0.0835916226685479,60.0,64.13793103448249,27.099999999999635,26.974999999999728,90558007.0,90078667.1,-19.607843137254896,71.97106690777508,71.3537768700602,30.25,31.1,,,,0.0,0.0,0.0,0.0,0.0,0.0,,0.0,0.0,0.1119,0.284,0.0,1.78,0.19,0,False,0,False,False,False,False,0.5024476554220612,False,False,True,False,True,False,False,False,False,True,False,False,False,False,False,False,True,True,0.0,0.0,0.7393715341959308,25.0,0.0710971879837353,False,False,False,False,False,False,False,-1,False,5,False,False,405.8776428100254,,5,False,3,False,False,False,False,"market_above_ma60, avoid_chase, adx_trending, obv_uptrend, mfi_strong",,
2026-08-17,68.0,68.0,66.4,67.0,24217,1616591,1525,江申,,0.2426548130061547,0.4210950083111279,-0.1784401953049731,67.64384375998324,66.52528486848621,65.39916993498487,46.45671996025242,33.69070991347964,1.408444086866952,16640.8,1124406.1,68.8,67.3,0.0665045785367681,0.004212774416385,-0.0204678362573099,-0.0147058823529411,68.0,0.6381887843090949,69.17395066389449,67.74500000000026,66.31604933610603,0.2393192015566304,0.0421861587982647,28.000000000000117,45.58024691358029,67.44000000000014,68.01000000000022,2329712.0,2274459.45,-74.07407407407399,-55.15004055150049,43.51214465891069,66.125,65.15,,,,0.0,0.0,0.0,0.0,0.0,0.0,,0.0,0.0,0.1846,-0.0033,0.0,0.43,0.03,0,False,0,False,False,True,True,1.4552785923753666,False,False,True,False,True,False,False,False,False,True,False,False,False,False,False,False,False,False,10.0,0.0,2.6865671641791,8.0,0.450322089958748,False,False,True,False,False,False,False,-1,False,6,False,False,482.9566510032586,,10,False,3,False,True,True,True,"ema60_gt_ema120, market_above_ma60, avoid_chase, adx_trending, obv_uptrend, above_ichimoku_cloud",,"close_below_ema20, close_below_swing_low"
2026-08-17,17.3,17.65,17.1,17.2,409259,7087735,1526,日馳,,0.5391629110833982,0.7429118098773725,-0.2037488987939743,17.509938315578037,16.51316189757387,16.54682182215835,49.86949591210069,43.35874327451565,1.0820538000769089,1685739.25,31080420.5,19.15,17.2,0.3836812123749848,0.4626005511365759,-0.0601092896174864,0.0,17.2,0.2150320210530262,19.49424335085889,17.75999999999999,16.025756649141087,0.3385463032847595,0.195297674646273,8.163265306122423,10.745207173778304,17.910000000000036,18.05,3281443.0,6979525.0,-94.5945945945946,-49.09202831640502,64.55844165924918,14.7,15.525,,,,0.0,0.0,0.0,0.0,0.0,0.0,,0.0,0.0,-0.1482,-0.0072,0.0,2.76,-0.52,0,False,0,False,False,True,False,0.2427771673466107,False,False,True,False,True,False,False,False,False,False,False,False,False,False,False,False,True,False,20.0,0.0,11.337209302325578,0.0,-1.1962308450348156,False,False,True,True,False,False,False,-1,False,5,True,False,333.07300153304834,,8,False,3,False,True,False,True,"market_above_ma60, avoid_chase, adx_trending, mfi_strong, above_ichimoku_cloud",long_upper_shadow,close_below_ema20
2026-08-17,32.85,33.05,32.55,32.95,352677,11575750,1527,鑽全,,-0.2011596827558861,-0.1940666116172775,-0.0070930711386086,33.011962607216105,33.171344030464496,33.223576512052496,47.208133703039245,15.632828602879805,0.4703131855353082,223225.6,7388371.3,34.0,32.25,-0.2086309582809917,-0.0045538368649963,0.0091883614088821,0.0030441400304415,32.85,0.6465036304917259,34.208585066958285,33.10500000000002,32.00141493304175,0.4297743306606935,0.0666718058878276,68.75000000000017,65.30263157894721,32.810000000000215,32.67000000000007,6199033.0,5645737.75,-49.99999999999992,-33.63963673491287,55.12170491360227,33.75,33.275,,,,0.0,0.0,0.0,0.0,0.0,0.0,,0.0,0.0,-0.0461,0.082,0.0,10.33,-0.03,0,False,0,False,False,False,False,1.5799128773760716,True,False,False,False,True,False,False,False,False,True,False,False,False,False,False,False,True,True,0.0,0.0,3.1866464339908864,8.0,1.7614898188896462,False,False,False,False,False,False,False,-1,False,5,False,False,354.9370066004365,,3,False,3,False,True,False,True,"volume_break, market_above_ma60, avoid_chase, obv_uptrend, mfi_strong",,close_below_ema20
2026-08-17,19.7,19.75,18.95,19.1,597376,11433266,1528,恩德,,-0.7050661371372868,-1.0724601736028845,0.3673940364655976,19.302714820986363,21.61288778142862,22.416091344944697,43.1788485749692,35.60161439741628,0.7862061519598894,971286.2,17823021.5,19.95,17.75,0.0556002427520685,-0.8155874357697079,0.0052631578947368,-0.015463917525773,19.4,0.6239057059075456,20.58400327510712,18.637499999999957,16.690996724892788,0.6188027798141221,0.2088802977982208,57.50000000000011,72.28531073446356,19.259999999999856,18.89499999999989,365420650.0,364942056.65,-22.66666666666661,50.069072408100105,55.9978199186819,25.65,27.65,,,,0.0,0.0,0.0,0.0,0.0,0.0,,0.0,0.0,0.1966,0.1564,0.0,2.69,0.32,0,False,0,False,False,False,False,0.6150360213086524,False,False,True,False,True,False,False,False,False,True,False,False,False,False,False,False,True,True,0.0,0.0,4.450261780104701,0.0,0.0312033545111521,False,False,False,False,False,False,False,-1,False,5,False,False,421.5248004672204,,8,False,3,False,True,False,True,"market_above_ma60, avoid_chase, adx_trending, obv_uptrend, mfi_strong",,close_below_ema20
2026-08-17,29.2,29.3,28.8,29.05,18682,542185,1530,亞崴,,-0.1607657491415608,-0.3292054550956489,0.168439705954088,28.63906760197926,28.921053806674983,28.70404517098737,52.506846681794826,13.313715475390476,0.9637177697101468,64777.75,1872553.6,31.1,27.15,-0.2665952723709505,-0.2464465344335501,0.0699815837937385,-0.0017182130584192,29.1,0.5785393087681449,30.94500000000181,28.634999999999945,26.32499999999808,0.5898268398267793,0.1613410162389992,69.35483870967747,69.89247311828028,28.93000000000011,28.29499999999998,2869018.0,2914696.2,-30.645161290322545,26.450511945392936,51.630729384433806,30.4,31.2,,,,0.0,0.0,0.0,0.0,0.0,0.0,,0.0,0.0,0.2806,0.4258,0.0,0.7,-0.02,0,False,0,False,False,True,True,0.2884014958840034,False,False,False,False,False,False,False,False,False,False,False,False,False,False,False,False,True,True,0.0,0.0,7.056798623063686,0.0,-0.0653592638207835,False,False,False,False,False,False,False,-1,False,3,False,False,217.09970379299065,,3,False,3,False,False,False,False,"ema60_gt_ema120, market_above_ma60, mfi_strong",,
2026-08-17,13.0,13.0,12.95,12.95,70454,912990,1531,高林股,,0.0089188385914997,0.0079918246270939,0.0009270139644058,12.959448166458056,12.893699227749943,12.73840903085705,49.83675063676692,9.05608382484411,0.1893473946600574,137621.35,1775409.8,13.1,12.85,-0.0039994726840064,0.0711454702127735,-0.0038461538461539,0.0,12.95,0.9328552704705112,13.102986485873934,12.954999999999972,12.807013514126012,0.4831065655406109,0.0228462347933556,62.49999999999994,75.0,12.989999999999965,12.949999999999957,2675190.0,2424811.5,-33.333333333333464,34.658511722728754,65.53091503153846,12.9375,12.675,,,,0.0,0.0,0.0,0.0,0.0,0.0,,0.0,0.0,0.0157,-0.2069,0.0,1.72,0.09,0,False,0,False,False,True,True,0.5119409161441884,False,False,False,False,True,False,False,False,False,True,False,False,False,False,False,False,True,True,0.0,0.0,1.158301158301161,15.0,0.4894190376445311,False,False,True,False,False,False,False,-1,False,6,False,False,435.99243761317626,,3,False,3,False,True,False,True,"ema60_gt_ema120, market_above_ma60, avoid_chase, obv_uptrend, mfi_strong, above_ichimoku_cloud",,close_below_ema20
2026-08-17,21.85,22.45,21.75,22.4,496586,11031340,1532,勤美,,-0.2262658329922295,-0.2574502358460835,0.0311844028538539,22.165367322885373,22.38795576895276,22.77648311902835,52.29169345279338,22.202491607308797,0.4879662964342665,534393.4,11897227.7,23.3,21.5,-0.3431902668141851,0.0276563025849602,0.0298850574712643,0.0275229357798163,21.8,0.5598237367388765,23.497654100294543,22.21999999999998,20.94234589970542,0.5704416007268786,0.115000369063417,95.45454545454538,77.66798418972333,21.989999999999963,21.81499999999996,-10599890.0,-10225941.35,-18.18181818181824,-0.1920122887863078,41.95224188086275,23.025,22.225,,,,0.0,0.0,0.0,0.0,0.0,0.0,,0.0,0.0,0.2531,-0.0455,0.0,6.69,-0.06,0,False,0,True,True,True,False,0.92925174599836,False,False,True,False,True,False,False,False,False,False,False,False,False,False,False,False,False,True,-20.0,0.0,4.017857142857153,0.0,-0.1773901323973018,False,False,False,False,False,False,False,-1,False,5,False,False,362.163835871216,,5,False,3,False,False,False,False,"macd_golden_cross, market_above_ma60, avoid_chase, hist_turn_positive, adx_trending",,
2026-08-17,32.25,32.25,31.4,31.5,127693,4026698,1533,車王電,,-0.8212312705750904,-0.859191057927972,0.0379597873528816,32.83383191435182,34.103102499824104,33.854286592765284,36.172790996795946,33.04757972809248,1.209242355212376,133167.4,4324430.5,34.3,31.85,-0.234678861573455,-0.4088761222341409,-0.0483383685800604,-0.010989010989011,31.85,0.8118514794474186,34.26443068861957,32.61249999999991,30.96056931138025,0.1632727971990439,0.1013065964657517,17.857142857142875,28.571428571428743,31.920000000000076,32.43500000000004,7311809.0,7952256.75,-67.64705882352936,-93.9038886058754,28.0900798063916,37.425,35.95,,,,0.0,0.0,0.0,0.0,0.0,0.0,,0.0,0.0,0.2821,-0.1586,0.0,6.58,0.13,0,False,0,False,False,False,True,0.9588908396499444,False,False,True,False,True,False,False,False,False,False,False,False,False,False,False,False,False,False,20.0,12.0,8.888888888888879,0.0,-0.9784249380346542,False,False,False,False,False,False,False,-1,False,4,False,False,319.8478091400836,,8,False,3,False,True,True,True,"ema60_gt_ema120, market_above_ma60, avoid_chase, adx_trending",,"close_below_ema20, close_below_swing_low"
2026-08-17,45.8,46.0,45.7,46.0,43093,1975496,1535,中宇,,-0.7091245265992967,-0.8527056966730916,0.1435811700737949,46.53490119655924,48.19309869311836,49.58554178517724,39.84433047971741,17.15311508330489,0.7931645962028236,79494.65,3663412.95,50.3,45.7,0.0220845099225643,-0.1780121801122056,-0.010752688172043,0.0021786492374729,45.9,0.4860967254925681,46.56721993724306,45.94250000000011,45.31778006275716,0.5460206218594953,0.0271957310656994,42.30769230769218,43.5897435897435,46.03999999999978,45.98000000000011,-1227608.0,-1360077.65,-64.51612903225818,-48.85057471264344,57.78564522435614,50.6375,51.225,,,,0.0,0.0,0.0,0.0,0.0,0.0,,0.0,0.0,-0.3741,-0.158,0.0,0.92,-0.05,0,False,0,False,False,False,False,0.5420867945201344,False,False,False,False,True,False,False,False,False,True,False,False,False,False,False,False,True,True,0.0,0.0,9.347826086956514,0.0,0.5333530311144684,False,False,False,False,False,False,False,-1,False,4,False,False,231.82110431857492,,3,False,3,False,True,False,True,"market_above_ma60, avoid_chase, obv_uptrend, mfi_strong",,close_below_ema20
2026-08-17,51.0,52.8,51.0,51.4,1535004,79649929,1536,和大,,0.284026691829176,0.0524381680593668,0.2315885237698092,50.59142395873421,50.7591703223505,52.09488227091583,53.39730962388314,15.087707659039086,2.1016681334179963,1816591.75,90889282.2,52.3,48.75,0.2133491372001562,-0.0097857491741513,-0.003875968992248,0.0078431372549019,51.0,0.7890018630679513,54.25454298580328,50.06999999999998,45.88545701419668,0.6589181906497613,0.1671477126344437,39.39393939393934,54.89216489216475,51.34000000000015,51.250000000000185,90436302.0,88154350.3,-23.255813953488367,59.00621118012382,52.04519727928303,50.9125,51.925,,,,0.0,0.0,0.0,0.0,0.0,0.0,,0.0,0.0,0.0959,0.1981,0.0,6.22,0.83,0,False,0,False,False,True,False,0.844991176470993,False,False,False,False,True,True,False,False,False,True,False,False,False,False,False,False,True,True,0.0,0.0,1.7509727626459115,15.0,0.1618698843755419,False,False,False,True,False,False,False,-1,False,5,True,False,365.3923503772165,,3,False,3,False,False,False,False,"market_above_ma60, avoid_chase, liquidity_ok, obv_uptrend, mfi_strong",long_upper_shadow,
2026-08-17,127.0,127.5,126.5,127.5,195672,24886155,1537,廣隆,,0.3279282750673786,0.2143860931567087,0.1135421819106699,126.75413778761389,126.166416850986,125.8872593205844,55.83576129390229,13.259399281826855,1.3905011449279208,113359.35,14375615.45,128.0,125.5,0.0499730647682834,0.0072863365402993,0.0039370078740157,0.0039370078740157,127.0,1.0997383475574078,128.38493515728825,126.65,124.91506484271176,0.7449659275245089,0.0273973179200669,66.66666666666667,69.84126984126972,127.4,126.8,-2962093.0,-3306255.15,-28.571428571428573,53.03030303030667,60.26884722468282,126.625,125.75,,,,0.0,0.0,0.0,0.0,0.0,0.0,,0.0,0.0,0.0708,0.0624,0.0,15.83,-0.13,0,False,0,False,False,True,True,1.7261214006608188,True,True,False,False,True,False,False,False,False,True,False,False,False,False,False,False,True,True,0.0,0.0,0.392156862745098,25.0,1.786243393790735,False,False,True,False,False,False,False,-1,False,8,False,False,593.6961347320971,,3,False,3,False,False,False,False,"ema60_gt_ema120, volume_break, rsi_strong, market_above_ma60, avoid_chase, obv_uptrend, mfi_strong, above_ichimoku_cloud",,
2026-08-17,9.2,9.2,9.2,9.2,1032,9497,1538,正峰,,-1.0752190741560153,-1.6094959263443354,0.5342768521883201,4.211573013339355,7.033346688914671,10.234857211550167,54.96598714023318,11.788682401106682,3.4487631264699816,3040.85,29943.0,10.2,0.0,,,inf,inf,0.0,0.3702704161494036,14.107474017252798,4.389499999999953,-5.328474017252893,0.7475052923304645,4.427827323044971,100.0,66.66666666666667,3.6799999999999273,1.839999999999964,-109231.0,-115943.4,-9.803921568627452,66.22620028238559,21.246365685428643,5.8,7.275,,,,0.0,0.0,0.0,0.0,0.0,0.0,,0.0,0.0,-0.7551,-0.6905,0.0,0.03,0.0,0,False,0,False,False,True,False,0.3393787921140471,False,False,False,False,False,False,False,False,False,True,False,False,False,False,True,False,False,True,-20.0,0.0,10.869565217391305,0.0,0.361594328658391,False,False,True,False,False,False,False,-1,False,4,False,False,172.73291986504117,,3,False,3,False,False,False,False,"market_above_ma60, obv_uptrend, williams_r_recovery, above_ichimoku_cloud",,
2026-08-17,15.9,16.0,15.9,15.95,16091,256553,1539,巨庭,,0.03427129876383,0.0577787432665558,-0.0235074445027258,16.101298438677112,16.085076077240334,16.348047664969474,46.750673879867854,20.878285312377216,0.3431709139367564,79413.0,1279769.85,16.4,16.0,0.0146104150826978,0.0234064471155661,-0.0244648318042814,-0.0062305295950156,16.05,0.4937850146847566,16.409684609603573,16.12250000000008,15.83531539039659,0.199670535551595,0.0356253198453702,6.249999999999875,19.444444444444645,16.15,16.145000000000074,-2821915.0,-2753604.7,-71.4285714285715,-106.3993831919818,40.37555931710976,16.05,15.975,,,,0.0,0.0,0.0,0.0,0.0,0.0,,0.0,0.0,-0.0647,0.1425,0.0,1.24,0.03,0,False,0,False,False,False,False,0.2026242554745444,False,False,True,False,True,False,False,False,False,False,False,False,False,False,False,False,False,True,20.0,12.0,2.8213166144200583,8.0,-0.1796793247722843,False,False,False,False,False,False,False,-1,False,3,False,False,229.870090657478,,5,False,3,False,True,True,True,"market_above_ma60, avoid_chase, adx_trending",,"close_below_ema20, close_below_swing_low"
2026-08-17,19.2,19.35,19.15,19.2,87880,1688946,1540,喬福,,-0.625067622113729,-0.5773202395475424,-0.0477473825661866,20.140908179046665,21.071394142545056,21.75581795463833,34.685669447996304,21.14883119964788,0.5778119988732308,297222.55,5960872.0,22.0,19.2,-0.6073193506908181,-0.1916890151666287,-0.0278481012658228,0.0,19.2,0.5908183098478912,22.16609619007064,20.16999999999998,18.17390380992932,0.2570257373304128,0.1979272374884146,6.451612903225681,6.451612903225396,19.40999999999985,19.749999999999908,3448250.0,4221908.85,-61.7021276595745,-79.86633249791142,30.413108369478778,22.45,21.875,,,,0.0,0.0,0.0,0.0,0.0,0.0,,0.0,0.0,-0.4121,-0.3342,0.0,1.77,-0.28,0,False,0,False,False,False,False,0.2956707019706277,False,False,True,False,True,False,False,False,True,False,False,False,False,False,False,False,False,False,20.0,0.0,14.583333333333336,0.0,-0.7397755961561292,False,False,False,False,False,False,False,-1,False,4,False,False,239.0793998658328,,3,False,3,False,True,False,True,"market_above_ma60, avoid_chase, adx_trending, kd_golden_cross",,close_below_ema20
2026-08-17,22.1,22.6,21.8,21.85,12030,264954,1541,錩泰,,0.0024412678183765,-0.0147774683230751,0.0172187361414516,21.674891204228853,21.932098833249867,22.65398337661009,52.3114133699862,19.65118215708779,0.780618828319317,20744.05,446639.7,22.3,21.4,-0.0440997285856467,0.0454264505078493,-0.0045558086560363,0.0115740740740741,21.6,0.4573968478356905,22.530862138425828,21.675000000000047,20.819137861574266,0.6022360916220915,0.0789722849758504,46.42857142857151,45.779220779220246,21.650000000000183,21.75000000000009,181674.0,151125.3,-37.5,77.21046077210443,52.90664053573281,21.675,22.225,,,,0.0,0.0,0.0,0.0,0.0,0.0,,0.0,0.0,-0.341,0.1848,0.0,9.97,-0.01,0,False,0,False,False,False,False,0.5799253279856151,False,False,False,False,True,False,False,False,True,True,False,False,False,False,False,False,True,False,0.0,0.0,2.0594965675057173,8.0,0.3024003191147977,False,False,False,False,True,False,False,-1,False,5,True,False,302.4280571092337,,3,False,3,False,False,False,False,"market_above_ma60, avoid_chase, kd_golden_cross, obv_uptrend, mfi_strong",open_high_close_low,
2026-08-17,96.6,99.9,96.4,99.7,151905,15071824,1558,伸興,,1.5013860845778026,0.7272359258380376,0.774150158739765,94.031622413842,92.70332269530452,93.11072086616632,74.28075576096687,20.80061057192683,1.6694110670715965,132100.6,12306098.2,97.0,91.0,0.3671144158032892,0.0687452352325552,0.0539112050739958,0.0320910973084886,96.6,0.6468458913955968,98.70340608223802,92.99500000000026,87.2865939177625,1.0872917854305233,0.1227680215546586,97.91666666666664,89.3488455988457,97.12000000000045,94.68000000000028,2961689.0,2603527.2,-1.818181818181844,159.88265493215982,83.84618372158594,91.325,91.45,,,,0.0,0.0,0.0,0.0,0.0,0.0,,0.0,0.0,0.2512,0.2048,0.0,6.93,0.09,0,False,0,False,False,True,False,1.1499190768247836,False,True,True,True,False,False,False,False,False,True,False,False,False,False,False,False,True,True,-20.0,-25.0,-2.7081243731193605,25.0,0.7018714133523505,False,False,True,False,False,False,False,-1,False,7,False,False,514.9216477284762,,5,False,3,False,False,False,False,"rsi_strong, breakout_20d, market_above_ma60, adx_trending, obv_uptrend, mfi_strong, above_ichimoku_cloud",,
2026-08-17,725.0,749.0,715.0,742.0,2199587,1621139747,1560,中砂,,9.04230666929152,-0.5736875639498145,9.615994233241334,691.93735236938,670.4365764405441,612.6126259060558,58.66026513250311,11.484443808230424,39.68144616199402,1577709.65,1070478567.15,728.0,662.0,0.4388903112859889,-0.0632799900733423,0.0784883720930231,0.0234482758620688,725.0,1.1788884536408824,757.2168747811196,677.8,598.3831252188803,0.9041962125615072,0.234337193216641,91.95402298850574,81.68035584097318,717.8,698.7,165048318.0,158725187.05,-3.867403314917127,138.4936211972523,71.76135196521022,712.0,651.0,,,,0.0,0.0,0.0,0.0,0.0,0.0,,0.0,0.0,0.2656,0.0641,0.0,37.52,0.67,0,False,0,False,False,True,True,1.3941646360596198,False,True,False,True,False,True,False,False,False,True,False,False,False,False,False,False,True,True,-20.0,-25.0,-1.8867924528301887,25.0,1.9601082868265016,False,False,True,False,False,False,False,-1,False,8,False,False,577.4629458025142,,3,False,3,False,False,False,False,"ema60_gt_ema120, rsi_strong, breakout_20d, market_above_ma60, liquidity_ok, obv_uptrend, mfi_strong, above_ichimoku_cloud",,
2026-08-17,64.9,64.9,61.7,62.0,686425,43058750,1563,巧新,,0.1902458063171934,-0.6239264289083323,0.8141722352255257,60.53849147023588,58.986353039952654,55.26318578197986,52.74486376077058,17.1481246198486,3.5217695199490398,1382501.05,82213365.05,65.3,55.0,0.2035777919916558,-0.02184556692821,0.0973451327433627,-0.0236220472440944,63.5,0.8947116235278315,66.25401030927316,59.26999999999989,52.28598969072662,0.6954464468913553,0.2356676331794594,66.66666666666667,76.72875470809777,63.17999999999993,60.229999999999926,20167070.0,16091904.75,-25.73529411764705,84.20448018380253,56.98809520990749,66.225,56.875,,,,0.0,0.0,0.0,0.0,0.0,0.0,,0.0,0.0,0.1193,-0.1323,0.0,4.44,0.18,0,False,0,False,False,True,True,0.4965095686545771,False,False,False,False,False,True,False,False,False,True,False,False,False,False,False,False,True,True,0.0,0.0,5.322580645161286,0.0,0.6477014324096694,False,False,False,False,True,False,False,-1,False,5,True,False,362.73751287546185,,3,True,3,False,False,False,False,"ema60_gt_ema120, market_above_ma60, liquidity_ok, obv_uptrend, mfi_strong",open_high_close_low,
2026-08-17,29.6,29.8,29.1,29.6,240242,7087836,1568,倉佑,,-1.0234677417592692,-1.614626985788063,0.5911592440287938,29.416031429919148,31.49819167056265,30.421715754911343,47.56554603560399,17.854219887825714,1.343856313553153,450346.85,12588900.5,30.1,27.15,0.1639015249714391,-0.8481857457316894,0.034965034965035,0.00509337860781,29.45,0.7858268450934762,30.541331890140533,28.3375,26.133668109859464,0.7864329184199924,0.1555417302260633,72.54901960784318,80.4620128149539,29.31000000000004,28.79499999999998,22944708.0,21826333.05,-15.384615384615367,90.92434155343076,60.038381723465015,38.7125,38.5,,,,0.0,0.0,0.0,0.0,0.0,0.0,,0.0,0.0,0.182,-0.0726,0.0,4.02,-0.18,0,False,0,False,False,False,True,0.5334599320501521,False,False,False,False,True,False,False,False,False,True,False,False,False,False,False,False,True,True,-10.0,0.0,1.689189189189189,15.0,0.2090727956285356,False,False,False,False,False,False,False,-1,False,5,False,False,362.84347286804393,,3,False,3,False,False,False,False,"ema60_gt_ema120, market_above_ma60, avoid_chase, obv_uptrend, mfi_strong",,
