date,open,high,low,close,volume,amount,stock_id,name,industry_category,macd,macd_signal,macd_hist,ema20,ema60,ema120,rsi14,adx14,atr14,volume_ma20,amount_ma20,close_20d_high,close_10d_low,lr_slope_20,lr_slope_60,return_5d,day_return,prev_close,prev_volume_ratio,bb_upper,bb_mid,bb_lower,bb_pct_b,bb_bandwidth,stoch_k,stoch_d,sma5,sma10,obv,obv_ma,williams_r,cci20,mfi14,ichi_senkou_a,ichi_senkou_b,market_ma60,market_above_ma60,market_return_5d,foreign_net,foreign_buy_streak,invest_trust_net,invest_trust_streak,dealer_net,dealer_buy_streak,relative_strength_5d,margin_change_5d,short_ratio,revenue_yoy,revenue_mom,revenue_3m_yoy,foreign_holding_pct,foreign_holding_chg5d,insider_net_30d,has_buyback,limit_down_streak,macd_golden_cross,hist_turn_positive,above_ema60,ema60_gt_ema120,volume_ratio,volume_break,rsi_strong,adx_trending,breakout_20d,avoid_chase,liquidity_ok,foreign_buy_3d,stronger_than_market,kd_golden_cross,obv_uptrend,invest_trust_buy_2d,dealer_buy_3d,bb_squeeze_breakout,breakout_volume_confirm,williams_r_recovery,cci_momentum,mfi_strong,ma5_above_ma10,kd_level_score,bb_level_signal,gap_to_20d_high_pct,breakout_proximity_score,obv_strength,foreign_buy_accel,invest_trust_accel,above_ichimoku_cloud,long_upper_shadow,open_high_close_low,gap_chase_after_blowout,earnings_blocked,f_score,f_score_low,condition_count,skip_trade,entry_signal,entry_score,momentum_score,expected_hold_days,momentum_decay_signal,estimated_sl_days,macd_death_cross,close_below_ema20,close_below_swing_low,base_exit_signal,entry_reason,skip_reason,base_exit_reason,sector_rs,sector_rs_rank,market_rs_rank,sector_breadth_60,sector_vol_zscore,is_sector_leader,sector_stock_count,grade
2026-08-31,143.5,143.5,138.0,139.5,1154281,161818436,6525,捷敏-KY,,-1.611166168656922,-2.14921500223309,0.538048833576168,141.97246627676384,140.2491218597289,127.28507518208744,47.07880883068507,10.610199112885349,9.199054722815047,2120134.3,303788502.3,150.5,136.0,0.0873187375041573,-0.0286517815184904,0.0182481751824816,-0.0346020761245674,144.5,1.0588457418322987,149.74049178911946,141.2,132.65950821088052,0.400474115427066,0.1209701386560831,32.72727272727273,41.21212121212072,140.6,141.0,42801367.0,42963301.8,-67.27272727272727,-26.08695652173912,55.228527930696266,171.125,161.0,103210.75799999991,True,0.0307953536199812,-267335.0,0.0,0.0,0.0,-5433.0,0.0,-0.0125471784374995,0.0,0.0,0.3199,0.0911,0.0,15.57,0.12,0,False,0,False,False,False,True,0.5444376801979007,False,False,False,False,True,True,False,False,False,False,False,False,False,False,False,False,True,False,0.0,0.0,7.885304659498208,0.0,-0.0158535083363903,False,False,False,False,False,False,False,-1.0,False,5,False,False,325.2541347019423,15.5,3,False,3,False,True,False,True,"ema60_gt_ema120, market_above_ma60, avoid_chase, liquidity_ok, mfi_strong",,close_below_ema20,,,,,,,,
2026-08-31,6295.0,6420.0,6000.0,6285.0,324076,2012618795,6515,穎崴,,-218.12949550142275,-235.43177052462391,17.30227502320116,6428.278003341043,7086.0495227113015,7013.736909223756,44.5127107169638,16.26901112810675,437.6284020272531,376218.15,2468904461.0,7170.0,6025.0,-0.6683958838798287,-0.8099228234251642,0.0227827502034174,0.0056,6250.0,0.7885279568100498,7144.383295283638,6527.5,5910.616704716362,0.3034474252633958,0.1890105845373078,48.76543209876543,39.75682753460569,6184.0,6253.0,26457345.0,25628465.9,-71.88612099644128,-68.2607572408648,32.35835358504471,7255.0,8247.5,103210.75799999991,True,0.0307953536199812,-14675.0,0.0,-16000.0,0.0,-3346.0,0.0,-0.0080126034165637,0.0,0.0,1.5557,0.096,0.0,24.77,0.74,0,False,0,False,False,False,True,0.8614044803526889,False,False,False,False,True,True,False,False,False,True,False,False,False,False,False,False,False,False,0.0,0.0,14.081145584725538,0.0,0.5844462506904728,False,False,False,True,False,False,False,-1.0,False,5,True,False,350.6273998118125,16.7,3,False,3,False,True,False,True,"ema60_gt_ema120, market_above_ma60, avoid_chase, liquidity_ok, obv_uptrend",long_upper_shadow,close_below_ema20,,,,,,,,
2026-08-31,895.0,928.0,879.0,927.0,2374677,2149461031,6531,愛普*,,13.120021364575791,5.114910873082959,8.005110491492832,877.6552244085738,870.5665586538788,805.9950295131222,55.349121955440864,8.508867949707822,62.536307615253634,2900598.85,2583294092.3,951.0,837.0,0.1959780638080565,-0.279147147142077,0.0970414201183431,0.035754189944134,895.0,0.9559002841166534,956.3893237339942,882.75,809.1106762660058,0.8004508851808809,0.1668407221387576,94.21487603305783,82.64462809917374,906.2,884.1,113496586.0,110183965.1,-5.785123966942149,64.01249024199855,49.71670893297239,920.5,1031.0,103210.75799999991,True,0.0307953536199812,415214.0,1.0,12000.0,1.0,-21001.0,0.0,0.0662460664983619,0.0,0.0,1.4457,0.3608,0.0,33.75,0.02,0,False,0,False,False,True,True,0.8186850794621255,False,True,False,False,False,True,False,True,False,True,False,False,False,False,False,False,False,True,-20.0,-12.0,2.5889967637540456,8.0,0.2281079811878077,False,False,False,False,False,False,False,-1.0,False,6,False,False,496.92414656887496,27.6,5,True,3,False,False,False,False,"ema60_gt_ema120, rsi_strong, market_above_ma60, liquidity_ok, stronger_than_market, obv_uptrend",,,,,,,,,,
2026-08-31,606.0,612.0,597.0,607.0,265942,160677562,6526,達發,,-1.0066780212475803,-4.5196998617047885,3.513021840457208,597.7827219193337,607.1079604599448,593.452502526408,52.11534345502924,13.12251736175975,25.71514680756629,445598.85,271039172.5,637.0,572.0,-0.2393301474907535,-0.264921174298051,0.0501730103806228,-0.0209677419354838,620.0,0.6576053200245886,646.1416855724307,603.9,561.6583144275693,0.5366936115118387,0.1398962926723984,70.76923076923077,81.06837606837568,602.0,590.4,21946974.0,21511474.25,-37.83783783783784,5.033367266146793,43.65954887497868,616.5,652.0,103210.75799999991,True,0.0307953536199812,4119.0,4.0,0.0,0.0,-9071.0,0.0,0.0193776567606416,0.0,0.0,0.1744,0.0359,0.0,7.83,0.08,0,False,0,False,False,False,True,0.5968193140534362,False,False,False,False,False,True,True,True,False,True,False,False,False,False,False,False,False,True,-10.0,0.0,4.942339373970346,0.0,0.2349315493992741,True,False,False,True,False,False,False,-1.0,False,6,True,False,503.7873717333256,16.8,3,False,3,False,False,False,False,"ema60_gt_ema120, market_above_ma60, liquidity_ok, foreign_buy_3d, stronger_than_market, obv_uptrend",long_upper_shadow,,,,,,,,,
2026-08-31,25.1,25.1,24.5,24.7,92064,2270102,6552,易華電,,-0.2832031131297405,-0.4740511221518204,0.1908480090220798,25.12686711505745,26.62465033175244,27.45535723590561,43.36458748252801,12.38371707544496,0.7944098369215207,88747.15,2207394.55,25.6,24.35,0.1641997825389897,-0.4877501832393592,-0.0198412698412698,-0.0237154150197629,25.3,0.4125009583372075,25.625962507239933,24.86250000000009,24.09903749276025,0.3935769612396693,0.0614147818795246,28.12499999999993,54.16666666666666,25.26000000000022,25.015000000000235,7511227.0,7436431.65,-72.72727272727275,-20.49622437971935,65.94585022522898,28.175,31.375,103210.75799999991,True,0.0307953536199812,-28000.0,0.0,0.0,0.0,3000.0,1.0,-0.050636623461251,0.0,0.0,-0.2317,0.0556,0.0,1.1,-0.06,0,False,0,False,False,False,False,1.0373741579307054,False,False,False,False,True,False,False,False,False,True,False,False,False,False,False,False,True,True,10.0,0.0,3.643724696356284,0.0,0.0915877886983749,False,False,False,False,False,False,False,-1.0,False,4,False,False,241.4727950436876,5.6,3,False,3,False,True,False,True,"market_above_ma60, avoid_chase, obv_uptrend, mfi_strong",,close_below_ema20,,,,,,,,
2026-08-31,25.1,25.45,24.65,24.65,202803,5062307,6558,興能高,,-0.5095035287550189,-0.620771619936715,0.1112680911816961,25.52456404287274,27.266756978080064,29.54169495391491,41.40005849833872,27.0863774578878,0.89587312442275,195416.8,5037124.5,26.95,24.65,-0.2437382781722692,-0.4748375328329478,-0.0120240480961923,-0.0333333333333334,25.5,0.6456624235459237,27.00093558510171,25.547499999999854,24.094064414898,0.1912487869433312,0.1137829991272622,17.499999999999893,52.5,25.25,25.03500000000004,110789627.0,110858213.85,-87.7192982456141,-72.65600072929493,34.70402795351124,28.6125,30.525,103210.75799999991,True,0.0307953536199812,-65000.0,0.0,0.0,0.0,-1000.0,0.0,-0.0428194017161736,0.0,0.0,-0.4047,-0.4134,0.0,2.37,-0.04,0,False,0,False,False,False,False,1.0377971597119593,False,False,True,False,True,False,False,False,False,False,False,False,False,False,False,False,False,True,20.0,12.0,9.33062880324544,0.0,-0.0396458677632611,False,False,False,False,False,False,False,-1.0,False,3,False,False,216.90222118396045,7.3,3,False,3,False,True,False,True,"market_above_ma60, avoid_chase, adx_trending",,close_below_ema20,,,,,,,,
2026-08-31,262.5,262.5,254.0,261.0,910452,235047371,6533,晶心科,,10.562671394412035,9.711106789828737,0.8515646045832987,248.64881601937267,232.0025320511257,228.40227125208204,61.54747181774553,16.028360533524133,11.30116168779459,1617717.9,406068618.65,269.0,243.5,0.5912689115621311,0.4936956045085903,0.0588235294117647,-0.0169491525423728,265.5,0.4715686631482062,272.1235560597365,249.4,226.6764439402636,0.7552417405424027,0.1822257903747912,58.064516129032256,71.40908361418708,263.1,255.1,13857664.0,14215879.1,-38.80597014925373,91.81636726546915,63.57725832160516,223.0,220.75,103210.75799999991,True,0.0307953536199812,12000.0,1.0,0.0,0.0,-1623.0,0.0,0.0280281757917835,0.0,0.0,0.2224,-0.6768,0.0,10.17,0.53,0,False,0,False,False,True,True,0.562800226170459,False,True,False,False,False,True,False,True,False,False,False,False,False,False,False,False,True,True,0.0,0.0,3.065134099616858,8.0,-0.0607759379562493,False,False,True,False,False,False,False,-1.0,False,7,False,False,577.8986910062296,18.2,3,True,3,False,False,False,False,"ema60_gt_ema120, rsi_strong, market_above_ma60, liquidity_ok, stronger_than_market, mfi_strong, above_ichimoku_cloud",,,,,,,,,,
2026-08-31,18.2,18.2,17.25,17.4,422277,7412446,6573,虹揚-KY,,-0.2307844193186028,-0.4745200484566286,0.2437356291380257,17.687747978954754,17.845748148506758,16.883811113181387,47.57254016496962,18.473401023554192,1.3828062176725089,380305.25,6671954.4,18.8,16.15,0.1688780594422018,-0.0769137959484485,0.0175438596491226,-0.0744680851063831,18.8,2.1523343647168605,18.606522100848643,17.299999999999976,15.993477899151308,0.5382695401536137,0.1510430174391526,47.94520547945201,64.27266797129839,18.0,17.50999999999999,8467389.0,7978555.5,-52.054794520548,42.84750337381905,62.35954314604677,21.9875,21.025,103210.75799999991,True,0.0307953536199812,-216000.0,0.0,0.0,0.0,-1000.0,0.0,-0.0132514939708585,0.0,0.0,0.0589,0.1318,0.0,54.56,-0.25,0,False,0,False,False,False,True,1.110363319990981,False,False,False,False,True,False,False,False,False,True,False,False,False,False,False,False,True,True,0.0,0.0,8.045977011494266,0.0,0.1713773957975493,False,False,False,False,False,False,False,-1.0,False,5,False,False,343.1601619494804,19.6,3,True,3,False,True,False,True,"ema60_gt_ema120, market_above_ma60, avoid_chase, obv_uptrend, mfi_strong",,close_below_ema20,,,,,,,,
2026-08-31,147.5,147.5,144.0,146.5,340456,49485712,6579,研揚,,-4.418828246187019,-3.640513820715064,-0.778314425471955,152.85076523084263,155.01064828618698,147.6932712148616,39.822486021417774,14.974719557310484,6.104340437591046,725325.6,117736974.5,179.5,145.5,-0.973116984559979,-0.1201253615977571,-0.0034013605442176,-0.0034013605442176,147.0,0.4008723001982963,175.80269405368608,155.85,135.8973059463139,0.2656958009068288,0.2560499718150284,37.5,41.77350427350393,146.7,148.05,-3063134.0,-69991.3,-78.57142857142857,-80.83872707659123,23.26317435846576,166.0,163.0,103210.75799999991,True,0.0307953536199812,-64950.0,0.0,0.0,0.0,22755.0,5.0,-0.0341967141641988,0.0,0.0,0.2816,-0.1608,0.0,3.33,-0.22,0,False,0,False,False,False,True,0.4693836809289511,False,False,False,False,True,True,False,False,False,False,False,True,False,False,False,False,False,False,0.0,0.0,22.525597269624573,0.0,-0.7082297802791762,False,False,False,False,False,False,False,-1.0,False,5,False,False,321.19507944593937,8.6,3,False,3,False,True,False,True,"ema60_gt_ema120, market_above_ma60, avoid_chase, liquidity_ok, dealer_buy_3d",,close_below_ema20,,,,,,,,
2026-08-31,108.5,110.5,108.0,108.5,43186,4725815,6581,鋼聯,,0.2527684435352881,0.1444080355325393,0.1083604080027488,108.32887771887164,108.03872713348552,107.67822056038284,51.93174563301088,23.45448507892985,1.2453863892055976,21035.35,2278051.2,109.5,107.5,0.024933731191178,0.0081271398635327,0.0,-0.0091324200913242,109.5,1.2321900072706864,109.5728756555323,108.25,106.9271243444677,0.5944911182523065,0.0244411206564859,42.85714285714285,69.84126984127033,108.8,108.4,49789.0,57992.55,-57.142857142857146,124.20785804816504,54.46534863550603,107.875,110.25,103210.75799999991,True,0.0307953536199812,-11000.0,0.0,0.0,0.0,0.0,0.0,-0.0307953536199812,0.0,0.0,-0.5053,-0.5395,0.0,1.11,0.0,0,False,0,False,False,True,True,2.0530202730166125,True,False,True,False,True,False,False,False,False,False,False,False,False,False,False,False,True,True,0.0,0.0,0.9216589861751152,25.0,-0.2003822000109497,False,False,False,False,False,False,False,-1.0,False,6,False,False,393.1256163300348,25.7,5,False,3,False,False,False,False,"ema60_gt_ema120, volume_break, market_above_ma60, avoid_chase, adx_trending, mfi_strong",,,,,,,,,,
2026-08-31,42.6,42.9,42.2,42.7,88089,3746853,6591,動力-KY,,-1.0539819859186537,-1.1605872482144417,0.106605262295788,43.73716272387978,47.603665769663145,52.95342853031167,37.7292943935717,30.0603033056103,1.0099536555844129,123376.95,5417697.85,45.9,42.6,-0.3061938783083265,-0.5602557148130599,-0.0035005834305716,-0.0011695906432748,42.75,1.0432433698696308,45.71704079456681,43.80499999999993,41.89295920543304,0.2110417300876076,0.0872978333325824,27.77777777777782,21.622686516303776,42.759999999999856,42.95999999999949,35313631.0,35543226.7,-89.58333333333333,-93.09895833333346,29.941838471816823,47.1875,51.05,103210.75799999991,True,0.0307953536199812,-13000.0,0.0,0.0,0.0,53.0,1.0,-0.0342959370505528,0.0,0.0,-0.4071,0.2393,0.0,18.93,-0.16,0,False,0,False,False,False,False,0.7139826361407053,False,False,True,False,True,False,False,False,False,False,False,False,False,False,False,False,False,False,10.0,0.0,7.494145199063221,0.0,-0.3570291537517842,False,False,False,False,False,False,False,-1.0,False,3,False,False,172.85547651638564,5.9,10,False,3,False,True,False,True,"market_above_ma60, avoid_chase, adx_trending",,close_below_ema20,,,,,,,,
2026-08-31,17.7,17.7,17.3,17.4,19124,333550,6641,基士德-KY,,-0.0579926897787999,-0.0188275583512024,-0.0391651314275974,17.85927598635503,18.07177813317741,18.546828097397,37.51902302190999,8.185096132258838,0.3606634877672723,52085.45,929079.7,18.2,17.7,-0.0536702863031732,-0.0639823200046672,-0.0333333333333334,-0.0169491525423729,17.7,0.6633244662710593,18.27002659474644,17.917499999999972,17.56497340525351,-0.2339871767294068,0.0393499756937587,9.523809523809314,7.619047619047706,17.779999999999927,17.890000000000054,1103911.0,1401682.05,-90.47619047619068,-244.09448818897675,17.99283705011696,18.375,18.775,103210.75799999991,True,0.0307953536199812,-5000.0,0.0,0.0,0.0,-124.0,0.0,-0.0641286869533146,0.0,0.0,0.1168,-0.1917,0.0,26.82,-0.05,0,False,0,False,False,False,False,0.3671658783787027,False,False,False,False,True,False,False,False,True,False,False,False,False,False,False,False,False,False,20.0,25.0,4.597701149425292,0.0,-0.8908039985005408,False,False,False,False,False,False,False,-1.0,False,3,False,False,247.98201080178052,3.1,3,False,3,False,True,True,True,"market_above_ma60, avoid_chase, kd_golden_cross",,"close_below_ema20, close_below_swing_low",,,,,,,,
2026-08-31,166.5,173.5,166.0,171.5,415744,70894337,6658,聯策,,0.4300546676042813,-1.685292160273103,2.115346827877384,162.4159025550681,163.65591126233772,148.3036511679667,56.11458167884391,12.38769297271301,8.757323567967825,302813.7,49042197.6,174.0,156.5,0.4310135085287126,-0.4600191376697595,0.095846645367412,0.03003003003003,166.5,1.2969486431692565,174.3062029752961,160.6,146.8937970247039,0.8976301831968359,0.1706874592191294,90.2439024390244,87.09884467265692,165.2,162.55,31061612.0,30489438.85,-22.916666666666668,132.59732045310855,58.32485323948264,184.875,205.5,103210.75799999991,True,0.0307953536199812,102098.0,1.0,0.0,0.0,3172.0,5.0,0.0650512917474308,0.0,0.0,1.2819,0.1933,0.0,2.33,0.38,0,False,0,False,False,True,True,1.3729365613246691,False,True,False,False,False,False,False,True,False,True,False,True,False,False,False,False,True,True,-20.0,-12.0,1.4577259475218658,15.0,0.1555208948085957,False,False,False,False,False,False,False,-1.0,False,7,False,False,603.5956163509499,32.4,5,False,3,False,False,False,False,"ema60_gt_ema120, rsi_strong, market_above_ma60, stronger_than_market, obv_uptrend, dealer_buy_3d, mfi_strong",,,,,,,,,,
2026-08-31,43.75,45.8,42.7,44.0,3777812,167090451,6668,中揚光,,1.5286208619230166,0.4757961365765606,1.052824725346456,38.14094761704377,37.38520861387657,37.57825123174888,70.97259469641156,26.79695094009622,2.178871524184118,1392589.3,57542826.15,44.6,35.5,0.9282201528684456,-0.169822425026674,0.2376933895921238,-0.0134529147982063,44.6,8.744885617741145,43.09983221240195,37.14000000000006,31.180167787598165,1.0755195578933312,0.3209387298008553,83.92857142857144,91.07142857142814,41.22000000000007,38.53999999999997,26438049.0,15385717.6,-16.07142857142855,227.0680770273936,74.95729756261653,38.1,40.6,103210.75799999991,True,0.0307953536199812,-36221.0,0.0,0.0,0.0,0.0,0.0,0.2068980359721426,0.0,0.0,0.1787,0.0012,0.0,10.63,0.98,0,False,0,False,False,True,False,2.712796945948098,True,True,True,False,False,True,False,True,False,True,False,False,False,False,False,False,True,True,-20.0,-25.0,1.3636363636363669,15.0,1.6901349614424803,False,False,True,True,False,False,False,-1.0,False,9,True,False,727.4095889967907,71.7,8,False,3,False,False,False,False,"volume_break, rsi_strong, market_above_ma60, liquidity_ok, adx_trending, stronger_than_market, obv_uptrend, mfi_strong, above_ichimoku_cloud",long_upper_shadow,,,,,,,,,
2026-08-31,7100.0,7360.0,7035.0,7095.0,1921970,13768012635,6669,緯穎,,378.7896788659473,324.53764034807654,54.25203851787074,6378.660243139899,5706.246481279814,5186.788701817383,70.16586070137396,30.68308340201916,328.1967918924808,1595066.3,10217022167.0,7200.0,6255.0,0.715346314812156,0.606601867105211,0.1261904761904762,-0.0145833333333332,7200.0,1.1963166051789391,7076.792668256324,6391.25,5705.707331743676,1.0132795029301287,0.2145253802484096,78.5425101214575,85.71979450584088,6867.0,6599.0,41578191.0,38360697.4,-18.15068493150685,205.8047493403696,78.15698625815149,5135.0,5065.0,103210.75799999991,True,0.0307953536199812,-336977.0,0.0,-66101.0,0.0,105132.0,9.0,0.0953951225704949,0.0,0.0,0.3923,0.0567,0.0,27.21,-0.53,0,False,0,False,False,True,True,1.204946778701299,False,True,True,False,False,True,False,True,False,True,False,True,True,False,False,False,True,True,-10.0,-25.0,1.4799154334038054,15.0,0.8523508136894928,False,False,True,True,False,False,False,-1.0,False,11,True,False,927.2776775512868,32.8,10,False,3,False,False,False,False,"ema60_gt_ema120, rsi_strong, market_above_ma60, liquidity_ok, adx_trending, stronger_than_market, obv_uptrend, dealer_buy_3d, bb_squeeze_breakout, mfi_strong, above_ichimoku_cloud",long_upper_shadow,,,,,,,,,
2026-08-31,285.0,291.5,273.0,275.0,3571101,1003118337,6672,騰輝電子-KY,,10.476360786998498,9.155986357141773,1.3203744298567257,265.987625939016,246.07794471092217,215.7532371789579,55.45274282976903,19.64838651714515,16.36861361075282,4665644.85,1251367248.0,289.5,259.0,1.1792522650357022,0.1164474539786896,0.0617760617760618,-0.0500863557858376,289.5,0.8710016476818362,307.4336661887543,263.725,220.0163338112457,0.6289789987105683,0.3314715418618201,50.63291139240506,67.71097046413524,278.6,277.9,163682560.0,151614275.0,-46.51162790697674,61.057632975441024,69.30553671637648,261.0,252.0,103210.75799999991,True,0.0307953536199812,-821603.0,0.0,-3000.0,0.0,-69357.0,0.0,0.0309807081560806,0.0,0.0,0.9082,0.1601,0.0,21.34,0.73,0,False,0,False,False,True,True,0.7654035218732949,False,True,False,False,False,True,False,True,False,True,False,False,False,False,False,False,True,True,0.0,0.0,5.2727272727272725,0.0,0.7179482912695752,False,False,True,False,False,False,False,-1.0,False,8,False,False,656.2694147139679,21.1,3,False,3,False,False,False,False,"ema60_gt_ema120, rsi_strong, market_above_ma60, liquidity_ok, stronger_than_market, obv_uptrend, mfi_strong, above_ichimoku_cloud",,,,,,,,,,
2026-08-31,16.05,16.05,15.65,15.8,29410,463243,6674,鋐寶科技,,0.0243435027043013,-0.0987462030026919,0.1230897057069932,15.784191652260231,16.329196522273477,17.31661866225401,49.591930375969056,24.966036187298297,0.643743476094246,52379.75,848448.9,16.8,14.65,0.3578753986253276,-0.2594563056733658,-0.0595238095238095,-0.0124999999999999,16.0,0.3391371061929172,16.746993695727937,15.5375,14.328006304272062,0.6085164812876576,0.1556870404798632,44.11764705882355,48.03921568627448,16.060000000000038,15.890000000000054,590849.0,479469.05,-55.88235294117645,29.75141906439646,59.77038126781889,16.55,17.200000000000003,103210.75799999991,True,0.0307953536199812,5000.0,1.0,0.0,0.0,-1000.0,0.0,-0.0903191631437907,0.0,0.0,-0.0227,1.7589,0.0,0.54,0.02,0,False,0,False,False,False,False,0.5614765248020466,False,False,True,False,True,False,False,False,False,True,False,False,False,False,False,False,True,True,0.0,0.0,6.329113924050632,0.0,0.7154477656977276,False,False,False,False,False,False,False,-1.0,False,5,False,False,349.2001384363932,6.1,3,False,3,False,False,False,False,"market_above_ma60, avoid_chase, adx_trending, obv_uptrend, mfi_strong",,,,,,,,,,
2026-08-31,62.3,62.9,61.7,61.8,97680,6068759,6689,伊雲谷,,-0.0307243084777155,-0.1732459759384025,0.142521667460687,61.683361529730064,63.1577829288424,65.13155071667886,50.01304108748116,15.33487847593323,1.8146659235448648,107257.75,6666712.15,65.0,60.2,-0.0197673695550026,-0.2136753509305897,0.006514657980456,-0.0080256821829856,62.3,1.1681576800634428,64.33833788085879,61.89499999999989,59.45166211914099,0.4805593813397398,0.0789510584331174,43.5897435897435,47.91666666666666,62.0,61.46000000000022,11303451.0,11144437.1,-63.82978723404261,11.695906432747387,45.44488255859414,63.05,68.3,103210.75799999991,True,0.0307953536199812,-2000.0,0.0,0.0,0.0,0.0,0.0,-0.0242806956395251,0.0,0.0,0.4224,0.2449,0.0,4.55,-0.01,0,False,0,False,False,False,False,0.910703422363419,False,False,False,False,True,False,False,False,False,True,False,False,False,False,False,False,False,True,0.0,0.0,5.177993527508096,0.0,0.3850777860485885,False,False,False,False,False,False,False,-1.0,False,3,False,False,233.7279676562173,8.3,3,False,3,False,False,False,False,"market_above_ma60, avoid_chase, obv_uptrend",,,,,,,,,,
2026-08-31,618.0,619.0,605.0,615.0,510605,311922089,6691,洋基工程,,-24.29989845810008,-16.83800933970378,-7.461889118396293,658.2889131766048,677.5905858295672,658.615796515689,36.459132045408325,22.523622934174355,29.52033175485325,747904.35,502578226.05,735.0,593.0,-1.0661836588678442,-0.1528129809731801,0.0065466448445172,-0.0048543689320388,618.0,0.7583069154427319,784.1122945664188,677.25,570.3877054335812,0.2087373041512346,0.3155770972799373,19.65811965811966,20.21011396011333,619.8,633.2,18083163.0,20037287.5,-84.76821192052981,-86.56699703230878,34.090264759551886,742.75,712.0,103210.75799999991,True,0.0307953536199812,-62565.0,0.0,0.0,0.0,-2855.0,0.0,-0.0242487087754639,0.0,0.0,1.7706,0.073,0.0,10.04,-0.35,0,False,0,False,False,False,True,0.6827143069832392,False,False,True,False,True,True,False,False,False,False,False,False,False,False,False,False,False,False,20.0,0.0,19.51219512195122,0.0,-0.6722977255165042,False,False,False,False,False,False,False,-1.0,False,5,False,False,353.75957036363434,11.1,3,False,3,False,True,False,True,"ema60_gt_ema120, market_above_ma60, avoid_chase, liquidity_ok, adx_trending",,close_below_ema20,,,,,,,,
2026-08-31,48.8,49.25,48.0,48.6,384596,18679327,6695,芯鼎,,-1.0913055990404388,-1.286787238140195,0.1954816390997562,49.227840259074185,50.98025190679242,50.16782142738568,45.485948541227216,15.363114235228569,2.173168557572256,402067.65,19965315.0,51.5,46.9,-0.3328009307366109,-0.3219872897381926,0.0307529162248145,-0.0121951219512195,49.2,1.472704412067508,52.020048672148114,49.19499999999998,46.36995132785184,0.3946920798452038,0.1148510487711408,47.008547008547,48.483324953913325,48.29000000000015,48.0,68791530.0,69394217.65,-58.64661654135338,-41.08177720540926,51.84989918546867,56.5,58.325,103210.75799999991,True,0.0307953536199812,-68996.0,0.0,0.0,0.0,0.0,0.0,-4.243739516662792e-05,0.0,0.0,0.1086,0.0032,0.0,3.33,-0.12,0,False,0,False,False,False,True,0.9565454967590652,False,False,False,False,True,False,False,False,False,False,False,False,False,False,False,False,True,True,0.0,0.0,5.967078189300409,0.0,-0.0852408716533566,False,False,False,True,False,False,False,-1.0,False,4,True,False,283.5425645077504,14.2,3,False,3,False,True,False,True,"ema60_gt_ema120, market_above_ma60, avoid_chase, mfi_strong",long_upper_shadow,close_below_ema20,,,,,,,,
2026-08-31,32.1,32.3,31.5,32.05,122618,3914399,6698,旭暉應材,,-0.8600493244032279,-1.1592498910989162,0.2992005666956883,32.4485002258477,34.399960566472146,34.53588449153119,44.94999235264769,22.09795027814248,1.3235852084376558,137240.3,4446222.1,34.5,30.7,-0.3645117716211294,-0.6254502490356476,0.0439739413680781,-0.009273570324575,32.35,0.609985651192758,34.581934518903296,32.327499999999965,30.073065481096634,0.4384546329305324,0.1394747208354084,61.29032258064509,70.43010752688254,32.05999999999985,31.63500000000004,39170411.0,39204042.45,-38.70967741935491,-27.86259541984721,35.207794009787264,39.0375,39.125,103210.75799999991,True,0.0307953536199812,32000.0,4.0,0.0,0.0,0.0,0.0,0.0131785877480969,0.0,0.0,-0.3777,0.19,0.0,1.64,0.12,0,False,0,False,False,False,False,0.8934547651090825,False,False,True,False,True,False,True,True,False,False,False,False,False,False,False,False,False,True,0.0,0.0,7.644305772230899,0.0,-0.0181014269498847,True,False,False,True,False,False,False,-1.0,False,5,True,False,393.7173305276922,15.7,3,False,3,False,True,False,True,"market_above_ma60, avoid_chase, foreign_buy_3d, adx_trending, stronger_than_market",long_upper_shadow,close_below_ema20,,,,,,,,
2026-08-31,121.0,124.5,119.0,123.0,962739,117272962,6706,惠特,,0.4018973911882,-1.3596613561360082,1.7615587473242085,119.2464869150928,128.13720566463434,130.94812474923916,53.23460683613183,13.84415613800632,7.182653464691966,1627766.45,192386453.05,124.0,114.5,0.5081055632409632,-0.7995129775969291,0.074235807860262,-0.0080645161290322,124.0,0.6600401894667781,128.40544259747605,118.125,107.84455740252396,0.7371006867543259,0.1740604037667902,66.66666666666667,70.37037037037044,123.4,119.9,183758861.0,181562931.2,-33.333333333333336,67.46955707212703,72.12705457290275,128.5,163.5,103210.75799999991,True,0.0307953536199812,103318.0,2.0,0.0,0.0,-4411.0,0.0,0.0434404542402808,0.0,0.0,0.8925,0.0445,0.0,7.21,-0.43,0,False,0,False,False,False,False,0.5914478701781819,False,False,False,False,False,True,False,True,False,True,False,False,False,False,False,False,True,True,0.0,0.0,0.8130081300813009,25.0,0.2638569735945835,True,False,False,False,False,False,False,-1.0,False,5,False,False,484.08076238491685,22.8,3,False,3,False,False,False,False,"market_above_ma60, liquidity_ok, stronger_than_market, obv_uptrend, mfi_strong",,,,,,,,,,
2026-08-31,353.0,353.0,318.5,318.5,813496,266914436,6715,嘉基,,-8.820990529407766,-1.066744000675055,-7.754246528732711,380.9988359924169,392.2659671863087,365.1530660544573,38.644636107102095,13.90644063518769,35.09262855663552,1108434.5,452569718.35,492.0,351.5,0.125439221116359,-0.3619105599307834,-0.2106567534076827,-0.0990099009900989,353.5,0.6190584335317496,466.9753569273978,383.8,300.6246430726022,0.1074558474272664,0.4334307291683053,0.0,2.1299254526093137,350.0,396.0,16998725.0,18214297.7,-100.0,-113.5690201287423,56.59537020335807,428.75,455.25,103210.75799999991,True,0.0307953536199812,-92945.0,0.0,0.0,0.0,-46639.0,0.0,-0.2414521070276639,0.0,0.0,0.2335,0.1758,0.0,1.11,-1.13,0,False,1,False,False,False,True,0.7339143630047603,False,False,False,False,True,True,False,False,False,False,False,False,False,False,False,False,True,False,20.0,12.0,54.47409733124019,0.0,-0.7275644864211938,False,False,False,False,False,False,False,-1.0,False,5,False,False,335.6083697929933,16.5,3,False,3,False,True,True,True,"ema60_gt_ema120, market_above_ma60, avoid_chase, liquidity_ok, mfi_strong",,"close_below_ema20, close_below_swing_low",,,,,,,,
2026-08-31,191.0,192.5,187.0,188.0,770622,145499036,6719,力智,,-9.3585853897429,-10.096010859735337,0.7374254699924361,201.15772067627336,216.062864827146,214.0706640459468,34.56761932998019,23.87735659306071,9.805919352704285,910114.45,185946109.1,216.0,191.5,-0.6590574797626317,-0.5698434947384029,-0.0182767624020887,-0.0334190231362467,194.5,0.8805800033822218,217.56613332479915,200.9,184.2338666752009,0.112987615405522,0.1659147170213949,9.375,32.777509652509856,192.8,193.4,13210101.0,15573948.95,-94.64285714285714,-111.23388581952084,39.49828519792803,250.875,258.25,103210.75799999991,True,0.0307953536199812,-273439.0,0.0,0.0,0.0,-14017.0,0.0,-0.0490721160220699,0.0,0.0,-0.1547,-0.1817,0.0,6.22,-0.22,0,False,0,False,False,False,True,0.8467308699471808,False,False,True,False,True,True,False,False,False,False,False,False,False,False,False,False,False,False,20.0,12.0,14.893617021276595,0.0,-0.3157342516375266,False,False,False,False,False,False,False,-1.0,False,5,False,False,301.6784976798215,8.0,3,False,3,False,True,True,True,"ema60_gt_ema120, market_above_ma60, avoid_chase, liquidity_ok, adx_trending",,"close_below_ema20, close_below_swing_low",,,,,,,,
2026-08-31,44.2,44.35,43.05,43.9,267557,11697223,6742,澤米,,-1.0848635782154616,-1.6378767950940836,0.5530132168786219,44.4834621268357,47.93411061857211,48.7204858958665,45.13094688167818,15.692605559937755,2.1183793948355523,349290.4,15525307.3,45.55,42.7,-0.023309990430584,-0.8549458463385963,0.0209302325581395,-0.0145903479236811,44.55,1.5114117222424304,45.413307601315466,43.94249999999975,42.47169239868403,0.4855521551691297,0.0669423724783855,35.433070866141726,46.19422572178519,44.22999999999956,43.87999999999992,78007796.0,77316083.1,-64.56692913385827,-30.411541854792496,54.53146305699087,54.025000000000006,56.35,103210.75799999991,True,0.0307953536199812,7000.0,2.0,0.0,0.0,0.0,0.0,-0.0098651210618416,0.0,0.0,-0.2094,-0.0975,0.0,2.77,0.17,0,False,0,False,False,False,False,0.7660015849276132,False,False,False,False,True,False,False,False,False,True,False,False,False,False,False,False,True,True,0.0,0.0,3.758542141230065,0.0,0.0751811700305752,True,False,False,False,False,False,False,-1.0,False,4,False,False,248.56218988964304,13.3,3,False,3,False,True,False,True,"market_above_ma60, avoid_chase, obv_uptrend, mfi_strong",,close_below_ema20,,,,,,,,
2026-08-31,32.7,32.7,32.7,32.7,1020,33347,6722,輝創,,-0.3540389570787283,-0.4864635904442727,0.1324246333655443,32.93150095412689,34.60933665981288,37.63567725650295,43.421953973598775,32.71158870164259,0.6228578235907978,24705.45,809640.3,33.4,32.05,-0.0466875951863318,-0.306821430775786,0.0030674846625766,0.0,32.7,0.9142284013350226,33.39679435960162,32.75500000000002,32.11320564039841,0.4571513841021014,0.0391875658434806,45.000000000000185,52.5,32.87000000000044,32.60000000000018,-6814093.0,-6827521.45,-54.999999999999815,-10.369014943577886,41.801081807025504,34.75,37.45,103210.75799999991,True,0.0307953536199812,0.0,0.0,0.0,0.0,0.0,0.0,-0.0277278689574045,0.0,0.0,-0.0578,0.0219,0.0,2.58,0.0,0,False,0,False,False,False,False,0.0412864367983582,False,False,True,False,True,False,False,False,False,True,False,False,False,False,False,False,False,True,0.0,0.0,2.1406727828746046,8.0,0.044309367512745,False,False,False,False,False,False,False,-1.0,False,4,False,False,288.94457677813654,6.2,5,False,3,False,True,False,True,"market_above_ma60, avoid_chase, adx_trending, obv_uptrend",,close_below_ema20,,,,,,,,
2026-08-31,99.3,100.5,98.1,100.5,82503,8195987,6756,威鋒電子,,1.0047633349071816,0.7940124673480203,0.2107508675591612,98.80279293408154,96.84637765351016,93.61330692851604,54.389120468212006,10.154457247134909,3.619205467701836,137796.3,13758005.75,103.0,94.8,0.0492057283054442,0.0137402562902536,0.021341463414634,0.0049999999999998,100.0,0.5983765741696949,103.18661391461316,99.2900000000005,95.39338608538786,0.6552630086678449,0.078489554126551,62.36559139784946,58.42293906809997,100.8800000000003,99.0400000000005,4466808.0,4232841.35,-37.63440860215055,18.729880011706587,46.562463474944735,97.15,100.85,103210.75799999991,True,0.0307953536199812,-15000.0,0.0,0.0,0.0,907.0,3.0,-0.0094538902053471,0.0,0.0,0.7068,-0.0289,0.0,3.72,0.03,0,False,0,False,False,True,True,0.598731606001032,False,False,False,False,True,False,False,False,True,True,False,True,False,False,False,False,False,True,0.0,0.0,2.4875621890547266,8.0,0.6353780161587409,False,False,False,False,False,False,False,-1.0,False,6,False,False,456.6118522539152,11.5,3,False,3,False,False,False,False,"ema60_gt_ema120, market_above_ma60, avoid_chase, kd_golden_cross, obv_uptrend, dealer_buy_3d",,,,,,,,,,
2026-08-31,27.85,27.9,27.1,27.6,263041,7208287,6743,安普新,,-0.4606854235448203,-0.8309467942677636,0.3702613707229433,26.874924242253744,27.90940836151097,28.060703998247792,52.84566154012217,22.168139032182623,0.928678241092072,286367.6,7589626.5,30.3,24.85,0.1415586464803969,-0.2901454676333179,0.1017964071856287,-0.0089766606822262,27.85,1.5701951780231838,28.338019568137863,26.172500000000035,24.006980431862207,0.8295975757973643,0.1654805286570121,75.32467532467535,82.93650793650765,27.08000000000011,26.05500000000011,564686.0,116716.3,-24.67532467532465,96.01449275362306,43.43755244079474,30.6625,30.925,103210.75799999991,True,0.0307953536199812,-98040.0,0.0,0.0,0.0,-1000.0,0.0,0.0710010535656475,0.0,0.0,0.5024,0.3632,0.0,3.62,0.11,0,False,0,False,False,False,False,0.9185431592121456,False,False,True,False,False,False,False,True,False,True,False,False,False,False,False,False,False,True,-10.0,-12.0,9.78260869565217,0.0,0.773685487232659,False,False,False,False,False,False,False,-1.0,False,4,False,False,411.4696574389134,23.2,5,False,3,False,False,False,False,"market_above_ma60, adx_trending, stronger_than_market, obv_uptrend",,,,,,,,,,
2026-08-31,69.0,73.2,68.0,73.0,207576800,14983405600,6770,力積電,,1.131568228501152,0.832055547393927,0.2995126811072249,69.10236160402835,68.02672242753995,64.39644074594189,56.83252256263504,12.80836146535759,4.372987523826418,234392479.05,16565268737.4,78.4,66.6,0.4013664425015156,-0.1731971269994914,0.0310734463276836,0.0428571428571429,70.0,0.5440650885342839,77.39992920043952,69.45500000000011,61.51007079956072,0.7230982750484313,0.2287791865363008,95.774647887324,53.53072204516624,70.36000000000021,69.46000000000004,11297943921.0,10609516728.15,-56.410256410256416,39.73896616864148,75.17322568198077,72.95,75.55,103210.75799999991,True,0.0307953536199812,73709717.0,2.0,0.0,0.0,2740358.0,2.0,0.0002780927077024,0.0,0.0,0.7054,0.0301,0.0,15.32,0.7,0,False,0,False,False,True,True,0.8855949680694329,False,True,False,False,True,True,False,True,False,True,False,False,False,False,False,False,True,True,-20.0,0.0,7.397260273972611,0.0,0.968085243961534,True,False,False,False,False,False,False,-1.0,False,8,False,False,615.4729726082327,16.5,3,False,3,False,False,False,False,"ema60_gt_ema120, rsi_strong, market_above_ma60, avoid_chase, liquidity_ok, stronger_than_market, obv_uptrend, mfi_strong",,,,,,,,,,
2026-08-31,40.15,41.75,40.1,41.75,25526,1045715,6771,平和環保-創,,0.7892534112284295,0.7610270394933895,0.02822637173504,41.14409825318253,40.72909214981272,41.90680923168153,56.88001454841269,37.730618703446986,1.0126148047927304,53778.4,2231761.35,43.65,41.0,0.6575964268245014,-0.0082675645268406,-0.0435280641466208,0.0182926829268292,41.0,0.5545833794809318,44.53601240469072,40.79749999999994,37.05898759530917,0.6273902420124299,0.1832716418746628,39.28571428571429,22.179487179487,42.1,42.21499999999996,-2661842.0,-2720126.0,-51.5151515151515,16.89723652765138,71.6619986806014,39.45,40.95,103210.75799999991,True,0.0307953536199812,-2000.0,0.0,0.0,0.0,339.0,1.0,-0.074323417766602,0.0,0.0,-0.0346,0.0565,0.0,0.56,-0.14,0,False,0,False,False,True,False,0.4746515329574699,False,True,True,False,True,False,False,False,True,True,False,False,False,False,False,False,True,False,0.0,0.0,4.550898203592811,0.0,0.4357168211078764,False,False,True,False,False,False,False,-1.0,False,8,False,False,579.9751171828693,3.6,10,False,3,False,False,False,False,"rsi_strong, market_above_ma60, avoid_chase, adx_trending, kd_golden_cross, obv_uptrend, mfi_strong, above_ichimoku_cloud",,,,,,,,,,
2026-08-31,53.0,53.0,52.6,53.0,76818,4053147,6776,展碁國際,,-0.3654065589442083,-0.3793553220726721,0.0139487631284637,53.60149157003235,54.87577630615427,55.80621052635118,41.278635258261616,15.823545210851403,0.8551012347949233,116781.15,6295557.4,55.2,53.2,-0.1054524656325854,-0.1945646098565771,-0.0093457943925233,-0.0037593984962406,53.2,0.3638652344808326,54.70575331694448,53.660000000000124,52.614246683055775,0.1844380078427009,0.038977015167512,30.769230769230727,28.58974358974349,53.28000000000029,53.320000000000256,35814115.0,36042205.65,-84.00000000000006,-129.19896640826974,51.007655425334605,55.075,57.25,103210.75799999991,True,0.0307953536199812,-29000.0,0.0,0.0,0.0,-3076.0,0.0,-0.0401411480125045,0.0,0.0,-0.0215,0.0069,0.0,1.31,-0.1,0,False,0,False,False,False,False,0.6577945156388681,False,False,False,False,True,False,False,False,False,False,False,False,False,False,False,False,True,False,0.0,12.0,4.15094339622642,0.0,-0.254045557503847,False,False,False,False,False,False,False,-1.0,False,3,False,False,175.52939846634254,3.9,3,False,3,False,True,True,True,"market_above_ma60, avoid_chase, mfi_strong",,"close_below_ema20, close_below_swing_low",,,,,,,,
2026-08-31,1120.0,1135.0,1110.0,1125.0,601635,675783500,6781,AES-KY,,11.878594244785065,6.577983389981483,5.30061085480358,1082.8121219667971,1087.578443788443,1107.9741659187914,55.92865208911028,13.528150220540534,51.96255698438411,894244.1,1004410598.25,1195.0,1040.0,-0.0647360795460679,-0.1642146037663011,0.0765550239234449,-0.0044247787610619,1130.0,1.423718903058465,1193.9374796416917,1098.0,1002.0625203583083,0.6407166422384656,0.1747495075440649,83.33333333333333,90.27777777777798,1100.0,1079.5,-3212840.0,-1619935.1,-41.1764705882353,38.65330249293232,31.787711328721784,1060.75,1132.0,103210.75799999991,True,0.0307953536199812,25125.0,3.0,0.0,0.0,8207.0,1.0,0.0457596703034637,0.0,0.0,0.2824,0.0226,0.0,70.3,0.16,0,False,0,False,False,True,False,0.6727860994553948,False,True,False,False,False,True,True,True,False,False,False,False,False,False,False,False,False,True,-20.0,0.0,6.222222222222222,0.0,-0.7910876042193857,True,False,False,False,False,False,False,-1.0,False,5,False,False,432.23480974392135,21.3,3,False,3,False,False,False,False,"rsi_strong, market_above_ma60, liquidity_ok, foreign_buy_3d, stronger_than_market",,,,,,,,,,
2026-08-31,455.0,467.5,449.0,467.5,1471402,674299642,6789,采鈺,,-2.966436919013404,-9.362880841052943,6.396443922039541,446.4461813236656,462.2848766417295,445.4531139727197,55.642028670395874,19.93895919569009,22.145753947982715,1296097.95,577164264.95,462.5,415.0,0.0680182986683835,-0.3443989899210705,0.1265060240963855,0.0140997830802602,461.0,1.1938777951919937,473.3684899392192,441.45,409.5315100607808,0.9080706833187552,0.1446074977425268,85.52631578947368,80.48245614035113,454.0,439.1,91134230.0,87575296.45,-14.473684210526317,103.54796320630749,50.090170586265984,498.0,537.5,103210.75799999991,True,0.0307953536199812,-114758.0,0.0,0.0,0.0,-4337.0,0.0,0.0957106704764043,0.0,0.0,0.2463,0.0716,0.0,4.56,-0.01,0,False,0,False,False,True,True,1.1352552482626797,False,True,False,True,False,True,False,True,False,True,False,False,False,False,False,False,True,True,-20.0,-25.0,-1.06951871657754,25.0,0.6447173151454133,False,False,False,False,False,False,False,-1.0,False,8,False,False,639.0891602643718,31.7,5,False,3,False,False,False,False,"ema60_gt_ema120, rsi_strong, breakout_20d, market_above_ma60, liquidity_ok, stronger_than_market, obv_uptrend, mfi_strong",,,,,,,,,,
2026-08-31,59.3,60.0,59.0,60.0,14124,835937,6792,詠業,,0.558698311902539,0.2354326256762816,0.3232656862262574,58.425566733933564,59.14521752730019,59.26395236519856,57.05326153922568,14.852648150496991,1.6945744235010058,30513.6,1775595.95,60.1,57.1,0.3408609303253052,-0.3443705944672212,0.0309278350515462,0.0084033613445377,59.5,0.4356724249025804,61.091478488392745,58.25,55.408521511607255,0.8079382805727082,0.0975614931636994,82.85714285714282,68.57142857142874,59.67999999999993,59.0,2507049.0,2506163.9,-17.142857142857185,87.64139972512918,65.26942881844289,58.65,64.0,103210.75799999991,True,0.0307953536199812,2000.0,5.0,0.0,0.0,0.0,0.0,0.000132481431565,0.0,0.0,0.0669,0.0754,0.0,2.24,0.12,0,False,0,False,False,True,False,0.4628755702375334,False,True,False,False,True,False,True,True,False,True,False,False,False,False,False,False,True,True,-20.0,-12.0,0.166666666666669,25.0,0.001668280577694,True,False,False,False,False,False,False,-1.0,False,7,False,False,552.6487750693076,11.8,3,False,3,False,False,False,False,"rsi_strong, market_above_ma60, avoid_chase, foreign_buy_3d, stronger_than_market, obv_uptrend, mfi_strong",,,,,,,,,,
2026-08-31,80.8,81.4,79.7,81.0,135449,10904818,6799,來頡,,-1.69822455690462,-2.0069345436449626,0.3087099867403426,81.95598119076551,86.1641758666883,87.22971719404454,45.97762295257938,15.063229833192644,3.014212690880175,315109.15,26946937.0,91.4,78.1,-0.4853612159731847,-0.3858326784730093,0.0305343511450382,0.0062111801242235,80.5,0.6289056521666977,90.28269284992012,82.77999999999956,75.277307150079,0.3813759249108533,0.1812682495752743,71.4285714285715,65.58302808302808,80.82000000000043,79.78999999999978,-2517039.0,-2541907.4,-60.7843137254902,-41.1854327419278,28.975408776050728,91.4,98.0,103210.75799999991,True,0.0307953536199812,-8002.0,0.0,0.0,0.0,-552.0,0.0,-0.0002610024749429,0.0,0.0,0.1592,0.0549,0.0,8.39,-0.07,0,False,0,False,False,False,False,0.4298478796950199,False,False,False,False,True,False,False,False,False,True,False,False,False,False,False,False,False,True,-10.0,0.0,12.839506172839512,0.0,0.0144104265831937,False,False,False,False,False,False,False,-1.0,False,3,False,False,214.4714039159485,13.0,3,False,3,False,True,False,True,"market_above_ma60, avoid_chase, obv_uptrend",,close_below_ema20,,,,,,,,
2026-08-31,2360.0,2375.0,2230.0,2305.0,2864739,6570236850,6805,富世達,,163.56248961640858,110.47623263860552,53.08625697780308,1893.9289109690328,1745.0687211885768,1698.5814067948445,70.30689672112838,29.77933824840611,141.445100905758,2391595.0,4556018450.75,2345.0,1710.0,1.4667011407356931,0.1394049887642403,0.3479532163742689,-0.0170575692963752,2345.0,1.5822790897141064,2281.481795714325,1869.5,1457.5182042856748,1.0285427712223272,0.4407400863485692,83.11688311688312,90.47619047619082,2149.0,1983.0,102110150.0,92664089.9,-16.883116883116884,203.63944791425703,70.04533198049972,1470.0,1765.0,103210.75799999991,True,0.0307953536199812,1108091.0,2.0,-495000.0,0.0,-27218.0,0.0,0.3171578627542877,0.0,0.0,0.1707,0.1275,0.0,13.84,2.54,0,False,0,False,False,True,True,1.1978361720943551,False,True,True,False,False,True,False,True,False,True,False,False,False,False,False,False,True,True,-20.0,-25.0,1.735357917570499,15.0,1.5696428812954266,True,False,True,False,False,False,False,-1.0,False,9,False,False,790.8140762964887,43.2,5,False,3,False,False,False,False,"ema60_gt_ema120, rsi_strong, market_above_ma60, liquidity_ok, adx_trending, stronger_than_market, obv_uptrend, mfi_strong, above_ichimoku_cloud",,,,,,,,,,
2026-06-22,3.17,3.56,3.17,3.51,6690040,23068336,6806,森崴能源,,-3.193868038544592,-3.605150142137644,0.4112821035930523,6.369436385249728,16.265533888389857,26.884289682442365,31.695028351743915,32.59319844910159,1.124020813703323,3323329.25,18114138.2,9.27,3.24,-4.890351734836608,,-0.1311881188118812,0.0833333333333332,3.24,1.4376235075683954,8.72303612146717,5.566999999999917,2.410963878532664,0.1741165308583968,1.1338372988925094,12.927756653992391,8.309252217997406,3.52599999999984,4.193999999999869,-28264920.0,-29666163.3,-93.1174089068826,-106.48686543775,51.26508114756189,13.2,23.55,91804.04166666672,True,0.0822136601466292,-3151230.0,0.0,0.0,0.0,0.0,0.0,-0.2134017789585104,0.0,0.0,0.0,0.0,0.0,0.0,0.0,0,False,0,False,False,False,False,2.013053626871306,True,False,True,False,True,False,False,False,True,True,False,False,False,False,False,False,True,False,20.0,12.0,164.1025641025641,0.0,0.137191618664627,False,False,False,False,False,False,False,-1.0,False,7,False,False,528.7768356926886,50.3,8,False,3,False,True,False,True,"volume_break, market_above_ma60, avoid_chase, adx_trending, kd_golden_cross, obv_uptrend, mfi_strong",,close_below_ema20,,,,,,,,
2026-08-31,522.0,523.0,501.0,520.0,1636512,841985712,6830,汎銓,,26.9704188106914,13.192190228528824,13.778228582162576,458.11230952240817,467.0348547055932,465.43560016924295,63.937618484022266,25.28327662511023,33.01640236256336,2481777.65,1128054315.6,530.0,409.5,1.4348581513085286,-0.3717009491694997,0.1646136618141096,-0.0095238095238094,525.0,0.6235192162794566,535.8587819430662,446.075,356.29121805693376,0.9116834822511564,0.4025501628339011,82.67148014440433,86.28158844765373,518.4,476.15,78157329.0,73301089.3,-17.32851985559567,128.53008990607057,83.65081262228924,423.25,576.25,103210.75799999991,True,0.0307953536199812,129948.0,1.0,0.0,0.0,7078.0,1.0,0.1338183081941284,0.0,0.0,0.2615,0.1672,0.0,4.5,-1.27,0,False,0,False,False,True,True,0.6594112087358027,False,True,True,False,False,True,False,True,False,True,False,False,False,False,False,False,True,True,-20.0,-25.0,1.9230769230769231,15.0,0.941229838621668,False,False,False,False,False,False,False,-1.0,False,8,False,False,682.888870150818,37.1,5,True,3,False,False,False,False,"ema60_gt_ema120, rsi_strong, market_above_ma60, liquidity_ok, adx_trending, stronger_than_market, obv_uptrend, mfi_strong",,,,,,,,,,
2026-08-31,616.0,638.0,610.0,618.0,1216365,755594353,6831,邁科,,-16.642147839600284,-19.34259296802537,2.700445128425088,613.9590709165395,639.2029466599621,586.3115076784184,49.22426665394538,14.809817089995471,48.195230689394265,1191650.35,743632791.7,687.0,549.0,-0.4860705664521488,-0.6147051660529976,0.1256830601092895,-0.0032258064516128,620.0,1.2795021351389273,701.4534118384571,620.85,540.246588161543,0.4823208476229771,0.2596550272640962,70.4225352112676,56.20485554784136,593.8,594.8,60848532.0,58417822.2,-50.495049504950494,0.310221808593097,54.6412619764546,697.0,752.5,103210.75799999991,True,0.0307953536199812,166690.0,1.0,-119000.0,0.0,3865.0,5.0,0.0948877064893083,0.0,0.0,0.3125,0.099,0.0,14.64,-0.64,0,False,0,False,False,False,True,1.0207398504099796,False,False,False,False,False,True,False,True,False,True,False,True,False,False,False,False,True,False,-10.0,0.0,11.165048543689322,0.0,0.7856295978662053,False,False,False,True,False,False,False,-1.0,False,7,True,False,589.6349536784942,33.8,5,False,3,False,False,False,False,"ema60_gt_ema120, market_above_ma60, liquidity_ok, stronger_than_market, obv_uptrend, dealer_buy_3d, mfi_strong",long_upper_shadow,,,,,,,,,
2026-08-31,92.4,96.4,88.5,89.9,2121343,193583756,6834,天二科技,,-1.634989280002813,-1.2585843655758908,-0.3764049144269221,94.02045321452528,90.92292497602816,77.5103456492148,44.81063060557786,11.06973202441558,7.254854575135794,4118891.15,407531098.1,107.5,89.7,-0.3204800103036328,-0.0616665654309725,0.0,-0.0456475583864118,94.2,1.1577785793978044,107.16860147058392,95.2550000000002,83.34139852941648,0.2752568770567655,0.250141230813788,26.6666666666667,37.90849673202623,91.20000000000036,92.23000000000027,136522775.0,122542594.6,-85.57377049180326,-56.29031509582812,65.78641547920215,113.025,92.575,103210.75799999991,True,0.0307953536199812,-367253.0,0.0,0.0,0.0,5518.0,6.0,-0.0307953536199812,0.0,0.0,0.8824,0.1334,0.0,11.01,-0.97,0,False,0,False,False,False,True,0.5150276913727133,False,False,False,False,True,True,False,False,False,True,False,True,False,False,False,False,True,False,10.0,0.0,19.57730812013348,0.0,0.7481314236341624,False,False,False,False,False,False,False,-1.0,False,7,False,False,494.127853997337,15.0,3,False,3,False,True,False,True,"ema60_gt_ema120, market_above_ma60, avoid_chase, liquidity_ok, obv_uptrend, dealer_buy_3d, mfi_strong",,close_below_ema20,,,,,,,,
2026-08-31,30.55,31.0,30.5,31.0,17201,527360,6835,圓裕,,-0.3453547198173048,-0.4858587754841849,0.14050405566688,31.176426691346578,32.92847988244223,34.882166951636535,44.08862646432023,17.375420717573654,0.8978495007066891,20153.3,625032.05,31.4,30.7,0.0197344000166765,-0.3879280681589352,0.0016155088852989,-0.0064102564102563,31.2,0.7972597693001825,31.37414282914118,31.01000000000004,30.645857170858893,0.4862691240911941,0.0234855097801447,34.48275862068967,35.85933223864231,31.01000000000022,30.98000000000029,3496963.0,3523566.65,-69.69696969696967,-105.95813204508792,41.12550787886935,33.3125,35.475,103210.75799999991,True,0.0307953536199812,0.0,0.0,0.0,0.0,-1000.0,0.0,-0.0291798447346822,0.0,0.0,-0.0878,0.0958,0.0,5.58,-0.04,0,False,0,False,False,False,False,0.8535078622359614,False,False,False,False,True,False,False,False,False,False,False,False,False,False,False,False,False,True,0.0,0.0,1.2903225806451568,15.0,-0.0968437481115065,False,False,False,False,False,False,False,-1.0,False,2,False,False,127.37295364502152,7.5,3,False,3,False,True,False,True,"market_above_ma60, avoid_chase",,close_below_ema20,,,,,,,,
2026-08-31,62.9,63.4,60.9,62.3,236952,14665200,6485,點序,,-1.721593606351199,-2.4674308833941807,0.7458372770429817,62.54793591274124,70.59398786235312,76.36824473996457,46.66903340686789,18.867227380777248,3.0602326168322134,288642.2,18068165.4,67.1,59.4,-0.2222119543315839,-0.8876254629910558,0.0400667779632721,-0.0235109717868338,63.8,1.15216566495413,67.01429648322627,62.39500000000008,57.77570351677388,0.4897170488682585,0.1480662387443286,68.57142857142853,73.69047619047645,61.8,61.0,46072376.0,46341797.35,-59.3220338983051,-4.562203895420589,46.61676520295925,72.5,92.55,103210.75799999991,True,0.0307953536199812,-90000.0,0.0,0.0,0.0,-751.0,0.0,0.0092714243432909,0.0,0.0,0.1121,0.1997,0.0,0.0,0.0,0,False,0,False,False,False,False,0.8209194636127357,False,False,False,False,True,False,False,True,False,False,False,False,False,False,False,False,False,True,0.0,0.0,7.704654895666127,0.0,-0.1090817571855717,False,False,False,False,False,False,False,-1.0,False,3,False,False,266.90021354990046,16.3,3,False,3,False,True,False,True,"market_above_ma60, avoid_chase, stronger_than_market",,close_below_ema20,,,,,,,,
2026-08-31,951.0,953.0,875.0,912.0,12101276,10981932177,6488,環球晶,,-19.037300867529893,-21.10047768638129,2.0631768188513924,973.4263961391864,967.3301981751936,859.6747692435588,43.97482991433068,11.162402588572364,80.59031136075559,11199968.4,10705866390.3,1060.0,941.0,0.4869164673170752,-0.0584705961062888,-0.097029702970297,-0.0617283950617284,972.0,1.0359208981673371,1072.2456753760189,950.85,829.4543246239814,0.3399860626020508,0.2553413795572774,23.125,21.383547008546884,954.2,975.8,317999636.0,317049628.2,-75.3623188405797,-50.73549819594771,56.37759457258115,1271.5,1115.0,103210.75799999991,True,0.0307953536199812,-1531759.0,0.0,-1392089.0,0.0,-252693.0,0.0,-0.1278250565902782,0.0,0.0,0.1959,-0.115,0.0,0.0,0.0,0,False,0,False,False,False,True,1.080474119909124,False,False,False,False,True,True,False,False,False,True,False,False,False,False,False,False,True,False,10.0,0.0,16.228070175438596,0.0,0.0328907792984291,False,False,False,False,False,False,False,-1.0,False,6,False,False,416.1994305506724,14.9,3,False,3,False,True,True,True,"ema60_gt_ema120, market_above_ma60, avoid_chase, liquidity_ok, obv_uptrend, mfi_strong",,"close_below_ema20, close_below_swing_low",,,,,,,,
2026-08-31,77.4,77.9,76.7,77.8,59843,4631477,6486,互動,,-0.1746291728362194,-0.848281299254575,0.6736521264183555,75.5810119472907,77.76620077321664,79.47249807385695,63.0628740411823,24.300774977195445,1.2163828504103658,59172.45,4419554.6,77.4,73.7,0.1515595861754099,-0.2215867857265944,0.0527740189445196,0.0051679586563306,77.4,0.6496121050915438,77.25120938251567,74.77000000000007,72.28879061748447,1.1105893402933875,0.0663691154879122,97.82608695652156,92.33091787439662,76.44000000000014,75.16000000000022,1047690.0,812170.25,-2.0833333333335062,224.27578974964084,58.6955454014393,79.975,80.0,103210.75799999991,True,0.0307953536199812,-3934.0,0.0,0.0,0.0,599.0,4.0,0.0219786653245384,0.0,0.0,0.599,-0.4724,0.0,0.0,0.0,0,False,0,False,False,True,False,1.011332131760642,False,True,True,True,False,False,False,True,False,True,False,True,False,False,False,False,True,True,-20.0,-25.0,-0.5141388174807088,25.0,0.397140129330276,False,False,False,False,False,False,False,-1.0,False,8,False,False,644.8790028695697,13.4,5,False,3,False,False,False,False,"rsi_strong, breakout_20d, market_above_ma60, adx_trending, stronger_than_market, obv_uptrend, dealer_buy_3d, mfi_strong",,,,,,,,,,
2026-08-31,54.0,54.8,53.7,53.8,65655,3547006,6494,九齊,,0.0380847066394096,-0.1876452603718376,0.2257299670112472,54.08304046942524,54.8426428171657,52.96797468169555,48.238853743889045,11.695599192405131,2.021341719956445,134272.65,7296879.6,55.4,53.3,0.3256361206229868,-0.3572484152954113,0.0056074766355138,-0.0200364298724954,54.9,0.4881462784004069,57.4590270601347,53.89749999999985,50.335972939865,0.4863120512137618,0.1321592675034968,38.88888888888884,42.12962962962956,54.35999999999949,54.59999999999964,15669062.0,15473343.1,-75.00000000000003,7.814106518610165,59.92608112669331,58.725,60.55,103210.75799999991,True,0.0307953536199812,-20899.0,0.0,0.0,0.0,0.0,0.0,-0.0251878769844673,0.0,0.0,0.7934,0.1935,0.0,0.0,0.0,0,False,0,False,False,False,True,0.4889677830891101,False,False,False,False,True,False,False,False,False,True,False,False,False,False,False,False,True,False,0.0,0.0,2.9739776951672887,8.0,0.1541420693809264,False,False,False,True,False,False,False,-1.0,False,5,True,False,349.7393826634622,9.4,3,False,3,False,True,False,True,"ema60_gt_ema120, market_above_ma60, avoid_chase, obv_uptrend, mfi_strong",long_upper_shadow,close_below_ema20,,,,,,,,
2026-08-31,2680.0,2920.0,2605.0,2845.0,952250,2667938830,6510,精測,,-23.350772490272,-35.05917027187746,11.70839778160547,2738.1625521698743,2901.3446412278863,2961.680469943329,53.51641660414718,12.579568124298296,192.48603447972184,489412.7,1373752031.75,2990.0,2620.0,-0.2338348936749739,-0.5133752939108757,0.0735849056603774,0.0615671641791044,2680.0,0.9974480180655456,2948.2906417639374,2764.5,2580.7093582360626,0.718999180881568,0.1329648339764423,78.57142857142857,48.59307359307422,2713.0,2705.0,24994647.0,24713774.4,-48.11320754716981,11.354420113544498,49.39137220264488,2862.5,3300.0,103210.75799999991,True,0.0307953536199812,-34797.0,0.0,34000.0,1.0,-10186.0,0.0,0.0427895520403962,0.0,0.0,0.4987,0.0709,0.0,0.0,0.0,0,False,0,False,False,False,False,1.945699406656182,True,False,False,False,False,True,False,True,False,True,False,False,False,False,False,False,False,True,-10.0,0.0,5.0966608084358525,0.0,0.3218176905304569,False,False,False,False,False,False,False,-1.0,False,5,False,False,433.3188063529273,43.0,3,False,3,False,False,False,False,"volume_break, market_above_ma60, liquidity_ok, stronger_than_market, obv_uptrend",,,,,,,,,,
2026-08-31,74.5,75.2,73.8,74.4,69271,5151874,6498,久禾光,,-1.4445107253381622,-2.102044030802107,0.6575333054639447,76.11684636485403,82.46198434154383,87.24540800435074,44.438968217739394,21.40032647896504,3.0242037216854785,119762.45,9052203.1,78.7,73.9,0.0094970503395368,-0.6791532424842056,-0.0053475935828876,-0.0197628458498023,75.9,1.6458322912111585,78.05382665827436,75.4550000000003,72.85617334172623,0.2970237844372161,0.0688841470617998,23.188405797101552,56.03864734299532,75.62000000000117,75.42000000000044,-5325069.0,-5358503.25,-76.81159420289845,-72.5623582766443,48.4058186546208,90.1,96.8,103210.75799999991,True,0.0307953536199812,-9000.0,0.0,0.0,0.0,0.0,0.0,-0.0361429472028688,0.0,0.0,-0.0463,0.0063,0.0,0.0,0.0,0,False,0,False,False,False,False,0.5784033309271813,False,False,True,False,True,False,False,False,False,True,False,False,False,False,False,False,False,True,10.0,0.0,5.779569892473114,0.0,0.0328591179751094,False,False,False,True,False,False,False,-1.0,False,4,True,False,281.1783427249731,8.2,3,False,3,False,True,False,True,"market_above_ma60, avoid_chase, adx_trending, obv_uptrend",long_upper_shadow,close_below_ema20,,,,,,,,
2026-08-31,20.2,20.6,20.15,20.6,4004,81493,6512,啟發電,,-0.0298278243976533,-0.1604673425760208,0.1306395181783675,16.423038391763427,16.791792515127224,17.393607037251815,53.48428893891321,10.0305611623652,4.683658016683872,6086.45,122902.6,20.6,0.0,,,0.0048780487804878,0.0,20.6,0.3584169219792672,32.49498153845131,16.244999999999937,-0.0049815384514424,0.6340001522369451,2.0006133011328338,100.0,100.0,12.340000000000146,16.35,106718.0,81793.7,-0.0,43.61610968294774,66.47111153375843,10.175,10.225,103210.75799999991,True,0.0307953536199812,0.0,0.0,0.0,0.0,0.0,0.0,-0.0259173048394933,0.0,0.0,-0.781,-0.3248,0.0,0.0,0.0,0,False,0,True,True,True,False,0.6578547429125352,False,False,False,False,True,False,False,False,False,True,False,False,False,False,False,False,True,False,-20.0,0.0,0.0,25.0,0.8139230868896796,False,False,True,False,False,False,False,-1.0,False,7,False,False,391.3456244718015,33.6,3,False,3,False,False,False,False,"macd_golden_cross, market_above_ma60, avoid_chase, hist_turn_positive, obv_uptrend, mfi_strong, above_ichimoku_cloud",,,,,,,,,,
2026-08-31,70.8,73.0,70.8,70.8,613711,44045189,6517,保勝光學,,1.2496738176137967,0.2417637644334123,1.0079100531803844,67.29378075918763,66.312917556136,65.33310598046562,57.71123340825213,18.443307138476428,3.917700642098783,921372.55,62640338.1,73.7,64.0,0.7540713882666121,-0.1569552136151144,0.1045241809672388,-0.0111731843575418,71.6,1.485885197386855,72.7549417781694,65.66999999999989,58.58505822183039,0.8620354380191896,0.2157740757779661,62.99212598425196,74.62670107413093,70.51999999999971,68.37999999999957,42001078.0,38793186.55,-34.81481481481484,135.24835427887493,74.28520343163079,73.4,69.1,103210.75799999991,True,0.0307953536199812,-106852.0,0.0,0.0,0.0,5245.0,1.0,0.0737288273472576,0.0,0.0,0.9502,0.1389,0.0,0.0,0.0,0,False,0,False,False,True,True,0.6660834425770552,False,True,False,False,False,True,False,True,False,True,False,False,False,False,False,False,True,True,0.0,-12.0,4.096045197740121,0.0,0.7431089284644482,False,False,False,False,False,False,False,-1.0,False,7,False,False,583.5781415673439,26.9,5,False,3,False,False,False,False,"ema60_gt_ema120, rsi_strong, market_above_ma60, liquidity_ok, stronger_than_market, obv_uptrend, mfi_strong",,,,,,,,,,
2026-08-31,86.6,89.3,85.1,88.1,1192198,104774376,6530,創威,,2.113122825893712,1.2206976279896706,0.8924251979040407,82.80752211331917,84.44045692208466,85.11413898986797,57.79398047119417,14.74674976145824,5.2636954438903,1358115.8,114317723.3,89.0,79.9,0.5550790556903541,-0.355693614397944,0.0957711442786068,0.013808975834292,86.9,1.1118018723031566,90.81266125111362,82.76999999999971,74.7273387488858,0.8313579817415582,0.1943375921496663,71.94244604316543,71.22302158273426,86.83999999999942,83.99999999999963,167304379.0,164955258.3,-28.05755395683456,100.03966965992284,67.58533700886099,77.2,95.5,103210.75799999991,True,0.0307953536199812,180990.0,1.0,0.0,0.0,-33.0,0.0,0.0649757906586256,0.0,0.0,0.1954,0.0221,0.0,0.0,0.0,0,False,0,False,False,True,False,0.8778323615703462,False,True,False,False,False,True,False,True,True,True,False,False,False,False,False,False,True,True,-10.0,-12.0,1.0215664018161246,15.0,0.5728249593917978,False,False,False,False,False,False,False,-1.0,False,7,False,False,608.652223128405,26.2,5,True,3,False,False,False,False,"rsi_strong, market_above_ma60, liquidity_ok, stronger_than_market, kd_golden_cross, obv_uptrend, mfi_strong",,,,,,,,,,
2026-08-31,197.5,215.0,197.5,205.5,3023830,624622186,6538,倉和,,18.23966647124044,16.684192429002888,1.5554740422375524,184.58213034588937,151.73774223683824,127.20323329720428,65.03096451794691,37.40443925315965,15.085271661351989,2991960.15,547991959.05,222.0,190.5,2.207070953165111,1.0737448117591033,0.0647668393782383,0.0275,200.0,0.9844341915651936,229.49897118252548,180.9,132.30102881747453,0.7530917774741425,0.537302058402714,64.21052631578948,71.92982456140392,209.0,201.2,52525736.0,34704696.95,-22.516556291390728,78.77114961917907,75.21176233362577,138.8,119.1,103210.75799999991,True,0.0307953536199812,768325.0,1.0,0.0,0.0,-103123.0,0.0,0.0339714857582571,0.0,0.0,0.6337,0.1592,0.0,0.0,0.0,0,False,0,False,False,True,True,1.0106518297043496,False,True,True,False,False,True,False,True,False,True,False,False,False,False,False,False,True,True,0.0,0.0,8.02919708029197,0.0,1.241790337029378,False,False,True,False,False,False,False,-1.0,False,9,False,False,770.008002341396,23.8,8,True,3,False,False,False,False,"ema60_gt_ema120, rsi_strong, market_above_ma60, liquidity_ok, adx_trending, stronger_than_market, obv_uptrend, mfi_strong, above_ichimoku_cloud",,,,,,,,,,
2026-08-31,89.1,96.2,89.1,95.3,1505514,142389802,6532,瑞耘,,3.79570647243969,2.945541826928159,0.8501646455115313,85.77097689295393,83.40151190707087,81.2138158195343,68.8470928761169,34.550313771886,4.110264066125342,619230.75,53832548.95,90.6,84.8,1.0669990068854258,-0.1439250677949654,0.0588888888888887,0.0683856502242152,89.2,0.6414303927844275,97.28040403353675,85.4,73.51959596646324,0.9166524964998514,0.2782296026589406,93.52517985611507,81.3400764536885,90.75999999999983,88.97000000000007,10726913.0,8217628.95,-6.47482014388493,131.46271758898442,75.31945698821838,75.425,93.9,103210.75799999991,True,0.0307953536199812,82702.0,4.0,0.0,0.0,-130.0,0.0,0.0280935352689075,0.0,0.0,0.4912,0.4411,0.0,0.0,0.0,0,False,0,False,False,True,True,2.4312649202256185,True,True,True,True,False,True,True,True,False,True,False,False,False,True,False,True,True,True,-20.0,-25.0,-4.93179433368311,25.0,1.4942288991538863,True,False,True,False,False,False,False,-1.0,False,14,False,False,1137.2433959921027,46.8,8,False,3,False,False,False,False,"ema60_gt_ema120, volume_break, rsi_strong, breakout_20d, market_above_ma60, liquidity_ok, foreign_buy_3d, adx_trending, stronger_than_market, obv_uptrend, breakout_volume_confirm, cci_momentum, mfi_strong, above_ichimoku_cloud",,,,,,,,,,
2026-08-31,63.4,64.0,62.6,62.9,115516,7300280,6546,正基,,0.1879979947889154,-0.1428279285652807,0.3308259233541962,62.58182983948928,64.68501264620944,66.82196961920377,50.60165300746543,17.626872419477028,2.1903298719056594,325422.1,20753253.35,68.0,62.0,0.3253671075582864,-0.4001710657719003,0.0031897926634767,-0.0110062893081761,63.6,0.6276581417216501,67.0391486869093,62.38500000000022,57.73085131309114,0.5553269818654848,0.149207299412008,41.304347826086975,58.96528479946028,63.320000000000434,62.83000000000029,7434583.0,7855360.65,-74.66666666666669,29.541896399155487,70.82468665553358,64.65,73.9,103210.75799999991,True,0.0307953536199812,-12000.0,0.0,0.0,0.0,-2306.0,0.0,-0.0276055609565044,0.0,0.0,0.1405,0.101,0.0,0.0,0.0,0,False,0,False,False,False,False,0.3549728183795753,False,False,False,False,True,False,False,False,False,False,False,False,False,False,False,False,True,True,0.0,0.0,8.10810810810811,0.0,-0.3192558598917231,False,False,False,False,False,False,False,-1.0,False,3,False,False,214.71865786509508,8.6,3,False,3,False,False,False,False,"market_above_ma60, avoid_chase, mfi_strong",,,,,,,,,,
2026-08-31,72.8,73.0,70.3,71.4,2458379,175783111,6548,長科*,,-0.3919066820487131,-0.716932369181491,0.3250256871327778,72.44960804217718,72.38453518066729,67.17259520902918,47.205936451362255,12.089549046923809,4.167639134473276,2898175.45,213360437.25,75.7,69.1,-0.1994319568621268,-0.4887751482045894,0.0084745762711866,-0.0285714285714284,73.5,0.9994370840342768,76.63172983755408,72.96000000000004,69.288270162446,0.28756606980659,0.1006504889680383,43.010752688172055,63.44086021505427,72.85999999999986,71.82999999999993,355472713.0,358392117.45,-56.98924731182795,-67.77171632396045,47.123991015772525,79.67500000000001,75.525,103210.75799999991,True,0.0307953536199812,-98165.0,0.0,0.0,0.0,-10114.0,0.0,-0.0223207773487945,0.0,0.0,0.3544,0.0361,0.0,0.0,0.0,0,False,0,False,False,False,True,0.8482505777902438,False,False,False,False,True,True,False,False,False,False,False,False,False,False,False,False,False,True,0.0,0.0,6.02240896358543,0.0,-0.0580088686953304,False,False,False,False,False,False,False,-1.0,False,4,False,False,272.7863993535585,12.9,3,False,3,False,True,False,True,"ema60_gt_ema120, market_above_ma60, avoid_chase, liquidity_ok",,close_below_ema20,,,,,,,,
2026-08-31,61.0,61.0,60.0,60.5,11050,670650,6556,勝品,,-1.3744011267175793,-1.7848163074944716,0.4104151807768923,61.56141196013028,64.95839024241728,66.11071895807028,42.32119592080197,17.011662335540883,1.6687048606369148,31733.0,1932293.0,68.5,58.2,-0.4282648549883595,-0.402986450907319,0.0219594594594594,-0.0130505709624795,61.3,0.0658557248125829,67.37077610021606,61.39500000000008,55.41922389978409,0.4251143295037669,0.1946665396275259,52.380952380952415,67.08994708994699,61.42000000000044,60.05000000000037,-318425.0,-291285.0,-43.75,-25.223595618530783,65.87777225376055,67.0,68.8,103210.75799999991,True,0.0307953536199812,-4000.0,0.0,0.0,0.0,0.0,0.0,-0.0088358941605217,0.0,0.0,-0.3019,-0.036,0.0,0.0,0.0,0,False,0,False,False,False,False,0.3482179434657927,False,False,False,False,True,False,False,False,False,False,False,False,False,False,False,False,True,True,0.0,0.0,13.223140495867767,0.0,-0.320181751682223,False,False,False,False,False,False,False,-1.0,False,3,False,False,144.63999841447125,10.3,3,True,3,False,True,False,True,"market_above_ma60, avoid_chase, mfi_strong",,close_below_ema20,,,,,,,,
2026-08-31,30.5,31.0,30.3,31.0,12258,375109,6560,欣普羅,,-1.2631111093564191,-1.7170700359631494,0.4539589266067301,29.93684484885321,33.20278793453033,35.66513375238649,50.40058035544868,19.956872613011107,4.026203299103515,21415.95,672905.65,32.75,0.0,,,inf,0.0,31.0,1.2852017012984578,43.97304272287989,30.10750000000008,16.241957277120257,0.5321840990229396,0.9210690175457796,96.57320872274144,97.55774377520235,31.129999999999928,28.08499999999985,-1136907.0,-1076608.15,-4.615384615384615,15.596703256088997,15.439456405826604,35.6,37.075,103210.75799999991,True,0.0307953536199812,1000.0,1.0,0.0,0.0,-15.0,0.0,inf,0.0,0.0,0.1281,-0.0034,0.0,0.0,0.0,0,False,0,False,False,False,False,0.5723771301296463,False,False,False,False,False,False,False,True,False,False,False,False,False,False,False,False,False,True,-20.0,0.0,5.64516129032258,0.0,-0.1768733377613232,False,False,False,False,False,False,False,-1.0,False,2,False,False,268.6012912481606,49.5,5,False,3,False,False,False,False,"market_above_ma60, stronger_than_market",,,,,,,,,,
2026-08-31,320.0,323.5,319.5,321.0,33754,10829337,6561,是方,,-1.785941184072044,-2.03717507060224,0.2512338865301959,323.0306326864453,330.0778508306964,339.25581300162133,45.32739681670304,9.663385377750114,5.233752836144708,38461.85,12419932.6,329.0,318.5,-0.0843016758392748,-0.1374507901693439,0.0,-0.0046511627906976,322.5,0.7330310779974486,329.3919302321672,323.2,317.0080697678328,0.3223494195258409,0.0383163999515295,41.66666666666666,57.478632478632186,321.5,321.45,-2057306.0,-2049325.85,-73.91304347826087,-45.11912291798503,40.27410822878977,324.5,347.0,103210.75799999991,True,0.0307953536199812,-8682.0,0.0,0.0,0.0,-1259.0,0.0,-0.0307953536199812,0.0,0.0,0.1804,-0.0035,0.0,0.0,0.0,0,False,0,False,False,False,False,0.8775968914651792,False,False,False,False,True,False,False,False,False,False,False,False,False,False,False,False,False,True,0.0,0.0,2.4922118380062304,8.0,-0.0207468318131364,False,False,False,True,False,False,False,-1.0,False,2,True,False,161.52700693289415,5.3,3,False,3,False,True,False,True,"market_above_ma60, avoid_chase",long_upper_shadow,close_below_ema20,,,,,,,,
2026-08-31,131.0,131.0,128.0,129.0,43961,5691729,6568,宏觀,,-4.406364847791082,-5.564914143582886,1.1585492957918042,132.71765886208615,150.77874032249665,161.7338395424791,41.35779865360841,40.40206352841479,5.513090741929658,77701.75,10379969.65,140.0,125.0,-0.4453490043887904,-0.6755976742983458,0.032,-0.0152671755725191,131.0,0.6069313908684988,142.98299567246846,132.7,122.41700432753152,0.3200913372984145,0.1549810952896529,34.48275862068966,51.72413793103442,130.7,128.45,20377684.0,20358516.2,-73.6842105263158,-58.96581028959917,41.5621998348899,151.625,191.0,103210.75799999991,True,0.0307953536199812,-7745.0,0.0,0.0,0.0,11733.0,1.0,0.0012046463800188,0.0,0.0,0.3433,-0.0076,0.0,0.0,0.0,0,False,0,False,False,False,False,0.5657658933035614,False,False,True,False,True,False,False,True,False,True,False,False,False,False,False,False,False,True,0.0,0.0,8.527131782945736,0.0,0.0191266965044992,False,False,False,False,False,False,False,-1.0,False,5,False,False,455.8871792910896,14.1,8,False,3,False,True,False,True,"market_above_ma60, avoid_chase, adx_trending, stronger_than_market, obv_uptrend",,close_below_ema20,,,,,,,,
2026-08-31,51.7,51.9,50.1,50.4,119599,6085273,6570,維田,,-0.2737220126223931,0.3526002471799505,-0.6263222598023437,53.3107806092573,52.17767059962245,49.43966982994158,37.32531691249176,13.903711335428154,1.8830126060980965,223267.05,12512645.65,57.8,51.7,-0.594629454117417,-0.0266147241344905,-0.0418250950570342,-0.0251450676982593,51.7,0.633802202302688,59.15743543190664,54.84999999999991,50.54256456809318,-0.0165486599099258,0.1570623676173834,5.555555555555505,10.52915016329583,52.1,53.10000000000018,3793209.0,4349420.8,-96.1538461538462,-150.97856477166818,35.51154638868405,50.3,54.05,103210.75799999991,True,0.0307953536199812,-1050.0,0.0,0.0,0.0,-2047.0,0.0,-0.0726204486770154,0.0,0.0,0.9924,0.0706,0.0,0.0,0.0,0,False,0,False,False,False,True,0.535676894552958,False,False,False,False,True,False,False,False,False,False,False,False,False,False,False,False,False,False,20.0,25.0,14.68253968253968,0.0,-1.006697188683374,False,False,False,False,False,False,False,-1.0,False,3,False,False,228.2764026813291,5.6,3,False,3,False,True,True,True,"ema60_gt_ema120, market_above_ma60, avoid_chase",,"close_below_ema20, close_below_swing_low",,,,,,,,
2026-08-31,80.0,80.7,78.0,80.7,97032,7754970,6577,勁豐,,0.2783664725159127,0.3116534654597259,-0.0332869929438132,80.400429292778,79.50213910755872,78.2086600681012,51.5846209692476,22.85287735305942,2.153094506693343,67636.4,5438404.2,82.0,80.0,0.1089851140170782,0.0951033084135621,-0.0085995085995086,-0.0012376237623761,80.8,0.319498757696878,81.98510387509293,80.1800000000001,78.37489612490728,0.6440360322679923,0.0450262877299282,58.69565217391317,40.56468575919401,80.51999999999971,80.6300000000003,-841131.0,-876980.7,-61.42857142857139,-36.88999172870029,54.88249513981551,83.725,83.25,103210.75799999991,True,0.0307953536199812,-7000.0,0.0,0.0,0.0,53.0,1.0,-0.0393948622194898,0.0,0.0,0.1945,0.0743,0.0,0.0,0.0,0,False,0,False,False,True,True,1.4346121319289615,False,False,True,False,True,False,False,False,False,True,False,False,False,False,False,False,True,False,0.0,0.0,1.6109045848822765,15.0,0.0565476851509769,False,False,False,False,False,False,False,-1.0,False,6,False,False,450.0246935411014,14.3,5,False,3,False,False,False,False,"ema60_gt_ema120, market_above_ma60, avoid_chase, adx_trending, obv_uptrend, mfi_strong",,,,,,,,,,
2026-08-31,110.0,114.0,105.0,110.5,2233019,241904608,6588,東典光電,,6.044762032094241,4.394382347360822,1.6503796847334185,100.8980430444438,97.92610043415876,95.67131024539049,61.6861594536163,25.644842842344108,7.738714634872371,2594703.35,265164100.45,114.5,90.9,1.2098531413445237,0.0209132466602643,0.0886699507389161,-0.013392857142857,112.0,0.799910218020221,116.08050177663485,99.26499999999996,82.44949822336508,0.8340667483265669,0.3388002171285928,72.11895910780669,75.45208241446683,111.8,105.85,35798131.0,24207091.7,-24.83443708609272,104.76513975155284,78.96958289914244,81.42500000000001,108.8,103210.75799999991,True,0.0307953536199812,-154962.0,0.0,0.0,0.0,190.0,4.0,0.0578745971189349,0.0,0.0,1.1055,-0.0733,0.0,0.0,0.0,0,False,0,False,False,True,True,0.8606066662688049,False,True,True,False,False,True,False,True,False,True,False,True,False,False,False,False,True,True,-10.0,-12.0,3.619909502262444,0.0,2.0,False,False,True,True,False,False,False,-1.0,False,10,True,False,845.606066662688,26.7,5,True,3,False,False,False,False,"ema60_gt_ema120, rsi_strong, market_above_ma60, liquidity_ok, adx_trending, stronger_than_market, obv_uptrend, dealer_buy_3d, mfi_strong, above_ichimoku_cloud",long_upper_shadow,,,,,,,,,
2026-08-31,682.0,694.0,614.0,629.0,4276201,2752799887,6584,南俊國際,,19.026975250582723,7.753922008473205,11.273053242109516,590.3977043168231,590.5063191783579,566.7887983773383,57.537730593992094,27.54753754327008,38.52094955406927,1239799.55,746679672.5,682.0,586.0,1.3627573021514583,-0.3100263424439447,0.0733788395904437,-0.0777126099706745,682.0,4.542602684708379,675.5018542585964,575.225,474.94814574140366,0.7681326633029578,0.3486526290011608,45.37815126050421,74.32145271901875,625.8,609.1,49317527.0,47192915.55,-41.935483870967744,109.3467468849657,57.85788113184794,624.0,674.5,103210.75799999991,True,0.0307953536199812,23360.0,1.0,0.0,0.0,-48859.0,0.0,0.0425834859704625,0.0,0.0,0.328,-0.0212,0.0,0.0,0.0,0,False,0,False,False,True,True,3.449106752781125,True,True,True,False,False,True,False,True,False,True,False,False,False,False,False,False,True,True,0.0,0.0,8.426073131955485,0.0,0.8993400026667683,False,False,False,False,False,False,False,-1.0,False,9,False,False,755.2831475598125,63.1,6,False,3,False,False,False,False,"ema60_gt_ema120, volume_break, rsi_strong, market_above_ma60, liquidity_ok, adx_trending, stronger_than_market, obv_uptrend, mfi_strong",,,,,,,,,,
2026-08-31,72.0,76.0,72.0,75.9,26077,1942787,6597,立誠,,0.6444555963804746,-1.0876243800300456,1.73207997641052,54.85620051002253,57.34791993509905,58.69068094790229,52.58978981185699,8.048324780032411,32.116534718866795,9352.55,651252.55,74.5,0.0,,,inf,0.0312500000000002,73.6,0.3712961420010245,113.35707748139312,52.46500000000005,-8.427077481393013,0.6924306163405333,2.321245686891947,99.8684210526316,66.22012245378573,59.240000000000144,58.23000000000011,712263.0,632437.2,-0.1315789473684135,58.35366636702198,83.91983532709617,48.85,39.95,103210.75799999991,True,0.0307953536199812,0.0,0.0,0.0,0.0,0.0,0.0,inf,0.0,0.0,0.0091,0.2349,0.0,0.0,0.0,0,False,0,False,False,True,False,2.788223532619446,True,False,False,True,False,False,False,True,False,True,False,False,False,True,False,False,True,True,-20.0,0.0,-1.8445322793148955,25.0,1.9375210320986225,False,False,True,False,False,False,False,-1.0,False,8,False,False,686.1324877113778,95.8,5,False,3,False,False,False,False,"volume_break, breakout_20d, market_above_ma60, stronger_than_market, obv_uptrend, breakout_volume_confirm, mfi_strong, above_ichimoku_cloud",,,,,,,,,,
2026-08-31,280.5,289.5,271.5,278.5,2589175,726515116,6613,朋億*,,-9.065837483363907,-13.011073084612937,3.945235601249028,270.4828997989518,283.3567551886253,269.4255035373147,51.51029182330496,11.56460659058382,14.503217900675184,597497.05,165376191.65,306.5,247.5,-0.5076745353318327,-0.4775493449482091,0.1095617529880477,0.0108892921960073,275.5,1.7336619857095423,298.40244289954813,267.7,236.99755710045184,0.6758817699838301,0.2293794762760414,76.34408602150538,79.46701830926274,265.6,259.05,16539640.0,13096225.15,-23.655913978494624,58.454557587081226,77.89453484729518,344.875,313.25,103210.75799999991,True,0.0307953536199812,-732920.0,0.0,0.0,0.0,3985.0,4.0,0.0787663993680665,0.0,0.0,0.6432,-0.3514,0.0,0.0,0.0,0,False,0,False,False,False,True,4.333368675209359,True,False,False,False,False,True,False,True,False,True,False,True,False,False,False,False,True,True,-10.0,0.0,10.053859964093355,0.0,1.53496803369921,False,False,False,True,False,False,False,-1.0,False,8,True,False,656.7533031564841,67.1,5,False,3,False,False,False,False,"ema60_gt_ema120, volume_break, market_above_ma60, liquidity_ok, stronger_than_market, obv_uptrend, dealer_buy_3d, mfi_strong",long_upper_shadow,,,,,,,,,
2026-08-31,0.0,0.0,0.0,0.0,2,75,6624,萬年清,,-0.8876573722583814,1.7358218149039537,-2.623479187162335,35.296686372720785,36.964877610868335,40.7432537631543,30.919377979502386,8.21850443579606,7.746411395824756,62528.65,2339627.95,43.95,40.85,,,-1.0,-1.0,41.65,0.047977124507035,58.10510395370348,39.73749999999982,21.36989604629616,-0.581727918898946,0.9244468803374012,0.0,33.333333333333336,33.479999999999926,37.61499999999978,4643391.0,4588463.1,-100.0,-666.6666666666665,12.058614476214046,23.1125,25.5,103210.75799999991,True,0.0307953536199812,0.0,0.0,0.0,0.0,0.0,0.0,-1.0307953536199812,0.0,0.0,-0.8217,0.0732,0.0,0.0,0.0,0,False,1,False,False,False,False,3.198533792109697e-05,False,False,False,False,True,False,False,False,False,True,False,False,False,False,False,False,False,False,20.0,25.0,999.0,0.0,0.0705461062689681,False,False,False,False,False,False,False,-1.0,False,3,False,False,180.84687312860683,0.0,3,False,3,True,True,True,True,"market_above_ma60, avoid_chase, obv_uptrend",,"macd_death_cross, close_below_ema20, close_below_swing_low",,,,,,,,
2026-08-31,1030.0,1165.0,1030.0,1140.0,660900,729512685,6640,均華,,26.514763213407832,11.087852445892144,15.42691076751569,1010.8476972704202,1034.6433788260074,1045.319868777096,61.082261807267855,18.7977676942158,78.01679286823052,304625.4,311629650.75,1085.0,954.0,0.7632589179476399,-0.2063003183447578,0.1776859504132231,0.0754716981132075,1060.0,0.8345518023660453,1131.8934610814892,1000.95,870.0065389185108,1.0309543479741454,0.2616383657155486,89.45147679324894,78.93334173580418,1052.0,1025.8,1914357.0,1381553.2,-10.548523206751057,155.19985022933616,67.30685640743036,1005.5,1195.5,103210.75799999991,True,0.0307953536199812,-20759.0,0.0,17000.0,3.0,13408.0,1.0,0.1468905967932419,0.0,0.0,2.6601,1.0216,0.0,0.0,0.0,0,False,0,False,False,True,False,2.1695498799509165,True,True,False,True,False,True,False,True,False,True,True,False,True,True,False,False,True,True,-20.0,-25.0,-4.824561403508771,25.0,0.8123071109813229,False,True,False,False,False,False,False,-1.0,False,11,False,False,966.4431841312852,63.2,5,False,3,False,False,False,False,"volume_break, rsi_strong, breakout_20d, market_above_ma60, liquidity_ok, stronger_than_market, obv_uptrend, invest_trust_buy_2d, bb_squeeze_breakout, breakout_volume_confirm, mfi_strong",,,,,,,,,,
2026-08-31,428.0,432.0,411.5,411.5,1244474,514902754,6643,M31,,-3.825559365723393,-5.365675115080853,1.5401157493574598,425.8737827622519,450.05815361799137,467.3808753250558,44.49233096506003,13.315867956426104,21.93715843957002,445833.15,193815958.5,456.5,406.0,-0.2035916980185129,-0.3344469549878301,0.0135467980295567,-0.0583524027459954,437.0,0.6396858457570336,462.2977874548863,428.825,395.3522125451137,0.2412076896292224,0.1561139740215064,24.390243902439025,58.74173695007994,427.7,418.95,5682056.0,6940039.9,-78.72340425531915,-51.11532556669384,35.02147580746127,439.875,560.0,103210.75799999991,True,0.0307953536199812,-194100.0,0.0,0.0,0.0,-21185.0,0.0,-0.0172485555904244,0.0,0.0,0.2921,0.3216,0.0,0.0,0.0,0,False,0,False,False,False,False,2.791344699244549,True,False,False,False,True,True,False,False,False,False,False,False,False,False,False,False,False,True,10.0,0.0,10.935601458080194,0.0,-0.8907478327722808,False,False,False,False,False,False,False,-1.0,False,4,False,False,292.22447299917815,48.7,3,True,3,False,True,False,True,"volume_break, market_above_ma60, avoid_chase, liquidity_ok",,close_below_ema20,,,,,,,,
2026-08-31,83.3,83.3,80.1,80.6,160760,13038693,6642,富致,,0.4475957511514679,0.3971755093150323,0.0504202418364355,79.77538272257812,78.14991821258987,73.61640814769378,52.10151678647396,16.71206967045015,3.855376433849265,451780.65,37555399.55,86.7,75.9,-0.0115886515441776,-0.1295848166660109,0.0619235836627138,-0.0253929866989118,82.7,0.620174226603708,87.68232080041648,80.55,73.41767919958352,0.5035051704346415,0.1770905226670758,53.04347826086951,66.36836921345154,80.01999999999971,79.15999999999985,-2690979.0,-3641328.7,-57.63888888888894,10.25356283546192,62.978647013358135,79.0,81.55,103210.75799999991,True,0.0307953536199812,-35030.0,0.0,0.0,0.0,-1640.0,0.0,0.0311282300427326,0.0,0.0,0.7147,0.1377,0.0,0.0,0.0,0,False,0,False,False,True,True,0.3558363998103947,False,False,False,False,False,False,False,True,False,True,False,False,False,False,False,False,True,True,0.0,0.0,7.568238213399516,0.0,0.5155917019767912,False,False,False,False,False,False,False,-1.0,False,5,False,False,439.7454644218255,19.3,3,False,3,False,False,False,False,"ema60_gt_ema120, market_above_ma60, stronger_than_market, obv_uptrend, mfi_strong",,,,,,,,,,
2026-08-31,148.0,150.5,147.0,148.5,135713,20143946,6651,全宇昕,,4.729746990108595,3.0736834369974906,1.656063553111104,140.252034308806,134.39040449182,124.65865733903448,61.43462198719289,26.596800680723764,7.204423142389126,253381.7,35531080.65,151.0,136.5,1.0032373553870533,-0.1061168424833171,0.0683453237410072,-0.0132890365448504,150.5,1.4086126896039548,155.94356371154302,138.225,120.50643628845695,0.7899501383767975,0.2563727793314238,65.9090909090909,75.17482517482495,148.5,143.9,12692582.0,11919144.6,-34.09090909090909,106.07800603972568,72.26996723377759,136.875,145.0,103210.75799999991,True,0.0307953536199812,19.0,2.0,0.0,0.0,-3181.0,0.0,0.037549970121026,0.0,0.0,0.5642,0.218,0.0,0.0,0.0,0,False,0,False,False,True,True,0.5356069518832655,False,True,True,False,False,False,False,True,False,True,False,False,False,False,False,False,True,True,0.0,0.0,1.6835016835016834,15.0,0.7358607423533164,True,False,True,True,False,False,False,-1.0,False,8,True,False,719.1863984270725,20.4,3,True,3,False,False,False,False,"ema60_gt_ema120, rsi_strong, market_above_ma60, adx_trending, stronger_than_market, obv_uptrend, mfi_strong, above_ichimoku_cloud",long_upper_shadow,,,,,,,,,
2026-08-31,177.0,194.0,177.0,194.0,110945,21138793,6654,天正國際,,0.6735123394094842,-1.3309844827913058,2.0044968222007897,171.9868116570044,165.84457031204943,147.5090770579918,65.7999033346606,16.172900213115238,8.852490777273886,28429.35,5036241.2,181.0,162.5,-0.0306568689644008,-0.2313875092351422,0.1793313069908815,0.0991501416430595,176.5,1.516720591700334,187.38332442067423,171.8,156.21667557932577,1.212299872630113,0.1814123913931809,100.0,72.36842105263167,172.9,169.0,1106458.0,997251.35,-0.0,170.07498295841845,68.81391188323722,194.0,166.3,103210.75799999991,True,0.0307953536199812,-5000.0,0.0,0.0,0.0,205.0,1.0,0.1485359533709003,0.0,0.0,2.0354,0.128,0.0,0.0,0.0,0,False,0,False,False,True,True,3.902481062704565,True,True,False,True,False,False,False,True,False,True,False,False,True,True,False,True,True,True,-20.0,-25.0,-6.701030927835052,25.0,0.2062219311402016,False,False,False,False,False,False,False,-1.0,False,11,False,False,936.499473800728,76.6,5,False,3,False,False,False,False,"ema60_gt_ema120, volume_break, rsi_strong, breakout_20d, market_above_ma60, stronger_than_market, obv_uptrend, bb_squeeze_breakout, breakout_volume_confirm, cci_momentum, mfi_strong",,,,,,,,,,
2026-08-31,357.0,357.0,342.5,347.5,456496,158486201,6664,群翊,,-1.533398379480559,-3.815697541697432,2.2822991622168733,350.1665071790773,361.3965799893394,357.507846517773,48.350077711097015,14.781386001695054,17.582912785928336,421120.15,149375798.3,366.5,328.5,0.1090759626453004,-0.2391077832090065,-0.0155807365439093,-0.0333796940194714,359.5,0.6464095842359011,369.1700377002501,347.95,326.72996229974984,0.4893968143139848,0.1219717643353938,45.833333333333336,56.66666666666728,352.7,347.45,31548731.0,33293799.8,-54.16666666666666,2.908898585217567,66.95798804170286,375.5,414.5,103210.75799999991,True,0.0307953536199812,-20150.0,0.0,0.0,0.0,-9844.0,0.0,-0.0463760901638905,0.0,0.0,0.3021,0.1004,0.0,0.0,0.0,0,False,0,False,False,False,True,1.0840041731558083,False,False,False,False,True,True,False,False,False,False,False,False,False,False,False,False,True,True,0.0,0.0,5.467625899280575,0.0,-1.1616837351181353,False,False,False,False,False,False,False,-1.0,False,5,False,False,331.89983691014044,9.8,3,False,3,False,True,False,True,"ema60_gt_ema120, market_above_ma60, avoid_chase, liquidity_ok, mfi_strong",,close_below_ema20,,,,,,,,
2026-08-31,226.5,226.5,216.0,217.5,211072,46430279,6667,信紘科,,-5.669807268393527,-6.3538751599839,0.6840678915903737,224.88212115936005,239.2452310809941,247.38345103117368,38.172069265794825,29.995901494119327,6.576025839862687,149909.55,33738799.05,235.5,218.5,-0.3114756360217389,-0.4709420784208381,-0.0045766590389015,-0.0158371040723982,221.0,0.7623102678039883,234.2331151620692,224.525,214.8168848379308,0.1381892940739129,0.0864769193815316,21.73913043478261,48.15546772068471,220.1,220.7,24514673.0,24984744.5,-84.375,-81.37785800240627,29.51517327458048,253.75,261.75,103210.75799999991,True,0.0307953536199812,-49050.0,0.0,0.0,0.0,-2125.0,0.0,-0.0353720126588827,0.0,0.0,-0.2159,-0.3085,0.0,0.0,0.0,0,False,0,False,False,False,False,1.407995688066571,False,False,True,False,True,False,False,False,False,False,False,False,False,False,False,False,False,False,10.0,12.0,8.275862068965518,0.0,-0.4105725928306387,False,False,False,False,True,False,False,-1.0,False,3,True,False,191.15308576669804,14.9,3,False,3,False,True,True,True,"market_above_ma60, avoid_chase, adx_trending",open_high_close_low,"close_below_ema20, close_below_swing_low",,,,,,,,
2026-08-31,206.0,207.5,200.0,200.5,203717,41237732,6679,鈺太,,-7.383916515164401,-9.00142191665151,1.6175054014871098,206.80951712244484,229.2530911624042,237.72597389861505,40.57517025196089,23.20814317324602,8.391646588676021,245880.2,51655291.8,231.5,196.5,-0.5212331691843991,-0.6831525948805819,0.020356234096692,-0.0219512195121951,205.0,1.0962553175021057,223.53052147800832,206.775,190.0194785219917,0.3127482929064319,0.1620652542909763,47.22222222222222,67.08754208754242,201.8,200.3,3029688.0,3498948.55,-67.3076923076923,-46.14577871001582,44.56549637239272,238.875,279.25,103210.75799999991,True,0.0307953536199812,8000.0,1.0,0.0,0.0,-398.0,0.0,-0.0104391195232891,0.0,0.0,0.0873,-0.023,0.0,0.0,0.0,0,False,0,False,False,False,False,0.828521369349789,False,False,True,False,True,True,False,False,False,False,False,False,False,False,False,False,False,True,0.0,0.0,15.46134663341646,0.0,-0.3561897985806033,False,False,False,False,False,False,False,-1.0,False,4,False,False,274.0109361105307,12.2,3,False,3,False,True,False,True,"market_above_ma60, avoid_chase, liquidity_ok, adx_trending",,close_below_ema20,,,,,,,,
2026-08-31,51.9,52.0,51.9,52.0,5029,261250,6680,鑫創電子,,-0.6740781883600349,-3.0437992402291782,2.3697210518691434,41.2298726751264,45.06843742660264,48.405259215965216,51.72540706469829,7.527748385946989,22.70158208272877,5375.75,291718.7,57.8,0.0,,,0.0236220472440944,0.04,50.0,0.2142981253740564,85.11892605720294,39.434999999999945,-6.248926057203057,0.6375210176142352,2.316922837946142,100.0,97.6467451892786,40.96000000000022,35.9,136496.0,113851.15,-3.345724907063192,42.22231606210322,84.14117169270511,29.15,29.4,103210.75799999991,True,0.0307953536199812,-1000.0,0.0,0.0,0.0,0.0,0.0,-0.0071733063758867,0.0,0.0,0.0809,-0.3252,0.0,0.0,0.0,0,False,0,False,False,True,False,0.9354973724596568,False,False,False,False,True,False,False,False,False,True,False,False,False,False,False,False,True,True,-20.0,0.0,11.15384615384615,0.0,0.4354281967451799,False,False,True,False,False,False,False,-1.0,False,5,False,False,284.5801120855387,36.4,3,False,3,False,False,False,False,"market_above_ma60, avoid_chase, obv_uptrend, mfi_strong, above_ichimoku_cloud",,,,,,,,,,
2026-08-31,1180.0,1225.0,1140.0,1210.0,568799,676071865,6683,雍智科技,,-31.739024568073543,-44.62188200623168,12.882857438158132,1200.9302757263688,1331.18554027334,1317.063513213156,49.07972405766514,17.272494201329096,96.69172030460672,645191.15,783671823.25,1395.0,1070.0,-0.1384856519067206,-0.8004927580770623,0.110091743119266,0.0083333333333333,1200.0,1.9058081206693729,1381.5118454305114,1204.75,1027.9881545694886,0.5148504898984659,0.2934415363029862,71.11111111111111,60.96535624607653,1184.0,1167.0,13343559.0,14413694.75,-60.97560975609756,-11.398113981139732,43.79702161848543,1477.5,1750.0,103210.75799999991,True,0.0307953536199812,83742.0,1.0,-58000.0,0.0,-6635.0,0.0,0.0792963894992848,0.0,0.0,0.2437,-0.0049,0.0,0.0,0.0,0,False,0,False,False,False,True,0.8815976474568815,False,False,False,False,False,True,False,True,False,False,False,False,False,False,False,False,False,True,-10.0,0.0,15.289256198347106,0.0,-0.3806908185605722,False,False,False,False,False,False,False,-1.0,False,4,False,False,369.247686651842,31.4,5,False,3,False,False,False,False,"ema60_gt_ema120, market_above_ma60, liquidity_ok, stronger_than_market",,,,,,,,,,
2026-08-31,46.6,46.6,46.3,46.55,41076,1908234,6684,安格,,-0.879378037105397,-1.009103358355862,0.129725321250465,47.48726454766096,48.98390891904696,49.424546956246886,42.857984398314215,11.376241886271275,1.83571621669936,94737.3,4562382.0,50.2,45.85,-0.2352198835501884,-0.304865689449293,0.0152671755725188,-0.0158562367864693,47.3,0.8523813156250838,50.26404659910739,47.48500000000004,44.70595340089268,0.3317768402479531,0.1170494513681099,35.71428571428569,45.23809523809541,46.79999999999964,46.52999999999993,-1606712.0,-1545417.55,-76.0,-67.51687921980543,42.09393527612672,53.650000000000006,55.0,103210.75799999991,True,0.0307953536199812,7000.0,2.0,0.0,0.0,11.0,1.0,-0.0155281780474623,0.0,0.0,0.0846,0.4519,0.0,0.0,0.0,0,False,0,False,False,False,False,0.4335779043734621,False,False,False,False,True,False,False,False,False,False,False,False,False,False,False,False,False,True,0.0,0.0,7.8410311493018385,0.0,-0.0235434069562757,True,False,False,False,False,False,False,-1.0,False,2,False,False,149.0532581602593,11.1,3,False,3,False,True,False,True,"market_above_ma60, avoid_chase",,close_below_ema20,,,,,,,,
2026-08-31,23.8,24.3,23.7,24.3,7600,182380,6692,進能服,,0.2829731608144783,0.1949916188082856,0.0879815420061927,23.821042690973744,24.55801059835865,26.355397592007893,52.38362419631888,9.555027385447694,1.3453012986485509,21194.6,502803.05,24.5,23.75,0.3373868144216451,,0.023157894736842,0.0,24.3,1.4273751522533498,25.132635061592666,23.859999999999992,22.58736493840732,0.6728696675421462,0.106675193763007,40.00000000000009,37.80496848350049,24.219999999999708,24.239999999999963,-431003.0,-490310.35,-38.29787234042551,34.67959073774877,56.00411036451813,24.4375,26.975,103210.75799999991,True,0.0307953536199812,-2000.0,0.0,0.0,0.0,0.0,0.0,-0.0076374588831391,0.0,0.0,2.1644,0.5396,0.0,0.0,0.0,0,False,0,False,False,False,False,0.3585819029375407,False,False,False,False,True,False,False,False,False,True,False,False,False,False,False,False,True,False,0.0,0.0,0.8230452674897091,25.0,1.0026316911887707,False,False,False,False,False,False,False,-1.0,False,4,False,False,315.6173993236407,14.7,3,False,3,False,False,False,False,"market_above_ma60, avoid_chase, obv_uptrend, mfi_strong",,,,,,,,,,
2026-08-31,175.5,179.0,170.5,176.5,954812,167186347,6693,廣閎科,,-3.7005048307099457,-5.052115213683227,1.3516103829732815,174.01391681807263,177.17757889778554,161.43191634584363,50.242133839970734,14.296668758021143,12.561091465593265,974122.3,173823237.4,187.5,161.0,-0.1943148012115513,-0.3819955136521552,0.0962732919254658,-0.011204481792717,178.5,2.2330069038820906,190.34176622576155,173.95,157.55823377423843,0.5777829541026638,0.1884652627279282,60.71428571428572,51.629072681704805,171.1,169.55,25715289.0,25534629.95,-54.66666666666666,7.716049382716136,45.35619621417767,214.5,206.5,103210.75799999991,True,0.0307953536199812,-253175.0,0.0,0.0,0.0,104865.0,2.0,0.0654779383054846,0.0,0.0,1.089,0.035,0.0,0.0,0.0,0,False,0,False,False,False,True,0.9801767190834252,False,False,False,False,False,True,False,True,False,True,False,False,False,False,False,False,False,True,0.0,0.0,6.232294617563739,0.0,0.0372288428415779,False,False,False,True,False,False,False,-1.0,False,5,True,False,460.2485133049332,28.0,5,False,3,False,False,False,False,"ema60_gt_ema120, market_above_ma60, liquidity_ok, stronger_than_market, obv_uptrend",long_upper_shadow,,,,,,,,,
2026-08-31,38.1,38.1,36.55,37.6,23264,862802,6708,天擎,,1.5048546451422595,1.3380175542311257,0.1668370909111338,35.985024292698895,35.808198508946894,37.19447626515981,51.25938360874616,8.151993631839641,6.945751919457614,17510.05,672469.3,40.0,37.1,,,-0.0144167758846657,0.0134770889487869,37.1,1.6039175743338931,53.25655577703799,36.45749999999989,19.658444222961787,0.5340048873925923,0.9215692670664828,33.84615384615389,24.655040927347727,37.509999999999856,38.16499999999997,301611.0,354144.95,-75.28089887640448,18.91848560500216,60.22736075622445,20.525,21.725,103210.75799999991,True,0.0307953536199812,-2000.0,0.0,0.0,0.0,0.0,0.0,-0.0452121295046469,0.0,0.0,0.159,-0.0692,0.0,0.0,0.0,0,False,0,False,False,True,False,1.328608427731503,False,False,False,False,True,False,False,False,True,False,False,False,False,False,False,False,True,False,0.0,0.0,6.382978723404251,0.0,-1.460908793651064,False,False,True,False,True,False,False,-1.0,False,5,True,False,355.75517875350226,35.0,3,False,3,False,False,False,False,"market_above_ma60, avoid_chase, kd_golden_cross, mfi_strong, above_ichimoku_cloud",open_high_close_low,,,,,,,,,
2026-08-31,127.5,127.5,120.0,124.0,465178,57095720,6716,應廣,,9.515685794895743,9.79265274933405,-0.2769669544383042,117.7921952228655,103.32413353671622,92.9440283804512,60.4749561778241,33.787079346419624,7.83348871008483,750198.15,89355971.0,137.5,122.5,2.3094474261401103,0.4454143234315426,0.0122448979591835,-0.03125,128.0,0.6132065788672342,151.80366666508655,116.62000000000008,81.43633333491361,0.604878210538006,0.6033899273724309,20.0,31.45299145299153,126.7,129.6,20470997.0,19149555.7,-45.070422535211264,34.47713145519013,66.78467758089928,91.475,103.8,103210.75799999991,True,0.0307953536199812,45866.0,2.0,0.0,0.0,198.0,2.0,-0.0185504556607976,0.0,0.0,1.0207,0.1228,0.0,0.0,0.0,0,False,0,False,False,True,True,0.6200735099120146,False,True,True,False,True,True,False,False,False,True,False,False,False,False,False,False,True,False,10.0,0.0,10.887096774193548,0.0,0.6818087857582216,True,False,True,False,False,False,False,-1.0,False,9,False,False,679.3824405282188,14.2,8,False,3,True,False,False,True,"ema60_gt_ema120, rsi_strong, market_above_ma60, avoid_chase, liquidity_ok, adx_trending, obv_uptrend, mfi_strong, above_ichimoku_cloud",,macd_death_cross,,,,,,,,
2026-08-31,133.5,133.5,132.0,132.5,8110,1073035,6720,久昌,,-1.3028928500681332,-1.0651738596629134,-0.2377189904052197,135.7184445588787,140.17486397802563,143.72552769582785,41.65818929887761,27.01475466507595,3.846509508634632,17945.65,2443350.9,140.5,132.0,-0.1135180299585263,-0.1565551610618011,-0.0037593984962406,-0.0074906367041198,133.5,0.929394978777252,140.98862328994477,136.05,131.11137671005525,0.1405880959550044,0.0726001218661485,25.0,33.333333333333336,133.9,134.9,67735.0,114558.5,-79.16666666666667,-117.66268260292158,34.64991581879804,137.5,147.5,103210.75799999991,True,0.0307953536199812,1000.0,1.0,0.0,0.0,1000.0,2.0,-0.0345547521162218,0.0,0.0,0.0251,0.0901,0.0,0.0,0.0,0,False,0,False,False,False,False,0.451920103200497,False,False,True,False,True,False,False,False,False,False,False,False,False,False,False,False,False,False,10.0,12.0,6.037735849056604,0.0,-0.8545319545628615,False,False,False,False,False,False,False,-1.0,False,3,False,False,226.26481757725065,6.7,5,False,3,False,True,False,True,"market_above_ma60, avoid_chase, adx_trending",,close_below_ema20,,,,,,,,
2026-08-31,531.0,563.0,520.0,524.0,2301888,1245480359,6727,亞泰金屬,,31.67998311745805,19.24668082506209,12.433302292395965,452.6919482617584,426.7979587101648,393.2655024796404,65.83494857889772,25.97126974490805,35.369048347381664,1439647.75,663862759.65,537.0,441.5,1.741896230411313,0.0126575619478446,0.1775280898876403,-0.0242085661080074,537.0,1.922187690814064,537.6286349566336,440.05,342.47136504336635,0.9301658864018209,0.443488853342273,73.8255033557047,85.52966046462218,506.9,476.75,30005793.0,21662857.15,-21.54696132596685,162.64428121720874,83.57276126628872,411.375,509.75,103210.75799999991,True,0.0307953536199812,-145674.0,0.0,242000.0,3.0,-388.0,0.0,0.1467327362676591,0.0,0.0,0.3787,0.3726,0.0,0.0,0.0,0,False,0,False,False,True,True,1.5989244591255047,True,True,True,False,False,True,False,True,False,True,True,False,False,False,False,False,True,True,-10.0,-25.0,2.480916030534351,8.0,1.9032348715140364,False,True,True,True,False,False,False,-1.0,False,11,True,False,936.8280630494236,51.6,5,False,3,False,False,False,False,"ema60_gt_ema120, volume_break, rsi_strong, market_above_ma60, liquidity_ok, adx_trending, stronger_than_market, obv_uptrend, invest_trust_buy_2d, mfi_strong, above_ichimoku_cloud",long_upper_shadow,,,,,,,,,
2026-08-31,226.5,229.5,220.0,222.0,92205,20561256,6725,矽科宏晟,,-14.075071236065044,-15.927015593611962,1.85194435754692,239.44209966743423,270.0269620756389,280.4707023565047,35.07906512187516,30.29530860259381,10.92341374019184,93414.6,22414735.0,256.0,223.0,-0.6822847765838936,-0.6988092841579066,-0.0044843049327354,-0.0389610389610389,231.0,0.585394433467616,258.0390633661945,236.9,215.7609366338055,0.1475718970636131,0.178464021664791,17.02127659574468,51.77304964539022,227.9,227.8,15416560.0,15690074.15,-89.1891891891892,-98.67071103577456,46.49769045420846,321.0,330.75,103210.75799999991,True,0.0307953536199812,-4000.0,0.0,0.0,0.0,-37.0,0.0,-0.0352796585527166,0.0,0.0,-0.1561,-0.0127,0.0,0.0,0.0,0,False,0,False,False,False,False,0.9870512746401524,False,False,True,False,True,False,False,False,False,False,False,False,False,False,False,False,False,True,20.0,12.0,15.315315315315312,0.0,-0.3131014465713547,False,False,False,False,False,False,False,-1.0,False,3,False,False,213.1132953875453,9.6,8,False,3,False,True,True,True,"market_above_ma60, avoid_chase, adx_trending",,"close_below_ema20, close_below_swing_low",,,,,,,,
2026-08-31,63.9,63.9,61.9,63.8,108989,6828449,6735,美達科技,,-2.248675377257811,-3.0057216900994543,0.7570463128416431,64.59030551548017,73.35623143654075,76.69853278454222,44.29467539366712,16.23918502647536,2.993443229831694,129103.05,8419704.05,72.9,61.2,-0.3704960571568315,-0.8839387782477807,0.0063091482649841,-0.001564945226917,63.9,0.6380625567239551,69.12384196408684,64.37500000000018,59.62615803591353,0.4394589244758354,0.1475368377191966,59.18367346938775,57.823129251701175,63.320000000000434,62.93000000000029,3284920.0,3235441.25,-58.57142857142863,-55.97056528041044,45.2710106109381,77.025,106.75,103210.75799999991,True,0.0307953536199812,-34000.0,0.0,0.0,0.0,-89.0,0.0,-0.024486205354997,0.0,0.0,-0.378,-0.4266,0.0,0.0,0.0,0,False,0,False,False,False,False,0.8442015893505227,False,False,False,False,True,False,False,False,False,True,False,False,False,False,False,False,False,True,0.0,0.0,14.263322884012553,0.0,0.0460257713881845,False,False,False,False,False,False,False,-1.0,False,3,False,False,158.99432515016343,10.9,3,False,3,False,True,False,True,"market_above_ma60, avoid_chase, obv_uptrend",,close_below_ema20,,,,,,,,
2026-08-31,152.5,154.5,151.0,151.5,116726,17751983,6732,昇佳電子,,-4.401471877611613,-5.30740686025685,0.9059349826452374,155.81959445311497,163.59101017117428,167.04085912774494,41.02288421461677,18.164977191269127,5.601841921515404,149037.9,23129616.9,159.5,149.5,-0.2305886119398852,-0.1805338726890031,0.0066445182724252,-0.0162337662337662,154.0,1.090081128713227,160.22076209541078,154.25,148.27923790458922,0.2697111393775265,0.0774166884332029,38.888888888888886,50.56980056980016,152.8,151.75,5315500.0,5511678.85,-73.07692307692308,-56.882821387941085,51.84037281689845,189.375,182.75,103210.75799999991,True,0.0307953536199812,-25156.0,0.0,0.0,0.0,137.0,2.0,-0.0241508353475559,0.0,0.0,-0.189,-0.0564,0.0,0.0,0.0,0,False,0,False,False,False,False,0.7831967573348793,False,False,False,False,True,False,False,False,False,False,False,False,False,False,False,False,True,True,0.0,0.0,5.2805280528052805,0.0,-0.1566762961557306,False,False,False,False,False,False,False,-1.0,False,3,False,False,150.95185201948004,9.4,3,False,3,False,True,False,True,"market_above_ma60, avoid_chase, mfi_strong",,close_below_ema20,,,,,,,,
2026-08-31,58.8,61.0,58.8,60.8,226577,13693680,6741,91APP*-KY,,0.6075559681427123,-0.1677331777892656,0.775289145931978,57.09297734262184,58.25286434507507,60.84881751182303,65.98738525697428,28.3018194684635,1.4807289410167723,289033.1,16262430.0,60.4,54.2,0.3474257559150862,-0.225185443256071,0.0647985989492119,0.0270270270270269,59.2,1.148373886940966,60.094933510037855,56.33500000000004,52.57506648996222,1.0937604997641368,0.1334848144151172,97.18309859154924,92.90718671000349,59.159999999999854,57.13999999999978,-5127851.0,-6329099.3,-2.8169014084507435,202.2272842318393,69.11174979590157,58.55,61.0,103210.75799999991,True,0.0307953536199812,60450.0,1.0,0.0,0.0,389.0,10.0,0.0340032453292307,0.0,0.0,0.3641,-0.0826,0.0,0.0,0.0,0,False,0,False,False,True,False,0.7839136763228849,False,True,True,True,False,False,False,True,False,True,False,True,False,False,False,False,True,True,-20.0,-25.0,-0.657894736842103,25.0,0.753484251757579,False,False,False,False,False,False,False,-1.0,False,8,False,False,661.8809477843197,16.3,5,True,3,False,False,False,False,"rsi_strong, breakout_20d, market_above_ma60, adx_trending, stronger_than_market, obv_uptrend, dealer_buy_3d, mfi_strong",,,,,,,,,,
2026-08-31,1120.0,1200.0,1110.0,1180.0,289938,336403030,6739,竹陞科技,,10.060665469380638,-13.94208620917102,24.002751678551657,1038.9576167698688,1081.6460953081985,1086.6365986767344,62.54564799128209,11.63709051443089,73.23347257904335,170312.5,180492058.0,1140.0,960.0,0.1711975854659955,-0.2945876015099364,0.213991769547325,0.0350877192982457,1140.0,3.5938175618166444,1147.5429955735813,1029.05,910.5570044264184,1.1369574811966996,0.2302958953861938,92.67399267399269,92.85369648272838,1074.8,1026.1,29086311.0,28060083.65,-7.326007326007326,204.48340831314624,78.40374843567506,1154.5,1197.0,103210.75799999991,True,0.0307953536199812,2150.0,1.0,0.0,0.0,5622.0,1.0,0.1831964159273438,0.0,0.0,0.9949,0.0678,0.0,0.0,0.0,0,False,0,False,False,True,False,1.702388256880734,True,True,False,True,False,True,False,True,False,True,False,False,True,True,False,False,True,True,-20.0,-25.0,-3.389830508474576,25.0,1.677398905501343,False,False,False,False,False,False,False,-1.0,False,10,False,False,857.1526694348235,53.4,5,False,3,False,False,False,False,"volume_break, rsi_strong, breakout_20d, market_above_ma60, liquidity_ok, stronger_than_market, obv_uptrend, bb_squeeze_breakout, breakout_volume_confirm, mfi_strong",,,,,,,,,,
2026-08-31,188.0,190.5,186.0,189.0,292363,55003632,6761,穩得,,5.9407097954128005,4.31189901437876,1.6288107810340406,178.18129144237898,176.99854430004604,174.9002087926776,61.86280796416292,21.596108700463525,8.235929936833323,639670.85,114079685.65,188.5,181.0,1.1226632462878896,-0.3239418576030882,0.0327868852459016,0.0026525198938991,188.5,0.8481962733356799,201.68914306732825,176.25,150.81085693267175,0.7505980639020612,0.2886711270051432,73.6842105263158,68.4476342371072,186.1,184.8,60838893.0,58007979.85,-22.727272727272727,78.43737250101998,75.54699581745618,171.5,191.5,103210.75799999991,True,0.0307953536199812,9971.0,5.0,0.0,0.0,-1770.0,0.0,0.0019915316259204,0.0,0.0,0.1618,0.1689,0.0,0.0,0.0,0,False,0,False,False,True,True,0.4570522480428802,False,True,True,True,True,True,True,True,False,True,False,False,False,False,False,False,True,True,-10.0,0.0,-0.2645502645502645,25.0,1.1292497787461122,True,False,False,False,False,False,False,-1.0,False,11,False,False,873.1215198253822,14.3,3,False,3,False,False,False,False,"ema60_gt_ema120, rsi_strong, breakout_20d, market_above_ma60, avoid_chase, liquidity_ok, foreign_buy_3d, adx_trending, stronger_than_market, obv_uptrend, mfi_strong",,,,,,,,,,
2026-08-31,41.85,42.0,41.5,41.55,133145,5547217,6763,綠界科技,,-0.401488227614756,-0.4510096161992462,0.0495213885844901,42.17504239513671,43.709957169198894,46.1514560785698,40.97557734161316,19.745557522095,0.7618741826627123,172169.4,7312232.05,43.65,41.7,-0.137082863220507,-0.3014439321931027,-0.0083532219570405,-0.007168458781362,41.85,0.920086422623036,43.47665176512981,42.26500000000014,41.05334823487048,0.2049482282875108,0.0573359406189358,20.83333333333328,47.22222222222263,41.83000000000029,41.88000000000011,16102062.0,16239778.3,-88.63636363636365,-79.90536107974401,41.91461898096647,43.775000000000006,46.225,103210.75799999991,True,0.0307953536199812,-42000.0,0.0,0.0,0.0,-125.0,0.0,-0.0391485755770217,0.0,0.0,0.1267,-0.0468,0.0,0.0,0.0,0,False,0,False,False,False,False,0.7733371900000814,False,False,False,False,True,False,False,False,False,False,False,False,False,False,False,False,False,False,10.0,0.0,5.05415162454874,0.0,-0.0491145783727566,False,False,False,False,False,False,False,-1.0,False,2,False,False,147.14399695952773,4.4,3,False,3,False,True,True,True,"market_above_ma60, avoid_chase",,"close_below_ema20, close_below_swing_low",,,,,,,,
2026-08-31,364.5,364.5,353.0,361.0,302062,108328446,6788,華景電,,-0.9750288074343416,-4.059347101669944,3.0843182942356027,357.62010570193684,372.8514125525409,373.2630036915308,50.802917744997295,21.003855815385155,14.90893865678342,241651.1,86284617.25,368.5,348.5,0.1306976088933715,-0.502070124284899,0.0226628895184135,-0.0203527815468114,368.5,1.1443548398494814,371.1803924169853,356.4,341.6196075830146,0.6556115653165536,0.0829427183893679,62.121212121212125,81.1111111111107,361.7,356.3,54101797.0,53711164.15,-37.87878787878788,33.04178814382875,55.27142464266646,380.5,403.75,103210.75799999991,True,0.0307953536199812,-57950.0,0.0,0.0,0.0,-3453.0,0.0,-0.0081324641015676,0.0,0.0,0.6153,0.0659,0.0,0.0,0.0,0,False,0,False,False,False,False,1.249992240879516,False,False,True,False,True,True,False,False,False,True,False,False,False,False,False,False,True,True,0.0,0.0,2.0775623268698062,8.0,0.1666308087233438,False,False,False,False,False,False,False,-1.0,False,6,False,False,457.4994921134753,17.5,3,False,3,False,False,False,False,"market_above_ma60, avoid_chase, liquidity_ok, adx_trending, obv_uptrend, mfi_strong",,,,,,,,,,
2026-08-31,269.0,271.0,269.0,270.5,42808,11571875,6803,崑鼎,,-0.9005131711143122,-1.4343160744392998,0.5338029033249876,270.249236932623,275.173786953933,280.74857100753115,48.49326364844215,21.59725775238026,2.2947866671088555,50350.25,13575224.95,271.5,268.0,-0.0018059419287459,-0.1445621589404303,0.0018518518518517,-0.0018450184501844,271.0,0.9709698374763842,271.8492814905111,269.675,267.50071850948893,0.6897178455504552,0.0161251987800951,66.66666666666667,70.37037037036983,269.9,269.65,-895354.0,-871810.5,-33.333333333333336,41.07424960505664,38.9131510682358,274.5,278.75,103210.75799999991,True,0.0307953536199812,-842.0,0.0,0.0,0.0,-206.0,0.0,-0.0289435017681294,0.0,0.0,0.0228,-0.0121,0.0,0.0,0.0,0,False,0,False,False,False,False,0.8502043187471761,False,False,True,False,True,False,False,False,False,False,False,False,False,False,False,False,False,True,0.0,0.0,0.3696857670979667,25.0,-0.0640967127757599,False,False,False,False,False,False,False,-1.0,False,3,False,False,242.73288263416265,4.4,5,False,3,False,False,False,False,"market_above_ma60, avoid_chase, adx_trending",,,,,,,,,,
2026-08-31,42.0,42.85,41.3,41.55,70997,2972803,6821,聯寶,,-1.1993988322616005,-1.7272738972660746,0.5278750650044741,42.42415254746205,47.23680174117338,48.63123639798277,43.12066714815872,17.34396538932455,1.9099656496952853,119341.25,5046115.85,43.3,40.95,-0.0158461422335703,-1.0357714423062272,-0.0047904191616766,-0.0095351609058403,41.95,1.581618562645051,43.26055648690968,41.93500000000013,40.60944351309058,0.3547779729486532,0.0632195772938854,40.0,59.11111111111071,41.98999999999978,41.78500000000004,43120775.0,43124093.45,-68.42105263157895,-18.65150608418041,64.56972993063452,51.5,58.825,103210.75799999991,True,0.0307953536199812,-19000.0,0.0,0.0,0.0,138.0,2.0,-0.0355857727816578,0.0,0.0,-0.073,-0.0085,0.0,0.0,0.0,0,False,0,False,False,False,False,0.5949074607480649,False,False,False,False,True,False,False,False,False,False,False,False,False,False,False,False,True,True,0.0,0.0,4.21179302045728,0.0,-0.0012622961165653,False,False,False,False,False,False,False,-1.0,False,3,False,False,180.93392705408183,9.1,3,False,3,False,True,False,True,"market_above_ma60, avoid_chase, mfi_strong",,close_below_ema20,,,,,,,,
2026-08-31,61.0,63.1,60.0,62.2,160184,9790920,6823,濾能,,-0.870611839505095,-0.9352643998273832,0.0646525603222882,62.99804303223183,65.95445743331692,67.87025049355788,44.4431185610208,17.818012734497174,2.6475482919999247,109823.8,6849891.15,67.2,61.6,-0.3563245784160354,-0.2006381222225162,-0.0095541401273884,0.0097402597402598,61.6,3.203028548743016,66.70000000002264,63.37999999999992,60.059999999977215,0.322289156627733,0.1047649100669838,53.658536585366,52.845528455285,62.179999999999566,62.29999999999964,10755305.0,10993699.8,-46.341463414634,-69.01782328403431,51.42658579144934,65.825,75.4,103210.75799999991,True,0.0307953536199812,36000.0,1.0,0.0,0.0,816.0,1.0,-0.0403494937473696,0.0,0.0,-0.3369,-0.2309,0.0,0.0,0.0,0,False,0,False,False,False,False,1.4585545209690431,False,False,False,False,True,False,False,False,True,False,False,False,False,False,False,False,True,False,0.0,0.0,8.038585209003216,0.0,-0.6569685780285881,False,False,False,False,False,False,False,-1.0,False,4,False,False,216.70192227334732,17.0,3,False,3,False,True,False,True,"market_above_ma60, avoid_chase, kd_golden_cross, mfi_strong",,close_below_ema20,,,,,,,,
2026-08-31,235.5,256.5,234.5,245.0,1401871,346525176,6829,千附精密,,9.145548712359414,5.734325550902657,3.411223161456757,220.5770750532508,209.81815020490183,193.79417297053712,63.35733626918467,18.36492779380383,14.689005361747128,1104892.5,248577551.15,244.0,210.0,1.2233405257881844,0.0709555618615099,0.1395348837209302,0.0294117647058822,238.0,1.1298078323068868,254.52005896688016,216.575,178.6299410331198,0.8745546953136951,0.3504103332968274,77.45098039215686,71.2715389185978,236.0,225.3,47573294.0,42967142.25,-21.904761904761905,125.17730496453903,80.44233875139133,229.5,222.5,103210.75799999991,True,0.0307953536199812,89068.0,1.0,0.0,0.0,42759.0,1.0,0.108739530100949,0.0,0.0,0.2298,-0.0718,0.0,0.0,0.0,0,False,0,False,False,True,True,1.2687849722936846,False,True,False,True,False,True,False,True,True,True,False,False,False,False,False,False,True,True,-10.0,-12.0,-0.4081632653061224,25.0,0.7218063781364613,False,False,True,False,False,False,False,-1.0,False,10,False,False,854.3495262605743,38.2,5,False,3,False,False,False,False,"ema60_gt_ema120, rsi_strong, breakout_20d, market_above_ma60, liquidity_ok, stronger_than_market, kd_golden_cross, obv_uptrend, mfi_strong, above_ichimoku_cloud",,,,,,,,,,
2026-08-31,35.8,35.95,35.6,35.9,20220,723849,6614,資拓宏宇,,-0.4880452096844863,-0.6220965251717236,0.1340513154872373,36.27128289999002,37.86558954440152,40.45226285592221,39.0407997480021,8.854529032145393,0.5529654532180353,33384.15,1197540.85,36.25,35.6,0.0037792884000887,-0.2613660135931774,0.0,0.0,35.9,1.4479679480465069,36.33111226251602,35.962499999999906,35.59388773748379,0.415222570766789,0.0204998130005487,50.0,56.060606060606005,35.98999999999978,35.925,-5158288.0,-5126059.2,-63.63636363636381,-60.27944111776431,42.553468594715234,39.55,39.95,103210.75799999991,True,0.0307953536199812,-10000.0,0.0,0.0,0.0,0.0,0.0,-0.0307953536199812,0.0,0.0,0.0445,0.1158,0.0,0.86,-0.02,0,False,0,False,False,False,False,0.6056766459532442,False,False,False,False,True,False,False,False,False,False,False,False,False,False,False,False,False,True,0.0,0.0,0.9749303621169956,25.0,-0.1206674107233922,False,False,False,False,False,False,False,-1.0,False,2,False,False,154.60875753085173,5.2,3,False,3,False,True,False,True,"market_above_ma60, avoid_chase",,close_below_ema20,,,,,,,,
2026-08-31,164.5,165.0,164.0,164.5,16985,2795341,6690,安碁資訊,,0.0656861225163822,-0.1631948258026151,0.2288809483189974,164.090366628186,165.52180375484969,167.05225787402563,50.99745937068887,10.461488089185588,2.424650370655532,33037.15,5435211.05,168.0,162.5,0.0174343635730644,-0.1297402094177103,0.0,-0.003030303030303,165.0,1.265684622681145,166.8634010117501,164.175,161.4865989882499,0.5604448515268969,0.0327504310857329,50.0,61.11111111111071,164.6,163.9,-1038850.0,-1032698.4,-58.333333333333336,14.57919151756154,58.65010637097716,165.875,175.5,103210.75799999991,True,0.0307953536199812,-4000.0,0.0,0.0,0.0,0.0,0.0,-0.0307953536199812,0.0,0.0,0.0889,-0.1193,0.0,0.0,0.0,0,False,0,False,False,False,False,0.5141181972415901,False,False,False,False,True,False,False,False,False,False,False,False,False,False,False,False,True,True,0.0,0.0,2.127659574468085,8.0,-0.0318483572701671,False,False,False,False,False,False,False,-1.0,False,3,False,False,207.7590016851739,5.1,3,False,3,False,False,False,False,"market_above_ma60, avoid_chase, mfi_strong",,,,,,,,,,
2026-08-31,224.0,226.0,222.5,223.5,73633,16448694,6811,宏碁資訊,,-0.762514438226134,-0.079132605895358,-0.6833818323307759,227.14855597357163,224.58722183722088,220.21869259457097,46.18949136319359,9.868217339758251,6.562800835812375,143055.65,33225350.3,246.0,222.5,-0.3114787768389028,0.0325944242521026,-0.0066666666666667,-0.0088691796008869,225.5,0.3019415358134989,241.0560853464584,229.55,218.0439146535416,0.2370956403577254,0.1002490555125977,50.0,50.14492753623199,225.7,225.35,265284.0,430985.6,-78.26086956521739,-81.56687740176044,45.739877907611245,230.25,229.25,103210.75799999991,True,0.0307953536199812,-41072.0,0.0,0.0,0.0,-289.0,0.0,-0.0374620202866479,0.0,0.0,0.4679,-0.2556,0.0,0.0,0.0,0,False,0,False,False,False,True,0.5147157766924969,False,False,False,False,True,False,False,False,False,False,False,False,False,False,False,False,False,True,0.0,0.0,10.06711409395973,0.0,-0.181071351268872,False,False,False,True,False,False,False,-1.0,False,3,True,False,207.9743015516985,6.3,3,False,3,False,True,False,True,"ema60_gt_ema120, market_above_ma60, avoid_chase",long_upper_shadow,close_below_ema20,,,,,,,,
2026-08-31,375.5,399.5,374.5,399.5,1320586,517036002,6491,晶碩,,8.670559814029446,7.563197514468209,1.1073622995612364,370.90869341861327,350.9419174945247,332.9357531326332,68.99494411376031,25.39314607920112,12.920532560055808,499634.1,187792526.45,379.0,361.5,0.086943207096854,0.285100086392926,0.0915300546448087,0.0596816976127321,377.0,0.5776127103074311,390.0714932710848,374.3,358.5285067289152,1.2989097660841429,0.0842719383974609,100.0,71.30681818181802,380.6,375.2,12259055.0,11726675.25,-0.0,237.6957494407164,67.03059526294737,349.375,336.75,103210.75799999991,True,0.0307953536199812,423341.0,5.0,0.0,0.0,16602.0,1.0,0.0607347010248275,0.0,0.0,0.1742,0.0299,0.0,23.01,0.78,0,False,0,True,True,True,True,2.643106225135554,True,True,True,True,False,True,True,True,False,True,False,False,True,True,False,True,True,True,-20.0,-25.0,-5.131414267834793,25.0,0.159223736948122,True,False,True,False,False,False,False,-1.0,False,17,False,False,1398.3417470947331,54.3,8,False,3,False,False,False,False,"macd_golden_cross, ema60_gt_ema120, volume_break, rsi_strong, breakout_20d, market_above_ma60, liquidity_ok, hist_turn_positive, foreign_buy_3d, adx_trending, stronger_than_market, obv_uptrend, bb_squeeze_breakout, breakout_volume_confirm, cci_momentum, mfi_strong, above_ichimoku_cloud",,,,,,,,,,
2026-08-31,37.1,37.6,37.1,37.4,10527,393015,6504,南六,,-0.0635784668065611,0.0377211071809234,-0.1012995739874845,37.96424072644415,37.93664114023805,38.896245892447546,44.56675098611564,15.843012557354951,0.8608932628615645,30231.25,1156335.1,39.65,36.7,-0.1738368801756757,0.1444528269036683,-0.0131926121372031,-0.011889035667107,37.85,0.062031496763574,39.28803179455252,38.11250000000009,36.936968205447656,0.1969456703332449,0.0616874670804817,59.25925925925925,72.22222222222202,37.84000000000015,37.69500000000007,-3924174.0,-3906343.75,-54.92957746478875,-100.59841500889594,45.8657585305326,37.525,37.85,103210.75799999991,True,0.0307953536199812,-2000.0,0.0,0.0,0.0,0.0,0.0,-0.0439879657571843,0.0,0.0,0.0067,-0.0564,0.0,0.98,0.0,0,False,0,False,False,False,False,0.348215836262146,False,False,False,False,True,False,False,False,False,False,False,False,False,False,False,False,False,True,0.0,12.0,6.016042780748664,0.0,-0.0604763063506,False,False,False,False,False,False,False,-1.0,False,2,False,False,139.7564426864143,4.4,3,False,3,False,True,False,True,"market_above_ma60, avoid_chase",,close_below_ema20,,,,,,,,
2026-08-31,71.9,73.9,71.1,73.5,17193364,1257423506,6505,台塑化,,0.7221803470589094,0.8189155549143134,-0.096735207855404,71.548161988807,67.19644621631984,61.973564802314286,54.49542812435823,26.69075117360734,3.893373909324009,20930384.9,1484575476.15,75.8,69.9,0.326995453580698,0.6803699407203676,0.0515021459227467,0.0294117647058822,71.4,0.4667233320255103,74.78071198156591,70.79500000000007,66.80928801843423,0.8393371137340976,0.1125986858271301,62.02531645569623,49.78902953586536,71.8,71.98999999999997,554375018.0,518230325.4,-37.97468354430377,85.91102852770754,60.98315126879194,77.525,73.5,103210.75799999991,True,0.0307953536199812,2615029.0,1.0,1000.0,1.0,256907.0,1.0,0.0207067923027655,0.0,0.0,0.3235,0.1749,0.0,7.03,0.09,0,False,0,False,False,True,True,0.8214547454404434,False,False,True,False,False,True,False,True,True,True,False,False,False,False,False,False,True,False,0.0,-12.0,3.129251700680268,8.0,0.2823242529188735,False,False,False,False,False,False,False,-1.0,False,8,False,False,662.6024384894308,18.6,3,False,3,False,False,False,False,"ema60_gt_ema120, market_above_ma60, liquidity_ok, adx_trending, stronger_than_market, kd_golden_cross, obv_uptrend, mfi_strong",,,,,,,,,,
2026-08-31,91.7,92.0,91.1,92.0,41406,3782709,6534,正瀚-創,,-0.3571463951072502,-0.1743338030772292,-0.1828125920300209,92.54619840650652,92.6747411546103,92.49046652988638,46.18384622326293,14.461350732482694,1.486922649788242,95922.5,8972368.85,95.3,91.1,-0.2130789989386173,0.0571294602019526,-0.0054054054054053,0.0087719298245614,91.2,0.5106125488735803,95.99136645892884,93.1,90.20863354107117,0.309778522434768,0.0621131355301577,33.333333333333506,31.638970348648098,91.9,91.90999999999984,4969193.0,5001688.1,-69.04761904761914,-78.606078606079,45.88944046048566,92.625,93.1,103210.75799999991,True,0.0307953536199812,-30000.0,0.0,0.0,0.0,-139.0,0.0,-0.0362007590253865,0.0,0.0,0.227,-0.2999,0.0,40.4,-0.06,0,False,0,False,False,False,True,0.4316609763089994,False,False,False,False,True,False,False,False,True,False,False,False,False,False,False,False,False,False,0.0,0.0,3.586956521739128,0.0,-0.0595581852716364,False,False,False,False,False,False,False,-1.0,False,4,False,False,273.6019115398304,4.5,3,False,3,False,True,False,True,"ema60_gt_ema120, market_above_ma60, avoid_chase, kd_golden_cross",,close_below_ema20,,,,,,,,
2026-08-31,35.85,36.05,33.6,34.0,1179836,40507178,6541,泰福-KY,,-0.8792226031497634,-0.7304220450211121,-0.1488005581286513,36.959830301564175,38.64797378688928,40.93441888794628,32.18957200165168,13.73964735969538,1.2391438952218874,326196.5,11952162.85,39.2,35.5,-0.4102849255539736,-0.2433048151481987,-0.0646492434662998,-0.0581717451523545,36.1,1.4232186354193743,39.5906166230364,37.14250000000002,34.69438337696364,-0.1418199138124384,0.1318229318455345,10.389610389610349,41.893216073543954,36.009999999999856,36.19000000000015,-10685234.0,-8867264.2,-93.75,-201.5503875968992,18.17080137730595,40.6375,41.45,103210.75799999991,True,0.0307953536199812,-295000.0,0.0,0.0,0.0,2169.0,1.0,-0.095444597086281,0.0,0.0,2.1862,-0.4487,0.0,13.8,-0.16,0,False,0,False,False,False,False,3.616948679706864,True,False,False,False,True,False,False,False,False,False,False,False,False,False,False,False,False,False,20.0,25.0,15.294117647058831,0.0,-1.5469975778861098,False,False,False,False,False,False,False,-1.0,False,3,False,False,252.6055158624353,45.5,3,False,3,False,True,True,True,"volume_break, market_above_ma60, avoid_chase",,"close_below_ema20, close_below_swing_low",,,,,,,,
2026-08-31,11.2,11.25,10.5,10.7,2173580,23454374,6550,北極星藥業-KY,,-0.2219055969769972,-0.2969783078193257,0.0750727108423285,11.252147962220812,12.686862587601665,16.068897035448956,42.699599115383535,26.888175689853977,0.6246727450480727,1476725.15,16699094.35,12.25,10.15,0.0595847813993693,-0.4314382491979447,-0.0775862068965517,-0.044642857142857,11.2,0.8042719887368431,11.962698104179504,11.095000000000027,10.22730189582055,0.2723862723121005,0.1564124568146866,20.68965517241378,33.90804597701148,11.160000000000036,11.125,-76028618.0,-66948918.4,-79.31034482758622,-68.71932173136946,34.84278653850197,12.7625,15.025,103210.75799999991,True,0.0307953536199812,-138708.0,0.0,0.0,0.0,3000.0,2.0,-0.1083815605165329,0.0,0.0,0.0,0.0,0.0,68.22,-0.11,0,False,0,False,False,False,False,1.4718920443658727,False,False,True,False,True,False,False,False,False,False,False,False,False,False,False,False,False,True,10.0,0.0,14.485981308411224,0.0,-1.5382976565521675,False,False,False,False,False,False,False,-1.0,False,3,False,False,211.25934856503272,18.2,3,False,3,False,True,False,True,"market_above_ma60, avoid_chase, adx_trending",,close_below_ema20,,,,,,,,
2026-08-31,33.1,33.1,32.3,32.5,48224,1570997,6582,申豐,,0.1534537125553967,0.0439948752910636,0.1094588372643331,32.19900823681991,32.08066031021677,32.10042884715867,55.18023072413567,23.74297926603447,0.6248118938608608,47056.5,1504703.35,32.7,31.1,0.2141093753166764,0.0021630576771944,-0.0061162079510703,-0.0030674846625767,32.6,1.205344392580274,33.02024640818303,31.9675000000002,30.914753591817373,0.7529099106208123,0.0658635431724608,58.49056603773583,62.26415094339609,32.58000000000029,32.27500000000036,1392135.0,1353807.3,-41.50943396226417,94.724220623501,64.27559868323488,32.6625,32.7,103210.75799999991,True,0.0307953536199812,-15000.0,0.0,0.0,0.0,-1000.0,0.0,-0.0369115615710515,0.0,0.0,-0.3181,-0.0465,0.0,13.21,-0.02,0,False,0,False,False,True,False,1.024810600023376,False,True,True,False,True,False,False,False,False,True,False,False,False,False,False,False,True,True,0.0,0.0,0.6153846153846242,25.0,0.123969161438281,False,False,False,False,False,False,False,-1.0,False,6,False,False,401.73573593749313,5.3,5,False,3,False,False,False,False,"rsi_strong, market_above_ma60, avoid_chase, adx_trending, obv_uptrend, mfi_strong",,,,,,,,,,
2026-08-31,113.5,114.5,112.5,112.5,84410,9550361,6585,鼎基,,-1.6417141334122078,-1.5485052609223406,-0.0932088724898672,116.16168228510166,116.23540652364233,110.8450197088498,42.61627955019031,17.26880693817411,3.775795705066683,332367.85,39024913.85,121.5,113.0,-0.2476319740343385,-0.3001204655768198,-0.0088105726872246,-0.0174672489082969,114.5,0.335870481677022,121.22047654663436,116.525,111.82952345336564,0.071396006345185,0.0805917450613062,27.27272727272728,40.57239057239045,114.2,114.75,-1929355.0,-1803368.5,-84.21052631578948,-114.78260869565156,49.69485862015236,129.375,120.55,103210.75799999991,True,0.0307953536199812,-25000.0,0.0,0.0,0.0,-1483.0,0.0,-0.0396059263072058,0.0,0.0,0.5026,-0.0931,0.0,3.5,-0.11,0,False,0,False,False,False,True,0.2539655986582336,False,False,False,False,True,False,False,False,False,False,False,False,False,False,False,False,False,False,10.0,25.0,8.0,0.0,-0.0748924329924312,False,False,False,False,False,False,False,-1.0,False,3,False,False,226.6409467906732,6.6,3,False,3,True,True,True,True,"ema60_gt_ema120, market_above_ma60, avoid_chase",,"macd_death_cross, close_below_ema20, close_below_swing_low",,,,,,,,
2026-08-31,49.35,49.85,48.0,48.15,813553,39502642,6589,台康生技,,0.5572572759536598,0.8055798906801512,-0.2483226147264914,49.43978766931214,48.54083558186316,50.31275526098105,46.16856561329091,25.58134671533834,1.7116716107107792,732797.35,36754854.4,52.6,48.7,0.10250383995534,0.1734323692311428,-0.0427435387673955,-0.0341023069207623,49.85,0.5757158935641449,52.649977395904806,49.88500000000022,47.12002260409563,0.1862542162966582,0.1108540601745845,2.999999999999972,26.77319587628881,49.68000000000029,50.00500000000029,-10610574.0,-9519749.8,-97.00000000000004,-69.4591728525982,37.25418962790701,47.95,46.875,103210.75799999991,True,0.0307953536199812,-310000.0,0.0,0.0,0.0,-1558.0,0.0,-0.0735388923873767,0.0,0.0,1.8397,0.8693,0.0,5.06,-0.11,0,False,0,False,False,False,False,1.1102018859647895,False,False,True,False,True,False,False,False,False,False,False,False,False,False,False,False,False,False,20.0,12.0,9.241952232606444,0.0,-0.7002040197230748,False,False,True,False,False,False,False,-1.0,False,4,False,False,344.699570622971,7.5,3,False,3,False,True,True,True,"market_above_ma60, avoid_chase, adx_trending, above_ichimoku_cloud",,"close_below_ema20, close_below_swing_low",,,,,,,,
2026-08-31,28.35,28.75,28.0,28.55,167795,4759092,6598,ABC-KY,,0.2561681849016537,0.3510873360974266,-0.0949191511957729,28.28063923571312,26.93105132404792,25.595509370513,52.85547390827301,22.70553561996788,1.1015680975858335,307828.4,8910812.35,31.5,27.5,-0.3437159582773532,0.4373056577097797,0.019642857142857,-0.0069565217391304,28.75,0.5306839305471628,30.84974942922466,28.60499999999997,26.360250570775285,0.4877491894453966,0.1569480460915706,57.89473684210528,69.298245614035,28.370000000000072,28.16000000000004,9407974.0,9545640.6,-42.105263157894726,-17.18245983839538,68.90159600056042,26.3,26.0,103210.75799999991,True,0.0307953536199812,-57000.0,0.0,0.0,0.0,-2000.0,0.0,-0.0111524964771241,0.0,0.0,0.1068,-0.483,0.0,23.84,0.04,0,False,0,False,False,True,True,0.5450926555184642,False,False,True,False,True,False,False,False,False,False,False,False,False,False,False,False,True,True,0.0,0.0,10.332749562171625,0.0,-0.0854134095301985,False,False,True,False,False,False,False,-1.0,False,6,False,False,444.4259656408223,11.6,3,False,3,False,False,False,False,"ema60_gt_ema120, market_above_ma60, avoid_chase, adx_trending, mfi_strong, above_ichimoku_cloud",,,,,,,,,,
2026-08-31,60.8,60.8,59.8,60.2,727784,43712541,6592,和潤企業,,-0.0143459538375552,-0.0025894822083519,-0.0117564716292032,60.978335635117205,61.33025637095132,61.78598017540038,43.99584372149049,10.837240903367704,1.0690508107834469,409442.15,24869352.7,62.1,60.3,0.0788183835042341,-0.1282649702360592,-0.0163398692810458,-0.0049586776859503,60.5,1.4279606559569296,62.22091975985798,60.875,59.52908024014202,0.2492421093248443,0.0442191296873257,13.793103448276032,30.523627075350912,61.19999999999927,60.99999999999964,-37971097.0,-36959995.9,-86.20689655172397,-71.2933753943216,49.05187632684701,61.375,62.900000000000006,103210.75799999991,True,0.0307953536199812,-198200.0,0.0,0.0,0.0,-4855.0,0.0,-0.047135222901027,0.0,0.0,-0.0315,0.0306,0.0,22.96,-0.04,0,False,0,False,False,False,False,1.777501412592719,True,False,False,False,True,False,False,False,False,False,False,False,False,False,False,False,False,True,20.0,0.0,3.156146179401991,8.0,-0.3888129159937192,False,False,False,False,False,False,False,-1.0,False,3,False,False,206.1092591340025,18.6,3,False,3,True,True,True,True,"volume_break, market_above_ma60, avoid_chase",,"macd_death_cross, close_below_ema20, close_below_swing_low",,,,,,,,
2026-08-31,138.5,139.5,137.5,138.5,219462,30400027,6605,帝寶,,1.3490376091415328,1.411811018534476,-0.062773409392943,138.26363717673271,136.57399112242058,137.25762705006056,51.764313943941566,14.607645477586583,3.353598921283974,425452.05,58292470.0,142.0,138.0,0.1645388029071472,-0.0422594333783527,-0.0071684587813619,-0.0035971223021582,139.0,0.7821202818711557,142.98330235429262,138.5,134.01669764570738,0.5,0.064740828220832,22.22222222222222,51.85185185185219,139.5,139.85,-8146742.0,-8507548.75,-46.66666666666666,15.669515669515055,65.34838539556944,132.75,137.75,103210.75799999991,True,0.0307953536199812,39953.0,1.0,0.0,0.0,1000.0,1.0,-0.0379638124013431,0.0,0.0,0.2428,0.0806,0.0,14.53,0.0,0,False,0,False,False,True,False,0.5158325127355715,False,False,False,False,True,True,False,False,False,True,False,False,False,False,False,False,True,False,10.0,0.0,2.527075812274368,8.0,0.2247296009141796,False,False,True,False,False,False,False,-1.0,False,6,False,False,440.8550803383259,5.4,3,False,3,True,False,False,True,"market_above_ma60, avoid_chase, liquidity_ok, obv_uptrend, mfi_strong, above_ichimoku_cloud",,macd_death_cross,,,,,,,,
2026-08-31,26.1,26.1,25.35,25.7,83211,2130212,6606,建德工業,,0.0038317437297727,0.0950664526788767,-0.0912347089491039,26.109273910232645,25.830397421350515,25.5429539026656,43.99433149413183,12.8971483951742,0.6247743346178711,132332.05,3494032.5,27.2,25.5,-0.1076469422047299,0.0686329356005686,0.0078431372549019,-0.0153256704980844,26.1,0.4509898603219103,27.298017109642785,26.28250000000008,25.26698289035736,0.213200302353835,0.0772770558084435,27.99999999999983,38.44343891402726,26.030000000000108,25.98000000000001,1734544.0,2023639.8,-88.7096774193549,-87.7537655533722,54.35171751839222,25.5,25.65,103210.75799999991,True,0.0307953536199812,-25000.0,0.0,0.0,0.0,0.0,0.0,-0.0229522163650792,0.0,0.0,0.3973,-0.0807,0.0,3.74,0.03,0,False,0,False,False,False,True,0.6288045866439763,False,False,False,False,True,False,False,False,False,False,False,False,False,False,False,False,True,True,10.0,0.0,5.836575875486381,0.0,-1.165384058657973,False,False,True,False,False,False,False,-1.0,False,5,False,False,357.30343716254407,7.7,3,False,3,False,True,False,True,"ema60_gt_ema120, market_above_ma60, avoid_chase, mfi_strong, above_ichimoku_cloud",,close_below_ema20,,,,,,,,
2026-08-31,76.5,76.9,76.3,76.6,63052,4823946,6625,必應,,0.1484054923435991,0.1444741481444544,0.0039313441991447,77.00622369149656,76.82973187776982,77.66619465375977,47.79173367535289,9.341071871380208,1.2391302585107071,90902.25,7016066.85,78.3,76.3,0.0054315453241741,-0.0177934602997796,-0.0064850843060959,-0.0051948051948053,77.0,0.8474926211414581,78.26624370111463,77.14999999999945,76.03375629888427,0.2536380274979465,0.0289369721611196,18.18181818181777,42.42424242424204,77.39999999999927,77.0799999999992,-20836004.0,-20759772.6,-82.60869565217426,-82.46913580246743,61.0594496215295,77.4,76.3,103210.75799999991,True,0.0307953536199812,-30000.0,0.0,0.0,0.0,962.0,1.0,-0.0372804379260771,0.0,0.0,0.2653,0.4426,0.0,1.93,0.11,0,False,0,False,False,False,False,0.6936241952206904,False,False,False,False,True,False,False,False,False,False,False,False,False,False,False,False,True,True,20.0,0.0,2.219321148825069,8.0,-0.131089799867669,False,False,False,True,False,False,False,-1.0,False,3,True,False,248.36316435379487,4.3,3,False,3,False,True,False,True,"market_above_ma60, avoid_chase, mfi_strong",long_upper_shadow,close_below_ema20,,,,,,,,
2026-08-31,12.45,12.6,12.25,12.3,47764,589742,6645,金萬林-創,,-0.3293875772669477,-0.2974018990813735,-0.0319856781855741,13.062286750416307,13.603215234971367,14.282845783539631,32.91086657371174,27.934416795338528,0.3972595819178415,18897.95,243920.5,13.6,12.4,-0.322765749733758,-0.3143316828718815,-0.0538461538461537,-0.0080645161290322,12.4,3.026577576391844,13.74960782006774,13.072500000000035,12.395392179932331,-0.0704409084529508,0.1035927053077379,5.000000000000071,12.77777777777798,12.729999999999928,12.814999999999964,-1356359.0,-1265928.8,-96.29629629629623,-187.39352640545044,25.99989405678309,14.8625,14.4,103210.75799999991,True,0.0307953536199812,0.0,0.0,0.0,0.0,902.0,2.0,-0.0846415074661349,0.0,0.0,0.3045,-0.044,0.0,0.71,0.01,0,False,0,False,False,False,False,2.527469910757516,True,False,True,False,True,False,False,False,False,False,False,False,False,False,False,False,False,False,20.0,25.0,10.5691056910569,0.0,-0.3801761043523904,False,False,False,False,False,False,False,-1.0,False,4,False,False,355.71258585534645,35.4,6,False,3,False,True,True,True,"volume_break, market_above_ma60, avoid_chase, adx_trending",,"close_below_ema20, close_below_swing_low",,,,,,,,
2026-08-31,114.5,117.0,114.5,116.0,3128,361644,6655,科定,,-0.6694853290784408,-0.7317194611891419,0.062234132110701,116.65013178081573,118.8441870014431,120.3136535162432,47.301841873421424,11.11473951668161,2.2786501598797977,4458.75,519166.6,120.0,114.5,-0.1394636255282879,,0.0131004366812226,0.0,116.0,0.2171599817585615,119.54041136180348,116.775,114.00958863819652,0.3598761814056874,0.0473630719212757,71.42857142857143,80.95238095238044,116.2,115.8,283993.0,277966.35,-44.44444444444444,-48.67377631938792,31.498837029655576,90.375,69.75,103210.75799999991,True,0.0307953536199812,0.0,0.0,0.0,0.0,0.0,0.0,-0.0176949169387585,0.0,0.0,0.3273,0.1363,0.0,0.61,0.01,0,False,0,False,False,False,False,0.7015419119708438,False,False,False,False,True,False,False,False,False,True,False,False,False,False,False,False,False,True,-10.0,0.0,3.4482758620689653,8.0,0.5269614601525137,False,False,True,False,False,False,False,-1.0,False,4,False,False,311.33895664153863,7.8,3,False,3,False,True,False,True,"market_above_ma60, avoid_chase, obv_uptrend, above_ichimoku_cloud",,close_below_ema20,,,,,,,,
2026-08-31,30.3,30.45,29.9,29.9,81610,2465986,6657,華安,,-0.7932747593365193,-0.9647427564865596,0.1714679971500402,30.705672008122463,33.44546774545882,36.90678819695117,40.92775226314931,25.50521455205939,1.0723993779436514,80377.7,2443473.3,31.55,29.6,-0.1649959194616432,-0.408044189556545,0.0033557046979864,-0.0132013201320132,30.3,0.4975177838430294,31.46927894408538,30.442499999999928,29.415721055914474,0.2358243450915663,0.0674569397444661,38.88888888888884,55.55555555555535,30.14999999999964,30.079999999999927,-8137165.0,-7907092.25,-72.00000000000003,-61.56156156156183,44.49632286107352,35.1125,36.35,103210.75799999991,True,0.0307953536199812,-3970.0,0.0,0.0,0.0,0.0,0.0,-0.0274396489219947,0.0,0.0,0.2454,0.2231,0.0,7.42,0.06,0,False,0,False,False,False,False,1.0153313667845685,False,False,True,False,True,False,False,False,False,False,False,False,False,False,False,False,False,True,0.0,0.0,5.518394648829439,0.0,-0.3896576813662857,False,False,False,False,False,False,False,-1.0,False,3,False,False,250.47742149145023,9.1,3,False,3,False,True,False,True,"market_above_ma60, avoid_chase, adx_trending",,close_below_ema20,,,,,,,,
2026-08-31,44.45,44.45,44.0,44.4,17335,768120,6666,羅麗芬-KY,,0.1827040767144794,0.036406711021029,0.1462973656934504,43.762650436986526,43.3605687235583,43.24856830869701,55.65789163825198,18.999483458525297,1.093343319893698,47460.9,2041498.9,44.85,41.75,0.2610608532349737,0.0411064424500322,0.002257336343115,0.0068027210884353,44.1,0.2722520105835063,45.01435118922591,43.3,41.58564881077408,0.8208210799844011,0.0791848124353771,71.42857142857144,69.04761904761897,44.259999999999856,43.884999999999856,919413.0,748166.95,-28.57142857142855,88.96850276160623,61.14297168546579,44.2,42.3,103210.75799999991,True,0.0307953536199812,-3000.0,0.0,0.0,0.0,0.0,0.0,-0.0285380172768661,0.0,0.0,0.125,-0.4358,0.0,75.26,-0.01,0,False,0,False,False,True,True,0.3652480252165466,False,True,False,False,True,False,False,False,True,True,False,False,False,False,False,False,True,True,-10.0,-12.0,1.01351351351352,15.0,1.15392868932993,False,False,True,False,False,False,False,-1.0,False,8,False,False,580.4996245241246,6.9,3,False,3,False,False,False,False,"ema60_gt_ema120, rsi_strong, market_above_ma60, avoid_chase, kd_golden_cross, obv_uptrend, mfi_strong, above_ichimoku_cloud",,,,,,,,,,
2026-08-31,274.5,288.0,272.5,287.5,604567,171580559,6670,復盛應用,,3.2610555783081736,1.309925443164911,1.9511301351432624,268.3038935323238,265.86015699644526,265.28625052522835,67.33811571883378,20.51722147308711,6.8541546039875625,234096.05,62883330.9,277.5,261.5,0.2624279840534121,-0.0482314535883488,0.0828625235404896,0.0550458715596329,272.5,0.9245349659120452,279.6106242658336,266.575,253.5393757341664,1.3026082822456164,0.0978008010191025,98.1132075471698,83.24968463995295,273.2,269.4,7956564.0,6719252.4,-1.818181818181818,288.5964912280708,72.00662547936763,267.25,273.0,103210.75799999991,True,0.0307953536199812,335248.0,3.0,0.0,0.0,1455.0,1.0,0.0520671699205084,0.0,0.0,0.2509,-0.0249,0.0,24.96,0.47,0,False,0,False,False,True,True,2.5825595946621056,True,True,True,True,False,True,True,True,False,True,False,False,True,True,False,False,True,True,-20.0,-25.0,-3.4782608695652173,25.0,0.5481313482771412,True,False,True,False,False,False,False,-1.0,False,14,False,False,1167.4031721259466,50.5,7,False,3,False,False,False,False,"ema60_gt_ema120, volume_break, rsi_strong, breakout_20d, market_above_ma60, liquidity_ok, foreign_buy_3d, adx_trending, stronger_than_market, obv_uptrend, bb_squeeze_breakout, breakout_volume_confirm, mfi_strong, above_ichimoku_cloud",,,,,,,,,,
2026-08-31,23.05,23.05,23.0,23.0,5050,116225,6671,三能-KY,,-0.1409552859899321,-0.2566662358365171,0.115710949846585,23.042350121030715,24.34848071426925,26.737881564562183,47.3220666382579,19.63671142094072,0.4399613980632291,48414.0,1103829.0,23.5,22.25,0.0586247485898228,-0.2697095716745207,-0.0043290043290044,0.0,23.0,1.0881611057564138,23.58911682438754,22.892499999999835,22.19588317561213,0.5771586302804652,0.0608598295850351,57.69230769230766,64.10256410256443,23.129999999999928,22.984999999999854,-4464288.0,-4424374.25,-42.30769230769234,31.3581755243332,67.75767984422481,23.762500000000003,25.95,103210.75799999991,True,0.0307953536199812,-1000.0,0.0,0.0,0.0,1000.0,1.0,-0.0351243579489856,0.0,0.0,0.0092,0.1049,0.0,39.94,-0.01,0,False,0,False,False,False,False,0.1043086710455653,False,False,False,False,True,False,False,False,False,False,False,False,False,False,False,False,True,True,0.0,0.0,2.1739130434782608,8.0,-0.113177440605597,False,False,False,False,False,False,False,-1.0,False,3,False,False,202.68495742318848,5.1,3,False,3,False,True,False,True,"market_above_ma60, avoid_chase, mfi_strong",,close_below_ema20,,,,,,,,
2026-08-31,137.5,142.5,137.5,140.5,941910,132718318,6753,龍德造船,,0.8318181171757999,1.264535605621705,-0.4327174884459051,141.32573102272852,138.51807773844828,136.18324394045226,49.66033786989296,25.69910693437615,8.10742003576919,2346807.35,341288969.05,158.0,138.5,0.2724850957511764,0.2539700381061613,-0.00354609929078,0.0144404332129963,138.5,1.6749820023485056,152.8630890965533,141.325,129.78691090344668,0.4642488460135727,0.1632844733281911,21.875,21.780303030303305,141.4,142.1,11890107.0,9200357.3,-84.0909090909091,-26.078898596769665,55.30801899563809,147.875,141.0,103210.75799999991,True,0.0307953536199812,249225.0,1.0,0.0,0.0,-16023.0,0.0,-0.0343414529107612,0.0,0.0,0.4226,0.0097,0.0,2.2,-1.28,0,False,0,False,False,True,True,0.4013580407441625,False,False,True,False,True,True,False,False,True,True,False,False,False,False,False,False,True,False,10.0,0.0,12.455516014234876,0.0,0.23240469755052,False,False,False,False,False,False,False,-1.0,False,8,False,False,576.8024367780479,11.0,3,False,3,False,True,False,True,"ema60_gt_ema120, market_above_ma60, avoid_chase, liquidity_ok, adx_trending, kd_golden_cross, obv_uptrend, mfi_strong",,close_below_ema20,,,,,,,,
2026-08-31,42.8,42.8,41.65,42.1,9848,412835,6754,匯僑設計,,-0.1672006300304716,-0.235802471471246,0.0686018414407744,42.11347637219204,42.91404106518095,43.98305758566641,48.48603226400002,13.827008074105338,0.7847225585657953,10177.3,428286.45,42.7,41.4,-0.0260230272683417,-0.1539787470158574,-0.0070754716981131,0.0071770334928231,41.8,0.9745354840591548,42.80114878278032,42.05250000000005,41.30385121721978,0.5317238210309699,0.0356054352431018,43.75000000000014,35.416666666666664,42.07000000000007,41.979999999999926,-457636.0,-435586.65,-56.24999999999986,20.965692503175653,38.548285204064825,43.5125,44.6,103210.75799999991,True,0.0307953536199812,-2000.0,0.0,0.0,0.0,-1000.0,0.0,-0.0378708253180943,0.0,0.0,-0.1313,0.1569,0.0,15.46,0.0,0,False,0,False,False,False,False,0.967643677596219,False,False,False,False,True,False,False,False,True,False,False,False,False,False,False,False,False,True,0.0,0.0,1.425178147268412,15.0,-0.5815255062255476,False,False,False,False,True,False,False,-1.0,False,3,True,False,172.69813070125562,4.6,3,False,3,False,True,False,True,"market_above_ma60, avoid_chase, kd_golden_cross",open_high_close_low,close_below_ema20,,,,,,,,
2026-08-31,55.1,56.1,54.7,56.1,1438900,80028200,6757,台灣虎航-創,,-0.2492357868182608,-0.3033627396501754,0.0541269528319145,56.094837656850125,56.457799545321336,57.67166639600813,49.33570265994188,8.234970891945892,1.364277949846724,1156432.15,64602865.5,57.4,55.1,-0.0311109522452553,-0.0845600912183589,0.0017857142857142,0.0181488203266788,55.1,1.2477994849210838,57.38944534269637,56.01499999999978,54.64055465730319,0.5309215642702297,0.0490741887957366,51.85185185185188,39.10294703305468,55.89999999999928,56.119999999999344,2689536.0,2061590.55,-31.70731707317065,-44.59459459459638,49.3431653588224,58.575,59.1,103210.75799999991,True,0.0307953536199812,250050.0,1.0,0.0,0.0,-26000.0,0.0,-0.0290096393342669,0.0,0.0,0.2723,0.0954,0.0,4.9,-0.02,0,False,0,False,False,False,False,1.2442580396956278,False,False,False,False,True,True,False,False,True,True,False,False,False,False,False,False,False,False,0.0,0.0,2.317290552584665,8.0,0.0528083652682024,False,False,False,False,False,False,False,-1.0,False,5,False,False,366.0762807801746,11.7,3,False,3,False,False,False,False,"market_above_ma60, avoid_chase, liquidity_ok, kd_golden_cross, obv_uptrend",,,,,,,,,,
2026-08-31,63.9,65.0,63.5,65.0,1475852,95594273,6768,志強-KY,,-1.638331673124938,-1.9533017582575667,0.3149700851326287,66.17806232523387,72.1755932895449,79.69056092507098,39.74311362815234,30.805254337482843,1.6704988585054308,674286.7,44127278.2,69.0,63.7,-0.1359958654551095,-0.6491060346654413,-0.0136570561456753,0.0124610591900311,64.2,0.6325782485463421,67.59886902537951,65.61000000000004,63.62113097462056,0.346646513114746,0.0606270088516834,54.05405405405401,43.828828828828286,65.05999999999986,64.94000000000014,-5715046.0,-6800191.5,-61.53846153846156,-98.52430555555426,46.99697719758734,74.475,83.3,103210.75799999991,True,0.0307953536199812,26000.0,1.0,-22000.0,0.0,-6000.0,0.0,-0.0444524097656565,0.0,0.0,0.0664,-0.0216,0.0,58.2,0.0,0,False,0,False,False,False,False,2.188760359651169,True,False,True,False,True,False,False,False,True,True,False,False,False,False,False,False,False,True,0.0,0.0,6.153846153846154,0.0,0.428452550337706,False,False,False,False,False,False,False,-1.0,False,6,False,False,467.0290342005641,28.5,10,False,3,False,True,False,True,"volume_break, market_above_ma60, avoid_chase, adx_trending, kd_golden_cross, obv_uptrend",,close_below_ema20,,,,,,,,
2026-08-31,241.5,254.5,239.0,254.5,1617035,404624430,6782,視陽,,12.361088544497278,7.310906138797335,5.050182405699943,218.1968775982694,205.4258277276882,200.2276935693929,76.95563001077498,29.7361756988048,9.411675371775576,670934.95,150895200.05,246.0,198.5,1.0050755238329916,0.2075967097170839,0.2119047619047618,0.0538302277432711,241.5,1.8951534968934405,250.4033662305988,214.475,178.54663376940118,1.057011133530367,0.3350354701536199,100.0,92.30769230769208,243.1,223.3,12503357.0,9690391.85,-0.0,181.054400336064,74.24558198837963,196.0,199.5,103210.75799999991,True,0.0307953536199812,-282928.0,0.0,0.0,0.0,26067.0,2.0,0.1811094082847806,0.0,0.0,0.172,0.0328,0.0,10.84,0.29,0,False,0,False,False,True,True,2.410121875451562,True,True,True,True,False,True,False,True,False,True,False,False,False,True,False,False,True,True,-20.0,-25.0,-3.3398821218074657,25.0,2.0,False,False,True,False,False,False,False,-1.0,False,12,False,False,978.1012187545156,63.7,8,False,3,False,False,False,False,"ema60_gt_ema120, volume_break, rsi_strong, breakout_20d, market_above_ma60, liquidity_ok, adx_trending, stronger_than_market, obv_uptrend, breakout_volume_confirm, mfi_strong, above_ichimoku_cloud",,,,,,,,,,
2026-08-31,38.05,38.05,37.85,37.95,151517,5751997,6790,永豐實,,-0.2196696336814838,-0.2649063091443515,0.0452366754628676,38.234746473403575,38.81097152776203,39.114588606277806,41.57206068374449,13.157742384694028,0.3562322795876688,136694.8,5188567.45,38.5,37.8,-0.0294504910683949,-0.1115654485255146,-0.0078431372549019,-0.0026281208935609,38.05,1.0375865722168207,38.540268316570405,38.13249999999998,37.72473168342955,0.2762209659459203,0.0213869175412273,26.666666666667044,42.22222222222263,38.060000000000215,38.11000000000004,-2719195.0,-2184198.6,-73.33333333333296,-84.50704225352528,31.38172809103349,39.125,39.525,103210.75799999991,True,0.0307953536199812,-78000.0,0.0,0.0,0.0,-865.0,0.0,-0.0386384908748831,0.0,0.0,-0.0789,-0.0313,0.0,1.87,-0.03,0,False,0,False,False,False,False,1.108432800662498,False,False,False,False,True,False,False,False,False,False,False,False,False,False,False,False,False,False,10.0,0.0,1.449275362318833,15.0,-0.8190820865256622,False,False,False,False,False,False,False,-1.0,False,2,False,False,116.25534296831704,5.3,3,False,3,False,True,False,True,"market_above_ma60, avoid_chase",,close_below_ema20,,,,,,,,
2026-08-31,78.2,78.2,76.0,77.9,33019,2545782,6794,向榮生技-創,,0.2075279115844495,-0.8200695510708016,1.027597462655251,75.14496726978307,76.85782681059848,78.32320602520095,58.24858527757267,23.79084642885435,2.811445483385988,48806.25,3574058.6,79.5,68.1,0.1996273549078417,-0.1864046597790938,0.0386666666666668,-0.0038363171355498,78.2,0.6859947272192183,80.39606308704681,73.90499999999993,67.41393691295305,0.8077307943572619,0.1756596464933871,77.85714285714289,79.04761904761897,77.84000000000015,74.35999999999986,327493.0,221424.15,-22.142857142857103,89.79798619466759,46.48753342057902,79.7,80.75,103210.75799999991,True,0.0307953536199812,-3000.0,0.0,0.0,0.0,0.0,0.0,0.0078713130466856,0.0,0.0,-0.1881,0.9005,0.0,0.55,0.02,0,False,0,False,False,True,False,0.67653220642848,False,True,True,False,True,False,False,True,False,True,False,False,False,False,False,False,False,True,-10.0,-12.0,2.0539152759948576,8.0,0.9203685129664492,False,False,False,False,False,False,False,-1.0,False,6,False,False,413.8097442198822,14.1,3,True,3,False,False,False,False,"rsi_strong, market_above_ma60, avoid_chase, adx_trending, stronger_than_market, obv_uptrend",,,,,,,,,,
2026-08-31,60.7,61.2,60.2,60.6,75111,4562205,6796,晉弘,,0.9525134538017213,0.9094427625234348,0.0430706912782865,60.639546088399634,60.85537892606103,65.03214986600399,51.16276765592462,29.6764061096378,2.539089866761387,66170.7,4061564.05,65.3,59.1,0.5214080181247933,0.0571240024003001,-0.0303999999999999,-0.0162337662337662,61.6,0.7245113885577742,64.88523563864466,60.26999999999953,55.65476436135439,0.535751153986295,0.153152003937122,13.157894736842104,29.79030982566898,61.63999999999942,61.94999999999963,-1482309.0,-1489440.1,-76.74418604651163,15.902366863905309,48.14060573942363,58.575,61.8,103210.75799999991,True,0.0307953536199812,5000.0,1.0,0.0,0.0,0.0,0.0,-0.0611953536199811,0.0,0.0,0.7916,0.5848,0.0,14.78,-0.08,0,False,0,False,False,False,False,1.135109648227992,False,False,True,False,True,False,False,False,False,True,False,False,False,False,False,False,False,False,20.0,0.0,7.755775577557748,0.0,0.0377912125797813,False,False,False,True,False,False,False,-1.0,False,4,True,False,336.8045910332373,9.0,3,False,3,False,True,False,True,"market_above_ma60, avoid_chase, adx_trending, obv_uptrend",long_upper_shadow,close_below_ema20,,,,,,,,
2026-08-31,33.0,33.0,32.25,32.8,7500,245585,6807,峰源-KY,,-0.3600686558999868,0.2841112740043922,-0.6441799299043791,35.44252500506373,35.43486628905446,36.9508435950209,31.48181199111412,23.889759664772008,1.091255158486447,10790.1,387618.55,38.45,33.5,-0.4828279087069633,0.1727885163390634,-0.0668563300142247,-0.0208955223880598,33.5,0.4595051971090372,40.073112727519046,36.36500000000005,32.65688727248106,0.0192972460703335,0.2039385523178324,8.870967741935434,11.2903225806452,33.67000000000007,35.55,-1787271.0,-1742047.45,-91.12903225806456,-148.6359360301035,26.959901811749333,33.425,33.425,103210.75799999991,True,0.0307953536199812,-2000.0,0.0,0.0,0.0,0.0,0.0,-0.0976516836342059,0.0,0.0,0.3824,0.2109,0.0,43.43,0.0,0,False,0,False,False,False,False,0.6950816025801428,False,False,True,False,True,False,False,False,False,False,False,False,False,False,False,False,False,False,20.0,25.0,17.22560975609758,0.0,-1.2097648136200645,False,False,False,False,False,False,False,-1.0,False,3,False,False,252.43363826236063,5.0,3,False,3,False,True,True,True,"market_above_ma60, avoid_chase, adx_trending",,"close_below_ema20, close_below_swing_low",,,,,,,,
2026-08-31,23.25,23.45,22.95,23.0,55721,1287555,6838,台新藥,,-0.2047939212389522,-0.2574311103451783,0.0526371891062261,23.17596096797293,23.990582816649773,25.144799881351155,44.55104720454306,11.669528429284323,0.5378670354703354,76840.95,1766500.5,23.7,22.45,-0.0794389210631673,-0.1486542777121951,-0.0043290043290044,-0.0086206896551723,23.2,0.8980834186566619,23.558614980539748,23.09000000000001,22.62138501946028,0.4039723400473122,0.0405902971450616,59.09090909090908,70.15645173539936,23.05,22.975,-2005123.0,-1836870.45,-48.000000000000114,32.46239113222718,39.02929072028393,24.0125,25.15,103210.75799999991,True,0.0307953536199812,-19000.0,0.0,0.0,0.0,0.0,0.0,-0.0351243579489856,0.0,0.0,0.0,0.0,0.0,1.5,-0.01,0,False,0,False,False,False,False,0.7251472034117226,False,False,False,False,True,False,False,False,False,False,False,False,False,False,False,False,False,True,0.0,0.0,3.0434782608695623,8.0,-0.3421006531271966,False,False,False,False,False,False,False,-1.0,False,2,False,False,116.14626419659086,5.7,3,False,3,False,True,False,True,"market_above_ma60, avoid_chase",,close_below_ema20,,,,,,,,
