date,open,high,low,close,volume,amount,stock_id,name,industry_category,macd,macd_signal,macd_hist,ema20,ema60,ema120,rsi14,adx14,atr14,volume_ma20,amount_ma20,close_20d_high,close_10d_low,lr_slope_20,lr_slope_60,return_5d,day_return,prev_close,prev_volume_ratio,bb_upper,bb_mid,bb_lower,bb_pct_b,bb_bandwidth,stoch_k,stoch_d,sma5,sma10,obv,obv_ma,williams_r,cci20,mfi14,ichi_senkou_a,ichi_senkou_b,market_ma60,market_above_ma60,market_return_5d,foreign_net,foreign_buy_streak,invest_trust_net,invest_trust_streak,dealer_net,dealer_buy_streak,relative_strength_5d,margin_change_5d,short_ratio,revenue_yoy,revenue_mom,revenue_3m_yoy,foreign_holding_pct,foreign_holding_chg5d,insider_net_30d,has_buyback,limit_down_streak,macd_golden_cross,hist_turn_positive,above_ema60,ema60_gt_ema120,volume_ratio,volume_break,rsi_strong,adx_trending,breakout_20d,avoid_chase,liquidity_ok,foreign_buy_3d,stronger_than_market,kd_golden_cross,obv_uptrend,invest_trust_buy_2d,dealer_buy_3d,bb_squeeze_breakout,breakout_volume_confirm,williams_r_recovery,cci_momentum,mfi_strong,ma5_above_ma10,kd_level_score,bb_level_signal,gap_to_20d_high_pct,breakout_proximity_score,obv_strength,foreign_buy_accel,invest_trust_accel,above_ichimoku_cloud,long_upper_shadow,open_high_close_low,gap_chase_after_blowout,earnings_blocked,f_score,f_score_low,condition_count,skip_trade,entry_signal,entry_score,momentum_score,expected_hold_days,momentum_decay_signal,estimated_sl_days,macd_death_cross,close_below_ema20,close_below_swing_low,base_exit_signal,entry_reason,skip_reason,base_exit_reason,sector_rs,sector_rs_rank,market_rs_rank,sector_breadth_60,sector_vol_zscore,is_sector_leader,sector_stock_count,grade
2026-10-07,145.5,152.5,145.0,148.5,626402,94712351,6862,三集瑞-KY,,0.7215799181689135,-0.6357333467508527,1.357313264919766,139.46080632570738,146.11811846520388,156.35021764655536,62.41452347480213,17.50014764908173,5.481760658684886,165712.75,23318237.2,144.0,138.0,0.4079996032668347,-0.1264779167308777,0.076086956521739,0.0683453237410072,139.0,0.5979767151859238,147.00961064797156,137.25,127.49038935202844,1.0763549595258806,0.1422165486043215,74.19354838709677,49.78865406006662,142.4,140.5,7603374.0,7055217.3,-17.391304347826086,189.06115417743328,67.98582561338566,137.875,181.75,105358.9004999998,True,0.0389361133816013,126000.0,5.0,0.0,0.0,17098.0,2.0,0.0371508431401377,0.0,0.0,0.0095,-0.0987,0.0,65.05,0.21,0,False,0,False,False,True,False,3.780047099574414,True,True,False,True,False,False,True,True,True,True,False,False,True,True,False,True,True,True,-10.0,-25.0,-3.0303030303030303,25.0,1.063170789856989,True,False,False,False,False,False,False,-1.0,False,12,False,False,1005.558520474028,58.6,3,False,3,False,False,False,False,"volume_break, rsi_strong, breakout_20d, market_above_ma60, foreign_buy_3d, stronger_than_market, kd_golden_cross, obv_uptrend, bb_squeeze_breakout, breakout_volume_confirm, cci_momentum, mfi_strong",,,437.2,91.1,95.8,70.5,1.87,False,190,D
2026-10-07,93.2,94.0,91.1,91.4,148438,13646778,6854,錼創科技-KY創,,-0.2281767017453972,-0.5399622050811368,0.3117855033357395,92.40285456889907,98.53551947436031,109.99662286944204,46.46959419994256,14.37480699338432,3.7301854480874224,185124.95,17088853.25,95.1,91.0,0.2442302140421214,-0.1454227178017331,-0.020364415862808,-0.0150862068965516,92.8,1.89968275872013,95.4780419159513,91.46999999999971,87.46195808404813,0.4912675563944184,0.0876362067552551,15.714285714285836,29.2640692640695,93.16000000000058,92.78000000000029,-1953414.0,-1622722.35,-62.76595744680847,8.834652175294856,57.64222960882088,91.675,108.75,105358.9004999998,True,0.0389361133816013,1000.0,1.0,0.0,0.0,3093.0,1.0,-0.0593005292444093,0.0,0.0,-0.4764,0.0348,0.0,31.31,-0.15,0,False,0,False,False,False,False,0.8018260099462552,False,False,False,False,True,False,False,False,False,False,False,False,False,False,False,False,True,True,20.0,0.0,4.048140043763664,0.0,-0.4246926019770862,False,False,False,False,False,False,False,-1.0,False,3,False,False,167.92194887573754,6.1,3,False,3,False,True,False,True,"market_above_ma60, avoid_chase, mfi_strong",,close_below_ema20,-399.4,2.9,5.6,65.3,-0.32,False,242,D
2026-10-07,69.5,70.8,69.0,70.8,216883,15133221,6869,雲豹能源,,0.9685850828603576,0.7374896708778753,0.2310954119824824,68.60917405931876,69.35034765027457,74.96427383491805,58.08905473508491,22.0100620472099,2.225951246649485,433539.15,29752951.25,71.9,68.6,0.6462520806071005,0.0155837864837265,-0.0152990264255912,0.0260869565217389,69.0,0.6185956883026511,73.59729668007975,67.67999999999992,61.7627033199201,0.7636338997927329,0.1748610130047231,50.0,28.62997658079621,69.65999999999985,70.11000000000021,-1126899.0,-3262795.3,-28.28282828282828,57.38347042694861,71.36104348678549,67.075,70.8,105358.9004999998,True,0.0389361133816013,77810.0,2.0,0.0,0.0,-2000.0,0.0,-0.0542351398071925,0.0,0.0,0.6313,-0.0944,0.0,3.29,-0.19,0,False,0,False,False,True,False,0.5002616257378371,False,True,True,False,True,False,False,False,True,True,False,False,False,False,False,False,True,False,0.0,0.0,1.5536723163841928,15.0,1.4711606541416336,True,False,False,False,False,False,False,-1.0,False,7,False,False,557.6565441070779,4.7,3,False,3,False,False,False,False,"rsi_strong, market_above_ma60, avoid_chase, adx_trending, kd_golden_cross, obv_uptrend, mfi_strong",,,181.6,85.7,64.5,28.6,-0.68,False,28,D
2026-10-07,96.0,97.0,95.8,96.8,35697,3445222,6863,永道-KY,,-2.6239152137009256,-3.3151756267589576,0.691260413058032,98.03149980309576,103.09816119697948,105.4260326208108,41.45892096733469,23.934452199235544,2.4784700857855544,86191.35,8213486.85,103.5,95.3,-0.0136940853363445,-0.411103013400156,0.0157397691500524,0.0041493775933609,96.4,0.3599096624689401,101.07414307112607,96.11500000000017,91.1558569288742,0.5690643514590437,0.1031918653930381,65.11627906976742,52.31767125454826,96.15999999999984,96.51999999999973,-1354611.0,-1417012.65,-33.33333333333341,12.06690561529242,73.01451432781623,117.875,116.25,105358.9004999998,True,0.0389361133816013,13000.0,1.0,0.0,0.0,2279.0,1.0,-0.0231963442315488,0.0,0.0,0.789,-0.2221,0.0,69.06,-0.02,0,False,0,False,False,False,False,0.4141598895944894,False,False,True,False,True,False,False,False,False,True,False,False,False,False,False,False,True,False,0.0,0.0,6.921487603305788,0.0,0.0467591773365123,False,False,False,False,False,False,False,-1.0,False,5,False,False,364.702709023983,7.9,5,False,3,False,True,False,True,"market_above_ma60, avoid_chase, adx_trending, obv_uptrend, mfi_strong",,close_below_ema20,-202.6,21.1,36.2,65.3,-0.71,False,242,D
2026-10-07,37.35,37.35,36.5,36.8,17050,624850,6887,寶綠特-KY,,0.0303342331284,0.2333951825642236,-0.2030609494358236,37.830402389140126,37.53993526376001,39.24205042325677,44.056069209840544,36.58800756296715,1.4631281123507591,22225.1,836119.05,39.0,36.95,0.0165894601886155,0.0431111961234748,-0.0341207349081366,-0.0040595399188093,36.95,1.673899089618761,39.41098763730904,37.95499999999993,36.49901236269082,0.1033620168181679,0.0767217830224797,9.836065573770409,17.940311055065347,37.62999999999992,38.06000000000004,-2218291.0,-2114436.6,-91.04477611940308,-140.9258057538397,39.4399179885073,38.35,37.35,105358.9004999998,True,0.0389361133816013,0.0,0.0,0.0,0.0,0.0,0.0,-0.0730568482897379,0.0,0.0,-0.0598,-0.0671,0.0,53.39,0.02,0,False,0,False,False,False,False,0.7671506539903084,False,False,True,False,True,False,False,False,False,False,False,False,False,False,False,False,False,False,20.0,12.0,5.978260869565226,0.0,-1.152333716109392,False,False,False,False,False,False,False,-1.0,False,3,False,False,230.8435019465904,6.0,8,False,3,False,True,True,True,"market_above_ma60, avoid_chase, adx_trending",,"close_below_ema20, close_below_swing_low",-145.3,25.0,13.5,28.6,-0.41,False,28,D
2026-10-07,63.5,65.1,63.5,65.1,272201,17595232,6873,泓德能源,,-1.4075169856695169,-1.2379628193654275,-0.1695541663040893,67.8130993220341,72.60342157448822,80.10564784840459,34.80731304532118,16.41968010457302,1.7677333084414784,260595.5,17685357.5,70.1,64.1,-0.2135953223341789,-0.4549673772597448,-0.0482456140350878,0.015600624024961,64.1,2.3150878260063816,70.89288775989344,67.93499999999986,64.97711224010628,0.0207728909730732,0.0870799369954688,19.27710843373488,7.825140223340592,66.1,67.3300000000003,-37683976.0,-36789925.0,-80.72289156626512,-217.4688057041012,39.584619659399294,72.275,79.3,105358.9004999998,True,0.0389361133816013,82000.0,1.0,0.0,0.0,1000.0,1.0,-0.0871817274166891,0.0,0.0,-0.2772,0.7313,0.0,6.41,-0.42,0,False,0,False,False,False,False,1.0445345372425847,False,False,False,False,True,False,False,False,True,False,False,False,False,False,False,False,False,False,20.0,25.0,7.680491551459294,0.0,-0.4304284377065654,False,False,False,False,False,False,False,-1.0,False,3,False,False,190.28020411994703,5.0,3,False,3,False,True,False,True,"market_above_ma60, avoid_chase, kd_golden_cross",,close_below_ema20,-185.8,17.9,7.8,28.6,-0.13,False,28,D
2026-10-07,43.2,43.7,43.0,43.3,175510,7597313,6909,創控,,0.542794991174226,0.3206593029132256,0.2221356882610004,42.35175467268501,43.171730014626135,44.79573961972488,55.78264299419426,24.32701430461013,1.3972236372617313,406392.65,17242501.3,44.35,41.45,0.3845388462826471,-0.0159701975140768,0.0105017502917152,0.0023148148148146,43.2,0.6104656400949936,44.67545757043932,42.0800000000002,39.484542429561074,0.7350259957810424,0.1233582495455851,58.5365853658536,63.0081300813005,43.51000000000022,42.720000000000255,24489470.0,24106567.6,-39.53488372093032,83.23404255319186,63.43377056818787,40.2875,50.55,105358.9004999998,True,0.0389361133816013,32087.0,2.0,0.0,0.0,0.0,0.0,-0.028434363089886,0.0,0.0,0.2935,0.9865,0.0,9.19,-0.35,0,False,0,False,False,True,False,0.4318729681749903,False,True,True,False,True,False,False,False,False,True,False,False,False,False,False,False,True,True,0.0,0.0,2.424942263279456,8.0,0.3023598373267714,True,False,False,True,False,False,False,-1.0,False,6,True,False,470.9470477296712,8.1,3,False,3,False,False,False,False,"rsi_strong, market_above_ma60, avoid_chase, adx_trending, obv_uptrend, mfi_strong",long_upper_shadow,,-96.3,33.9,53.2,65.3,-0.69,False,242,D
2026-10-07,26.0,26.35,25.9,26.05,67943,1773246,6908,宏碁遊戲-創,,-1.3017228304860318,-1.0517055122209076,-0.2500173182651242,28.467615010313686,31.550940415650608,36.30310042234852,25.315498865435515,17.419306299659326,0.8368143430215218,48903.7,1347363.15,30.85,26.3,-0.8823163438291544,-0.482210595185015,-0.022514071294559,-0.0095057034220532,26.3,1.5394370314326982,32.1883126372087,28.9,25.611687362791294,0.0666470444824811,0.2275648883881456,3.57142857142862,4.546790657902117,26.65999999999949,27.629999999999747,-1802915.0,-1427445.65,-96.73913043478257,-128.29298846763243,22.613484273871705,31.875,34.7,105358.9004999998,True,0.0389361133816013,-1000.0,0.0,0.0,0.0,5289.0,1.0,-0.0614501846761603,0.0,0.0,-0.1276,-0.1297,0.0,0.74,0.03,0,False,0,False,False,False,False,1.389322280318258,False,False,False,False,True,False,False,False,False,False,False,False,False,False,False,False,False,False,20.0,25.0,18.426103646833017,0.0,-2.0,False,False,False,True,False,False,False,-1.0,False,2,True,False,94.89322280318258,12.6,3,False,3,False,True,True,True,"market_above_ma60, avoid_chase",long_upper_shadow,"close_below_ema20, close_below_swing_low",-141.1,33.3,0.5,16.7,1.17,False,6,D
2026-10-07,19.05,19.1,18.8,19.0,44320,841042,6916,華凌,,0.0987613733936783,-0.0134315570779106,0.1121929304715889,18.62055176394291,18.72667239053636,18.80205618550581,56.665263111011576,22.59612177253783,0.5017529047781317,34742.15,655219.15,19.25,18.1,0.1113850767318841,-0.0652889613657654,0.0160427807486631,-0.0129870129870129,19.25,1.447679253697164,19.30189467106053,18.517500000000062,17.733105328939594,0.8075620078777551,0.0847192840351522,64.28571428571425,71.79802955664975,18.92000000000008,18.630000000000017,4313352.0,4182512.4,-33.333333333333336,74.81662591687032,76.74409026719039,18.5625,20.175,105358.9004999998,True,0.0389361133816013,17000.0,4.0,0.0,0.0,0.0,0.0,-0.0228933326329381,0.0,0.0,0.5296,-0.0419,0.0,0.62,0.05,0,False,0,False,False,True,False,1.2756838595193447,False,True,True,False,True,False,True,False,False,True,False,False,False,False,False,False,True,True,0.0,-12.0,1.3157894736842104,15.0,0.8735042937910632,True,False,False,False,False,False,False,-1.0,False,7,False,False,571.2388901206863,13.5,5,False,3,False,False,False,False,"rsi_strong, market_above_ma60, avoid_chase, foreign_buy_3d, adx_trending, obv_uptrend, mfi_strong",,,3.9,51.2,66.2,65.3,0.16,False,242,D
2026-10-07,0.0,0.0,0.0,0.0,300,20080,6921,嘉雨思-創,,-4.875890774136188,-0.9093304607485536,-3.9665603133876335,59.033430497012326,63.99576122605075,67.00237704208494,11.04330268613002,21.94487407365033,6.81394165342789,18772.85,1222109.6,69.8,63.9,,,-1.0,-1.0,65.7,0.686691332512214,89.64144309566873,61.06499999999996,32.4885569043312,-0.5684499781089861,0.935935252457833,0.0,36.04651162790712,52.82000000000007,59.58999999999996,-1054572.0,-1060319.45,-100.0,-637.6054080423727,63.59296881080389,66.75,64.85,105358.9004999998,True,0.0389361133816013,0.0,0.0,0.0,0.0,0.0,0.0,-1.0389361133816013,0.0,0.0,0.4531,0.1076,0.0,29.16,0.01,0,False,1,False,False,False,False,0.0159805250667852,False,False,True,False,True,False,False,False,False,True,False,False,False,False,False,False,True,False,20.0,25.0,999.0,0.0,0.0539971390831516,False,False,False,False,False,False,False,-1.0,False,5,False,False,405.8077709196656,0.0,5,False,3,True,True,True,True,"market_above_ma60, avoid_chase, adx_trending, obv_uptrend, mfi_strong",,"macd_death_cross, close_below_ema20, close_below_swing_low",-161.5,26.0,43.1,65.3,-1.1,False,242,X
2026-10-07,74.1,74.1,73.4,73.4,21799,1605413,6923,中台,,-0.655790776562597,-0.3688096625042338,-0.2869811140583631,75.21026544345257,76.31044669212726,78.83183973425766,35.146032630373554,13.944656793236955,1.4509823044752428,62161.7,4722642.8,76.9,73.5,-0.1943089411762414,-0.052218492282906,-0.0239361702127659,-0.0027173913043476,73.6,0.9680891321407088,77.71392164036901,75.57000000000008,73.42607835963115,-0.0060819292879228,0.056740019594255,6.779661016949242,5.649717514124252,74.01999999999971,74.87999999999992,-8879856.0,-8869630.15,-93.22033898305077,-181.9514698335917,46.87759996891075,76.425,77.1,105358.9004999998,True,0.0389361133816013,-2000.0,0.0,0.0,0.0,0.0,0.0,-0.0628722835943672,0.0,0.0,0.1913,0.0836,0.0,1.19,-0.1,0,False,0,False,False,False,False,0.3506821724631083,False,False,False,False,True,False,False,False,False,False,False,False,False,False,False,False,False,False,20.0,25.0,4.768392370572207,0.0,-0.0827591430316407,False,False,False,False,False,False,False,-1.0,False,2,False,False,177.51371200825142,3.0,3,False,3,False,True,True,True,"market_above_ma60, avoid_chase",,"close_below_ema20, close_below_swing_low",-198.6,10.7,6.7,28.6,-0.83,False,28,D
2026-10-07,135.5,136.0,130.5,131.0,35807,4729519,6924,榮惠-KY創,,3.4280811215840856,4.281048619740891,-0.8529674981568052,131.31377121227783,124.1073598618754,115.85123968727902,51.97388635213765,29.920545442315465,5.830023393005359,40080.5,5397157.5,142.5,132.5,0.1361314261401248,0.4918530798241187,-0.0296296296296296,-0.0402930402930402,136.5,1.796815400347352,141.94538960142992,133.475,125.00461039857008,0.353902824045887,0.1269209904690755,22.22222222222222,41.66666666666666,133.5,134.25,2103089.0,2063569.8,-75.0,-25.99691562018024,68.26855884141534,110.45,112.15,105358.9004999998,True,0.0389361133816013,-4000.0,0.0,0.0,0.0,5239.0,2.0,-0.0685657430112309,0.0,0.0,0.8499,0.3104,0.0,75.37,0.12,0,False,0,False,False,True,True,0.8933770786292586,False,False,True,False,True,False,False,False,False,True,False,False,False,False,False,False,True,False,10.0,0.0,8.778625954198473,0.0,0.1636653529191165,False,False,True,False,False,False,False,-1.0,False,7,False,False,535.897755021322,6.7,3,False,3,False,True,True,True,"ema60_gt_ema120, market_above_ma60, avoid_chase, adx_trending, obv_uptrend, mfi_strong, above_ichimoku_cloud",,"close_below_ema20, close_below_swing_low",-32.5,46.3,61.5,70.5,-0.41,False,190,D
2026-10-07,44.0,45.6,44.0,45.0,57440,2568378,6928,攸泰科技,,-0.7982368749436333,-0.6931619698585387,-0.1050749050850945,46.19615118551692,47.62330173095473,48.71987129564253,41.88649652890738,11.927074229681274,1.4387940165386182,52436.3,2419228.55,48.3,43.75,-0.3096431766613036,-0.2381977340938841,-0.0217391304347825,0.0285714285714284,43.75,2.547411686983129,48.464422215645385,46.31750000000002,44.17057778435465,0.1931654089750116,0.0927045810177737,36.23188405797099,21.10507246376801,45.36000000000022,45.57000000000007,-17126301.0,-17066956.55,-66.66666666666667,-136.83733574988645,60.30431942926276,49.5,51.925,105358.9004999998,True,0.0389361133816013,34000.0,1.0,0.0,0.0,0.0,0.0,-0.0606752438163838,0.0,0.0,-0.45,-0.4106,0.0,0.79,-0.08,0,False,0,False,False,False,False,1.09542435297685,False,False,False,False,True,False,False,False,True,False,False,False,False,False,False,False,True,False,0.0,12.0,7.333333333333327,0.0,-0.1450178524483218,False,False,False,False,False,False,False,-1.0,False,4,False,False,231.21402930038863,6.7,3,False,3,False,True,False,True,"market_above_ma60, avoid_chase, kd_golden_cross, mfi_strong",,close_below_ema20,-136.0,17.0,13.5,47.0,0.08,False,100,D
2026-10-07,373.5,388.5,371.0,385.5,1136341,433027038,6933,AMAX-KY,,33.492276370239495,34.30246692676667,-0.810190556527175,346.0618847346754,274.11941396488845,229.33466955678253,64.86151841158478,45.55361172961483,23.760354184165305,2033054.2,728348612.5,394.5,317.5,1.2547853083800655,1.85820650932274,0.0390835579514825,0.0293724966622161,374.5,0.5214713078932408,410.19311793608574,347.125,284.05688206391426,0.8042345423950168,0.3633741040609909,70.43010752688173,66.80967788124023,383.5,372.0,11019392.0,10563171.6,-21.0727969348659,82.03902827558734,76.18482418523874,210.0,197.5,105358.9004999998,True,0.0389361133816013,76209.0,1.0,0.0,0.0,-2579.0,0.0,0.0001474445698812,0.0,0.0,1.9126,-0.0575,0.0,31.37,-0.36,0,False,0,False,False,True,True,0.5589329590917941,False,True,True,False,True,True,False,True,True,True,False,False,False,False,False,False,True,True,-10.0,-12.0,2.3346303501945527,8.0,0.0805184738121749,False,False,True,False,False,False,False,-1.0,False,11,False,False,852.555551276664,16.8,8,True,3,False,False,False,False,"ema60_gt_ema120, rsi_strong, market_above_ma60, avoid_chase, liquidity_ok, adx_trending, stronger_than_market, kd_golden_cross, obv_uptrend, mfi_strong, above_ichimoku_cloud",,,485.3,96.0,89.4,47.0,-0.52,False,100,D
2026-10-07,299.0,300.0,292.0,292.5,348445,102755003,6937,天虹,,4.9417325380214265,6.141076488066384,-1.1993439500449572,295.5878562267883,285.84862056193674,278.9456834977999,49.58284771223143,29.1109873064643,12.59338115287809,561751.05,168373521.0,308.0,296.0,0.283329883446955,0.2558549513384017,-0.0503246753246753,-0.0118243243243243,296.0,1.32655508610537,312.1784122732132,296.15,280.1215877267868,0.3861396893908235,0.1082452289259711,2.272727272727273,19.17027417027445,299.2,301.4,21974086.0,21653781.75,-63.23529411764706,-21.354933726067856,61.67380670041645,272.125,269.25,105358.9004999998,True,0.0389361133816013,-50080.0,0.0,0.0,0.0,-1966.0,0.0,-0.0892607887062766,0.0,0.0,1.2329,0.2787,0.0,4.94,-0.3,0,False,0,False,False,True,True,0.6202836648013386,False,False,True,False,True,True,False,False,False,True,False,False,False,False,False,False,True,False,20.0,0.0,5.299145299145299,0.0,0.0923095330789484,False,False,True,False,False,False,False,-1.0,False,8,False,False,602.3105510449607,6.5,3,False,3,False,True,True,True,"ema60_gt_ema120, market_above_ma60, avoid_chase, liquidity_ok, adx_trending, obv_uptrend, mfi_strong, above_ichimoku_cloud",,"close_below_ema20, close_below_swing_low",35.0,56.2,69.4,65.3,-0.5,False,242,D
2026-10-07,835.0,908.0,835.0,908.0,1837073,1634032714,6944,兆聯實業,,28.87099771802196,9.20836878184267,19.66262893617928,770.149709512583,780.5213636263137,799.0413351838195,82.17252085605793,29.160374356598368,28.21375235927097,452205.65,352593977.9,826.0,712.0,1.1506599352885536,-0.2943164206755708,0.1716129032258064,0.0992736077481839,826.0,1.2945830273280448,862.344487049604,745.35,628.355512950396,1.1951182235238087,0.3139316751850916,100.0,96.55146785581564,829.4,791.1,34134673.0,30360151.75,-0.0,200.7684918347744,97.18676282192702,737.75,886.5,105358.9004999998,True,0.0389361133816013,935185.0,12.0,2000.0,2.0,15604.0,1.0,0.1326767898442051,0.0,0.0,0.3721,0.1037,0.0,16.04,1.24,0,False,0,False,False,True,False,4.062472461367964,True,True,True,True,False,True,True,True,False,True,True,False,False,True,False,False,True,True,-20.0,-25.0,-9.030837004405283,25.0,2.0,True,True,True,False,False,False,False,-1.0,False,13,False,False,1159.6247246136795,72.1,8,False,3,False,False,False,False,"volume_break, rsi_strong, breakout_20d, market_above_ma60, liquidity_ok, foreign_buy_3d, adx_trending, stronger_than_market, obv_uptrend, invest_trust_buy_2d, breakout_volume_confirm, mfi_strong, above_ichimoku_cloud",,,783.5,100.0,98.9,28.6,2.92,True,28,C
2026-10-07,69.2,69.2,68.8,69.0,17832,1230651,6951,青新-創,,-0.6099508943162846,-0.6420993104674507,0.0321484161511661,69.72951082867839,71.64208653420935,73.58628021974066,33.16809910528907,28.65591943549496,0.5079459362334955,22746.2,1587094.95,71.3,69.1,-0.1302209878686655,-0.0734205219577252,-0.0028901734104046,-0.0028901734104046,69.2,0.7185723310170562,70.87096599442283,69.6800000000001,68.48903400557738,0.2145174575997404,0.0341838689558761,14.28571428571443,12.88156288156218,69.2,69.20999999999985,-1430345.0,-1359381.95,-87.49999999999989,-106.61764705882258,20.804819202515915,71.4,74.85,105358.9004999998,True,0.0389361133816013,0.0,0.0,0.0,0.0,0.0,0.0,-0.0418262867920059,0.0,0.0,0.0251,-0.0306,0.0,1.61,0.0,0,False,0,False,False,False,False,0.7839551221742532,False,False,True,False,True,False,False,False,False,False,False,False,False,False,False,False,False,False,20.0,0.0,3.333333333333329,8.0,-0.5763148573557378,False,False,False,False,False,False,False,-1.0,False,3,False,False,238.92377293347369,2.3,5,False,3,False,True,True,True,"market_above_ma60, avoid_chase, adx_trending",,"close_below_ema20, close_below_swing_low",-137.2,28.6,15.2,28.6,-0.39,False,28,D
2026-10-07,68.1,69.0,67.5,68.1,156194,10648123,6947,台鎔科技,,-0.7734779242823322,-1.139982752096905,0.3665048278145728,68.56382889334006,72.33169612601198,75.54712745846297,43.81373690862279,10.756653252825256,1.572388610540625,150649.65,10273478.25,70.0,67.2,-0.026200183084017,-0.3222110287094558,-0.0043859649122808,-0.0101744186046511,68.8,1.6730653139392606,69.91107308820038,68.1050000000001,66.29892691179982,0.4986157813787338,0.0530378999544901,37.93103448275835,52.8735632183907,68.47999999999956,68.12000000000008,8245078.0,7792888.7,-54.5454545454547,1.904761904760169,68.67458538884507,74.075,85.0,105358.9004999998,True,0.0389361133816013,-6210.0,0.0,0.0,0.0,0.0,0.0,-0.0433220782938821,0.0,0.0,0.4805,-0.0922,0.0,0.4,0.04,0,False,0,False,False,False,False,1.036802939801055,False,False,False,False,True,False,False,False,False,True,False,False,False,False,False,False,True,True,0.0,0.0,2.7900146842878204,8.0,0.425550535705769,False,False,False,False,False,False,False,-1.0,False,4,False,False,313.4746358264797,5.2,3,False,3,False,True,False,True,"market_above_ma60, avoid_chase, obv_uptrend, mfi_strong",,close_below_ema20,-62.6,42.9,28.4,28.6,-0.14,False,28,D
2026-10-07,33.4,33.4,32.75,32.9,1023705,33724888,6962,奕力-KY,,0.4158889275573756,0.1599986909882008,0.2558902365691748,32.19348821982726,32.56536839176906,33.89038095120789,57.38090246475248,18.31375837049084,0.8117809182220387,1414075.2,45430044.4,33.9,31.2,0.4907984741295426,-0.0335763715324035,0.0138674884437595,-0.0090361445783133,33.2,1.3033439416126942,33.810550166826644,31.71999999999989,29.629449833173144,0.7822223591484601,0.131812746962595,52.30769230769224,66.32709632709582,33.30999999999985,32.575,-34742781.0,-41256956.15,-39.74358974358983,97.3926380368099,82.17546481553404,31.3375,35.0,105358.9004999998,True,0.0389361133816013,46035.0,1.0,0.0,0.0,-1466.0,0.0,-0.0250686249378417,0.0,0.0,0.0716,-0.0089,0.0,37.35,-0.74,0,False,0,False,False,True,False,0.7239395754907518,False,True,False,False,True,False,False,False,False,True,False,False,False,False,False,False,True,True,0.0,0.0,3.0395136778115504,8.0,1.0095384220026946,False,False,False,False,False,False,False,-1.0,False,5,False,False,357.35385681893985,7.4,3,False,3,False,False,False,False,"rsi_strong, market_above_ma60, avoid_chase, obv_uptrend, mfi_strong",,,-209.9,20.2,35.3,65.3,-0.4,False,242,D
2026-10-07,30.55,30.7,30.25,30.55,28727,873811,6969,成信實業*-創,,-0.7274912830407096,-0.5167723407384534,-0.2107189423022563,31.82855528457277,31.771324230603327,31.193513243308463,42.42148649750126,12.86303121060458,1.2243448788069438,183732.35,6092457.35,36.95,30.0,-0.7545092172952269,0.1326418481581562,-0.025518341307815,0.0,30.55,0.7968752950316004,35.53224693444933,32.25999999999995,28.987753065550567,0.2387116507013109,0.2028671379075876,31.11111111111108,32.95975281890787,30.56999999999971,31.054999999999744,394425.0,1058206.1,-84.9462365591398,-97.13590921372597,40.20694316853663,34.075,31.4,105358.9004999998,True,0.0389361133816013,-6000.0,0.0,0.0,0.0,323.0,3.0,-0.0644544546894163,0.0,0.0,-0.1707,-0.0085,0.0,0.9,-0.16,0,False,0,False,False,False,True,0.1563524333085599,False,False,False,False,True,False,False,False,False,False,False,True,False,False,False,False,False,False,0.0,0.0,20.949263502455,0.0,-0.5665629959577846,False,False,False,False,False,False,False,-1.0,False,4,False,False,189.7647683815922,6.0,3,False,3,False,True,False,True,"ema60_gt_ema120, market_above_ma60, avoid_chase, dealer_buy_3d",,close_below_ema20,-186.3,14.3,7.6,28.6,-1.03,False,28,X
2026-10-07,1820.0,1890.0,1800.0,1805.0,991455,1823339395,7610,聯友金屬-創,,2.787398067605864,10.274462620211448,-7.487064552605585,1793.9605040907995,1752.8333009975916,1536.1118619445535,50.81374466307008,10.599375998065463,123.25922240865545,973739.55,1829012038.5,2065.0,1725.0,-0.5930407430512554,0.0172472746230854,0.0403458213256484,0.0083798882681564,1790.0,0.585197908975369,2068.5388369621232,1840.0,1611.4611630378768,0.4234265815271461,0.2484117793066557,50.0,40.65170940170901,1780.0,1792.5,49711176.0,46880676.05,-47.76119402985075,-14.418838937161178,71.29574260571799,1630.0,1912.5,105358.9004999998,True,0.0389361133816013,128719.0,1.0,0.0,0.0,28006.0,1.0,0.0014097079440471,0.0,0.0,8.5263,0.1682,0.0,19.23,0.33,0,False,0,False,False,True,True,1.0181932119322872,False,False,False,False,True,True,False,True,False,True,False,False,False,False,False,False,True,False,0.0,0.0,14.40443213296399,0.0,1.2648173746408464,False,False,False,True,False,False,False,-1.0,False,7,True,False,545.3597406150132,18.3,3,False,3,False,False,False,False,"ema60_gt_ema120, market_above_ma60, avoid_chase, liquidity_ok, stronger_than_market, obv_uptrend, mfi_strong",long_upper_shadow,,169.3,82.1,62.8,28.6,-0.16,False,28,D
2026-10-07,30.1,30.8,29.9,30.25,597222,18094098,6994,富威電力,,-1.156697136210617,-1.8418959702507456,0.6851988340401285,30.089105869072625,35.74755095355895,45.61547632911159,47.50370490292241,36.13685499728647,1.433717614739224,1025442.5,30470821.0,35.5,26.5,-0.2812865467719546,-0.6825796901705614,0.1415094339622642,0.0066555740432612,30.05,1.057779342275608,34.439045282477174,29.14999999999964,23.86095471752209,0.603988521675607,0.3628847535147586,59.18367346938776,65.98639455782359,30.690000000000147,28.79499999999971,-445538.0,1372071.1,-40.81632653061224,32.24730875488213,74.34341544433624,36.9,46.0,105358.9004999998,True,0.0389361133816013,-99000.0,0.0,0.0,0.0,0.0,0.0,0.1025733205806629,0.0,0.0,-0.2475,-0.2544,0.0,3.13,-2.01,0,False,0,False,False,False,False,0.5824041816094028,False,False,True,False,False,False,False,True,False,False,False,False,False,False,False,False,True,True,0.0,0.0,17.355371900826448,0.0,-0.4887031645270583,False,False,False,True,False,False,False,-1.0,False,4,True,False,384.95960384176936,30.0,10,True,3,False,False,False,False,"market_above_ma60, adx_trending, stronger_than_market, mfi_strong",long_upper_shadow,,8.9,60.7,40.0,28.6,-0.6,False,28,D
2026-10-07,141.0,141.0,138.5,140.5,66162,9234794,7631,聚賢研發-創,,0.0478886933865396,-0.3458794664061883,0.3937681597927279,140.71826905828502,139.9590912914304,136.672318082536,49.48927983113391,21.976548901542387,4.122344790561142,74237.75,10479936.25,145.5,137.5,0.115762836942145,0.0330532128162432,0.0,-0.0070671378091873,141.5,1.6905810266798604,145.85793151516356,139.55,133.24206848483647,0.5753020223599683,0.0904038912957871,18.75,22.916666666666668,142.6,140.6,2089958.0,1960438.6,-70.27027027027027,4.620462046204918,59.99179912311119,143.0,148.75,105358.9004999998,True,0.0389361133816013,1000.0,1.0,0.0,0.0,722.0,3.0,-0.0389361133816013,0.0,0.0,1.3246,-0.0524,0.0,1.2,-0.2,0,False,0,False,False,True,True,0.8912177429946355,False,False,True,False,True,False,False,False,False,True,False,True,False,False,False,False,True,True,20.0,0.0,3.558718861209965,0.0,0.3555902372130752,False,False,False,False,False,False,False,-1.0,False,7,False,False,543.1792602765033,6.1,5,False,3,False,True,False,True,"ema60_gt_ema120, market_above_ma60, avoid_chase, adx_trending, obv_uptrend, dealer_buy_3d, mfi_strong",,close_below_ema20,-24.1,43.8,62.4,65.3,-0.23,False,242,D
2026-10-07,159.0,159.0,157.5,157.5,30747,4864518,7689,大鵬科CLMX,,-3.5480181254690137,-4.550550837754964,1.0025327122859498,161.79826180818606,177.68991956630336,191.3195905044089,38.09519231648637,19.149341910960327,4.3945443293487125,62754.65,10140349.75,174.0,157.5,0.0201379797606084,-0.4631118895169324,-0.012539184952978,-0.0094339622641509,159.0,1.4149913799683211,165.48353066891931,159.325,153.16646933108066,0.3518315408243122,0.077307775539549,13.043478260869565,36.23188405797131,160.5,159.65,-524062.0,-696048.35,-68.96551724137932,-45.22613065326662,73.22988424058602,183.75,209.25,105358.9004999998,True,0.0389361133816013,-3000.0,0.0,0.0,0.0,0.0,0.0,-0.0514752983345793,0.0,0.0,0.043,-0.17,0.0,0.29,-0.01,0,False,0,False,False,False,False,0.4899557243965188,False,False,False,False,True,False,False,False,False,True,False,False,False,False,False,False,True,True,20.0,0.0,10.476190476190476,0.0,0.6906197071755651,False,False,False,False,False,False,False,-1.0,False,4,False,False,303.186993730072,4.2,3,False,3,False,True,False,True,"market_above_ma60, avoid_chase, obv_uptrend, mfi_strong",,close_below_ema20,-264.1,14.5,26.2,65.3,-0.63,False,242,D
2026-10-07,622.0,646.0,616.0,632.0,1032120,650322783,7711,永擎,,31.51014069291068,27.017676074199475,4.492464618711207,571.8341351752915,495.1221241673333,435.1080801614477,63.26174636313712,29.83130614119309,36.07384430186584,1311228.1,742205552.65,660.0,537.0,0.6615211042141771,1.4364566867989417,0.1285714285714285,0.0193548387096773,620.0,0.9587889102231228,658.7683707242987,565.2,471.6316292757013,0.8569582300242657,0.3310982686634774,74.61538461538461,72.20003914660386,622.4,584.0,28049601.0,26248507.5,-17.098445595854923,111.26945538882836,74.95520808577906,437.375,393.25,105358.9004999998,True,0.0389361133816013,89971.0,1.0,0.0,0.0,23371.0,1.0,0.0896353151898272,0.0,0.0,0.0166,-0.5812,0.0,2.27,0.2,0,False,0,False,False,True,True,0.7871399339291157,False,True,True,False,False,True,False,True,True,True,False,False,False,False,False,False,True,True,-10.0,-12.0,4.430379746835443,0.0,0.2378529144060629,False,False,True,False,False,False,False,-1.0,False,10,False,False,808.725634312164,29.5,5,True,3,False,False,False,False,"ema60_gt_ema120, rsi_strong, market_above_ma60, liquidity_ok, adx_trending, stronger_than_market, kd_golden_cross, obv_uptrend, mfi_strong, above_ichimoku_cloud",,,441.5,93.0,86.8,47.0,-0.27,False,100,D
2026-10-07,190.5,206.0,188.5,195.5,260249,51350257,7730,暉盛-創,,4.944486708731631,2.8080940126681924,2.1363926960634387,180.4121134027513,175.267063435188,169.27826214051646,64.93377400369297,30.723093185940566,7.962737558325742,105337.2,19207570.5,194.5,170.5,0.6321301311200069,0.2236880287030116,0.0891364902506963,0.0235602094240838,191.0,0.6569947689065647,194.47541605866604,177.2,159.92458394133394,1.029654392630966,0.1949821225583076,70.83333333333333,72.15608465608481,191.2,182.45,3165313.0,2513033.9,-28.0,182.41376588523173,77.18958990414168,166.875,165.25,105358.9004999998,True,0.0389361133816013,-21658.0,0.0,0.0,0.0,2657.0,1.0,0.050200376869095,0.0,0.0,1.677,0.4762,0.0,2.71,0.17,0,False,0,False,False,True,True,2.470627660503602,True,True,True,True,False,False,False,True,False,True,False,False,True,True,False,False,True,True,-10.0,-25.0,-0.5115089514066496,25.0,1.915094059824283,False,False,True,True,False,False,False,-1.0,False,12,True,False,977.6874053229274,50.6,10,True,3,False,False,False,False,"ema60_gt_ema120, volume_break, rsi_strong, breakout_20d, market_above_ma60, adx_trending, stronger_than_market, obv_uptrend, bb_squeeze_breakout, breakout_volume_confirm, mfi_strong, above_ichimoku_cloud",long_upper_shadow,,469.2,94.5,95.2,60.6,1.21,False,127,D
2026-10-07,102.0,110.0,102.0,108.0,409121,43843816,7740,熙特爾-創,,-8.764205690340333,-8.311509208128992,-0.4526964822113406,114.175493000329,131.5641168922649,146.05717856235523,37.64624722265943,27.54215498877516,5.610191026777887,213756.5,24382449.85,133.0,100.5,-1.556435323837852,-0.7092331345002567,0.0334928229665072,0.0746268656716417,100.5,0.979430508155769,138.1649042599328,116.1,94.0350957400672,0.3164505971886627,0.3801017099040965,38.46153846153846,14.820512820513008,103.1,106.3,-9118373.0,-8337151.1,-71.69811320754717,-64.7093071612741,30.23395609017905,146.875,155.0,105358.9004999998,True,0.0389361133816013,-58000.0,0.0,0.0,0.0,-1369.0,0.0,-0.005443290415094,0.0,0.0,8.6963,-0.3787,0.0,4.96,-0.25,0,False,0,False,False,False,False,1.913958172032196,True,False,True,False,True,False,False,False,True,False,False,False,False,False,False,False,False,False,0.0,0.0,23.14814814814815,0.0,-0.7269387525358528,False,False,False,False,False,False,False,-1.0,False,5,False,False,380.4163166898917,32.8,6,False,3,False,True,False,True,"volume_break, market_above_ma60, avoid_chase, adx_trending, kd_golden_cross",,close_below_ema20,4.3,57.1,39.1,28.6,0.75,False,28,D
2026-10-07,390.0,393.0,384.0,391.0,95508,37124475,7749,意騰-KY,,9.199931923056964,7.454869303390549,1.7450626196664158,380.9496993545836,380.15105822395935,398.76937588200906,57.23674872473266,23.37770156971532,12.955074548829012,219244.65,83062549.55,402.0,377.5,0.819851479432166,0.1565772110114421,0.0,0.0051413881748072,389.0,0.6012494688387319,415.1248452967316,374.725,334.3251547032684,0.701424038637552,0.2156239658241729,40.57971014492754,52.02330207445326,395.6,393.25,-6584731.0,-7276786.35,-33.60655737704918,53.07189542483669,79.54491096938821,349.0,402.5,105358.9004999998,True,0.0389361133816013,25020.0,3.0,0.0,0.0,-15.0,0.0,-0.0389361133816013,0.0,0.0,0.605,-0.0439,0.0,22.42,-0.15,0,False,0,False,False,True,False,0.4356229445051452,False,True,True,False,True,True,True,False,False,True,False,False,False,False,False,False,True,True,0.0,0.0,2.813299232736573,8.0,0.8946089841663829,True,False,False,False,False,False,False,-1.0,False,8,False,False,628.091537255048,6.6,3,False,3,False,False,False,False,"rsi_strong, market_above_ma60, avoid_chase, liquidity_ok, foreign_buy_3d, adx_trending, obv_uptrend, mfi_strong",,,60.8,59.5,71.9,65.3,-0.68,False,242,D
2026-10-07,304.0,305.5,299.5,300.5,42224,12772984,7768,頌勝科技,,6.571519179190034,4.35452973563562,2.216989443554413,292.8950310559546,296.76437250631494,307.5155430637122,55.78381898937934,26.50719340225194,12.281538103013094,96370.65,28460518.6,313.0,292.0,0.9381413595311416,0.0573767099155556,0.0033388981636059,-0.0066115702479339,302.5,0.7456833045922444,323.9229577843121,285.975,248.027042215688,0.6913805228012125,0.2653935328914208,32.394366197183096,42.1733653956253,304.7,301.7,5019015.0,4914196.95,-33.10344827586207,60.315787793157625,64.86872677903145,283.375,307.0,105358.9004999998,True,0.0389361133816013,-14.0,0.0,0.0,0.0,0.0,0.0,-0.0355972152179953,0.0,0.0,0.0636,0.0314,0.0,1.13,0.07,0,False,0,False,False,True,False,0.4381416956303605,False,True,True,False,True,False,False,False,False,True,False,False,False,False,False,False,True,True,0.0,0.0,4.159733777038269,0.0,0.2594755536942559,False,False,False,False,False,False,False,-1.0,False,6,False,False,437.49512360063466,8.3,3,False,3,False,False,False,False,"rsi_strong, market_above_ma60, avoid_chase, adx_trending, obv_uptrend, mfi_strong",,,-129.8,31.4,48.1,65.3,-0.68,False,242,D
2026-10-07,5910.0,6020.0,5820.0,5885.0,571718,3371211740,7769,鴻勁,,-150.4398699717649,-141.94299814190725,-8.49687182985764,5946.16491594435,6146.073614405618,5905.10162826124,47.06263653741201,11.720923246326617,307.3847005481732,993635.5,6154296263.75,6970.0,5490.0,-0.9328764521482285,-0.1174140444446959,0.0690281562216166,-0.0033869602032176,5905.0,0.9903406229833644,6861.443414920457,6064.0,5266.556585079543,0.387766331346623,0.2630090418603091,61.58536585365854,53.84721010832315,5735.0,5756.5,62693020.0,63153455.05,-59.10931174089069,-38.62744062395458,48.18284457450009,6213.75,6260.0,105358.9004999998,True,0.0389361133816013,-3218.0,0.0,2900.0,2.0,-2380.0,0.0,0.0300920428400153,0.0,0.0,0.9158,-0.0051,0.0,19.95,-0.06,0,False,0,False,False,False,True,0.5753800060484956,False,False,False,False,False,True,False,True,False,False,True,False,False,False,False,False,False,False,0.0,0.0,18.436703483432456,0.0,-0.2956563162173058,False,True,False,True,False,False,False,-1.0,False,5,True,False,447.2059242658773,19.8,3,False,3,False,True,False,True,"ema60_gt_ema120, market_above_ma60, liquidity_ok, stronger_than_market, invest_trust_buy_2d",long_upper_shadow,close_below_ema20,-120.1,32.6,49.7,65.3,-0.54,False,242,D
2026-10-07,117.5,118.0,116.5,116.5,53157,6227884,7786,東方風能,,-0.5487351157307785,-0.7253015885453675,0.176566472814589,118.30676415827384,121.19458148248587,128.7914252295103,44.38045051449803,11.460629476251832,2.74053698504006,114574.8,13396169.55,120.5,117.0,0.1429494478531859,-0.2015415150677211,-0.0251046025104602,-0.0085106382978723,117.5,0.6731280226940166,121.62343719470532,117.625,113.62656280529468,0.3593200361519106,0.0679861797186876,11.11111111111111,48.148148148148415,118.1,118.15,-12110455.0,-12159172.6,-88.88888888888889,-17.446176688939005,60.05394555786981,124.125,126.75,105358.9004999998,True,0.0389361133816013,-20000.0,0.0,0.0,0.0,0.0,0.0,-0.0640407158920615,0.0,0.0,0.0857,0.0399,0.0,2.57,0.09,0,False,0,False,False,False,False,0.4639501879994553,False,False,False,False,True,False,False,False,False,True,False,False,False,False,False,False,True,False,20.0,0.0,3.433476394849785,8.0,0.0852809253400469,False,False,False,False,False,False,False,-1.0,False,4,False,False,288.66287298407514,3.5,3,False,3,False,True,True,True,"market_above_ma60, avoid_chase, obv_uptrend, mfi_strong",,"close_below_ema20, close_below_swing_low",-87.4,39.3,23.2,28.6,-0.72,False,28,D
2026-10-07,342.0,345.5,329.0,329.0,4724716,1581188187,7788,松川精密,,12.608789659084607,8.443018477043083,4.165771182041524,305.1833036714324,277.5602338218256,247.4446031391143,58.43755486602988,22.01056461070159,20.183521341134146,2212979.75,684864618.45,365.5,287.5,0.5406374076572908,0.7227436673385916,0.119047619047619,-0.0998632010943912,365.5,1.828600380413136,342.02052631244464,300.6,259.1794736875554,0.842825194756969,0.2755856707414811,56.2874251497006,83.85681467254228,324.9,307.6,10196226.0,10946945.05,-42.44186046511628,158.59116559641993,59.52564746485165,267.875,249.5,105358.9004999998,True,0.0389361133816013,-624354.0,0.0,0.0,0.0,-162077.0,0.0,0.0801115056660177,0.0,0.0,0.6641,-0.1159,0.0,9.35,0.67,0,False,1,False,False,True,True,2.135001913144483,True,True,True,False,False,True,False,True,False,False,False,False,False,False,False,False,True,True,0.0,-12.0,11.094224924012158,0.0,-0.1288200537380604,False,False,True,False,False,False,False,-1.0,False,9,False,False,747.8041784865881,51.4,5,False,3,False,False,False,False,"ema60_gt_ema120, volume_break, rsi_strong, market_above_ma60, liquidity_ok, adx_trending, stronger_than_market, mfi_strong, above_ichimoku_cloud",,,180.5,75.2,83.2,65.3,1.02,False,242,X
2026-10-07,556.0,565.0,540.0,545.0,836375,461963094,7795,長廣,,9.398067107905604,2.8600965697241265,6.537970538181478,519.5741379617,498.902580874697,461.8267726838217,57.144781099670645,21.11221562410841,33.363595340462986,1299573.95,680516783.4,559.0,484.0,0.2538660996769088,0.3466405799040343,0.1168032786885246,-0.018018018018018,555.0,1.0161145719477642,573.1601509184476,512.2,451.2398490815525,0.7690282053589383,0.2380326080376709,69.14893617021276,77.65957446808534,548.6,521.3,36306595.0,34376845.25,-26.24434389140272,88.1106679960117,60.97848527772528,517.25,497.5,105358.9004999998,True,0.0389361133816013,63894.0,5.0,0.0,0.0,7032.0,1.0,0.0778671653069233,0.0,0.0,1.115,0.9573,0.0,7.14,1.46,0,False,0,False,False,True,True,0.6435763043726754,False,True,True,False,False,True,True,True,False,True,False,False,False,False,False,False,True,True,0.0,0.0,2.568807339449541,8.0,0.3301383305944731,True,False,True,False,False,False,False,-1.0,False,10,False,False,893.3974230108604,28.4,5,True,3,False,False,False,False,"ema60_gt_ema120, rsi_strong, market_above_ma60, liquidity_ok, foreign_buy_3d, adx_trending, stronger_than_market, obv_uptrend, mfi_strong, above_ichimoku_cloud",,,325.0,82.1,91.6,70.5,-0.61,False,190,D
2026-10-07,60.7,61.4,60.6,61.0,50665,3085955,7818,溢泰實業,,-0.3406360858400887,-0.5702559620847045,0.2296198762446157,60.45283726880356,63.455289946557485,71.10180687356387,54.11986215375716,15.067259154643567,0.7920741605259645,61471.8,3688028.1,60.8,59.9,0.0209540011446528,-0.2479580352393861,0.0149750415973377,0.0032894736842106,60.8,1.7137953923616172,60.76449130598551,60.175,59.585508694014486,1.199755867154621,0.0195925652176322,80.00000000000007,78.18181818181802,60.37999999999956,60.20999999999985,-4266797.0,-4358056.1,-19.99999999999993,286.6043613707133,76.68171026903897,63.225,65.45,105358.9004999998,True,0.0389361133816013,10000.0,6.0,0.0,0.0,7000.0,1.0,-0.0239610717842635,0.0,0.0,0.1154,-0.0414,0.0,0.59,0.08,0,False,0,False,False,False,False,0.8241990636356833,False,False,False,True,True,False,True,False,False,True,False,False,True,False,False,False,True,True,-20.0,-25.0,-0.327868852459021,25.0,0.3027356761101148,True,False,False,False,False,False,False,-1.0,False,7,False,False,541.8748187496782,5.9,3,False,3,False,False,False,False,"breakout_20d, market_above_ma60, avoid_chase, foreign_buy_3d, obv_uptrend, bb_squeeze_breakout, mfi_strong",,,165.8,78.6,62.1,28.6,-0.35,False,28,D
2026-10-07,64.7,65.5,64.7,65.0,109161,7100090,7812,稜研科技*-創,,-3.055961567385694,-1.984498997596688,-1.0714625697890063,70.5811602337017,74.7020277196554,77.45792025725548,32.78574231036802,21.864755924394803,3.902340614184852,160963.15,11503677.45,80.3,64.5,-1.322750787072546,-0.1917285235082098,-0.0254872563718141,0.0061919504643963,64.6,0.6890783790180036,84.78293186756349,72.86500000000032,60.94706813243715,0.1700350326130678,0.327123635972363,9.61538461538461,7.523310023310235,65.1,67.23000000000029,1873263.0,2364291.2,-95.0,-101.70002151925968,35.52192628506049,71.85,76.5,105358.9004999998,True,0.0389361133816013,43000.0,2.0,0.0,0.0,3000.0,4.0,-0.0644233697534154,0.0,0.0,0.0,0.0,0.0,0.29,0.21,0,False,0,False,False,False,False,0.6781738553203016,False,False,True,False,True,False,False,False,True,False,False,True,False,False,False,False,False,False,20.0,12.0,23.538461538461533,0.0,-2.0,True,False,False,False,False,False,False,-1.0,False,5,False,False,364.781738553203,9.0,3,False,3,False,True,False,True,"market_above_ma60, avoid_chase, adx_trending, kd_golden_cross, dealer_buy_3d",,close_below_ema20,-202.5,21.5,36.3,65.3,-0.44,False,242,D
2026-10-07,993.0,1005.0,946.0,950.0,291623,283336399,7822,倍利科,,23.89689160182354,13.090388059758896,10.806503542064643,928.9698881774344,938.7770584106186,986.0598876913718,55.58542044442207,19.8149945949,42.284153688595495,204467.45,191288106.9,1000.0,850.0,0.9696655685298552,0.1430316463059912,-0.0480961923847695,-0.026639344262295,976.0,1.698229877558594,1037.7180813690418,901.45,765.1819186309584,0.6781414969383646,0.3023308699740233,51.21951219512195,67.1372554349673,983.2,955.8,5721981.0,5398821.3,-34.78260869565217,67.57468446381547,67.31980617772021,888.25,1015.0,105358.9004999998,True,0.0389361133816013,-45620.0,0.0,0.0,0.0,-14993.0,0.0,-0.0870323057663708,0.0,0.0,0.7462,0.1057,0.0,1.14,0.07,0,False,0,False,False,True,False,1.4262563552291574,False,True,False,False,True,True,False,False,False,True,False,False,False,False,False,False,True,True,0.0,0.0,5.263157894736842,0.0,0.5681793622747409,False,False,False,False,False,False,False,-1.0,False,6,False,False,431.0807158995885,15.2,3,True,3,False,False,False,False,"rsi_strong, market_above_ma60, avoid_chase, liquidity_ok, obv_uptrend, mfi_strong",,,-136.2,29.8,47.1,65.3,0.31,False,242,D
2026-10-07,16.8,17.0,16.65,16.9,1070698,18029266,8011,台通,,0.1545202663752718,0.0207595339118598,0.133760732463412,16.11698439314604,16.382046952761186,17.320165544279153,65.46752985945719,28.464880113369897,0.3669241726347262,495359.3,8047958.3,17.0,15.8,0.3806857819907961,-0.0629146476075292,0.0496894409937886,-0.0058823529411765,17.0,5.144883346458525,16.801435597163625,15.930000000000016,15.05856440283641,1.0565528899422896,0.1094081101272575,74.19354838709666,64.94623655913954,16.43000000000011,16.190000000000055,8699238.0,7031577.6,-22.22222222222233,195.3718424306656,82.29946957903053,16.05,17.025,105358.9004999998,True,0.0389361133816013,-90308.0,0.0,0.0,0.0,-3000.0,0.0,0.0107533276121873,0.0,0.0,-0.1108,0.0865,0.0,2.83,-0.05,0,False,0,False,False,True,False,2.161457350250616,True,True,True,False,True,False,False,True,False,True,False,False,False,False,False,False,True,True,-10.0,-25.0,0.5917159763313694,25.0,1.7158029396423495,False,False,False,False,False,False,False,-1.0,False,8,False,False,587.2042087782144,35.6,8,False,3,False,False,False,False,"volume_break, rsi_strong, market_above_ma60, avoid_chase, adx_trending, stronger_than_market, obv_uptrend, mfi_strong",,,19.9,53.7,67.9,65.3,1.04,False,242,D
2026-10-07,296.0,296.0,288.5,289.5,696822,202213874,8016,矽創,,0.3789143066645124,-1.5401518497039663,1.9190661563684788,287.16829841298505,288.4465130807013,277.6737387289913,52.064205947184,11.568767527572636,6.841170826726396,526990.55,148912573.35,296.0,281.5,0.2969268345643245,-0.0434576162483458,0.0193661971830985,-0.0219594594594594,296.0,1.1085893451829147,294.8237050030855,283.0,271.1762949969145,0.774871539771323,0.0835597526719821,58.97435897435897,82.71901709401693,291.7,287.45,68694402.0,67425121.4,-30.76923076923077,122.96785234078972,84.19567267545163,290.75,313.75,105358.9004999998,True,0.0389361133816013,-300987.0,0.0,20202.0,8.0,-538.0,0.0,-0.0195699161985027,0.0,0.0,0.2369,-0.0627,0.0,46.77,0.09,0,False,0,False,False,True,True,1.3222665947235674,False,False,False,False,True,True,False,False,False,True,True,False,False,False,False,False,True,True,0.0,0.0,2.245250431778929,8.0,0.5083837332535776,False,True,False,False,False,False,False,-1.0,False,7,False,False,552.3232707462786,14.6,3,False,3,False,False,False,False,"ema60_gt_ema120, market_above_ma60, avoid_chase, liquidity_ok, obv_uptrend, invest_trust_buy_2d, mfi_strong",,,-15.0,46.7,63.7,65.3,0.2,False,242,D
2026-10-07,562.0,574.0,549.0,556.0,7632227,4264293836,8021,尖點,,31.458027649116104,21.462386215383816,9.995641433732288,492.1113507342879,456.6684379153471,421.4941393738983,72.84195065683852,23.23251436400527,26.511048516940512,5637303.3,2769305002.55,561.0,466.0,1.4219290361350403,0.4208881299052188,0.1440329218106995,-0.0089126559714795,561.0,1.5173789735871774,567.3230511485876,478.65,389.9769488514124,0.9361528051537674,0.3705131145872251,76.66666666666667,81.31720430107514,546.6,513.4,979613030.0,938095780.9,-16.231884057971016,161.4821703908561,82.27872024522318,396.375,454.0,105358.9004999998,True,0.0389361133816013,-1152066.0,0.0,228000.0,4.0,-58868.0,0.0,0.1050968084290981,0.0,0.0,0.9775,0.055,0.0,18.59,0.95,0,False,0,False,False,True,True,1.3538790790270234,False,True,True,False,False,True,False,True,False,True,True,False,False,False,False,False,True,True,-10.0,-25.0,0.8992805755395683,25.0,1.3471834402924767,False,True,True,False,False,False,False,-1.0,False,10,False,False,919.70499207378,37.5,5,False,3,False,False,False,False,"ema60_gt_ema120, rsi_strong, market_above_ma60, liquidity_ok, adx_trending, stronger_than_market, obv_uptrend, invest_trust_buy_2d, mfi_strong, above_ichimoku_cloud",,,352.4,90.9,92.6,65.3,0.23,False,242,D
2026-10-07,281.5,294.0,280.5,285.0,7462037,2147383238,8028,昇陽半導體,,9.179559139414664,5.2901751596831605,3.889383979731504,265.9929953319328,263.6790299326865,257.11302129125994,63.018395130916815,27.15563430589323,12.512317480533127,7079495.45,1875616614.75,289.0,257.5,1.4350492489983502,-0.2414025452390136,0.0088495575221239,0.0178571428571427,280.0,0.4811630582951573,302.8878928554634,256.95,211.01210714453657,0.8053035115068846,0.3575628943799449,75.29411764705883,68.6274509803928,282.0,277.2,176171381.0,149288470.6,-15.328467153284672,96.0119168528674,88.55099113187089,258.5,295.5,105358.9004999998,True,0.0389361133816013,23348.0,1.0,0.0,0.0,128678.0,1.0,-0.0300865558594773,0.0,0.0,0.2557,-0.0181,0.0,12.94,-1.04,0,False,0,False,False,True,True,1.0540351431400383,False,True,True,False,True,True,False,False,True,True,False,False,False,False,False,False,True,True,-10.0,-12.0,1.4035087719298245,15.0,1.4105868803157369,False,False,False,True,False,False,False,-1.0,False,9,True,False,655.4673939951892,10.7,3,False,3,False,False,False,False,"ema60_gt_ema120, rsi_strong, market_above_ma60, avoid_chase, liquidity_ok, adx_trending, kd_golden_cross, obv_uptrend, mfi_strong",long_upper_shadow,,88.2,63.2,74.3,65.3,-0.07,False,242,D
2026-10-07,95.9,97.0,93.4,95.0,208189,19686025,6840,東研信超,,2.883356967692137,4.379593853291424,-1.496236885599287,96.6762940843042,86.27643253172909,78.17340382763798,50.42555400181282,29.93625821307651,3.962255479108874,483389.05,47918376.2,108.0,95.9,0.3746347319334417,1.1051881025353365,-0.0394337714863498,-0.0093847758081335,95.9,0.4167301487570768,108.81349719049666,97.7350000000002,86.65650280950376,0.3765626802547552,0.2267048077044339,12.213740458015227,6.462416797263359,97.18000000000028,99.6300000000003,13950115.0,14553017.8,-77.46478873239438,-38.65194909971056,62.05896626806912,83.55,78.1,105358.9004999998,True,0.0389361133816013,-52666.0,0.0,0.0,0.0,-3000.0,0.0,-0.0783698848679511,0.0,0.0,0.108,-0.0688,0.0,0.0,0.0,0,False,0,False,False,True,True,0.4306862143443257,False,False,True,False,True,False,False,False,True,False,False,False,False,False,False,False,True,False,20.0,0.0,13.684210526315791,0.0,-0.1662466788789265,False,False,True,False,False,False,False,-1.0,False,7,False,False,542.3119019968962,6.3,3,False,3,False,True,True,True,"ema60_gt_ema120, market_above_ma60, avoid_chase, adx_trending, kd_golden_cross, mfi_strong, above_ichimoku_cloud",,"close_below_ema20, close_below_swing_low",22.0,56.2,62.2,64.6,-0.53,False,48,D
2026-10-07,111.5,115.5,111.5,115.5,4112,462945,6855,數泓科,,2.7256465253487647,-2.706106866269896,5.431753391618661,84.99815504810606,89.05893966726474,93.49085466719583,52.68755483354919,8.195149809898291,44.11129553252557,4546.0,518472.65,120.0,0.0,,,-0.0043103448275861,0.0358744394618835,111.5,1.5227295967641146,185.5557896028173,86.075,-13.405789602817292,0.6478928751846511,2.31149089986215,99.56896551724138,97.84482758620771,90.8,79.8,272547.0,266035.9,-0.4310344827586206,44.08184408184408,67.63324598955968,59.625,62.5,105358.9004999998,True,0.0389361133816013,0.0,0.0,0.0,0.0,0.0,0.0,-0.0432464582091874,0.0,0.0,0.6466,-0.1456,0.0,0.0,0.0,0,False,0,False,False,True,False,0.904531456225253,False,False,False,False,True,False,False,False,False,True,False,False,False,False,False,False,True,True,-20.0,0.0,3.896103896103896,0.0,0.1567982976635497,False,False,True,False,False,False,False,-1.0,False,5,False,False,300.9268941342152,31.0,3,False,3,False,False,False,False,"market_above_ma60, avoid_chase, obv_uptrend, mfi_strong, above_ichimoku_cloud",,,-219.4,16.7,25.9,64.6,-0.29,False,48,C
2026-10-07,122.5,122.5,120.5,120.5,25941,3140821,6859,伯特光,,2.7155288003295794,2.888938171438665,-0.173409371109086,119.03434299509206,115.19330828158908,115.05128724861348,56.03150266067643,40.59560201429397,3.5738421130178475,47537.35,5716096.7,123.0,117.5,0.2918148917822253,0.4049124816164485,0.0,-0.0203252032520325,123.0,0.7179229953341588,125.09887375960211,119.55,114.00112624039788,0.5856029566681044,0.0928293393492616,26.666666666666668,53.333333333332725,121.9,120.9,2563640.0,2444799.55,-70.83333333333333,46.94113120430917,79.41861415628608,106.625,117.0,105358.9004999998,True,0.0389361133816013,16.0,6.0,0.0,0.0,-12.0,0.0,-0.0389361133816013,0.0,0.0,-0.1046,-0.0336,0.0,0.0,0.0,0,False,0,False,False,True,True,0.5456972254448345,False,True,True,False,True,False,True,False,False,True,False,False,False,False,False,False,True,True,10.0,0.0,2.0746887966804977,8.0,0.6591275758544031,True,False,True,False,False,False,False,-1.0,False,9,False,False,676.3665031647012,6.1,10,False,3,True,False,False,True,"ema60_gt_ema120, rsi_strong, market_above_ma60, avoid_chase, foreign_buy_3d, adx_trending, obv_uptrend, mfi_strong, above_ichimoku_cloud",,macd_death_cross,155.6,84.1,76.4,60.3,-0.5,False,63,D
2026-10-07,133.0,137.0,129.0,132.5,243004,32161128,6877,鏵友益,,5.401007314608705,3.548876774753266,1.8521305398554395,127.543654226431,124.88002724981207,124.84026420152684,55.39477343384207,23.79968594412642,7.297201239393268,150785.0,20366125.5,152.0,121.0,1.264570961774805,0.0176599403256128,0.0515873015873016,0.0,132.5,2.96782557897456,146.56407021058956,123.925,101.28592978941045,0.6893849862259138,0.3653672819945865,32.25806451612903,48.03775604534591,140.2,132.75,2927865.0,3515940.35,-44.680851063829785,63.756320138117935,36.4071023324273,116.375,124.5,105358.9004999998,True,0.0389361133816013,-8829.0,0.0,0.0,0.0,-3302.0,0.0,0.0126511882057003,0.0,0.0,1.4018,-0.0148,0.0,0.0,0.0,0,False,0,False,False,True,True,1.6115926650528898,True,True,True,False,False,False,False,True,False,False,False,False,False,False,False,False,False,True,0.0,0.0,14.716981132075473,0.0,-2.0,False,False,True,True,False,False,False,-1.0,False,7,True,False,537.1159266505289,29.9,3,True,3,False,False,False,False,"ema60_gt_ema120, volume_break, rsi_strong, market_above_ma60, adx_trending, stronger_than_market, above_ichimoku_cloud",long_upper_shadow,,16.8,54.2,61.7,64.6,0.07,False,48,D
2026-10-07,356.5,366.0,356.0,363.0,58253,21104281,6894,衛司特,,4.079680922741375,5.062522084532849,-0.982841161791474,358.73160248365315,350.9468481081696,339.45706396070455,55.24901644421748,28.64063296843925,10.268118741095645,68833.35,24834754.05,372.5,358.0,0.2180086291276469,0.2007751321177409,0.005540166204986,0.0111420612813371,359.0,0.9764854565280268,376.6170271430008,359.375,342.1329728569992,0.605121050150751,0.0959556293175698,50.0,26.624869383489568,360.6,363.55,6144248.0,6072884.75,-63.9344262295082,23.02601758680031,58.28868205706252,333.875,350.0,105358.9004999998,True,0.0389361133816013,19000.0,2.0,0.0,0.0,-4252.0,0.0,-0.0333959471766152,0.0,0.0,0.6783,-0.0113,0.0,0.0,0.0,0,False,0,False,False,True,True,0.8462903519878081,False,True,True,False,True,False,False,False,True,True,False,False,False,False,False,False,True,False,0.0,0.0,2.6170798898071626,8.0,0.2681115845629876,True,False,True,False,False,False,False,-1.0,False,9,False,False,694.680242534634,6.7,5,False,3,False,False,False,False,"ema60_gt_ema120, rsi_strong, market_above_ma60, avoid_chase, adx_trending, kd_golden_cross, obv_uptrend, mfi_strong, above_ichimoku_cloud",,,345.5,84.2,78.5,47.4,-0.44,False,19,D
2026-10-07,157.0,157.0,154.0,155.0,9397,1468984,6895,宏碩系統,,3.24751559528616,2.7255603032110614,0.5219552920750985,149.00774924494178,144.3900361590945,150.82908341762047,60.25641759504701,16.108335442852745,6.171679936461802,25901.65,3842016.15,157.5,140.0,0.0765558038388794,0.5339712766850446,0.023102310231023,-0.0158730158730159,157.5,1.0237425360290926,159.50888251663048,148.95,138.3911174833695,0.7864886502180093,0.1417775430229002,83.33333333333333,91.24579124579152,153.9,149.7,-1865669.0,-1908717.0,-13.636363636363637,105.66534914360965,58.91083570643026,134.25,138.75,105358.9004999998,True,0.0389361133816013,-4000.0,0.0,0.0,0.0,327.0,1.0,-0.0158338031505782,0.0,0.0,-0.3951,0.08,0.0,0.0,0.0,0,False,0,False,False,True,False,0.3627954203689726,False,True,False,False,True,False,False,False,False,True,False,False,False,False,False,False,True,True,-20.0,0.0,1.6129032258064515,15.0,0.1434891660031408,False,False,True,False,False,False,False,-1.0,False,6,False,False,360.3498241957274,11.1,3,True,3,False,False,False,False,"rsi_strong, market_above_ma60, avoid_chase, obv_uptrend, mfi_strong, above_ichimoku_cloud",,,-148.1,25.2,35.8,60.6,-0.8,False,127,D
2026-10-07,49.1,49.4,49.1,49.3,13232,651836,6899,創為精密,,-0.2403717138103758,-0.2648154324374982,0.0244437186271224,49.69935673948103,51.03409073675057,52.267662907553486,42.46686407955733,22.972360243012908,0.7834978828124565,11046.95,551026.55,51.0,49.3,-0.0217921054696708,-0.0664180402100696,-0.0100401606425702,-0.004040404040404,49.5,1.792622551973822,50.476195939103135,49.65249999999988,48.828804060896616,0.2860254110372102,0.033178427636202,42.85714285714249,34.090032774243205,49.479999999999926,49.55999999999985,2384810.0,2391297.5,-88.46153846153855,-83.4510690402175,41.723578906654815,50.3875,55.75,105358.9004999998,True,0.0389361133816013,-1000.0,0.0,0.0,0.0,0.0,0.0,-0.0489762740241715,0.0,0.0,-0.1492,-0.0929,0.0,0.0,0.0,0,False,0,False,False,False,False,1.1977966769108217,False,False,True,False,True,False,False,False,False,False,False,False,False,False,False,False,False,False,0.0,0.0,3.4482758620689715,8.0,-0.1899606627919394,False,False,False,False,False,False,False,-1.0,False,3,False,False,162.69843881560493,6.5,5,False,3,False,True,False,True,"market_above_ma60, avoid_chase, adx_trending",,close_below_ema20,-358.0,3.2,4.9,60.3,0.05,False,63,D
2026-10-07,324.0,330.5,323.0,327.0,259992,85181819,6903,巨漢,,2.4735972372015453,-1.0110514282601302,3.4846486654616755,313.434711428196,323.01816619300433,325.3705849394378,59.931958242149584,17.00251981281058,10.18239561074314,260247.35,81167570.15,328.0,303.5,0.4190839313607039,-0.229981109748008,0.0364500792393027,0.0108191653786708,323.5,1.2648539281291054,329.77417053112777,308.3,286.82582946887226,0.9354068058855524,0.1393069771724149,76.92307692307692,79.79107312440586,322.3,315.25,49046189.0,47764477.35,-18.072289156626507,141.6371041913025,79.72020588844539,321.625,345.0,105358.9004999998,True,0.0389361133816013,61522.0,1.0,0.0,0.0,8804.0,1.0,-0.0024860341422985,0.0,0.0,1.227,0.0399,0.0,0.0,0.0,0,False,0,False,False,True,False,0.9990188180590504,False,True,False,False,True,True,False,False,False,True,False,False,False,False,False,False,True,True,-10.0,-25.0,0.3058103975535168,25.0,0.9778985215899136,False,False,False,False,False,False,False,-1.0,False,6,False,False,421.7249704396695,11.8,3,False,3,False,False,False,False,"rsi_strong, market_above_ma60, avoid_chase, liquidity_ok, obv_uptrend, mfi_strong",,,-98.6,41.7,45.1,64.6,-0.24,False,48,D
2026-10-07,129.5,136.5,129.5,134.0,490190,65419302,6913,鴻呈,,-2.0958739926104784,-2.7821141386975192,0.6862401460870409,131.6537839432967,133.34656107449644,131.2969508193946,52.505501581190906,15.713991706651594,4.062927390686918,231123.15,29943025.25,136.5,127.0,0.0814864496705717,0.0830154422141747,0.0428015564202335,0.0347490347490346,129.5,0.3412314499507995,132.92553677446304,128.85,124.77446322553696,1.131818614945331,0.0632601750013665,73.6842105263158,61.22807017543831,130.5,129.25,39550910.0,39333538.85,-21.73913043478261,187.545787545788,67.12323490310953,144.0,137.75,105358.9004999998,True,0.0389361133816013,-120559.0,0.0,0.0,0.0,-1307.0,0.0,0.0038654430386322,0.0,0.0,0.2504,-0.1829,0.0,0.0,0.0,0,False,0,False,False,True,True,2.120903942335504,True,False,False,False,True,False,False,True,True,True,False,False,True,False,False,True,True,True,-10.0,-25.0,1.8656716417910448,15.0,0.099508739602747,False,False,False,False,False,False,False,-1.0,False,10,False,False,772.403144298588,35.0,3,False,3,False,False,False,False,"ema60_gt_ema120, volume_break, market_above_ma60, avoid_chase, stronger_than_market, kd_golden_cross, obv_uptrend, bb_squeeze_breakout, cci_momentum, mfi_strong",,,204.0,73.7,84.7,70.5,0.56,False,190,D
2026-10-07,192.0,193.5,189.0,189.0,657668,125590620,6907,雅特力-KY,,1.9277247815890064,1.2125047494786432,0.7152200321103632,188.27017770189968,181.2686036105248,162.6104526755168,51.12794361400469,17.799451110607194,9.381845760656066,1588122.05,307489731.05,204.0,180.5,0.1227452215845326,-0.1367340124559133,0.0053191489361701,-0.0104712041884816,191.0,0.4622137559268415,202.7369225156678,187.45,172.16307748433218,0.5506969273381019,0.163104001234119,32.142857142857146,39.88095238095199,194.5,189.5,45389237.0,43992636.6,-60.31746031746032,23.07692307692308,67.03612666145332,185.0,188.5,105358.9004999998,True,0.0389361133816013,-70001.0,0.0,0.0,0.0,-11282.0,0.0,-0.0336169644454311,0.0,0.0,1.9872,-0.0907,0.0,0.0,0.0,0,False,0,False,False,True,True,0.4141167865530234,False,False,False,False,True,True,False,False,False,True,False,False,False,False,False,False,True,True,0.0,0.0,7.936507936507936,0.0,0.1561974030492709,False,False,True,False,False,False,False,-1.0,False,7,False,False,496.0155367021215,9.9,3,True,3,False,False,False,False,"ema60_gt_ema120, market_above_ma60, avoid_chase, liquidity_ok, obv_uptrend, mfi_strong, above_ichimoku_cloud",,,-12.5,48.8,55.9,60.6,-0.75,False,127,D
2026-10-07,208.0,211.0,204.0,204.0,146567,30244846,6922,宸曜,,4.483961159165858,4.035155735904061,0.4488054232617973,206.1950549363372,197.64615856420508,190.44281251315832,49.798840332796175,23.32457879349616,9.014401862092123,165396.25,34155867.85,225.0,204.0,0.8855388612709952,0.3009033188103574,-0.0769230769230768,-0.0331753554502369,211.0,0.4198444515826697,228.4647665792057,201.475,174.4852334207943,0.5467769884669065,0.2679217429378901,14.754098360655735,38.31967213114755,212.7,213.0,6742715.0,6527729.2,-54.73684210526316,25.90171871217612,66.37000118777797,195.625,188.5,105358.9004999998,True,0.0389361133816013,-21858.0,0.0,0.0,0.0,-18312.0,0.0,-0.1158591903046781,0.0,0.0,0.5898,-0.0603,0.0,0.0,0.0,0,False,0,False,False,True,True,0.8861567296719243,False,False,True,False,True,False,False,False,False,True,False,False,False,False,False,False,True,False,20.0,0.0,10.294117647058822,0.0,0.2295936987257235,False,False,True,False,False,False,False,-1.0,False,7,False,False,531.6166916814278,6.6,3,False,3,False,True,False,True,"ema60_gt_ema120, market_above_ma60, avoid_chase, adx_trending, obv_uptrend, mfi_strong, above_ichimoku_cloud",,close_below_ema20,164.4,73.0,60.9,47.0,-0.15,False,100,D
2026-10-07,257.0,260.0,253.5,257.0,74587,19125620,6953,家碩,,6.60690071064073,4.530366266142391,2.076534444498339,244.1053925239358,236.0087805783169,232.7523741931737,64.8888554107711,22.554596425407773,7.921123897871322,96208.05,24157540.05,259.0,235.5,0.5608071107784426,0.2743994241500881,0.0489795918367346,-0.0077220077220077,259.0,1.3996399664198411,261.9616634277256,240.95,219.93833657227444,0.8819307323098824,0.1744068348431257,74.19354838709677,76.88172043010734,256.4,247.7,4688665.0,3902559.6,-19.753086419753085,116.0186233798914,91.22746952782002,225.25,218.25,105358.9004999998,True,0.0389361133816013,-30000.0,0.0,0.0,0.0,1639.0,2.0,0.0100434784551333,0.0,0.0,0.3666,-0.093,0.0,0.0,0.0,0,False,0,False,False,True,True,0.7752677660549195,False,True,True,False,True,False,False,True,False,True,False,False,False,False,False,False,True,True,-10.0,-12.0,0.7782101167315175,25.0,2.0,False,False,True,False,False,False,False,-1.0,False,9,False,False,724.7526776605492,13.6,3,True,3,False,False,False,False,"ema60_gt_ema120, rsi_strong, market_above_ma60, avoid_chase, adx_trending, stronger_than_market, obv_uptrend, mfi_strong, above_ichimoku_cloud",,,216.3,73.2,81.5,60.6,-0.41,False,127,D
2026-10-07,73.5,73.9,72.4,73.4,127423,9307118,6967,汎瑋材料,,0.6291602649878172,-0.3427519054766246,0.9719121704644418,69.38479685008751,69.97323165076052,70.10842472237981,64.23325450914048,16.72639332363772,1.990970865955605,158816.05,10706405.95,73.5,65.7,0.5393053945249687,-0.1451576899747707,0.0455840455840457,-0.0013605442176869,73.5,1.2588920151920793,73.47461205597541,67.67500000000037,61.87538794402532,0.9935674959587564,0.1713959972212786,94.04761904761904,90.76949620427877,71.86000000000058,69.51000000000059,3499024.0,3163705.0,-5.494505494505489,147.9529081005101,79.72586431296564,72.7,73.6,105358.9004999998,True,0.0389361133816013,0.0,0.0,0.0,0.0,0.0,0.0,0.0066479322024444,0.0,0.0,0.0112,-0.1166,0.0,0.0,0.0,0,False,0,False,False,True,False,0.8023307467979465,False,True,False,False,True,False,False,True,False,True,False,False,False,False,False,False,True,True,-20.0,-25.0,0.136239782016341,25.0,0.7321013099340752,False,False,False,True,False,False,False,-1.0,False,6,True,False,441.8085231871884,12.6,3,True,3,False,False,False,False,"rsi_strong, market_above_ma60, avoid_chase, stronger_than_market, obv_uptrend, mfi_strong",long_upper_shadow,,-126.6,35.3,48.8,70.5,-0.49,False,190,D
2026-10-07,23.6,23.85,23.3,23.5,13005,306572,6971,惠民實業,,-0.5765089692865395,-0.5838421684646339,0.0073331991780943,24.19592616263733,25.38660029829691,26.79500234265973,32.44478878774477,29.00513125753969,0.3878849600137969,32134.05,801958.3,26.65,23.3,-0.4643968965179068,-0.2233691746370352,0.0,-0.0146750524109015,23.85,0.5117482835883488,25.759053107893983,24.21500000000001,22.67094689210604,0.2684665131190849,0.1275286481845114,40.00000000000009,57.5,23.57000000000007,23.640000000000327,-1155912.0,-1096566.3,-79.99999999999996,-74.65326258959352,20.87675124365225,26.1375,27.6,105358.9004999998,True,0.0389361133816013,1000.0,1.0,0.0,0.0,0.0,0.0,-0.0389361133816013,0.0,0.0,0.0876,0.2415,0.0,0.0,0.0,0,False,0,True,True,False,False,0.4047108907840748,False,False,True,False,True,False,False,False,False,False,False,False,False,False,False,False,False,False,0.0,0.0,13.40425531914893,0.0,-0.6148850503893971,False,False,False,True,False,False,False,-1.0,False,5,True,False,351.668488303168,4.1,5,False,3,False,True,False,True,"macd_golden_cross, market_above_ma60, avoid_chase, hist_turn_positive, adx_trending",long_upper_shadow,close_below_ema20,2.5,57.9,34.7,47.4,-0.87,False,19,D
2026-10-07,405.0,425.0,382.0,382.0,549061,221280399,6983,華洋精機,,10.357956698313105,7.65317753207424,2.704779166238863,354.9458128360898,344.11932855057063,336.0715612980352,67.1411208553163,29.85831382289009,15.272976518944358,85352.5,32111990.8,395.0,346.0,0.3599622418177909,0.2654115701999176,0.0977011494252872,-0.0329113924050632,395.0,6.3066172058623655,378.3711212605365,353.8,329.2288787394635,1.073844386281463,0.1388983677814388,49.41176470588236,75.80392156862763,368.9,358.3,681065.0,663770.05,-50.588235294117645,359.4994311717867,91.3602598701422,317.125,339.0,105358.9004999998,True,0.0389361133816013,-71930.0,0.0,0.0,0.0,-13127.0,0.0,0.0587650360436859,0.0,0.0,0.0713,0.2159,0.0,0.0,0.0,0,False,0,False,False,True,True,6.432863712252131,True,True,True,False,False,False,False,True,False,True,False,False,True,False,False,False,True,True,0.0,-25.0,3.4031413612565444,8.0,0.0906192977234789,False,False,True,False,True,False,False,-1.0,False,10,True,False,864.0874315726818,62.3,8,False,3,False,False,False,False,"ema60_gt_ema120, volume_break, rsi_strong, market_above_ma60, adx_trending, stronger_than_market, obv_uptrend, bb_squeeze_breakout, mfi_strong, above_ichimoku_cloud",open_high_close_low,,343.8,93.8,90.0,64.6,2.52,False,48,D
2026-10-07,166.5,167.0,166.0,166.0,21844,3634172,6996,力領科技,,-2.475683014118374,-2.38169995573058,-0.0939830583877938,170.1129884709707,175.1940727516347,176.13140824467982,39.38148171281449,17.010989433588836,3.0972255767713968,53881.65,9136689.6,183.5,165.5,-0.0344922151502976,-0.076516085603062,-0.0206489675516223,-0.0059880239520958,167.0,0.4402745510376545,172.85333712591287,168.825,164.7966628740871,0.1493590392636515,0.047722045027844,6.666666666666667,8.888888888888687,167.5,168.55,5471093.0,5563516.75,-93.33333333333331,-112.19763252701978,36.19291940824852,176.75,187.5,105358.9004999998,True,0.0389361133816013,2000.0,1.0,0.0,0.0,-553.0,0.0,-0.0595850809332236,0.0,0.0,0.0691,-0.0657,0.0,0.0,0.0,0,False,0,False,False,False,False,0.4054070356048859,False,False,False,False,True,False,False,False,False,False,False,False,False,False,False,False,False,False,20.0,12.0,10.542168674698797,0.0,-0.6204457956770806,False,False,False,False,False,False,False,-1.0,False,2,False,False,138.60872080792387,2.8,3,False,3,False,True,False,True,"market_above_ma60, avoid_chase",,close_below_ema20,-369.9,1.6,2.5,60.6,-0.76,False,127,D
2026-10-07,99.5,101.0,99.1,99.6,157698,15745924,7402,邑錡,,-1.6240674398921016,-1.856512970941001,0.2324455310488999,101.203177087877,105.0946028795044,108.7612309693826,42.542932717456814,15.79453172421618,2.924403221625472,186922.65,18915029.45,104.5,99.1,-0.061244653074752,-0.2628050237721532,-0.0138613861386138,0.0010050251256281,99.5,0.5564149464608568,101.89964281665556,100.325,98.75035718334443,0.2697890618966324,0.0313908361157349,17.14285714285698,13.809523809523547,100.01999999999973,100.0,28268074.0,28292495.5,-81.4814814814815,-69.39704209329008,56.22749497233668,109.75,119.9,105358.9004999998,True,0.0389361133816013,16736.0,1.0,0.0,0.0,-673.0,0.0,-0.0527974995202151,0.0,0.0,0.1553,0.0348,0.0,0.0,0.0,0,False,0,False,False,False,False,0.8436537787154206,False,False,False,False,True,False,False,False,True,False,False,False,False,False,False,False,True,True,20.0,0.0,4.919678714859444,0.0,-0.007842461604055,False,False,False,True,False,False,False,-1.0,False,4,True,False,323.3424282479055,4.4,3,False,3,False,True,False,True,"market_above_ma60, avoid_chase, kd_golden_cross, mfi_strong",long_upper_shadow,close_below_ema20,-197.4,23.8,30.0,60.3,-0.25,False,63,D
2026-10-07,297.5,302.0,280.0,283.0,168642,48556340,7556,意德士,,10.59459137584895,7.239458312329432,3.355133063519518,266.01186062269204,254.08245238470656,245.00290513914044,62.20017776894414,33.890430323352724,12.032527499028744,76655.75,21439155.35,300.0,258.5,0.9376079378657745,0.4260297528316863,0.0699432892249527,-0.0423011844331641,295.5,4.629380654634852,294.1146674381182,260.7,227.28533256188177,0.8336857989279433,0.2563457417577155,46.08695652173913,71.3043478260873,282.8,273.1,3621068.0,3676038.9,-41.05960264900662,148.99195371123758,79.35796238950742,245.25,246.25,105358.9004999998,True,0.0389361133816013,-10275.0,0.0,0.0,0.0,-6789.0,0.0,0.0310071758433514,0.0,0.0,0.4472,0.0679,0.0,0.0,0.0,0,False,0,False,False,True,True,2.199991520531728,True,True,True,False,False,False,False,True,False,False,False,False,False,False,False,False,True,True,0.0,-12.0,6.007067137809187,0.0,-0.3693432082123145,False,False,True,False,False,False,False,-1.0,False,8,False,False,660.5677967067695,42.5,8,True,3,False,False,False,False,"ema60_gt_ema120, volume_break, rsi_strong, market_above_ma60, adx_trending, stronger_than_market, mfi_strong, above_ichimoku_cloud",,,152.1,67.7,74.5,60.6,0.95,False,127,D
2026-10-07,205.0,208.0,205.0,206.0,50059,10324984,7703,銳澤,,4.547466468111651,4.595989413247693,-0.0485229451360424,200.1074114576694,194.4624457083804,197.1348245274007,63.58709885930268,32.536468430009414,4.773922256332772,70154.65,14189768.55,205.5,199.5,0.1318405519210445,0.2657917657866492,0.022332506203474,0.002433090024331,205.5,0.2413153834289536,207.90260148834648,201.775,195.6473985116536,0.8447515319032364,0.0607369742371103,77.77777777777777,80.09259259259245,205.4,203.2,6402779.0,6089815.25,-18.181818181818183,113.17418213969984,74.97041889628079,174.75,186.0,105358.9004999998,True,0.0389361133816013,23625.0,6.0,0.0,0.0,4319.0,5.0,-0.0166036071781272,0.0,0.0,0.8326,0.1751,0.0,0.0,0.0,0,False,0,False,False,True,False,0.7135521308993774,False,True,True,True,True,False,True,False,False,True,False,True,False,False,False,True,True,True,-10.0,-12.0,-0.2427184466019417,25.0,0.6957448296757794,True,False,True,False,False,False,False,-1.0,False,11,False,False,868.4844592651032,8.5,10,False,3,False,False,False,False,"rsi_strong, breakout_20d, market_above_ma60, avoid_chase, foreign_buy_3d, adx_trending, obv_uptrend, dealer_buy_3d, cci_momentum, mfi_strong, above_ichimoku_cloud",,,348.2,95.8,90.4,64.6,-0.39,True,48,D
2026-10-07,60.7,60.7,60.0,60.6,40064,2414909,7704,明遠精密,,-0.1243661305605172,0.0202373147559142,-0.1446034453164315,61.20109690036837,60.77183204311071,59.06078205848132,45.43191163398793,15.160560222397294,1.2701886884594575,36891.9,2266578.55,62.7,60.4,-0.0163430825111862,0.2193938122595309,-0.013029315960912,0.0,60.6,0.7294301688612936,62.55496153785956,61.25500000000011,59.95503846214066,0.2480694693942075,0.0424442588477495,32.25806451612902,22.937562121622857,60.76000000000022,61.25,3303013.0,3327954.95,-70.58823529411764,-107.72357723577284,42.534222407577865,60.85000000000001,58.6,105358.9004999998,True,0.0389361133816013,1000.0,2.0,0.0,0.0,0.0,0.0,-0.0519654293425133,0.0,0.0,0.1381,0.0268,0.0,0.0,0.0,0,False,0,False,False,False,True,1.0859836441061588,False,False,False,False,True,False,False,False,False,False,False,False,False,False,False,False,False,False,0.0,0.0,3.4653465346534675,8.0,-0.1180295329515154,True,False,False,False,False,False,False,-1.0,False,3,False,False,227.4434820456434,4.9,3,False,3,False,True,False,True,"ema60_gt_ema120, market_above_ma60, avoid_chase",,close_below_ema20,-281.0,5.5,13.3,60.6,-0.11,False,127,D
2026-10-07,172.0,173.5,168.5,173.0,316116,54346366,7712,博盛半導體,,5.701917416785818,4.142623712528232,1.5592937042575858,162.4684664298456,155.95505597493937,148.82489357018653,64.38506042955919,29.899844387306988,7.179881428873369,329478.65,54287366.0,176.0,157.5,0.8990356882518119,0.2967735463975025,0.0745341614906831,0.0028985507246377,172.5,2.758721137879192,177.3358394219162,159.6,141.86416057808378,0.8777661626616218,0.2222536268410553,65.11627906976744,70.3949114013006,172.2,166.95,9590258.0,8385640.55,-25.0,102.08493642592782,63.047731126771794,148.125,165.0,105358.9004999998,True,0.0389361133816013,-1000.0,0.0,0.0,0.0,-6511.0,0.0,0.0355980481090818,0.0,0.0,0.555,0.0177,0.0,0.0,0.0,0,False,0,False,False,True,True,0.9594430473719616,False,True,True,False,False,True,False,True,False,True,False,False,False,False,False,False,True,True,0.0,-12.0,1.7341040462427744,15.0,1.3442820946893217,False,False,True,False,False,False,False,-1.0,False,9,False,False,758.7258156099915,19.1,3,True,3,False,False,False,False,"ema60_gt_ema120, rsi_strong, market_above_ma60, liquidity_ok, adx_trending, stronger_than_market, obv_uptrend, mfi_strong, above_ichimoku_cloud",,,250.2,77.2,84.0,60.6,-0.23,False,127,D
2026-10-07,27.05,27.05,26.0,26.8,205100,5429605,7715,裕山,,-0.7425210275088219,-0.7818758678297318,0.0393548403209099,28.06299291623784,29.677777777088327,30.44852572302913,35.32185596798705,24.650282721730346,0.9628338803259576,66379.85,1831146.05,28.9,26.95,-0.1950222203751244,-0.4377344715163535,-0.056338028169014,-0.0092421441774491,27.05,1.4094148284287078,29.0077960141852,27.86750000000011,26.72720398581502,0.0319197880547728,0.0818369795772914,18.39080459770116,12.413373222064669,27.47999999999993,27.59500000000008,-2766886.0,-2445503.7,-81.60919540229884,-162.50000000000003,20.98487390287008,31.575,33.575,105358.9004999998,True,0.0389361133816013,-44000.0,0.0,0.0,0.0,0.0,0.0,-0.0952741415506153,0.0,0.0,-0.5792,-0.5337,0.0,0.0,0.0,0,False,0,False,False,False,False,3.0897930622018577,True,False,True,False,True,False,False,False,True,False,False,False,False,False,False,False,False,False,20.0,25.0,7.83582089552238,0.0,-1.2272352521160554,False,False,False,False,False,False,False,-1.0,False,5,False,False,346.1711075966259,45.4,3,False,3,False,True,True,True,"volume_break, market_above_ma60, avoid_chase, adx_trending, kd_golden_cross",,"close_below_ema20, close_below_swing_low",-3.0,47.4,33.9,47.4,1.71,False,19,D
2026-10-07,605.0,626.0,600.0,602.0,1349916,825505396,7717,萊德光電-KY,,35.447394744859366,36.56233167246542,-1.1149369276060526,554.7674581221908,511.9979193759136,512.615950750922,62.814069243296565,19.57670080488301,39.127293135969616,1417964.2,803430460.8,608.0,551.0,1.194765478168765,0.6076420129572266,-0.0033112582781457,0.0151770657672849,593.0,2.548455250823563,652.6293512702297,556.75,460.8706487297703,0.7359736450055123,0.3444251504992534,52.88461538461539,50.22893772893804,579.8,589.2,30352071.0,22633668.25,-30.81761006289308,75.58154251145369,74.62447147105546,408.625,455.75,105358.9004999998,True,0.0389361133816013,-45619.0,0.0,0.0,0.0,-39707.0,0.0,-0.042247371659747,0.0,0.0,0.8619,0.1244,0.0,0.0,0.0,0,False,0,False,False,True,False,0.9520099308572106,False,True,False,False,True,True,False,False,False,True,False,False,False,False,False,False,True,False,0.0,0.0,0.9966777408637874,25.0,2.0,False,False,True,True,True,False,False,-1.0,False,7,True,False,533.5200993085721,10.9,3,False,3,False,False,False,False,"rsi_strong, market_above_ma60, avoid_chase, liquidity_ok, obv_uptrend, mfi_strong, above_ichimoku_cloud","long_upper_shadow, open_high_close_low",,-25.5,47.3,61.1,67.3,-0.39,False,55,D
2026-10-07,653.0,653.0,626.0,637.0,25776,16355943,7728,光焱科技,,5.629527665401156,2.4674534443582954,3.1620742210428605,624.9999559377258,629.816748097169,638.234116034374,54.09932208945909,22.121676878782623,29.87264257585622,67996.65,42568991.0,667.0,576.0,0.1260722661497304,0.0388571616770728,-0.0449775112443777,-0.0015673981191222,638.0,0.3349358089873869,670.7060129359726,621.85,572.9939870640275,0.6550474454378272,0.1571311825551903,44.20289855072464,44.20289855072466,641.0,623.9,423252.0,617914.2,-53.10344827586207,46.74085025808654,41.46862307440208,600.5,626.5,105358.9004999998,True,0.0389361133816013,-10000.0,0.0,0.0,0.0,300.0,1.0,-0.083913624625979,0.0,0.0,1.3733,0.0168,0.0,0.0,0.0,0,False,0,False,False,True,False,0.3790774986708904,False,False,True,False,True,False,False,False,False,False,False,False,False,False,False,False,False,True,0.0,0.0,4.709576138147567,0.0,-1.4582098617392218,False,False,True,False,True,False,False,-1.0,False,4,True,False,296.2922566458383,7.0,3,True,3,False,False,False,False,"market_above_ma60, avoid_chase, adx_trending, above_ichimoku_cloud",open_high_close_low,,-224.0,14.6,24.8,64.6,-0.56,False,48,D
2026-10-07,2730.0,2770.0,2705.0,2710.0,118480,323588450,7734,印能科技,,-37.73542457126814,-67.4200948178394,29.68467024657125,2736.1502395740404,2871.989221833784,2792.74071903138,47.373342448121285,14.249597233610654,160.01129450613405,260561.75,701559457.75,2980.0,2560.0,0.0585300964130989,-0.3945202905347399,0.0168855534709193,-0.0163339382940108,2755.0,0.5734780542491296,2956.031102577129,2687.75,2419.468897422871,0.5414676989662425,0.1996324826171547,45.71428571428572,57.61904761904831,2775.0,2711.0,12101768.0,11982287.0,-46.34146341463415,17.512437810945364,67.3351702238084,3115.0,3202.5,105358.9004999998,True,0.0389361133816013,-4819.0,0.0,0.0,0.0,1739.0,2.0,-0.0220505599106819,0.0,0.0,-0.0127,-0.3752,0.0,0.0,0.0,0,False,0,False,False,False,True,0.4547098720360912,False,False,False,False,True,True,False,False,False,True,False,False,False,False,False,False,True,True,0.0,0.0,9.96309963099631,0.0,0.2074170845711837,False,False,False,False,False,False,False,-1.0,False,6,False,False,377.0361037352152,13.0,3,True,3,False,True,False,True,"ema60_gt_ema120, market_above_ma60, avoid_chase, liquidity_ok, obv_uptrend, mfi_strong",,close_below_ema20,-131.5,29.1,38.6,60.6,-0.72,False,127,D
2026-10-07,524.0,533.0,524.0,533.0,44640,23665972,7744,崴寶,,9.241437251087405,10.28642165631965,-1.0449844052322457,521.3383049534729,498.3619328562421,477.8666549323151,55.9141347426556,26.53161088729641,20.070497679254977,107738.7,56147580.3,561.0,523.0,0.3115259153275296,0.4895653300416944,0.0191204588910134,0.0152380952380952,525.0,0.4493563014776161,554.57024790663,519.325,484.0797520933701,0.6939977842718983,0.1357348400582678,51.851851851851855,40.37763253449581,530.0,530.7,608277.0,461415.4,-22.41379310344828,47.05134318868233,66.70613156133984,471.25,442.0,105358.9004999998,True,0.0389361133816013,20356.0,1.0,0.0,0.0,-889.0,0.0,-0.0198156544905878,0.0,0.0,0.8643,-0.0219,0.0,0.0,0.0,0,False,0,False,False,True,True,0.4143357957725497,False,True,True,False,True,True,False,False,True,True,False,False,False,False,False,False,True,False,0.0,0.0,5.253283302063791,0.0,0.7944824846041642,False,False,True,False,False,False,False,-1.0,False,10,False,False,728.6771477729754,10.2,3,False,3,False,False,False,False,"ema60_gt_ema120, rsi_strong, market_above_ma60, avoid_chase, liquidity_ok, adx_trending, kd_golden_cross, obv_uptrend, mfi_strong, above_ichimoku_cloud",,,160.3,70.0,81.8,70.5,-0.79,False,190,D
2026-10-07,1590.0,1640.0,1545.0,1600.0,173422,275534455,7751,竑騰,,24.90897351973058,11.949694506228573,12.959279013502009,1543.505884900287,1505.7860032551282,1455.0990305438768,55.25117255397089,14.524519745305671,93.21824238069682,179618.45,272524704.25,1630.0,1420.0,0.5312851059368808,0.5513510760976644,-0.0153846153846153,0.0062893081761006,1590.0,0.5102178928969707,1681.418568786621,1508.0,1334.581431213379,0.7652541784991874,0.22999810183902,71.69811320754717,71.06918238993664,1603.0,1556.5,25395184.0,24725861.05,-24.193548387096776,72.68170426065176,85.5532151866167,1596.25,1492.5,105358.9004999998,True,0.0389361133816013,24982.0,5.0,6000.0,1.0,940.0,1.0,-0.0543207287662166,0.0,0.0,0.4132,-0.0001,0.0,0.0,0.0,0,False,0,False,False,True,True,0.9655021519225891,False,True,False,False,True,True,True,False,True,True,False,False,False,False,False,False,True,True,-10.0,0.0,1.875,15.0,0.6296500000650194,True,False,True,True,False,False,False,-1.0,False,10,True,False,762.2108215200061,8.7,3,True,3,False,False,False,False,"ema60_gt_ema120, rsi_strong, market_above_ma60, avoid_chase, liquidity_ok, foreign_buy_3d, kd_golden_cross, obv_uptrend, mfi_strong, above_ichimoku_cloud",long_upper_shadow,,253.7,79.5,84.3,60.6,-0.23,False,127,D
2026-10-07,35.7,35.7,35.45,35.5,11464,408153,7753,星亞,,-0.4017191490923295,-0.4845472472990141,0.0828280982066845,35.89672257096217,37.3980831393351,39.22432834342634,38.59917628498732,10.943976542147649,0.5088808921854511,17012.5,608163.15,36.65,35.3,-0.1273513261014049,-0.2302015560953037,-0.002808988764045,-0.0056022408963586,35.7,1.0002570754165792,36.53512236709259,35.820000000000256,35.10487763290792,0.2762620673568313,0.0399286637125812,33.333333333333336,48.88888888888929,35.65000000000036,35.61000000000022,98382.0,140468.15,-70.5882352941177,-66.56550328780922,50.96800357032222,38.05,41.7,105358.9004999998,True,0.0389361133816013,1000.0,2.0,0.0,0.0,0.0,0.0,-0.0417451021456463,0.0,0.0,-0.2434,0.1424,0.0,0.0,0.0,0,False,0,False,False,False,False,0.6738574577516532,False,False,False,False,True,False,False,False,False,False,False,False,False,False,False,False,True,True,0.0,0.0,3.239436619718305,8.0,-0.256229551916737,True,False,False,False,False,False,False,-1.0,False,3,False,False,176.6638199545157,3.4,3,False,3,False,True,False,True,"market_above_ma60, avoid_chase, mfi_strong",,close_below_ema20,-344.1,6.3,6.5,60.3,-0.39,False,63,D
2026-10-07,39.8,40.0,39.35,40.0,14010,557600,7770,君曜,,1.2792524968918428,1.209831982842296,0.0694205140495469,39.81277702349617,38.93181782709156,42.04128647667061,52.11619332429747,12.64688884854365,1.7196525804946434,19290.95,758400.2,43.35,39.5,0.922049560611317,,-0.0610328638497652,-0.0208078335373317,40.85,1.2601434988409304,44.195399854277575,39.35750000000007,34.51960014572257,0.566402780064975,0.2458438597104741,16.666666666666618,37.88888888888869,41.53000000000029,41.21000000000022,-1437464.0,-1418767.25,-56.737588652482295,19.29425772582128,67.04357971118111,28.9875,23.0,105358.9004999998,True,0.0389361133816013,2000.0,1.0,0.0,0.0,-5000.0,0.0,-0.0999689772313665,0.0,0.0,-0.4518,0.1056,0.0,0.0,0.0,0,False,0,False,False,True,False,0.7262472817564712,False,False,False,False,True,False,False,False,False,False,False,False,False,False,False,False,True,True,20.0,0.0,8.375000000000004,0.0,-0.3587569433468521,False,False,True,False,False,False,False,-1.0,False,4,False,False,247.9573894974025,6.4,3,False,3,False,False,False,False,"market_above_ma60, avoid_chase, mfi_strong, above_ichimoku_cloud",,,-260.5,9.4,17.1,60.6,-0.46,False,127,D
2026-10-07,147.0,152.0,143.5,144.5,602410,88365978,7772,耀穎,,14.315083047952186,17.552631222684962,-3.237548174732776,153.0565231632023,131.58220154228397,125.37652704005632,49.19697995431939,51.924829513303465,11.71203767336707,786300.05,127690048.9,188.0,151.0,1.7911509214759838,1.154604216326333,-0.1789772727272727,-0.043046357615894,151.0,1.644359411828519,200.0624564641752,155.2,110.3375435358248,0.3807466103807261,0.5781244389713297,1.8018018018018016,13.741626241625758,166.6,172.65,-516015.0,1244005.65,-78.41726618705036,-27.708080399298545,48.486885499960366,89.375,116.75,105358.9004999998,True,0.0389361133816013,-2625.0,0.0,0.0,0.0,-6196.0,0.0,-0.217913386108874,0.0,0.0,0.542,0.3505,0.0,0.0,0.0,0,False,0,False,False,True,True,0.7661324706770652,False,False,True,False,True,True,False,False,False,False,False,False,False,False,False,False,False,False,20.0,0.0,30.103806228373703,0.0,-1.620385415607651,False,False,True,False,False,False,False,-1.0,False,6,False,False,453.2166997194788,12.2,8,False,3,False,True,True,True,"ema60_gt_ema120, market_above_ma60, avoid_chase, liquidity_ok, adx_trending, above_ichimoku_cloud",,"close_below_ema20, close_below_swing_low",-55.3,44.1,50.4,60.6,-0.42,False,127,D
2026-10-07,440.0,440.0,406.5,406.5,2065036,849724892,7792,安葆,,38.04072753538964,35.004320453864466,3.0364070815251694,381.258527984746,321.31963107680093,298.74971395667063,62.0748790859319,56.54698764372576,21.836451115824577,940307.3,363652879.75,451.5,344.0,2.243592699534656,1.3806531371742226,-0.0412735849056603,-0.0996677740863787,451.5,0.7895992235222673,476.6481957699303,370.475,264.30180423006976,0.6696520470103564,0.5731733356902908,34.131736526946106,71.69386793497931,428.5,421.15,15322409.0,11657877.75,-35.256410256410255,65.19761223176447,75.91548284770487,263.375,246.25,105358.9004999998,True,0.0389361133816013,-552807.0,0.0,0.0,0.0,-17094.0,0.0,-0.0802096982872616,0.0,0.0,0.6772,0.0995,0.0,0.0,0.0,0,False,1,False,False,True,True,2.196128861277584,True,True,True,False,True,True,False,False,False,True,False,False,False,False,False,False,True,True,0.0,0.0,11.07011070110701,0.0,0.5495707459294623,False,False,True,False,False,False,False,-1.0,False,10,False,False,753.5561375639294,32.0,8,False,3,False,False,False,False,"ema60_gt_ema120, volume_break, rsi_strong, market_above_ma60, avoid_chase, liquidity_ok, adx_trending, obv_uptrend, mfi_strong, above_ichimoku_cloud",,,233.2,89.6,83.7,64.6,0.37,False,48,X
2026-10-07,250.0,253.0,247.0,248.5,144431,36170473,7810,捷創科技,,9.047130579407252,6.934289847112867,2.1128407322943854,230.94624931871533,218.5065619020188,214.0977146393576,69.7184898982045,37.36272824564839,9.807640036904171,154795.85,36179049.6,249.0,222.0,0.7261131726304586,0.4273442170800555,0.0574468085106383,0.004040404040404,247.5,1.123594683534621,250.9551963456888,228.1,205.2448036543112,0.9462880058312884,0.2003962853633388,83.58208955223881,83.72924111835225,245.0,237.1,7897364.0,6964603.0,-12.790697674418604,144.9520586576424,83.8247889562902,205.125,199.5,105358.9004999998,True,0.0389361133816013,42917.0,1.0,0.0,0.0,1102.0,1.0,0.018510695129037,0.0,0.0,1.1981,-0.0786,0.0,0.0,0.0,0,False,0,False,False,True,True,0.9330418095833964,False,True,True,False,False,False,False,True,False,True,False,False,False,False,False,False,True,True,-20.0,-25.0,0.2012072434607646,25.0,1.42697831998779,False,False,True,False,False,False,False,-1.0,False,8,False,False,666.4541579356874,16.2,8,True,3,False,False,False,False,"ema60_gt_ema120, rsi_strong, market_above_ma60, adx_trending, stronger_than_market, obv_uptrend, mfi_strong, above_ichimoku_cloud",,,158.0,68.5,74.9,60.6,-0.26,False,127,D
2026-10-07,107.0,110.5,107.0,110.5,20489,2223486,7820,立盈,,-0.0988003061042235,-1.371273369353477,1.2724730632492536,107.96524853999468,112.57565292618553,124.34018780955634,51.16051149899872,8.783179051298713,8.866093075356641,14736.05,1584674.85,118.5,104.0,,,0.0,0.0231481481481481,108.0,0.707634882931795,152.1376926310582,103.875,55.612307368941806,0.568634794691673,0.9292455861575586,78.94736842105263,73.93483709273217,110.3,108.95,-1405944.0,-1440673.55,-18.181818181818183,37.34707018673534,63.19069992255571,113.3,113.85,105358.9004999998,True,0.0389361133816013,3000.0,1.0,0.0,0.0,0.0,0.0,-0.0389361133816013,0.0,0.0,0.2098,-0.0179,0.0,0.0,0.0,0,False,0,False,False,False,False,1.3903997339857015,False,False,False,False,True,False,False,False,True,True,False,False,False,False,False,False,True,True,-10.0,0.0,7.239819004524888,0.0,0.796312919876796,False,False,False,False,False,False,False,-1.0,False,5,False,False,383.4597523783786,21.5,3,False,3,False,False,False,False,"market_above_ma60, avoid_chase, kd_golden_cross, obv_uptrend, mfi_strong",,,34.3,63.2,39.6,47.4,0.08,False,19,D
2026-10-07,78.1,79.0,78.0,78.1,129022,10125476,7825,和亞智慧,,-1.5534296642253054,-0.7628931117502717,-0.7905365524750336,83.21225943590831,85.29894227931347,87.05548222908436,44.34153752673679,17.543795472175468,6.184959428792253,567297.3,50412227.4,107.5,74.8,-1.0295707239277645,0.3659914468757879,-0.0746445497630332,-0.0063613231552163,78.6,0.3401291892333535,101.61864072064976,85.13999999999979,68.66135927934982,0.2863901483337238,0.3870951543493071,23.404255319148906,30.496453900709337,81.55999999999912,80.82999999999956,2080442.0,2883573.05,-78.28947368421053,-79.31427730566887,55.79407554826516,81.3,82.5,105358.9004999998,True,0.0389361133816013,-15980.0,0.0,0.0,0.0,0.0,0.0,-0.1135806631446345,0.0,0.0,-0.4189,0.0196,0.0,0.0,0.0,0,False,0,False,False,False,False,0.2274327764295722,False,False,False,False,True,True,False,False,False,False,False,False,False,False,False,False,True,True,10.0,0.0,37.64404609475033,0.0,-0.5135878628630877,False,False,False,False,False,False,False,-1.0,False,4,False,False,211.11127340993863,11.9,3,False,3,False,True,False,True,"market_above_ma60, avoid_chase, liquidity_ok, mfi_strong",,close_below_ema20,-309.2,6.2,10.2,64.6,-0.63,False,48,X
2026-10-07,1840.0,1905.0,1795.0,1800.0,216181,397125155,7828,創新服務,,5.486491044398008,32.974177811579565,-27.48768676718156,1883.797580717472,1811.565648912528,1649.687801699916,45.08359680841307,18.28348553411428,113.14944959758608,327775.35,653674451.75,2125.0,1840.0,-0.5816897678661533,0.2521338311308099,-0.0450928381962865,-0.0217391304347825,1840.0,0.3961409324967172,2123.060824124617,1944.75,1766.4391758753832,0.0941076468278842,0.1833766027763124,2.127659574468085,2.957897106833116,1841.0,1885.0,5870685.0,6950366.5,-98.57142857142856,-127.02450606291886,38.05837271110256,1592.5,1855.0,105358.9004999998,True,0.0389361133816013,-24675.0,0.0,0.0,0.0,0.0,0.0,-0.0840289515778878,0.0,0.0,1.9214,0.2116,0.0,0.0,0.0,0,False,0,False,False,False,True,0.6595401393057776,False,False,False,False,True,True,False,False,False,False,False,False,False,False,False,False,False,False,20.0,25.0,18.05555555555556,0.0,-1.973346049755386,False,False,False,False,False,False,False,-1.0,False,4,False,False,277.91524879599314,9.4,3,False,3,False,True,True,True,"ema60_gt_ema120, market_above_ma60, avoid_chase, liquidity_ok",,"close_below_ema20, close_below_swing_low",-230.6,11.0,21.1,60.6,-0.52,False,127,D
2026-10-07,99.7,99.7,99.7,99.7,1335,132806,7842,天能綠電,,-5.686200701887486,-2.036191498116476,-3.650009203771011,89.53105872537508,95.49185259595956,106.4945888407944,52.19186609750921,17.940375520603247,16.7040168057567,12845.25,1273004.0,100.0,0.0,,,0.0142421159715158,inf,0.0,0.0075750537757355,136.05438725051943,93.21499999999978,50.37561274948012,0.5756896913823338,0.919152223365762,100.0,56.4102564102565,78.4199999999997,88.05,-1887781.0,-1886456.35,-0.0,46.63530618206972,47.47028936449737,96.4,54.5,105358.9004999998,True,0.0389361133816013,0.0,0.0,0.0,0.0,0.0,0.0,-0.0246939974100854,0.0,0.0,0.7154,0.0039,0.0,0.0,0.0,0,False,0,False,False,True,False,0.1039294680913178,False,False,False,False,True,False,False,False,False,False,False,False,False,False,True,False,False,False,-20.0,0.0,0.3009027081243702,25.0,-0.0057817927852047,False,False,True,False,False,False,False,-1.0,False,4,False,False,290.9699131674907,28.9,3,False,3,False,False,False,False,"market_above_ma60, avoid_chase, williams_r_recovery, above_ichimoku_cloud",,,-58.2,31.6,23.6,47.4,-1.15,False,19,X
2026-10-07,4150.0,4450.0,4150.0,4380.0,486650,2115974640,7856,漢測,,-71.08154307416044,-0.5783222147336389,-70.50322085942679,4483.568406216881,4291.665105856676,3812.4942720747968,47.247846695757616,12.73608436993038,303.5873703658748,412790.65,1908207062.5,5235.0,4190.0,-0.928613909740922,0.5482844297711255,0.0305882352941175,0.0453460620525059,4190.0,0.8319936539489372,5211.438173336773,4611.0,4010.5618266632273,0.3076404780226747,0.2604372905386132,38.68613138686131,24.574209245742168,4269.0,4379.5,7744225.0,7903624.9,-71.65775401069519,-78.9147810424403,32.95786073038583,4298.75,4050.0,105358.9004999998,True,0.0389361133816013,88815.0,1.0,18000.0,10.0,-9617.0,0.0,-0.0083478780874837,0.0,0.0,0.0,0.0,0.0,0.0,0.0,0,False,0,False,False,True,True,1.1789268967211344,False,False,False,False,True,True,False,False,True,False,True,False,False,False,False,False,False,False,0.0,0.0,19.52054794520548,0.0,-0.1326933679914059,False,True,True,False,False,False,False,-1.0,False,7,False,False,495.1969485513145,20.2,3,False,3,False,True,False,True,"ema60_gt_ema120, market_above_ma60, avoid_chase, liquidity_ok, kd_golden_cross, invest_trust_buy_2d, above_ichimoku_cloud",,close_below_ema20,-13.3,48.0,55.7,60.6,-0.02,False,127,D
2026-10-07,12.3,12.6,11.8,12.2,361027,4314421,8024,佑華,,-0.2681145443737271,-0.2655386938167439,-0.0025758505569832,12.666298479792744,13.235524747473583,13.39208342095,31.7110771507608,16.85371962642659,0.5389022912456979,64875.7,806706.0,13.15,12.35,-0.3139122733636644,-0.4438960574971067,-0.0278884462151395,-0.0161290322580646,12.4,0.810544684033404,13.193340884071976,12.687500000000025,12.181659115928069,0.0181291040813949,0.0797384644842488,39.99999999999998,48.88888888888929,12.36999999999998,12.480000000000018,1584041.0,2028120.65,-66.6666666666667,-141.5607985480949,17.876060162059588,13.7875,15.15,105358.9004999998,True,0.0389361133816013,41000.0,1.0,0.0,0.0,0.0,0.0,-0.0668245595967408,0.0,0.0,0.6488,0.1464,0.0,0.0,0.0,0,False,0,False,False,False,False,5.564903345936923,True,False,False,False,True,False,False,False,False,False,False,False,False,False,False,False,False,False,0.0,25.0,7.786885245901648,0.0,-1.5319946166063303,False,False,False,True,False,False,False,-1.0,False,3,True,False,196.61606460072403,46.6,3,False,3,True,True,True,True,"volume_break, market_above_ma60, avoid_chase",long_upper_shadow,"macd_death_cross, close_below_ema20, close_below_swing_low",-311.9,3.9,8.4,60.6,4.16,False,127,D
2026-10-07,36.2,36.4,36.0,36.15,38289,1382296,8032,光菱,,0.053618844758823,-0.0902745711699136,0.1438934159287367,35.89327113096065,36.77058392363773,37.87619800085351,52.98707731282924,15.21479338371718,0.6658590329535179,41123.25,1464915.75,36.4,35.8,0.2413557817900097,-0.0554848869885579,-0.0013812154696133,-0.0068681318681318,36.4,1.7944070689828295,36.83467387100472,35.57000000000007,34.305326128995425,0.7293081296679199,0.0711090172057713,63.888888888888914,69.1269841269841,36.2,36.07999999999993,-706325.0,-718034.0,-27.65957446808511,67.54130223518048,50.09212611809669,35.6375,40.650000000000006,105358.9004999998,True,0.0389361133816013,-1000.0,0.0,0.0,0.0,0.0,0.0,-0.0403173288512146,0.0,0.0,0.4363,-0.1079,0.0,0.0,0.0,0,False,0,False,False,False,False,0.9310791340664952,False,False,False,False,True,False,False,False,False,True,False,False,False,False,False,False,True,True,0.0,0.0,0.6915629322268327,25.0,0.0464083351393164,False,False,False,True,False,False,False,-1.0,False,4,True,False,324.8676913623368,4.2,3,False,3,False,False,False,False,"market_above_ma60, avoid_chase, obv_uptrend, mfi_strong",long_upper_shadow,,-131.2,20.0,30.5,30.0,0.62,False,30,D
2026-10-07,272.5,277.5,265.0,270.5,1130708,306144693,6861,睿生光電,,20.83675672223788,18.886756806461765,1.9499999157761143,257.60946517225983,242.47610637359068,235.23619432817776,57.473070967515774,38.69357592723238,18.969834464635987,2786546.25,716354207.15,313.5,246.0,2.3557770773162003,0.3951282458663824,-0.1371610845295056,0.0,270.5,0.6929637233176001,325.1819394622199,250.65,176.11806053778014,0.6331643865920189,0.5947092715916207,9.243697478991596,37.11528001579245,284.9,284.25,62639067.0,56778678.35,-46.15384615384615,39.59094229364497,64.5819416232595,195.75,288.0,105358.9004999998,True,0.0389361133816013,56919.0,3.0,0.0,0.0,-1491.0,0.0,-0.1760971979111069,0.0,0.0,0.5247,-0.0251,0.0,1.3,0.23,0,False,0,False,False,True,True,0.4057739935233445,False,True,True,False,True,True,True,False,False,True,False,False,False,False,False,False,True,True,20.0,0.0,15.89648798521257,0.0,0.8744530477748494,True,False,False,True,False,False,False,-1.0,False,9,True,False,729.5511765085316,10.5,8,False,3,False,False,False,False,"ema60_gt_ema120, rsi_strong, market_above_ma60, avoid_chase, liquidity_ok, foreign_buy_3d, adx_trending, obv_uptrend, mfi_strong",long_upper_shadow,,324.9,96.1,82.0,37.3,-0.64,True,51,D
2026-10-07,19.5,19.55,19.25,19.3,111234,2152770,8034,榮群,,-0.0131740359005512,0.1141652898499101,-0.1273393257504614,19.918248285097867,20.215409454628144,21.185925064744342,40.1880924025166,16.67906523024807,0.4917403064674107,111731.85,2269276.6,20.95,19.45,-0.0836397238536963,0.0824564638043973,-0.0515970515970516,-0.0077120822622107,19.45,0.7632284182688412,20.911234397791645,20.06000000000004,19.20876560220843,0.05358946844034,0.0848688332793226,2.702702702702739,1.942567567567797,19.66000000000004,20.110000000000035,37956659.0,38065853.15,-97.56097560975608,-135.09544787077863,64.03515402725839,19.200000000000003,20.675,105358.9004999998,True,0.0389361133816013,-9000.0,0.0,0.0,0.0,0.0,0.0,-0.0905331649786529,0.0,0.0,-0.01,2.6556,0.0,0.0,0.0,0,False,0,False,False,False,False,0.995544242756206,False,False,False,False,True,False,False,False,True,False,False,False,False,False,False,False,True,False,20.0,25.0,8.549222797927454,0.0,-0.3645029333500051,False,False,False,False,False,False,False,-1.0,False,4,False,False,290.581407227362,3.8,3,False,3,False,True,True,True,"market_above_ma60, avoid_chase, kd_golden_cross, mfi_strong",,"close_below_ema20, close_below_swing_low",-268.4,10.9,23.6,67.3,-0.37,False,55,D
2026-10-07,143.0,143.0,136.0,138.0,548403,76168372,6902,GOGOLOOK,,5.236648076690244,6.946431533337082,-1.7097834566468375,145.01188307199826,134.91429736653888,124.84579232909364,46.35634980043808,28.64851216719622,7.088577926420747,535999.55,85625851.65,176.5,143.0,1.2958169729089488,0.3694349585100663,-0.1320754716981131,-0.034965034965035,143.0,0.6609196579415987,178.0177166224987,143.525,109.03228337750132,0.4199106283731186,0.4806509893398181,4.25531914893617,4.821415341510146,146.7,156.95,2989163.0,3706290.25,-75.0,-19.901547116737,67.8467698709315,125.75,125.25,105358.9004999998,True,0.0389361133816013,-18000.0,0.0,0.0,0.0,2000.0,2.0,-0.1710115850797144,0.0,0.0,0.2955,0.0204,0.0,4.88,-0.43,0,False,0,False,False,True,True,1.0231407843532705,False,False,True,False,True,True,False,False,False,False,False,False,False,False,False,False,True,False,20.0,0.0,27.898550724637683,0.0,-0.5828961423775721,False,False,True,False,False,False,False,-1.0,False,7,False,False,523.2366541350018,8.2,3,False,3,False,True,True,True,"ema60_gt_ema120, market_above_ma60, avoid_chase, liquidity_ok, adx_trending, mfi_strong, above_ichimoku_cloud",,"close_below_ema20, close_below_swing_low",59.6,100.0,59.5,18.2,-0.17,True,11,D
2026-10-07,79.4,80.2,78.5,79.3,34567,2737684,6906,現觀科,,0.8516045889868451,1.4848574258238778,-0.6332528368370327,81.4303035733291,79.53359515510678,79.72970183384855,45.93817237505058,37.45987232383017,2.917140407692533,54347.15,4481892.7,86.5,79.4,-0.0145434216511172,0.354727707334472,-0.0514354066985646,-0.0012594458438288,79.4,0.7634513200145316,85.15917796645407,82.24000000000032,79.32082203354658,-0.0035664207160131,0.0709916820635635,11.764705882352905,24.682038540463207,81.82000000000043,82.41000000000022,2615009.0,2744250.95,-88.2352941176471,-217.4014462327956,48.98270241015028,74.3,79.2,105358.9004999998,True,0.0389361133816013,5000.0,10.0,0.0,0.0,0.0,0.0,-0.0903715200801659,0.0,0.0,0.012,0.1209,0.0,7.12,0.11,0,False,0,False,False,False,False,0.6360407123464615,False,False,True,False,True,False,True,False,False,False,False,False,False,False,False,False,False,False,20.0,25.0,9.07944514501892,0.0,-0.2281798973488597,True,False,True,True,False,False,False,-1.0,False,5,True,False,463.6222483552783,5.5,8,False,3,False,True,True,True,"market_above_ma60, avoid_chase, foreign_buy_3d, adx_trending, above_ichimoku_cloud",long_upper_shadow,"close_below_ema20, close_below_swing_low",0.0,54.5,52.0,18.2,-0.48,False,11,D
2026-10-07,263.0,274.5,261.0,270.0,132742,35793552,7722,LINEPAY,,-3.988031395571284,-5.293054167729339,1.305022772158055,265.25668638967016,278.07153607976096,305.7544541917787,53.09868662016408,14.926257058835752,5.752051160313945,51973.8,13765526.3,279.0,258.0,-0.1420670381823337,-0.2412594441327966,0.0424710424710423,0.0344827586206897,261.0,0.7914917876485448,271.5717981553775,263.375,255.1782018446225,0.904121211381402,0.0622443144214713,74.28571428571429,56.340852130326006,262.6,261.25,-8904810.0,-8969578.5,-25.714285714285715,108.90151515151406,60.02214250671231,284.75,311.0,105358.9004999998,True,0.0389361133816013,23730.0,1.0,0.0,0.0,-1821.0,0.0,0.003534929089441,0.0,0.0,0.0866,0.0435,0.0,58.77,0.02,0,False,0,False,False,False,False,2.554017601175977,True,False,False,False,True,False,False,True,False,True,False,False,False,False,False,True,True,True,-10.0,-25.0,3.333333333333333,8.0,0.1933310903394285,False,False,False,False,False,False,False,-1.0,False,7,False,False,520.8601490958329,42.3,3,False,3,False,False,False,False,"volume_break, market_above_ma60, avoid_chase, stronger_than_market, obv_uptrend, cci_momentum, mfi_strong",,,57.2,90.9,59.0,18.2,1.06,True,11,D
2026-10-07,62.1,62.1,61.3,61.4,46517,2867683,7721,微程式,,0.182812727787109,-0.0034788092369041,0.1862915370240131,61.68092092412678,63.05430973445859,64.24576438284478,48.51660984285874,18.47680586536517,1.5805019040754558,52459.1,3210011.35,63.3,61.7,0.2357667954476669,-0.0365445239431369,-0.0128617363344052,-0.0128617363344052,62.2,1.111703944601122,64.37618648611505,61.21500000000005,58.05381351388506,0.529261165200555,0.1032814338353341,3.448275862069008,28.841732979664204,62.36000000000058,62.16000000000022,8901019.0,8957745.9,-34.14634146341468,14.227925791602509,51.99170296736429,61.725,69.8,105358.9004999998,True,0.0389361133816013,-4000.0,0.0,0.0,0.0,0.0,0.0,-0.0517978497160065,0.0,0.0,0.476,-0.1233,0.0,1.5,0.03,0,False,0,False,False,False,False,0.8867288992758168,False,False,False,False,True,False,False,False,False,False,False,False,False,False,False,False,True,True,20.0,0.0,3.09446254071661,8.0,-0.3598640083198972,False,False,False,False,False,False,False,-1.0,False,3,False,False,247.5489208929194,3.9,3,False,3,False,True,True,True,"market_above_ma60, avoid_chase, mfi_strong",,"close_below_ema20, close_below_swing_low",-216.1,36.4,17.0,18.2,-0.28,False,11,D
2026-10-07,234.0,236.0,233.0,235.0,98601,23137975,7765,中華資安,,1.993823691468663,2.828615456805248,-0.8347917653365853,232.99223574297147,230.471370141412,234.90313533660665,53.57665146223236,33.831960940069344,6.090682749456694,298196.7,71701959.1,243.0,229.0,0.3073972705245076,0.0856380779013019,-0.0084388185654008,0.0195227765726682,230.5,0.3412884265932722,250.4683620413672,233.1,215.73163795863283,0.5546971555370239,0.1490206953356256,47.22222222222222,27.11640211640224,232.7,236.25,-6992283.0,-6621491.8,-59.523809523809526,11.164274322168442,35.39775409161531,226.875,234.5,105358.9004999998,True,0.0389361133816013,30046.0,6.0,0.0,0.0,-1000.0,0.0,-0.0473749319470021,0.0,0.0,0.0335,-0.3036,0.0,0.97,0.2,0,False,0,False,False,True,False,0.3306575827297887,False,False,True,False,True,True,True,False,False,False,False,False,False,False,False,False,False,False,0.0,0.0,3.404255319148936,8.0,-0.6160168034411927,True,False,True,False,False,False,False,-1.0,False,6,False,False,463.9143741860036,4.3,10,False,3,False,False,False,False,"market_above_ma60, avoid_chase, liquidity_ok, foreign_buy_3d, adx_trending, above_ichimoku_cloud",,,0.3,63.6,52.1,18.2,-0.73,False,11,D
2026-10-07,78.0,79.3,78.0,78.7,21237,1673831,7823,奧義賽博-KY創,,-0.8024690032749788,-0.7301318178838831,-0.0723371853910956,80.5040433375855,82.49249175683279,88.06358242374867,38.97283358167706,13.624552238141325,1.716234663136799,43473.2,3526964.65,83.2,79.5,-0.0667865753514758,-0.0687329444584842,-0.0187032418952618,-0.0125470514429109,79.7,0.7775409060685617,81.90850235776982,80.26500000000006,78.6214976422303,0.0238826422726388,0.0409519057564258,18.42105263157904,26.422213622291263,79.54000000000015,79.9300000000001,-1998787.0,-2002575.2,-84.09090909090905,-150.9298998569389,42.62963716342188,82.175,83.55,105358.9004999998,True,0.0389361133816013,-1000.0,0.0,0.0,0.0,2833.0,1.0,-0.0576393552768631,0.0,0.0,0.02,-0.07,0.0,26.03,0.05,0,False,0,False,False,False,False,0.4885078623151735,False,False,False,False,True,False,False,False,False,True,False,False,False,False,False,False,False,False,20.0,25.0,5.717916137229987,0.0,0.0685420989179175,False,False,False,False,False,False,False,-1.0,False,3,False,False,235.7075838101668,3.3,3,False,3,False,True,True,True,"market_above_ma60, avoid_chase, obv_uptrend",,"close_below_ema20, close_below_swing_low",-227.9,18.2,14.3,18.2,-0.6,False,11,D
2026-10-07,26.55,26.7,26.25,26.7,11080,293000,6865,偉康科技,,0.8590873227931084,1.1163438694246803,-0.2572565466315719,26.8533375329626,25.653023470557628,27.80352759281376,51.08455089582315,13.906176632515386,1.5091970270654356,30339.85,824653.4,29.15,26.9,0.355127760755305,,-0.0840480274442538,-0.0074349442379182,26.9,0.4117951543689158,29.01820580822632,27.14500000000008,25.271794191773832,0.3812196721668693,0.1380147952275731,15.517241379310327,20.45019157088124,27.32000000000007,27.75,-303706.0,-300614.9,-80.32786885245908,-47.26976365118149,46.24038320925185,13.55,14.525,105358.9004999998,True,0.0389361133816013,0.0,0.0,0.0,0.0,0.0,0.0,-0.1229841408258551,0.0,0.0,-0.5656,-0.1899,0.0,0.0,0.0,0,False,0,False,False,True,False,0.3651962682742334,False,False,False,False,True,False,False,False,False,False,False,False,False,False,False,False,False,False,20.0,0.0,9.176029962546814,0.0,-0.0484929459537703,False,False,True,False,False,False,False,-1.0,False,3,False,False,163.07004733129708,8.5,3,False,3,False,True,True,True,"market_above_ma60, avoid_chase, above_ichimoku_cloud",,"close_below_ema20, close_below_swing_low",-173.3,7.4,5.0,40.7,-0.48,False,27,D
2026-10-07,310.5,318.0,310.5,316.0,87078,27323356,6870,騰雲,,9.561486493010989,11.696052391142771,-2.1345658981317825,309.9854219845818,288.24065158940505,267.7053380305375,54.91463814795066,32.97505309198901,15.090133710477993,189980.7,60570070.5,336.5,299.0,0.4130227602092924,0.3477657046442802,-0.0231839258114373,0.0177133655394525,310.5,0.296811566867504,340.1127276385091,313.0,285.8872723614909,0.5553245700690587,0.1732442660607611,42.16867469879518,40.96385542168658,314.6,319.1,4681076.0,4136911.65,-57.83132530120482,14.782370654257004,61.05610740686853,253.125,277.5,105358.9004999998,True,0.0389361133816013,16000.0,4.0,0.0,0.0,977.0,1.0,-0.0621200391930386,0.0,0.0,0.3414,0.0525,0.0,0.0,0.0,0,False,0,False,False,True,True,0.4583518220535033,False,False,True,False,True,True,True,False,True,True,False,False,False,False,False,False,True,False,0.0,0.0,6.487341772151899,0.0,0.8333131479358039,True,False,True,False,False,False,False,-1.0,False,10,False,False,779.5832759957647,7.2,8,False,3,False,False,False,False,"ema60_gt_ema120, market_above_ma60, avoid_chase, liquidity_ok, foreign_buy_3d, adx_trending, kd_golden_cross, obv_uptrend, mfi_strong, above_ichimoku_cloud",,,443.3,96.3,85.3,40.7,-0.33,True,27,D
2026-10-07,25.3,25.4,25.3,25.4,8105,205192,6910,德鴻,,0.2660633108256647,0.2919755586213167,-0.025912247795652,25.63673350839392,25.692754643835315,27.40366947836021,48.39996569393743,32.44529193931636,0.5229841955905867,20422.05,521155.65,26.95,25.35,0.3233296360378886,0.0673848174838784,-0.0575139146567718,-0.0078125000000001,25.6,0.6797725851715062,26.86594663026166,25.54499999999998,24.2240533697383,0.4451151179471735,0.1034211493647822,5.263157894736734,18.421052631578885,25.969999999999708,26.04499999999989,-5311202.0,-5300421.2,-76.59574468085115,-23.53451548180676,62.69306732854077,24.85,26.1,105358.9004999998,True,0.0389361133816013,4000.0,1.0,0.0,0.0,0.0,0.0,-0.0964500280383731,0.0,0.0,-0.1243,0.1045,0.0,0.0,0.0,0,False,0,False,False,False,False,0.3968749464426931,False,False,True,False,True,False,False,False,False,False,False,False,False,False,False,False,True,False,20.0,0.0,6.102362204724413,0.0,-0.2003061103122411,False,False,False,False,False,False,False,-1.0,False,4,False,False,251.56507614068005,3.1,10,False,3,True,True,False,True,"market_above_ma60, avoid_chase, adx_trending, mfi_strong",,"macd_death_cross, close_below_ema20",-84.8,22.2,17.4,40.7,-0.43,False,27,D
2026-10-07,70.8,72.1,69.6,71.2,303758,21447231,6925,意藍,,5.066597971331625,4.1406660841825,0.9259318871491252,63.840870366123085,59.1607349979716,62.95691034785165,66.76725078430498,38.930986914756886,3.796099005841498,535467.95,36946696.5,75.0,56.4,2.2487770264064224,0.3349208011319264,-0.035230352303523,-0.0041958041958041,71.5,1.7516327800937392,78.93598618366887,61.71000000000022,44.48401381633157,0.7754559274230962,0.5582883222708991,62.231759656652365,60.4928738604464,70.5,68.79000000000015,-3148886.0,-4636355.0,-36.82008368200836,79.47630994607373,84.24717403699431,51.575,58.65,105358.9004999998,True,0.0389361133816013,-31850.0,0.0,0.0,0.0,0.0,0.0,-0.0741664656851243,0.0,0.0,-0.0441,0.001,0.0,0.0,0.0,0,False,0,False,False,True,False,0.5672757818651892,False,True,True,False,True,False,False,False,False,True,False,False,False,False,False,False,True,True,0.0,0.0,5.337078651685389,0.0,1.947691719061287,False,False,True,True,False,False,False,-1.0,False,7,True,False,534.0450584473874,8.0,8,True,3,False,False,False,False,"rsi_strong, market_above_ma60, avoid_chase, adx_trending, obv_uptrend, mfi_strong, above_ichimoku_cloud",long_upper_shadow,,197.7,92.6,61.2,40.7,-0.14,True,27,D
2026-10-07,68.0,68.0,68.0,68.0,4117,280048,6997,博弘,,2.7154383350741256,1.5278358826880052,1.1876024523861204,57.88378080412969,56.808386949088536,59.86508007770628,52.620088715468725,8.696864515703094,16.583632073454815,4653.45,314287.7,69.3,0.0,,,0.0149253731343284,-0.011627906976744,68.8,2.1218851283141174,108.07104980939803,54.025,-0.0210498093980362,0.6292878947609035,2.000779261800945,98.12409812409813,97.78739778739812,54.4,60.75,-61915.0,-80715.35,-1.875901875901872,42.52548247503026,69.21770815518556,53.375,38.8,105358.9004999998,True,0.0389361133816013,0.0,0.0,0.0,0.0,0.0,0.0,-0.0240107402472729,0.0,0.0,0.2548,-0.0594,0.0,0.0,0.0,0,False,0,False,False,True,False,0.8847199389700116,False,False,False,False,True,False,False,False,False,True,False,False,False,False,False,False,True,False,-20.0,0.0,1.9117647058823488,15.0,1.4046824288055553,False,False,True,False,False,False,False,-1.0,False,5,False,False,335.7033885353668,33.9,3,False,3,False,False,False,False,"market_above_ma60, avoid_chase, obv_uptrend, mfi_strong, above_ichimoku_cloud",,,-0.6,48.1,32.0,40.7,0.39,False,27,C
2026-10-07,61.3,62.4,61.3,61.5,35496,2190241,7547,碩網,,3.2030995343120736,2.317528023335841,0.8855715109762325,57.52020987180447,55.371408023864,58.20742724973097,65.69692772809748,27.396992478193816,2.16066019234183,114163.75,7032804.85,65.3,50.7,1.7615019431104884,0.1923317149645196,-0.0509259259259259,0.0049019607843137,61.2,1.0534159879810585,68.2926332553995,55.34750000000004,42.402366744600585,0.7376375692167454,0.4677766206386718,59.11949685534591,64.92485345157365,62.91999999999971,60.98999999999978,2879580.0,3368799.75,-34.852546916890084,67.02491712116333,41.63323371657523,52.0375,52.275,105358.9004999998,True,0.0389361133816013,-3999.0,0.0,0.0,0.0,0.0,0.0,-0.0898620393075272,0.0,0.0,-0.0225,-0.1087,0.0,0.0,0.0,0,False,0,False,False,True,False,0.3109218118711062,False,True,True,False,True,False,False,False,False,False,False,False,False,False,False,False,False,True,0.0,0.0,6.178861788617882,0.0,-2.0,False,False,True,True,False,False,False,-1.0,False,5,True,False,324.10921811871106,5.3,3,True,3,False,False,False,False,"rsi_strong, market_above_ma60, avoid_chase, adx_trending, above_ichimoku_cloud",long_upper_shadow,,-12.2,40.7,30.3,40.7,-0.57,False,27,D
2026-10-07,169.0,170.5,168.0,168.5,96260,16274437,7714,創泓科技,,0.4360180383868908,0.854546771285895,-0.4185287328990041,168.92805479091103,164.00974603966833,156.36253704805088,50.00906301863061,22.50414394683881,7.683495094895782,387975.15,67825842.25,183.0,162.0,0.0617913284397929,0.0025400168777508,-0.0203488372093023,0.0029761904761904,168.0,0.7229071648651129,184.7856294485333,169.375,153.96437055146666,0.4716105042002916,0.181970532233604,45.16129032258065,43.4231718102692,169.3,167.15,11769199.0,12004212.95,-71.42857142857143,-9.913597089586162,37.38121221695098,168.0,169.75,105358.9004999998,True,0.0389361133816013,12262.0,1.0,0.0,0.0,-10.0,0.0,-0.0592849505909036,0.0,0.0,0.1511,-0.0533,0.0,0.0,0.0,0,False,0,False,False,True,True,0.2481086739704849,False,False,True,False,True,True,False,False,True,False,False,False,False,False,False,False,False,True,0.0,0.0,8.605341246290802,0.0,-0.2811979981950465,False,False,False,True,False,False,False,-1.0,False,6,True,False,429.1067107613643,6.8,3,False,3,False,True,False,True,"ema60_gt_ema120, market_above_ma60, avoid_chase, liquidity_ok, adx_trending, kd_golden_cross",long_upper_shadow,close_below_ema20,92.8,74.1,46.6,40.7,-0.68,False,27,X
2026-10-07,156.5,158.5,156.0,158.0,16810,2644283,7738,東聯互動,,-2.9790079848503126,-2.9402077111407303,-0.0388002737095822,159.44401333443778,164.428276480768,169.49078362351565,42.68193342057641,16.80586243769722,3.8734185277499416,29104.1,4665478.4,168.0,155.0,-0.3792868807699174,-0.1108882798971091,0.0160771704180064,0.0128205128205127,156.0,1.4605493224537374,167.44440277276522,159.575,151.70559722723476,0.3999288735448376,0.0986295193202597,76.92307692307692,46.81749622926085,156.0,156.2,-2969051.0,-2955330.45,-60.0,-44.87179487179452,29.26346444268357,168.375,171.25,105358.9004999998,True,0.0389361133816013,-2000.0,0.0,0.0,0.0,0.0,0.0,-0.0228589429635948,0.0,0.0,0.1528,0.1625,0.0,0.0,0.0,0,False,0,False,False,False,False,0.5775818527286534,False,False,False,False,True,False,False,False,False,False,False,False,False,False,False,False,False,False,-10.0,0.0,6.329113924050633,0.0,-0.1295273472246274,False,False,False,False,False,False,False,-1.0,False,2,False,False,124.221490360591,7.7,3,False,3,False,True,False,True,"market_above_ma60, avoid_chase",,close_below_ema20,-212.1,3.7,1.4,40.7,-0.13,False,27,D
2026-10-07,112.0,112.0,111.0,111.0,2076,231437,7747,昕奇雲端,,-3.753141386309281,-0.590475599990949,-3.162665786318332,97.04150050899943,102.07807813401816,107.99275416769468,51.65400781344772,7.941662372216042,30.45353013169235,32869.65,3675598.8,114.0,0.0,,,-0.0044843049327354,inf,0.0,0.030481961797158,175.94027632514096,95.6,15.259723674859032,0.5958423390135943,1.6807589189360037,97.36842105263158,38.01169590643258,89.2,100.8,-630926.0,-866309.85,-2.631578947368421,36.61726242371402,95.58181176301645,86.5,66.5,105358.9004999998,True,0.0389361133816013,0.0,0.0,0.0,0.0,0.0,0.0,-0.0434204183143367,0.0,0.0,0.1863,-0.055,0.0,0.0,0.0,0,False,0,False,False,True,False,0.0631585672497273,False,False,False,False,True,False,False,False,False,True,False,False,False,False,True,False,True,False,-20.0,0.0,2.702702702702702,8.0,2.0,False,False,True,False,True,False,False,-1.0,False,6,True,False,442.6315856724973,31.0,3,False,3,False,False,False,False,"market_above_ma60, avoid_chase, obv_uptrend, williams_r_recovery, mfi_strong, above_ichimoku_cloud",open_high_close_low,,106.3,77.8,49.0,40.7,-0.99,False,27,X
2026-10-07,493.0,495.0,492.0,492.5,18378,9069894,7805,威聯通,,-17.082569682786982,-21.2243648502482,4.141795167461211,504.9577286250508,559.1914378808591,604.6490704634724,36.649599423202886,30.33009271290478,9.88190538586234,36810.2,18368055.25,514.0,489.0,-0.1467528809869937,-0.551936100243379,-0.0030364372469635,0.0,492.5,0.3706394480120598,509.9572011924941,498.15,486.3427988075059,0.2607392341382422,0.0474042003111274,18.42105263157895,27.807017543859427,492.6,494.9,-3309213.0,-3236704.1,-82.5,-85.21303258145304,49.826296087695845,609.75,615.5,105358.9004999998,True,0.0389361133816013,0.0,0.0,0.0,0.0,0.0,0.0,-0.0419725506285648,0.0,0.0,0.1925,-0.0528,0.0,0.0,0.0,0,False,0,False,False,False,False,0.4992637910144471,False,False,True,False,True,False,False,False,False,False,False,False,False,False,False,False,False,False,20.0,0.0,4.365482233502538,0.0,-0.0957552252638771,False,False,False,True,False,False,False,-1.0,False,3,True,False,253.843575206978,4.2,10,False,3,False,True,False,True,"market_above_ma60, avoid_chase, adx_trending",long_upper_shadow,close_below_ema20,-82.5,25.9,17.7,40.7,-0.26,False,27,D
2026-10-07,25.05,25.15,24.7,25.1,120869,3007348,6838,台新藥,,0.4760537955737263,0.443014588402495,0.0330392071712312,24.744971131657067,24.33738486575449,24.93286154824337,56.72216886930818,33.937510032416576,0.691950312548212,192787.8,4837599.95,26.25,23.9,0.4958777630482315,0.1040952497012127,-0.0271317829457363,-0.0019880715705764,25.15,0.5147146314435683,26.42540318211419,24.56499999999992,22.704596817885648,0.6437860365816178,0.1514677941880136,36.73469387755112,46.708174795342224,25.33000000000011,25.375,-2883380.0,-2912383.05,-46.26865671641786,36.50715342871226,58.09430637344937,23.425000000000004,24.075000000000003,105358.9004999998,True,0.0389361133816013,-18000.0,0.0,0.0,0.0,0.0,0.0,-0.0660678963273376,0.0,0.0,0.0,0.0,0.0,1.54,-0.08,0,False,0,False,False,True,False,0.6269535727883196,False,True,True,False,True,False,False,False,False,True,False,False,False,False,False,False,True,False,0.0,0.0,4.581673306772903,0.0,0.0787252329168138,False,False,True,False,False,False,False,-1.0,False,7,False,False,482.21423852288495,4.1,10,False,3,False,False,False,False,"rsi_strong, market_above_ma60, avoid_chase, adx_trending, obv_uptrend, mfi_strong, above_ichimoku_cloud",,,77.5,68.6,54.2,37.3,-0.45,False,51,D
2026-10-07,44.0,44.25,44.0,44.25,6006,265514,7839,達人網,,-0.2277682194307217,-0.4035439936747531,0.1757757742440313,43.59454305267753,44.88104281384295,45.8699722897073,54.97086702841518,28.637003586456924,0.9445002064256096,11118.55,480976.15,44.5,42.95,0.0177370499993155,-0.0864799120171395,0.0243055555555555,0.0,44.25,1.1877420365769034,44.35299551347504,43.34999999999991,42.34700448652477,0.9486560447722296,0.0462743028131551,89.13043478260869,75.10656436487625,43.490000000000144,43.33999999999996,-730930.0,-740697.3,-10.869565217391315,179.8245614035084,61.60868575680303,44.275,47.5,105358.9004999998,True,0.0389361133816013,6000.0,2.0,0.0,0.0,-2000.0,0.0,-0.0146305578260457,0.0,0.0,0.0785,0.0212,0.0,0.0,0.0,0,False,0,False,False,False,False,0.5401783505942772,False,False,True,False,True,False,False,False,False,True,False,False,False,False,False,False,True,True,-20.0,-25.0,0.5649717514124294,25.0,0.1544426075166117,True,False,False,False,False,False,False,-1.0,False,5,False,False,377.2550947961421,8.5,5,False,3,False,False,False,False,"market_above_ma60, avoid_chase, adx_trending, obv_uptrend, mfi_strong",,,40.9,63.0,38.7,40.7,-0.19,False,27,D
2026-10-07,29.4,30.9,29.4,30.4,1215020,36779388,6885,全福生技,,1.7033073833633594,1.9751913425422627,-0.2718839591789033,28.898287150125498,25.66391527907293,24.796319341208143,61.422903192054775,54.25861054374965,1.4739165158231495,1244960.9,36870492.95,32.0,29.25,0.9241946721438006,0.8074948704104367,-0.05,0.0393162393162391,29.25,0.5975198924136286,33.29692356616329,29.21500000000001,25.13307643383673,0.6451521544674348,0.2794402578239449,38.70967741935484,17.928478331704053,30.16999999999989,30.49499999999989,-13350049.0,-12982175.8,-37.14285714285716,38.72207982424011,73.45013588732775,22.6625,22.625,105358.9004999998,True,0.0389361133816013,264110.0,1.0,0.0,0.0,-1000.0,0.0,-0.0889361133816013,0.0,0.0,1.5711,0.3147,0.0,3.14,0.12,0,False,0,False,False,True,True,0.9759503290424624,False,True,True,False,True,False,False,False,True,False,False,False,False,False,False,False,True,False,0.0,0.0,5.263157894736848,0.0,-0.1412390325351578,False,False,True,False,False,False,False,-1.0,False,8,False,False,603.0646349000027,7.3,8,False,3,False,False,False,False,"ema60_gt_ema120, rsi_strong, market_above_ma60, avoid_chase, adx_trending, kd_golden_cross, mfi_strong, above_ichimoku_cloud",,,198.4,86.3,69.5,37.3,-0.15,False,51,D
2026-10-07,148.5,158.0,148.5,156.0,611113,94934202,6890,來億-KY,,-3.8383503859826646,-5.12674996110918,1.2883995751265154,151.69856784281748,164.02118192447452,176.2174600913428,53.16999183233575,10.39868015161952,4.500022029887543,210094.4,31838939.85,166.0,146.0,-0.2010502710552937,-0.3268122304253312,0.0540540540540539,0.0576271186440677,147.5,0.7568921057927089,157.91624915451692,149.6,141.28375084548307,0.8847888561950962,0.1111798015309749,84.61538461538461,53.205128205128254,149.2,148.45,21037340.0,20327271.6,-15.384615384615383,99.09909909909943,65.60790290082457,170.625,205.0,105358.9004999998,True,0.0389361133816013,-107593.0,0.0,0.0,0.0,14835.0,1.0,0.0151179406724526,0.0,0.0,0.0313,-0.1196,0.0,85.81,-0.06,0,False,0,False,False,False,False,2.908754350425333,True,False,False,False,False,False,False,True,False,True,False,False,False,False,False,False,True,True,-20.0,-12.0,6.41025641025641,0.0,0.8842938315037028,False,False,False,False,False,False,False,-1.0,False,5,False,False,392.6990694822978,52.3,3,False,3,False,False,False,False,"volume_break, market_above_ma60, stronger_than_market, obv_uptrend, mfi_strong",,,0.6,61.5,41.1,7.7,1.88,False,13,D
2026-10-07,119.5,119.5,118.5,119.0,49535,5904964,6914,阜爾運通,,-3.184690147486563,-3.901622325970228,0.7169321784836651,121.28786988260391,130.01613101333788,135.86625412292392,30.31807534492411,38.717393565430925,1.5807670021207627,50029.9,5989910.45,121.5,118.0,-0.091700670636947,-0.4877179271824708,0.0,-0.0041841004184099,119.5,1.352604368233555,121.94749843554332,119.95,117.9525015644567,0.2622025671971029,0.0333055178915099,33.333333333333336,30.158730158730275,118.7,119.35,-165954.0,-76284.85,-75.0,-80.27210884353636,44.609973765046384,135.0,135.0,105358.9004999998,True,0.0389361133816013,-11945.0,0.0,0.0,0.0,1000.0,2.0,-0.0389361133816013,0.0,0.0,0.0703,0.0512,0.0,2.23,-0.09,0,False,0,False,False,False,False,0.990107915466551,False,False,True,False,True,False,False,False,False,False,False,False,False,False,False,False,False,False,0.0,0.0,2.100840336134454,8.0,-0.4295168083723138,False,False,False,False,False,False,False,-1.0,False,3,False,False,237.74687745419777,3.7,5,False,3,False,True,False,True,"market_above_ma60, avoid_chase, adx_trending",,close_below_ema20,-83.7,21.9,14.7,18.8,0.14,False,32,D
2026-10-07,17.5,17.65,17.15,17.15,2380758,41276241,6901,鑽石投資,,0.3645171516143932,0.1118869311931431,0.25263022042125,16.393885881959104,16.296138489992213,16.265857329319093,58.28352441162527,24.89496304229392,0.6518097099052685,1931959.45,32334572.75,18.0,15.35,0.9261294760500668,-0.2120663621058657,0.0178041543026703,-0.014367816091954,17.4,1.7715797259762416,17.878989372701916,15.95,14.021010627298082,0.8110437042789849,0.2418795451663845,58.06451612903223,70.39650537634407,17.23999999999978,16.709999999999944,-2979355.0,-1945160.0,-37.68115942028988,102.84511315439198,48.65818718513813,17.025000000000002,18.875,105358.9004999998,True,0.0389361133816013,184085.0,1.0,0.0,0.0,16000.0,2.0,-0.0211319590789309,0.0,0.0,-0.8774,-0.8774,0.0,0.79,-0.16,0,False,0,False,False,True,True,1.232302261830599,False,True,True,False,True,False,False,False,False,False,False,False,False,False,False,False,False,True,0.0,-12.0,4.956268221574352,0.0,-0.2271199219778544,False,False,False,False,False,False,False,-1.0,False,5,False,False,277.5975835545717,14.7,3,True,3,False,False,False,False,"ema60_gt_ema120, rsi_strong, market_above_ma60, avoid_chase, adx_trending",,,-43.8,37.5,20.9,18.8,0.52,False,32,D
2026-10-07,74.5,74.6,73.7,73.7,233127,17187248,6918,愛派司,,-0.2912511411546745,-0.1423556879277403,-0.1488954532269342,74.41150640816005,74.40429610882369,75.41762139097543,44.24306349154698,29.9350192628186,1.1577572307837218,52644.85,3914747.95,78.0,73.6,-0.1212733561094221,0.0845112175006928,-0.0080753701211304,-0.004054054054054,74.0,2.223200712149742,76.82486673393548,74.4800000000001,72.13513326606473,0.3336792473721883,0.062966346238866,26.08695652173937,28.44873859366635,73.8,74.13999999999979,-4021746.0,-3692914.6,-84.61538461538441,-39.104024297647065,55.77764938858616,75.75,74.55,105358.9004999998,True,0.0389361133816013,3000.0,2.0,0.0,0.0,0.0,0.0,-0.0470114835027317,0.0,0.0,0.1103,-0.1097,0.0,0.72,0.0,0,False,0,False,False,False,False,4.428296405061464,True,False,True,False,True,False,False,False,False,False,False,False,False,False,False,False,True,False,10.0,0.0,5.834464043419263,0.0,-2.0,True,False,False,False,False,False,False,-1.0,False,5,False,False,410.2829640506146,42.8,8,False,3,False,True,False,True,"volume_break, market_above_ma60, avoid_chase, adx_trending, mfi_strong",,close_below_ema20,5.6,52.9,43.8,37.3,2.78,False,51,D
2026-10-07,79.0,79.1,78.1,78.1,2101543,164911700,6919,康霈*,,-4.114368593255918,-4.583832280683879,0.4694636874279609,82.49659740846727,91.73438286216168,100.94136297677076,34.11632208632851,29.02419471551326,3.449777752508547,5129094.15,419321005.95,85.8,78.5,-0.2639990829769051,-0.6459469438617981,-0.0113924050632912,-0.0050955414012739,78.5,0.4890928802545163,85.25686886550345,80.89500000000007,76.53313113449668,0.1796098087559636,0.1078402587428982,0.0,2.0786815523655,78.8800000000003,79.6199999999997,-56138891.0,-41125119.8,-100.0,-117.5505180018468,42.202982348533865,108.325,107.15,105358.9004999998,True,0.0389361133816013,-520762.0,0.0,0.0,0.0,-4334.0,0.0,-0.0503285184448925,0.0,0.0,0.0,0.0,0.0,11.68,-0.12,0,False,0,False,False,False,False,0.4097298545397143,False,False,True,False,True,True,False,False,False,False,False,False,False,False,False,False,False,False,20.0,12.0,9.85915492957747,0.0,-0.2243805968646158,False,False,False,False,False,False,False,-1.0,False,4,False,False,283.4047313830218,6.6,3,False,3,False,True,True,True,"market_above_ma60, avoid_chase, liquidity_ok, adx_trending",,"close_below_ema20, close_below_swing_low",-121.3,25.5,21.9,37.3,-0.63,False,51,D
2026-10-07,37.95,38.5,37.95,38.1,45704,1745619,6931,青松健康,,-0.5783679616647319,-0.4722321135656699,-0.106135848099062,39.04031723568876,40.01472017035619,42.17872032018897,31.77817158222166,12.368163360268104,0.6070366759698794,45141.1,1763909.45,41.0,37.95,-0.2799543751097962,0.0143134506210654,-0.0205655526992287,0.0039525691699604,37.95,1.7679037451279445,40.45117636789787,39.0824999999998,37.71382363210172,0.141076582074455,0.0700403693672657,23.404255319149105,14.352370287420854,38.27999999999993,38.55999999999985,900505.0,1119741.05,-76.5957446808509,-120.91347427542011,28.52559615450172,41.1375,41.05,105358.9004999998,True,0.0389361133816013,24000.0,2.0,0.0,0.0,0.0,0.0,-0.05950166608083,0.0,0.0,0.19,-0.0029,0.0,0.81,-0.04,0,False,0,False,False,False,False,1.0124697891721737,False,False,False,False,True,False,False,False,False,False,False,False,False,False,False,False,False,False,10.0,12.0,7.611548556430442,0.0,-1.232140878531652,True,False,False,True,False,False,False,-1.0,False,2,True,False,167.3390073493419,2.6,3,False,3,False,True,False,True,"market_above_ma60, avoid_chase",long_upper_shadow,close_below_ema20,-237.3,3.9,5.5,37.3,-0.12,False,51,D
2026-10-07,73.6,73.7,73.3,73.6,14212,1045295,6934,心誠鎂,,-0.0590375508107996,0.0973270368893871,-0.1563645877001868,74.45567245473455,74.662143690124,75.78321784389149,46.84103283737736,15.584991094255166,2.34706238940509,62993.85,4718766.05,77.6,73.0,-0.0954898056824228,-0.0771923925501406,-0.0225763612217796,0.0,73.6,0.8251325943007077,77.48985611142216,74.70999999999967,71.93014388857718,0.3003493786173575,0.0744172429774461,40.38461538461525,45.512820512820326,74.14000000000014,74.50999999999985,541656.0,613448.75,-80.00000000000006,-78.48809179442767,54.43286937513298,74.0,71.8,105358.9004999998,True,0.0389361133816013,-1000.0,0.0,0.0,0.0,0.0,0.0,-0.0615124746033809,0.0,0.0,-0.1633,-0.1458,0.0,12.39,-0.08,0,False,0,False,False,False,False,0.2256093253547767,False,False,False,False,True,False,False,False,False,False,False,False,False,False,False,False,True,False,0.0,0.0,5.434782608695652,0.0,-0.5800663907006108,False,False,False,False,False,False,False,-1.0,False,3,False,False,125.29529656514045,4.8,3,False,3,False,True,False,True,"market_above_ma60, avoid_chase, mfi_strong",,close_below_ema20,-279.4,2.0,1.5,37.3,-0.79,False,51,X
2026-10-07,32.1,32.45,32.1,32.2,31471,1015872,6936,永鴻生技,,-0.0607506997850535,-0.1000069122412077,0.0392562124561541,32.06775160385961,32.31467333834998,32.85267827705681,52.4981433345768,17.434505500059224,0.3665478868255704,15692.95,501325.65,32.9,31.7,-0.036653290350561,0.0111965277918074,0.00625,0.0031152647975078,32.1,1.3777172903587482,32.62981422928107,32.007500000000164,31.38518577071926,0.6546646299750183,0.0388855255350089,82.7586206896552,83.58620689655193,32.100000000000364,31.955000000000474,-3050403.0,-3070901.25,-17.241379310344794,83.89178456192798,54.98285809573541,32.625,32.65,105358.9004999998,True,0.0389361133816013,5000.0,3.0,0.0,0.0,0.0,0.0,-0.0326861133816012,0.0,0.0,-0.0622,-0.2182,0.0,0.57,0.02,0,False,0,False,False,False,False,2.005422817252333,True,False,False,False,True,False,True,False,False,True,False,False,False,False,False,False,True,True,-20.0,0.0,2.1739130434782474,8.0,0.325065160843316,True,False,False,True,False,False,False,-1.0,False,6,True,False,381.9550101026432,24.4,3,False,3,False,False,False,False,"volume_break, market_above_ma60, avoid_chase, foreign_buy_3d, obv_uptrend, mfi_strong",long_upper_shadow,,-22.7,47.1,39.4,37.3,0.72,False,51,D
2026-10-07,46.6,47.7,44.85,45.3,2319027,106500238,6949,沛爾生醫-創,,-170.42882367543194,-198.59026764580665,28.161443970374705,178.9625000766716,498.084694186492,596.7211644384842,25.73953464423805,45.19521525253562,41.73293144607592,8391797.4,455377774.9,67.1,44.5,-1.228939514401618,-6.576780271925007,-0.1047430830039526,-0.0310160427807487,46.75,0.1982349695630987,59.84171446825627,51.74249999999593,43.64328553173559,0.1022762438725901,0.3130584903420198,13.28671328671323,23.16307529577716,46.70999999999767,48.47499999999709,-64132993.0,-51126529.65,-93.28621908127212,-124.85904664274726,38.35334547049808,985.25,872.5,105358.9004999998,True,0.0389361133816013,-516126.0,0.0,0.0,0.0,-84076.0,0.0,-0.1436791963855539,0.0,0.0,1.6471,1.5778,0.0,3.21,-0.05,0,False,0,False,False,False,False,0.2763444932548061,False,False,True,False,True,True,False,False,False,False,False,False,False,False,False,False,False,False,20.0,12.0,48.12362030905077,0.0,-0.4752129051647897,False,False,False,False,False,False,False,-1.0,False,4,False,False,334.06089007057057,30.0,8,False,3,False,True,False,True,"market_above_ma60, avoid_chase, liquidity_ok, adx_trending",,close_below_ema20,98.0,83.3,31.8,16.7,-1.51,True,6,X
2026-10-07,38.6,39.1,38.6,39.1,20400,792750,6952,大武山,,0.6338599947435029,0.0572619704833458,0.576598024260157,36.65616758451554,36.38882467704117,37.13766595086935,52.24466521236912,9.385573970139232,4.939889812198754,13103.0,506722.45,39.35,0.0,,,0.0077319587628867,0.0,39.1,0.8612204724409449,53.88088198295444,36.92999999999984,19.97911801704524,0.5640084687682406,0.9180006489550324,100.0,99.28451178451178,38.92999999999993,34.91999999999989,-1335420.0,-1334886.65,-1.2626262626262623,37.76998756078256,40.09638313296276,37.2375,37.05,105358.9004999998,True,0.0389361133816013,-5000.0,0.0,0.0,0.0,0.0,0.0,-0.0312041546187145,0.0,0.0,0.171,0.0773,0.0,0.38,0.0,0,False,0,False,False,True,False,1.556895367473098,True,False,False,False,True,False,False,False,False,False,False,False,False,False,False,False,False,True,-20.0,0.0,0.639386189258312,25.0,-0.0063110051056681,False,False,True,False,False,False,False,-1.0,False,4,False,False,305.493221613463,32.9,3,False,3,False,False,False,False,"volume_break, market_above_ma60, avoid_chase, above_ichimoku_cloud",,,0.0,100.0,26.7,100.0,0.0,True,1,D
2026-10-07,93.0,93.0,93.0,93.0,1258,116746,6955,邦睿生技-創,,-1.995294764975995,-2.9386483038545315,0.9433535388785366,94.57251534178732,103.24238703475736,114.12094880995824,48.523959252369735,5.700193043149546,8.146092354753302,7085.55,675440.05,100.0,93.5,,,-0.03125,-0.0106382978723403,94.0,0.964802788280058,132.95632775014622,91.00499999999955,49.05367224985291,0.5237775549308266,0.9219565463468348,0.0,24.724724724725093,93.83999999999942,94.46999999999971,-149073.0,-154059.05,-88.46153846153855,14.165705814528184,43.21635170031564,87.075,68.25,105358.9004999998,True,0.0389361133816013,-1000.0,0.0,0.0,0.0,34.0,1.0,-0.0701861133816013,0.0,0.0,0.214,0.1651,0.0,17.88,-0.01,0,False,0,False,False,False,False,0.1775444390343727,False,False,False,False,True,False,False,False,False,True,False,False,False,False,False,False,False,False,20.0,0.0,7.526881720430108,0.0,0.2415688215201874,False,False,True,False,False,False,False,-1.0,False,4,False,False,309.674270248586,13.1,3,False,3,False,True,True,True,"market_above_ma60, avoid_chase, obv_uptrend, above_ichimoku_cloud",,"close_below_ema20, close_below_swing_low",-95.0,35.3,27.9,37.3,-0.83,False,51,X
2026-10-07,405.0,444.0,404.5,444.0,647772,280322921,6957,裕慶-KY,,49.35103319420307,35.16591836299875,14.185114831204316,326.6923515166254,263.3994296343289,231.9398395861368,88.09248767902263,56.66546891380062,20.05050501079917,535446.25,180722376.85,410.0,290.0,3.835105528587287,0.6939259182632099,0.1967654986522911,0.0990099009900991,404.0,1.6992324482604175,444.0196163882488,305.175,166.33038361175124,0.9999293584844732,0.90993440739411,100.0,95.83998036568909,403.8,363.3,8755615.0,5458663.95,-0.0,149.3571871127633,89.07246377713213,223.125,221.75,105358.9004999998,True,0.0389361133816013,252001.0,1.0,0.0,0.0,2553.0,1.0,0.1578293852706898,0.0,0.0,-0.3115,0.1067,0.0,7.45,0.42,0,False,0,False,False,True,True,1.2097796931064508,False,True,True,True,False,True,False,True,False,True,False,False,False,False,False,False,True,True,-20.0,-25.0,-7.657657657657657,25.0,1.953741412302436,False,False,True,False,False,False,False,-1.0,False,10,False,False,700.5426938786937,41.0,10,True,3,False,False,False,False,"ema60_gt_ema120, rsi_strong, breakout_20d, market_above_ma60, liquidity_ok, adx_trending, stronger_than_market, obv_uptrend, mfi_strong, above_ichimoku_cloud",,,379.1,96.9,79.2,18.8,0.49,True,32,C
2026-10-07,16.9,16.9,16.75,16.75,11966,201426,6958,日盛台駿,,-0.1593995781816879,-0.1048420473713636,-0.0545575308103243,17.262618075191547,17.46850949672071,17.515820908560922,41.22142022486528,23.13644376852259,0.4658549129042951,40108.2,692120.5,17.75,16.65,-0.15541289418617,-0.1224138561521465,-0.0428571428571428,-0.0233236151603497,17.15,2.014606583369554,17.87443665102425,17.319999999999983,16.765563348975714,-0.0140352815303268,0.0640227079704698,34.48275862068967,32.7288207747982,17.009999999999856,17.17999999999993,991338.0,1064488.15,-70.58823529411764,-177.37530544775134,45.8551977682923,17.799999999999997,17.775,105358.9004999998,True,0.0389361133816013,-9000.0,0.0,0.0,0.0,0.0,0.0,-0.0817932562387441,0.0,0.0,-0.0448,-0.0231,0.0,0.56,-0.01,0,False,0,False,False,False,False,0.2983429822330596,False,False,True,False,True,False,False,False,False,False,False,False,False,False,False,False,False,False,0.0,25.0,5.970149253731343,0.0,-0.4541768977818504,False,False,False,False,False,False,False,-1.0,False,3,False,False,197.5333070489484,4.2,5,False,3,False,True,False,True,"market_above_ma60, avoid_chase, adx_trending",,close_below_ema20,-123.9,12.5,8.6,18.8,-0.93,False,32,X
2026-10-07,12.9,12.9,12.4,12.85,165038,2093184,6988,威力暘-創,,0.0784925580622797,-0.0316929160532254,0.1101854741155051,11.962182577478654,12.266200953410593,13.029857540054056,63.72891755057216,14.426281657457016,0.4460475605664412,86809.15,1028830.35,12.8,11.45,0.0764337783373064,,0.0982905982905983,0.00390625,12.8,2.6407614653308995,12.604024027452558,11.922500000000037,11.240975972547515,1.1804602351782654,0.1143256913319386,96.87499999999996,81.21639784946213,12.090000000000057,11.91500000000001,-186335.0,-543087.55,-3.1250000000000453,299.6941896024446,67.34685169924605,9.2375,7.525,105358.9004999998,True,0.0389361133816013,-6000.0,0.0,0.0,0.0,6037.0,1.0,0.059354484908997,0.0,0.0,-0.1113,-0.0031,0.0,1.79,-0.38,0,False,0,False,False,True,False,1.901159036806604,True,True,False,True,False,False,False,True,False,True,False,False,True,True,False,False,True,True,-20.0,-25.0,-0.3891050583657505,25.0,1.9199895548378727,False,False,True,False,False,False,False,-1.0,False,10,False,False,782.0514650261206,39.6,5,False,3,False,False,False,False,"volume_break, rsi_strong, breakout_20d, market_above_ma60, stronger_than_market, obv_uptrend, bb_squeeze_breakout, breakout_volume_confirm, mfi_strong, above_ichimoku_cloud",,,386.7,86.0,85.5,44.2,0.48,False,43,D
2026-10-07,60.6,62.9,60.6,62.9,100233,6186083,6965,中傑-KY,,-3.292540852013147,-2.72875571364372,-0.5637851383694272,66.6049569693855,72.02649329972566,75.9786270233045,32.13657444578203,52.168855127681766,1.694114349986825,63598.15,4128839.55,74.9,59.8,-1.0001144618519109,-0.3766886783054557,-0.0125588697017269,0.0379537953795379,60.6,1.5165187479649005,75.87149153929163,67.4649999999996,59.05850846070759,0.2284836379919759,0.2492104510277053,36.36363636363635,16.186947110859666,61.619999999999706,64.14999999999964,-2592697.0,-2240824.5,-69.23076923076923,-100.2431269870957,17.903440177350035,75.1,77.44999999999999,105358.9004999998,True,0.0389361133816013,31000.0,3.0,0.0,0.0,-2000.0,0.0,-0.0514949830833282,0.0,0.0,0.0242,0.0101,0.0,77.4,0.03,0,False,0,False,False,False,False,1.5760364098641233,True,False,True,False,True,False,True,False,False,False,False,False,False,False,False,False,False,False,0.0,0.0,19.07790143084262,0.0,-1.411552351304196,True,False,False,False,False,False,False,-1.0,False,5,False,False,393.8217358829909,15.6,10,False,3,False,True,False,True,"volume_break, market_above_ma60, avoid_chase, foreign_buy_3d, adx_trending",,close_below_ema20,1.7,69.2,41.2,7.7,0.34,False,13,D
2026-10-07,29.55,29.8,29.5,29.75,74124,2194739,7705,三商餐飲,,-0.1442506703201616,-0.1555969469076627,0.0113462765875011,29.92580238656217,30.44478989724272,31.72276114714984,41.98815956444019,10.25876109142788,0.292569795690304,37055.8,1105069.75,30.1,29.7,-0.0272019541949648,-0.0541909220977783,-0.0033500837520938,0.0,29.75,1.7547432823839535,30.08273719927088,29.88500000000022,29.68726280072956,0.1586378271307702,0.0132332072458196,53.84615384615389,55.34188034188082,29.78000000000029,29.835000000000218,-3224554.0,-3155746.3,-64.99999999999986,-127.51677852349115,38.57388818875456,30.925,31.525,105358.9004999998,True,0.0389361133816013,4000.0,3.0,0.0,0.0,0.0,0.0,-0.0422861971336951,0.0,0.0,0.079,0.131,0.0,2.32,0.02,0,False,0,False,False,False,False,2.0003346304762006,True,False,False,False,True,False,True,False,False,False,False,False,False,False,False,False,False,False,0.0,12.0,1.176470588235299,15.0,-0.4423240818484721,True,False,False,False,False,False,False,-1.0,False,4,False,False,321.6954573225803,22.6,3,False,3,False,True,False,True,"volume_break, market_above_ma60, avoid_chase, foreign_buy_3d",,close_below_ema20,39.5,66.7,29.8,16.7,2.14,False,18,D
2026-10-07,33.4,33.55,33.4,33.55,5000,167600,7732,金興精密,,0.0060280541407529,-0.7973437329562327,0.8033717870969856,31.361465158811967,32.504261612049895,33.55541968920632,51.522137660737336,7.776681456841096,5.311387341918185,8997.45,299961.65,34.85,0.0,,,0.0014925373134326,0.0029895366218235,33.45,3.0492730428388364,50.71316724060446,30.410000000000128,10.10683275939579,0.5773278366569374,1.3352954449591747,99.4074074074074,97.23729399742416,33.12000000000044,30.040000000000145,690609.0,673967.9,-2.7536231884058053,34.4650911719228,42.431637759061154,34.4125,18.4,105358.9004999998,True,0.0389361133816013,0.0,0.0,0.0,0.0,0.0,0.0,-0.0374435760681686,0.0,0.0,0.0435,0.5493,0.0,0.45,0.01,0,False,0,False,False,True,False,0.5557130075743683,False,False,False,False,True,False,False,False,False,True,False,False,False,False,False,False,False,True,-20.0,0.0,3.8748137108792977,0.0,0.4817154386572043,False,False,False,False,False,False,False,-1.0,False,3,False,False,191.3377153396301,25.6,3,False,3,False,False,False,False,"market_above_ma60, avoid_chase, obv_uptrend",,,-204.1,14.0,7.9,44.2,-0.7,False,43,D
2026-10-07,71.5,72.4,71.0,71.8,71169,5079227,7736,虎山,,0.3137489841353442,-0.0721595526779425,0.3859085368132868,69.65791113567441,70.22440453257262,72.90726908430126,64.85912657350977,25.807781866003403,1.3534253027048035,40906.25,2867563.95,71.5,68.2,0.1002353590547158,-0.0319670518317919,0.0481751824817517,0.0041958041958041,71.5,3.797901880509408,71.39369524095424,69.32500000000019,67.25630475904613,1.0982031453938017,0.059681074387423,65.51724137931033,59.19540229885024,70.55999999999986,69.5800000000003,2301456.0,1910962.6,-34.48275862068967,219.3227710469103,66.84629412673826,70.0,71.15,105358.9004999998,True,0.0389361133816013,-2000.0,0.0,0.0,0.0,0.0,0.0,0.0092390691001504,0.0,0.0,-0.1785,0.237,0.0,1.33,0.02,0,False,0,False,False,True,False,1.739807486631016,True,True,True,True,True,False,False,True,False,True,False,False,False,True,False,False,True,True,0.0,-25.0,-0.4178272980501353,25.0,2.0,False,False,True,True,False,False,False,-1.0,False,11,True,False,816.3980748663101,26.5,5,False,3,False,False,False,False,"volume_break, rsi_strong, breakout_20d, market_above_ma60, avoid_chase, adx_trending, stronger_than_market, obv_uptrend, breakout_volume_confirm, mfi_strong, above_ichimoku_cloud",long_upper_shadow,,421.0,88.4,87.2,44.2,0.34,False,43,D
2026-10-07,1965.0,2045.0,1965.0,1995.0,139291,280785645,7750,新代,,-64.79583194010752,-77.92910383638794,13.13327189628042,2019.220669415651,2109.6539936880663,2025.1127436921065,46.31065249952167,17.148507794700834,101.46028995195732,191202.15,387063922.25,2375.0,1885.0,-0.5072515352137698,-0.0884445754548319,0.04177545691906,0.0075757575757575,1980.0,1.3091963361781147,2241.3772582593388,1995.75,1750.122741740661,0.4984732964791554,0.2461503277057135,53.333333333333336,66.66666666666667,1965.0,1956.5,5430448.0,5611460.7,-46.66666666666666,-1.3372234378798382,62.91844078376813,2265.0,2180.0,105358.9004999998,True,0.0389361133816013,13056.0,1.0,0.0,0.0,183.0,1.0,0.0028393435374587,0.0,0.0,1.5107,-0.1509,0.0,16.05,-0.13,0,False,0,False,False,False,True,0.7285012223973423,False,False,False,False,True,True,False,True,False,False,False,False,False,False,False,False,True,True,0.0,0.0,19.047619047619047,0.0,-0.2217010890197354,False,False,False,False,False,False,False,-1.0,False,6,False,False,454.6245991557366,15.6,3,False,3,False,True,False,True,"ema60_gt_ema120, market_above_ma60, avoid_chase, liquidity_ok, stronger_than_market, mfi_strong",,close_below_ema20,89.3,74.0,50.8,32.0,-0.39,False,50,D
2026-10-07,32.8,33.1,32.55,32.55,43280,1425884,7760,享溫馨,,-0.1027154050315033,-0.1124321739217739,0.0097167688902706,32.8527799695824,33.260180010050405,34.089681410273954,45.22527966184152,26.33777212404793,0.6336585642221787,32971.15,1080439.1,33.3,32.5,-0.0108294118023939,-0.0892626208862474,0.0,-0.0180995475113122,33.15,1.6652000042852049,33.33199494709571,32.812499999999815,32.29300505290392,0.2473507668676482,0.031664453918226,59.09090909090889,71.9696969696967,32.69999999999963,32.809999999999675,-879092.0,-853997.7,-40.90909090909111,-4.166666666668804,34.81415895377829,33.325,34.4,105358.9004999998,True,0.0389361133816013,7000.0,1.0,0.0,0.0,0.0,0.0,-0.0389361133816013,0.0,0.0,-0.0536,0.1635,0.0,0.44,0.02,0,False,0,False,False,False,False,1.3126627369685315,False,False,True,False,True,False,False,False,False,False,False,False,False,False,False,False,False,False,0.0,0.0,2.3041474654377883,8.0,-0.1851347814406347,False,False,False,False,False,False,False,-1.0,False,3,False,False,208.90500999239768,10.8,5,False,3,False,True,False,True,"market_above_ma60, avoid_chase, adx_trending",,close_below_ema20,-73.3,22.2,9.8,16.7,0.85,False,18,D
2026-10-07,15.8,16.15,15.8,16.15,805093,12910845,7780,大研生醫*,,-0.1947670954910627,-0.1989340235156366,0.0041669280245739,16.216284953383617,17.312389749168123,28.7745404418796,45.60691675257713,19.59579181332208,0.2399954120826915,733681.55,11834538.45,16.65,15.8,-0.1717255205818301,-0.1382600964530208,-0.0061538461538462,0.0189274447949525,15.85,1.6032479058703577,16.632434966070914,16.2,15.767565033929085,0.4421878387237073,0.0533870328482611,83.33333333333309,38.88888888888929,16.0,16.06499999999978,-12835955.0,-11478966.0,-41.17647058823548,-67.99859796705294,34.92898563906677,16.900000000000002,18.05,105358.9004999998,True,0.0389361133816013,486340.0,2.0,0.0,0.0,-34.0,0.0,-0.0450899595354475,0.0,0.0,0.3814,0.0298,0.0,0.82,0.03,0,False,0,True,True,False,False,1.0973330322944606,False,False,False,False,True,False,False,False,False,False,False,False,False,False,False,False,False,False,-20.0,0.0,3.095975232198142,8.0,-0.5159693562789517,True,False,False,False,False,False,False,-1.0,False,4,False,False,287.7816980475972,4.9,3,False,3,False,True,False,True,"macd_golden_cross, market_above_ma60, avoid_chase, hist_turn_positive",,close_below_ema20,-1.9,50.0,22.8,18.2,0.61,False,22,D
2026-10-07,53.3,53.8,52.9,53.8,59264,3148183,7791,皇家可口,,-0.7501956445200548,-0.6701499802667806,-0.0800456642532742,55.29254558014827,57.55662554229637,60.95701225272883,30.69037443548156,21.557263877268056,0.8331328288700462,32359.55,1779025.85,57.2,53.8,-0.1694763060364849,-0.2549622440236894,-0.0271247739602169,0.0,53.8,2.4546113332556905,56.94365815859231,55.369999999999706,53.79634184140711,0.0011623104334689,0.0568415444678565,31.03448275862065,21.96387520525484,54.33999999999942,54.94999999999963,-8506869.0,-8324911.3,-75.00000000000004,-219.7712418300667,15.14814425293352,57.925,60.0,105358.9004999998,True,0.0389361133816013,7000.0,2.0,0.0,0.0,0.0,0.0,-0.0660608873418182,0.0,0.0,-0.068,0.01,0.0,0.53,0.0,0,False,0,False,False,False,False,1.831422254017748,True,False,True,False,True,False,False,False,False,False,False,False,False,False,False,False,False,False,0.0,25.0,6.319702602230494,0.0,-0.3704203001497001,True,False,False,False,False,False,False,-1.0,False,4,False,False,293.8691789383811,19.0,5,False,3,False,True,False,True,"volume_break, market_above_ma60, avoid_chase, adx_trending",,close_below_ema20,4.2,59.1,24.2,18.2,2.4,False,22,D
2026-10-07,532.0,537.0,515.0,516.0,741773,387100817,7799,禾榮科,,38.02449934265587,37.41821669989719,0.6062826427586856,488.859550139244,431.5988762182012,422.5659490277405,60.52493716677154,45.790943628808456,27.082849063154978,1224937.85,613673156.6,555.0,490.5,1.815941153065452,0.5480542331356265,-0.0426716141001854,-0.0282485875706214,531.0,0.3306941592179131,593.9350994008269,483.775,373.6149005991731,0.6462643923492962,0.4554187355726397,38.297872340425535,51.06382978723377,536.4,524.85,-4996623.0,-7795857.7,-38.66666666666666,52.86496340160937,73.98804784721976,370.375,403.25,105358.9004999998,True,0.0389361133816013,33604.0,1.0,0.0,0.0,2000.0,1.0,-0.0816077274817868,0.0,0.0,-0.6222,-0.6222,0.0,3.68,-0.13,0,False,0,False,False,True,True,0.6055597024779665,False,True,True,False,True,True,False,False,False,True,False,False,False,False,False,False,True,True,0.0,0.0,7.55813953488372,0.0,0.7560109500029518,False,False,True,False,False,False,False,-1.0,False,9,False,False,610.1277284248151,7.9,8,False,3,False,False,False,False,"ema60_gt_ema120, rsi_strong, market_above_ma60, avoid_chase, liquidity_ok, adx_trending, obv_uptrend, mfi_strong, above_ichimoku_cloud",,,205.5,88.2,70.2,37.3,-0.47,False,51,D
2026-10-07,17.2,17.6,17.15,17.5,67055,1155187,7803,雲象科技-創,,-0.5224959569167353,-0.4750431500159363,-0.047452806900799,18.283439161911296,19.833690695700685,22.42813422328673,33.22963220437775,15.889705248010408,0.6463352623375745,69389.4,1255015.6,19.6,17.6,-0.5745708770590223,-0.310308269769292,-0.0250696378830083,-0.008498583569405,17.65,1.2426280843167388,19.753348611884032,18.4125,17.07165138811597,0.1597304155322036,0.145645470401524,35.99999999999994,32.65359477124184,17.639999999999965,17.819999999999983,-850555.0,-723971.6,-84.74576271186443,-104.4393469167452,31.27547948019724,19.6875,21.275,105358.9004999998,True,0.0389361133816013,31000.0,2.0,0.0,0.0,3863.0,1.0,-0.0640057512646096,0.0,0.0,-0.8897,4.1825,0.0,2.89,0.03,0,False,0,False,False,False,False,0.9663579739844992,False,False,False,False,True,False,False,False,False,False,False,False,False,False,False,False,False,False,0.0,12.0,12.000000000000009,0.0,-0.5892285529556809,True,False,False,False,False,False,False,-1.0,False,2,False,False,94.59283710437684,5.5,3,False,3,False,True,True,True,"market_above_ma60, avoid_chase",,"close_below_ema20, close_below_swing_low",-141.4,16.7,0.4,16.7,0.15,False,6,D
2026-10-07,35.0,35.1,34.9,35.0,71872,2517221,7821,神數,,-1.1665673545840178,-0.9127160804703564,-0.2538512741136615,36.99079414367814,39.322055032390686,42.65773881578389,18.90896489398708,36.88656218184939,0.5698815130518377,128429.65,4772756.2,40.0,35.1,-0.7637365714121448,-0.2004783396377677,-0.0250696378830083,-0.0028490028490029,35.1,0.7556834944680628,40.92937539896292,37.50249999999996,34.075624601037006,0.1348714632639881,0.1827545043110704,11.11111111111111,7.321991663937297,35.29000000000015,35.90499999999993,-11681320.0,-10487718.45,-94.2528735632184,-107.8251484079872,16.847919760824354,39.75,42.1,105358.9004999998,True,0.0389361133816013,21750.0,2.0,0.0,0.0,0.0,0.0,-0.0640057512646096,0.0,0.0,0.2325,-0.2792,0.0,0.57,0.01,0,False,0,False,False,False,False,0.5596215515653901,False,False,True,False,True,False,False,False,False,False,False,False,False,False,False,False,False,False,20.0,12.0,14.285714285714285,0.0,-2.0,True,False,False,False,False,False,False,-1.0,False,3,False,False,278.5962155156539,2.4,5,False,3,False,True,True,True,"market_above_ma60, avoid_chase, adx_trending",,"close_below_ema20, close_below_swing_low",-116.8,27.9,21.3,44.2,-0.7,False,43,D
2026-10-07,166.0,166.5,163.0,165.5,331081,54529109,7827,漢康-KY創,,3.073353096828754,2.210878693075415,0.862474403753339,161.35324916370453,157.51922266244495,150.95799083733465,62.12904388681509,15.896360628588228,5.379932677820867,244507.7,39302615.2,167.5,162.0,0.6597776795214507,0.0981174754482592,0.0030303030303029,-0.0060060060060059,166.5,1.4141491410419944,172.57666041487138,159.025,145.47333958512863,0.7389006144551272,0.1704343394418661,67.74193548387096,74.1935483870966,166.3,164.85,-4317929.0,-4789766.3,-21.27659574468085,70.84468664850138,64.40230367757914,153.625,159.5,105358.9004999998,True,0.0389361133816013,-117993.0,0.0,0.0,0.0,4256.0,3.0,-0.0359058103512983,0.0,0.0,0.0,0.0,0.0,25.54,0.06,0,False,0,False,False,True,True,1.3540718758550343,False,True,False,False,True,False,False,False,False,True,False,True,False,False,False,False,True,True,0.0,0.0,1.2084592145015105,15.0,0.7482858363467456,False,False,True,False,False,False,False,-1.0,False,8,False,False,562.5201487947113,14.1,3,False,3,False,False,False,False,"ema60_gt_ema120, rsi_strong, market_above_ma60, avoid_chase, obv_uptrend, dealer_buy_3d, mfi_strong, above_ichimoku_cloud",,,157.9,82.4,65.0,37.3,0.17,False,51,D
2026-10-07,41.35,42.0,41.3,41.9,378938,15786114,7855,和運租車,,-2.594138470548735,-3.552139849922465,0.9580013793737296,42.79822757842351,56.4378446701338,71.52818735116708,25.011589878024267,60.02808444991471,0.6678067538812011,496269.15,20771655.45,42.2,41.3,-0.0980473017622207,-1.89458161039411,0.0120772946859903,0.0120772946859903,41.4,1.2177616743946074,42.453697162718015,41.84750000000004,41.24130283728206,0.5433027430915115,0.0289717265173773,73.68421052631567,31.57894736842051,41.48000000000102,41.61500000000051,-30584809.0,-29960995.7,-30.000000000000423,-34.13530742340156,28.49430303916037,58.1625,74.0,105358.9004999998,True,0.0389361133816013,126586.0,3.0,0.0,0.0,41000.0,2.0,-0.0268588186956109,0.0,0.0,0.0136,-0.0467,0.0,23.24,0.13,0,False,0,False,False,False,False,0.7635735568088405,False,False,True,False,True,False,True,False,False,False,False,False,False,False,True,False,False,False,-10.0,0.0,0.7159904534606307,25.0,-0.0486248605338109,True,False,False,False,False,False,False,-1.0,False,5,False,False,432.0522372416827,5.9,5,False,3,False,True,False,True,"market_above_ma60, avoid_chase, foreign_buy_3d, adx_trending, williams_r_recovery",,close_below_ema20,110.6,75.0,47.3,18.8,-0.21,False,32,D
2026-10-07,175.0,178.0,173.5,174.0,2695167,473004451,8033,雷虎,,-1.6902380844950642,-2.6239654276027773,0.9337273431077132,173.76912562950184,175.6528855540338,169.5166245493772,48.91559526677393,8.613438496447966,6.296180718873575,2239971.55,388090888.65,177.0,168.5,0.0464592115598848,-0.3398227055399091,-0.0028653295128939,0.0028818443804035,173.5,0.7267168162303124,177.16756402823316,171.75,166.33243597176684,0.7076579056818085,0.0630866262385229,63.63636363636363,63.9314194577352,174.2,172.1,-101456073.0,-105560199.05,-32.0,81.78619099623911,62.13265449186094,186.0,198.0,105358.9004999998,True,0.0389361133816013,-53024.0,0.0,0.0,0.0,413.0,1.0,-0.0418014428944952,0.0,0.0,0.7496,0.49,0.0,4.27,0.03,0,False,0,False,False,False,True,1.203214835474138,False,False,False,False,True,True,False,False,False,True,False,False,False,False,False,False,True,True,0.0,0.0,1.7241379310344829,15.0,0.1579013919019972,False,False,False,True,False,False,False,-1.0,False,6,True,False,438.9269650575653,10.7,3,False,3,False,False,False,False,"ema60_gt_ema120, market_above_ma60, avoid_chase, liquidity_ok, obv_uptrend, mfi_strong",long_upper_shadow,,117.5,78.1,48.4,18.8,0.48,False,32,D
