date,open,high,low,close,volume,amount,stock_id,name,industry_category,macd,macd_signal,macd_hist,ema20,ema60,ema120,rsi14,adx14,atr14,volume_ma20,amount_ma20,close_20d_high,close_10d_low,lr_slope_20,lr_slope_60,return_5d,day_return,prev_close,prev_volume_ratio,bb_upper,bb_mid,bb_lower,bb_pct_b,bb_bandwidth,stoch_k,stoch_d,sma5,sma10,obv,obv_ma,williams_r,cci20,mfi14,ichi_senkou_a,ichi_senkou_b,market_ma60,market_above_ma60,market_return_5d,foreign_net,foreign_buy_streak,invest_trust_net,invest_trust_streak,dealer_net,dealer_buy_streak,relative_strength_5d,margin_change_5d,short_ratio,revenue_yoy,revenue_mom,revenue_3m_yoy,foreign_holding_pct,foreign_holding_chg5d,insider_net_30d,has_buyback,limit_down_streak,macd_golden_cross,hist_turn_positive,above_ema60,ema60_gt_ema120,volume_ratio,volume_break,rsi_strong,adx_trending,breakout_20d,avoid_chase,liquidity_ok,foreign_buy_3d,stronger_than_market,kd_golden_cross,obv_uptrend,invest_trust_buy_2d,dealer_buy_3d,bb_squeeze_breakout,breakout_volume_confirm,williams_r_recovery,cci_momentum,mfi_strong,ma5_above_ma10,kd_level_score,bb_level_signal,gap_to_20d_high_pct,breakout_proximity_score,obv_strength,foreign_buy_accel,invest_trust_accel,above_ichimoku_cloud,long_upper_shadow,open_high_close_low,gap_chase_after_blowout,earnings_blocked,f_score,f_score_low,condition_count,skip_trade,entry_signal,entry_score,momentum_score,expected_hold_days,momentum_decay_signal,estimated_sl_days,macd_death_cross,close_below_ema20,close_below_swing_low,base_exit_signal,entry_reason,skip_reason,base_exit_reason,sector_rs,sector_rs_rank,market_rs_rank,sector_breadth_60,sector_vol_zscore,is_sector_leader,sector_stock_count,grade
2026-07-31,7850.0,7850.0,7760.0,7850.0,232481,1824270870,2059,川湖,,141.05477826999413,297.728184312104,-156.67340604210983,7700.299303507091,6724.03334762638,5656.103022280218,53.35709132188278,23.00386064188633,572.3304270798169,638441.45,5079922000.25,8655.0,7140.0,-0.4327591377718783,1.0623668770753834,0.0148674854557206,0.0994397759103642,7140.0,1.1382934069912942,8720.301473672433,7957.75,7195.198526327567,0.429349031691541,0.1916500200866911,61.027190332326285,32.24444309010323,7572.0,7764.5,15618753.0,16560231.45,-50.970873786407765,-32.337946103423164,30.550334581381165,6482.5,5480.0,,,,0.0,0.0,0.0,0.0,0.0,0.0,,0.0,0.0,2.2052,0.1718,0.0,23.85,-0.08,0,False,0,False,False,True,True,0.3641383246654803,False,False,True,False,True,True,False,False,False,False,False,False,False,False,False,False,False,False,0.0,0.0,10.254777070063694,0.0,-0.2848690928790611,False,False,True,False,False,False,False,-1.0,False,6,False,False,415.22295413210605,,3,False,3,False,False,False,False,"ema60_gt_ema120, market_above_ma60, avoid_chase, liquidity_ok, adx_trending, above_ichimoku_cloud",,,56.0,73.1,69.5,12.2,-0.73,False,245,D
2026-07-31,151.0,160.0,151.0,154.0,626143,97096784,2072,世紀風電,,-1.765664328702826,-3.856536924869309,2.090872596166484,148.36947934704114,162.61866741567803,186.6652425922927,52.15800593157242,6.699494044686842,10.551873982432294,499253.8,73971755.6,153.0,139.5,0.1608391887990515,,0.0769230769230768,0.0476190476190476,147.0,0.8992974181664797,153.8031639233912,145.9,137.99683607660882,1.0124529921507903,0.1083367227332582,67.56756756756756,60.00929500929548,151.2,146.95,-15085310.0,-16046147.25,-27.27272727272728,166.04585713103256,60.330717917591386,181.625,184.75,,,,0.0,0.0,0.0,0.0,0.0,0.0,,0.0,0.0,1.0111,0.1142,0.0,1.56,-0.05,0,False,0,False,False,False,False,1.2541577049588806,False,False,False,True,False,True,False,False,True,True,False,False,True,False,False,True,True,True,0.0,-25.0,-0.6493506493506493,25.0,0.6049072320410633,False,False,False,False,False,False,False,-1.0,False,8,False,False,614.8004638340816,,3,False,3,False,False,False,False,"breakout_20d, market_above_ma60, liquidity_ok, kd_golden_cross, obv_uptrend, bb_squeeze_breakout, cci_momentum, mfi_strong",,,298.8,100.0,94.4,3.8,1.09,True,26,D
2026-07-31,209.0,209.0,209.0,209.0,9460069,1977154421,2301,光寶科,,-4.332570558411192,-2.910295135907524,-1.4222754225036676,207.33461526446365,206.334084646186,194.6903964195463,50.11117446882973,12.982588766938996,15.29677801877124,19754511.5,4141891507.0,224.0,185.0,-0.5570516414367361,-0.1110930889247345,-0.0256410256410256,0.1,190.0,1.5627235318842203,231.64135964699736,209.475,187.30864035300263,0.4892855658853225,0.2116372803150482,61.90476190476191,34.60317460317492,198.0,204.1,514154695.0,526569452.6,-38.095238095238095,-8.719217626958988,47.17865121385621,226.25,207.5,,,,0.0,0.0,0.0,0.0,0.0,0.0,,0.0,0.0,0.3698,0.075,0.0,40.67,-0.72,0,False,0,False,False,True,True,0.4788814443728462,False,False,False,False,True,True,False,False,False,False,False,False,False,False,False,False,False,False,0.0,0.0,7.177033492822966,0.0,-0.1832852162017982,False,False,False,False,False,True,False,-1.0,False,4,True,False,252.58939184930688,,3,False,3,False,False,False,False,"ema60_gt_ema120, market_above_ma60, avoid_chase, liquidity_ok",gap_chase_after_blowout,,-94.9,22.5,21.8,25.5,-0.59,False,102,D
2026-07-31,36.6,36.75,35.1,36.75,2567967,92950801,2302,麗正,,-1.6138036742985804,-0.2537798977718767,-1.3600237765267038,40.81760533950081,37.59410944960601,31.71445998231681,42.25997735747616,23.53107849275921,3.7645698296116,5768337.0,265049945.85,55.4,33.45,-1.853899876539717,1.0898661127355829,-0.1453488372093023,0.0986547085201792,33.45,0.5249517866006215,52.98653039076439,42.80249999999997,32.61846960923554,0.2028435811872288,0.4758614749495676,29.43396226415093,11.320754716981051,36.749999999999815,39.14999999999991,174296372.0,185457895.95,-75.07987220447285,-115.14661274014163,63.33397687274677,38.9625,33.875,,,,0.0,0.0,0.0,0.0,0.0,0.0,,0.0,0.0,0.4571,0.1554,0.0,1.02,-0.14,0,False,0,False,False,False,True,0.4451832477887474,False,False,True,False,True,True,False,False,False,False,False,False,False,False,False,False,True,False,10.0,0.0,50.74829931972789,0.0,-0.2171224329976475,False,False,False,False,False,False,False,-1.0,False,6,False,False,416.8463632819157,,3,False,3,False,True,False,True,"ema60_gt_ema120, market_above_ma60, avoid_chase, liquidity_ok, adx_trending, mfi_strong",,close_below_ema20,40.9,63.8,69.9,7.9,-0.54,False,127,D
2026-07-31,121.0,121.0,121.0,121.0,45325057,5484331897,2303,聯電,,-9.08071394355089,-4.495369283340909,-4.585344660209981,134.13809248387824,129.4276554894465,109.54116279057207,42.07556629458433,29.45995035856546,11.123079455441946,152282820.3,20338982458.25,170.5,102.5,-2.2947532589215216,0.4770208215951298,-0.0546875,0.1,110.0,2.440666609770132,180.93555361949524,141.4,101.86444638050476,0.2420043716051489,0.5592016070649962,43.52941176470589,20.39215686274535,114.6,124.3,6204282454.0,6585169013.1,-71.7557251908397,-83.40108401083994,26.553813459242804,148.625,122.05,,,,0.0,0.0,0.0,0.0,0.0,0.0,,0.0,0.0,0.2285,0.0079,0.0,41.41,0.33,0,False,0,False,False,False,True,0.297637362577793,False,False,True,False,True,True,False,False,False,False,False,False,False,False,False,False,False,False,0.0,0.0,40.909090909090914,0.0,-0.3149987549401344,False,False,False,False,False,True,False,-1.0,False,5,True,False,359.1963885664963,,3,False,3,False,True,False,True,"ema60_gt_ema120, market_above_ma60, avoid_chase, liquidity_ok, adx_trending",gap_chase_after_blowout,close_below_ema20,0.0,50.2,53.9,12.2,-0.84,False,245,X
2026-07-31,1680.0,1680.0,1590.0,1640.0,31352334,51687921935,2308,台達電,,-116.70864221199804,-97.15610047413384,-19.552541737864203,1780.8795406114184,1899.332013920382,1765.8057246775022,39.35014008798844,29.537625061506763,127.47983035281274,12861422.25,22697565031.1,2075.0,1495.0,-1.212739458283006,-0.5295821939172123,-0.0812324929971989,0.0718954248366012,1530.0,1.9413297458094,2099.133670852468,1804.5,1509.8663291475327,0.2208397812713494,0.326554359492898,40.95238095238095,24.76190476190459,1600.0,1708.5,250737481.0,243621787.15,-59.04761904761905,-99.58545317505184,44.22106113318104,2188.75,2130.0,,,,0.0,0.0,0.0,0.0,0.0,0.0,,0.0,0.0,0.5543,0.1126,0.0,62.54,-0.33,0,False,0,False,False,False,True,2.4377034973717624,True,False,True,False,True,True,False,False,False,True,False,False,False,False,False,False,False,False,0.0,0.0,26.52439024390244,0.0,0.1194532380433655,False,False,False,False,True,True,False,-1.0,False,7,True,False,510.8104738302381,,6,False,3,False,True,False,True,"ema60_gt_ema120, volume_break, market_above_ma60, avoid_chase, liquidity_ok, adx_trending, obv_uptrend","open_high_close_low, gap_chase_after_blowout",close_below_ema20,144.1,88.1,86.8,5.6,3.04,False,177,D
2026-07-31,29.6,30.2,29.1,30.1,9484747,281803699,2305,全友,,-0.7383074061978085,0.3395434588196041,-1.0778508650174126,32.22475014718272,28.9059033474798,24.00292654706317,45.079312001084574,25.563796224663083,2.787142390102197,5871698.0,194340480.4,42.65,27.45,-1.7469545178790802,1.4217213662501516,-0.068111455108359,0.0925589836660616,27.55,2.019884512745185,41.73073806359587,34.06250000000009,26.39426193640431,0.2416290439122075,0.4502451707065401,43.02325581395351,18.7984496124033,29.490000000000144,31.21000000000013,139548893.0,145100186.55,-73.47670250896056,-92.9856051807271,19.582808693909456,29.0,27.125,,,,0.0,0.0,0.0,0.0,0.0,0.0,,0.0,0.0,1.4233,0.2928,0.0,5.24,-0.6,0,False,0,False,False,True,True,1.615332907107961,True,False,True,False,True,True,False,False,False,False,False,False,False,False,False,False,False,False,0.0,0.0,41.69435215946843,0.0,-0.0906680139300611,False,False,True,False,False,True,False,-1.0,False,7,True,False,505.0653129039189,,3,False,3,False,True,False,True,"ema60_gt_ema120, volume_break, market_above_ma60, avoid_chase, liquidity_ok, adx_trending, above_ichimoku_cloud",gap_chase_after_blowout,close_below_ema20,157.5,84.3,86.4,25.5,1.48,False,102,D
2026-07-31,29.8,30.35,29.15,30.0,15971209,475514333,2312,金寶,,-1.3504697443958982,-0.9476411037094272,-0.4028286406864709,31.90668620039816,32.2596977759206,30.17531725363041,42.30204656710997,18.686376958902912,2.128666016366377,19124511.65,622185821.15,35.55,27.65,-0.9791640462803786,0.0053944936595246,-0.0580847723704867,0.0849909584086798,27.65,0.9944143467580442,36.6117683558717,32.40500000000011,28.198231644128512,0.2141511254543728,0.2596369915674483,39.70588235294117,20.96190935390526,29.67999999999993,30.89500000000008,2035805901.0,2107717251.6,-65.60509554140128,-102.63716085731528,34.727829205032535,35.9125,33.225,,,,0.0,0.0,0.0,0.0,0.0,0.0,,0.0,0.0,0.327,0.2022,0.0,7.75,0.02,0,False,0,False,False,False,True,0.8351172198428398,False,False,False,False,True,True,False,False,True,False,False,False,False,False,False,False,False,False,0.0,0.0,18.5,0.0,-0.2014364014100009,False,False,False,False,False,False,False,-1.0,False,5,False,False,335.9339353815084,,3,False,3,False,True,False,True,"ema60_gt_ema120, market_above_ma60, avoid_chase, liquidity_ok, kd_golden_cross",,close_below_ema20,-23.3,42.0,45.8,12.2,-0.02,False,245,D
2026-07-31,168.5,169.0,166.5,169.0,14742543,2487287086,2313,華通,,-18.58425882268466,-13.67640536501804,-4.90785345766662,203.68536350904267,225.5479038199243,214.6111087318536,35.40224599125159,25.638274401925464,16.048309887471817,37250815.4,7985070807.2,248.0,154.0,-1.7746374309979291,-0.5885831469479545,-0.1612903225806451,0.0974025974025973,154.0,1.0685145945042982,258.3394377343454,209.675,161.01056226565464,0.0820870239779503,0.4641892236494133,22.900763358778622,11.656576292006624,175.1,190.8,1136626748.0,1290472974.8,-84.04255319148936,-148.6415882967606,34.99496169928506,267.375,255.25,,,,0.0,0.0,0.0,0.0,0.0,0.0,,0.0,0.0,0.2096,0.0227,0.0,19.09,1.11,0,False,0,False,False,False,True,0.3957643031889176,False,False,True,False,True,True,False,False,True,False,False,False,False,False,False,False,False,False,10.0,25.0,46.74556213017752,0.0,-0.4997762543450244,False,False,False,False,False,False,False,-1.0,False,6,False,False,482.9603279797489,,3,False,3,False,True,False,True,"ema60_gt_ema120, market_above_ma60, avoid_chase, liquidity_ok, adx_trending, kd_golden_cross",,close_below_ema20,116.2,86.4,84.0,5.6,-0.62,False,177,D
2026-07-31,11.45,11.5,11.45,11.45,128311,1470754,2314,台揚,,-0.7710755550806745,-0.6538117957343137,-0.1172637593463608,12.718563098662912,14.115893398390464,15.2466599974097,29.277633320279165,31.050267679580585,0.5583086815143876,139846.3,1777461.4,14.45,11.3,-1.100487797274479,-0.26429643353038,-0.0728744939271255,0.0088105726872247,11.35,0.9291540620484828,14.51793893075471,12.837500000000023,11.157061069245335,0.0871614330617486,0.2618015860961531,34.21052631578942,28.14593301435404,11.720000000000072,12.13000000000002,5176716.0,5424318.45,-78.68852459016396,-129.06990313922287,31.018869350934125,15.2375,14.6,,,,0.0,0.0,0.0,0.0,0.0,0.0,,0.0,0.0,0.2472,0.2791,0.0,1.34,-0.06,0,False,0,False,False,False,False,0.9175144426416716,False,False,True,False,True,False,False,False,False,False,False,False,False,False,False,False,False,False,0.0,25.0,26.200873362445414,0.0,-0.2560741427525272,False,False,False,False,False,False,False,-1.0,False,3,False,False,261.1022547133864,,8,False,3,False,True,False,True,"market_above_ma60, avoid_chase, adx_trending",,close_below_ema20,-98.1,20.0,24.0,12.2,0.11,False,245,D
2026-07-31,142.0,142.0,142.0,142.0,671618,95369756,2316,楠梓電,,-13.581388831583524,-8.639143388701275,-4.94224544288225,163.9746690801686,164.46629715288788,146.71574540016826,37.2464137101265,27.830745710278325,14.066775098285634,2700992.85,457908118.75,221.5,129.5,-2.6522258546080995,0.4078005028741212,-0.0897435897435897,0.0965250965250965,129.5,1.0050302341766069,228.43964477218825,172.525,116.6103552278118,0.2270393103240901,0.6481917956491895,31.57894736842105,18.07780320366146,141.1,149.7,516659768.0,526376074.75,-76.92307692307692,-87.8571012974923,41.3688327264268,192.875,178.75,,,,0.0,0.0,0.0,0.0,0.0,0.0,,0.0,0.0,0.2783,-0.1609,0.0,35.94,0.75,0,False,0,False,False,False,True,0.2486559710811526,False,False,True,False,True,True,False,False,True,False,False,False,False,False,False,False,False,False,0.0,0.0,55.98591549295775,0.0,-0.7648395968548256,False,False,False,False,False,False,False,-1.0,False,6,False,False,433.3084845485536,,3,False,3,False,True,False,True,"ema60_gt_ema120, market_above_ma60, avoid_chase, liquidity_ok, adx_trending, kd_golden_cross",,close_below_ema20,66.6,72.3,74.3,5.6,-0.88,False,177,X
2026-07-31,245.0,252.0,242.5,250.5,98985798,24557490553,2317,鴻海,,-2.458983240485992,-3.022516264078315,0.5635330235923233,244.70236760215064,246.1133181602398,239.2803798859464,52.8238299175726,16.469172247778506,10.437064577190638,53495005.4,12935243220.75,257.5,229.5,0.1586149072539235,-0.1521850802639235,-0.0079207920792079,0.0915032679738561,229.5,1.4850175996231756,256.5251465654448,241.6,226.6748534345552,0.798154526020052,0.1235525377934172,72.72727272727273,34.74399164054315,241.6,245.0,2505472879.0,2481159737.2,-27.27272727272728,77.31882992797271,45.24391145390772,270.125,256.25,,,,0.0,0.0,0.0,0.0,0.0,0.0,,0.0,0.0,0.5211,-0.0438,0.0,39.89,-0.44,0,False,0,True,True,True,True,1.850374577212399,True,False,False,False,True,True,False,False,True,True,False,False,False,False,True,False,False,False,-10.0,0.0,2.7944111776447107,8.0,0.1066605805061553,False,False,False,False,False,False,False,-1.0,False,10,False,False,702.7836727381979,,3,True,3,False,False,False,False,"macd_golden_cross, ema60_gt_ema120, volume_break, market_above_ma60, avoid_chase, liquidity_ok, hist_turn_positive, kd_golden_cross, obv_uptrend, williams_r_recovery",,,343.6,98.0,97.2,12.2,1.53,False,245,D
2026-07-31,14.4,14.4,14.4,14.4,5283,76088,2321,東訊,,0.2445303812180803,0.3977062755565267,-0.1531758943384463,11.945235863886651,11.391680923052496,11.391961541169907,52.12723126063332,10.925780386877374,4.824167727929946,10156.0,153437.6,16.45,0.0,,,-0.0399999999999999,-0.027027027027027,14.8,0.1027915654592177,23.34767200095074,12.60999999999999,1.87232799904924,0.5833514005569139,1.7030407614513494,88.88888888888889,60.0823045267498,11.800000000000091,12.03000000000002,1120185.0,1079809.7,-13.772455089820353,32.26780362442101,80.30586509520647,10.5125,7.75,,,,0.0,0.0,0.0,0.0,0.0,0.0,,0.0,0.0,0.0153,0.2367,0.0,0.01,0.0,0,False,0,False,False,True,False,0.520185112248917,False,False,False,False,True,False,False,False,False,True,False,False,False,False,False,False,True,False,-20.0,0.0,14.236111111111102,0.0,0.5159013249970115,False,False,True,False,False,False,False,-1.0,False,5,False,False,286.39266702245334,,3,False,3,False,False,False,False,"market_above_ma60, avoid_chase, obv_uptrend, mfi_strong, above_ichimoku_cloud",,,-72.8,24.5,30.1,12.2,-0.5,False,245,C
2026-07-31,9.72,10.05,9.72,9.94,5897277,58312398,2323,中環,,-0.369419291148132,-0.2528797879028758,-0.1165395032452561,10.43274019299172,10.743651641827425,10.651903193054393,41.76447656916173,21.072995860617816,0.5053927876788097,7552585.5,81256494.6,12.0,9.38,-1.0436276250739165,0.0293597123732888,-0.0396135265700483,0.0597014925373133,9.38,0.6917340307910843,12.037948125831267,10.650000000000023,9.262051874168778,0.2442267521436353,0.2606475353673695,41.46341463414631,21.341463414634443,9.810000000000128,10.135000000000035,45526143.0,76889770.65,-63.04347826086958,-93.44850229832798,28.79915932185885,11.255,11.06,,,,0.0,0.0,0.0,0.0,0.0,0.0,,0.0,0.0,0.3884,-0.0017,0.0,9.91,-0.94,0,False,0,False,False,False,True,0.780828896276646,False,False,True,False,True,True,False,False,True,False,False,False,False,False,False,False,False,False,0.0,0.0,20.72434607645876,0.0,-0.9128731451200768,False,False,False,False,False,False,False,-1.0,False,6,False,False,411.8538112213256,,3,False,3,False,True,False,True,"ema60_gt_ema120, market_above_ma60, avoid_chase, liquidity_ok, adx_trending, kd_golden_cross",,close_below_ema20,52.7,71.8,68.8,12.2,-0.1,False,245,D
2026-07-31,36.5,36.5,35.3,36.0,76506343,2746751346,2324,仁寶,,-0.1443224694148526,-0.0247709459011529,-0.1195515235136997,35.74508011161487,35.02906095971697,33.68989076493158,51.02848878083141,15.915241795478329,1.819557469431471,52196040.05,1870414484.8,37.2,33.75,-0.0289555528806817,0.2517929172870847,-0.0322580645161291,0.0666666666666666,33.75,1.2484862177461593,37.54858815054602,35.76750000000002,33.98641184945402,0.5652690884302124,0.0995925435407001,62.22222222222216,34.398148148148415,35.29000000000015,35.70000000000018,1880428357.0,1712716854.15,-37.77777777777784,10.82144613871052,51.93378562594455,37.525,37.625,,,,0.0,0.0,0.0,0.0,0.0,0.0,,0.0,0.0,0.5838,0.3604,0.0,35.74,-0.08,0,False,0,False,False,True,True,1.4657499482089542,False,False,False,False,True,True,False,False,True,True,False,False,False,False,True,False,True,False,0.0,0.0,3.333333333333341,8.0,0.4397660833193307,False,False,False,False,True,False,False,-1.0,False,8,True,False,577.9346924819215,,3,True,3,False,False,False,False,"ema60_gt_ema120, market_above_ma60, avoid_chase, liquidity_ok, kd_golden_cross, obv_uptrend, williams_r_recovery, mfi_strong",open_high_close_low,,230.4,90.2,92.8,25.5,1.21,False,102,D
2026-07-31,502.0,502.0,502.0,502.0,6340641,3183001782,2327,國巨*,,-98.44952716966236,-65.35778049369748,-33.091746675964885,690.4008257079064,703.7543463291453,591.2144175547054,30.792887322982,37.03882650542529,67.69332984692231,57139131.95,42203324122.85,1055.0,456.5,-3.7693647385304736,0.6465207033199266,-0.2180685358255452,0.0996714129244249,456.5,1.8064510465882428,1051.7322583589794,730.375,409.0177416410206,0.1446711657203514,0.8799788009145422,16.515426497277677,5.505142165759025,530.7,599.45,1938002105.0,2205166979.7,-87.58526603001364,-115.33339829159766,33.49096375690955,871.625,701.5,,,,0.0,0.0,0.0,0.0,0.0,0.0,,0.0,0.0,0.3891,0.02,0.0,48.39,0.47,0,False,0,False,False,False,True,0.1109684516304591,False,False,True,False,True,True,False,False,True,False,False,False,False,False,False,False,False,False,20.0,12.0,110.1593625498008,0.0,-1.1908647801418322,False,False,False,False,False,True,False,-1.0,False,6,True,False,473.8193071546026,,8,False,3,False,True,False,True,"ema60_gt_ema120, market_above_ma60, avoid_chase, liquidity_ok, adx_trending, kd_golden_cross",gap_chase_after_blowout,close_below_ema20,107.1,84.7,82.5,5.6,-1.13,False,177,X
2026-07-31,41.05,42.0,40.6,41.15,2682207,110624508,2328,廣宇,,-2.629941343813094,-1.963765150017432,-0.6661761937956618,45.63018508113435,48.68670550023472,49.18184395501818,34.462642814620224,24.01873964247488,2.361777963695449,3088296.55,144194486.45,52.2,38.8,-1.1704327628784603,-0.381490859447613,-0.0916114790286976,0.0605670103092783,38.8,0.8526268506905897,53.228327764145405,46.43250000000008,39.636672235854746,0.1113424160136564,0.2927185813447615,25.90673575129534,14.628753556440037,41.59999999999964,43.84999999999982,646197368.0,660779616.95,-79.75708502024291,-133.85082963693102,26.887802015634733,54.575,53.925,,,,0.0,0.0,0.0,0.0,0.0,0.0,,0.0,0.0,-0.0074,0.1511,0.0,8.69,0.08,0,False,0,False,False,False,False,0.8685069443865422,False,False,True,False,True,True,False,False,True,False,False,False,False,False,False,False,False,False,10.0,12.0,26.852976913730263,0.0,-0.5178699078315646,False,False,False,True,False,False,False,-1.0,False,5,True,False,339.47063054988666,,3,False,3,False,True,False,True,"market_above_ma60, avoid_chase, liquidity_ok, adx_trending, kd_golden_cross",long_upper_shadow,close_below_ema20,-27.3,36.2,46.8,5.6,0.23,False,177,D
2026-07-31,41.0,41.0,39.8,40.55,3936404,159248929,2329,華泰,,-3.67724845468517,-2.9542487312411003,-0.7229997234440697,45.788102475677256,50.995329460045525,52.41633734671343,35.401252977491666,24.95587541267663,2.960881086822817,5216688.95,247882003.8,54.6,37.55,-1.6979117382860769,-0.5296895207353945,-0.099889012208657,0.0798934753661784,37.55,0.8410933619230186,56.51251943003041,46.8625,37.21248056996959,0.1729281196908374,0.4118439874112739,27.59999999999996,14.800000000000486,40.38999999999978,42.98999999999978,430210422.0,448088811.75,-76.36986301369865,-109.00293055271598,31.07257286116,55.725,57.6,,,,0.0,0.0,0.0,0.0,0.0,0.0,,0.0,0.0,0.0362,-0.0192,0.0,9.02,-0.29,0,False,0,False,False,False,False,0.7545790131880491,False,False,True,False,True,True,False,False,True,False,False,False,False,False,False,False,False,False,10.0,12.0,34.648581997533924,0.0,-0.5638222353647869,False,False,False,False,True,False,False,-1.0,False,5,True,False,357.77992330750305,,3,False,3,False,True,False,True,"market_above_ma60, avoid_chase, liquidity_ok, adx_trending, kd_golden_cross",open_high_close_low,close_below_ema20,-1.4,49.4,53.3,12.2,-0.14,False,245,D
2026-07-31,2350.0,2425.0,2345.0,2425.0,64039645,153505674385,2330,台積電,,-21.22696374206316,-8.252770303020604,-12.974193439042558,2356.194677360706,2307.329047436588,2143.789576719894,54.60690460092611,13.497961863246005,77.84214163424947,40748433.65,96498176100.85,2470.0,2200.0,-0.4066957405354371,0.1008453412420449,0.0319148936170212,0.0997732426303854,2205.0,1.3057707775388547,2542.7482558045203,2381.5,2220.25174419548,0.6348851799449372,0.1354173888763555,92.45283018867924,36.477987421383055,2292.0,2334.5,627655102.0,616688199.7,-15.517241379310343,15.924719507781251,31.159500532339425,2366.25,2252.5,,,,0.0,0.0,0.0,0.0,0.0,0.0,,0.0,0.0,0.6787,0.0616,0.0,69.13,-0.19,0,False,0,False,False,True,True,1.5715854393338136,True,False,False,False,True,True,False,False,False,True,False,False,False,False,True,False,False,False,-20.0,0.0,1.855670103092784,15.0,0.2174723929685415,False,False,True,False,False,False,False,-1.0,False,8,False,False,553.3255231089606,,3,False,3,False,False,False,False,"ema60_gt_ema120, volume_break, market_above_ma60, avoid_chase, liquidity_ok, obv_uptrend, williams_r_recovery, above_ichimoku_cloud",,,194.1,94.7,90.9,12.2,1.1,False,245,D
2026-07-31,18.15,18.5,18.1,18.4,1173406,21470437,2331,精英,,-0.8111019933761838,-0.6198544350186602,-0.1912475583575236,19.528069189450623,20.690337052388745,21.3403715476372,38.51513959736241,24.7857002221156,0.8651506470402366,1967945.35,39063076.25,21.3,17.45,-0.8681411563722261,-0.1317103691450744,-0.0441558441558442,0.0544412607449855,17.45,0.8474385035982437,21.922905956976948,19.77499999999991,17.627094043022872,0.1799208094904011,0.2172344836386394,38.095238095238045,20.8083962182324,18.26999999999989,18.959999999999944,86038970.0,95129883.3,-68.83116883116887,-111.82675254363872,20.73825488118274,22.3,22.55,,,,0.0,0.0,0.0,0.0,0.0,0.0,,0.0,0.0,0.2584,0.4596,0.0,5.66,0.02,0,False,0,False,False,False,False,0.5962594438915694,False,False,True,False,True,False,False,False,True,False,False,False,False,False,False,False,False,False,0.0,12.0,15.760869565217403,0.0,-0.6026771315421601,False,False,False,False,False,False,False,-1.0,False,4,False,False,305.73046886040976,,3,False,3,False,True,False,True,"market_above_ma60, avoid_chase, adx_trending, kd_golden_cross",,close_below_ema20,-41.8,35.3,37.4,25.5,-0.38,False,102,D
2026-07-31,21.9,22.85,20.65,21.25,115965527,2526346159,2332,友訊,,1.0292811798789536,1.3271026943210429,-0.297821514442089,21.84541779782368,19.25822478524333,17.775311466693058,49.90362945189376,32.89083805687229,1.857514944143616,55497618.6,1278669305.55,25.95,20.5,0.3654148784922804,0.9883965654553823,-0.0384615384615385,-0.0162037037037037,21.6,0.949491448842442,25.820024689010605,22.40250000000001,18.984975310989416,0.331383807744536,0.3051020813757922,16.30434782608695,43.17063166529928,22.95000000000018,22.610000000000035,-115305050.0,17564001.45,-76.22950819672133,-37.86026945597193,33.262854605286435,17.675,17.125,,,,0.0,0.0,0.0,0.0,0.0,0.0,,0.0,0.0,0.1939,0.0875,0.0,8.0,-2.33,0,False,0,False,False,True,True,2.089558613961861,True,False,True,False,True,True,False,False,False,False,False,False,False,False,False,False,False,True,20.0,0.0,22.117647058823525,0.0,-2.0,False,False,True,False,False,False,False,-1.0,False,7,False,False,506.8955861396187,,8,True,3,False,True,False,True,"ema60_gt_ema120, volume_break, market_above_ma60, avoid_chase, liquidity_ok, adx_trending, above_ichimoku_cloud",,close_below_ema20,147.7,91.8,86.6,12.2,1.89,False,245,D
2026-07-31,100.5,100.5,100.5,100.5,11523756,1158137187,2337,旺宏,,-12.595509044269988,-9.269243714915206,-3.326265329354783,125.02788073217636,137.0866808729769,126.01456758636208,34.64201572329566,23.345149552359693,10.488209641375372,60429832.5,7847798357.05,148.5,91.8,-1.913025366064244,-0.5372032475714864,-0.1895161290322581,0.0947712418300654,91.8,1.492943107922257,159.05418241955172,127.86499999999997,96.6758175804482,0.0613062306044052,0.4878454998561259,20.138888888888893,6.712962962962895,106.55999999999986,116.17999999999992,6547082698.0,6752331203.65,-85.17887563884156,-148.84471425359428,28.360453949077467,162.25,155.0,,,,0.0,0.0,0.0,0.0,0.0,0.0,,0.0,0.0,2.1609,0.112,0.0,24.26,-1.95,0,False,0,False,False,False,True,0.1906964742952084,False,False,True,False,True,True,False,False,True,False,False,False,False,False,False,False,False,False,10.0,25.0,47.76119402985074,0.0,-0.676591785437679,False,False,False,False,False,False,False,-1.0,False,6,False,False,428.78786331769993,,3,False,3,False,True,False,True,"ema60_gt_ema120, market_above_ma60, avoid_chase, liquidity_ok, adx_trending, kd_golden_cross",,close_below_ema20,69.6,77.1,73.5,12.2,-1.0,False,245,X
2026-07-31,35.75,36.8,35.25,36.7,1817789,65671461,2338,光罩,,-3.670032161012095,-2.739364018358532,-0.9306681426535636,42.46224361754634,46.51145312468362,46.04409192127086,34.285478645171494,34.637398805415394,2.880445457551726,2702380.9,119914970.35,51.5,33.5,-1.9491327301117336,-0.4580695696778718,-0.097170971709717,0.0955223880597015,33.5,0.956442909840042,53.96625361449196,43.80750000000008,33.64874638550819,0.1501785420870466,0.4637906118583287,31.877729257641963,14.258357792254174,36.95,39.54499999999989,20583594.0,31150660.55,-78.14371257485027,-121.85706833594162,42.40591573594279,52.1875,52.825,,,,0.0,0.0,0.0,0.0,0.0,0.0,,0.0,0.0,0.0008,-0.0169,0.0,4.93,-0.19,0,False,0,False,False,False,True,0.6726620218489555,False,False,True,False,True,True,False,False,False,False,False,False,False,False,False,False,False,False,0.0,12.0,40.32697547683923,0.0,-0.6462564325546327,False,False,False,False,False,False,False,-1.0,False,5,False,False,340.97154302783395,,8,False,3,False,True,False,True,"ema60_gt_ema120, market_above_ma60, avoid_chase, liquidity_ok, adx_trending",,close_below_ema20,-18.2,44.5,47.5,12.2,-0.26,False,245,D
2026-07-31,26.95,27.55,26.25,27.4,2309358,62332646,2340,台亞,,-2.646776933709937,-1.86484920354554,-0.781927730164397,31.791290738872668,34.04593457137234,32.79825302286066,35.66717774598203,22.961495729497248,2.43864199454458,5278222.85,183831246.65,38.95,25.05,-2.0565848862072182,-0.3264563860741548,-0.1060358890701468,0.0938123752495008,25.05,0.5328194728223251,40.99415398776237,32.99749999999999,25.0008460122376,0.1500098660911127,0.4846824145927654,29.378531073446307,13.728475252883678,27.56000000000004,29.644999999999985,142823488.0,158477733.6,-79.03225806451616,-118.66462402655443,18.41478054106921,38.525,36.775,,,,0.0,0.0,0.0,0.0,0.0,0.0,,0.0,0.0,0.1634,0.1857,0.0,8.7,-0.61,0,False,0,False,False,False,True,0.4375256721114002,False,False,True,False,True,True,False,False,True,False,False,False,False,False,False,False,False,False,10.0,12.0,42.15328467153287,0.0,-0.5283116409590425,False,False,False,False,False,False,False,-1.0,False,6,False,False,435.0355170296055,,3,False,3,False,True,False,True,"ema60_gt_ema120, market_above_ma60, avoid_chase, liquidity_ok, adx_trending, kd_golden_cross",,close_below_ema20,75.8,79.6,74.6,12.2,-0.62,False,245,D
2026-07-31,32.6,32.65,31.4,32.15,2186744,69998317,2342,茂矽,,-4.370814721253517,-2.633475141097316,-1.7373395801562008,41.066986157420914,42.81592621108241,39.76433239953587,32.323554315553096,30.947047284491298,3.507217736981537,3884762.6,179348818.55,59.2,29.95,-3.2394664785198604,0.0161372158593028,-0.1777493606138108,0.0734557595993321,29.95,0.7257155500221312,60.56325593247694,43.96500000000005,27.366744067523165,0.144089112492768,0.7550668000671839,18.18181818181818,9.034792368125636,33.42999999999993,37.16499999999997,303425275.0,315936275.45,-87.35362997658079,-116.49686842692806,28.60727762107561,50.275,46.4,,,,0.0,0.0,0.0,0.0,0.0,0.0,,0.0,0.0,0.0457,0.0135,0.0,4.18,0.52,0,False,0,False,False,False,True,0.5629028656731817,False,False,True,False,True,True,False,False,False,False,False,False,False,False,False,False,False,False,20.0,12.0,84.13685847589426,0.0,-0.2305420086200937,False,False,False,False,True,False,False,-1.0,False,5,True,False,374.86252455329065,,8,False,3,False,True,False,True,"ema60_gt_ema120, market_above_ma60, avoid_chase, liquidity_ok, adx_trending",open_high_close_low,close_below_ema20,15.7,58.0,58.8,12.2,-0.43,False,245,D
2026-07-31,130.0,130.0,130.0,130.0,17897666,2326696580,2344,華邦電,,-11.56903599987774,-6.559971497381516,-5.009064502496225,156.18978763968784,155.22003234567592,135.51527440933657,38.192926961297545,24.97487527407656,13.851977533423046,124664683.8,20436428723.4,184.5,118.5,-1.728174456837483,0.4625037102815137,-0.1585760517799352,0.0970464135021096,118.5,1.6019092022293209,195.71496880693985,160.05,124.3850311930602,0.0787182632534257,0.4456728373250838,23.63636363636364,8.787878787878677,136.5,147.55,9644425214.0,10165034875.95,-79.5275590551181,-145.54943461873006,21.132524130254,182.0,158.65,,,,0.0,0.0,0.0,0.0,0.0,0.0,,0.0,0.0,1.8988,0.0298,0.0,17.34,-0.37,0,False,0,False,False,False,True,0.1435664492496791,False,False,True,False,True,True,False,False,False,False,False,False,False,False,False,False,False,False,10.0,25.0,41.92307692307693,0.0,-0.5751585924591722,False,False,False,False,False,True,False,-1.0,False,5,True,False,364.5337613829868,,3,False,3,False,True,False,True,"ema60_gt_ema120, market_above_ma60, avoid_chase, liquidity_ok, adx_trending",gap_chase_after_blowout,close_below_ema20,-11.4,46.5,55.5,7.9,-1.16,False,127,X
2026-07-31,2125.0,2125.0,2125.0,2125.0,951455,2021841875,2345,智邦,,-106.65225630059558,-78.78328437657848,-27.868971924017103,2224.682952214568,2266.3183499840093,2054.648596589748,44.27976570237006,23.031969940683386,166.43400314506687,2689898.5,6158023717.4,2750.0,1910.0,-1.3516807848175092,-0.2573375785172359,-0.0427927927927928,0.0981912144702843,1935.0,1.1596277316668453,2693.536860229818,2277.25,1860.963139770182,0.31713331053021,0.3656048832845037,51.81818181818182,27.272727272727327,2050.0,2139.0,154794907.0,155246855.55,-50.86206896551724,-67.65676567656755,30.784934692554643,2445.0,2220.0,,,,0.0,0.0,0.0,0.0,0.0,0.0,,0.0,0.0,0.6116,0.3819,0.0,57.64,-0.1,0,False,0,False,False,False,True,0.3537140899554388,False,False,True,False,True,True,False,False,False,False,False,False,False,False,False,False,False,False,0.0,0.0,29.411764705882355,0.0,-0.045144545742161,False,False,False,False,False,False,False,-1.0,False,5,False,False,337.99540635064847,,3,False,3,False,True,False,True,"ema60_gt_ema120, market_above_ma60, avoid_chase, liquidity_ok, adx_trending",,close_below_ema20,-21.2,42.9,46.3,12.2,-0.75,False,245,D
2026-07-31,88.2,94.7,88.2,93.7,11836095,1107021544,2347,聯強,,-0.2501014152641971,-0.6313017723197217,0.3812003570555246,88.15086786623021,86.86280827247823,82.25543991543387,60.81665530315657,15.78354295270356,3.929738690801676,8571326.2,754478895.6,94.8,84.0,-0.1600490996903605,0.0911342957099713,0.0575620767494358,0.0882694541231128,86.1,0.4227302437865405,94.54240642395442,87.82999999999956,81.1175935760447,0.9372500433713248,0.1528499698042786,91.15044247787613,57.34426513968416,87.95999999999985,87.3699999999997,188166353.0,183372442.25,-6.944444444444442,107.85746045861616,69.13838063825871,91.15,88.1,,,,0.0,0.0,0.0,0.0,0.0,0.0,,0.0,0.0,1.3545,0.1268,0.0,29.31,-0.02,0,False,0,True,True,True,True,1.3808942424802362,False,True,False,False,False,True,False,False,False,True,False,False,False,False,False,True,True,True,-20.0,-25.0,1.1739594450373472,15.0,0.1797034805068806,False,False,True,False,False,False,False,-1.0,False,10,False,False,695.965384190885,,3,False,3,False,False,False,False,"macd_golden_cross, ema60_gt_ema120, rsi_strong, market_above_ma60, liquidity_ok, hist_turn_positive, obv_uptrend, cci_momentum, mfi_strong, above_ichimoku_cloud",,,359.1,100.0,97.0,14.7,1.73,True,34,D
2026-07-31,146.5,146.5,141.0,145.5,2279971,329885277,2351,順德,,-15.10371802555636,-10.248729223854632,-4.8549888017017295,167.95167873520987,173.87125526604444,155.04382396936035,38.60023634380507,26.30219021770712,14.295851807145493,5378393.55,1027637702.55,228.0,130.5,-2.6439282221978275,-0.2412413231425069,-0.0962732919254658,0.0898876404494382,133.5,0.8908908126613397,233.67535015453456,177.45,121.2246498454654,0.2158754911068952,0.6337035802145348,44.329896907216494,21.30584192439892,142.9,152.7,82366885.0,92646210.3,-75.42857142857143,-90.85773154763886,23.72116808623869,199.0,175.5,,,,0.0,0.0,0.0,0.0,0.0,0.0,,0.0,0.0,0.5172,0.0497,0.0,21.99,3.29,0,False,0,False,False,False,True,0.4239130102333251,False,False,True,False,True,True,False,False,False,False,False,False,False,False,False,False,False,False,0.0,0.0,56.70103092783505,0.0,-0.6788823322607426,False,False,False,False,True,False,False,-1.0,False,5,True,False,366.0925421152044,,3,False,3,False,True,False,True,"ema60_gt_ema120, market_above_ma60, avoid_chase, liquidity_ok, adx_trending",open_high_close_low,close_below_ema20,6.9,53.5,56.0,12.2,-0.64,False,245,D
2026-07-31,10.45,10.7,10.45,10.65,1492186,15806434,2349,錸德,,-0.7022826912328526,-0.5989983113598429,-0.1032843798730096,11.500320733021592,12.470115538801796,12.698366618238378,35.056483309895015,34.78256184837739,0.5249403948424108,2577048.8,30781426.4,13.4,10.1,-1.373064830902056,-0.3095492577025369,-0.0533333333333333,0.0544554455445545,10.1,0.8016379308977406,13.634461438538343,11.70250000000001,9.770538561461674,0.2276084348773805,0.3301792674280426,43.24324324324329,23.68082368082348,10.540000000000054,10.91500000000001,63847607.0,75712066.9,-70.37037037037035,-91.86247179078728,22.36960708460448,13.8125,14.125,,,,0.0,0.0,0.0,0.0,0.0,0.0,,0.0,0.0,-0.1579,-0.1349,0.0,14.1,0.07,0,False,0,False,False,False,False,0.5790290040297258,False,False,True,False,True,False,False,False,False,False,False,False,False,False,False,False,False,False,0.0,0.0,25.821596244131456,0.0,-0.7560881554264781,False,False,False,False,False,False,False,-1.0,False,3,False,False,156.71723217517953,,8,False,3,False,True,False,True,"market_above_ma60, avoid_chase, adx_trending",,close_below_ema20,-202.5,2.4,5.1,12.2,-0.41,False,245,D
2026-07-31,27.85,28.05,27.35,27.35,7606695,210105778,2352,佳世達,,-0.9967237356394776,-0.4446769074800101,-0.5520468281594675,29.561225327323385,29.38327564945953,28.338836896392053,38.26363915588342,18.65549548460548,1.5204183714259456,17027839.55,554162044.9,35.4,26.45,-1.277404480580534,0.2477967504401445,-0.0633561643835616,0.0340264650283554,26.45,0.3184880014817432,35.441861126284,30.584999999999944,25.728138873715885,0.1669659770079722,0.3175975887712322,23.00884955752214,15.339233038347931,27.43999999999996,28.739999999999963,-80013292.0,-17778578.5,-79.03225806451611,-112.12702377235644,28.93495644561621,30.387500000000003,29.675,,,,0.0,0.0,0.0,0.0,0.0,0.0,,0.0,0.0,-0.0062,0.0827,0.0,7.75,-0.15,0,False,0,False,False,False,True,0.4467210874088839,False,False,False,False,True,True,False,False,True,False,False,False,False,False,False,False,False,False,10.0,12.0,29.43327239488116,0.0,-0.9981592969577384,False,False,False,False,True,False,False,-1.0,False,5,True,False,304.489299310596,,3,False,3,False,True,False,True,"ema60_gt_ema120, market_above_ma60, avoid_chase, liquidity_ok, kd_golden_cross",open_high_close_low,close_below_ema20,-54.7,29.8,36.9,12.2,-0.61,False,245,D
2026-07-31,28.7,29.3,28.7,28.85,35554873,1030920568,2353,宏碁,,-1.1764103080003778,-1.0271226058310607,-0.149287702169317,30.39242389500018,31.25532599399493,30.58873848229255,38.64753099230413,22.462640570680747,1.318305899000218,30554688.7,939744260.25,32.9,27.9,-0.7559772588526555,-0.0188863652600308,-0.0399334442595673,0.0340501792114695,27.9,0.7627433340054341,33.44129524238681,30.557499999999983,27.67370475761316,0.2039491613512161,0.1887454956974114,35.29411764705888,23.668422592917825,28.870000000000072,29.454999999999927,-280814077.0,-229044830.1,-72.09302325581389,-92.91553133515,31.88753577432074,36.025,35.625,,,,0.0,0.0,0.0,0.0,0.0,0.0,,0.0,0.0,-0.0302,0.0632,0.0,12.04,-0.5,0,False,0,False,False,False,True,1.1636470379094388,False,False,True,False,True,True,False,False,True,False,False,False,False,False,False,False,False,False,0.0,0.0,14.038128249566714,0.0,-0.3518438696208516,False,False,False,True,False,False,False,-1.0,False,6,True,False,382.41434394364416,,3,False,3,False,True,False,True,"ema60_gt_ema120, market_above_ma60, avoid_chase, liquidity_ok, adx_trending, kd_golden_cross",long_upper_shadow,close_below_ema20,23.2,61.6,61.2,12.2,0.48,False,245,D
2026-07-31,36.55,37.05,36.0,36.65,3844295,140581053,2355,敬鵬,,-4.6158844697487496,-3.882088517147524,-0.7337959526012261,43.45725700512601,49.03810727312483,48.0315026906265,26.685556692879643,45.16751776551365,2.483467841272706,4495736.0,200365130.95,53.1,34.5,-2.1729565048852617,-0.6780462849145912,-0.1060975609756097,0.0623188405797101,34.5,1.013196458263737,55.78056887620305,44.55749999999998,33.33443112379692,0.147712221709397,0.5037566684038858,24.47916666666668,11.899038461538415,37.189999999999785,39.81999999999971,491587919.0,516185242.4,-84.2809364548495,-112.58453024719002,24.80763213173428,59.87500000000001,60.25,,,,0.0,0.0,0.0,0.0,0.0,0.0,,0.0,0.0,0.0444,-0.0939,0.0,17.18,1.37,0,False,0,False,False,False,True,0.8550980306672812,False,False,True,False,True,True,False,False,True,False,False,False,False,False,False,False,False,False,10.0,12.0,44.884038199181454,0.0,-0.5975446737015827,False,False,False,True,False,False,False,-1.0,False,6,True,False,468.38044422225386,,8,False,3,False,True,False,True,"ema60_gt_ema120, market_above_ma60, avoid_chase, liquidity_ok, adx_trending, kd_golden_cross",long_upper_shadow,close_below_ema20,101.6,83.6,81.6,5.6,0.21,False,177,D
2026-07-31,54.9,57.1,54.8,56.5,8130855,457644833,2354,鴻準,,-0.6151419187070601,-0.5756249821370795,-0.0395169365699806,55.63442472468771,56.52210677706904,57.45133572252124,52.01632107071434,16.203644107082887,2.1685823098457373,5568172.0,312489470.4,58.4,53.0,-0.2473584052916938,-0.2030098826594834,-0.0105078809106829,0.064030131826742,53.1,0.9053149446874532,58.82987814874988,55.8550000000002,52.88012185125053,0.6084078015549792,0.1065214626711901,81.5384615384615,46.15384615384634,54.55999999999985,55.21999999999971,-43042613.0,-47426498.85,-18.461538461538503,11.192626034612337,47.04794432285868,58.925,58.05,,,,0.0,0.0,0.0,0.0,0.0,0.0,,0.0,0.0,0.1066,0.719,0.0,10.69,0.04,0,False,0,False,False,False,False,1.4602377584600477,False,False,False,False,True,True,False,False,False,True,False,False,False,False,False,False,False,False,-20.0,0.0,3.362831858407077,8.0,0.1274066453712037,False,False,False,False,False,False,False,-1.0,False,4,False,False,269.13125732905496,,3,False,3,False,False,False,False,"market_above_ma60, avoid_chase, liquidity_ok, obv_uptrend",,,-86.7,42.9,25.2,14.3,1.53,False,7,D
2026-07-31,63.2,63.2,60.4,61.8,29648411,1829111049,2356,英業達,,-1.268313214516077,-1.050011148869741,-0.2183020656463359,62.23230931111455,61.08102221353064,56.49890738889633,48.48207141191968,15.922680486213345,3.784808116966708,40595738.5,2596740808.95,69.8,57.2,-0.6173427700681837,0.19864751465434,-0.0418604651162791,0.0747826086956522,57.5,0.9393307239339028,69.53232807153069,62.680000000000106,55.82767192846953,0.4357882466503426,0.2186448012613454,60.97560975609754,37.16250125464163,60.439999999999415,60.86999999999989,1795922612.0,1763041153.1,-41.1764705882353,-26.91415313225082,46.07958384334285,68.52499999999999,66.0,,,,0.0,0.0,0.0,0.0,0.0,0.0,,0.0,0.0,0.6162,0.2349,0.0,17.31,0.63,0,False,0,False,False,True,True,0.7303330865627682,False,False,False,False,True,True,False,False,True,True,False,False,False,False,True,False,False,False,0.0,0.0,12.944983818770227,0.0,0.0739063458849454,False,False,False,False,True,False,False,-1.0,False,7,True,False,498.19020701624703,,3,True,3,False,True,False,True,"ema60_gt_ema120, market_above_ma60, avoid_chase, liquidity_ok, kd_golden_cross, obv_uptrend, williams_r_recovery",open_high_close_low,close_below_ema20,150.7,81.4,85.5,25.5,-0.13,False,102,D
2026-07-31,773.0,810.0,767.0,810.0,9733283,7704879443,2357,華碩,,11.738153519680507,3.244857466490478,8.493296053190031,740.8768287962677,715.7148618035923,679.0548993133395,63.23217823841807,15.28306818663247,32.982489787488504,4688191.2,3405817278.55,771.0,688.0,0.8089958418691494,0.0943990027748876,0.0505836575875486,0.0990502035278155,737.0,1.1178730027247552,799.4584301487196,722.35,645.2415698512805,1.068355495183528,0.21349326544949,100.0,77.536231884058,760.6,752.4,-92745.0,-14064375.75,-0.0,155.63493731176004,58.54213745244291,795.5,764.5,,,,0.0,0.0,0.0,0.0,0.0,0.0,,0.0,0.0,0.5563,0.5446,0.0,36.64,0.26,0,False,0,False,False,True,True,2.0761275691998224,True,True,False,True,False,True,False,False,False,True,False,False,True,True,False,True,True,True,-20.0,-25.0,-4.814814814814815,25.0,0.8220349244739401,False,False,True,False,False,False,False,-1.0,False,12,False,False,865.6256947856855,,3,True,3,False,False,False,False,"ema60_gt_ema120, volume_break, rsi_strong, breakout_20d, market_above_ma60, liquidity_ok, obv_uptrend, bb_squeeze_breakout, breakout_volume_confirm, cci_momentum, mfi_strong, above_ichimoku_cloud",,,518.1,98.0,99.3,25.5,2.32,True,102,D
2026-07-31,127.0,131.0,121.0,121.0,10628903,1328498158,2359,所羅門,,-1.835826424857089,0.4285681189415131,-2.264394543798602,136.3129408871772,134.57124319588527,131.91926165649124,37.20311084445628,13.253800183238234,9.047374369840927,6484862.9,909887772.95,148.0,123.5,-0.4155263502110127,0.082940043341752,-0.1655172413793103,-0.020242914979757,123.5,0.9771507027241524,152.37167390594868,138.75,125.12832609405132,-0.1515351976033013,0.1963484526983593,0.0,13.333333333333334,132.0,135.9,108210427.0,109609007.8,-100.0,-214.61519786355976,31.895708771766635,137.875,129.75,,,,0.0,0.0,0.0,0.0,0.0,0.0,,0.0,0.0,0.3556,0.1037,0.0,3.6,-1.14,0,False,0,False,False,False,True,1.6390328005238166,True,False,False,False,True,True,False,False,False,False,False,False,False,False,False,False,False,False,20.0,25.0,22.31404958677686,0.0,-0.069588765208798,False,False,False,False,True,False,False,-1.0,False,5,True,False,355.55526282273263,,3,True,3,False,True,True,True,"ema60_gt_ema120, volume_break, market_above_ma60, avoid_chase, liquidity_ok",open_high_close_low,"close_below_ema20, close_below_swing_low",-3.6,48.6,52.5,12.2,1.21,False,245,D
2026-07-31,2100.0,2100.0,1980.0,2100.0,6100594,12606194080,2360,致茂,,-43.28819236224104,-57.61546240214352,14.32727003990248,2020.023425627701,2056.014123349913,1855.7783927282512,52.34568627406256,15.00292172688286,164.47176175744897,3318585.7,6508555341.25,2265.0,1835.0,0.019401360442282,-0.4000237515479604,0.0096153846153845,0.0994764397905758,1910.0,1.665328319276063,2251.0519535499147,1979.75,1708.4480464500857,0.7216165391117909,0.2740769830028182,74.44444444444444,42.89992119779405,1977.0,2009.5,184767170.0,176958655.15,-23.711340206185568,47.82196969696974,57.22443310709414,2317.5,2277.5,,,,0.0,0.0,0.0,0.0,0.0,0.0,,0.0,0.0,0.7302,-0.0957,0.0,58.27,-0.92,0,False,0,False,False,True,True,1.8383114228449784,True,False,False,False,True,True,False,False,False,True,False,False,False,False,False,False,True,False,-10.0,0.0,7.857142857142857,0.0,0.8364692085247468,False,False,False,False,False,True,False,-1.0,False,7,True,False,473.4207447307468,,3,True,3,False,False,False,False,"ema60_gt_ema120, volume_break, market_above_ma60, avoid_chase, liquidity_ok, obv_uptrend, mfi_strong",gap_chase_after_blowout,,114.2,88.6,82.4,12.2,1.51,False,245,D
2026-07-31,42.6,43.6,41.95,41.95,1024844,43475883,2362,藍天,,-0.3729896327711657,-0.3331603675962836,-0.039829265174882,42.84081810735723,42.73569565187336,41.95375111733328,45.26106602135648,13.19717638573906,1.6628936479454046,1056216.65,45326189.15,44.95,40.4,-0.0544549530779367,0.0716485849512404,-0.0498301245753113,0.0120627261761157,41.45,1.0418031301827102,44.96246531604987,42.70999999999994,40.457534683950016,0.3312959594572743,0.1054771864223803,27.94117647058833,26.635154061625144,42.46000000000022,42.875,-10102270.0,-9550753.35,-61.24999999999989,-20.707070707069647,52.21970437552657,46.5375,44.85,,,,0.0,0.0,0.0,0.0,0.0,0.0,,0.0,0.0,0.3025,-0.0726,0.0,9.74,0.08,0,False,0,False,False,False,True,0.9702971450033476,False,False,False,False,True,False,False,False,True,False,False,False,False,False,False,False,True,False,10.0,0.0,7.151370679380214,0.0,-0.0876347682970073,False,False,False,False,True,False,False,-1.0,False,5,True,False,358.6513542304694,,3,False,3,False,True,False,True,"ema60_gt_ema120, market_above_ma60, avoid_chase, kd_golden_cross, mfi_strong",open_high_close_low,close_below_ema20,11.1,53.9,53.9,25.5,0.3,False,102,D
2026-07-31,48.75,49.25,46.75,49.2,8145865,393256757,2363,矽統,,-4.482427313302885,-2.8814306638726466,-1.6009966494302388,56.529258587798445,59.494581388860496,57.87982736019655,36.15624477947776,27.95013963070241,3.920983756284401,9470655.85,575672285.0,71.1,44.8,-2.1390433125802533,-0.1885036692504421,-0.1103074141048823,0.0982142857142858,44.8,0.9714230041872626,73.76751157212017,58.91500000000015,44.06248842788013,0.1729509365191678,0.5042013603367557,31.210191082802577,13.949440202555706,48.66000000000022,52.88000000000011,441834386.0,471533556.6,-77.62557077625569,-114.03381546967644,30.713148306525937,62.85,59.3,,,,0.0,0.0,0.0,0.0,0.0,0.0,,0.0,0.0,0.748,0.3356,0.0,6.75,-0.01,0,False,0,False,False,False,True,0.8601162505551292,False,False,True,False,True,True,False,False,True,False,False,False,False,False,False,False,False,False,0.0,12.0,44.5121951219512,0.0,-0.6858331265244731,False,False,False,False,False,False,False,-1.0,False,6,False,False,442.37116498725766,,3,False,3,False,True,False,True,"ema60_gt_ema120, market_above_ma60, avoid_chase, liquidity_ok, adx_trending, kd_golden_cross",,close_below_ema20,83.2,81.6,76.5,12.2,0.02,False,245,D
2026-07-31,69.2,70.8,69.2,70.3,269123,18837908,2364,倫飛,,0.2020955278460832,0.3024572713674509,-0.1003617435213676,69.2544399360635,68.4045878702364,68.19560895945406,53.641210297384966,17.765256652027727,2.469406295956858,210356.35,14595316.7,71.6,67.1,0.0275439399128685,0.01790724181827,-0.0126404494382023,0.0384047267355982,67.7,0.5978840164704609,72.23245403548825,69.44500000000008,66.65754596451191,0.65336575762588,0.0802780339977871,69.44444444444441,46.29629629629684,69.00000000000072,69.75000000000072,11598466.0,11635110.85,-30.555555555555586,38.333333333334025,40.62774575276192,71.275,72.8,,,,0.0,0.0,0.0,0.0,0.0,0.0,,0.0,0.0,0.6006,0.1319,0.0,16.38,0.0,0,False,0,False,False,True,True,1.2793671310611732,False,False,False,False,True,False,False,False,True,False,False,False,False,False,False,False,False,False,0.0,0.0,1.8492176386913188,15.0,-0.016774318876349,False,False,False,False,False,False,False,-1.0,False,4,False,False,297.59237948409555,,3,False,3,False,False,False,False,"ema60_gt_ema120, market_above_ma60, avoid_chase, kd_golden_cross",,,-49.9,33.3,33.9,25.5,0.87,False,102,D
2026-07-31,27.4,28.05,27.2,28.05,1013718,28143151,2365,昆盈,,-1.69417940721236,-1.3751124174948544,-0.3190669897175056,30.16408707933309,32.682703993704905,34.05325323593949,38.044474259142646,27.522170095748287,1.6817879438330985,3445496.0,108225851.7,35.2,26.0,-1.1999638853394026,-0.4577268116325181,-0.0711920529801324,0.0788461538461537,26.0,0.5466584311550647,35.26972523661604,30.675,26.08027476338396,0.214346357527433,0.299574587554428,37.39837398373986,19.512195121951663,27.66999999999971,28.904999999999927,485308689.0,494648555.7,-69.33333333333331,-112.18206157965211,37.89994453263704,35.0875,35.625,,,,0.0,0.0,0.0,0.0,0.0,0.0,,0.0,0.0,-0.1728,0.0029,0.0,3.27,0.22,0,False,0,False,False,False,False,0.2942154046906454,False,False,True,False,True,True,False,False,True,False,False,False,False,False,False,False,False,False,0.0,0.0,25.49019607843138,0.0,-1.321500603463786,False,False,False,False,False,False,False,-1.0,False,5,False,False,287.08414680534105,,3,False,3,False,True,False,True,"market_above_ma60, avoid_chase, liquidity_ok, adx_trending, kd_golden_cross",,close_below_ema20,-60.4,29.4,30.5,25.5,-0.92,False,102,X
2026-07-31,35.0,36.35,35.0,36.3,7897273,283887181,2367,燿華,,-5.516190497528342,-4.712936001214394,-0.8032544963139481,44.51993982531369,53.08660454904953,53.64266421828391,29.4765323255438,38.96900680654459,3.0318629109364843,10440839.4,481008522.0,55.0,33.4,-2.318796323006582,-0.9067027350459808,-0.1377672209026129,0.0868263473053891,33.4,0.8891823781858865,57.92140705678369,45.58999999999988,33.25859294321606,0.1233195466980706,0.5409698204335973,25.29182879377432,12.767876681985095,37.17999999999993,40.45,2160224394.0,2208594048.75,-83.29048843187661,-127.85534692130746,27.865408015911584,63.900000000000006,67.45,,,,0.0,0.0,0.0,0.0,0.0,0.0,,0.0,0.0,-0.0414,-0.1031,0.0,8.03,0.89,0,False,0,False,False,False,False,0.7563829590176437,False,False,True,False,True,True,False,False,True,False,False,False,False,False,False,False,False,False,10.0,12.0,51.51515151515152,0.0,-0.637625123950368,False,False,False,False,False,False,False,-1.0,False,5,False,False,376.9123281027721,,8,False,3,False,True,False,True,"market_above_ma60, avoid_chase, liquidity_ok, adx_trending, kd_golden_cross",,close_below_ema20,10.2,54.2,59.7,5.6,0.03,False,177,D
2026-07-31,29.15,29.55,28.5,29.4,13391308,389346701,2369,菱生,,-2.46543299883988,-1.2914888638718127,-1.1739441349680673,34.09664654882744,34.86080705701477,32.43297827062712,38.25136539111132,26.746450369833507,2.826414285913248,20359191.4,794117273.7,43.2,26.9,-2.339108259229556,0.1852575750866769,-0.1063829787234043,0.0929368029739776,26.9,0.5179008791232641,46.33577439373275,36.14999999999991,25.964225606267064,0.1686555317702165,0.5635283205384712,26.222222222222207,11.85978835978858,29.26999999999989,31.76999999999989,580444643.0,640644839.75,-80.06756756756758,-110.37711971652756,29.10961877680532,37.4375,36.7,,,,0.0,0.0,0.0,0.0,0.0,0.0,,0.0,0.0,0.3652,-0.0218,0.0,14.63,-1.28,0,False,0,False,False,False,True,0.6577524488521681,False,False,True,False,True,True,False,False,False,False,False,False,False,False,False,False,False,False,10.0,12.0,46.9387755102041,0.0,-0.8881207208052868,False,False,False,False,False,False,False,-1.0,False,5,False,False,352.9200758388583,,3,False,3,False,True,False,True,"ema60_gt_ema120, market_above_ma60, avoid_chase, liquidity_ok, adx_trending",,close_below_ema20,-6.3,48.2,51.4,12.2,-0.29,False,245,D
2026-07-31,793.0,793.0,784.0,793.0,2926470,2318879416,2368,金像電,,-120.39037060958844,-103.63401829942156,-16.756352310166875,951.77915397649,1097.7589710171617,1046.8591766207269,31.206722651385093,36.966814081065074,74.3260251137048,5451068.35,5310190766.1,1305.0,721.0,-2.562186409283278,-0.8648810405151329,-0.1198668146503885,0.0998613037447988,721.0,1.707728986215718,1277.8274185069442,977.15,676.4725814930557,0.1937748087062498,0.6154171181639344,28.852459016393443,11.366120218579454,789.4,863.6,288792201.0,316831974.55,-75.89041095890411,-109.58516211241684,17.10719048415008,1353.75,1310.0,,,,0.0,0.0,0.0,0.0,0.0,0.0,,0.0,0.0,0.7822,-0.059,0.0,29.62,0.81,0,False,0,False,False,False,True,0.5368617328014241,False,False,True,False,True,True,False,False,False,False,False,False,False,False,False,False,False,False,10.0,12.0,64.56494325346785,0.0,-1.3868068156145752,False,False,False,False,False,True,False,-1.0,False,5,True,False,385.7269355406393,,8,False,3,False,True,False,True,"ema60_gt_ema120, market_above_ma60, avoid_chase, liquidity_ok, adx_trending",gap_chase_after_blowout,close_below_ema20,19.0,57.1,62.3,5.6,-0.37,False,177,D
2026-07-31,54.6,54.6,53.7,54.0,22207,1198859,2373,震旦行,,-0.7460403540058067,-0.8427903693756627,0.0967500153698559,54.51559622560998,55.77296251632866,56.24575294714271,40.2672235047168,17.489710574571617,0.996846753452472,67306.0,3678697.75,57.6,53.3,-0.0906044053206683,-0.1096125494405145,0.0,0.0037174721189592,53.8,0.4520150875556111,55.69430802553923,54.10499999999975,52.51569197446027,0.4669667558734857,0.0587490259879674,47.61904761904759,32.539682539682566,53.89999999999964,53.87999999999975,185273.0,53265.25,-72.22222222222223,-7.287259050304044,61.75557100355982,57.45,57.3,,,,0.0,0.0,0.0,0.0,0.0,0.0,,0.0,0.0,0.0491,0.1027,0.0,1.42,0.05,0,False,0,False,False,False,False,0.3299408670846581,False,False,False,False,True,False,False,False,True,True,False,False,False,False,False,False,True,True,0.0,0.0,6.66666666666667,0.0,0.6056393653742175,False,False,False,False,False,False,False,-1.0,False,5,False,False,360.5670810553372,,3,False,3,False,True,False,True,"market_above_ma60, avoid_chase, kd_golden_cross, obv_uptrend, mfi_strong",,close_below_ema20,4.7,71.4,54.3,14.3,-1.15,True,7,D
2026-07-31,63.5,65.3,62.8,63.9,2998247,191219933,2374,佳能,,-3.3560278876691143,-2.6657327098948365,-0.6902951777742778,68.29711300262616,72.79036405624316,74.42646774871093,38.50430324489598,27.016027479065315,3.520066782112612,3587617.15,252281767.65,77.4,59.6,-1.192470368407882,-0.3870210529762335,-0.0533333333333333,0.0721476510067113,59.6,0.788035466181149,79.82560928748876,69.66999999999989,59.51439071251101,0.2159205402324707,0.2915346429593481,46.66666666666666,25.79365079365077,63.619999999999706,65.37999999999992,950267788.0,958504303.15,-71.34502923976608,-90.01564945226922,25.82641967295706,75.75,77.65,,,,0.0,0.0,0.0,0.0,0.0,0.0,,0.0,0.0,0.1897,0.0428,0.0,4.56,-0.26,0,False,0,False,False,False,False,0.8357210021699222,False,False,True,False,True,True,False,False,True,False,False,False,False,False,False,False,False,False,0.0,0.0,21.12676056338029,0.0,-0.4337115611595135,False,False,False,True,False,False,False,-1.0,False,5,True,False,373.1526712877851,,3,False,3,False,True,False,True,"market_above_ma60, avoid_chase, liquidity_ok, adx_trending, kd_golden_cross",long_upper_shadow,close_below_ema20,26.6,64.5,58.2,14.5,0.08,False,62,D
2026-07-31,116.0,116.5,112.0,116.5,4781696,551076171,2375,凱美,,-17.993952351093355,-11.883091864285465,-6.110860486807891,145.8433750092916,149.20831510544772,131.5316772094106,33.30214864871115,32.23901405025753,13.85410512992204,9342765.25,1629753916.9,217.0,106.0,-3.6384628259439977,0.6078414492024509,-0.1106870229007633,0.0990566037735849,106.0,0.7613889895563015,221.9017195543699,155.75,89.59828044563011,0.2033334865336301,0.8494602832021816,26.53061224489796,10.864730507587714,115.9,127.3,534513194.0,567231412.65,-84.70588235294117,-96.77146958651171,20.772671284355084,175.55,152.6,,,,0.0,0.0,0.0,0.0,0.0,0.0,,0.0,0.0,0.1839,0.0933,0.0,16.05,2.18,0,False,0,False,False,False,True,0.5118073581052462,False,False,True,False,True,True,False,False,False,False,False,False,False,False,False,False,False,False,10.0,0.0,86.26609442060087,0.0,-0.4440060644074839,False,False,False,False,False,False,False,-1.0,False,5,False,False,379.7900008081626,,8,False,3,False,True,False,True,"ema60_gt_ema120, market_above_ma60, avoid_chase, liquidity_ok, adx_trending",,close_below_ema20,13.0,56.5,60.5,5.6,-0.41,False,177,D
2026-07-31,331.0,339.5,328.0,336.5,8320257,2783113653,2376,技嘉,,-1.3327324179263655,0.141434141628665,-1.4741665595550306,336.3575898979442,327.28612643982444,307.60165556469,50.033698821960925,13.43670197943766,14.175523035669189,6152765.4,2068739836.8,354.5,318.5,-0.0131300015323758,0.0375376468183684,-0.0507757404795486,0.0565149136577707,318.5,0.8961582025569411,356.20426162439026,336.55,316.89573837560977,0.4987280112335036,0.1167984645633055,53.26086956521739,27.169650468883145,330.6,338.2,169217528.0,174850895.3,-46.73913043478261,-17.451149072139387,51.38733854748071,345.25,326.75,,,,0.0,0.0,0.0,0.0,0.0,0.0,,0.0,0.0,0.6855,-0.1256,0.0,19.93,-0.52,0,False,0,False,False,True,True,1.3522792531631385,False,False,False,False,True,True,False,False,True,False,False,False,False,False,True,False,True,False,0.0,0.0,5.349182763744428,0.0,-0.1594076728293898,False,False,False,False,False,False,False,-1.0,False,7,False,False,486.6099004576788,,3,True,3,False,False,False,False,"ema60_gt_ema120, market_above_ma60, avoid_chase, liquidity_ok, kd_golden_cross, williams_r_recovery, mfi_strong",,,139.1,80.4,84.3,25.5,1.0,False,102,D
2026-07-31,143.5,148.0,139.5,142.0,18799330,2689507175,2377,微星,,1.0621009151148542,2.607565704857278,-1.545464789742424,142.5603339345221,133.0019093616098,123.10652188614463,50.586344555455184,18.88492214846555,7.787925163551977,16319831.45,2369773839.0,155.0,136.0,-0.0564087015266256,0.4906156431654387,-0.030716723549488,0.0441176470588235,136.0,0.633711391344226,153.80971014056826,144.15000000000018,134.4902898594321,0.3887130168134767,0.1340230335146454,36.0,25.207547169811733,140.20000000000073,144.20000000000036,488339317.0,494300649.05,-60.37735849056604,-16.69503201231842,37.67026366904299,133.625,120.35,,,,0.0,0.0,0.0,0.0,0.0,0.0,,0.0,0.0,-0.0923,0.1239,0.0,15.48,-0.16,0,False,0,False,False,True,True,1.1519316273330753,False,False,False,False,True,True,False,False,True,False,False,False,False,False,False,False,False,False,0.0,0.0,9.15492957746479,0.0,-0.0419060760618925,False,False,True,True,True,False,False,-1.0,False,6,True,False,381.016443360588,,3,False,3,False,True,False,True,"ema60_gt_ema120, market_above_ma60, avoid_chase, liquidity_ok, kd_golden_cross, above_ichimoku_cloud","long_upper_shadow, open_high_close_low",close_below_ema20,33.5,55.9,60.8,25.5,0.64,False,102,D
2026-07-31,19.0,19.65,19.0,19.05,21348,408934,2380,虹光,,1.6515610667715173,2.230999286929629,-0.5794382201581119,18.186970526592333,13.399446858909998,10.214078478166275,61.00067456816284,39.68991750931468,0.9532836289887124,64757.05,1296593.2,22.2,18.8,-0.6397285805802053,2.9723320513480185,-0.0230769230769229,0.0132978723404255,18.8,0.3860480286856024,21.649196492128475,19.704999999999973,17.760803507871472,0.3315499481014698,0.1973302707057603,27.272727272727305,12.055335968379344,19.069999999999983,19.174999999999976,8143021.0,8280361.75,-76.92307692307688,-48.05714063895029,50.91823168423672,5.867500000000001,5.61,,,,0.0,0.0,0.0,0.0,0.0,0.0,,0.0,0.0,-0.0851,-0.2662,0.0,0.31,-0.01,0,False,0,False,False,True,True,0.3296629478952484,False,True,True,False,True,False,False,False,True,False,False,False,False,False,False,False,True,False,10.0,0.0,16.535433070866134,0.0,-0.1831168480277325,False,False,True,True,False,False,False,-1.0,False,8,True,False,566.0992273026196,,8,False,3,False,False,False,False,"ema60_gt_ema120, rsi_strong, market_above_ma60, avoid_chase, adx_trending, kd_golden_cross, mfi_strong, above_ichimoku_cloud",long_upper_shadow,,218.6,88.2,91.9,25.5,-0.86,False,102,D
2026-07-31,752.0,758.0,655.0,683.0,13242861,9080829677,2379,瑞昱,,-5.048290500139046,5.669046141099291,-10.717336641238337,736.998292051015,693.317949741097,635.1851977737005,41.41431098909028,17.59880766802216,50.20773256569191,5373122.05,4034878899.65,840.0,697.0,-0.577289015539566,0.6331977685238155,-0.081989247311828,-0.0200860832137733,697.0,1.188226326591869,822.6027739435382,749.15,675.6972260564618,0.0497106749783999,0.1960963063299425,21.875,28.447621920011443,722.2,730.5,-4227373.0,11400301.7,-78.125,-128.85802469135814,34.453297348286284,773.5,735.0,,,,0.0,0.0,0.0,0.0,0.0,0.0,,0.0,0.0,0.206,-0.017,0.0,45.49,-0.1,0,False,0,False,False,False,True,2.4646492070657504,True,False,False,False,True,True,False,False,False,False,False,False,False,False,False,False,False,False,10.0,25.0,22.98682284040996,0.0,-0.9757863224600124,False,False,False,False,True,False,False,-1.0,False,5,True,False,357.9370562011373,,3,True,3,False,True,True,True,"ema60_gt_ema120, volume_break, market_above_ma60, avoid_chase, liquidity_ok",open_high_close_low,"close_below_ema20, close_below_swing_low",-1.3,49.8,53.4,12.2,2.46,False,245,D
2026-07-31,299.0,299.0,285.0,291.5,48234092,14066980541,2382,廣達,,-17.7421430165154,-11.202866302239372,-6.539276714276026,331.41350647375054,340.8330799177801,328.73446392176,31.370869134517548,25.560812660652783,15.826236464904914,25679946.3,8555845817.1,381.0,279.0,-1.5059374802733516,0.0218510345006467,-0.111280487804878,0.0448028673835125,279.0,2.549720823374168,406.23846462688346,342.175,278.11153537311657,0.1044937602489979,0.3744485402316559,21.36752136752137,12.736542210226617,303.1,314.85,289434455.0,345303664.85,-88.0952380952381,-118.87026691495966,35.00367453871385,367.75,363.25,,,,0.0,0.0,0.0,0.0,0.0,0.0,,0.0,0.0,1.0287,0.2366,0.0,19.19,-0.66,0,False,0,False,False,False,True,1.8782785383005256,True,False,True,False,True,True,False,False,True,False,False,False,False,False,False,False,False,False,10.0,12.0,30.7032590051458,0.0,-0.6401893618575606,False,False,False,False,True,True,False,-1.0,False,7,True,False,523.1005130407145,,6,False,3,False,True,False,True,"ema60_gt_ema120, volume_break, market_above_ma60, avoid_chase, liquidity_ok, adx_trending, kd_golden_cross","open_high_close_low, gap_chase_after_blowout",close_below_ema20,175.6,85.3,87.8,25.5,1.96,False,102,D
2026-07-31,4745.0,4745.0,4745.0,4745.0,1418920,6732775400,2383,台光電,,-189.8689832937944,-132.85852794267737,-57.010455351117,4828.428808087158,4758.9471114047965,4112.372635975207,47.65573942197448,19.63713399124429,384.9274664197332,2585307.15,12721720359.65,6080.0,4100.0,-1.2352761571461102,0.0041594096410648,-0.0021030494216613,0.0996523754345306,4315.0,2.12979532383881,5827.831969752278,4931.5,4035.168030247721,0.3959648844994655,0.3635129148341391,60.37037037037037,32.5897325897325,4477.0,4658.5,143208130.0,144995723.75,-39.629629629629626,-39.53835960492468,39.12865812786155,5300.0,4652.5,,,,0.0,0.0,0.0,0.0,0.0,0.0,,0.0,0.0,1.2069,0.1354,0.0,43.22,-0.41,0,False,0,False,False,False,True,0.5488400092035486,False,False,False,False,True,True,False,False,False,False,False,False,False,False,False,False,False,False,0.0,0.0,28.13487881981033,0.0,-0.3817713060635443,False,False,False,False,False,True,False,-1.0,False,4,True,False,250.90714441927287,,3,False,3,False,True,False,True,"ema60_gt_ema120, market_above_ma60, avoid_chase, liquidity_ok",gap_chase_after_blowout,close_below_ema20,-115.8,14.1,21.3,5.6,-0.34,False,177,D
2026-07-31,105.5,108.0,104.5,106.0,7150763,760290962,2385,群光,,-2.8861664684294936,-3.7153550204093566,0.829188551979863,106.39531565765822,114.37751057094252,119.09927512350336,45.30281586487049,29.053356618144782,3.4810659734453524,4712856.0,496939407.5,107.5,101.5,-0.146586121912855,-0.5766578790959243,-0.0046948356807511,0.0143540669856458,104.5,0.9330682274823632,108.82994252826114,105.35,101.87005747173885,0.5933923469599363,0.0660644049029169,77.27272727272727,54.54545454545465,104.2,104.7,-64533763.0,-67913644.95,-22.727272727272734,30.589719331442147,50.636847582877,126.875,128.75,,,,0.0,0.0,0.0,0.0,0.0,0.0,,0.0,0.0,-0.0548,0.0916,0.0,21.73,0.08,0,False,0,False,False,False,False,1.517288667423745,True,False,True,False,True,True,False,False,False,True,False,False,False,False,False,False,True,False,-10.0,0.0,1.4150943396226416,15.0,0.1230589691803764,False,False,False,True,False,False,False,-1.0,False,7,True,False,476.649594304402,,3,False,3,False,True,False,True,"volume_break, market_above_ma60, avoid_chase, liquidity_ok, adx_trending, obv_uptrend, mfi_strong",long_upper_shadow,close_below_ema20,109.9,85.9,83.0,5.6,1.39,False,177,D
2026-07-31,37.6,38.4,37.5,37.7,325408,12361137,2387,精元,,-0.592695491419093,-0.4843361475145533,-0.1083593439045396,38.65395848488286,39.57241741567212,40.18524780375991,38.63690209848881,19.063439900365147,0.9072588122736568,448395.25,17507466.6,41.05,37.4,-0.3986851630330571,-0.0763325516285321,-0.0296010296010296,0.0080213903743315,37.4,0.6503233823468723,40.98160010542932,38.89500000000008,36.80839989457083,0.2136490128389397,0.1072940020788912,37.037037037037095,32.09876543209854,37.810000000000215,38.24500000000025,4559252.0,6772470.45,-62.962962962962905,-86.33141191280725,23.139230934556736,40.375,40.875,,,,0.0,0.0,0.0,0.0,0.0,0.0,,0.0,0.0,-0.1757,0.041,0.0,9.26,0.0,0,False,0,False,False,False,False,0.7257168759035695,False,False,False,False,True,False,False,False,False,False,False,False,False,False,False,False,False,False,0.0,0.0,8.885941644562319,0.0,-0.8189556800837157,False,False,False,True,False,False,False,-1.0,False,2,True,False,57.429700598031104,,3,False,3,False,True,False,True,"market_above_ma60, avoid_chase",long_upper_shadow,close_below_ema20,-290.1,2.0,0.5,25.5,-0.14,False,102,D
2026-07-31,69.4,71.7,68.6,70.5,3991306,279330611,2388,威盛,,-0.9309406666891816,-0.4820894959099309,-0.4488511707792508,71.35831461146759,70.98728485117913,67.49719944709913,48.38702077556864,15.94767974882164,5.006453196789661,7059614.5,507803675.7,75.8,65.3,-0.1565183635858081,-0.1472566442687392,-0.0587449933244326,0.0796324655436446,65.3,0.8068735522027981,77.20453962887473,71.53000000000057,65.85546037112641,0.409243738931741,0.1586618098385044,47.93388429752066,33.58359523532393,69.3800000000003,71.4700000000008,109843587.0,124639373.95,-47.68211920529802,-47.66694607432246,60.06607991784524,76.72500000000001,72.25,,,,0.0,0.0,0.0,0.0,0.0,0.0,,0.0,0.0,0.3401,0.124,0.0,15.72,-0.23,0,False,0,False,False,False,True,0.5653716644159535,False,False,False,False,True,True,False,False,True,False,False,False,False,False,True,False,True,False,0.0,0.0,7.517730496453896,0.0,-0.7026072657441097,False,False,False,False,False,False,False,-1.0,False,7,False,False,472.2224294552302,,3,False,3,False,True,False,True,"ema60_gt_ema120, market_above_ma60, avoid_chase, liquidity_ok, kd_golden_cross, williams_r_recovery, mfi_strong",,close_below_ema20,113.0,88.2,82.2,12.2,-0.43,False,245,D
2026-07-31,10.3,10.5,10.25,10.3,468123,4839505,2390,云辰,,-0.4550837832850778,-0.255104672643839,-0.1999791106412387,11.19798585136903,11.300654167370524,10.98221061428328,35.256611099453366,25.769439035398868,0.5227625971750495,1242103.1,15370848.0,13.45,10.05,-1.4839784928679678,0.2442729740475757,-0.0593607305936071,0.0248756218905472,10.05,0.568498141296227,13.665981144653138,11.617499999999996,9.569018855346854,0.1784202765451666,0.3526543825527252,23.529411764705912,13.348416289592931,10.360000000000127,10.780000000000063,24624455.0,26453816.7,-82.9787234042553,-100.81805542082962,29.640935540198484,11.947500000000002,11.465,,,,0.0,0.0,0.0,0.0,0.0,0.0,,0.0,0.0,0.1756,-0.0529,0.0,3.38,-0.07,0,False,0,False,False,False,True,0.376879342785635,False,False,True,False,True,False,False,False,False,False,False,False,False,False,False,False,False,False,10.0,12.0,30.582524271844648,0.0,-0.2257724498180139,False,False,False,False,False,False,False,-1.0,False,4,False,False,313.05952403004017,,3,False,3,False,True,False,True,"ema60_gt_ema120, market_above_ma60, avoid_chase, adx_trending",,close_below_ema20,-46.1,32.2,39.1,12.2,-0.71,False,245,D
2026-07-31,63.2,63.5,62.3,62.5,2641320,165751357,2393,億光,,-1.624604550994249,-0.911274606098748,-0.7133299448955011,65.80884624042653,66.95039684167695,66.03714519329809,35.994841674815035,20.693772193267137,2.1063110629062534,2822393.55,189313386.25,71.0,61.2,-0.6859878958594869,-0.0214267515020712,-0.0544629349470497,0.017915309446254,61.4,1.0595312358657227,72.73391556145098,66.92499999999981,61.11608443854864,0.1191199585199025,0.1735947870437411,26.25,15.981800766283412,62.560000000000585,64.72000000000007,92766691.0,97616199.8,-79.0,-123.18633066055658,24.209909441889124,68.375,67.65,,,,0.0,0.0,0.0,0.0,0.0,0.0,,0.0,0.0,0.1058,0.033,0.0,25.72,-1.05,0,False,0,False,False,False,True,0.9358439754087448,False,False,True,False,True,True,False,False,False,False,False,False,False,False,False,False,False,False,10.0,12.0,13.6,0.0,-0.748783112107219,False,False,False,False,True,False,False,-1.0,False,5,True,False,342.3730424088008,,3,False,3,False,True,False,True,"ema60_gt_ema120, market_above_ma60, avoid_chase, liquidity_ok, adx_trending",open_high_close_low,close_below_ema20,-16.8,45.3,47.9,12.2,0.14,False,245,D
2026-07-31,33.5,34.25,33.5,33.6,1671232,56772818,2392,正崴,,-1.1325035776720966,-0.8717930582736385,-0.2607105193984581,35.67377144299561,36.90162923025203,37.894611231758674,38.39983930058678,15.18651312570156,1.491167516258199,1973509.4,71690891.0,39.8,32.85,-0.7522995587046455,,-0.0588235294117647,0.0228310502283104,32.85,1.0498567609114988,39.59943498315411,36.06000000000004,32.520565016845964,0.1524869065672351,0.1963080966807582,22.98850574712643,14.841701956038984,34.100000000000364,34.80500000000029,-11210826.0,-4236105.3,-80.0,-118.67728107777104,29.41267310982145,39.1875,22.125,,,,0.0,0.0,0.0,0.0,0.0,0.0,,0.0,0.0,-0.4248,-0.0907,0.0,5.99,-0.44,0,False,0,False,False,False,False,0.8468325511902807,False,False,False,False,True,True,False,False,True,False,False,False,False,False,False,False,False,False,10.0,12.0,18.45238095238094,0.0,-1.111941630364527,False,False,False,True,False,False,False,-1.0,False,4,True,False,217.12502594752848,,3,True,3,False,True,False,True,"market_above_ma60, avoid_chase, liquidity_ok, kd_golden_cross",long_upper_shadow,close_below_ema20,-149.6,10.7,13.9,5.6,0.19,False,177,D
2026-07-31,599.0,599.0,549.0,563.0,8004766,4513840499,2395,研華,,17.95662997672548,19.626120757029817,-1.6694907803043364,544.8423854127706,496.8248830838619,445.0211189147965,57.8303768621691,23.109792024173927,31.27214873678427,4242463.5,2354095039.8,600.0,513.0,0.5542732241607647,0.3164316417176783,-0.0309810671256454,0.0292504570383911,547.0,1.0865923390015666,600.9810069007881,545.625,490.268993099212,0.6569387043319468,0.2029086163602769,44.44444444444444,44.265952699687965,558.6,565.3,86573466.0,87172305.85,-44.17670682730924,70.75276663018397,40.543855777402285,487.0,439.25,,,,0.0,0.0,0.0,0.0,0.0,0.0,,0.0,0.0,0.7339,0.3089,0.0,35.2,-0.07,0,False,0,False,False,True,True,1.8868202401741347,True,True,True,False,True,True,False,False,True,False,False,False,False,False,False,False,False,False,0.0,0.0,6.571936056838366,0.0,-0.0733820888985076,False,False,True,False,True,False,False,-1.0,False,9,True,False,632.9876173349592,,3,True,3,False,False,False,False,"ema60_gt_ema120, volume_break, rsi_strong, market_above_ma60, avoid_chase, liquidity_ok, adx_trending, kd_golden_cross, above_ichimoku_cloud",open_high_close_low,,273.8,97.1,94.9,12.2,1.58,False,245,D
2026-07-31,55.0,55.7,53.7,53.7,442872,24007174,2397,友通,,-1.406976865197663,-0.9748125990097598,-0.4321642661879032,57.08077396544813,58.76818661421252,59.69510762381405,38.065926340726406,16.841374956596738,2.376547032320921,495150.55,28569848.6,61.1,52.7,-0.5410018915860192,-0.168897223850098,-0.0929054054054053,0.0189753320683112,52.7,1.282940508233464,62.57707229964774,57.66000000000004,52.74292770035234,0.0973213572348972,0.1705540166371036,13.79310344827589,11.111111111110707,54.76000000000058,56.48000000000029,14126454.0,15722359.15,-86.20689655172411,-116.12654320987616,39.82609722952115,62.625,62.6,,,,0.0,0.0,0.0,0.0,0.0,0.0,,0.0,0.0,0.3137,0.0818,0.0,14.2,-0.09,0,False,0,False,False,False,False,0.8944188792681337,False,False,False,False,True,False,False,False,True,False,False,False,False,False,False,False,False,False,20.0,25.0,13.780260707635003,0.0,-1.4570304307905435,False,False,False,False,True,False,False,-1.0,False,3,True,False,246.4598236231948,,3,False,3,False,True,False,True,"market_above_ma60, avoid_chase, kd_golden_cross",open_high_close_low,close_below_ema20,-101.1,19.6,20.1,25.5,0.17,False,102,D
2026-07-31,32.8,33.1,32.1,33.1,1917529,62597667,2399,映泰,,-3.9506501113433217,-3.072720137079722,-0.8779299742635995,39.20275547602,42.16212452766041,38.94202284153549,34.62656591404718,31.73658140669641,2.915318056380818,5764248.25,264937481.9,55.0,30.4,-2.556583771440861,-0.3714026576691122,-0.1231788079470198,0.0888157894736842,30.4,0.425706544643493,53.74844734396884,40.77749999999996,27.80655265603108,0.2040501438944713,0.6361815875896705,29.807692307692324,16.656545209176937,33.55,35.85999999999994,400301332.0,416351178.15,-77.69784172661869,-102.8291508396122,15.440391935283316,49.962500000000006,44.875,,,,0.0,0.0,0.0,0.0,0.0,0.0,,0.0,0.0,-0.1032,-0.1726,0.0,5.87,1.09,0,False,0,False,False,False,True,0.3326589898344506,False,False,True,False,True,True,False,False,True,False,False,False,False,False,False,False,False,False,10.0,0.0,66.1631419939577,0.0,-0.7343286544787802,False,False,False,False,False,False,False,-1.0,False,6,False,False,384.5146460445991,,8,False,3,False,True,False,True,"ema60_gt_ema120, market_above_ma60, avoid_chase, liquidity_ok, adx_trending, kd_golden_cross",,close_below_ema20,37.0,56.9,62.0,25.5,-0.85,False,102,D
2026-07-31,24.6,25.25,24.2,24.85,3909060,96471273,2401,凌陽,,-1.5489084931955688,-0.8733306779906673,-0.6755778152049015,27.983378119922,28.206398562302315,26.467345722944977,38.36191552505962,22.960887972646454,2.073359595023688,7533957.05,228941653.45,34.3,23.45,-1.6765937119260454,0.1383121666768673,-0.117229129662522,0.0597014925373136,23.45,0.4918922559838166,35.00449164513324,29.00499999999988,23.005508354866524,0.1537206612021607,0.4136867191955442,23.0769230769231,12.8767213873604,25.15,26.59999999999991,342145201.0,365029267.2,-82.90155440414506,-111.18097034475524,31.18551639416852,30.012500000000003,27.375,,,,0.0,0.0,0.0,0.0,0.0,0.0,,0.0,0.0,0.3525,0.0134,0.0,18.23,0.01,0,False,0,False,False,False,True,0.5188588113865077,False,False,True,False,True,True,False,False,True,False,False,False,False,False,False,False,False,False,10.0,12.0,38.02816901408449,0.0,-0.325945998731557,False,False,False,False,False,False,False,-1.0,False,6,False,False,438.2772361290864,,3,False,3,False,True,False,True,"ema60_gt_ema120, market_above_ma60, avoid_chase, liquidity_ok, adx_trending, kd_golden_cross",,close_below_ema20,79.1,80.0,75.5,12.2,-0.5,False,245,D
2026-07-31,51.5,51.9,50.7,51.8,1246288,64178453,2402,毅嘉,,-3.8308289237614375,-2.793341166289572,-1.0374877574718655,58.22873835591554,62.23105947983933,61.32686578598903,34.054354122811944,26.16259681875973,3.0138182171462047,3327805.15,211258663.9,69.1,48.4,-1.5653973050065586,-0.3189666919401862,-0.106896551724138,0.0702479338842974,48.4,0.4528714527301144,71.10354554207278,59.81999999999998,48.53645445792718,0.1446152510265537,0.3772499345393783,33.609958506224054,17.730333529555235,52.33999999999978,55.21999999999989,588463683.0,599500274.95,-76.24633431085046,-123.488527087499,19.544525534691488,65.0,70.95,,,,0.0,0.0,0.0,0.0,0.0,0.0,,0.0,0.0,0.217,0.065,0.0,4.71,0.08,0,False,0,False,False,False,True,0.3745075038422847,False,False,True,False,True,True,False,False,True,False,False,False,False,False,False,False,False,False,0.0,12.0,33.397683397683394,0.0,-0.3638472714911869,False,False,False,False,False,False,False,-1.0,False,6,False,False,441.3789077805286,,3,False,3,False,True,False,True,"ema60_gt_ema120, market_above_ma60, avoid_chase, liquidity_ok, adx_trending, kd_golden_cross",,close_below_ema20,74.6,76.3,76.2,5.6,-0.66,False,177,D
2026-07-31,1080.0,1110.0,1060.0,1100.0,4120254,4482981510,2404,漢唐,,-50.34021791425971,-32.433299880197524,-17.906918034062187,1146.9886323307146,1154.5919656642498,1093.3327669325297,44.18719051367867,23.62621152294095,79.08173722843443,2398308.1,2809800396.4,1385.0,1010.0,-1.2445370599662124,0.1692914450059282,-0.0178571428571429,0.0891089108910891,1010.0,0.9203724877161358,1360.476062305816,1172.5,984.523937694184,0.3071562966298053,0.320641470884121,52.083333333333336,27.07070707070731,1050.0,1099.5,98519290.0,98979483.8,-61.53846153846154,-81.98325205882585,34.29936448495758,1248.75,1160.0,,,,0.0,0.0,0.0,0.0,0.0,0.0,,0.0,0.0,0.509,-0.0515,0.0,37.84,-0.08,0,False,0,False,False,False,True,1.717983606860186,True,False,True,False,True,True,False,False,False,False,False,False,False,False,False,False,False,False,0.0,0.0,25.90909090909091,0.0,-0.0447357009813154,False,False,False,False,False,False,False,-1.0,False,6,False,False,411.64300765682606,,3,False,3,False,True,False,True,"ema60_gt_ema120, volume_break, market_above_ma60, avoid_chase, liquidity_ok, adx_trending",,close_below_ema20,52.4,70.6,68.5,12.2,1.33,False,245,D
2026-07-31,15.45,15.8,15.25,15.8,1241301,19318798,2405,輔信,,-0.6051222385059702,-0.4559500939985463,-0.1491721445074239,16.446924318531742,16.91317545941545,16.896492574307956,42.56155028552207,18.016925268899293,0.822294063712353,2159420.45,36299419.35,17.75,14.8,-0.7476054313667151,0.0282493373815412,-0.0365853658536584,0.0675675675675675,14.8,0.7404605697417426,18.27348615286228,16.6125,14.951513847137727,0.2554163836345444,0.1999682351075725,47.272727272727295,24.242424242424025,15.45,15.985000000000037,154219816.0,163886732.15,-66.66666666666663,-102.87081339712915,38.30867354848392,18.6125,18.3,,,,0.0,0.0,0.0,0.0,0.0,0.0,,0.0,0.0,0.2312,0.0999,0.0,4.6,-0.36,0,False,0,False,False,False,True,0.574830621799474,False,False,False,False,True,False,False,False,False,False,False,False,False,False,False,False,False,False,0.0,0.0,12.341772151898727,0.0,-0.2096495208691611,False,False,False,False,False,False,False,-1.0,False,3,False,False,193.2325119675648,,3,False,3,False,True,False,True,"ema60_gt_ema120, market_above_ma60, avoid_chase",,close_below_ema20,-154.3,11.8,9.7,25.5,-0.41,False,102,D
2026-07-31,30.4,31.15,30.2,31.15,9103610,281805832,2406,國碩,,-1.6903404772919828,-1.14564795672627,-0.5446925205657127,33.235452863631444,34.22464431235916,32.588455493570464,43.25125564908917,21.42364791282217,2.6013643294884146,14482031.25,524056363.35,41.75,28.35,-1.6885297813245743,0.0162685840702971,-0.0659670164917541,0.0987654320987654,28.35,0.4106917893189062,42.07628157995067,34.38250000000007,26.68871842004948,0.2899277509759492,0.4475405558031312,41.10429447852757,19.83640081799543,30.47000000000008,31.670000000000165,534290629.0,590445287.9,-64.17112299465242,-79.13075928384858,21.77346441696949,37.475,35.724999999999994,,,,0.0,0.0,0.0,0.0,0.0,0.0,,0.0,0.0,0.63,-0.1618,0.0,10.57,-1.87,0,False,0,False,False,False,True,0.6286141662620705,False,False,True,False,True,True,False,False,True,False,False,False,False,False,False,False,False,False,0.0,0.0,34.02889245585875,0.0,-0.9348551331014636,False,False,False,False,False,False,False,-1.0,False,6,False,False,395.06788006540313,,3,False,3,False,True,False,True,"ema60_gt_ema120, market_above_ma60, avoid_chase, liquidity_ok, adx_trending, kd_golden_cross",,close_below_ema20,35.9,66.5,64.9,12.2,-0.33,False,245,D
2026-07-31,360.5,360.5,360.5,360.5,8135174,2932729742,2408,南亞科,,-10.280620246181456,0.9201997903822844,-11.20082003656374,399.6280163753066,374.9103251808847,322.91402040261454,44.39591081957918,15.059137608169122,37.95071394986896,81938105.15,34275895812.4,481.0,328.0,-0.7675996482104441,0.626848762713342,-0.1009975062344139,0.0990853658536585,328.0,1.4175915313888738,479.00428558309824,409.0,338.99571441690176,0.1535926365363137,0.3423192449051258,29.615384615384617,11.410256410256505,374.1,392.9,4576860176.0,4795927640.65,-77.01492537313433,-141.02387194701265,46.44689902697142,400.125,352.0,,,,0.0,0.0,0.0,0.0,0.0,0.0,,0.0,0.0,6.2134,0.0621,0.0,12.2,-0.46,0,False,0,False,False,False,True,0.0992843803881886,False,False,False,False,True,True,False,False,True,False,False,False,False,False,False,False,False,False,10.0,12.0,33.42579750346741,0.0,-0.4666248150178557,False,False,False,False,False,False,False,-1.0,False,5,False,False,347.3933460236676,,3,False,3,False,True,False,True,"ema60_gt_ema120, market_above_ma60, avoid_chase, liquidity_ok, kd_golden_cross",,close_below_ema20,-11.8,46.9,49.7,12.2,-1.14,False,245,X
2026-07-31,24.4,24.4,23.55,24.2,197017544,4744771208,2409,友達,,-1.025655683022638,-0.4455237115243922,-0.5801319714982458,25.83919918518923,24.8362173685209,21.946633352039964,43.45214109206423,23.94555943015468,2.121721108859036,263961015.2,7404011253.95,31.7,22.2,-1.6118442673861757,0.5847305756513633,-0.0509803921568627,0.09009009009009,22.2,0.8213899368309566,32.16939846223386,26.84999999999993,21.530601537766003,0.2509116849570392,0.3962307979317647,45.833333333333314,28.125,23.56999999999971,24.63999999999988,4288642252.0,4737455644.1,-70.27027027027027,-85.89961129764,40.56413071590545,26.700000000000003,24.8,,,,0.0,0.0,0.0,0.0,0.0,0.0,,0.0,0.0,0.1383,0.0467,0.0,10.25,-0.1,0,False,0,False,False,False,True,0.7463887947647203,False,False,True,False,True,True,False,False,True,False,False,False,False,False,False,False,False,False,0.0,0.0,30.991735537190085,0.0,-0.3957678206624677,False,False,False,False,True,False,False,-1.0,False,6,True,False,417.7146740996976,,3,False,3,False,True,False,True,"ema60_gt_ema120, market_above_ma60, avoid_chase, liquidity_ok, adx_trending, kd_golden_cross",open_high_close_low,close_below_ema20,58.5,74.3,70.3,12.2,-0.15,False,245,D
2026-07-31,140.5,140.5,138.5,139.5,21622742,3015768595,2412,中華電,,-0.0238562230964021,-0.4391038392564,0.4152476161599979,139.30925897180092,139.0954856013161,137.7106763202178,50.44927747299295,19.55414855123988,2.2634667593021307,22779614.4,3139313897.25,141.5,138.0,0.0918126205871981,0.0160915670541368,0.0035971223021582,-0.0071174377224199,140.5,0.8244260630220372,143.9094919912964,138.275,132.64050800870362,0.6087054522299663,0.0814969009769862,45.45454545454545,59.44055944055981,140.4,139.55,-149258853.0,-137931033.65,-28.571428571428573,37.95877325289074,65.47299637015713,143.25,140.5,,,,0.0,0.0,0.0,0.0,0.0,0.0,,0.0,0.0,0.114,0.0932,0.0,17.26,0.64,0,False,0,False,False,True,True,0.9492145749403028,False,False,False,False,True,True,False,False,False,False,False,False,False,False,False,False,True,True,0.0,0.0,1.4336917562724014,15.0,-0.2127725363892934,False,False,False,False,False,False,False,-1.0,False,5,False,False,366.9388753127315,,3,False,3,False,False,False,False,"ema60_gt_ema120, market_above_ma60, avoid_chase, liquidity_ok, mfi_strong",,,7.7,53.9,56.4,12.2,0.16,False,245,D
2026-07-31,37.15,37.6,36.3,37.4,646722,24034959,2413,環科,,-3.4205408438085385,-3.003176475549208,-0.4173643682593306,41.82204474381699,46.24334808493208,45.403740349107935,34.60376707212117,39.12794611547443,2.6042673868785347,1165937.85,50824680.1,48.5,34.6,-1.497762984335298,-0.3781677806435466,-0.0708074534161491,0.0809248554913293,34.6,0.6268349461159796,49.88048598190843,42.247499999999945,34.61451401809146,0.1824637165920798,0.3613461616383688,36.024844720496894,20.368096682556523,37.45,39.11499999999997,250524395.0,253199744.65,-76.61290322580646,-107.4008788698826,25.652442332655625,57.875,54.65,,,,0.0,0.0,0.0,0.0,0.0,0.0,,0.0,0.0,0.3355,0.0194,0.0,4.81,0.33,0,False,0,False,False,False,True,0.5546796512352695,False,False,True,False,True,True,False,False,True,False,False,False,False,False,False,False,False,False,0.0,12.0,29.679144385026746,0.0,-0.0780117381232822,False,False,False,False,False,False,False,-1.0,False,6,False,False,471.6106556548733,,8,False,3,False,True,False,True,"ema60_gt_ema120, market_above_ma60, avoid_chase, liquidity_ok, adx_trending, kd_golden_cross",,close_below_ema20,104.9,84.2,82.1,5.6,-0.33,False,177,D
2026-07-31,55.7,58.0,55.7,58.0,419310,24078905,2414,精技,,-0.7235151557996886,-0.1774276279574235,-0.546087527842265,57.87857317866636,55.75120724245089,51.8327141906627,50.20671682630635,24.68924992416768,2.487203937166773,531947.55,31613167.55,64.6,54.5,-0.7436790765648602,0.3950706687026036,0.0412926391382404,0.0603290676416818,54.7,0.6150586038205254,65.55510716979701,59.139999999999965,52.72489283020292,0.4111472365288613,0.2169464717550575,100.0,50.41666666666666,56.22000000000007,56.17999999999993,7275498.0,7539553.55,-58.974358974359006,-41.27332601536778,35.29746665593605,58.975,54.075,,,,0.0,0.0,0.0,0.0,0.0,0.0,,0.0,0.0,0.8726,0.2419,0.0,4.96,0.37,0,False,0,False,False,True,True,0.7882544059090035,False,False,True,False,True,False,False,False,False,False,False,False,False,False,False,False,False,True,-20.0,0.0,11.379310344827577,0.0,-0.1041078610874916,False,False,False,False,False,False,False,-1.0,False,4,False,False,286.63324972604016,,3,False,3,False,False,False,False,"ema60_gt_ema120, market_above_ma60, avoid_chase, adx_trending",,,-50.2,29.4,30.3,14.7,0.16,False,34,D
2026-07-31,30.25,31.25,30.15,30.65,281495,8591776,2415,錩新,,-0.6745152629341362,0.1611113021534226,-0.8356265650875588,32.876018181436486,31.70661836131832,30.046446655595844,41.2359175260449,22.8909446047509,1.8175146795758024,703062.6,25859917.95,41.65,29.35,-1.4433058930704934,0.5507705550601315,-0.0612557427258805,0.0442930153321974,29.35,0.3591998084509668,40.69415633143893,34.51249999999991,28.330843668560888,0.1875837321822803,0.3582270963528599,26.24113475177301,16.548463356974025,30.579999999999927,32.254999999999924,13498253.0,15255059.4,-77.16049382716051,-104.46849847349428,17.64809856741161,28.8875,28.8,,,,0.0,0.0,0.0,0.0,0.0,0.0,,0.0,0.0,0.092,0.1027,0.0,21.23,0.17,0,False,0,False,False,False,True,0.4003839771878066,False,False,True,False,True,False,False,False,True,False,False,False,False,False,False,False,False,False,10.0,12.0,35.88907014681892,0.0,-0.3392970174096252,False,False,True,False,False,False,False,-1.0,False,6,False,False,436.93227556296256,,3,False,3,False,True,False,True,"ema60_gt_ema120, market_above_ma60, avoid_chase, adx_trending, kd_golden_cross, above_ichimoku_cloud",,close_below_ema20,70.2,75.1,75.2,5.6,-0.61,False,177,D
2026-07-31,39.0,39.5,38.25,39.3,760250,29668580,2417,圓剛,,-1.902206805505223,-1.63867983654237,-0.263526968962853,41.31093560272747,43.4446052062212,42.83380719637434,39.31976494810591,23.38908083715163,2.121649233121907,1121249.9,49165695.9,48.05,37.0,-1.133397619484756,-0.4408785631142328,-0.0414634146341463,0.0621621621621621,37.0,0.6644669652750621,47.986333743383526,42.025,36.06366625661647,0.2714437643233384,0.2837041638731006,48.275862068965495,28.160919540230072,38.79000000000015,39.69500000000007,27109118.0,28779043.25,-68.1818181818182,-80.4086845466156,27.716952278061683,47.55,48.275,,,,0.0,0.0,0.0,0.0,0.0,0.0,,0.0,0.0,0.0496,0.1262,0.0,3.22,0.45,0,False,0,False,False,False,True,0.678037964596474,False,False,True,False,True,False,False,False,True,False,False,False,False,False,False,False,False,False,0.0,0.0,22.264631043257,0.0,-0.3290969336647809,False,False,False,False,False,False,False,-1.0,False,5,False,False,347.8312164419873,,3,False,3,False,True,False,True,"ema60_gt_ema120, market_above_ma60, avoid_chase, adx_trending, kd_golden_cross",,close_below_ema20,0.3,51.0,49.9,25.5,-0.23,False,102,D
2026-07-31,23.45,23.65,23.0,23.55,794563,18512430,2419,仲琦,,-1.4824215688013211,-1.22092932268175,-0.2614922461195712,25.497934193056967,27.8765007220791,28.48103803890026,35.312750212992256,32.94665694709394,1.1466908755748697,1079859.3,28979483.3,29.7,22.2,-1.3111949204168951,-0.4243462745706401,-0.0446247464503041,0.0608108108108109,22.2,0.943031521814505,30.09432366348693,26.04250000000001,21.990676336513104,0.1924224488763876,0.3111700999125976,37.80487804878049,20.61062099982701,23.4,24.375,143285169.0,146858653.45,-72.80701754385964,-105.0907864952077,25.983230597769648,29.950000000000003,32.925,,,,0.0,0.0,0.0,0.0,0.0,0.0,,0.0,0.0,-0.0067,0.4892,0.0,1.31,0.02,0,False,0,False,False,False,False,0.7358023401752432,False,False,True,False,True,False,False,False,True,False,False,False,False,False,False,False,False,False,0.0,12.0,26.114649681528658,0.0,-0.4348455306810274,False,False,False,False,False,False,False,-1.0,False,4,False,False,284.1398770335801,,8,False,3,False,True,False,True,"market_above_ma60, avoid_chase, adx_trending, kd_golden_cross",,close_below_ema20,-75.1,23.3,29.2,12.2,-0.17,False,245,D
2026-07-31,53.8,54.6,53.5,53.8,699808,37779347,2420,新巨,,-1.7670261651130943,-1.2385221095300114,-0.5285040555830829,57.24762469710119,58.362113396045686,57.04134714385855,30.39100289546532,27.203892696240423,1.7308733060807815,552049.75,31632845.05,62.0,53.1,-0.760400298779761,-0.0927921679939798,-0.0511463844797178,0.0131826741996232,53.1,1.5545387686897587,63.30475070635116,58.03999999999997,52.77524929364877,0.0973218641782038,0.1814180119349137,27.272727272727224,23.097168871817,54.47999999999956,55.86999999999989,5610009.0,8516693.2,-79.77528089887643,-125.51959809246928,16.292729791878273,61.775,59.2,,,,0.0,0.0,0.0,0.0,0.0,0.0,,0.0,0.0,0.1073,0.1715,0.0,7.24,-0.03,0,False,0,False,False,False,True,1.2676538663408503,False,False,True,False,True,False,False,False,True,False,False,False,False,False,False,False,False,False,10.0,25.0,15.24163568773235,0.0,-1.6913119099898068,False,False,False,False,False,False,False,-1.0,False,5,False,False,397.3807957435308,,3,False,3,False,True,False,True,"ema60_gt_ema120, market_above_ma60, avoid_chase, adx_trending, kd_golden_cross",,close_below_ema20,30.6,62.1,65.5,5.6,0.94,False,177,D
2026-07-31,127.0,132.0,127.0,131.0,2065333,268319530,2421,建準,,-5.095292268968876,-4.837160621461337,-0.2581316475075388,132.95021293138285,140.6894726573498,143.09096425803534,45.77263693243409,29.9832384917459,6.78185747314314,1781506.7,237857973.55,149.0,120.5,-0.8766456475843603,-0.3260040888557083,0.0076923076923076,0.0871369294605808,120.5,0.9718318797793724,150.01884738628792,134.175,118.3311526137121,0.3998033772167036,0.2361669071926648,75.75757575757575,41.41414141414134,126.8,128.35,317072218.0,321339806.05,-41.86046511627907,-43.53172651254312,36.54770424180918,151.75,156.5,,,,0.0,0.0,0.0,0.0,0.0,0.0,,0.0,0.0,0.1865,0.0964,0.0,28.39,-0.17,0,False,0,False,False,False,False,1.1593181210039794,False,False,True,False,True,True,False,False,True,False,False,False,False,False,True,False,False,False,-10.0,0.0,13.740458015267176,0.0,-0.261542476566339,False,False,False,False,False,False,False,-1.0,False,6,False,False,443.4546714912437,,3,True,3,False,True,False,True,"market_above_ma60, avoid_chase, liquidity_ok, adx_trending, kd_golden_cross, williams_r_recovery",,close_below_ema20,76.7,77.4,77.0,5.6,0.75,False,177,D
2026-07-31,69.1,72.9,69.1,72.4,250733,17978268,2423,固緯,,-1.5729207006031345,-0.54553643427645,-1.0273842663266843,73.8752051007484,72.17911750569712,66.76202549936534,46.89282286406589,16.663103898333542,4.204512187560866,298398.9,22759450.05,84.8,66.5,-0.5764660789699472,0.0625552655560026,-0.020297699594046,0.0822122571001495,66.9,0.7803853572944262,84.66507356846203,75.32000000000008,65.97492643153812,0.3437679501071784,0.2481432174312784,60.14492753623192,30.30257598473509,69.72000000000007,72.48999999999997,3526963.0,4416618.1,-64.52991452991449,-72.59280420257426,32.036225997259265,77.5,67.6,,,,0.0,0.0,0.0,0.0,0.0,0.0,,0.0,0.0,0.2666,0.1506,0.0,5.07,-0.01,0,False,0,False,False,True,True,0.8402611403728364,False,False,False,False,True,False,False,False,False,False,False,False,False,False,False,False,False,False,0.0,0.0,17.127071823204407,0.0,-1.149473168988061,False,False,False,False,False,False,False,-1.0,False,3,False,False,184.60893337587163,,3,False,3,False,True,False,True,"ema60_gt_ema120, market_above_ma60, avoid_chase",,close_below_ema20,-174.6,3.7,8.3,12.2,-0.01,False,245,D
2026-07-31,8.07,8.3,7.95,8.2,14314,115914,2424,隴華,,-0.960710803229354,-1.0268539948415416,0.0661431916121877,8.913944995712267,12.84783388727702,19.86111465183486,35.37211910040632,33.10833176734447,0.5488159831640442,83454.15,788988.8,10.5,7.65,-1.5418721731091494,-1.6366579916806037,-0.0272835112692764,0.0663198959687905,7.69,0.1901627614960817,10.647972716266707,8.96200000000008,7.276027283733452,0.2740176953493552,0.3762492113962537,68.18181818181817,37.000025837174086,7.92400000000016,8.23700000000008,-6579345.0,-6288468.2,-61.03896103896105,-72.07572684246111,12.30741764268008,12.735,18.66,,,,0.0,0.0,0.0,0.0,0.0,0.0,,0.0,0.0,0.9499,4.533,0.0,0.68,0.02,0,False,0,False,False,False,False,0.1715193312735196,False,False,True,False,True,False,False,False,False,False,False,False,False,False,False,False,False,False,0.0,0.0,28.04878048780489,0.0,-0.4674526444885807,False,False,False,False,False,False,False,-1.0,False,3,False,False,226.10576157887223,,8,False,3,False,True,False,True,"market_above_ma60, avoid_chase, adx_trending",,close_below_ema20,-133.1,11.0,16.0,12.2,-1.03,False,245,X
2026-07-31,44.6,46.95,44.55,46.95,6250327,290765861,2425,承啟,,1.4999832390384211,1.551436731599862,-0.0514534925614407,43.35949679662544,39.391580485849246,36.23078169846866,60.86726580987674,34.33254802307184,2.8047273924474285,4125327.4,184590026.8,46.85,41.25,0.5527954634242606,0.6077748776953559,0.0021344717182496,0.0995316159250585,42.7,0.8935959842278803,47.62264760162272,43.23999999999997,38.85735239837721,0.9232601314587032,0.2027126550241795,86.23188405797106,56.66603927473504,44.62000000000008,44.4,56308395.0,36461778.4,-14.012738853503125,110.8741315236711,63.67983635240457,38.4375,34.8,,,,0.0,0.0,0.0,0.0,0.0,0.0,,0.0,0.0,3.7557,0.3546,0.0,8.73,-0.39,0,False,0,False,False,True,True,1.5151105340148276,True,True,True,True,True,True,False,False,False,True,False,False,False,True,False,True,True,True,-20.0,-25.0,-0.2129925452609188,25.0,1.1962027967123303,False,False,True,False,False,False,False,-1.0,False,13,False,False,934.5055389006964,,8,True,3,False,False,False,False,"ema60_gt_ema120, volume_break, rsi_strong, breakout_20d, market_above_ma60, avoid_chase, liquidity_ok, adx_trending, obv_uptrend, breakout_volume_confirm, cci_momentum, mfi_strong, above_ichimoku_cloud",,,587.0,100.0,99.7,25.5,1.3,True,102,D
2026-07-31,51.5,52.0,48.5,50.3,11055934,550058540,2426,鼎元,,-5.6777625406069845,-4.458830164602082,-1.2189323760049025,60.52750406854405,63.39717204108564,54.97386830660167,35.651473483779895,23.103992594656503,5.929584310362343,14736319.7,1010206008.65,79.2,47.45,-2.2366369990701687,-0.3642336649810418,-0.1887096774193548,0.060063224446786,47.45,0.6008966270192551,80.40235935730719,62.18249999999989,43.96264064269259,0.1739135092380866,0.5860124426424583,23.80952380952381,11.34920634920612,53.16999999999971,55.60499999999975,430299570.0,433264657.4,-78.26086956521739,-111.57226562499996,40.26243333064096,78.4,72.2,,,,0.0,0.0,0.0,0.0,0.0,0.0,,0.0,0.0,0.1941,0.0676,0.0,7.29,-0.35,0,False,0,False,False,False,True,0.750250688440208,False,False,True,False,True,True,False,False,True,False,False,False,False,False,False,False,False,False,10.0,12.0,57.45526838966204,0.0,-0.0802738649334006,False,False,False,False,True,False,False,-1.0,False,6,True,False,443.5392205052013,,3,False,3,False,True,False,True,"ema60_gt_ema120, market_above_ma60, avoid_chase, liquidity_ok, adx_trending, kd_golden_cross",open_high_close_low,close_below_ema20,84.3,82.9,77.1,12.2,-0.15,False,245,D
2026-07-31,22.5,22.7,22.35,22.4,390753,8811289,2427,三商電,,-0.256567624385525,0.0948508988891907,-0.3514185232747158,23.389529776876188,23.228769716688088,23.606832097335207,42.121954565171634,18.11347437244224,0.9415123752637444,3068375.9,77891256.85,26.65,21.9,-0.918607246437362,0.2699414284863031,-0.0344827586206897,0.0228310502283104,21.9,0.1421904598664038,26.961825953120467,24.249999999999865,21.538174046879263,0.1589014132947948,0.2236557487109787,23.43749999999998,17.1875,22.509999999999856,23.1199999999998,-11577608.0,-12058705.65,-84.5360824742268,-104.0626529613314,46.0221917181065,22.450000000000003,22.425,,,,0.0,0.0,0.0,0.0,0.0,0.0,,0.0,0.0,-0.1168,0.6879,0.0,2.67,0.11,0,False,0,False,False,False,False,0.1273484777402925,False,False,False,False,True,True,False,False,True,True,False,False,False,False,False,False,False,False,10.0,12.0,18.97321428571429,0.0,0.082933998346239,False,False,False,False,True,False,False,-1.0,False,5,True,False,299.2686927575578,,3,False,3,False,True,False,True,"market_above_ma60, avoid_chase, liquidity_ok, kd_golden_cross, obv_uptrend",open_high_close_low,close_below_ema20,-16.6,50.0,34.6,16.7,-1.29,False,6,X
2026-07-31,218.5,218.5,210.0,218.5,1043253,225077922,2428,興勤,,-20.609479608830185,-12.301738405824292,-8.307741203005893,253.71436027233952,256.0344863331206,232.9700962605275,36.39098771904845,28.88087273067676,18.78319279646299,1979793.0,589475001.45,343.5,199.0,-2.658918617758189,0.3183404488949302,-0.0933609958506224,0.0979899497487437,199.0,0.5457636324670054,353.7903225035335,269.45,185.1096774964665,0.1979499337469013,0.6260183522251512,32.37410071942446,17.049492935771315,216.5,233.35,55934822.0,60436092.0,-78.87323943661971,-100.79332324482966,27.41590313409368,281.75,244.5,,,,0.0,0.0,0.0,0.0,0.0,0.0,,0.0,0.0,0.4662,0.1218,0.0,19.39,0.28,0,False,0,False,False,False,True,0.5269505448296867,False,False,True,False,True,True,False,False,True,False,False,False,False,False,False,False,False,False,0.0,12.0,57.20823798627003,0.0,-0.7321665255893276,False,False,False,False,False,False,False,-1.0,False,6,False,False,438.48350714122495,,3,False,3,False,True,False,True,"ema60_gt_ema120, market_above_ma60, avoid_chase, liquidity_ok, adx_trending, kd_golden_cross",,close_below_ema20,71.7,75.7,75.6,5.6,-0.38,False,177,D
2026-07-31,30.7,31.5,30.4,30.65,455292,14011000,2429,銘旺科,,-3.171622148447021,-1.6763004011143212,-1.4953217473326998,38.83668720092113,43.36805268665663,49.88689753258093,32.81110943537216,19.66613118427032,3.171751824781345,1068532.45,46909002.55,49.05,29.6,-2.304112944471908,-0.5295984884144802,-0.2141025641025641,0.0354729729729728,29.6,0.8159532570752908,53.13086710434376,41.32750000000033,29.52413289565689,0.0476926242482453,0.5712112808344727,7.317073170731687,2.4390243902441093,32.920000000000435,36.700000000000365,170668369.0,173753035.35,-95.1388888888889,-161.87030128048897,44.74002174929147,42.75,49.3,,,,0.0,0.0,0.0,0.0,0.0,0.0,,0.0,0.0,-0.2462,-0.4822,0.0,1.46,0.53,0,False,0,False,False,False,False,0.4260909437050789,False,False,False,False,True,False,False,False,True,False,False,False,False,False,False,False,False,False,20.0,25.0,60.0326264274062,0.0,-0.9503054274882222,False,False,False,True,True,False,False,-1.0,False,3,True,False,187.85724430719213,,3,False,3,False,True,False,True,"market_above_ma60, avoid_chase, kd_golden_cross","long_upper_shadow, open_high_close_low",close_below_ema20,-171.3,4.1,8.7,12.2,-0.64,False,245,D
2026-07-31,17.0,17.05,16.85,16.95,201269,3412960,2430,燦坤,,-0.3412123287308439,-0.2658582869267335,-0.0753540418041104,17.66335219420956,18.55079266046552,19.762477243483588,17.827771554452454,23.37447661267769,0.2441588610583841,213474.8,3810929.2,18.25,16.95,-0.3433681557860262,-0.1540108854315211,-0.0341880341880342,0.0,16.95,0.7520956226598635,18.52383869796941,17.757499999999936,16.991161302030463,-0.0268558159332984,0.0863115526362918,9.523809523809346,7.798481711524801,17.16999999999989,17.469999999999892,-4931947.0,-3896236.2,-92.00000000000016,-174.1424802110808,11.729759143568645,18.8,19.950000000000003,,,,0.0,0.0,0.0,0.0,0.0,0.0,,0.0,0.0,-0.0336,-0.0425,0.0,2.66,0.1,0,False,0,False,False,False,False,0.942823227847034,False,False,True,False,True,False,False,False,True,False,False,False,False,False,False,False,False,False,20.0,25.0,7.669616519174045,0.0,-1.968124134834244,False,False,False,False,False,False,False,-1.0,False,4,False,False,285.81074266045937,,5,False,3,False,True,False,True,"market_above_ma60, avoid_chase, adx_trending, kd_golden_cross",,close_below_ema20,-51.1,26.5,29.9,14.7,0.57,False,34,D
2026-07-31,10.05,10.25,10.0,10.05,184011,1857110,2431,聯昌,,-0.2980629656525195,-0.1968477836962987,-0.1012151819562208,10.660365446406605,11.046461757081245,11.433509974448189,35.98162881427879,23.06631422279179,0.423462074490901,358529.8,3972744.85,12.1,9.96,-0.9045314527420282,0.0486210525253647,-0.0607476635514017,0.0090361445783131,9.96,0.6346462542358166,12.089718857648652,10.860500000000002,9.631281142351352,0.1703190831491182,0.2263650582659454,29.629629629629665,20.56116722783433,10.182000000000064,10.405999999999995,26395003.0,27918883.0,-74.19354838709674,-105.9092523530456,28.220677162857456,11.375,11.275,,,,0.0,0.0,0.0,0.0,0.0,0.0,,0.0,0.0,-0.5102,-0.4074,0.0,1.11,-0.06,0,False,0,False,False,False,False,0.5132376722939069,False,False,True,False,True,False,False,False,False,False,False,False,False,False,False,False,False,False,10.0,12.0,20.398009950248746,0.0,-1.1969107717222456,False,False,False,False,False,False,False,-1.0,False,3,False,False,157.7694474622721,,3,False,3,False,True,False,True,"market_above_ma60, avoid_chase, adx_trending",,close_below_ema20,-209.0,2.8,5.3,5.6,-0.41,False,177,D
2026-07-31,28.3,28.55,27.95,28.55,39150,1107615,2432,倚天,,0.0078743647030599,0.0448540385432808,-0.0369796738402209,28.27370095616618,27.969243672255782,27.551194711963387,53.14312855912489,17.499655310244382,0.6685946170707874,45094.75,1267899.9,28.8,27.6,-0.0406742832739728,0.1384000107319503,0.0070546737213403,0.0160142348754448,28.1,0.9744865288120071,28.85275456960078,28.31250000000009,27.772245430399405,0.7198037863663506,0.0381636782057879,100.0,69.89247311827967,28.150000000000183,28.280000000000108,393359.0,468304.85,-18.42105263157885,35.3302611367108,47.949023942728,29.3125,28.575,,,,0.0,0.0,0.0,0.0,0.0,0.0,,0.0,0.0,0.4262,-0.0393,0.0,0.85,0.08,0,False,0,False,False,True,True,0.8681720155893978,False,False,False,False,True,False,False,False,False,False,False,False,False,False,False,False,False,False,-20.0,0.0,0.8756567425569177,25.0,-0.2499277223669126,False,False,False,False,False,False,False,-1.0,False,3,False,False,200.68258748749105,,3,False,3,False,False,False,False,"ema60_gt_ema120, market_above_ma60, avoid_chase",,,-146.8,13.7,11.0,25.5,0.12,False,102,D
2026-07-31,42.2,42.2,41.65,42.0,23095,966033,2433,互盛電,,-0.4437143361936364,-0.5103224959856191,0.0666081597919826,42.24900304053467,43.394015227008765,44.55730612086387,42.39771901295065,7.391380833399605,0.5252416589616596,54118.8,2265207.5,42.55,41.6,-0.0241001808846663,-0.1425192554571757,-0.0011890606420926,0.0096153846153845,41.6,0.8605548246941265,42.32315155871508,41.97749999999987,41.63184844128466,0.5325472277396367,0.0164684204021302,61.538461538461455,35.09615384615366,41.89000000000014,41.91499999999997,-2357507.0,-2398138.55,-60.00000000000014,-40.25365315688352,55.32028468405504,44.075,44.55,,,,0.0,0.0,0.0,0.0,0.0,0.0,,0.0,0.0,0.025,-0.0172,0.0,0.98,0.03,0,False,0,False,False,False,False,0.426746343230079,False,False,False,False,True,False,False,False,True,True,False,False,False,False,False,False,True,False,0.0,0.0,1.3095238095238029,15.0,0.130773669178075,False,False,False,False,False,False,False,-1.0,False,5,False,False,355.8367474624377,,3,False,3,False,True,False,True,"market_above_ma60, avoid_chase, kd_golden_cross, obv_uptrend, mfi_strong",,close_below_ema20,0.0,57.1,52.7,14.3,-0.92,False,7,D
2026-07-31,54.0,55.3,53.1,54.9,2049316,111201043,2436,偉詮電,,-4.53752285790614,-3.791582832764212,-0.7459400251419281,60.381187475677386,65.52983064024197,64.2549044590528,37.52366474661626,34.36225229953173,3.826110017079881,3475869.45,225796247.55,77.7,50.5,-1.7903219672538044,-0.4675102944077597,-0.0741989881956155,0.0871287128712872,50.5,0.5418698797683773,75.99366055674136,61.8,47.60633944325863,0.2569337391007705,0.4593417655903354,41.599999999999966,21.59999999999976,54.07999999999993,56.73999999999997,146789496.0,160720619.2,-68.29268292682927,-90.13742926434924,24.734045917601748,72.325,72.55000000000001,,,,0.0,0.0,0.0,0.0,0.0,0.0,,0.0,0.0,0.1828,-0.0628,0.0,9.94,-0.73,0,False,0,False,False,False,True,0.5895837083294367,False,False,True,False,True,True,False,False,True,False,False,False,False,False,False,False,False,False,0.0,0.0,41.53005464480875,0.0,-0.7923825529392449,False,False,False,False,False,False,False,-1.0,False,6,False,False,426.38724644802346,,8,False,3,False,True,False,True,"ema60_gt_ema120, market_above_ma60, avoid_chase, liquidity_ok, adx_trending, kd_golden_cross",,close_below_ema20,67.2,75.9,72.4,12.2,-0.39,False,245,D
2026-07-31,17.0,18.05,16.75,18.05,131709,2290233,2438,翔耀,,-1.0171234323834175,-1.025078465323818,0.0079550329404001,18.40314984966141,20.31692183780905,21.4472266430654,47.49248407399332,9.985960685123832,1.744039285443051,157561.25,3024889.2,21.9,16.45,,,0.0055710306406686,0.0972644376899696,16.45,0.4885015951359541,26.55546657732211,17.874999999999954,9.194533422677797,0.5100801033240101,0.9712410156444397,71.92982456140349,34.87356889877204,17.110000000000035,17.670000000000073,-319891.0,410529.1,-48.10126582278478,-9.015777610819065,22.085542278598737,23.9375,24.85,,,,0.0,0.0,0.0,0.0,0.0,0.0,,0.0,0.0,0.0456,-0.036,0.0,1.03,0.09,0,False,0,True,True,False,False,0.8359225380605955,False,False,False,False,True,False,False,False,False,False,False,False,False,False,True,False,False,False,-10.0,0.0,21.329639889196663,0.0,-0.4633711827491813,False,False,False,False,False,False,False,-1.0,False,5,False,False,322.7987711876158,,3,False,3,False,True,False,True,"macd_golden_cross, market_above_ma60, avoid_chase, hist_turn_positive, williams_r_recovery",,close_below_ema20,-36.4,35.5,41.5,12.2,-0.02,False,245,D
2026-07-31,81.2,82.3,80.2,80.2,2760897,222644926,2439,美律,,-2.2583988168654656,-1.8575310026921787,-0.4008678141732869,84.4922300235391,87.38801661834408,90.0999594840663,30.33757133644144,28.25910921243789,2.043824006422226,1469805.3,126188944.55,92.2,80.9,-0.6581775137869167,-0.077894706001565,-0.0325693606755127,-0.0086526576019777,80.9,0.8283643551659534,92.22087977294656,85.23000000000029,78.23912022705403,0.1402455654104013,0.1640473958218053,3.773584905660433,14.79702687249907,81.64000000000087,82.60000000000073,-7744576.0,1056440.95,-97.3333333333333,-103.90835833852324,18.70284222114185,90.45,89.05000000000001,,,,0.0,0.0,0.0,0.0,0.0,0.0,,0.0,0.0,0.0015,-0.0753,0.0,11.0,0.12,0,False,0,False,False,False,False,1.8784100179799323,True,False,True,False,True,True,False,False,False,False,False,False,False,False,False,False,False,False,20.0,12.0,14.962593516209475,0.0,-1.4328035652525175,False,False,False,False,False,False,False,-1.0,False,5,False,False,363.5904573967691,,8,False,3,False,True,True,True,"volume_break, market_above_ma60, avoid_chase, liquidity_ok, adx_trending",,"close_below_ema20, close_below_swing_low",4.4,52.2,55.3,12.2,1.57,False,245,D
2026-07-31,14.75,15.35,14.75,15.25,206224,3122553,2440,太空梭,,-0.514539951926448,-0.4124698489268527,-0.1020701029995952,15.897434592512097,16.426823089471043,16.08610195932621,42.72586382128296,24.92676694227532,0.7586873212208906,526236.5,8598610.0,18.0,14.5,-0.7712055278655026,-0.2351413279432392,-0.0286624203821656,0.0517241379310344,14.5,0.7214606824901286,17.764075830858804,16.097499999999968,14.43092416914113,0.2457361422422569,0.2070602057286957,42.85714285714285,20.592020592020464,15.169999999999982,15.504999999999928,3895358.0,5552869.6,-72.72727272727273,-103.88945752302963,36.56925681121036,18.35,18.55,,,,0.0,0.0,0.0,0.0,0.0,0.0,,0.0,0.0,0.5596,0.0203,0.0,1.15,-0.14,0,False,0,False,False,False,True,0.3918846374206274,False,False,True,False,True,False,False,False,True,False,False,False,False,False,False,False,False,False,0.0,0.0,18.0327868852459,0.0,-0.4371311202609967,False,False,False,False,False,False,False,-1.0,False,5,False,False,353.67327293107434,,3,False,3,False,True,False,True,"ema60_gt_ema120, market_above_ma60, avoid_chase, adx_trending, kd_golden_cross",,close_below_ema20,-13.1,44.6,51.9,5.6,-0.63,False,177,D
2026-07-31,102.0,102.5,98.1,100.5,10092629,1011469737,2441,超豐,,-7.773584510162507,-3.6367922320241055,-4.136792278138401,119.58059706341643,120.17972900694726,110.32400184383432,35.79953019757909,21.686837175932645,9.141961657070738,9258494.05,1221915899.0,145.0,93.6,-1.94854271569557,0.2506599652424381,-0.1483050847457627,0.0737179487179486,93.6,0.626064901355598,155.3160491783691,125.43499999999986,95.5539508216306,0.0827623077898786,0.4764387798998569,21.7948717948718,8.632478632478524,104.2399999999994,113.71999999999971,407847612.0,417879140.2,-83.0,-142.411222503764,36.76033656883079,127.25,115.85,,,,0.0,0.0,0.0,0.0,0.0,0.0,,0.0,0.0,0.3315,0.0746,0.0,10.82,-0.2,0,False,0,False,False,False,True,1.090094020204074,False,False,True,False,True,True,False,False,False,False,False,False,False,False,False,False,False,False,10.0,25.0,44.27860696517413,0.0,-0.1512565787322435,False,False,False,False,True,False,False,-1.0,False,5,True,False,379.0858612572538,,3,False,3,False,True,False,True,"ema60_gt_ema120, market_above_ma60, avoid_chase, liquidity_ok, adx_trending",open_high_close_low,close_below_ema20,19.9,59.6,60.3,12.2,0.37,False,245,D
2026-07-31,19.25,19.65,19.25,19.4,1590404,31013947,2442,新美齊,,-0.0286778795126707,-0.0218628967045274,-0.0068149828081432,19.280778383536056,19.393949460832555,20.128480677768422,53.00465835206195,9.869837267644897,0.3570774471726126,1213863.1,23456885.7,19.8,19.0,-0.0801014173666498,0.0791208931305117,0.0025839793281652,0.0104166666666667,19.2,1.4793250621674874,19.68629775442393,19.31000000000004,18.933702245576143,0.6195861507833736,0.038974391965188,72.22222222222217,55.446623093682014,19.17999999999993,19.255000000000017,-45696371.0,-49415167.7,-27.77777777777782,43.52806414662196,48.26880380557415,19.5625,19.2,,,,0.0,0.0,0.0,0.0,0.0,0.0,,0.0,0.0,2.2009,-0.653,0.0,3.17,0.35,0,False,0,False,False,True,False,1.310200466592979,False,False,False,False,True,False,False,False,False,True,False,False,False,False,False,False,False,False,-10.0,0.0,2.061855670103104,8.0,1.0762303321049105,False,False,False,False,False,False,False,-1.0,False,3,False,False,239.0167686511888,,3,False,3,False,False,False,False,"market_above_ma60, avoid_chase, obv_uptrend",,,-55.6,39.0,18.8,42.4,0.33,False,59,D
2026-07-31,10.9,10.95,10.7,10.95,175590,1907793,2444,兆勁,,-0.525092822384341,-0.4593979526024469,-0.065694869781894,11.519222477925616,12.27718524955953,12.452215616722643,37.36052717333868,31.20766241187496,0.4684451760591113,382549.85,4512922.15,12.9,10.5,-0.9952754144502332,-0.2900848910356621,-0.0266666666666667,0.0428571428571427,10.5,0.9543450795043172,13.062090648651171,11.649999999999954,10.237909351348735,0.2521405581615557,0.2424189954766047,40.90909090909086,15.719696969696694,10.839999999999964,11.054999999999929,-2855643.0,-1202029.35,-75.6756756756757,-90.96300351261374,22.412874789248846,13.3,13.425,,,,0.0,0.0,0.0,0.0,0.0,0.0,,0.0,0.0,-0.326,-0.0796,0.0,2.44,-0.16,0,False,0,False,False,False,False,0.4589990036592617,False,False,True,False,True,False,False,False,True,False,False,False,False,False,False,False,False,False,0.0,0.0,17.8082191780822,0.0,-0.874776398185649,False,False,False,False,False,False,False,-1.0,False,4,False,False,234.0926732583648,,8,False,3,False,True,False,True,"market_above_ma60, avoid_chase, adx_trending, kd_golden_cross",,close_below_ema20,-125.1,13.1,17.7,12.2,-0.59,False,245,D
2026-07-31,50.0,50.0,50.0,50.0,158069,7903450,1595,川寶,,-7.259540430618891,-6.251993949215693,-1.0075464814031978,59.09465780149723,66.56604048953463,62.51718071896995,30.165140329017845,44.25856343637203,4.188630804073978,569157.15,35422405.95,79.1,45.5,-2.6287693734473554,-1.005625547106207,-0.0671641791044775,0.098901098901099,45.5,0.8480829960636896,79.54701786759566,60.76999999999998,41.99298213240431,0.2132132462155706,0.6179699808325055,33.557046979865774,17.518403259470386,49.57999999999993,52.68999999999996,36657691.0,39766720.0,-77.27272727272727,-91.51715776424588,14.55326666552233,84.15,75.125,,,,-20000.0,0.0,0.0,0.0,0.0,0.0,,0.0,0.0,0.279,0.0882,0.0,0.0,0.0,0,False,0,False,False,False,True,0.2777247022197647,False,False,True,False,True,False,False,False,True,False,False,False,False,False,False,False,False,False,0.0,0.0,58.19999999999999,0.0,-0.4117056728877876,False,False,False,False,False,False,False,-1.0,False,5,False,False,382.8367789475442,,8,False,3,False,True,False,True,"ema60_gt_ema120, market_above_ma60, avoid_chase, adx_trending, kd_golden_cross",,close_below_ema20,6.9,53.5,61.6,7.9,-0.88,False,127,X
2026-07-31,98.6,99.4,96.5,99.4,5392475,531144803,1785,光洋科,,-11.685651738996256,-9.983617134078465,-1.7020346049177937,113.74618974602966,125.794462305844,117.4179929020367,35.10780434574869,33.04879012931462,7.975315871826316,13108059.55,1671172801.1,156.0,90.4,-2.560996844102876,-0.6791462615760546,-0.0622641509433962,0.0995575221238938,90.4,0.7250163200050929,156.17275147312947,118.01000000000022,79.84724852687097,0.2561758615190038,0.6467714850119342,41.00418410041845,20.313775395433066,98.64000000000088,103.27000000000044,318460022.0,368885584.35,-73.79679144385024,-81.54366001549268,19.05832177045476,146.5,150.25,,,,566141.0,1.0,0.0,0.0,32251.0,1.0,,0.0,0.0,0.7084,-0.2332,0.0,0.0,0.0,0,False,0,False,False,False,True,0.4113862146743146,False,False,True,False,True,True,False,False,True,False,False,False,False,False,False,False,False,False,0.0,0.0,56.94164989939637,0.0,-0.7531018250968194,False,False,False,False,False,False,False,-1.0,False,6,False,False,425.0766402455813,,8,False,3,False,True,False,True,"ema60_gt_ema120, market_above_ma60, avoid_chase, liquidity_ok, adx_trending, kd_golden_cross",,close_below_ema20,88.1,75.0,72.1,6.2,-0.69,False,48,D
2026-07-31,66.2,66.3,64.5,66.3,14201482,934721010,1815,富喬,,-9.11954264286436,-7.16515466500386,-1.9543879778605,79.7134022209242,92.13334846805913,94.27542294026516,32.303212538844065,28.77622270433769,5.880164073122194,13646789.1,1136016679.9,101.5,60.3,-2.577546420200175,-0.6524006736650867,-0.1028416779431665,0.099502487562189,60.3,1.1181243334976332,107.48783620984554,82.81000000000003,58.13216379015452,0.165489310740032,0.5960110182307813,30.769230769230752,13.981940998070058,66.48000000000029,72.22000000000044,3424981386.0,3478593614.0,-79.54545454545456,-110.19300926070282,24.293394701199105,98.625,107.25,,,,-663842.0,0.0,-550300.0,0.0,333796.0,1.0,,0.0,0.0,0.4636,-0.0275,0.0,0.0,0.0,0,False,0,False,False,False,False,1.040646403775669,False,False,True,False,True,True,False,False,False,False,False,False,False,False,False,False,False,False,0.0,12.0,53.092006033182514,0.0,-0.8436423463623167,False,False,False,False,False,False,False,-1.0,False,4,False,False,302.2827558814089,,3,False,3,False,True,False,True,"market_above_ma60, avoid_chase, liquidity_ok, adx_trending",,close_below_ema20,-64.5,27.1,35.9,5.6,0.54,False,177,D
2026-07-31,50.3,50.3,49.25,49.65,8031,397919,1583,程泰,,-0.1439248210529626,-0.2066909374476706,0.0627661163947079,49.749119154301376,49.623747624769,49.01020180126368,48.8755720093587,10.890425015280758,1.3819293548730731,22699.55,1126187.0,51.2,48.8,0.0253351644039908,-0.0133426617923988,-0.007,0.001008064516129,49.6,0.9756193704791376,50.9645289050903,49.58500000000004,48.205471094909775,0.5235587669675211,0.0556429930458913,54.34782608695642,55.07246376811539,49.75,49.64500000000008,415950.0,513136.5,-54.92957746478875,13.157894736840424,53.90726297194565,53.125,53.5,,,,0.0,0.0,0.0,0.0,0.0,0.0,,0.0,0.0,-0.1132,0.7249,0.0,0.43,0.06,0,False,0,False,False,True,True,0.3537955598238732,False,False,False,False,True,False,False,False,False,False,False,False,False,False,False,False,True,True,0.0,0.0,3.1218529707955778,8.0,-0.2418110807012216,False,False,False,False,False,False,False,-1.0,False,4,False,False,213.6362226298241,,3,False,3,False,True,False,True,"ema60_gt_ema120, market_above_ma60, avoid_chase, mfi_strong",,close_below_ema20,-155.1,9.8,13.0,19.6,-0.7,False,51,D
2026-07-31,23.8,24.0,23.5,23.85,152478,3634076,1587,吉茂,,-1.107842672355936,-0.9835267762275072,-0.1243158961284289,25.394874230429885,28.23842704201205,31.72155102409616,33.13644581016334,27.225863811606374,0.8955085459955422,308753.45,7998671.05,28.8,23.25,-0.9549599139193158,-0.3723542632306916,-0.0324543610547666,0.0258064516129032,23.25,1.417441382347431,28.71629166637808,25.735000000000035,22.753708333622,0.1838618607400271,0.2316916002625244,28.333333333333385,19.74910394265256,24.1,24.54500000000008,1484026.0,3085900.15,-78.20512820512816,-110.59210818986624,17.102376369005228,28.7375,31.775,,,,0.0,0.0,0.0,0.0,0.0,0.0,,0.0,0.0,-0.1161,-0.1327,0.0,21.09,0.6,0,False,0,False,False,False,False,0.4938503521175229,False,False,True,False,True,False,False,False,True,False,False,False,False,False,False,False,False,False,10.0,12.0,20.75471698113207,0.0,-0.5801762656720072,False,False,False,True,False,False,False,-1.0,False,4,True,False,269.9763883331111,,3,False,3,False,True,False,True,"market_above_ma60, avoid_chase, adx_trending, kd_golden_cross",long_upper_shadow,close_below_ema20,-42.6,22.7,25.4,29.5,-0.58,False,44,D
2026-04-02,5.54,5.54,5.54,5.54,8432214,46714700,1589,永冠-KY,,-1.6474847343686685,-1.746216500941746,0.0987317665730775,8.060332438299326,11.93199942594532,15.09737170781024,24.03505353789108,38.86754201341754,0.6867603821919902,2095284.55,14583299.7,8.77,6.15,-0.7335134465837129,-2.041892835074827,-0.2767624020887729,-0.0991869918699187,6.15,1.123162066389619,8.983092366489211,7.3875,5.791907633510788,-0.0789385932150895,0.4319708606400573,0.0,4.477701538590736,6.465999999999985,7.085999999999967,-15873253.0,-4196761.95,-100.0,-181.9945965387737,20.13410560593421,16.6625,17.125,73624.87466666668,True,-0.0228127295812279,1521952.0,9.0,0.0,0.0,0.0,0.0,-0.2539496725075449,0.0,0.0,-0.0537,-0.0533,0.0,2.04,0.0,0,False,1,False,False,False,False,4.024376545896833,True,False,True,False,True,False,True,False,False,False,False,False,False,False,False,False,False,False,20.0,25.0,58.30324909747292,0.0,-2.0,True,False,False,False,False,False,False,-1.0,False,5,False,False,436.2437654589683,58.6,8,False,3,False,True,True,True,"volume_break, market_above_ma60, avoid_chase, foreign_buy_3d, adx_trending",,"close_below_ema20, close_below_swing_low",67.5,80.4,75.0,19.6,3.45,False,51,X
2026-07-31,1310.0,1370.0,1280.0,1325.0,1923066,2531331245,1590,亞德客-KY,,0.3773586548059029,3.924497227859967,-3.547138573054064,1359.53638562747,1337.7285145709322,1262.9473544514951,46.3562397154849,12.289645977768869,81.82215424392042,951198.5,1293431984.5,1440.0,1265.0,0.024793811152155,-0.1324022915897567,-0.0701754385964912,-0.0111940298507462,1340.0,1.4070008450549916,1459.202532242243,1358.5,1257.797467757757,0.3336685321903588,0.1482554762491616,27.027027027027028,35.69782406991726,1359.0,1375.0,32068665.0,33534504.35,-62.7906976744186,-57.72406049798536,47.55697306781777,1343.75,1340.0,,,,0.0,0.0,0.0,0.0,0.0,0.0,,0.0,0.0,0.4488,0.0008,0.0,80.69,-0.04,0,False,0,False,False,False,True,2.021729428715457,True,False,False,False,True,True,False,False,False,False,False,False,False,False,False,False,False,False,10.0,0.0,8.679245283018867,0.0,-0.9171241161583672,False,False,False,True,False,False,False,-1.0,False,5,True,False,279.21180489325417,,3,False,3,False,True,False,True,"ema60_gt_ema120, volume_break, market_above_ma60, avoid_chase, liquidity_ok",long_upper_shadow,close_below_ema20,-89.6,25.5,27.8,19.6,1.19,False,51,D
2026-07-31,111.5,114.0,109.5,114.0,980103,110258166,1597,直得,,-9.866043095384043,-8.139010518752734,-1.7270325766313093,128.1934674492558,137.51483629616246,127.89494422571212,38.53339581218041,20.59584917975402,9.62665912350376,1363353.75,185714940.05,157.0,104.0,-1.55415716896711,-0.8333046853351181,-0.0952380952380952,0.0961538461538462,104.0,0.7930423758859001,156.29584112592698,130.675,105.05415887407304,0.1745813316970735,0.3921307231823527,33.333333333333336,16.60879629629623,114.7,121.0,54714694.0,57313762.8,-68.0,-122.28571428571423,34.35168792008712,165.0,160.05,,,,0.0,0.0,0.0,0.0,0.0,0.0,,0.0,0.0,0.4525,-0.0417,0.0,8.52,1.28,0,False,0,False,False,False,True,0.7188911901991688,False,False,True,False,True,True,False,False,True,False,False,False,False,False,False,False,False,False,0.0,12.0,37.719298245614034,0.0,-0.1850308535879019,False,False,False,False,False,False,False,-1.0,False,6,False,False,451.9685416589368,,3,False,3,False,True,False,True,"ema60_gt_ema120, market_above_ma60, avoid_chase, liquidity_ok, adx_trending, kd_golden_cross",,close_below_ema20,83.2,84.3,79.0,19.6,-0.28,False,51,D
2026-07-31,28.65,29.1,28.65,29.0,226760,6553757,1603,華電,,-0.7970259596952225,-0.7270564579334342,-0.0699695017617882,29.629082880814373,31.06165018090048,32.67407322704867,41.91084937013099,27.65983596522381,0.8068843186108582,334409.45,10259684.35,32.9,28.0,-0.7796617876597715,-0.1375814446410839,-0.0051457975986277,0.0211267605633802,28.4,0.7634484420235041,33.187694395371025,29.97249999999985,26.757305604628684,0.3487649764816807,0.2145429574023646,74.99999999999996,51.29629629629623,28.64999999999964,28.85999999999968,5496199.0,6545703.95,-35.71428571428571,-48.87462264511432,28.694444615961785,31.7875,31.875,,,,0.0,0.0,0.0,0.0,0.0,0.0,,0.0,0.0,0.043,0.0878,0.0,1.67,0.23,0,False,0,False,False,False,False,0.6780908852904725,False,False,True,False,True,False,False,False,False,False,False,False,False,False,False,False,False,False,-10.0,0.0,13.448275862068964,0.0,-0.7781257513119999,False,False,False,False,False,False,False,-1.0,False,3,False,False,197.4433998371608,,5,False,3,False,True,False,True,"market_above_ma60, avoid_chase, adx_trending",,close_below_ema20,-83.7,18.8,10.2,6.2,-0.17,False,16,D
2026-07-31,20.3,20.7,20.0,20.1,452819,9165194,1598,岱宇,,0.0537210287618599,-0.026414222872893,0.0801352516347529,19.83503591352261,19.96214921078614,20.225309916317368,53.14785317740877,19.508802841191454,0.6989497637458975,438054.85,8995095.7,20.75,19.6,0.2318498419686205,-0.1083751436217272,0.0177215189873418,0.0151515151515151,19.8,2.769504992586972,20.54169947441911,19.69500000000007,18.84830052558103,0.7391639609070382,0.0859811601339464,39.62264150943401,44.025157232703954,20.00000000000018,19.915000000000056,3850339.0,585929.05,-56.140350877192944,113.75661375661365,69.37800991056343,20.4375,20.825,,,,0.0,0.0,0.0,0.0,0.0,0.0,,0.0,0.0,0.1656,0.0469,0.0,1.84,0.26,0,False,0,False,False,True,False,1.0337038843423376,False,False,False,False,True,False,False,False,False,True,False,False,False,False,False,False,True,True,0.0,0.0,3.2338308457711373,8.0,2.0,False,False,False,False,True,False,False,-1.0,False,4,True,False,332.3370388434234,,3,False,3,False,False,False,False,"market_above_ma60, avoid_chase, obv_uptrend, mfi_strong",open_high_close_low,,-11.5,46.7,44.6,33.3,0.06,False,15,D
2026-07-31,23.5,23.6,23.35,23.35,623299,14642502,1604,聲寶,,0.0047181204108426,0.0059433473178451,-0.0012252269070025,23.37288248552533,23.4459308058761,23.70636426171217,49.37035117407808,10.895458154891946,0.2654133776351143,521393.65,12217668.4,23.8,23.1,-0.0567124936489043,0.0328006517847848,0.0043010752688172,-0.0063829787234042,23.5,1.889176978494935,23.73724989989502,23.42500000000009,23.11275010010516,0.3799038846364319,0.0266595432140814,61.53846153846167,74.35897435897398,23.390000000000143,23.34500000000008,-6708594.0,-7789364.95,-38.46153846153833,3.159557661928937,44.59601459098658,23.3125,24.1,,,,0.0,0.0,0.0,0.0,0.0,0.0,,0.0,0.0,0.0676,0.0638,0.0,8.48,0.38,0,False,0,False,False,False,False,1.1954480074699796,False,False,False,False,True,False,False,False,False,True,False,False,False,False,False,False,False,True,0.0,0.0,1.9271948608137013,15.0,1.14827793618146,False,False,False,False,False,False,False,-1.0,False,3,False,False,250.73381530887733,,3,False,3,True,True,False,True,"market_above_ma60, avoid_chase, obv_uptrend",,"macd_death_cross, close_below_ema20",-30.4,37.5,21.3,6.2,1.24,False,16,D
2026-07-31,30.45,31.45,30.25,31.45,26265054,818448065,1605,華新,,-1.5377552114549928,-1.2378834880673817,-0.2998717233876113,32.88032336411932,34.44863119507361,34.02282636443771,42.962377374224864,18.88391634525912,1.9035437539286075,21761019.15,718903891.0,36.55,28.6,-0.9322243943630673,-0.2164268411132458,-0.0426179604261797,0.0996503496503495,28.6,0.9998510858443598,37.27798970081665,33.20000000000014,29.122010299183625,0.2854334943943403,0.2456620301696683,49.2063492063492,23.015873015873392,30.53000000000029,31.74000000000024,1338288012.0,1429211005.95,-56.33802816901412,-94.86780715396544,32.12324293354324,38.075,36.775,,,,0.0,0.0,0.0,0.0,0.0,0.0,,0.0,0.0,0.2934,-0.0423,0.0,14.49,-0.65,0,False,0,False,False,False,True,1.206977201708864,False,False,False,False,True,True,False,False,True,False,False,False,False,False,False,False,False,False,0.0,0.0,16.21621621621621,0.0,-0.6388615238420923,False,False,False,False,False,False,False,-1.0,False,5,False,False,334.4034337309836,,3,False,3,False,True,False,True,"ema60_gt_ema120, market_above_ma60, avoid_chase, liquidity_ok, kd_golden_cross",,close_below_ema20,53.2,81.2,45.3,6.2,1.27,False,16,D
2026-07-31,28.2,29.5,28.2,29.35,2752611,79791482,1608,華榮,,-1.5436550594269145,-1.150154039184749,-0.3935010202421654,30.88496810237493,32.67626180359904,33.21916623461444,39.49536148697836,29.826468707986308,1.2178186649166258,2863543.05,92498525.85,35.4,26.95,-1.3082591764750553,-0.1894054163949946,-0.0216666666666666,0.0890538033395176,26.95,0.5138301807632832,36.59760681470778,31.682499999999983,26.767393185292185,0.2627213316076582,0.3102726624924043,50.00000000000004,21.836781609195896,28.329999999999927,29.56000000000004,141654514.0,153516431.0,-62.41134751773048,-85.65934987676295,23.80644751947169,34.75,35.225,,,,0.0,0.0,0.0,0.0,0.0,0.0,,0.0,0.0,0.1335,-0.0149,0.0,2.14,0.21,0,False,0,False,False,False,False,0.961260561457248,False,False,True,False,True,True,False,False,True,False,False,False,False,False,False,False,False,False,0.0,0.0,20.613287904599648,0.0,-0.90673237149244,False,False,False,False,False,False,False,-1.0,False,5,False,False,368.7318171566632,,3,False,3,False,True,False,True,"market_above_ma60, avoid_chase, liquidity_ok, adx_trending, kd_golden_cross",,close_below_ema20,87.6,87.5,57.0,6.2,0.6,True,16,D
2026-07-31,33.6,34.75,33.6,33.85,4474094,152391507,1609,大亞,,-1.142275560689022,-0.501048451427654,-0.6412271092613681,36.45577542526927,36.93473421620442,37.040972343100265,39.30018139535611,19.844880551930125,1.7445005954615675,9321416.5,373363771.0,43.75,32.5,-1.168335545169803,0.0776087076639891,-0.0814111261872455,0.0415384615384615,32.5,0.3643553831128239,43.25205857446307,37.69499999999998,32.13794142553689,0.1540435962228928,0.2948432722887966,27.55905511811023,16.01049868766434,34.020000000000074,35.639999999999965,290368785.0,310009572.8,-77.41935483870968,-119.98940958432608,26.70963807612135,38.150000000000006,38.175,,,,0.0,0.0,0.0,0.0,0.0,0.0,,0.0,0.0,0.2267,0.0747,0.0,12.62,-0.23,0,False,0,False,False,False,False,0.4799800545335572,False,False,False,False,True,True,False,False,True,False,False,False,False,False,False,False,False,False,10.0,12.0,29.24667651403249,0.0,-0.3933761718755589,False,False,False,True,False,False,False,-1.0,False,4,True,False,292.0792864828289,,3,False,3,False,True,False,True,"market_above_ma60, avoid_chase, liquidity_ok, kd_golden_cross",long_upper_shadow,close_below_ema20,10.9,56.2,32.3,6.2,-0.7,False,16,D
2026-07-31,11.45,11.75,11.45,11.7,627866,7308944,1611,中電,,-0.3768478957872254,-0.2637044686783683,-0.1131434271088571,12.254626706108862,12.54518996522184,12.617401628192006,37.23974709085135,25.40363980231652,0.383477022776149,754694.1,9618491.3,13.85,11.35,-0.9431432632057232,0.1165133463974909,-0.025,0.0308370044052863,11.35,0.7018139027969725,13.889758828968498,12.477499999999988,11.065241171031476,0.224731761610632,0.2263688766128652,43.99999999999992,26.666666666666668,11.64999999999991,11.904999999999928,-3633487.0,-182658.45,-72.50000000000006,-95.2380952380952,22.03596364807312,13.2,13.0,,,,0.0,0.0,0.0,0.0,0.0,0.0,,0.0,0.0,-0.1141,-0.038,0.0,9.99,-0.11,0,False,0,False,False,False,False,0.8319476725735633,False,False,True,False,True,False,False,False,True,False,False,False,False,False,False,False,False,False,0.0,0.0,18.376068376068385,0.0,-0.9708490487345228,False,False,False,False,False,False,False,-1.0,False,4,False,False,236.66928814092137,,3,False,3,False,True,False,True,"market_above_ma60, avoid_chase, adx_trending, kd_golden_cross",,close_below_ema20,-44.5,31.2,18.3,6.2,0.25,False,16,D
2026-07-31,30.35,30.9,30.3,30.4,931629,28515838,1612,宏泰,,-1.5504817150748345,-1.5109027730705615,-0.0395789420042729,31.999387925274785,34.32689259303418,35.14393387790112,30.974198937423694,44.259813673768384,0.8893015475816072,1183354.45,37923756.65,35.1,29.6,-0.7969221172597074,-0.3538380838809619,-0.0209339774557166,0.0270270270270269,29.6,0.8847783971262232,35.12990624863147,31.92999999999984,28.730093751368205,0.2609304959084177,0.2004325868231537,45.61403508771923,29.239766081870886,30.289999999999782,30.74999999999982,71404821.0,77375307.75,-64.8648648648649,-74.12008281573503,28.495318772076217,38.35,38.45,,,,0.0,0.0,0.0,0.0,0.0,0.0,,0.0,0.0,-0.1128,0.0834,0.0,15.01,-0.23,0,False,0,False,False,False,False,0.7872780636435686,False,False,True,False,True,False,False,False,False,False,False,False,False,False,False,False,False,False,0.0,0.0,15.460526315789483,0.0,-0.8590132027901298,False,False,False,True,False,False,False,-1.0,False,3,True,False,172.56462220295413,,10,False,3,False,True,False,True,"market_above_ma60, avoid_chase, adx_trending",long_upper_shadow,close_below_ema20,-108.6,6.2,7.1,6.2,0.13,False,16,D
2026-07-31,31.55,31.55,31.1,31.35,13094,409087,1614,三洋電,,-0.2013195955721869,-0.1764432700032518,-0.024876325568935,31.415820688804992,31.745340888673105,32.35762944555336,47.57192172915449,16.66408617155259,0.4514509901585318,67774.2,2138282.3,32.4,30.95,-0.2198299290186724,0.0004125963836348,0.0080385852090032,0.012924071082391,30.95,0.7041451108497632,32.527027947541896,31.547500000000035,30.56797205245817,0.39918613323098,0.0620986098766533,73.33333333333343,57.77777777777798,31.15999999999985,31.125,-2835761.0,-3008860.25,-66.66666666666667,-25.138989605994933,48.59676132995697,32.0,32.175,,,,0.0,0.0,0.0,0.0,0.0,0.0,,0.0,0.0,-0.0265,0.0496,0.0,2.32,0.04,0,False,0,False,False,False,False,0.1932003623797846,False,False,False,False,True,False,False,False,True,True,False,False,False,False,False,False,False,True,-10.0,0.0,3.349282296650709,8.0,0.8594320923214264,False,False,False,False,False,False,False,-1.0,False,4,False,False,270.245188731655,,3,False,3,False,True,False,True,"market_above_ma60, avoid_chase, kd_golden_cross, obv_uptrend",,close_below_ema20,-10.9,50.0,25.5,6.2,-1.48,False,16,X
2026-07-31,42.7,42.7,41.8,42.0,114319,4811505,1615,大山,,-0.8539649129623115,-0.4257997181757242,-0.4281651947865872,43.8785450722517,44.72399400111532,45.55111217190123,32.02582504413523,24.427322487473145,1.2162459580851137,227012.5,10292796.25,47.35,41.75,-0.6041907527376583,0.0256648175932741,-0.0209790209790209,0.0059880239520957,41.75,0.7455924270294321,48.72119571061415,44.67749999999997,40.633804289385786,0.1689290946185844,0.1810170985670274,34.042553191489326,18.5270049099842,42.23999999999978,42.96999999999989,-363665.0,256472.25,-87.69230769230772,-90.55842383241364,42.1113335395623,44.900000000000006,46.375,,,,0.0,0.0,0.0,0.0,0.0,0.0,,0.0,0.0,0.2836,0.3201,0.0,0.91,0.1,0,False,0,False,False,False,False,0.5035801993282308,False,False,True,False,True,False,False,False,True,False,False,False,False,False,False,False,False,False,0.0,12.0,12.738095238095244,0.0,-0.8735677251776327,False,False,False,False,True,False,False,-1.0,False,4,True,False,301.5529892911508,,5,False,3,False,True,False,True,"market_above_ma60, avoid_chase, adx_trending, kd_golden_cross",open_high_close_low,close_below_ema20,20.4,68.8,35.4,6.2,-0.64,False,16,D
2026-07-31,18.35,18.7,18.35,18.55,354302,6545500,1616,億泰,,-1.0158424122618364,-0.8023661040537289,-0.2134763082081074,20.02135848095768,21.61032439234729,23.468725671717813,31.49188352234229,33.085421637851724,0.6814508881679606,719708.85,15107821.75,23.65,18.0,-1.387308611750558,-0.1998430263762293,-0.0338541666666666,0.0305555555555556,18.0,0.5697510152892084,24.000498706154143,20.522499999999944,17.044501293845745,0.2164317518994943,0.3389449342092054,35.71428571428571,24.606537530266603,18.55,19.18999999999996,23767531.0,26176760.8,-73.33333333333333,-97.44104167896012,15.802483855264484,22.5625,22.85,,,,0.0,0.0,0.0,0.0,0.0,0.0,,0.0,0.0,0.3205,0.2035,0.0,1.71,0.2,0,False,0,False,False,False,False,0.492285178930341,False,False,True,False,True,False,False,False,False,False,False,False,False,False,False,False,False,False,0.0,0.0,27.49326145552559,0.0,-0.5737164964362305,False,False,False,False,False,False,False,-1.0,False,3,False,False,228.03825383206865,,8,False,3,False,True,False,True,"market_above_ma60, avoid_chase, adx_trending",,close_below_ema20,-53.1,25.0,16.5,6.2,-0.67,False,16,D
2026-07-31,16.25,16.6,15.85,16.2,780479,12663202,1617,榮星,,-0.8434870736484861,0.0308326458082802,-0.8743197194567662,19.0331961900797,18.33123744958614,17.248148961188406,36.36120850220522,29.82484442743108,1.3325815908092316,1317896.35,29112884.9,26.7,15.5,-2.753714134407907,0.6752097457540095,-0.1074380165289256,0.0451612903225806,15.5,0.3171671891308046,27.76943985491385,21.00249999999988,14.235560145085898,0.1451497942225373,0.6443937488312359,12.844036697247695,7.434498718902735,16.639999999999965,17.89499999999989,6613557.0,11043310.7,-92.22222222222224,-106.99633699633696,25.74408607469408,16.0125,15.85,,,,0.0,0.0,0.0,0.0,0.0,0.0,,0.0,0.0,0.3958,0.0907,0.0,20.41,0.19,0,False,0,False,False,False,True,0.5922157687135259,False,False,True,False,True,False,False,False,True,False,False,False,False,False,False,False,False,False,20.0,12.0,64.81481481481481,0.0,-1.589715496629937,False,False,True,True,True,False,False,-1.0,False,6,True,False,468.845571727576,,3,False,3,False,True,False,True,"ema60_gt_ema120, market_above_ma60, avoid_chase, adx_trending, kd_golden_cross, above_ichimoku_cloud","long_upper_shadow, open_high_close_low",close_below_ema20,187.7,93.8,81.6,6.2,-0.4,True,16,D
2026-07-31,37.5,38.2,37.5,38.1,389038,14751113,1618,合機,,-0.866033609116478,-0.8145727324454581,-0.0514608766710198,38.62177756902768,39.86905220128349,40.84546617241588,45.21405622531411,21.66806878063208,1.3011270668466093,841832.85,32733124.55,42.2,36.5,-0.4888619438471165,-0.078243557413794,-0.0103896103896103,0.0438356164383562,36.5,0.6595468625012624,41.69587255288633,38.73000000000011,35.76412744711389,0.3937917950339725,0.153156341486507,61.64383561643838,34.2465753424652,37.62000000000008,37.98500000000004,51984504.0,53972370.8,-38.35616438356162,-48.88888888888901,28.213512170935417,42.425,42.15,,,,0.0,0.0,0.0,0.0,0.0,0.0,,0.0,0.0,-0.3772,-0.4741,0.0,1.37,-0.1,0,False,0,False,False,False,False,0.4621321204084635,False,False,True,False,True,False,False,False,True,False,False,False,False,False,True,False,False,False,0.0,0.0,10.76115485564305,0.0,-0.2728530310696074,False,False,False,False,False,False,False,-1.0,False,5,False,False,301.34708483124933,,3,False,3,False,True,False,True,"market_above_ma60, avoid_chase, adx_trending, kd_golden_cross, williams_r_recovery",,close_below_ema20,20.2,62.5,35.2,6.2,-0.75,False,16,D
2026-07-31,212.0,213.5,208.5,213.5,82336,17373911,1623,大東電,,-2.87218121996699,-1.2330387043262037,-1.6391425156407862,218.62506014160928,221.48764857557688,223.1700168853565,44.64284733197718,15.141241441640329,8.14913897101959,416043.8,94522343.85,235.0,205.0,-0.4777932110035153,-0.1244422049071367,-0.0251141552511415,0.0414634146341463,205.0,0.3847566228819638,239.6478772276868,222.425,205.2021227723132,0.2408969511304261,0.1548645811189102,43.58974358974359,19.29181929181929,212.9,216.4,-901932.0,-261066.3,-77.02702702702703,-100.74801309022908,38.234320271483455,219.0,220.25,,,,0.0,0.0,0.0,0.0,0.0,0.0,,0.0,0.0,0.1363,0.6933,0.0,1.76,-0.43,0,False,0,False,False,False,False,0.1979022401006817,False,False,False,False,True,True,False,False,True,False,False,False,False,False,False,False,False,False,0.0,0.0,10.070257611241216,0.0,-1.074780551767452,False,False,False,False,False,False,False,-1.0,False,4,False,False,259.0816557797974,,3,False,3,False,True,False,True,"market_above_ma60, avoid_chase, liquidity_ok, kd_golden_cross",,close_below_ema20,-22.1,43.8,23.7,6.2,-1.47,False,16,X
2026-07-31,9.65,9.92,9.6,9.91,114547,1111938,1626,艾美特-KY,,-0.1682873320821336,-0.104080486389556,-0.0642068456925776,10.133380756520632,10.319023297109268,10.549534914072389,43.435135541661786,27.245319309029323,0.3372277379559421,83361.6,878030.15,11.35,9.57,-0.7125198064048,-0.0015480771389341,-0.009,0.0355276907001045,9.57,0.7618353410976104,11.25665474937459,10.300999999999998,9.345345250625408,0.2954282128269231,0.1855460148285781,56.0606060606062,24.3236458148743,9.863999999999942,9.947000000000026,4695198.0,4959441.1,-73.75886524822688,-85.5733887951443,48.12068667489071,9.9,10.8,,,,0.0,0.0,0.0,0.0,0.0,0.0,,0.0,0.0,0.0504,-0.0631,0.0,43.87,0.03,0,False,0,False,False,False,False,1.374097905990288,False,False,True,False,True,False,False,False,True,False,False,False,False,False,False,False,False,False,0.0,0.0,14.530776992936422,0.0,-0.1793325929771166,False,False,False,False,False,False,False,-1.0,False,4,False,False,301.58898794417746,,3,False,3,False,True,False,True,"market_above_ma60, avoid_chase, adx_trending, kd_golden_cross",,close_below_ema20,20.4,75.0,35.4,6.2,1.72,False,16,D
2026-07-31,34.2,34.5,33.7,33.75,247854,8411286,1702,南僑,,0.3917875729405722,0.3682996314962686,0.0234879414443035,33.3150543740971,33.267071657739464,34.369519302827285,57.8697359580391,27.406237547085777,0.5638951630955484,420882.25,14078637.6,34.2,33.25,0.1289836086043236,0.0333080496810719,0.0119940029985006,-0.0131578947368421,34.2,1.278664330478873,34.397837866572225,33.44500000000007,32.49216213342792,0.6600482152840809,0.0569793910343639,50.0,75.33333333333333,33.72000000000007,33.65500000000011,-21577612.0,-22931006.95,-36.58536585365859,91.63260916326054,63.24653991677066,31.6625,34.15,,,,0.0,0.0,0.0,0.0,0.0,0.0,,0.0,0.0,0.0276,-0.007,0.0,8.71,0.3,0,False,0,False,False,True,False,0.5888915486457317,False,True,True,False,True,False,False,False,False,True,False,False,False,False,False,False,True,True,0.0,0.0,1.3333333333333417,15.0,1.0643798787143055,False,False,False,False,False,False,False,-1.0,False,6,False,False,463.661474031029,,5,False,3,False,False,False,False,"rsi_strong, market_above_ma60, avoid_chase, adx_trending, obv_uptrend, mfi_strong",,,123.4,82.6,80.9,39.1,-0.79,False,23,D
2026-07-31,48.45,49.0,47.1,48.25,3174675,152515065,1708,東鹼,,-0.7591040805599718,0.5658461474502542,-1.324950228010226,51.85093203198707,48.98923652042461,44.76417421748622,40.74015707541204,24.58791238505692,2.7550560885441984,7293948.8,415198050.95,61.7,46.2,-1.3347584635650724,0.6960067809041105,-0.0844402277039848,0.0443722943722943,46.2,0.380344158729531,63.186889480221225,54.46000000000004,45.73311051977885,0.1442031256340237,0.3204880455461323,21.717171717171706,10.942760942760891,48.8,51.05,261433591.0,276759176.4,-82.37704918032787,-120.27365463319272,33.854376422750974,47.65,45.45,,,,0.0,0.0,0.0,0.0,0.0,0.0,,0.0,0.0,0.0325,-0.0359,0.0,9.77,-0.29,0,False,0,False,False,False,True,0.4352477768969258,False,False,True,False,True,True,False,False,True,False,False,False,False,False,False,False,False,False,10.0,12.0,27.87564766839379,0.0,-0.1829400512451455,False,False,True,True,True,False,False,-1.0,False,7,True,False,499.15719715402753,,3,False,3,False,True,False,True,"ema60_gt_ema120, market_above_ma60, avoid_chase, liquidity_ok, adx_trending, kd_golden_cross, above_ichimoku_cloud","long_upper_shadow, open_high_close_low",close_below_ema20,39.4,100.0,85.7,25.0,0.61,True,4,D
2026-07-31,91.7,91.9,89.3,89.3,896270,80962297,1707,葡萄王,,-1.779071365738602,-2.058720988302678,0.2796496225640759,91.93785958059487,98.38064089486996,105.88794376820626,32.62396930583552,34.6186041205021,1.5973739240654816,486806.25,44512279.8,93.2,90.6,-0.1102518962734051,-0.3624619560231694,-0.0240437158469946,-0.0197585071350164,91.1,0.695977667944334,93.17650496777046,91.39000000000031,89.6034950322302,-0.0849409986833167,0.0390962899172802,0.0,19.04761904761896,90.54000000000087,90.97000000000044,-13854096.0,-13473066.55,-100.0,-148.8914373088682,38.79175076880532,101.125,108.75,,,,0.0,0.0,0.0,0.0,0.0,0.0,,0.0,0.0,-0.0724,0.0406,0.0,14.4,0.21,0,False,0,False,False,False,False,1.841122623220224,True,False,True,False,True,False,False,False,False,False,False,False,False,False,False,False,False,False,20.0,25.0,4.367301231802919,0.0,-0.1158691398806163,False,False,False,False,False,False,False,-1.0,False,4,False,False,312.02079655363485,,8,False,3,False,True,True,True,"volume_break, market_above_ma60, avoid_chase, adx_trending",,"close_below_ema20, close_below_swing_low",-20.2,40.6,38.8,9.4,1.4,False,32,D
2026-07-31,23.5,23.65,22.7,23.1,2532792,58446518,1709,和益,,0.4079104381179732,1.0675881628226866,-0.6596777247047134,24.79292763278822,22.65416238191177,20.82880882825541,43.0251820887808,36.912942529096114,1.3434931501351848,6250099.8,164224371.45,28.1,22.55,-0.1238734181838652,0.7164138670040184,-0.12,0.024390243902439,22.55,0.4925277827196809,29.009225484844222,25.63250000000003,22.25577451515583,0.1250065320135318,0.2634721923217941,9.090909090909102,6.000600060006036,24.030000000000108,25.58000000000002,40602566.0,51231946.55,-90.90909090909088,-115.39328375028197,46.96323910639687,20.7,20.0,,,,0.0,0.0,0.0,0.0,0.0,0.0,,0.0,0.0,0.7014,0.1417,0.0,7.83,0.87,0,False,0,False,False,True,True,0.405240249123702,False,False,True,False,True,True,False,False,True,False,False,False,False,False,False,False,False,False,20.0,12.0,21.645021645021643,0.0,-0.5355599252139258,False,False,True,False,True,False,False,-1.0,False,7,True,False,564.6256833886699,,8,False,3,False,True,False,True,"ema60_gt_ema120, market_above_ma60, avoid_chase, liquidity_ok, adx_trending, kd_golden_cross, above_ichimoku_cloud",open_high_close_low,close_below_ema20,232.4,96.9,91.9,9.4,-0.71,True,32,D
2026-07-31,13.4,13.5,12.9,12.9,6635593,86995046,1710,東聯,,-0.5188017130370319,0.0344727581108042,-0.5532744711478361,15.12702802416372,14.84774921486567,14.227037943589988,37.45317519499967,18.436140098735507,1.1354234438900626,14222448.55,239357185.45,18.85,12.7,-1.604669809358349,0.481957512014913,-0.1809523809523809,0.0157480314960631,12.7,0.4455904235203363,19.47819953690445,15.980000000000018,12.481800463095585,0.059773539572657,0.4378222198879136,6.666666666666672,5.919540229885267,13.440000000000056,14.970000000000027,206536768.0,240838951.65,-93.33333333333331,-144.69971785570326,43.338864422020166,13.9125,14.025,,,,0.0,0.0,0.0,0.0,0.0,0.0,,0.0,0.0,-0.1818,0.1707,0.0,4.86,-1.21,0,False,0,False,False,False,True,0.4665577081662214,False,False,False,False,True,True,False,False,True,False,False,False,False,False,False,False,False,False,20.0,25.0,46.124031007751945,0.0,-0.7066017848497809,False,False,False,False,True,False,False,-1.0,False,5,True,False,286.18635566346484,,3,False,3,False,True,False,True,"ema60_gt_ema120, market_above_ma60, avoid_chase, liquidity_ok, kd_golden_cross",open_high_close_low,close_below_ema20,-46.0,34.4,30.0,9.4,-0.62,False,32,D
2026-07-31,31.7,31.9,31.1,31.8,4190036,132191015,1711,永光,,-3.6376116180012303,-2.798879060827092,-0.8387325571741382,37.55122781860268,41.67867536321134,39.40784395608495,31.82080772859456,22.05695727142502,2.694522586290487,7238978.1,292110129.9,47.35,29.2,-2.18851418696862,-0.726838000761087,-0.1079943899018232,0.089041095890411,29.2,0.9709584684380024,49.04308484542399,38.9599999999999,28.87691515457581,0.1449499280347097,0.5176121583893283,29.126213592233007,15.049577042125748,32.09999999999982,34.58999999999978,729103749.0,761895896.7,-81.07255520504731,-115.94092182327478,29.657655243946948,45.925,51.075,,,,0.0,0.0,0.0,0.0,0.0,0.0,,0.0,0.0,0.1549,-0.0395,0.0,6.07,1.26,0,False,0,False,False,False,True,0.5788159519366415,False,False,True,False,True,True,False,False,True,False,False,False,False,False,False,False,False,False,10.0,12.0,48.89937106918239,0.0,-1.2952774552486932,False,False,False,False,False,False,False,-1.0,False,6,False,False,447.24483005638206,,3,False,3,False,True,False,True,"ema60_gt_ema120, market_above_ma60, avoid_chase, liquidity_ok, adx_trending, kd_golden_cross",,close_below_ema20,115.0,78.1,77.8,9.4,-0.45,False,32,D
2026-07-31,39.95,40.0,38.9,39.0,1372542,53934846,1712,興農,,-0.108652821297241,-0.1002027908852986,-0.0084500304119423,39.41017629008986,40.10640644391993,41.19367956435907,43.89535080761088,19.726838204338755,0.616858961709576,910474.85,35853324.75,40.25,38.85,-0.0808425142875736,-0.0639577578736348,-0.0025575447570332,-0.0188679245283018,39.75,1.1310735556211924,40.16564084081976,39.4875,38.80935915918024,0.1405613917820581,0.034347114444812,27.77777777777782,44.44444444444465,39.32000000000007,39.36000000000004,-13892519.0,-13193915.35,-72.22222222222217,-54.42176870748,31.935966297033644,39.675,40.75,,,,0.0,0.0,0.0,0.0,0.0,0.0,,0.0,0.0,0.0408,-0.0159,0.0,13.4,0.23,0,False,0,False,False,False,False,1.5075012780418922,True,False,False,False,True,False,False,False,False,False,False,False,False,False,False,False,False,False,10.0,12.0,3.205128205128205,8.0,-0.2886635447730957,False,False,False,False,False,False,False,-1.0,False,3,False,False,211.61105024314176,,3,False,3,True,True,False,True,"volume_break, market_above_ma60, avoid_chase",,"macd_death_cross, close_below_ema20",-120.6,12.5,12.4,9.4,0.91,False,32,D
2026-07-31,46.6,47.0,46.05,46.1,189745,8786942,1713,國化,,-0.6138725358272055,-0.4246112296418646,-0.1892613061853408,47.72599852165106,48.196627478245055,48.1074624626506,31.012671753076816,32.123003308068554,0.7998426231349761,186140.5,8912983.65,49.65,46.15,-0.2517136247638279,-0.011447956421445,-0.0435684647302905,-0.0010834236186347,46.15,0.7043056476648548,49.68023637936084,47.842500000000015,46.0047636206392,0.0259113277699627,0.0768244292986704,2.0000000000001705,5.428571428571256,46.85,47.375,4740451.0,5631119.7,-97.99999999999984,-177.02448210922822,34.63635874211339,49.5,48.8,,,,0.0,0.0,0.0,0.0,0.0,0.0,,0.0,0.0,-0.0768,-0.4215,0.0,1.2,-0.13,0,False,0,False,False,False,True,1.0193644048447277,False,False,True,False,True,False,False,False,False,False,False,False,False,False,False,False,False,False,20.0,25.0,7.700650759219083,0.0,-0.9537738770345144,False,False,False,False,False,False,False,-1.0,False,4,False,False,293.74835752403305,,5,False,3,False,True,True,True,"ema60_gt_ema120, market_above_ma60, avoid_chase, adx_trending",,"close_below_ema20, close_below_swing_low",-38.5,37.5,32.7,9.4,0.19,False,32,D
2026-07-31,13.85,13.85,12.75,13.05,14765765,192994075,1714,和桐,,-0.879029485096547,-0.3439241478493359,-0.535105337247211,15.233362916481015,14.515063186608328,12.768274544712098,36.00933927559964,20.617100827759607,1.1321161565877509,30484096.2,552473307.25,22.75,12.6,-2.4119328446928208,1.1207438976586297,-0.1241610738255033,0.0357142857142858,12.6,0.4556958222251049,21.1058818313946,16.129999999999974,11.154118168605352,0.1905071197061845,0.6169723287532091,16.216216216216257,10.736856259244329,13.389999999999963,14.319999999999936,-74255664.0,13170162.0,-88.34951456310677,-103.82536556752012,19.071371268185217,16.0,14.86,,,,0.0,0.0,0.0,0.0,0.0,0.0,,0.0,0.0,0.7341,-0.1159,0.0,19.23,1.06,0,False,0,False,False,False,True,0.4843760137458167,False,False,True,False,True,True,False,False,True,False,False,False,False,False,False,False,False,False,20.0,12.0,74.3295019157088,0.0,-0.672514496487905,False,False,False,False,True,False,False,-1.0,False,6,True,False,463.7735861796033,,3,False,3,False,True,False,True,"ema60_gt_ema120, market_above_ma60, avoid_chase, liquidity_ok, adx_trending, kd_golden_cross",open_high_close_low,close_below_ema20,131.6,84.4,81.0,9.4,-0.59,False,32,D
2026-07-31,60.0,60.9,59.4,59.9,11038670,663447115,1717,長興,,-4.508679046661214,-3.635283433035112,-0.8733956136261023,64.43307593342789,69.50312508206176,67.05550038224442,39.942784125957154,28.27394324602534,4.327604267230697,21791052.45,1614401779.9,85.4,54.8,-2.07117878830498,-0.466358614611368,-0.004983388704319,0.0754039497307001,55.7,0.6740976666402828,84.19561727275108,67.18500000000003,50.17438272724898,0.2858690286427841,0.5063814027759482,58.19672131147541,31.23501006896004,57.89999999999964,59.97000000000007,1612263886.0,1651672780.5,-64.6766169154229,-67.90799561883894,23.849400777978914,74.525,77.95,,,,0.0,0.0,0.0,0.0,0.0,0.0,,0.0,0.0,0.1621,-0.0076,0.0,10.38,-0.41,0,False,0,False,False,False,True,0.5065689243476628,False,False,True,False,True,True,False,False,False,False,False,False,False,False,False,False,False,False,0.0,0.0,42.57095158597664,0.0,-0.6596003696893069,False,False,False,True,True,False,False,-1.0,False,5,True,False,347.150484807205,,3,False,3,False,True,False,True,"ema60_gt_ema120, market_above_ma60, avoid_chase, liquidity_ok, adx_trending","long_upper_shadow, open_high_close_low",close_below_ema20,14.9,56.2,49.5,9.4,-0.56,False,32,D
2026-07-31,9.19,9.31,8.64,8.73,41470235,365389998,1718,中纖,,-0.5737784960473,0.1601751524695622,-0.7339536485168623,11.27240890925544,10.383360158059274,9.17925457904174,31.674130956296835,30.64685778746145,0.8959221766287745,51182596.6,685714509.3,15.2,8.64,-3.064948149420736,1.3546871365104474,-0.2063636363636363,0.0104166666666667,8.64,0.5257256662223996,17.074640496435332,12.622500000000002,8.170359503564672,0.0628507228021456,0.7054292725585787,2.6119402985074736,3.1046689628777435,9.309999999999944,10.744999999999958,462426159.0,684355491.55,-97.79874213836476,-134.88033954078418,12.39319535185075,9.01,8.5,,,,0.0,0.0,0.0,0.0,0.0,0.0,,0.0,0.0,0.0192,0.0889,0.0,8.39,0.57,0,False,0,False,False,False,True,0.8102409364670646,False,False,True,False,True,True,False,False,False,False,False,False,False,False,False,False,False,False,20.0,25.0,74.11225658648337,0.0,-0.752204823490567,False,False,False,False,True,False,False,-1.0,False,5,True,False,384.0759514827838,,8,False,3,False,True,False,True,"ema60_gt_ema120, market_above_ma60, avoid_chase, liquidity_ok, adx_trending",open_high_close_low,close_below_ema20,51.9,65.6,61.9,9.4,-0.12,False,32,D
2026-07-31,58.0,58.3,56.5,56.7,439796,25120402,1720,生達,,-1.615421017444049,-0.9501794248594662,-0.6652415925845832,60.311422594997325,61.69133656991885,61.64137099014393,27.72829423338601,28.604147423488183,1.2680071219808078,393605.05,23875471.2,64.5,56.1,-0.7646964089632996,-0.0317233681258137,0.0035398230088496,-0.0139130434782608,57.5,1.1535272563627328,68.04524180818794,61.479999999999926,54.91475819181192,0.1359616188059953,0.2135732533567995,11.627906976744194,18.72706617093112,57.34000000000015,59.03999999999997,-2328614.0,-1621219.8,-88.63636363636364,-92.28466021493888,53.42338324544056,62.475,62.15,,,,0.0,0.0,0.0,0.0,0.0,0.0,,0.0,0.0,0.0911,0.0586,0.0,5.59,0.48,0,False,0,False,False,False,True,1.1173535502148664,False,False,True,False,True,False,False,False,False,False,False,False,False,False,False,False,True,False,20.0,12.0,13.756613756613753,0.0,-0.790282278725905,False,False,False,False,False,False,False,-1.0,False,5,False,False,383.69014815743776,,5,False,3,False,True,False,True,"ema60_gt_ema120, market_above_ma60, avoid_chase, adx_trending, mfi_strong",,close_below_ema20,89.7,77.4,61.7,13.2,0.67,False,53,D
2026-07-31,18.95,19.5,18.95,19.2,471070,9023737,1721,三晃,,-1.5906402152146164,-1.3062659820830214,-0.284374233131595,21.46766590622219,23.228482682811,22.119507042720976,37.78029024042929,23.37788873811975,1.5053169439754828,2050244.6,51074921.3,29.05,18.1,-1.9358882664637893,-0.7655858685802,-0.0565110565110565,0.0607734806629833,18.1,0.2764193358224288,27.66321989277041,22.2150000000001,16.76678010722979,0.2233041195711511,0.4904992025901676,30.379746835443022,16.97046413502115,19.360000000000035,20.05500000000011,151112604.0,155156837.2,-79.4871794871795,-94.99247797120144,31.875653701566563,25.45,26.65,,,,0.0,0.0,0.0,0.0,0.0,0.0,,0.0,0.0,0.0868,0.1865,0.0,1.3,0.11,0,False,0,False,False,False,True,0.2297628292741266,False,False,True,False,True,True,False,False,True,False,False,False,False,False,False,False,False,False,0.0,0.0,51.30208333333335,0.0,-0.4728153793301692,False,False,False,False,False,False,False,-1.0,False,6,False,False,391.6238437407792,,3,False,3,False,True,False,True,"ema60_gt_ema120, market_above_ma60, avoid_chase, liquidity_ok, adx_trending, kd_golden_cross",,close_below_ema20,59.4,71.9,64.1,9.4,-0.97,False,32,X
2026-07-31,46.2,46.5,45.8,45.8,3456093,159417109,1722,台肥,,-0.4947113156590461,-0.3149960906062433,-0.1797152250528028,46.73675243234566,47.04107512613498,47.17697674382303,39.417188837872864,16.892587432756358,0.8123627990594431,2312557.05,108818358.9,48.95,45.3,-0.3421017073075806,0.0188295483817797,-0.0139935414424112,0.0,45.8,0.7883180051138803,49.07171070127856,47.09249999999984,45.11328929872112,0.1734809489548562,0.0840563020132175,26.08695652173892,17.62252776745542,45.929999999999566,46.26999999999989,-39761369.0,-32027253.25,-81.81818181818197,-96.8501211491864,36.98256923125656,47.85,48.025,,,,0.0,0.0,0.0,0.0,0.0,0.0,,0.0,0.0,-0.1047,-0.1525,0.0,8.79,0.2,0,False,0,False,False,False,False,1.4944898332346008,False,False,False,False,True,True,False,False,False,False,False,False,False,False,False,False,False,False,10.0,12.0,6.877729257641935,0.0,-0.9994212123397296,False,False,False,False,False,False,False,-1.0,False,3,False,False,144.95184378426927,,3,False,3,False,True,False,True,"market_above_ma60, avoid_chase, liquidity_ok",,close_below_ema20,-187.3,3.1,3.8,9.4,0.89,False,32,D
2026-07-31,86.0,86.4,81.3,81.3,1077580,89139806,1723,中碳,,-0.242249673932136,0.4103080332392808,-0.6525577071714168,85.19921616983225,83.84061786429434,81.7913116351945,42.30959114505593,16.360568757612597,3.585257468457759,1004822.85,86841562.7,89.7,82.3,-0.0111292596595472,0.1216971007314359,-0.0771850170261067,-0.0344418052256533,84.2,0.8127420630023513,90.40940497349553,85.61999999999989,80.83059502650427,0.0490045189426866,0.1118758461456582,8.080808080808048,20.41467304625136,83.6,85.72999999999993,-23254429.0,-20924575.8,-93.38842975206614,-91.23039540534606,56.92122426363669,85.95,84.15,,,,0.0,0.0,0.0,0.0,0.0,0.0,,0.0,0.0,0.3212,0.0592,0.0,9.17,-0.17,0,False,0,False,False,False,True,1.0724079373792108,False,False,False,False,True,True,False,False,False,False,False,False,False,False,False,False,True,False,20.0,25.0,10.332103321033218,0.0,-1.3618438755841125,False,False,False,False,True,False,False,-1.0,False,5,True,False,359.38195286678274,,3,False,3,False,True,True,True,"ema60_gt_ema120, market_above_ma60, avoid_chase, liquidity_ok, mfi_strong",open_high_close_low,"close_below_ema20, close_below_swing_low",27.2,62.5,54.1,9.4,0.27,False,32,D
2026-07-31,29.85,30.0,29.5,29.9,43002,1281007,1725,元禎,,-1.073494392466177,-1.0443462774785517,-0.0291481149876253,30.46435388596454,31.49186697138382,30.98899840049885,44.59181867668161,23.78279991088214,1.2981535738096577,143744.75,4587179.0,36.0,28.75,-0.8875346100907665,-0.0812646212582115,0.0135593220338983,0.04,28.75,0.6994750900996396,34.80668548168989,30.617500000000017,26.428314518310145,0.4143628274355392,0.273646475492112,74.41860465116274,41.085271317828905,29.27000000000008,29.40500000000002,-1609027.0,-1133792.15,-36.000000000000085,-38.54660347551328,40.04896851028287,37.7625,37.55,,,,0.0,0.0,0.0,0.0,0.0,0.0,,0.0,0.0,-0.2387,-0.2417,0.0,0.41,0.04,0,False,0,False,False,False,True,0.2991552734969451,False,False,True,False,True,False,False,False,True,False,False,False,False,False,True,False,False,False,-10.0,0.0,20.401337792642146,0.0,-0.394532548555052,False,False,False,True,False,False,False,-1.0,False,6,True,False,348.2571621523088,,3,False,3,False,True,False,True,"ema60_gt_ema120, market_above_ma60, avoid_chase, adx_trending, kd_golden_cross, williams_r_recovery",long_upper_shadow,close_below_ema20,-111.5,25.0,50.1,25.0,-0.51,False,4,X
2026-07-31,78.1,78.1,77.5,78.1,13092,1020244,1726,永記,,-0.2020255490324984,-0.1868086036667897,-0.0152169453657086,77.82900318668524,77.65100459737558,76.98449293993912,51.399652675626655,24.39758617211484,1.0362777238044718,58597.95,4589403.45,80.5,75.4,-0.1249151676530804,0.0318692611186352,0.0276315789473684,0.0038560411311052,77.8,0.979337029696966,80.93282904284756,78.0550000000001,75.17717095715265,0.5078183935407371,0.07373849318679,73.68421052631577,56.745311554748696,77.68000000000029,77.16000000000022,718098.0,625338.45,-51.724137931034505,-3.449125400345986,74.91967634631825,78.2,77.55000000000001,,,,0.0,0.0,0.0,0.0,0.0,0.0,,0.0,0.0,-0.0559,-0.0974,0.0,12.7,0.06,0,False,0,False,False,True,True,0.223420785198117,False,False,True,False,True,False,False,False,True,True,False,False,False,False,False,False,True,True,-10.0,0.0,3.072983354673503,8.0,0.5513229655027666,False,False,False,False,False,False,False,-1.0,False,7,False,False,481.8500834380144,,5,False,3,False,False,False,False,"ema60_gt_ema120, market_above_ma60, avoid_chase, adx_trending, kd_golden_cross, obv_uptrend, mfi_strong",,,22.1,75.0,83.7,25.0,-1.14,True,4,X
2026-07-31,68.5,68.5,66.4,67.8,1964196,132419451,1727,中華化,,-6.139467854057429,-3.96183940848907,-2.177628445568359,78.90644034704144,81.3347443235847,73.12568738030309,35.27788413359431,27.80343003769536,5.728008919908668,3855148.65,337798353.25,101.5,62.3,-2.099258648193413,-0.1933031739604079,-0.1078947368421052,0.0882825040128409,62.3,0.5312374115652644,103.23088346700922,82.45999999999985,61.68911653299048,0.1471021556862398,0.5037808262675093,27.60180995475111,11.957432545667569,68.51999999999971,73.63999999999979,241777237.0,254706135.45,-81.05590062111803,-118.394388152767,27.318649859827715,95.225,81.95,,,,0.0,0.0,0.0,0.0,0.0,0.0,,0.0,0.0,0.1924,-0.0124,0.0,4.37,0.48,0,False,0,False,False,False,True,0.5094994196916376,False,False,True,False,True,True,False,False,True,False,False,False,False,False,False,False,False,False,10.0,12.0,49.70501474926255,0.0,-0.5025735062384366,False,False,False,False,True,False,False,-1.0,False,6,True,False,461.0641121220551,,3,False,3,False,True,False,True,"ema60_gt_ema120, market_above_ma60, avoid_chase, liquidity_ok, adx_trending, kd_golden_cross",open_high_close_low,close_below_ema20,128.8,81.2,80.5,9.4,-0.56,False,32,D
2026-07-31,20.45,20.6,20.45,20.55,54291,1114690,1731,美吾華,,-0.1833813040882859,-0.2056934662820375,0.0223121621937516,20.70778465501946,21.11423522678094,21.393002678801764,38.081998556453456,37.93425730271004,0.1885187525889582,177254.3,3650040.55,20.85,20.5,-0.0466271307205011,-0.1047796281079576,0.0,0.0024390243902439,20.5,0.5384998219343212,20.79675564036817,20.625,20.45324435963183,0.2816665588412923,0.0166550923993375,50.00000000000059,35.714285714286234,20.56000000000004,20.58500000000004,-308316.0,-871463.5,-62.49999999999967,-100.78594544613247,61.791779975703136,21.5875,21.575,,,,0.0,0.0,0.0,0.0,0.0,0.0,,0.0,0.0,0.0249,-0.0385,0.0,0.93,0.02,0,False,0,False,False,False,False,0.3062887614009928,False,False,True,False,True,False,False,False,True,True,False,False,False,False,False,False,True,False,0.0,0.0,1.4598540145985437,15.0,1.2611478522424002,False,False,False,False,False,False,False,-1.0,False,6,False,False,483.1966618409188,,5,False,3,False,True,False,True,"market_above_ma60, avoid_chase, adx_trending, kd_golden_cross, obv_uptrend, mfi_strong",,close_below_ema20,189.3,88.7,84.1,13.2,-0.9,False,53,D
2026-07-31,51.0,51.4,51.0,51.2,29151,1494742,1730,花仙子,,-0.3604898355675416,-0.3762323554659032,0.0157425198983615,51.52664822351527,52.15009531582525,52.49229148793813,40.5865476461451,27.70244212470305,0.5358742533419674,68124.6,3484411.35,53.3,51.0,-0.005911295481157,-0.0578325794176764,-0.0058252427184465,0.0039215686274509,51.0,0.4378834568389237,51.6355277764716,51.28000000000011,50.92447222352862,0.3874912098372712,0.0138661379279052,46.15384615384637,35.89743589743557,51.18000000000029,51.27000000000008,-1106641.0,-1017034.15,-53.84615384615363,-36.91639522258109,27.17875673086928,53.25,53.15,,,,0.0,0.0,0.0,0.0,0.0,0.0,,0.0,0.0,0.0948,0.1262,0.0,7.18,0.07,0,False,0,False,False,False,False,0.4279070996380162,False,False,True,False,True,False,False,False,False,False,False,False,False,False,False,False,False,False,0.0,0.0,4.101562499999989,0.0,-0.5028665874308924,False,False,False,False,False,False,False,-1.0,False,3,False,False,208.24467194720947,,5,False,3,False,True,False,True,"market_above_ma60, avoid_chase, adx_trending",,close_below_ema20,-124.0,9.4,12.0,9.4,-0.68,False,32,D
2026-07-31,26.5,26.5,26.0,26.3,175675,4604924,1732,毛寶,,0.0341570901028518,0.1097596591963143,-0.0756025690934625,26.606064118335297,26.534628790332377,26.760780209987537,46.61736103405156,27.741733439531355,0.7799649641618445,491536.35,13442224.4,28.0,26.0,0.0373951483943255,0.0118495138818125,-0.0607142857142857,0.0115384615384614,26.0,0.6033667435885558,27.694796079625032,26.637500000000045,25.58020392037506,0.340394754835489,0.0793840322571551,14.2857142857143,9.956709956710256,26.50000000000018,26.810000000000127,6970295.0,4842577.05,-78.57142857142853,-68.06991629739038,65.4861877728096,26.4,26.6,,,,0.0,0.0,0.0,0.0,0.0,0.0,,0.0,0.0,0.1002,0.0424,0.0,3.56,0.36,0,False,0,False,False,False,False,0.3573998138693099,False,False,True,False,True,False,False,False,True,True,False,False,False,False,False,False,True,False,20.0,0.0,6.463878326996195,0.0,1.3949777451610013,False,False,False,False,False,False,False,-1.0,False,6,False,False,505.31373108062513,,5,False,3,False,True,False,True,"market_above_ma60, avoid_chase, adx_trending, kd_golden_cross, obv_uptrend, mfi_strong",,close_below_ema20,173.1,93.8,86.5,9.4,-0.78,True,32,D
2026-07-31,31.75,31.95,31.15,31.3,320698,10094583,1733,五鼎,,0.527358831462319,0.5558051750572777,-0.0284463435949586,31.21119992073108,30.349435701449444,30.13585810954797,53.94861989940646,30.221635216406856,0.6445966624619776,246662.4,7706108.35,32.2,31.15,0.3642297782949972,0.1577339848037723,-0.0234009360374414,-0.0141732283464566,31.75,0.633282575739671,32.71816760726229,31.182500000000022,29.646832392737767,0.5382569767846599,0.0984954770953104,10.344827586207025,39.906609195402176,31.790000000000145,31.78500000000004,10721269.0,10346115.3,-56.52173913043479,27.73686794305376,51.89043312660016,29.3875,29.675,,,,0.0,0.0,0.0,0.0,0.0,0.0,,0.0,0.0,0.2008,0.1942,0.0,3.91,0.27,0,False,0,False,False,True,True,1.300149516099738,False,False,True,False,True,False,False,False,False,True,False,False,False,False,False,False,True,True,20.0,0.0,2.875399361022371,8.0,0.3639782478401911,False,False,True,False,False,False,False,-1.0,False,7,False,False,575.3692341350796,,10,False,3,True,False,False,True,"ema60_gt_ema120, market_above_ma60, avoid_chase, adx_trending, obv_uptrend, mfi_strong, above_ichimoku_cloud",,macd_death_cross,281.4,96.2,92.4,13.2,1.03,True,53,D
2026-07-31,32.0,32.0,31.45,31.7,394939,12492200,1734,杏輝,,-0.1333160685098136,0.0249911736784411,-0.1583072421882547,32.199997587316844,31.960471632502166,31.66236082834764,42.333294355129794,22.64160946508932,0.6391091426403535,513300.95,16730683.2,33.8,31.4,-0.3410065320880457,0.1280718330933482,0.0095541401273886,0.0,31.7,0.6636591283066562,33.97365610797358,32.56750000000011,31.16134389202664,0.1915349600655868,0.0863533343347488,43.181818181818095,46.96969696969669,31.75000000000036,32.060000000000215,4303025.0,4481182.4,-61.22448979591844,-89.91921320688537,48.93448236768566,31.475,31.075000000000003,,,,0.0,0.0,0.0,0.0,0.0,0.0,,0.0,0.0,0.0378,-0.0737,0.0,5.96,-0.23,0,False,0,False,False,False,True,0.7694102261061468,False,False,True,False,True,False,False,False,False,False,False,False,False,False,False,False,False,False,0.0,12.0,6.624605678233432,0.0,-0.1192963782121334,False,False,True,False,False,False,False,-1.0,False,5,False,False,353.2625457225159,,5,False,3,False,True,False,True,"ema60_gt_ema120, market_above_ma60, avoid_chase, adx_trending, above_ichimoku_cloud",,close_below_ema20,59.3,71.7,51.8,13.2,-0.0,False,53,D
2026-07-31,18.8,19.45,18.75,19.15,148315,2820917,1735,日勝化,,-1.1263205288407327,-1.0353556992534,-0.0909648295873328,20.3382341049493,22.25961761609373,22.18054175600519,38.223641021974906,29.09548289066608,1.0416667156528618,255282.3,5411291.7,24.35,18.2,-1.2287545807681537,-0.5884160764003116,-0.0179487179487179,0.0521978021978022,18.2,1.1484227090909684,23.862245287637112,20.672499999999992,17.482754712362873,0.2613445804119642,0.3085979235832261,38.98305084745759,22.59887005649701,18.96999999999989,19.434999999999945,29091220.0,30103261.6,-68.91891891891895,-82.31428333749255,32.91735683193501,23.6875,27.15,,,,0.0,0.0,0.0,0.0,0.0,0.0,,0.0,0.0,0.1584,-0.0495,0.0,51.26,-0.06,0,False,0,False,False,False,True,0.5809842672210334,False,False,True,False,True,False,False,False,True,False,False,False,False,False,False,False,False,False,0.0,0.0,27.15404699738905,0.0,-1.3795804426943985,False,False,False,False,False,False,False,-1.0,False,5,False,False,359.2548773598775,,3,False,3,False,True,False,True,"ema60_gt_ema120, market_above_ma60, avoid_chase, adx_trending, kd_golden_cross",,close_below_ema20,27.0,59.4,54.0,9.4,-0.45,False,32,D
2026-07-31,128.0,132.0,123.0,123.0,957348,121304962,1736,喬山,,1.582509373758569,2.8795134960381263,-1.2970041222795574,129.79026588308326,126.42860495114816,129.04902370133962,44.25886148917762,20.864178989346904,6.616294520124392,676235.3,89664824.35,141.5,126.0,0.010621436788325,0.2126874029749704,-0.0989010989010988,-0.0352941176470588,127.5,0.8131031896784671,139.509253973085,131.4,123.29074602691502,-0.0179268048503608,0.12342852318242,0.0,21.568627450980177,129.8,133.0,537768.0,942936.05,-100.0,-164.71163245356735,51.29862654435791,114.625,120.75,,,,0.0,0.0,0.0,0.0,0.0,0.0,,0.0,0.0,0.1449,0.2796,0.0,5.15,0.07,0,False,0,False,False,False,False,1.4157024929044668,False,False,True,False,True,True,False,False,False,False,False,False,False,False,False,False,True,False,20.0,25.0,15.040650406504067,0.0,-0.2141041032508096,False,False,True,False,False,False,False,-1.0,False,6,False,False,481.58777569003496,,3,False,3,False,True,True,True,"market_above_ma60, avoid_chase, liquidity_ok, adx_trending, mfi_strong, above_ichimoku_cloud",,"close_below_ema20, close_below_swing_low",137.8,80.0,83.7,33.3,0.9,False,15,D
2026-07-31,32.1,32.2,32.05,32.05,98059,3148871,1737,臺鹽,,0.0769612355117423,0.0755742063597133,0.001387029152029,32.00344735737987,31.86160964005183,31.821705629616176,53.50745367142234,36.23513510905527,0.2426561130024782,117478.9,3760240.35,32.25,31.8,0.0280280279912403,0.0368677395763564,-0.0031104199066874,0.0,32.05,0.9387259118338545,32.22492814915364,32.0074999999998,31.79007185084596,0.5977334355408722,0.0135860750857668,41.666666666666224,47.22222222222202,32.12999999999956,32.054999999999744,686400.0,844941.85,-58.333333333333776,79.25407925408007,60.464060720725385,31.725,31.75,,,,0.0,0.0,0.0,0.0,0.0,0.0,,0.0,0.0,-0.1003,0.0282,0.0,8.83,0.1,0,False,0,False,False,True,True,0.8346945706846081,False,False,True,False,True,False,False,False,False,False,False,False,False,False,False,False,True,True,0.0,0.0,0.6240249609984488,25.0,-1.2078772721585105,False,False,True,False,False,False,False,-1.0,False,6,False,False,418.852418440944,,5,False,3,False,False,False,False,"ema60_gt_ema120, market_above_ma60, avoid_chase, adx_trending, mfi_strong, above_ichimoku_cloud",,,78.6,73.9,70.6,39.1,-0.33,False,23,D
2026-07-31,31.4,31.7,31.4,31.7,59385,1874629,1752,南光,,-0.2546237098573023,-0.2989854448501459,0.0443617349928435,31.866453276138245,32.71307191722896,33.829185677614404,43.56660527575526,14.25293307919214,0.4994251403058374,55000.75,1744222.4,32.4,31.55,-0.0792441742703653,-0.0887710787837917,-0.0031446540880503,0.0031645569620253,31.6,0.6181125436969895,32.271398045480744,31.769999999999985,31.26860195451922,0.430195180624544,0.031564245859664,59.99999999999979,57.30158730158716,31.670000000000435,31.655000000000108,-1071074.0,-1167842.6,-47.82608695652186,-55.08212918365006,38.64020188394549,33.3125,34.075,,,,0.0,0.0,0.0,0.0,0.0,0.0,,0.0,0.0,-0.1807,-0.1696,0.0,1.39,0.05,0,False,0,False,False,False,False,1.0797125493743267,False,False,False,False,True,False,False,False,True,True,False,False,False,False,False,False,False,True,0.0,0.0,2.2082018927444773,8.0,0.5910257887222239,False,False,False,False,False,False,False,-1.0,False,4,False,False,255.88943495841,,3,False,3,False,True,False,True,"market_above_ma60, avoid_chase, kd_golden_cross, obv_uptrend",,close_below_ema20,-38.1,34.0,22.7,13.2,0.6,False,53,D
2026-07-31,58.8,59.2,58.4,58.6,133395,7845984,1760,寶齡富錦,,-0.6908020489050841,-0.3068092844272565,-0.3839927644778276,60.50312391918084,61.40324044194024,62.51590648865645,38.73595233237096,13.85762449640821,1.6613529881622806,285444.95,17838984.85,65.9,58.0,-0.467500561506559,-0.0411677002788292,-0.0409165302782323,0.010344827586207,58.0,0.5182901509736552,65.26796041485419,61.365000000000144,57.46203958514611,0.1457817007985783,0.1272047719336439,12.727272727272778,8.46777635510019,59.1,60.20999999999985,-9256612.0,-8771524.05,-90.1408450704225,-137.69322235434024,46.917247783349445,60.7,67.75,,,,0.0,0.0,0.0,0.0,0.0,0.0,,0.0,0.0,-0.0396,-0.4339,0.0,11.52,-0.12,0,False,0,False,False,False,False,0.4673230337408316,False,False,False,False,True,False,False,False,True,False,False,False,False,False,False,False,False,False,20.0,12.0,12.45733788395905,0.0,-0.9591350287042169,False,False,False,True,False,False,False,-1.0,False,3,True,False,195.1636099929577,,3,False,3,False,True,False,True,"market_above_ma60, avoid_chase, kd_golden_cross",long_upper_shadow,close_below_ema20,-98.8,20.8,9.9,13.2,-0.59,False,53,D
2026-07-31,32.5,32.9,32.1,32.6,213720,6911289,1762,中化生,,-1.2437622752475548,-0.8053231805919461,-0.4384390946556087,34.96423857134439,35.25253015887688,33.32308545468271,33.887901810912425,22.931140739505665,1.3613597309143606,363109.3,13753789.15,40.7,32.2,-1.1538868172285452,-0.1705001328901817,-0.0618705035971222,0.0124223602484472,32.2,0.6125667040072257,40.9555358636958,35.93999999999996,30.924464136304124,0.1670345810727801,0.2791060580799022,36.36363636363641,25.036132252627187,32.8,33.8,-2254061.0,-1150346.75,-77.14285714285712,-107.9640981868034,14.97029169982062,37.95,36.075,,,,0.0,0.0,0.0,0.0,0.0,0.0,,0.0,0.0,-0.4017,0.4052,0.0,2.99,0.1,0,False,0,False,False,False,True,0.5885831070699649,False,False,True,False,True,False,False,False,False,False,False,False,False,False,False,False,False,False,0.0,12.0,24.84662576687117,0.0,-0.8036707689867284,False,False,False,True,False,False,False,-1.0,False,4,True,False,213.2417818428589,,3,False,3,False,True,False,True,"ema60_gt_ema120, market_above_ma60, avoid_chase, adx_trending",long_upper_shadow,close_below_ema20,-80.7,26.4,12.9,13.2,-0.35,False,53,D
2026-07-31,16.85,16.95,16.55,16.9,79060,1324451,1776,展宇,,-0.5854406922417326,-0.3789881294830561,-0.2064525627586764,17.88580386824236,18.026705641465583,17.39956320242727,31.08185953721052,29.86153879898803,0.7213922828466671,136669.85,2533901.95,20.45,16.65,-1.0803963739490428,0.0295799446757936,-0.0259365994236312,0.0119760479041914,16.7,0.7944158897516035,20.605918817177745,18.28249999999993,15.959081182822128,0.2024858390190665,0.2541686112050121,42.85714285714276,31.881022203602697,16.859999999999854,17.304999999999836,3799898.0,4360009.25,-71.87500000000003,-99.77924944812354,11.769192202467266,18.75,18.15,,,,0.0,0.0,0.0,0.0,0.0,0.0,,0.0,0.0,0.0598,-0.0998,0.0,1.54,0.05,0,False,0,False,False,False,True,0.5784743306588834,False,False,True,False,True,False,False,False,False,False,False,False,False,False,False,False,False,False,0.0,0.0,21.00591715976332,0.0,-0.4597226188896767,False,False,False,False,False,False,False,-1.0,False,4,False,False,270.2680718799127,,3,False,3,False,True,False,True,"ema60_gt_ema120, market_above_ma60, avoid_chase, adx_trending",,close_below_ema20,-62.0,25.0,25.6,9.4,-0.45,False,32,D
2026-07-31,153.0,155.0,150.5,150.5,844722,128768811,1773,勝一,,-6.401364808858091,-3.640362569557362,-2.761002239300728,164.20749628860304,168.50115238551982,164.2350722244766,34.11511444251893,17.902937097855325,7.667746239946388,824946.3,139290619.1,185.0,146.5,-1.048255511194052,-0.1664040928439538,-0.0766871165644171,0.0273037542662115,146.5,1.034821739086203,191.412111306526,168.7,145.987888693474,0.099332713846588,0.269260359294914,24.193548387096776,15.876107522712724,151.8,159.55,40783331.0,45324956.5,-82.3529411764706,-132.2588897416218,25.21832481538418,178.25,177.5,,,,0.0,0.0,0.0,0.0,0.0,0.0,,0.0,0.0,0.2049,0.0671,0.0,7.18,-0.62,0,False,0,False,False,False,True,1.023972105820706,False,False,False,False,True,True,False,False,False,False,False,False,False,False,False,False,False,False,10.0,25.0,22.92358803986711,0.0,-1.98364499181743,False,False,False,False,True,False,False,-1.0,False,4,True,False,271.435981156398,,3,False,3,False,True,False,True,"ema60_gt_ema120, market_above_ma60, avoid_chase, liquidity_ok",open_high_close_low,close_below_ema20,-60.8,31.2,25.8,9.4,0.2,False,32,D
2026-07-31,40.45,40.45,39.85,39.85,34136,1370028,1783,和康生,,0.1591164895806969,0.2428913238115944,-0.0837748342308975,39.9721588088891,39.958859840300576,40.75732727204768,49.53416163531555,11.248945093659376,0.7957101517703025,98796.6,3969438.05,40.9,39.8,-0.0509434543682185,0.0696499539815608,-0.0111662531017369,0.0012562814070353,39.8,0.5351888440508871,40.91132145732257,40.222499999999854,39.53367854267714,0.2296106298374686,0.0342505541586286,37.14285714285706,35.846560846560656,40.1,40.11499999999978,-77766.0,47744.45,-60.52631578947366,-36.41456582632933,36.34486899940735,39.150000000000006,40.325,,,,0.0,0.0,0.0,0.0,0.0,0.0,,0.0,0.0,0.0916,0.1703,0.0,7.23,0.01,0,False,0,False,False,False,False,0.345517963168773,False,False,False,False,True,False,False,False,True,False,False,False,False,False,False,False,False,False,0.0,0.0,2.634880803011285,8.0,-0.4307104481723955,False,False,False,False,False,False,False,-1.0,False,3,False,False,196.286654253619,,3,False,3,False,True,False,True,"market_above_ma60, avoid_chase, kd_golden_cross",,close_below_ema20,-97.7,22.6,10.1,13.2,-0.83,False,53,D
2026-07-31,48.5,49.85,48.5,49.4,160598,7893940,1786,科妍,,-1.4602579956185977,-1.296325938558487,-0.1639320570601106,51.120342924831824,54.65967795910748,60.36945095815874,39.06854177833614,25.530313745751204,1.6303919132424654,218454.6,11374512.2,56.0,48.5,-0.6532588853714604,-0.2189141078603587,-0.011011011011011,0.0185567010309277,48.5,0.5285019677061706,55.822080336174906,51.62250000000004,47.42291966382517,0.2353902268691478,0.1627034853474692,39.39393939393934,25.48784548784533,49.3,49.79500000000007,-7061310.0,-6181292.75,-77.19298245614038,-87.23729012563108,14.52868691475257,55.875,58.35,,,,0.0,0.0,0.0,0.0,0.0,0.0,,0.0,0.0,0.0095,0.0148,0.0,2.41,0.35,0,False,0,False,False,False,False,0.7351550390790581,False,False,True,False,True,False,False,False,True,False,False,False,False,False,False,False,False,False,0.0,0.0,13.36032388663968,0.0,-0.9169225390446832,False,False,False,False,False,False,False,-1.0,False,4,False,False,296.3484799222544,,3,False,3,False,True,False,True,"market_above_ma60, avoid_chase, adx_trending, kd_golden_cross",,close_below_ema20,2.4,52.8,33.3,13.2,-0.07,False,53,D
2026-07-31,19.5,19.75,19.3,19.4,470927,9174888,1789,神隆,,-0.2675709046546579,-0.1608308519690319,-0.1067400526856259,19.84955538177625,20.15144531553463,20.22260937222556,42.86018476806795,17.38676815746072,0.6076463751939069,771675.25,15569928.45,21.05,19.1,-0.4636893501272944,0.0669318570925101,-0.0127226463104325,0.0157068062827223,19.1,0.7759281314090246,21.260126043743668,20.07000000000003,18.87987395625639,0.2185172093652828,0.1185975130785886,31.999999999999886,21.00854700854749,19.360000000000035,19.6,17511188.0,17724666.95,-80.48780487804886,-86.75799086758062,41.77643605516621,20.225,20.375,,,,0.0,0.0,0.0,0.0,0.0,0.0,,0.0,0.0,-0.0391,0.4169,0.0,1.85,-0.01,0,False,0,False,False,False,False,0.6102657821408682,False,False,False,False,True,False,False,False,True,False,False,False,False,False,False,False,False,False,0.0,0.0,8.505154639175268,0.0,-0.1402672917983043,False,False,False,True,True,False,False,-1.0,False,3,True,False,174.41945031982902,,3,False,3,False,True,False,True,"market_above_ma60, avoid_chase, kd_golden_cross","long_upper_shadow, open_high_close_low",close_below_ema20,-119.5,15.1,7.4,13.2,-0.31,False,53,D
2026-07-31,179.0,179.5,175.0,175.0,1445734,255418911,1795,美時,,-5.732480923001361,-3.575454804599413,-2.1570261184019484,187.06346997310783,199.3300959709837,216.5213007302588,34.20089511428439,14.303660926291418,6.983616721299194,2511247.65,494945928.65,209.5,173.0,-0.9380621592357156,-0.1852690461471985,-0.054054054054054,0.0115606936416186,173.0,0.4646490952864849,213.9506100937069,191.925,169.89938990629312,0.1157881682279532,0.2295230959354632,16.071428571428573,14.285714285714372,176.8,182.95,51205265.0,55971715.45,-88.0,-119.56158727267204,45.077342788908496,194.875,212.0,,,,0.0,0.0,0.0,0.0,0.0,0.0,,0.0,0.0,2.2546,0.4623,0.0,52.02,-0.02,0,False,0,False,False,False,False,0.5757034755214206,False,False,False,False,True,True,False,False,True,False,False,False,False,False,False,False,False,False,20.0,12.0,19.714285714285715,0.0,-0.6584104073102167,False,False,False,False,True,False,False,-1.0,False,4,True,False,299.8561098674916,,3,False,3,False,True,False,True,"market_above_ma60, avoid_chase, liquidity_ok, kd_golden_cross",open_high_close_low,close_below_ema20,5.9,58.5,34.8,13.2,-0.38,False,53,D
2026-07-31,45.9,46.6,45.0,45.7,26398320,1204769925,1802,台玻,,-5.763566128619203,-4.37371907923464,-1.3898470493845636,55.03075619770527,61.02529108464039,58.43210634514772,31.7691497608448,26.396594176236206,4.037539795853696,30658797.7,1812877975.6,70.4,42.6,-2.407426134329241,-0.5080289995169363,-0.1039215686274509,0.0727699530516432,42.6,0.8341052980320234,73.01723313502112,57.08000000000002,41.14276686497893,0.14297441395291,0.5584174188865133,24.41471571906358,10.78521280706324,46.6,50.12999999999992,4495452196.0,4601720690.8,-83.74164810690421,-113.09423853504448,29.90544439471779,68.25,68.95,,,,0.0,0.0,0.0,0.0,0.0,0.0,,0.0,0.0,0.27,0.0734,0.0,5.05,0.21,0,False,0,False,False,False,True,0.8610357215671246,False,False,True,False,True,True,False,False,False,False,False,False,False,False,False,False,False,False,10.0,12.0,54.04814004376368,0.0,-0.7210128452267527,False,False,False,True,True,False,False,-1.0,False,5,True,False,371.9582030729502,,3,False,3,False,True,False,True,"ema60_gt_ema120, market_above_ma60, avoid_chase, liquidity_ok, adx_trending","long_upper_shadow, open_high_close_low",close_below_ema20,0.0,60.0,58.0,20.0,1.35,True,5,D
2026-07-31,10.0,10.0,9.76,9.93,71930,711583,1805,寶徠,,-0.1000937060777644,-0.0863059994982704,-0.013787706579494,10.082972049561148,10.30764848014656,10.633707449657113,43.26559666634281,14.861302148377687,0.3020023739703035,114981.05,1150571.7,10.4,9.74,-0.1436549340307013,-0.0571797060322075,-0.0119402985074628,-0.007,10.0,1.0119834915373178,10.373738655784772,10.084500000000002,9.79526134421523,0.2329195166171547,0.0573630136912631,69.1666666666666,64.29012345678954,9.91799999999994,10.029000000000044,1703342.0,1687691.2,-49.6969696969697,-88.95552223888117,34.957376499961,10.7125,10.9,,,,0.0,0.0,0.0,0.0,0.0,0.0,,0.0,0.0,-0.0087,-0.0087,0.0,0.61,0.04,0,False,0,False,False,False,False,0.6255813457956767,False,False,False,False,True,False,False,False,False,True,False,False,False,False,False,False,False,False,0.0,0.0,4.733131923464256,0.0,0.0166432725645458,False,False,False,False,False,False,False,-1.0,False,3,False,False,171.45553272873133,,3,False,3,False,True,False,True,"market_above_ma60, avoid_chase, obv_uptrend",,close_below_ema20,-123.2,18.6,6.9,42.4,-0.6,False,59,D
2026-07-31,8.08,8.16,8.01,8.03,167984,1349867,1806,冠軍,,-0.0557880661426555,-0.0148225040284905,-0.0409655621141649,8.177242379886493,8.246485270314949,8.438416659833113,41.46852156639998,18.311427915091823,0.1660296044061192,409079.25,3410342.55,8.52,7.94,-0.3182664597998291,0.0306196314087568,-0.0183374083129584,0.0113350125944582,7.94,0.4759935546788759,8.599490629549134,8.26600000000003,7.932509370450927,0.1461669697899525,0.0806897240622071,22.91666666666653,16.66666666666606,8.038000000000102,8.146000000000049,-12786280.0,-12629327.65,-78.84615384615394,-106.7304866271979,41.72304575818317,8.185,8.5,,,,0.0,0.0,0.0,0.0,0.0,0.0,,0.0,0.0,-0.2044,-0.0822,0.0,9.62,0.07,0,False,0,False,False,False,False,0.4106392587744306,False,False,False,False,True,False,False,False,True,False,False,False,False,False,False,False,False,False,10.0,12.0,6.102117061021174,0.0,-0.0800832654600506,False,False,False,False,False,False,False,-1.0,False,3,False,False,165.14539340222368,,3,False,3,False,True,False,True,"market_above_ma60, avoid_chase, kd_golden_cross",,close_below_ema20,-206.8,20.0,6.1,20.0,-0.8,False,5,D
2026-07-31,32.8,33.85,32.6,33.0,3407617,113470739,1808,潤隆,,0.4586223468281183,0.3754935482224188,0.0831287986056994,31.66840083606349,30.99165198554975,30.96924141718237,62.97498891969408,22.366310200840832,0.8965139074407399,1224597.05,38907375.4,32.45,31.4,0.3627187353531074,0.1886258273887872,0.0232558139534884,0.0169491525423728,32.45,2.22345652724522,33.17685808594374,31.502500000000147,29.828141914056555,0.9471863015956732,0.1063000133921806,73.01587301587298,64.39710387078837,32.12000000000008,32.075,31455227.0,25295586.0,-24.63768115942031,158.4454409566518,76.45335868090251,30.9875,30.6,,,,0.0,0.0,0.0,0.0,0.0,0.0,,0.0,0.0,1625.3727,0.7483,0.0,4.69,0.18,0,False,0,False,False,True,True,2.782643482605156,True,True,True,True,True,False,False,False,False,True,False,False,False,True,False,True,True,True,-10.0,-25.0,-1.666666666666658,25.0,1.3700452081704964,False,False,True,True,False,False,False,-1.0,False,12,True,False,834.2669773240975,,5,False,3,False,False,False,False,"ema60_gt_ema120, volume_break, rsi_strong, breakout_20d, market_above_ma60, avoid_chase, adx_trending, obv_uptrend, breakout_volume_confirm, cci_momentum, mfi_strong, above_ichimoku_cloud",long_upper_shadow,,539.6,100.0,99.0,42.4,2.32,True,59,D
2026-07-31,31.9,32.3,31.4,32.2,1468715,46806042,1809,中釉,,-4.514206790518109,-3.276967821084481,-1.2372389694336283,39.797906328380655,41.890568107339526,37.3716432811122,31.099633607148306,38.72034164388013,3.070192515513805,2403453.8,105641958.35,55.4,29.8,-2.8763904609334947,-0.0878135630602863,-0.127371273712737,0.0805369127516779,29.8,0.8392946707493463,55.50659327546739,41.63499999999999,27.7634067245326,0.159916499401469,0.6663428978247821,25.000000000000025,14.26286856571763,32.879999999999924,35.709999999999944,401147840.0,412404480.25,-84.45040214477211,-107.5303397787218,23.64197860359009,51.25,43.15,,,,0.0,0.0,0.0,0.0,0.0,0.0,,0.0,0.0,0.0454,0.063,0.0,2.73,1.17,0,False,0,False,False,False,True,0.6110851808343477,False,False,True,False,True,True,False,False,True,False,False,False,False,False,False,False,False,False,10.0,12.0,72.04968944099377,0.0,-0.1852159009466623,False,False,False,False,False,False,False,-1.0,False,6,False,False,470.8882609969835,,8,False,3,False,True,False,True,"ema60_gt_ema120, market_above_ma60, avoid_chase, liquidity_ok, adx_trending, kd_golden_cross",,close_below_ema20,98.9,80.0,82.0,20.0,0.15,True,5,D
2026-07-31,24.75,25.2,24.1,24.4,8870641,218076112,1810,和成,,0.7708964579397097,1.6256469887751308,-0.8547505308354211,25.90788351046928,23.1316158718505,21.23609012967503,47.437663711197615,32.459925487651816,2.150972189927652,26166086.95,731432830.35,34.15,23.5,0.2951453380293586,0.7757680323928282,-0.146853146853147,0.0382978723404254,23.5,0.3434579890252018,33.08990106389826,26.867500000000017,20.64509893610177,0.3017244489176203,0.4631916675461608,12.55605381165918,8.07174887892385,24.610000000000035,27.58500000000004,216269457.0,199512297.8,-87.44394618834082,-59.250740101804055,60.68963602223575,20.7,20.075,,,,0.0,0.0,0.0,0.0,0.0,0.0,,0.0,0.0,-0.1191,0.0041,0.0,4.69,-0.73,0,False,0,False,False,True,True,0.3390128992902395,False,False,True,False,True,True,False,False,False,True,False,False,False,False,False,False,True,False,20.0,0.0,39.959016393442624,0.0,0.1839314739574145,False,False,True,False,True,False,False,-1.0,False,8,True,False,530.5973066803914,,8,False,3,False,True,False,True,"ema60_gt_ema120, market_above_ma60, avoid_chase, liquidity_ok, adx_trending, obv_uptrend, mfi_strong, above_ichimoku_cloud",open_high_close_low,close_below_ema20,158.6,100.0,88.6,20.0,-1.15,True,5,D
2026-07-31,38.8,38.8,38.35,38.65,35237,1357258,1817,凱撒衛,,-0.1762471851444615,-0.2139007757840921,0.0376535906396305,38.74548668144379,38.999097649688125,39.03877019499095,45.09439741582537,13.556311482479932,0.4036647223878483,52440.75,2022130.75,38.9,38.4,-0.0227246473537629,-0.0388591664565803,0.0052015604681403,0.0025940337224383,38.55,0.3518394482182366,38.89014701645736,38.63500000000003,38.37985298354271,0.5293948175609446,0.0132080764310769,53.33333333333314,53.19444444444465,38.65,38.60500000000011,-1765062.0,-1830841.2,-43.750000000000334,3.5335689045954406,45.70910594620708,40.525,40.375,,,,0.0,0.0,0.0,0.0,0.0,0.0,,0.0,0.0,0.0418,-0.0396,0.0,1.75,0.15,0,False,0,False,False,False,False,0.6719392838584498,False,False,False,False,True,False,False,False,True,True,False,False,False,False,False,False,False,True,0.0,0.0,0.646830530401035,25.0,0.3309985105207085,False,False,False,False,False,False,False,-1.0,False,4,False,False,315.691374964833,,3,False,3,False,True,False,True,"market_above_ma60, avoid_chase, kd_golden_cross, obv_uptrend",,close_below_ema20,-56.3,40.0,39.9,20.0,0.45,False,5,D
2026-07-31,48.0,48.55,46.0,47.1,775072,36353543,1903,士紙,,-0.1313195415925392,0.0351684494992105,-0.1664879910917497,48.26787324947113,48.68511891453364,49.89534445119772,38.96737557642334,18.0592415526666,1.1165439425695816,201957.95,9804774.4,50.1,47.4,-0.1528059423784233,-0.0166686428105344,-0.0368098159509201,-0.0063291139240505,47.4,0.931993686598554,49.8822421153345,48.61000000000004,47.33775788466557,-0.0934405023225726,0.0523448720565506,26.82926829268295,25.609756097560723,47.95,48.35999999999986,3741374.0,4852575.4,-73.17073170731705,-209.29064657878268,25.88322498922736,48.8375,49.9,,,,0.0,0.0,0.0,0.0,0.0,0.0,,0.0,0.0,-0.0191,-0.0585,0.0,10.9,0.05,0,False,0,False,False,False,False,3.837789005087445,True,False,False,False,True,False,False,False,True,False,False,False,False,False,False,False,False,False,10.0,25.0,6.369426751592357,0.0,-1.8589271507661524,False,False,False,False,False,False,False,-1.0,False,4,False,False,281.0707642416806,,3,False,3,False,True,True,True,"volume_break, market_above_ma60, avoid_chase, kd_golden_cross",,"close_below_ema20, close_below_swing_low",0.0,57.1,28.2,28.6,2.03,False,7,D
2026-07-31,21.25,21.75,20.95,20.95,2167244,45934821,1904,正隆,,-0.1837349911834387,-0.016987568481965,-0.1667474227014736,21.66488940258869,21.11908021797735,20.17572437704498,41.66518255674656,16.09083990738286,0.707366313383316,2334599.55,52553635.65,23.9,21.05,-0.6392082584764816,0.3296792585282894,-0.0233100233100232,-0.0141176470588235,21.25,0.8346092868441685,23.90981205922348,22.0974999999999,20.28518794077632,0.1834154487468601,0.1640286963886039,22.72727272727269,25.222816399286483,21.23000000000011,21.360000000000035,56923101.0,62032196.45,-87.80487804878048,-82.99133606931123,41.004595849781126,21.775,20.575,,,,0.0,0.0,0.0,0.0,0.0,0.0,,0.0,0.0,-0.0209,0.0078,0.0,10.33,-0.09,0,False,0,False,False,False,True,0.928315093695619,False,False,False,False,True,True,False,False,False,False,False,False,False,False,False,False,False,False,10.0,12.0,14.081145584725537,0.0,-0.2871413239286306,False,False,False,False,False,False,False,-1.0,False,4,False,False,237.83745504981263,,3,False,3,False,True,True,True,"ema60_gt_ema120, market_above_ma60, avoid_chase, liquidity_ok",,"close_below_ema20, close_below_swing_low",-43.2,28.6,18.6,28.6,-0.32,False,7,D
2026-07-31,12.75,12.9,12.65,12.65,2771115,35402238,1905,華紙,,-0.6139380955001315,-0.3211067335902067,-0.2928313619099247,14.05670836995749,14.145216265418268,13.66888283949545,33.09126703223002,24.798428055841853,0.6501249988043147,3657580.65,55297519.8,17.0,12.5,-1.4879532072491954,0.3969735105263926,-0.0866425992779782,0.012,12.5,0.6193123865093636,17.067938558999554,14.502500000000008,11.937061441000465,0.1389506204501668,0.3537925956213817,12.5,10.951178451178444,12.890000000000054,13.470000000000027,234537854.0,248373929.0,-91.52542372881356,-115.59139784946244,12.990236382263518,15.4875,15.275,,,,0.0,0.0,0.0,0.0,0.0,0.0,,0.0,0.0,-0.0043,-0.0423,0.0,2.43,0.12,0,False,0,False,False,False,True,0.7576360619689958,False,False,True,False,True,True,False,False,True,False,False,False,False,False,False,False,False,False,20.0,12.0,34.387351778656125,0.0,-0.1635791810635531,False,False,False,False,False,False,False,-1.0,False,6,False,False,412.6134104469273,,3,False,3,False,True,False,True,"ema60_gt_ema120, market_above_ma60, avoid_chase, liquidity_ok, adx_trending, kd_golden_cross",,close_below_ema20,131.5,85.7,69.1,28.6,-0.45,True,7,D
2026-07-31,10.9,11.05,10.9,11.0,26863,295512,1906,寶隆,,-0.051583518760097,-0.0388101405446098,-0.0127733782154871,11.053716947515358,11.141904416537288,11.34816137312048,47.83774632742106,14.163183109293035,0.2764767562492294,105827.2,1175499.75,11.55,10.9,-0.2204663133760411,0.0879228810497154,0.0091743119266054,0.0045662100456622,10.95,0.3691039638388246,11.47769290306702,11.105000000000018,10.732307096933017,0.3591333519689518,0.06712163945376,60.00000000000014,60.0,10.980000000000018,10.990000000000007,-3816945.0,-3490997.5,-53.84615384615376,-46.42920432394128,51.69849544777652,11.3,11.275,,,,0.0,0.0,0.0,0.0,0.0,0.0,,0.0,0.0,0.0916,0.2759,0.0,0.86,0.04,0,False,0,False,False,False,False,0.2538383326781772,False,False,False,False,True,False,False,False,True,False,False,False,False,False,False,False,True,False,0.0,0.0,5.000000000000006,0.0,-0.5698587374563988,False,False,False,False,False,False,False,-1.0,False,4,False,False,255.7000784773049,,3,False,3,False,True,False,True,"market_above_ma60, avoid_chase, kd_golden_cross, mfi_strong",,close_below_ema20,-25.4,42.9,22.7,28.6,-0.86,False,7,X
2026-07-31,28.8,29.65,28.8,29.05,4385328,127560496,1907,永豐餘,,0.4680817629189526,0.4577663734662083,0.0103153894527443,28.096952357971457,26.97238150406153,26.304180551945883,63.03617005508912,35.51728835436173,0.7356047156491873,2177319.8,62206891.4,29.2,27.75,0.0971416725850505,0.3442785483627931,0.0338078291814947,0.0017241379310344,29.0,1.218483814138781,29.20244674042782,28.204999999999973,27.207553259572126,0.9235815135540826,0.0707283630865341,70.00000000000011,78.46153846153841,28.539999999999964,28.28500000000004,28714379.0,20688440.45,-24.999999999999964,167.96312301930286,81.13475578111857,26.525,25.9,,,,0.0,0.0,0.0,0.0,0.0,0.0,,0.0,0.0,0.1266,0.0154,0.0,12.68,0.15,0,False,0,True,True,True,True,2.01409457627676,True,True,True,False,True,True,False,False,False,True,False,False,False,False,False,False,True,True,-10.0,-25.0,0.5163511187607525,25.0,0.5836686768289462,False,False,True,True,False,False,False,-1.0,False,12,True,False,837.144969884715,,10,False,3,False,False,False,False,"macd_golden_cross, ema60_gt_ema120, volume_break, rsi_strong, market_above_ma60, avoid_chase, liquidity_ok, hist_turn_positive, adx_trending, obv_uptrend, mfi_strong, above_ichimoku_cloud",long_upper_shadow,,556.1,100.0,99.1,28.6,0.56,True,7,D
2026-07-31,10.0,10.25,9.85,9.85,4600637,45998187,1909,榮成,,0.0224717374879865,0.0840628362640373,-0.0615910987760507,10.044256796078596,9.844792892889409,9.75409729931112,45.613204492843686,19.908860432012315,0.3076476560836303,5091401.15,52891339.95,10.9,9.88,-0.3711169713525786,0.2521721832690361,-0.0199004975124379,-0.0199004975124379,10.05,0.4267914709117063,10.780035970053897,10.224000000000046,9.667964029946196,0.1636908220489529,0.1087707296662456,12.698412698412694,24.86772486772558,9.976000000000113,10.018000000000075,93133989.0,103315269.7,-89.04109589041094,-76.33117882425353,44.7485136643306,9.7225,9.55,,,,0.0,0.0,0.0,0.0,0.0,0.0,,0.0,0.0,0.441,0.0726,0.0,9.36,0.13,0,False,0,False,False,True,True,0.9036092157067608,False,False,False,False,True,True,False,False,False,False,False,False,False,False,False,False,False,False,20.0,12.0,10.659898477157368,0.0,-0.3384587719539096,False,False,True,False,False,False,False,-1.0,False,5,False,False,366.9745868936207,,3,False,3,False,True,True,True,"ema60_gt_ema120, market_above_ma60, avoid_chase, liquidity_ok, above_ichimoku_cloud",,"close_below_ema20, close_below_swing_low",85.9,71.4,56.4,28.6,-0.34,True,7,D
2026-07-31,19.1,19.25,18.95,18.95,37674551,718358631,2002,中鋼,,0.0425828225795257,0.0132773569559176,0.029305465623608,18.894786207392286,18.93460712233877,19.039146277988014,51.75259837269428,15.512005588164124,0.3703138017760185,40954150.75,772734307.8,19.25,18.55,0.1112889865941033,0.0250250039859945,-0.0104438642297649,0.0,18.95,0.9438926252524196,19.27605752092332,18.81749999999997,18.35894247907663,0.6444747866453326,0.0487373477798159,41.17647058823515,45.3044375644998,19.01999999999989,18.95500000000002,27401273.0,-44668756.6,-41.66666666666669,76.6519823788536,62.46658085399029,19.35,19.525,,,,0.0,0.0,0.0,0.0,0.0,0.0,,0.0,0.0,0.0961,-0.0655,0.0,14.33,0.37,0,False,0,False,False,True,False,0.9199202110179272,False,False,False,False,True,True,False,False,False,True,False,False,False,False,False,False,True,True,0.0,0.0,1.5831134564643838,15.0,0.4157115293215654,False,False,False,False,False,False,False,-1.0,False,5,False,False,369.1877404620381,,3,False,3,False,False,False,False,"market_above_ma60, avoid_chase, liquidity_ok, obv_uptrend, mfi_strong",,,42.6,56.7,57.4,33.3,0.11,False,30,D
2026-07-31,73.4,74.8,72.9,74.6,8057548,599044753,2006,東和鋼鐵,,1.2113383192993157,0.9517345631125972,0.2596037561867184,71.44348281950211,69.88206236128946,69.26504687621832,69.3613262819955,15.395403027867852,1.755278148239205,2955652.1,211170403.35,73.4,70.0,0.3450733506744614,0.1774593103371025,0.0389972144846795,0.0163487738419616,73.4,1.2143137802376034,74.31493369664356,71.11000000000021,67.90506630335686,1.044473042243431,0.0901401686582292,96.551724137931,91.1330897858564,73.18000000000029,72.15,67508938.0,54613103.4,-3.4482758620690164,171.98655059647152,68.88314843233995,67.875,67.85,,,,0.0,0.0,0.0,0.0,0.0,0.0,,0.0,0.0,0.0901,0.0101,0.0,25.57,0.57,0,False,0,False,False,True,True,2.726148994328528,True,True,False,True,True,True,False,False,False,True,False,False,False,True,False,False,True,True,-20.0,-25.0,-1.6085790884718347,25.0,0.6334135501663128,False,False,True,False,False,False,False,-1.0,False,11,False,False,754.862452545281,,3,False,3,False,False,False,False,"ema60_gt_ema120, volume_break, rsi_strong, breakout_20d, market_above_ma60, avoid_chase, liquidity_ok, obv_uptrend, breakout_volume_confirm, mfi_strong, above_ichimoku_cloud",,,428.3,100.0,98.0,33.3,3.73,True,30,D
2026-07-31,7.01,7.17,7.0,7.09,243739,1720476,2007,燁興,,-0.0776013082311299,-0.0687605997384162,-0.0088407084927137,7.155985551605047,7.335477568787917,7.494810434485878,45.18734611180459,11.694905850243462,0.1957654097870993,322144.95,2331004.9,7.52,6.98,-0.2717946600480496,-0.0449731966659656,-0.0152777777777778,0.0128571428571429,7.0,0.7900178274922559,7.463422749604886,7.189999999999986,6.916577250395086,0.3171329925097896,0.0760563976647845,48.71794871794863,33.333333333333336,7.040000000000054,7.098999999999978,6195725.0,6168477.3,-63.46153846153853,-72.81955666045225,53.58330867933365,7.49,7.525,,,,0.0,0.0,0.0,0.0,0.0,0.0,,0.0,0.0,-0.2573,-0.1792,0.0,0.82,0.04,0,False,0,False,False,False,False,0.7566128228923036,False,False,False,False,True,False,False,False,False,True,False,False,False,False,False,False,True,False,0.0,0.0,6.064880112834975,0.0,0.0227664604921776,False,False,False,False,False,False,False,-1.0,False,4,False,False,212.8393257548292,,3,False,3,False,True,False,True,"market_above_ma60, avoid_chase, obv_uptrend, mfi_strong",,close_below_ema20,-113.7,20.0,12.8,33.3,-0.21,False,30,D
2026-07-31,30.95,31.0,30.9,30.95,17193,531363,2008,高興昌,,0.2400479362559728,0.2493638742063618,-0.0093159379503889,30.639127021736023,29.90056447941725,29.231951484143945,55.16839051704005,28.62201382289956,0.7558028984016666,39912.85,1206908.5,31.3,30.15,0.1813795065740178,0.2125136000528905,-0.0016129032258064,-0.0016129032258064,31.0,0.6794597576921042,31.70308745935177,30.532500000000027,29.36191254064828,0.6783292639369197,0.0766781271990008,51.35135135135128,47.81887150308224,30.85,30.85499999999993,-2473331.0,-2620106.6,-34.54545454545452,76.86622320768657,85.87806392201922,30.0,29.25,,,,0.0,0.0,0.0,0.0,0.0,0.0,,0.0,0.0,0.0461,0.0488,0.0,7.82,0.04,0,False,0,False,False,True,True,0.4307635260323429,False,True,True,False,True,False,False,False,False,True,False,False,False,False,False,False,True,False,0.0,0.0,1.1308562197092131,15.0,1.0094533590445782,False,False,True,False,False,False,False,-1.0,False,8,False,False,586.4210755688583,,5,False,3,False,False,False,False,"ema60_gt_ema120, rsi_strong, market_above_ma60, avoid_chase, adx_trending, obv_uptrend, mfi_strong, above_ichimoku_cloud",,,259.9,86.7,93.4,33.3,-0.86,False,30,D
2026-07-31,36.0,36.35,35.0,35.1,1047826,37223100,2009,第一銅,,-0.9721235126753528,-0.7109562933855329,-0.2611672192898198,37.1175128386875,38.68781434715091,39.76805376160642,37.014457623882194,14.312747935150512,1.3087571244626124,1349130.5,50979886.95,39.65,34.3,-0.5451574738527097,-0.1594784345684654,-0.0614973262032084,0.0233236151603499,34.3,0.8628274431232498,40.24812046698117,37.44749999999976,34.64687953301836,0.0808964428282622,0.1495758310691728,15.384615384615458,6.901254773595308,35.69999999999963,36.50499999999975,198460199.0,205770299.2,-84.61538461538454,-140.02295458271865,54.18480163376428,40.8625,41.650000000000006,,,,0.0,0.0,0.0,0.0,0.0,0.0,,0.0,0.0,0.1546,0.0505,0.0,0.6,-0.34,0,False,0,False,False,False,False,0.7766676388977938,False,False,False,False,True,True,False,False,True,False,False,False,False,False,False,False,True,False,20.0,25.0,12.962962962962957,0.0,-0.8720949249050847,False,False,False,False,True,False,False,-1.0,False,5,True,False,382.3015372901169,,3,True,3,False,True,False,True,"market_above_ma60, avoid_chase, liquidity_ok, kd_golden_cross, mfi_strong",open_high_close_low,close_below_ema20,55.8,66.7,61.1,33.3,-0.17,False,30,D
2026-07-31,21.15,21.45,21.0,21.15,1438953,30594056,2010,春源,,-0.5296232033764703,-0.6102703621469493,0.080647158770479,21.47670954092432,22.498126625639777,22.63711519308917,38.66801369777222,38.30686189123614,0.4226729494495684,1114298.65,23633186.75,21.8,20.85,-0.137424142197691,-0.2047004002497696,0.0023696682464453,0.0119617224880381,20.9,0.6753151430369289,21.6754905856739,21.19750000000004,20.719509414326176,0.4503128289304339,0.0450987697298134,59.99999999999991,48.57142857142875,21.059999999999853,21.05000000000009,16852305.0,19591586.85,-41.17647058823539,-5.10204081632767,30.98128503424948,24.0125,23.925,,,,0.0,0.0,0.0,0.0,0.0,0.0,,0.0,0.0,-0.0043,0.0068,0.0,7.83,0.12,0,False,0,False,False,False,False,1.2913530856382174,False,False,True,False,True,False,False,False,True,False,False,False,False,False,False,False,False,True,0.0,0.0,3.0732860520094665,8.0,-0.6323262127887791,False,False,False,False,False,False,False,-1.0,False,4,False,False,313.32561630291684,,5,False,3,False,True,False,True,"market_above_ma60, avoid_chase, adx_trending, kd_golden_cross",,close_below_ema20,-13.2,50.0,39.3,33.3,0.86,False,30,D
2026-07-31,16.05,16.05,15.75,15.85,25313,399766,2012,春雨,,0.0988697412566814,0.1357767900246166,-0.0369070487679352,15.72698939641478,15.49667153801791,15.641189413948862,53.37606673383509,27.056340605357367,0.5008223063923819,70219.65,1114021.45,16.5,15.45,-0.1484905734690217,0.1902665712805069,0.0063492063492063,0.0127795527156548,15.65,0.8878667761913799,16.403074928723544,15.837500000000045,15.271925071276543,0.5110507020070428,0.0714222482997315,40.90909090909086,41.21212121212072,15.789999999999964,15.730000000000018,1276381.0,1228427.35,-52.00000000000002,9.132420091324178,71.44846478337749,14.725,15.05,,,,0.0,0.0,0.0,0.0,0.0,0.0,,0.0,0.0,-0.1763,-0.0609,0.0,1.47,0.05,0,False,0,False,False,True,False,0.3604831411150583,False,False,True,False,True,False,False,False,False,True,False,False,False,False,False,False,True,True,0.0,0.0,4.10094637223975,0.0,0.0392740843711599,False,False,True,False,True,False,False,-1.0,False,6,True,False,404.0761204236045,,3,False,3,False,False,False,False,"market_above_ma60, avoid_chase, adx_trending, obv_uptrend, mfi_strong, above_ichimoku_cloud",open_high_close_low,,77.5,70.0,66.8,33.3,-1.01,False,30,D
2026-07-31,16.85,17.05,16.6,16.6,3305930,55582389,2014,中鴻,,-0.2111018621396141,-0.1696622916783862,-0.0414395704612278,17.11286324120715,17.44521533592995,17.379915428388895,37.68313912972108,8.809553633219847,0.480646168673303,3473165.85,59793130.35,17.85,16.6,-0.2059618457368284,-0.1027687827187437,-0.0459770114942527,0.0,16.6,0.8180719770034183,17.77317963047643,17.147500000000036,16.521820369523642,0.062475767683881,0.0729761925034428,8.000000000000114,13.333333333333334,16.83000000000011,16.989999999999963,241323220.0,245000341.3,-92.85714285714276,-120.9523809523798,54.314296858734906,18.05,18.225,,,,0.0,0.0,0.0,0.0,0.0,0.0,,0.0,0.0,0.4793,-0.0607,0.0,6.64,0.02,0,False,0,False,False,False,True,0.951849160903157,False,False,False,False,True,True,False,False,False,False,False,False,False,False,False,False,True,False,20.0,25.0,7.53012048192771,0.0,-0.3501361507515456,False,False,False,False,False,False,False,-1.0,False,5,False,False,370.316857800013,,3,False,3,False,True,False,True,"ema60_gt_ema120, market_above_ma60, avoid_chase, liquidity_ok, mfi_strong",,close_below_ema20,43.8,60.0,57.8,33.3,0.18,False,30,D
2026-07-31,40.95,41.25,40.8,40.9,78080,3192901,2013,中鋼構,,-0.4591147114330525,-0.4901199000722396,0.0310051886391871,41.24917652813229,42.062439358825735,42.373189474414325,42.81193375424926,21.19912766391904,0.6755501692499724,136167.4,5586322.5,44.0,40.5,-0.0786098749004556,-0.0746348690717026,-0.0024390243902439,0.0098765432098764,40.5,1.118906958878744,41.61630025567107,41.00999999999995,40.403699744328826,0.4092858703496759,0.02956841042044,51.999999999999886,42.66666666666666,40.82999999999993,40.91499999999997,593976.0,631809.8,-48.000000000000114,-14.880952380954126,47.38327163988673,42.81249999999999,43.2,,,,0.0,0.0,0.0,0.0,0.0,0.0,,0.0,0.0,-0.2256,-0.1212,0.0,6.99,0.11,0,False,0,False,False,False,False,0.5734118445384138,False,False,True,False,True,False,False,False,True,False,False,False,False,False,False,False,False,False,0.0,0.0,7.579462102689491,0.0,-0.0731104445101819,False,False,False,True,False,False,False,-1.0,False,4,True,False,229.856793111262,,5,False,3,False,True,False,True,"market_above_ma60, avoid_chase, adx_trending, kd_golden_cross",long_upper_shadow,close_below_ema20,-96.7,26.7,17.0,33.3,-0.58,False,30,D
2026-07-31,8.94,8.94,8.75,8.8,249433,2198926,2017,官田鋼,,-0.1092792342858555,-0.0822879420547008,-0.0269912922311546,8.956776921576012,9.083244914944933,9.13544948490681,43.12181085890604,13.411327307975071,0.2503872270629026,462407.1,4184224.0,9.54,8.64,-0.355158682944441,0.0250830114644357,-0.020044543429844,0.0185185185185186,8.64,1.105061143791647,9.445853204668031,9.012500000000044,8.579146795332058,0.2548189355576002,0.0961671466669593,51.56250000000011,40.625,8.802000000000135,8.858000000000084,5337303.0,5222366.75,-58.22784810126577,-82.1199003017188,40.1760146038435,9.3625,9.29,,,,0.0,0.0,0.0,0.0,0.0,0.0,,0.0,0.0,0.1804,0.0599,0.0,1.91,0.03,0,False,0,False,False,False,False,0.53942294571169,False,False,False,False,True,False,False,False,True,True,False,False,False,False,False,False,False,False,0.0,0.0,8.40909090909089,0.0,0.035121522950311,False,False,False,False,True,False,False,-1.0,False,4,True,False,290.81568773252064,,3,False,3,False,True,False,True,"market_above_ma60, avoid_chase, kd_golden_cross, obv_uptrend",open_high_close_low,close_below_ema20,-35.7,43.3,31.8,33.3,-0.65,False,30,D
2026-07-31,65.5,67.6,65.2,65.2,605348,40024450,2015,豐興,,0.8750407533551368,0.626095084666181,0.2489456686889557,63.851493651545816,63.085057718511216,63.295574487725176,59.71589075828631,26.521419654600585,1.180488428742997,371770.7,23767450.35,66.5,62.7,0.2956095916863005,0.0372717426185184,0.0219435736677116,-0.019548872180451,66.5,1.951958479603991,66.13677803136025,63.604999999999926,61.0732219686396,0.8149960186563202,0.0796094027626862,51.020408163265394,70.18140589569157,65.27999999999956,64.40999999999985,2487773.0,558503.6,-46.153846153846025,155.70032573289922,69.9801105153385,62.7,62.6,,,,0.0,0.0,0.0,0.0,0.0,0.0,,0.0,0.0,-0.0973,-0.0618,0.0,12.81,0.26,0,False,0,False,False,True,False,1.6282832401800356,True,True,True,False,True,False,False,False,False,True,False,False,False,False,False,False,True,True,0.0,-12.0,1.993865030674842,15.0,2.0,False,False,True,True,False,False,False,-1.0,False,8,True,False,593.2828324018003,,5,False,3,False,False,False,False,"volume_break, rsi_strong, market_above_ma60, avoid_chase, adx_trending, obv_uptrend, mfi_strong, above_ichimoku_cloud",long_upper_shadow,,266.7,90.0,93.8,33.3,1.53,False,30,D
2026-07-31,21.2,21.45,21.05,21.1,205036,4356848,2020,美亞,,-0.105861844265334,-0.1042668312321299,-0.001595013033204,21.29744767530258,21.701257004402965,22.323387915248585,42.72093514435764,23.058294587212185,0.3301519582889092,292218.1,6227891.4,21.75,21.1,-0.1133750966159857,-0.0327574300154078,-0.0070588235294116,-0.0047169811320754,21.2,0.96280652100523,21.694622291730152,21.32250000000004,20.95037770826992,0.2010391409695419,0.0349041896334964,41.66666666666681,56.4102564102565,21.210000000000218,21.190000000000147,-13526335.0,-13286000.25,-68.74999999999989,-63.33333333333288,39.45045855968869,21.475,23.15,,,,0.0,0.0,0.0,0.0,0.0,0.0,,0.0,0.0,0.0363,0.0087,0.0,1.73,0.09,0,False,0,False,False,False,False,0.7016540043207454,False,False,True,False,True,False,False,False,False,False,False,False,False,False,False,False,False,True,0.0,0.0,3.08056872037914,8.0,-0.208663379015424,False,False,False,True,False,False,False,-1.0,False,3,True,False,222.51257949502235,,5,False,3,True,True,False,True,"market_above_ma60, avoid_chase, adx_trending",long_upper_shadow,"macd_death_cross, close_below_ema20",-104.0,23.3,15.1,33.3,-0.32,False,30,D
2026-07-31,7.64,7.69,7.5,7.59,540467,4096070,2022,聚亨,,-0.0775470368710937,-0.0504646889241659,-0.0270823479469278,7.740148823068146,7.915463534542242,8.090428203453069,40.49690762581197,15.805818573817552,0.1849481529820819,706037.65,5555109.9,8.2,7.54,-0.3880713294678489,-0.0324526715565354,-0.0231660231660231,0.0066312997347479,7.54,0.6624194643005071,8.206792415582322,7.818500000000017,7.430207584417713,0.2057629883687705,0.0993265755790251,53.84615384615385,47.13675213675257,7.616000000000076,7.672000000000071,1205607.0,2513218.4,-60.5633802816901,-91.35755013133448,41.64083843157213,7.8325,8.55,,,,0.0,0.0,0.0,0.0,0.0,0.0,,0.0,0.0,0.1948,-0.0844,0.0,2.21,-0.04,0,False,0,False,False,False,False,0.7654931716460163,False,False,False,False,True,False,False,False,False,False,False,False,False,False,False,False,False,False,0.0,0.0,8.03689064558629,0.0,-0.7942397336572796,False,False,False,False,False,False,False,-1.0,False,2,False,False,128.1240549125728,,3,False,3,False,True,False,True,"market_above_ma60, avoid_chase",,close_below_ema20,-198.4,3.3,2.6,33.3,-0.19,False,30,D
2026-07-31,13.7,13.95,13.6,13.65,2186331,29882059,2023,燁輝,,-0.0203798508619854,0.0004706167920104,-0.0208504676539959,13.772945150926503,13.861527560162262,14.08412413297257,45.27272454937924,18.48296183461345,0.2977473650960045,1744210.4,24170934.0,14.2,13.6,-0.0403442433122601,-0.0127333534544723,-0.0215053763440858,0.0,13.65,0.7252861209970332,14.162987251906944,13.809999999999944,13.457012748092948,0.2733629201401006,0.0511205288786384,15.384615384615364,15.384615384615245,13.709999999999855,13.774999999999864,-48600564.0,-48377764.85,-90.00000000000003,-47.50957854406219,47.275075839021184,13.8625,13.925,,,,0.0,0.0,0.0,0.0,0.0,0.0,,0.0,0.0,-0.0188,-0.1244,0.0,4.04,0.17,0,False,0,False,False,False,False,1.2534789380914138,False,False,False,False,True,False,False,False,True,False,False,False,False,False,False,False,False,False,20.0,0.0,4.029304029304021,0.0,-0.0500713628447327,False,False,False,True,False,False,False,-1.0,False,3,True,False,201.9339330267773,,3,False,3,False,True,False,True,"market_above_ma60, avoid_chase, kd_golden_cross",long_upper_shadow,close_below_ema20,-124.6,16.7,11.2,33.3,0.78,False,30,D
2026-07-31,13.55,13.8,13.55,13.7,9129,125006,2024,志聯,,-0.0433282804060617,-0.024094035843803,-0.0192342445622586,13.817387677382836,13.904481837749053,14.04767041300038,47.9033911070752,5.385340558107942,0.3751001051482974,13224.1,182590.5,14.05,13.55,-0.0492791952031787,,-0.0072463768115943,0.0110701107011068,13.55,1.1946329426280071,14.171032638349288,13.822500000000035,13.473967361650788,0.3242632302956863,0.050429754147115,33.333333333333336,40.00000000000061,13.770000000000072,13.78000000000011,-30708680.0,-30742057.95,-66.66666666666667,-62.85845377380159,56.93226848967885,10.75,7.475,,,,0.0,0.0,0.0,0.0,0.0,0.0,,0.0,0.0,0.1718,0.1338,0.0,0.64,0.03,0,False,0,False,False,False,False,0.6903305328907071,False,False,False,False,True,False,False,False,False,True,False,False,False,False,False,False,True,False,0.0,0.0,2.554744525547456,8.0,0.4704609492023652,False,False,True,False,False,False,False,-1.0,False,5,False,False,375.5488367193355,,3,False,3,False,True,False,True,"market_above_ma60, avoid_chase, obv_uptrend, mfi_strong, above_ichimoku_cloud",,close_below_ema20,49.0,63.3,59.3,33.3,-0.34,False,30,D
2026-07-31,43.8,44.15,42.9,43.2,19109583,828649440,2027,大成鋼,,0.6716867389486296,0.4561483090071553,0.2155384299414743,42.279564997669134,41.17150972989624,40.02804532392981,55.389809593699546,20.85441383735616,1.5255061412726592,17453517.75,736231258.35,44.55,40.45,0.4878198693480872,0.0591843164664272,-0.0080367393800228,-0.0114416475972539,43.7,1.3951724463629172,45.01781683147672,41.78249999999989,38.54718316852306,0.7190666438305305,0.1548646840891204,54.00000000000006,59.8960244648321,43.38000000000029,43.02000000000008,887943097.0,836767770.5,-31.506849315068468,76.68231611893587,68.48257555959168,42.0,40.325,,,,0.0,0.0,0.0,0.0,0.0,0.0,,0.0,0.0,0.4373,0.0207,0.0,21.82,0.1,0,False,0,False,False,True,True,1.0948843249665243,False,True,True,False,True,True,False,False,False,True,False,False,False,False,False,False,True,True,0.0,0.0,3.1249999999999867,8.0,0.7785028553386546,False,False,True,False,False,False,False,-1.0,False,9,False,False,663.2908775137291,,3,False,3,False,False,False,False,"ema60_gt_ema120, rsi_strong, market_above_ma60, avoid_chase, liquidity_ok, adx_trending, obv_uptrend, mfi_strong, above_ichimoku_cloud",,,336.7,93.3,96.0,33.3,0.47,True,30,D
2026-07-31,12.15,12.35,12.0,12.15,413524,5029792,2025,千興,,-0.2435713242579105,-0.3201362865980535,0.0765649623401429,12.142933519267396,12.36485864667858,12.163515077385966,48.6935809304961,16.764953436848952,0.5866895324856577,496623.05,6050020.1,13.65,11.25,-0.3731019657261777,-0.0142157728759429,0.0384615384615385,0.0124999999999999,12.0,1.2662237001886008,13.234279929938094,12.03249999999996,10.830720070061826,0.5488858222179203,0.1997556501039913,56.66666666666665,68.88888888888869,12.019999999999982,11.824999999999957,9310536.0,8761640.6,-40.62499999999998,20.934919706131343,44.78636276856503,14.0375,13.275,,,,0.0,0.0,0.0,0.0,0.0,0.0,,0.0,0.0,0.5786,-0.6404,0.0,1.15,-0.09,0,False,0,False,False,False,True,0.8326717819480993,False,False,False,False,True,False,False,False,False,True,False,False,False,False,False,False,False,True,0.0,0.0,12.34567901234568,0.0,0.184717464151125,False,False,False,False,False,False,False,-1.0,False,4,False,False,290.5433273892945,,3,True,3,False,False,False,False,"ema60_gt_ema120, market_above_ma60, avoid_chase, obv_uptrend",,,-36.0,40.0,31.7,33.3,-0.06,False,30,D
2026-07-31,15.25,15.5,15.25,15.45,71092,1093873,2028,威致,,-0.2622145480800242,-0.2671825066264073,0.0049679585463831,15.714847808468097,16.378447176149496,16.874199164688953,41.1314441022936,26.941893475632703,0.382165203075292,105643.3,1652746.35,16.2,15.15,-0.244133621687261,-0.188476193759223,-0.0096153846153846,0.0198019801980198,15.15,0.9133929898313004,16.238795586287136,15.707499999999982,15.176204413712826,0.257667853219462,0.0676486501718485,49.99999999999987,40.47619047619022,15.459999999999855,15.540000000000054,-4951333.0,-4878702.9,-63.15789473684218,-92.99895506791964,31.89571383811992,17.0125,17.8,,,,0.0,0.0,0.0,0.0,0.0,0.0,,0.0,0.0,0.1307,-0.2356,0.0,0.78,0.07,0,False,0,True,True,False,False,0.6729437645359431,False,False,True,False,True,False,False,False,True,False,False,False,False,False,False,False,False,False,0.0,0.0,4.854368932038835,0.0,-0.2407624528090304,False,False,False,False,False,False,False,-1.0,False,6,False,False,458.8402882116511,,5,False,3,False,True,False,True,"macd_golden_cross, market_above_ma60, avoid_chase, hist_turn_positive, adx_trending, kd_golden_cross",,close_below_ema20,132.3,83.3,80.2,33.3,-0.38,False,30,D
2026-07-31,20.6,20.8,20.6,20.7,177306,3665095,2029,盛餘,,-0.0082270203662311,-0.0089230800400508,0.0006960596738197,20.662087495397937,20.656907575783983,20.784190825995285,51.02206018958277,12.46154810365582,0.3217070068434337,227805.35,4706574.85,20.95,20.45,-0.0494643519068631,0.034591877712081,-0.0024096385542169,0.0024213075060532,20.65,1.322760749059017,21.022636833984983,20.67999999999997,20.33736316601496,0.5291854202705231,0.0331370245633473,45.4545454545454,40.94516594516608,20.66000000000004,20.65500000000002,-6236167.0,-6566473.05,-40.00000000000009,5.766245287205685,50.99341576829421,20.8625,20.5,,,,0.0,0.0,0.0,0.0,0.0,0.0,,0.0,0.0,0.0258,0.1028,0.0,67.16,0.25,0,False,0,True,True,True,False,0.7783223703920913,False,False,False,False,True,False,False,False,False,True,False,False,False,False,False,False,True,True,0.0,0.0,1.207729468599034,15.0,0.6813430720389484,False,False,False,False,False,False,False,-1.0,False,6,False,False,445.95934056838826,,3,False,3,False,False,False,False,"macd_golden_cross, market_above_ma60, avoid_chase, hist_turn_positive, obv_uptrend, mfi_strong",,,119.4,80.0,77.5,33.3,-0.17,False,30,D
2026-07-31,38.95,39.5,37.9,37.9,1227409,46980033,2031,新光鋼,,-0.0629623491867548,0.0651443273664291,-0.1281066765531839,39.3592860353709,39.46087522343097,39.53721776642095,39.88954854112957,12.31267734794784,1.1202916201249908,810563.95,31994305.45,40.95,38.5,0.0800484943490454,-0.0031699244110016,-0.0560398505603985,-0.0155844155844155,38.5,0.5733515819150485,40.98931225794346,39.36749999999993,37.7456877420564,0.0475740201086131,0.0823934594751271,0.0,12.578616352201305,39.32999999999993,39.53499999999967,-2361049.0,-1190749.85,-100.0,-110.34798534798492,58.375673451480814,40.6125,40.875,,,,0.0,0.0,0.0,0.0,0.0,0.0,,0.0,0.0,0.0782,0.0089,0.0,8.47,0.11,0,False,0,False,False,False,False,1.514265469121838,True,False,False,False,True,False,False,False,False,False,False,False,False,False,False,False,True,False,20.0,25.0,8.047493403693943,0.0,-0.4186840497238127,False,False,False,False,False,False,False,-1.0,False,4,False,False,295.1184460945326,,3,True,3,False,True,True,True,"volume_break, market_above_ma60, avoid_chase, mfi_strong",,"close_below_ema20, close_below_swing_low",-31.4,46.7,33.0,33.3,1.31,False,30,D
2026-07-31,17.3,17.3,16.8,16.85,693870,11816615,2030,彰源,,-0.3493820721617702,-0.2808348731882194,-0.0685471989735507,17.52717140973391,17.64042422735278,17.086388322253455,36.47700548013411,20.06297203328095,0.5209869601021394,953192.55,16966319.2,19.25,16.95,-0.546347877091149,-0.0058257338933728,-0.037142857142857,-0.0058997050147491,16.95,0.5433300191028954,19.0485312607849,17.644999999999982,16.241468739215062,0.2167857880289109,0.1590854361898465,21.73913043478264,29.891304347826008,17.050000000000182,17.210000000000036,11485082.0,14867830.1,-81.48148148148145,-90.01314060446775,41.87750142216235,18.725,17.725,,,,0.0,0.0,0.0,0.0,0.0,0.0,,0.0,0.0,0.3389,-0.1723,0.0,5.44,-0.01,0,False,0,False,False,False,True,0.7279431632150293,False,False,True,False,True,False,False,False,False,False,False,False,False,False,False,False,False,False,10.0,0.0,14.243323442136488,0.0,-0.8554182941557206,False,False,False,False,True,False,False,-1.0,False,4,True,False,282.01441210228165,,3,False,3,False,True,True,True,"ema60_gt_ema120, market_above_ma60, avoid_chase, adx_trending",open_high_close_low,"close_below_ema20, close_below_swing_low",-44.5,36.7,28.6,33.3,-0.27,False,30,D
2026-07-31,14.7,15.3,14.7,15.3,115012,1735880,2033,佳大,,-0.2182987506790503,-0.2049452384732479,-0.0133535122058023,15.283404140635469,15.571239198343092,15.769231790750766,48.93412469297333,24.25698792374396,0.4207765535872861,200675.45,3002328.85,16.55,14.6,-0.4152664126522859,0.0161584992777724,-0.0064935064935064,0.0443686006825938,14.65,0.3314853655756709,16.424180725881218,15.337499999999954,14.250819274118689,0.4827456220089202,0.1417024581426266,87.50000000000007,55.48245614035053,14.989999999999965,15.104999999999928,-3489354.0,-2484527.75,-14.999999999999858,-33.70498526207866,25.29921227895157,15.975,15.95,,,,0.0,0.0,0.0,0.0,0.0,0.0,,0.0,0.0,-0.2885,-0.1801,0.0,0.75,0.0,0,False,0,False,False,False,False,0.5731244155675246,False,False,True,False,True,False,False,False,False,False,False,False,False,False,True,False,False,False,-20.0,0.0,8.169934640522875,0.0,-1.7394215147051453,False,False,False,False,False,False,False,-1.0,False,4,False,False,184.85818597921352,,5,False,3,False,False,False,False,"market_above_ma60, avoid_chase, adx_trending, williams_r_recovery",,,-141.7,10.0,8.4,33.3,-0.58,False,30,D
2026-07-31,15.75,15.9,15.55,15.55,180032,2831992,2032,新鋼,,-0.3649900183929571,-0.3348923628695946,-0.0300976555233624,16.067644141840525,16.51825727536772,16.39262031131829,39.07362886008848,23.681619518938028,0.5039994237574649,322835.05,5224066.05,17.25,15.3,-0.41825183194918,-0.1696566483089982,-0.0311526479750778,0.0,15.55,0.8654656747772672,17.034420060944484,16.102500000000056,15.170579939055628,0.203568995263317,0.1157484938294581,39.28571428571438,33.333333333332725,15.610000000000218,15.795000000000073,21808890.0,22043953.2,-64.51612903225804,-87.70226537216814,48.0960745801144,17.625,17.15,,,,0.0,0.0,0.0,0.0,0.0,0.0,,0.0,0.0,0.1199,-0.0226,0.0,3.44,-0.13,0,False,0,False,False,False,True,0.5576593991265818,False,False,True,False,True,False,False,False,False,False,False,False,False,False,False,False,False,False,0.0,0.0,10.932475884244369,0.0,-0.1451361651473244,False,False,False,False,False,False,False,-1.0,False,4,False,False,278.8349600094979,,3,False,3,False,True,False,True,"ema60_gt_ema120, market_above_ma60, avoid_chase, adx_trending",,close_below_ema20,-47.7,33.3,27.6,33.3,-0.61,False,30,D
2026-07-31,12.15,12.5,12.15,12.2,110299,1350622,2038,海光,,-0.3350146146922306,-0.2863970355033401,-0.0486175791888904,12.735760358494474,13.382935942990702,13.892573865094633,33.839498725926546,25.95597398467332,0.4536874142714308,360133.8,4647057.45,13.7,12.1,-0.5606481219662981,-0.1831209600516207,-0.0431372549019608,0.0082644628099173,12.1,0.6860273374472542,13.726325833609984,12.830000000000018,11.933674166390052,0.1485653004875002,0.1397234347014754,23.076923076923013,19.23076923076951,12.299999999999908,12.475,19521507.0,21246790.35,-78.57142857142865,-109.38215102974851,30.70479231219284,13.9375,14.375,,,,0.0,0.0,0.0,0.0,0.0,0.0,,0.0,0.0,-0.1918,-0.1194,0.0,1.86,0.18,0,False,0,False,False,False,False,0.3062722799137432,False,False,True,False,True,False,False,False,False,False,False,False,False,False,False,False,False,False,10.0,12.0,12.295081967213116,0.0,-0.6686620990026312,False,False,False,True,False,False,False,-1.0,False,3,True,False,177.03877761110584,,3,False,3,False,True,False,True,"market_above_ma60, avoid_chase, adx_trending",long_upper_shadow,close_below_ema20,-149.5,6.7,7.9,33.3,-1.11,False,30,D
2026-07-31,303.5,310.5,302.5,304.5,2065768,632207725,2049,上銀,,-10.473166661937457,-8.302510967792168,-2.170655694145287,314.6824581643762,320.5377851347736,301.08964024961784,44.97944719587954,21.99148587883822,20.355491856397364,2583280.65,837152427.95,364.0,283.0,-0.9143197546684662,-0.3530114282298791,-0.0271565495207667,0.0759717314487633,283.0,0.8565644647559358,359.9410392352424,319.875,279.80896076475767,0.3081292748987769,0.2505106009237504,53.125,27.370169082125965,300.2,305.9,146807277.0,152679737.55,-56.03448275862069,-65.24957698815571,43.92890460826639,349.125,332.75,,,,0.0,0.0,0.0,0.0,0.0,0.0,,0.0,0.0,0.3162,0.0298,0.0,36.58,-0.09,0,False,0,False,False,False,True,0.7996684371092239,False,False,True,False,True,True,False,False,True,False,False,False,False,False,False,False,False,False,0.0,0.0,19.54022988505747,0.0,-0.6031194982349719,False,False,False,True,False,False,False,-1.0,False,6,True,False,415.7592503922726,,3,True,3,False,True,False,True,"ema60_gt_ema120, market_above_ma60, avoid_chase, liquidity_ok, adx_trending, kd_golden_cross",long_upper_shadow,close_below_ema20,47.0,76.5,69.7,19.6,-0.19,False,51,D
2026-07-31,18.7,18.8,18.3,18.4,1695807,31385022,2034,允強,,-0.4644317471995904,-0.3054334012623945,-0.1589983459371959,19.46069118812321,20.00757775613453,20.247930277613868,27.931043551409942,22.098483707104137,0.4789423177018378,1512759.4,29907234.05,20.75,18.45,-0.6374918323735368,-0.087075011613262,-0.0466321243523316,-0.0080862533692723,18.55,0.5519938374014147,21.28044505753274,19.742500000000064,18.204554942467382,0.0635409752043304,0.155800436371551,23.07692307692305,24.8558126606913,18.68999999999996,19.07500000000009,-3584305.0,3157260.55,-85.00000000000001,-130.1020408163264,26.170759342500304,20.4375,20.775,,,,0.0,0.0,0.0,0.0,0.0,0.0,,0.0,0.0,0.2248,0.0656,0.0,3.87,0.07,0,False,0,False,False,False,False,1.1210024541906665,False,False,True,False,True,False,False,False,False,False,False,False,False,False,False,False,False,False,10.0,25.0,12.771739130434792,0.0,-1.9452658337878288,False,False,False,False,False,False,False,-1.0,False,3,False,False,237.8668345364528,,5,False,3,False,True,True,True,"market_above_ma60, avoid_chase, adx_trending",,"close_below_ema20, close_below_swing_low",-88.7,30.0,18.6,33.3,0.52,False,30,D
2026-07-31,17.95,18.25,17.95,18.15,219784,3977399,2069,運錩,,-0.1947637483260464,-0.1750005068457764,-0.01976324148027,18.366306828522667,18.69573535812388,18.553656607760274,43.45202130841072,15.731182053344456,0.3850107663094287,263876.2,4814870.45,18.75,17.85,-0.0652858655798638,-0.1691547061195671,-0.0189189189189189,0.0111420612813371,17.95,0.9356843122310028,18.95367743970034,18.340000000000053,17.726322560299767,0.345195547604904,0.0669222944057016,44.44444444444436,31.48148148148175,18.039999999999964,18.334999999999944,7083864.0,7671073.6,-57.14285714285725,-56.13577023498704,37.50005086016589,19.525,19.575,,,,0.0,0.0,0.0,0.0,0.0,0.0,,0.0,0.0,0.1184,0.0045,0.0,2.34,-0.08,0,False,0,False,False,False,True,0.8329057338251801,False,False,False,False,True,False,False,False,False,False,False,False,False,False,False,False,False,False,0.0,0.0,3.3057851239669507,8.0,-0.7304592625525079,False,False,False,False,False,False,False,-1.0,False,3,False,False,197.5635461876217,,3,False,3,False,True,False,True,"ema60_gt_ema120, market_above_ma60, avoid_chase",,close_below_ema20,-129.0,13.3,10.4,33.3,-0.06,False,30,D
2026-07-31,18.6,18.85,18.5,18.85,191626,3577271,2062,橋椿,,-0.157641690545752,-0.1232386598171243,-0.0344030307286276,18.82727231997914,19.27052595820659,19.92563301768176,48.90925533505434,37.251181892860416,0.405557459974005,255630.0,4826139.3,19.35,18.3,-0.2332814279492649,-0.0498511977305074,0.0080213903743315,0.0300546448087433,18.3,1.1426593940304672,19.531996677724944,18.930000000000064,18.328003322275183,0.4335544505806864,0.0636023959561414,73.91304347826109,44.971014492753966,18.55,18.7,-6191571.0,-5485800.7,-37.037037037037,-56.56003708854887,17.722286215053643,18.9875,20.6,,,,0.0,0.0,0.0,0.0,0.0,0.0,,0.0,0.0,0.3139,0.0804,0.0,7.27,-0.04,0,False,0,False,False,False,False,0.7496225012713688,False,False,True,False,True,False,False,False,False,False,False,False,False,False,False,False,False,False,-10.0,0.0,2.652519893899204,8.0,-0.5982841155336069,False,False,False,False,False,False,False,-1.0,False,3,False,False,243.3168156263104,,10,False,3,False,False,False,False,"market_above_ma60, avoid_chase, adx_trending",,,-65.9,42.9,19.6,42.9,0.13,False,7,D
2026-07-31,33.05,33.75,33.0,33.25,2025738,67355393,2101,南港,,0.0128922425724269,0.1766644075795189,-0.163772165007092,33.13036462089556,33.115118601470265,33.82164892082606,51.53178987580418,18.398450525203053,0.965091509426964,2444041.15,82343064.5,34.55,32.25,-0.2396714137008475,0.1030345341475281,0.0075757575757575,0.0246533127889059,32.45,0.756224467757423,34.85988904838878,33.59250000000011,32.325110951611435,0.364879690874892,0.0754566673149463,60.37735849056613,34.561543882862075,32.76000000000022,33.11000000000022,-44336282.0,-39309433.75,-56.16438356164378,-42.52199413489706,20.4712497187257,32.175,33.65,,,,0.0,0.0,0.0,0.0,0.0,0.0,,0.0,0.0,3.2825,0.5868,0.0,7.23,0.23,0,False,0,False,False,True,False,0.82884774669199,False,False,False,False,True,True,False,False,False,False,False,False,False,False,False,False,False,False,0.0,0.0,3.909774436090218,0.0,-0.523013795060193,False,False,False,True,False,False,False,-1.0,False,3,True,False,192.0123119261976,,3,False,3,False,False,False,False,"market_above_ma60, avoid_chase, liquidity_ok",long_upper_shadow,,-140.5,18.2,9.3,36.4,-0.33,False,11,D
2026-07-31,19.15,19.45,19.15,19.35,359017,6939447,2102,泰豐,,0.215701309177156,0.1971518921169169,0.0185494170602391,18.965053351588875,18.75904741304145,18.943807052665,61.22554976995367,27.460009124358745,0.3966636311407336,319825.25,6074415.35,19.3,18.5,0.1170909992860718,0.0938880325891685,0.0184210526315791,0.010443864229765,19.15,0.3999437069958654,19.428282394999872,19.012500000000045,18.59671760500022,0.90586134004074,0.0437377930308823,66.66666666666693,60.22544283413845,19.239999999999963,19.14000000000005,11185600.0,10166785.65,-26.08695652173892,134.81071098799669,62.76217869062452,18.3125,18.975,,,,0.0,0.0,0.0,0.0,0.0,0.0,,0.0,0.0,-0.1552,0.1566,0.0,3.08,0.0,0,False,0,False,False,True,False,1.1225411376994154,False,True,True,True,True,False,False,False,True,True,False,False,False,False,False,True,True,True,0.0,-25.0,-0.2583979328165411,25.0,0.7176243476202769,False,False,True,False,False,False,False,-1.0,False,10,False,False,694.8369035484375,,5,False,3,False,False,False,False,"rsi_strong, breakout_20d, market_above_ma60, avoid_chase, adx_trending, kd_golden_cross, obv_uptrend, cci_momentum, mfi_strong, above_ichimoku_cloud",,,362.4,100.0,96.9,36.4,0.18,True,11,D
2026-07-31,21.4,21.65,20.9,21.25,6066953,129093723,2103,台橡,,-0.2049839501974126,0.2531504547419994,-0.458134404939412,22.410305203351164,21.67700285822487,20.45021296276318,43.370309206757646,21.48245850066713,1.1863594986599395,9496393.4,226217679.4,25.6,20.5,-0.756292470519428,0.259374901836965,-0.0879828326180257,0.0365853658536585,20.5,0.4505970177977134,26.026254217271124,23.24749999999999,20.46874578272886,0.1405763439629376,0.2390583260368756,24.71910112359552,14.606741573033409,21.15999999999985,22.379999999999928,117771730.0,140618761.0,-85.23489932885904,-124.7094285641299,62.17872441095927,21.1,20.475,,,,0.0,0.0,0.0,0.0,0.0,0.0,,0.0,0.0,0.4024,-0.0363,0.0,24.13,0.14,0,False,0,False,False,False,True,0.6388691732168551,False,False,True,False,True,True,False,False,False,False,False,False,False,False,False,False,True,False,10.0,12.0,20.470588235294123,0.0,-0.9301675750299162,False,False,True,False,True,False,False,-1.0,False,7,True,False,502.2266808318096,,3,False,3,False,True,False,True,"ema60_gt_ema120, market_above_ma60, avoid_chase, liquidity_ok, adx_trending, mfi_strong, above_ichimoku_cloud",open_high_close_low,close_below_ema20,169.8,90.9,86.1,36.4,-0.67,True,11,D
2026-07-31,9.81,9.85,9.64,9.65,4326080,41986791,2104,國際中橡,,-0.1988529915122434,-0.0849087185584432,-0.1139442729538001,10.235325495450288,10.509575724744543,10.76637675146478,36.10694174115269,12.18913835322665,0.3610701873135777,5232379.25,55372627.55,11.4,9.65,-0.7052684706101072,0.0345691960222804,-0.0676328502415458,0.0,9.65,0.6418370993648892,11.419172160520748,10.458500000000004,9.49782783947926,0.0792008797456216,0.1837112703582241,6.716417910447752,6.938462052155349,9.804000000000087,10.112000000000034,-10461291.0,15189150.3,-94.82758620689656,-145.11358630671432,38.02831051324685,10.485,10.775,,,,0.0,0.0,0.0,0.0,0.0,0.0,,0.0,0.0,-0.1241,-0.0944,0.0,5.03,-0.64,0,False,0,False,False,False,False,0.8267902216759231,False,False,False,False,True,True,False,False,False,False,False,False,False,False,False,False,False,False,20.0,25.0,18.134715025906736,0.0,-1.9157120978740632,False,False,False,False,False,False,False,-1.0,False,3,False,False,150.27935704227048,,3,False,3,False,True,False,True,"market_above_ma60, avoid_chase, liquidity_ok",,close_below_ema20,-182.2,9.1,4.4,36.4,-0.34,False,11,D
2026-07-31,31.0,31.35,30.3,30.45,24585466,751086932,2105,正新,,-0.3652785786115124,-0.1427797866987372,-0.2224987919127752,31.45861867618381,31.736792416727155,31.997544717429623,38.42531365731475,17.45187047686763,0.8917987445450848,13201021.75,425466065.7,33.6,30.4,-0.4070593519986037,-0.0639055383729128,-0.0256,-0.0032733224222586,30.55,0.6653245745539271,34.0141705639094,31.965000000000053,29.91582943609071,0.1303382386311013,0.1282133936436314,12.499999999999975,11.48288807403575,30.579999999999927,31.20500000000011,-157275928.0,-113933500.8,-90.21739130434784,-101.46286571642896,39.82599601090862,32.125,32.175,,,,0.0,0.0,0.0,0.0,0.0,0.0,,0.0,0.0,0.1501,0.096,0.0,9.41,-0.05,0,False,0,False,False,False,False,1.8623911440794343,True,False,False,False,True,True,False,False,False,False,False,False,False,False,False,False,False,False,20.0,12.0,10.344827586206904,0.0,-1.0985515969876718,False,False,False,False,False,False,False,-1.0,False,4,False,False,287.4412922769423,,3,False,3,False,True,False,True,"volume_break, market_above_ma60, avoid_chase, liquidity_ok",,close_below_ema20,-45.0,45.5,30.6,36.4,1.48,False,11,D
2026-07-31,25.65,25.95,25.65,25.65,228997,5913925,2107,厚生,,0.0055683043419598,0.0449491062539173,-0.0393808019119574,25.760714029936228,25.666129357137425,25.469959288570408,47.39493004730468,12.480816456069595,0.3720475123471167,290731.3,7508484.4,26.05,25.55,-0.0135865446034148,0.0282961360668916,-0.0115606936416184,0.0039138943248531,25.55,0.9661495452137387,26.112909561079547,25.807499999999983,25.50209043892042,0.242149526289792,0.0236682794598131,49.9999999999998,46.29629629629623,25.70999999999985,25.79499999999998,-2476902.0,-2291349.2,-55.00000000000007,-46.6613032984724,56.14839893998269,25.6875,25.575000000000003,,,,0.0,0.0,0.0,0.0,0.0,0.0,,0.0,0.0,1.0733,0.8915,0.0,6.58,0.12,0,False,0,False,False,False,True,0.7876585699578958,False,False,False,False,True,False,False,False,True,False,False,False,False,False,False,False,True,False,0.0,0.0,1.5594541910331468,15.0,-0.1187037937258134,False,False,False,False,False,False,False,-1.0,False,5,False,False,361.4521401748692,,3,False,3,False,True,False,True,"ema60_gt_ema120, market_above_ma60, avoid_chase, kd_golden_cross, mfi_strong",,close_below_ema20,29.0,63.6,54.6,36.4,-0.41,False,11,D
2026-07-31,18.4,19.1,18.15,18.15,2780670,51901752,2106,建大,,0.1900495835383253,0.1525424365388685,0.0375071469994567,17.905611174067044,17.777954139827855,18.195978902285173,56.508420748653904,26.69078679195232,0.4854904519508691,1185067.05,21384530.35,18.4,17.7,0.1683810826839191,0.1057109240222999,0.0225352112676056,-0.0081967213114755,18.3,0.9318298820934604,18.46860511391352,17.902499999999964,17.33639488608641,0.7185989791622233,0.0632431351949231,38.70967741935468,59.11534701857272,18.21999999999989,18.039999999999964,-20142567.0,-18717990.45,-52.77777777777792,152.96803652968063,75.95855747986248,17.549999999999997,17.6,,,,0.0,0.0,0.0,0.0,0.0,0.0,,0.0,0.0,0.116,0.0264,0.0,8.66,0.11,0,False,0,False,False,True,False,2.346424195998024,True,True,True,False,True,False,False,False,False,False,False,False,False,False,False,False,True,True,0.0,0.0,1.3774104683195594,15.0,-0.4340595907232711,False,False,True,True,False,False,False,-1.0,False,7,True,False,498.25552687130096,,8,False,3,False,False,False,False,"volume_break, rsi_strong, market_above_ma60, avoid_chase, adx_trending, mfi_strong, above_ichimoku_cloud",long_upper_shadow,,165.8,81.8,85.6,36.4,2.33,True,11,D
2026-07-31,14.35,14.45,14.25,14.45,115553,1658693,2109,華豐,,-0.0463084878955353,0.0006482954128003,-0.0469567833083356,14.525677293143206,14.523494340446666,14.656376354961022,46.70644067949036,19.620621441099747,0.2313125489508388,157046.45,2302165.4,14.95,14.2,-0.21005073553681,0.0904296246773174,-0.0034482758620689,0.0176056338028169,14.2,0.667599223098667,15.007598671405088,14.627499999999989,14.247401328594886,0.2665079973262886,0.0519704216585337,57.142857142857,42.85714285714251,14.389999999999782,14.479999999999928,-1654723.0,-1161333.2,-46.666666666666856,-95.04132231404982,21.526441630308128,14.375,14.35,,,,0.0,0.0,0.0,0.0,0.0,0.0,,0.0,0.0,-0.0885,-0.2002,0.0,15.26,0.05,0,False,0,False,False,False,False,0.7357886790818894,False,False,False,False,True,False,False,False,True,False,False,False,False,False,True,False,False,False,0.0,0.0,3.460207612456748,8.0,-0.6579103710015723,False,False,True,False,False,False,False,-1.0,False,5,False,False,332.4629623388,,3,False,3,False,True,False,True,"market_above_ma60, avoid_chase, kd_golden_cross, williams_r_recovery, above_ichimoku_cloud",,close_below_ema20,0.0,54.5,44.7,36.4,-0.5,False,11,D
2026-07-31,26.9,27.8,26.9,27.5,570667,15628994,2108,南帝,,-0.3495467921112194,-0.1904100954987553,-0.159136696612464,27.92735894803139,27.89436068455392,27.080598495295288,45.960686154575725,13.803774550861489,0.9175406514429044,1014452.25,28963486.5,29.85,26.55,-0.4757240783836684,0.0100344309445326,-0.028268551236749,0.0357815442561204,26.55,0.601526604020064,30.09937058035897,28.287500000000136,26.4756294196413,0.2826831539358141,0.1281039738654053,45.90163934426229,25.683060109289727,27.18000000000011,27.690000000000147,11024886.0,15358018.35,-54.09836065573771,-88.32731648616063,31.408847607878457,29.5,29.125,,,,0.0,0.0,0.0,0.0,0.0,0.0,,0.0,0.0,0.3178,-0.026,0.0,5.46,0.09,0,False,0,False,False,False,True,0.5625370735783769,False,False,False,False,True,False,False,False,True,False,False,False,False,False,False,False,False,False,0.0,0.0,8.54545454545455,0.0,-0.5645327533617153,False,False,False,False,False,False,False,-1.0,False,4,False,False,268.85097769544325,,3,False,3,False,True,False,True,"ema60_gt_ema120, market_above_ma60, avoid_chase, kd_golden_cross",,close_below_ema20,-63.6,36.4,25.2,36.4,-0.8,False,11,D
2026-07-31,87.3,88.0,86.4,87.7,35940,3135896,2114,鑫永銓,,-0.6184214842372171,-0.5537279246234552,-0.0646935596137618,88.16077756805454,88.94108778063489,88.39368059907311,44.30683908846086,19.37497041291837,1.2688893231487095,62776.4,5561334.75,90.5,87.0,-0.2093366067689969,-0.0394351724502341,-0.001138952164009,0.0080459770114942,87.0,0.7495613263125047,90.8474242814921,88.4949999999997,86.14257571850732,0.3310253795936523,0.0531651343351013,59.090909090909264,37.752525252525935,87.4,87.48999999999978,247070.0,418571.65,-66.66666666666667,-72.99270072992533,39.47693158553823,90.5,91.15,,,,0.0,0.0,0.0,0.0,0.0,0.0,,0.0,0.0,0.0671,-0.0028,0.0,4.14,0.05,0,False,0,False,False,False,True,0.5725081400016566,False,False,False,False,True,False,False,False,True,False,False,False,False,False,False,False,False,False,0.0,0.0,3.1927023945267927,8.0,-0.4640044856305443,False,False,False,False,False,False,False,-1.0,False,4,False,False,258.15702757245003,,3,False,3,False,True,False,True,"ema60_gt_ema120, market_above_ma60, avoid_chase, kd_golden_cross",,close_below_ema20,-74.3,27.3,23.2,36.4,-0.78,False,11,D
2026-07-31,21.7,22.15,21.45,21.75,105414,2284779,2115,六暉-KY,,0.1496963893856957,0.176897665249653,-0.0272012758639572,21.68546021519485,21.5864467216692,22.15746741184236,52.875292226445794,33.402686089259106,0.45507773542155,89019.65,1933441.5,22.2,21.55,0.1637676918955713,0.0780676581374045,-0.0136054421768707,0.0023041474654377,21.7,1.7895317761291405,22.35539050586205,21.71500000000001,21.07460949413797,0.5273270759634978,0.0589813958887441,37.499999999999964,30.55555555555596,21.77000000000008,21.925,-2698979.0,-2902729.5,-62.50000000000004,15.63218390804552,56.404222818982014,21.5125,21.325,,,,0.0,0.0,0.0,0.0,0.0,0.0,,0.0,0.0,0.3281,-0.0477,0.0,44.45,0.0,0,False,0,False,False,True,False,1.1841655185119242,False,False,True,False,True,False,False,False,False,True,False,False,False,False,False,False,True,False,0.0,0.0,2.0689655172413763,8.0,0.4513119374162172,False,False,True,True,False,False,False,-1.0,False,6,True,False,480.2573984341138,,10,False,3,False,False,False,False,"market_above_ma60, avoid_chase, adx_trending, obv_uptrend, mfi_strong, above_ichimoku_cloud",long_upper_shadow,,167.6,88.6,83.5,29.5,0.81,False,44,D
2026-07-31,52.6,54.2,52.6,53.1,1664249,88832637,2204,中華,,-1.0032628336454863,-0.5554154170500746,-0.4478474165954117,54.22328134689762,54.9300969989471,55.57913163649255,41.011004769808174,30.5372462953379,1.1910321045244008,1145587.15,63073370.9,57.9,51.5,-0.6646979404172988,0.0548615352808355,0.0250965250965251,0.0172413793103447,52.2,0.8901829038114399,60.09690927665416,55.225000000000094,50.35309072334603,0.281913016095868,0.1764385432921342,39.99999999999998,25.53872053872025,52.060000000000215,53.21000000000004,-28313738.0,-27758150.1,-68.00000000000001,-58.58901022707568,28.86724947443038,54.925,54.15,,,,0.0,0.0,0.0,0.0,0.0,0.0,,0.0,0.0,0.0671,0.0946,0.0,17.64,0.19,0,False,0,False,False,False,False,1.4527476150548653,False,False,True,False,True,True,False,False,False,False,False,False,False,False,False,False,False,False,0.0,0.0,9.039548022598863,0.0,-0.0848026800739534,False,False,False,True,False,False,False,-1.0,False,4,True,False,283.5098439896612,,10,False,3,False,True,False,True,"market_above_ma60, avoid_chase, liquidity_ok, adx_trending",long_upper_shadow,close_below_ema20,-29.1,31.8,29.0,29.5,1.35,False,44,D
2026-07-31,27.5,28.75,27.5,28.0,5862982,164406814,2201,裕隆,,-0.1052463077932195,0.0116305289121531,-0.1168768367053726,27.87444393036884,27.94235386192503,28.67354414385744,51.2220672155844,14.557620764894942,0.7469751408311736,2845825.1,80686831.55,29.3,27.0,-0.2941326141814686,0.0531028931053907,0.0035842293906811,0.0313075506445672,27.15,0.936385642010857,29.396662024150856,28.19999999999981,27.00333797584878,0.4164342161932872,0.084869647102911,61.363636363636346,31.35198135198152,27.41999999999971,27.789999999999782,-46736129.0,-43402145.7,-48.07692307692305,-25.28039878938964,42.64158642021851,27.825000000000003,28.0,,,,0.0,0.0,0.0,0.0,0.0,0.0,,0.0,0.0,-0.0806,0.0349,0.0,5.06,0.19,0,False,0,False,False,True,False,2.0602046134177394,True,False,False,False,True,True,False,False,False,False,False,False,False,False,True,False,False,False,0.0,0.0,4.642857142857145,0.0,-0.4731858509543655,False,False,False,False,False,False,False,-1.0,False,5,False,False,299.923815922725,,3,False,3,False,False,False,False,"volume_break, market_above_ma60, avoid_chase, liquidity_ok, williams_r_recovery",,,-12.7,45.5,34.8,29.5,2.58,False,44,D
2026-07-31,547.0,573.0,540.0,558.0,1231859,692332411,2207,和泰車,,14.935674642655044,7.669417864234774,7.266256778420271,501.3429566881604,490.1396466455228,499.5556791789073,82.32368347005743,29.9049468849064,15.167633197214442,539393.9,274061214.5,551.0,486.0,0.6548971163031645,0.1215120502694223,0.1306990881458967,0.012704174228675,551.0,3.48520046329915,539.9640976275153,493.85,447.7359023724848,1.19555735990075,0.1867534580440024,82.95454545454545,90.56156806156832,525.2,508.55,6475251.0,1347839.0,-15.625,292.70544783010115,87.51417402261357,477.125,488.5,,,,0.0,0.0,0.0,0.0,0.0,0.0,,0.0,0.0,0.4836,0.0422,0.0,22.45,0.25,0,False,0,False,False,True,False,2.2837837061190345,True,True,True,True,False,True,False,False,False,True,False,False,False,True,False,False,True,True,-20.0,-25.0,-1.254480286738351,25.0,0.7316823423833582,False,False,True,False,False,False,False,-1.0,False,10,False,False,741.6180251697907,,8,False,3,False,False,False,False,"volume_break, rsi_strong, breakout_20d, market_above_ma60, liquidity_ok, adx_trending, obv_uptrend, breakout_volume_confirm, mfi_strong, above_ichimoku_cloud",,,429.0,100.0,97.9,29.5,3.03,True,44,C
2026-07-31,65.0,66.7,64.8,64.8,2224051,146006592,2206,三陽工業,,0.4580019550690082,0.3684868320299969,0.0895151230390113,63.06633795662854,61.82690600593654,61.16466567240803,59.2345056856516,18.35310371609369,1.400434133916584,1689346.6,106942676.65,64.8,60.0,-0.0724447827125736,0.1494502635353255,0.0553745928338762,0.0015455950540956,64.7,1.1538741485807502,65.93756786681551,63.40499999999993,60.87243213318435,0.7754121653123005,0.0798854307015404,73.97260273972597,80.21308980213144,63.75999999999912,62.95999999999985,7254207.0,1660652.85,-26.02739726027404,150.92963908129832,62.73177869111096,61.2,58.9,,,,0.0,0.0,0.0,0.0,0.0,0.0,,0.0,0.0,-0.1338,-0.0319,0.0,7.88,0.54,0,False,0,True,True,True,True,1.3165155096059031,False,True,False,False,False,True,False,False,False,True,False,False,False,False,False,True,True,True,-10.0,0.0,0.0,25.0,0.9819453594968964,False,False,True,True,False,False,False,-1.0,False,10,True,False,689.9484994100218,,3,False,3,False,False,False,False,"macd_golden_cross, ema60_gt_ema120, rsi_strong, market_above_ma60, liquidity_ok, hist_turn_positive, obv_uptrend, cci_momentum, mfi_strong, above_ichimoku_cloud",long_upper_shadow,,377.3,95.5,96.7,29.5,1.08,True,44,D
2026-07-31,88.5,89.6,86.9,87.0,967515,85136759,2211,長榮鋼,,-1.920959531672267,-1.5285167700955284,-0.3924427615767385,90.45728960669292,93.49398132264416,95.88500343684652,31.09102064000443,28.467153101000548,1.7409417967046732,700768.35,64135046.8,96.8,87.0,-0.6381146123239887,-0.0955994818924654,-0.0091116173120728,-0.0158371040723982,88.4,0.9706505244908638,99.24328013390809,91.6199999999997,83.99671986609133,0.1969808324732861,0.1664108302534033,23.52941176470586,36.73202614379079,88.0,87.85999999999986,-6122344.0,-4454575.4,-91.83673469387756,-67.42957746478878,24.61421239250646,93.875,96.25,,,,0.0,0.0,0.0,0.0,0.0,0.0,,0.0,0.0,0.4725,0.1652,0.0,3.63,0.48,0,False,0,False,False,False,False,1.3806488263917742,False,False,True,False,True,True,False,False,False,False,False,False,False,False,False,False,False,True,10.0,12.0,11.264367816091951,0.0,-0.919268688684324,False,False,False,False,False,False,False,-1.0,False,4,False,False,339.7752639997058,,5,False,3,False,True,False,True,"market_above_ma60, avoid_chase, liquidity_ok, adx_trending",,close_below_ema20,13.2,53.3,47.0,33.3,1.04,False,30,D
2026-07-31,18.8,19.25,18.65,19.0,3117929,59348421,2208,台船,,-0.0671799111568098,0.2117604243986309,-0.2789403355554408,19.43784023934448,19.418955626303568,19.73592619521202,47.31811743854362,28.29866565470039,1.0144160073745565,11450629.15,236990804.8,21.7,18.2,-0.5377467406573747,0.0805059800838197,-0.0428211586901764,0.043956043956044,18.2,0.2523603717917131,21.960237695600817,20.02750000000001,18.094762304399204,0.2341853469462642,0.1930083830334096,25.974025974025963,13.8528138528139,18.75,19.495000000000072,318234947.0,335977749.75,-79.38144329896907,-105.8394160583946,55.9254503200701,17.95,19.55,,,,0.0,0.0,0.0,0.0,0.0,0.0,,0.0,0.0,0.1486,0.0561,0.0,7.3,-0.18,0,False,0,False,False,False,False,0.2722932477470026,False,False,True,False,True,True,False,False,False,False,False,False,False,False,False,False,True,False,10.0,0.0,14.21052631578947,0.0,-0.7562714132294713,False,False,False,False,False,False,False,-1.0,False,5,False,False,363.6476755187164,,3,False,3,False,True,False,True,"market_above_ma60, avoid_chase, liquidity_ok, adx_trending, mfi_strong",,close_below_ema20,-6.3,50.0,55.4,32.1,-1.25,False,28,X
2026-07-31,50.0,50.5,49.6,50.2,22338,1120009,2227,裕日車,,0.1565149279996944,0.1166643314341953,0.0398505965654991,50.09605141443509,50.31061282035787,51.259695887724746,51.55984326195732,11.10231101302979,1.0454687297714038,50657.8,2538001.15,50.8,49.55,0.0683003593684199,-0.0096043109853376,0.0019960079840319,0.0,50.2,1.4819827374760417,50.77310893806126,50.08000000000002,49.386891061938776,0.5865664785218655,0.0276800694113915,64.70588235294142,60.45751633986947,50.42000000000007,50.21499999999996,-1288428.0,-1263966.2,-51.999999999999886,44.26002766251634,64.5559739178412,49.8875,52.375,,,,0.0,0.0,0.0,0.0,0.0,0.0,,0.0,0.0,-0.0191,0.1363,0.0,40.48,0.06,0,False,0,False,False,False,False,0.4409587467280458,False,False,False,False,True,False,False,False,True,False,False,False,False,False,False,False,True,True,0.0,0.0,1.1952191235059646,15.0,-0.1267829564702157,False,False,False,False,False,False,False,-1.0,False,4,False,False,272.88819198963785,,3,False,3,False,False,False,False,"market_above_ma60, avoid_chase, kd_golden_cross, mfi_strong",,,-39.7,25.0,26.1,29.5,-0.68,False,44,D
2026-07-31,78.3,79.5,78.1,78.1,84785,6665080,2228,劍麟,,-2.0690461942636773,-1.8020269131750568,-0.2670192810886205,80.67155547735268,84.16807074386864,87.75482139543743,36.72883120684899,29.262164842403,2.277697284209021,125632.85,10224514.9,87.8,76.9,-0.6660845493216427,-0.1116653936353778,-0.0200752823086576,0.0156046814044212,76.9,0.9787336712789948,88.34784449379471,81.39000000000033,74.43215550620594,0.2635762050348607,0.1709754145176153,53.4482758620689,43.251761216166415,78.12000000000043,78.70000000000036,-6212341.0,-5640187.55,-71.81818181818187,-63.112681422979634,27.019672145220824,85.975,87.15,,,,0.0,0.0,0.0,0.0,0.0,0.0,,0.0,0.0,0.0224,0.0179,0.0,3.73,0.3,0,False,0,False,False,False,False,0.6748633020742584,False,False,True,False,True,False,False,False,True,False,False,False,False,False,False,False,False,False,0.0,0.0,12.419974391805384,0.0,-0.9220231943451136,False,False,False,True,False,False,False,-1.0,False,4,True,False,285.6843546886012,,5,False,3,False,True,False,True,"market_above_ma60, avoid_chase, adx_trending, kd_golden_cross",long_upper_shadow,close_below_ema20,-26.9,34.1,29.7,29.5,-0.21,False,44,D
2026-07-31,95.8,95.8,93.1,95.7,213352,20205719,2231,為升,,-3.5431595567921903,-1.171366506438271,-2.3717930503539195,101.23045138321172,104.06934466939634,103.8441478205203,43.79767353755436,26.8908255767984,6.732515679495546,1897998.2,219275725.1,126.5,88.8,-1.6641020108042188,-0.0857807661348385,-0.0072614107883817,0.0633333333333334,90.0,0.1579054453547068,130.16412832326267,107.33500000000004,84.50587167673741,0.2451720487254849,0.4253808789912446,33.93501805054154,18.13525034042444,92.24000000000017,97.77000000000008,33438181.0,35456671.4,-77.45803357314146,-87.92861439743344,48.2252268848966,97.0,119.25,,,,0.0,0.0,0.0,0.0,0.0,0.0,,0.0,0.0,-0.179,0.0698,0.0,4.44,-0.04,0,False,0,False,False,False,True,0.1124089580274628,False,False,True,False,True,True,False,False,False,False,False,False,False,False,False,False,False,False,0.0,0.0,32.183908045977006,0.0,-0.350287719430027,False,False,False,False,True,False,False,-1.0,False,5,True,False,276.9206369471143,,3,False,3,False,True,False,True,"ema60_gt_ema120, market_above_ma60, avoid_chase, liquidity_ok, adx_trending",open_high_close_low,close_below_ema20,-35.7,29.5,27.2,29.5,-1.34,False,44,X
2026-07-31,189.0,190.5,185.0,190.5,550965,103909574,2233,宇隆,,-21.520585332734584,-19.64086131095329,-1.8797240217812927,216.3103858774235,248.25225026326336,249.9413670881152,37.78609521806281,24.336120510971416,17.28366916263709,897234.0,200361042.5,275.0,173.5,-2.0639689465088007,-0.9833005908280186,-0.0638820638820638,0.0979827089337175,173.5,0.8713976228745908,277.51587793004825,222.4,167.28412206995176,0.2106097081453848,0.4956463842630237,35.922330097087375,18.52873188110243,189.3,199.4,24514399.0,28203492.2,-73.57142857142857,-101.35814584620616,25.31647836514489,306.625,301.5,,,,0.0,0.0,0.0,0.0,0.0,0.0,,0.0,0.0,0.0758,-0.0513,0.0,7.38,0.25,0,False,0,False,False,False,False,0.6140705769063589,False,False,True,False,True,True,False,False,True,False,False,False,False,False,False,False,False,False,0.0,0.0,44.35695538057743,0.0,-0.4654155852155754,False,False,False,False,False,False,False,-1.0,False,5,False,False,335.55571874647666,,3,False,3,False,True,False,True,"market_above_ma60, avoid_chase, liquidity_ok, adx_trending, kd_golden_cross",,close_below_ema20,22.9,61.4,45.7,29.5,-0.33,False,44,D
2026-07-31,134.5,138.5,128.0,130.5,1043081,137359441,2236,百達-KY,,-4.948869913095308,-0.3563006846371581,-4.592569228458149,147.8477389214207,144.54047974702058,134.9915255159874,29.73073774392269,29.589460239110927,8.757206197727642,847502.0,136804326.2,184.5,131.0,-1.9483962592990671,0.2456328140463589,-0.1241610738255033,-0.0076045627376425,131.5,1.2911634615783092,193.8529033904608,158.225,122.59709660953924,0.1109089033930737,0.4503448050619149,30.26315789473684,30.354957160342263,134.1,143.1,-3004517.0,536566.45,-78.89908256880734,-113.14579886008448,24.967656654265568,135.375,131.5,,,,0.0,0.0,0.0,0.0,0.0,0.0,,0.0,0.0,0.7565,-0.1307,0.0,50.95,-1.15,0,False,0,False,False,False,True,1.230771136823276,False,False,True,False,True,True,False,False,False,False,False,False,False,False,False,False,False,False,0.0,12.0,41.37931034482759,0.0,-1.6442778107748852,False,False,False,False,True,False,False,-1.0,False,5,True,False,339.5763776389341,,3,False,3,False,True,True,True,"ema60_gt_ema120, market_above_ma60, avoid_chase, liquidity_ok, adx_trending",open_high_close_low,"close_below_ema20, close_below_swing_low",27.0,63.6,46.9,29.5,0.91,False,44,D
2026-07-31,19.4,20.2,19.4,19.9,30300,599339,2239,英利-KY,,-0.6633761252646977,-0.6726763053051437,0.0093001800404459,20.53349854908248,21.9072407259756,23.714787555455903,35.77424606581262,29.430995654598984,0.7947458893867215,127577.7,2662467.3,23.2,19.6,-0.7487709317090201,-0.2221454517658517,-0.009950248756219,0.0153061224489794,19.6,0.500334259878259,22.78162159916016,20.64749999999999,18.51337840083982,0.3248693981884277,0.2067196124625423,69.23076923076914,65.81196581196612,19.870000000000072,19.925,-3504677.0,-3479519.85,-53.44827586206901,-62.09724663151726,7.911620448541399,23.05,23.225,,,,0.0,0.0,0.0,0.0,0.0,0.0,,0.0,0.0,-0.1968,-0.0078,0.0,75.31,0.08,0,False,0,True,True,False,False,0.237502322114288,False,False,True,False,True,False,False,False,True,False,False,False,False,False,False,False,False,False,0.0,0.0,16.582914572864325,0.0,-0.0499437789028603,False,False,False,False,False,False,False,-1.0,False,6,False,False,386.77569787430855,,3,False,3,False,True,False,True,"macd_golden_cross, market_above_ma60, avoid_chase, hist_turn_positive, adx_trending, kd_golden_cross",,close_below_ema20,74.2,77.3,62.5,29.5,-1.09,False,44,X
2026-07-31,31.95,32.05,30.45,31.1,657668,20377815,2241,艾姆勒,,-2.9180410974148145,-2.0381890977302035,-0.879851999684611,36.14592639906815,37.46597871854003,35.91631282476702,30.13616375727929,32.426228486024414,2.33508386974802,1151638.4,45763797.55,47.6,30.45,-2.2929095375687147,0.1838259042561967,-0.1114285714285714,0.0213464696223317,30.45,0.5391910454002334,47.786464408212495,37.58750000000009,27.388535591787686,0.1819530032492206,0.5426785185613504,24.285714285714327,16.14946457051701,31.51000000000022,33.26500000000014,53770103.0,59587073.1,-85.34482758620688,-99.3538663009773,19.762858549213675,45.0375,41.0,,,,0.0,0.0,0.0,0.0,0.0,0.0,,0.0,0.0,1.2511,0.5507,0.0,10.7,-0.2,0,False,0,False,False,False,True,0.5710716141455513,False,False,True,False,True,False,False,False,False,False,False,False,False,False,False,False,False,False,10.0,12.0,53.05466237942122,0.0,-0.2838714466952776,False,False,False,False,True,False,False,-1.0,False,4,True,False,314.3042587811122,,8,False,3,False,True,False,True,"ema60_gt_ema120, market_above_ma60, avoid_chase, adx_trending",open_high_close_low,close_below_ema20,1.7,54.5,39.7,29.5,-0.42,False,44,D
2026-07-31,40.45,42.55,40.45,41.55,635647,26283831,2243,宏旭-KY,,-0.781636555737272,1.3974493310849452,-2.179085886822217,48.66539943270772,42.10542671105954,33.403604181444564,38.82036328099459,22.002404509670708,4.130621818234884,932432.15,48408417.3,66.0,39.85,-1.7582384902446877,1.8739629452048707,-0.1755952380952381,0.0426599749058969,39.85,1.1491550111019404,64.62263574146832,51.82249999999995,39.02236425853158,0.0987347240888891,0.4939991602670029,9.686609686609664,6.844689104575688,44.19000000000015,48.33500000000004,32762566.0,35890737.0,-90.31339031339034,-164.37561626355784,27.806848762201582,38.65,36.3,,,,0.0,0.0,0.0,0.0,0.0,0.0,,0.0,0.0,-0.4008,1.5073,0.0,29.09,-0.35,0,False,0,False,False,False,True,0.6817085833001361,False,False,True,False,True,False,False,False,True,False,False,False,False,False,False,False,False,False,20.0,25.0,58.8447653429603,0.0,-0.3002637874045837,False,False,True,False,False,False,False,-1.0,False,6,False,False,413.2139203841464,,3,False,3,False,True,False,True,"ema60_gt_ema120, market_above_ma60, avoid_chase, adx_trending, kd_golden_cross, above_ichimoku_cloud",,close_below_ema20,100.6,81.8,69.1,29.5,-0.2,False,44,D
2026-07-31,232.0,234.5,229.0,230.0,60497,13944635,2247,汎德永業,,-0.9037311047093796,-1.2252593757958776,0.3215282710864982,227.5157275326212,229.0872125557968,237.6432998035119,53.82012547408007,20.91714538803648,5.288117487617671,63205.6,14410384.95,238.0,220.0,-0.244918959098786,0.177355072422533,0.0222222222222221,-0.002169197396963,230.5,2.61911502577234,238.45104410070888,227.975,217.4989558992911,0.5966490776734598,0.0919052010151015,71.875,69.76478494623673,227.2,224.4,-1831872.0,-1975901.5,-32.35294117647059,39.28170594837172,57.53413766153519,228.375,223.5,,,,0.0,0.0,0.0,0.0,0.0,0.0,,0.0,0.0,-0.0699,0.0348,0.0,3.91,0.32,0,False,0,False,False,True,False,0.957146202235245,False,False,True,False,True,False,False,False,False,True,False,False,False,False,False,False,True,True,-10.0,0.0,3.4782608695652173,8.0,0.3246828971928437,False,False,True,False,False,False,False,-1.0,False,6,False,False,436.4676567886666,,5,False,3,False,False,False,False,"market_above_ma60, avoid_chase, adx_trending, obv_uptrend, mfi_strong, above_ichimoku_cloud",,,123.9,84.1,75.1,29.5,0.36,False,44,D
2026-07-31,58.8,59.5,57.9,59.4,57646,3378268,2248,華勝-KY,,0.6302062350540822,1.3243432763174312,-0.694137041263349,60.1788988699754,57.69988991844589,55.07808433500082,49.049064396192826,26.08520133767711,2.592483644519737,287107.1,18126787.85,66.0,57.5,0.1443144700817794,0.2260748695523841,-0.0450160771704181,0.0330434782608695,57.5,0.1940798708102984,66.89194085991981,60.940000000000055,54.9880591400803,0.3706304349921899,0.1953377374440351,23.140495867768568,15.426997245179033,59.3,61.540000000000326,2501891.0,2669467.6,-80.28169014084507,-52.99860529986042,74.38840325487746,55.5,55.25,,,,0.0,0.0,0.0,0.0,0.0,0.0,,0.0,0.0,1.0659,0.5555,0.0,50.9,-0.03,0,False,0,False,False,True,True,0.2007822168103819,False,False,True,False,True,False,False,False,True,False,False,False,False,False,False,False,True,False,10.0,0.0,11.111111111111112,0.0,-0.2653042267367912,False,False,True,False,False,False,False,-1.0,False,7,False,False,528.8241714472623,,3,False,3,False,True,False,True,"ema60_gt_ema120, market_above_ma60, avoid_chase, adx_trending, kd_golden_cross, mfi_strong, above_ichimoku_cloud",,close_below_ema20,216.2,93.2,88.4,29.5,-1.17,False,44,X
2026-07-31,58.7,58.7,56.2,56.4,185654,10582179,2250,IKKA-KY,,-1.874662226738259,-0.9531620307973973,-0.921500195940862,61.03047446290264,62.8930224889155,65.65071048107319,36.33433693467941,18.19950642385171,2.661189493784982,281105.65,18845408.4,75.4,55.0,-1.0921093964482411,-0.0358924200726358,-0.0769230769230769,0.0254545454545453,55.0,0.3789906216244812,71.13604408770126,62.75499999999992,54.37395591229858,0.1208706258134656,0.2671036280041861,19.480519480519472,11.05620043673116,57.759999999999856,59.56999999999971,-1059579.0,-208055.6,-86.72566371681417,-121.37931034482764,26.12040856197885,62.375,63.9,,,,0.0,0.0,0.0,0.0,0.0,0.0,,0.0,0.0,-0.0365,0.128,0.0,6.49,-0.2,0,False,0,False,False,False,False,0.6604420793392093,False,False,False,False,True,False,False,False,True,False,False,False,False,False,False,False,False,False,20.0,12.0,33.687943262411366,0.0,-0.9275321483691537,False,False,False,False,True,False,False,-1.0,False,3,True,False,197.47403501296225,,3,False,3,False,True,False,True,"market_above_ma60, avoid_chase, kd_golden_cross",open_high_close_low,close_below_ema20,-115.1,4.5,10.3,29.5,-0.24,False,44,D
2026-07-31,61.1,61.4,61.0,61.4,4147,253698,2254,巨鎧精密-創,,0.7207650295805834,-1.0316941391579544,1.7524591687385378,56.56391686843731,59.08527068941048,61.06284649944016,52.05757581854654,13.409594999541312,9.296218292233911,7071.0,426096.15,62.0,0.0,,,0.0132013201320131,-0.0080775444264943,61.9,0.6609658745473289,90.23752898123227,54.115000000000144,17.992471018768015,0.6008373472934974,1.3350283278659163,99.03225806451611,97.84591752333716,61.060000000000585,54.810000000000215,1316169.0,1293312.6,-3.610675039246474,44.59934612300291,70.66980589537391,61.975,74.7,,,,0.0,0.0,0.0,0.0,0.0,0.0,,0.0,0.0,-0.8841,1.6305,0.0,23.86,0.03,0,False,0,False,False,True,False,0.586479988686183,False,False,False,False,True,False,False,False,False,True,False,False,False,False,False,False,True,True,-20.0,0.0,0.9771986970684062,25.0,0.2431857965583787,False,False,False,False,False,False,False,-1.0,False,4,False,False,233.7830294455624,,3,False,3,False,False,False,False,"market_above_ma60, avoid_chase, obv_uptrend, mfi_strong",,,-78.8,13.6,17.6,29.5,-0.39,False,44,D
2026-07-31,31.8,32.4,31.7,32.0,380360,12129717,2258,鴻華先進-創,,-0.0151399696212521,0.0846202870902803,-0.0997602567115325,32.00866973808347,31.69898455606745,32.56061274549071,50.302161861768006,13.253365226823002,1.0114139887000966,520009.3,16651982.5,32.9,31.35,-0.1024193585277056,0.2621251581727105,-0.001560062402496,0.0207336523125996,31.35,0.845828315895676,32.88387538498706,32.09250000000011,31.30112461501316,0.4415574443210455,0.0493184005600652,64.70588235294115,50.83692013390706,31.81000000000022,31.95000000000018,-16226046.0,-16610188.65,-46.34146341463419,-9.704641350211087,60.67503140370579,31.475,30.4,,,,0.0,0.0,0.0,0.0,0.0,0.0,,0.0,0.0,0.2267,-0.16,0.0,0.47,0.07,0,False,0,False,False,True,False,0.7314484567872152,False,False,False,False,True,False,False,False,True,True,False,False,False,False,False,False,True,False,0.0,0.0,2.812499999999996,8.0,0.3921038913035949,False,False,True,False,False,False,False,-1.0,False,6,False,False,455.0197312635153,,3,False,3,False,True,False,True,"market_above_ma60, avoid_chase, kd_golden_cross, obv_uptrend, mfi_strong, above_ichimoku_cloud",,close_below_ema20,142.4,86.4,79.5,29.5,-0.1,False,44,D
2026-07-31,77.7,77.7,75.2,76.9,595258,45420277,2348,海悅,,0.8436962495159293,1.1712519115992888,-0.3275556620833595,76.47144473331008,74.96029715097791,76.03029630992387,53.09308055021895,31.63785532851812,2.5375181536922025,700701.5,53977623.6,79.9,75.2,0.0909761388717644,0.2163344145761126,-0.0166240409207161,0.0078636959370905,76.3,0.5363898237087757,79.81347053729648,77.0600000000004,74.30652946270432,0.4709457577567699,0.0714630297766952,53.96825396825408,41.65839947089989,76.52000000000044,77.52000000000044,-7985036.0,-7533933.55,-61.36363636363628,-29.100529100528544,46.69379564089423,74.325,73.85,,,,0.0,0.0,0.0,0.0,0.0,0.0,,0.0,0.0,2.4766,7.8073,0.0,2.12,0.03,0,False,0,False,False,True,False,0.8495172338006983,False,False,True,False,True,True,False,False,False,False,False,False,False,False,False,False,False,False,0.0,0.0,3.901170351105331,0.0,-0.3290721984567765,False,False,True,False,False,False,False,-1.0,False,5,False,False,374.54630595652566,,8,False,3,False,False,False,False,"market_above_ma60, avoid_chase, liquidity_ok, adx_trending, above_ichimoku_cloud",,,-0.7,48.5,58.7,30.3,0.04,False,33,D
2026-07-31,24.3,24.7,24.25,24.3,6816237,166727191,2371,大同,,-0.996541114480756,-0.765036481696094,-0.2315046327846621,25.98177742684639,27.90724248085818,29.91031645046203,34.20729279075442,31.73989584110812,0.8900939951464865,9437319.55,249920392.65,28.15,23.5,-0.8095320274879578,-0.3148786497262437,-0.0581395348837209,0.0340425531914894,23.5,0.856594028092872,29.01934369825815,26.36749999999993,23.715656301741703,0.1101768740446696,0.2011448713953336,27.02702702702703,17.66012587930345,24.47999999999993,25.349999999999817,190894217.0,240571756.15,-79.79797979797979,-129.53436222134275,16.745032214937595,29.1375,30.475,,,,0.0,0.0,0.0,0.0,0.0,0.0,,0.0,0.0,0.1664,0.4774,0.0,5.95,-0.08,0,False,0,False,False,False,False,0.7222640882177185,False,False,True,False,True,True,False,False,True,False,False,False,False,False,False,False,False,False,10.0,12.0,15.843621399176946,0.0,-1.2636251448366342,False,False,False,False,False,False,False,-1.0,False,5,False,False,384.0591391441376,,8,False,3,False,True,False,True,"market_above_ma60, avoid_chase, liquidity_ok, adx_trending, kd_golden_cross",,close_below_ema20,15.3,62.7,61.8,19.6,-0.28,False,51,D
