date,open,high,low,close,volume,amount,stock_id,name,industry_category,macd,macd_signal,macd_hist,ema20,ema60,ema120,rsi14,adx14,atr14,volume_ma20,amount_ma20,close_20d_high,close_10d_low,lr_slope_20,lr_slope_60,return_5d,day_return,prev_close,prev_volume_ratio,bb_upper,bb_mid,bb_lower,bb_pct_b,bb_bandwidth,stoch_k,stoch_d,sma5,sma10,obv,obv_ma,williams_r,cci20,mfi14,ichi_senkou_a,ichi_senkou_b,market_ma60,market_above_ma60,market_return_5d,foreign_net,foreign_buy_streak,invest_trust_net,invest_trust_streak,dealer_net,dealer_buy_streak,relative_strength_5d,margin_change_5d,short_ratio,revenue_yoy,revenue_mom,revenue_3m_yoy,foreign_holding_pct,foreign_holding_chg5d,insider_net_30d,has_buyback,limit_down_streak,macd_golden_cross,hist_turn_positive,above_ema60,ema60_gt_ema120,volume_ratio,volume_break,rsi_strong,adx_trending,breakout_20d,avoid_chase,liquidity_ok,foreign_buy_3d,stronger_than_market,kd_golden_cross,obv_uptrend,invest_trust_buy_2d,dealer_buy_3d,bb_squeeze_breakout,breakout_volume_confirm,williams_r_recovery,cci_momentum,mfi_strong,ma5_above_ma10,kd_level_score,bb_level_signal,gap_to_20d_high_pct,breakout_proximity_score,obv_strength,foreign_buy_accel,invest_trust_accel,above_ichimoku_cloud,long_upper_shadow,open_high_close_low,gap_chase_after_blowout,earnings_blocked,f_score,f_score_low,condition_count,skip_trade,entry_signal,entry_score,momentum_score,expected_hold_days,momentum_decay_signal,estimated_sl_days,macd_death_cross,close_below_ema20,close_below_swing_low,base_exit_signal,entry_reason,skip_reason,base_exit_reason
2026-08-20,73.0,73.9,72.9,73.9,290000,21301500,1582,信錦,,-0.918218956575842,-1.867398129059796,0.9491791724839538,73.15247336027811,79.47761686511384,82.16066371024435,49.48965770622909,23.09600651114903,2.420353409101646,739818.0,51524519.45,75.4,70.3,0.7031314056871897,-0.8237626157474256,-0.0159786950732355,0.0137174211248285,72.9,0.3989449938450723,78.2793846676533,70.86500000000015,63.450615332347,0.7046697154276804,0.2092537830424931,50.98039215686283,46.68096405228789,73.44000000000088,73.76000000000022,-42567905.0,-43782783.55,-21.929824561403496,60.8448238126508,76.05362227248207,82.70000000000002,98.3,,,,0.0,0.0,0.0,0.0,0.0,0.0,,0.0,0.0,0.2247,0.3907,0.0,4.78,-0.14,0,False,0,False,False,False,False,0.3919882998250921,False,False,True,False,True,True,False,False,True,True,False,False,False,False,False,False,True,False,0.0,0.0,2.0297699594046006,8.0,0.1060475794332865,False,False,False,False,False,False,False,-1,False,7,False,False,513.1924539514504,,3,False,3,False,False,False,False,"market_above_ma60, avoid_chase, liquidity_ok, adx_trending, kd_golden_cross, obv_uptrend, mfi_strong",,
2026-08-20,9.55,9.88,9.41,9.79,838000,8078410,1471,首利,,-0.1660300302217443,-0.2281679542803158,0.0621379240585714,9.611174718095176,10.170524738459765,10.5297574435785,52.39535550265093,30.179217221061293,0.3151166170032485,257164.75,2437926.4,9.82,9.36,-0.0205827530956966,-0.3774140196962159,0.0305263157894735,0.0403825717321997,9.41,0.6918556493655014,9.77110368379722,9.501,9.23089631620278,1.034979745439099,0.0568579483837954,83.92857142857115,50.79670329670322,9.503999999999996,9.501000000000024,10750712.0,9715627.0,-11.842105263158086,168.90380313198952,61.21657391308606,10.7225,11.16,,,,0.0,0.0,0.0,0.0,0.0,0.0,,0.0,0.0,-0.4216,-0.1694,0.0,0.88,-0.03,0,False,0,False,False,False,False,3.2586114543303464,True,False,True,False,True,False,False,False,False,True,False,False,True,False,False,True,True,True,-20.0,-25.0,0.3064351378958237,25.0,0.5004891056786954,False,False,False,False,False,False,False,-1,False,8,False,False,563.5919838114478,,8,False,3,False,False,False,False,"volume_break, market_above_ma60, avoid_chase, adx_trending, obv_uptrend, bb_squeeze_breakout, cci_momentum, mfi_strong",,
2026-08-19,43.65,44.3,43.5,43.8,260939,11444311,1569,濱川,,-0.4000023702977131,-0.973372598201124,0.5733702279034107,42.80046422330419,45.61689346673708,48.580512506371136,52.29898230396748,16.110800559857637,1.8078172913766173,436623.7,17841620.05,44.6,41.3,0.4642249719275659,-0.4310799293198684,0.0605326876513316,-0.0179372197309417,44.6,1.276240950785476,45.56904446589961,41.60249999999997,37.63595553410032,0.777004331968534,0.1906877935652736,77.41935483870958,68.62254356692695,43.22000000000007,42.83499999999985,-17333406.0,-18525221.05,-29.13907284768217,98.98824172819224,72.95396711979319,48.2625,55.975,102850.61249999989,True,-0.0170775825443633,-75599.0,0.0,0.0,0.0,1025.0,4.0,0.077610270195695,0.0,0.0,-0.142,-0.1654,0.0,0.0,0.0,0,False,0,False,False,False,False,0.5976290338797459,False,False,False,False,False,False,False,True,False,True,False,True,False,False,False,False,True,True,-10.0,0.0,1.82648401826485,15.0,0.4441621815814603,False,False,False,True,False,False,False,-1,False,5,True,False,421.306236517775,25.3,5,False,3,False,False,False,False,"market_above_ma60, stronger_than_market, obv_uptrend, dealer_buy_3d, mfi_strong",long_upper_shadow,
2026-08-20,16.75,17.05,16.75,16.95,216000,3645350,1529,樂事綠能,,-0.8460801037906442,-0.9980310530331014,0.1519509492424571,17.569251244069253,19.617374483548367,20.970113935285653,33.252032804520994,42.7991826400466,0.5442932906073847,387588.65,6643504.6,18.65,16.8,-0.2492837503868941,-0.6765769549767301,-0.0029411764705882,0.0089285714285713,16.8,0.663203326653789,18.01682722068573,17.16249999999991,16.308172779314084,0.3756331328004965,0.0995574328548672,56.24999999999986,42.36111111111131,16.910000000000036,16.984999999999946,25985993.0,26597655.75,-57.14285714285724,-57.76780706674084,36.96079273084618,21.975,22.775,,,,0.0,0.0,0.0,0.0,0.0,0.0,,0.0,0.0,-0.586,0.1839,0.0,1.3,0.06,0,False,0,False,False,False,False,0.5572918608426742,False,False,True,False,True,False,False,False,True,False,False,False,False,False,False,False,False,False,0.0,0.0,10.02949852507374,0.0,-0.1158828653541266,False,False,False,False,False,False,False,-1,False,4,False,False,259.1823242241772,,8,False,3,False,True,False,True,"market_above_ma60, avoid_chase, adx_trending, kd_golden_cross",,close_below_ema20
2026-08-20,24.1,25.0,24.1,24.8,44021000,1088503700,1101,台泥,,0.1174180168224374,0.1027929351957524,0.0146250816266849,24.20111222814179,24.124840858289215,24.139296876978108,58.92614430652345,20.045413953842058,0.5489718628583806,27055814.15,656804296.1,24.8,24.05,0.0378347467541246,-0.0056130536474108,0.0311850311850312,0.0311850311850312,24.05,0.6428289086698564,24.882102817424222,24.24500000000012,23.60789718257601,0.935565488663056,0.0525553984264058,82.60869565217395,43.32570556826855,24.280000000000108,24.345000000000077,-225062161.0,-212500628.05,-12.90322580645156,111.92214111922328,49.97552109571346,23.525,24.05,,,,0.0,0.0,0.0,0.0,0.0,0.0,,0.0,0.0,0.0154,0.027,0.0,15.39,0.44,0,False,0,True,True,True,False,1.6270439971217796,True,True,True,False,True,True,False,False,False,False,False,False,False,False,False,True,False,False,-20.0,-25.0,0.0,25.0,-0.2620084597177524,False,False,True,False,False,False,False,-1,False,10,False,False,678.1263384546048,,5,False,3,False,False,False,False,"macd_golden_cross, volume_break, rsi_strong, market_above_ma60, avoid_chase, liquidity_ok, hist_turn_positive, adx_trending, cci_momentum, above_ichimoku_cloud",,
2026-08-20,33.95,34.9,33.9,34.7,25129000,870878100,1102,亞泥,,-0.0598613281384956,-0.3367000321683057,0.27683870402981,33.315562300388635,33.92333709667048,34.61400013755776,61.9822251658652,23.44294091437275,0.7321814160558601,11814412.1,389922974.55,33.8,31.7,0.121618007282915,-0.1048717696659089,0.0946372239747634,0.0266272189349114,33.8,1.0977235344081635,34.2003600289405,32.98500000000031,31.769639971060123,1.205552247548899,0.0736916797902184,93.93939393939404,92.69360269360249,33.78000000000029,33.12000000000044,132401657.0,105783410.55,-6.060606060605936,270.4497870189884,58.4288205011101,35.425,34.75,,,,0.0,0.0,0.0,0.0,0.0,0.0,,0.0,0.0,-0.0751,-0.0829,0.0,12.58,0.1,0,False,0,False,False,True,False,2.1269784554070195,True,True,True,True,False,True,False,False,False,True,False,False,True,True,False,False,True,True,-20.0,-25.0,-2.5936599423631286,25.0,0.3232289782142477,False,False,False,False,False,False,False,-1,False,10,False,False,690.1485322926411,,5,False,3,False,False,False,False,"volume_break, rsi_strong, breakout_20d, market_above_ma60, liquidity_ok, adx_trending, obv_uptrend, bb_squeeze_breakout, breakout_volume_confirm, mfi_strong",,
2026-08-20,13.05,13.2,13.05,13.2,561000,7383950,1103,嘉泥,,-0.0713304995166517,-0.0832535693774838,0.0119230698608321,13.18482447635142,13.331642597092925,13.453554406297838,48.98535795895688,7.2955874894198045,0.1830376179593417,435995.35,5746299.75,13.45,13.0,-0.0357084961134732,-0.0548756661654318,0.0038022813688212,0.011494252873563,13.05,0.8006704107736188,13.3545232683954,13.144999999999982,12.935476731604563,0.6312503389748098,0.0318787779985422,42.85714285714249,29.100529100529457,13.120000000000072,13.15,-7711974.0,-7719183.85,-40.00000000000021,-1.386001386000133,52.2891567879424,13.525,13.375,,,,0.0,0.0,0.0,0.0,0.0,0.0,,0.0,0.0,-0.0379,0.0571,0.0,4.45,-0.03,0,False,0,False,False,False,False,1.2867109706559945,False,False,False,False,True,False,False,False,True,True,False,False,False,False,False,False,True,False,0.0,0.0,1.893939393939394,15.0,0.0107865570654435,False,False,False,False,False,False,False,-1,False,5,False,False,342.9965483913453,,3,False,3,False,False,False,False,"market_above_ma60, avoid_chase, kd_golden_cross, obv_uptrend, mfi_strong",,
2026-08-20,26.55,26.85,26.55,26.8,1090000,29118150,1104,環泥,,-0.1427761343236184,-0.1828641591983082,0.0400880248746898,26.674311175910752,27.237197798417807,27.90733580551049,50.787789268403664,10.942284709542738,0.3890813733782812,751342.4,20022035.8,27.2,26.4,-0.0577187819559677,-0.1533864699533171,0.0094161958568739,0.0151515151515151,26.4,1.749390223203628,27.056123422425006,26.65499999999988,26.253876577574754,0.6807423749072969,0.030097424305018,78.57142857142875,36.11111111111071,26.559999999999853,26.589999999999872,3386619.0,3811393.4,-26.66666666666657,37.30158730159049,39.856050412224654,27.562500000000004,28.025,,,,0.0,0.0,0.0,0.0,0.0,0.0,,0.0,0.0,0.1533,0.3044,0.0,14.72,0.06,0,False,0,False,False,False,False,1.4507367080574716,False,False,False,False,True,False,False,False,True,False,False,False,False,False,True,False,False,False,-10.0,0.0,1.4925373134328304,15.0,-0.0878241548478437,False,False,False,False,False,False,False,-1,False,4,False,False,303.4534772224006,,3,False,3,False,False,False,False,"market_above_ma60, avoid_chase, kd_golden_cross, williams_r_recovery",,
2026-08-20,13.55,13.6,13.45,13.5,368000,4960850,1109,信大,,-0.1618202988508361,-0.1924756971733484,0.0306553983225122,13.69761581857183,14.15047951584908,14.576925991994488,34.241039884753505,32.642106485353985,0.1717739190755936,142683.5,1943454.85,13.85,13.5,-0.0998242366831139,-0.1728926124635985,-0.003690036900369,-0.003690036900369,13.55,0.4618939801384966,13.87546995512006,13.642500000000108,13.409530044880157,0.194166571979769,0.0341535576499835,16.666666666666863,50.0,13.6,13.570000000000071,-6087870.0,-5882440.6,-85.71428571428557,-88.92815076560665,32.439712439294254,14.6375,14.9,,,,0.0,0.0,0.0,0.0,0.0,0.0,,0.0,0.0,-0.2064,-0.0703,0.0,2.38,-0.04,0,False,0,False,False,False,False,2.579134938517768,True,False,True,False,True,False,False,False,False,False,False,False,False,False,False,False,False,True,20.0,12.0,2.59259259259259,8.0,-0.2229508769538731,False,False,False,False,False,False,False,-1,False,4,False,False,298.1159388617312,,8,False,3,False,True,False,True,"volume_break, market_above_ma60, avoid_chase, adx_trending",,close_below_ema20
2026-08-20,11.75,11.85,11.75,11.8,231000,2724200,1108,幸福,,-0.3017918293879127,-0.344754818549306,0.0429629891613932,12.03488420401585,12.826759283408126,13.491789612624354,34.139758723917495,57.126083316056025,0.1891031049711461,337031.2,4009334.9,12.2,11.7,-0.1564951960645249,-0.3527326351465644,0.0042553191489362,0.0085470085470087,11.7,0.3522066628619604,12.222232783923156,11.929999999999996,11.637767216076837,0.2775745789798566,0.0489912462570262,33.333333333333464,25.9259259259264,11.78000000000011,11.840000000000009,-8307119.0,-7907182.95,-66.66666666666653,-68.80189798339197,40.25182543466477,13.8,14.025,,,,0.0,0.0,0.0,0.0,0.0,0.0,,0.0,0.0,-0.1333,0.1677,0.0,1.39,0.03,0,False,0,False,False,False,False,0.6853964855479255,False,False,True,False,True,False,False,False,True,False,False,False,False,False,False,False,False,False,0.0,0.0,3.389830508474564,8.0,-0.1720888572377133,False,False,False,False,False,False,False,-1,False,4,False,False,267.7888985686267,,5,False,3,False,True,False,True,"market_above_ma60, avoid_chase, adx_trending, kd_golden_cross",,close_below_ema20
2026-08-20,16.05,16.2,15.95,16.0,101000,1623900,1110,東泥,,0.062285681207987,0.1029203504422715,-0.0406346692342844,16.0197249870053,15.773097405530372,15.76587675146114,50.57449271368579,32.67011596726735,0.3679503225950306,299044.05,4784586.75,16.6,15.8,0.0319974963567254,0.1339449135957817,-0.0361445783132531,0.0062893081761006,15.9,1.657195822752247,16.434119968443202,16.047499999999992,15.660880031556784,0.4385701672481389,0.048184448473994,33.333333333333336,26.85185185185219,15.960000000000036,16.120000000000072,3453850.0,2490466.35,-60.00000000000004,13.43408900083988,45.22155327115933,15.75,15.575,,,,0.0,0.0,0.0,0.0,0.0,0.0,,0.0,0.0,0.3696,0.2226,0.0,6.09,-0.01,0,False,0,False,False,True,True,0.3377428843677044,False,False,True,False,True,False,False,False,True,True,False,False,False,False,False,False,False,False,0.0,0.0,3.750000000000009,0.0,0.8784881202307142,False,False,True,True,False,False,False,-1,False,7,True,False,538.9192862864456,,10,False,3,False,True,False,True,"ema60_gt_ema120, market_above_ma60, avoid_chase, adx_trending, kd_golden_cross, obv_uptrend, above_ichimoku_cloud",long_upper_shadow,close_below_ema20
2026-08-20,12.35,12.45,12.35,12.45,369000,4577650,1201,味全,,-0.0240055034401329,-0.0578689543783022,0.0338634509381692,12.277272031283992,12.42624986618926,12.838972537104535,57.931341846004365,10.175918712251848,0.172762098026578,363750.45,4436497.0,12.45,12.0,0.0065809379164803,-0.0144476636066561,0.0204918032786884,0.0121951219512193,12.3,1.067339907827806,12.460144692766027,12.222499999999991,11.984855307233955,0.9786557556830954,0.0388864295792245,100.0,91.53439153439164,12.3,12.23499999999999,-13862011.0,-14384735.45,-0.0,147.18614718614805,45.5185320716551,12.4875,12.35,,,,0.0,0.0,0.0,0.0,0.0,0.0,,0.0,0.0,0.0762,0.0908,0.0,4.99,-0.04,0,False,0,False,False,True,False,1.0144317347236271,False,True,False,False,True,False,False,False,False,True,False,False,False,False,False,True,False,True,-20.0,-25.0,0.0,25.0,0.4801925598838235,False,False,False,False,False,False,False,-1,False,5,False,False,330.90662806584214,,3,False,3,False,False,False,False,"rsi_strong, market_above_ma60, avoid_chase, obv_uptrend, cci_momentum",,
2026-08-20,52.8,53.3,52.6,52.6,1453000,77000100,1210,大成,,-1.1031946382579108,-0.8920953421257303,-0.2110992961321804,54.10664999570725,54.85943581747815,54.525457192966776,37.105499947147656,33.03067986753887,1.0895830736825631,2877429.65,156661876.4,58.1,51.9,-0.6212461590583777,0.0138349691139949,0.0038167938931297,-0.0037878787878786,52.8,0.5734731087445512,58.85494934414832,54.66000000000004,50.46505065585176,0.2544666417875076,0.1534924750877524,40.74074074074075,43.14314314314288,52.45999999999985,52.75,-49170959.0,-41523485.85,-77.99999999999997,-60.1571268237936,22.21386688412275,56.975,55.55,,,,0.0,0.0,0.0,0.0,0.0,0.0,,0.0,0.0,0.215,0.0768,0.0,7.4,-0.16,0,False,0,False,False,False,True,0.5049645609928292,False,False,True,False,True,True,False,False,False,False,False,False,False,False,False,False,False,False,0.0,0.0,10.456273764258556,0.0,-0.4232394744338354,False,False,False,True,False,False,False,-1,False,5,True,False,349.97077191672224,,10,False,3,False,True,False,True,"ema60_gt_ema120, market_above_ma60, avoid_chase, liquidity_ok, adx_trending",long_upper_shadow,close_below_ema20
2026-08-20,44.1,44.35,43.6,44.35,13000,571950,1203,味王,,-0.4179094343364582,0.1534580204102897,-0.571367454746748,45.648547127528005,44.8662045869463,43.526671616718,43.080141071460375,21.497575306176767,1.660881033392192,35229.0,1668376.5,49.95,42.8,-0.5898564507592539,0.1765175607554091,-0.0358695652173912,0.036214953271028,42.8,0.9700185922368856,50.47812370245234,46.71500000000015,42.95187629754795,0.1857663756231268,0.1611098663149817,37.3493975903615,15.922021419009374,44.09000000000015,45.21000000000004,1193905.0,1204700.2,-77.03703703703697,-110.11153775827393,21.738350201456484,43.2875,42.5,,,,0.0,0.0,0.0,0.0,0.0,0.0,,0.0,0.0,-0.0182,0.0081,0.0,1.86,-0.03,0,False,0,False,False,False,True,0.3690141644667745,False,False,True,False,True,False,False,False,True,False,False,False,False,False,False,False,False,False,0.0,12.0,12.626832018038334,0.0,-0.0457624692752548,False,False,True,False,False,False,False,-1,False,6,False,False,410.1409920133647,,3,False,3,False,True,False,True,"ema60_gt_ema120, market_above_ma60, avoid_chase, adx_trending, kd_golden_cross, above_ichimoku_cloud",,close_below_ema20
2026-08-20,7.31,7.31,7.25,7.25,8000,58370,1213,大飲,,0.3103256720013805,0.2558088604804262,0.0545168115209542,6.981516534355253,7.077183870053968,7.757137768768691,52.09700872603231,10.08470873525595,0.7702263647513218,21617.3,162184.05,7.77,7.3,,,-0.0460526315789473,-0.0068493150684931,7.3,0.6008115577657204,11.148542291140444,6.679499999999962,2.2104577088594803,0.5638279929830836,1.3381367740521022,8.536585365853691,12.601626016261434,7.31200000000008,7.504999999999972,-984327.0,-801855.85,-86.20689655172413,29.242099313417416,52.489121943929554,6.1850000000000005,4.72,,,,0.0,0.0,0.0,0.0,0.0,0.0,,0.0,0.0,0.398,0.2883,0.0,0.02,0.01,0,False,0,False,False,True,False,0.3700739685344608,False,False,False,False,True,False,False,False,False,False,False,False,False,False,False,False,True,False,20.0,0.0,7.172413793103442,0.0,-1.0476743752361108,False,False,True,False,False,False,False,-1,False,4,False,False,291.12864718251126,,3,False,3,False,False,True,True,"market_above_ma60, avoid_chase, mfi_strong, above_ichimoku_cloud",,close_below_swing_low
2026-08-20,109.5,111.0,109.5,110.5,457000,50486500,1215,卜蜂,,-0.5611939733951345,-1.3449682341343423,0.783774260739208,108.54861075687874,114.56148944858774,122.51444410112978,54.502476957899646,28.88250519889481,2.3116720885765707,876288.05,92878806.95,110.0,107.0,0.1948483671599513,-0.2319662707431491,0.0279069767441859,0.0137614678899082,109.0,0.5448278920903007,111.52557467468355,107.175,102.82442532531644,0.8821334247344979,0.0811863713493549,90.0,83.17460317460306,109.0,108.7,-18066843.0,-19050153.8,-4.761904761904762,120.37037037037032,48.38892158320638,112.875,127.75,,,,0.0,0.0,0.0,0.0,0.0,0.0,,0.0,0.0,0.0805,0.0591,0.0,37.29,-0.51,0,False,0,False,False,False,False,0.5215180099740034,False,False,True,True,True,True,False,False,False,True,False,False,False,False,False,True,False,True,-20.0,-12.0,-0.4524886877828055,25.0,0.2533987038848804,False,False,False,False,False,False,False,-1,False,7,False,False,496.2559645463586,,5,False,3,False,False,False,False,"breakout_20d, market_above_ma60, avoid_chase, liquidity_ok, adx_trending, obv_uptrend, cci_momentum",,
2026-08-20,77.5,78.2,77.2,78.2,18264000,1421571700,1216,統一,,0.1411274150866717,-0.1537151581974574,0.2948425732841291,76.19594815437605,75.61214661041535,75.07404206025556,60.07806566489314,15.547309010838392,1.5372636572950236,17889569.45,1346847797.55,78.2,73.0,0.0331923750392916,0.073411053193788,0.0249017038007863,0.0090322580645161,77.5,0.9430537408239896,78.99752992261308,75.76000000000022,72.52247007738735,0.8768304939758781,0.08546805497922,100.0,97.5,76.5800000000003,76.26000000000022,36385105.0,11343278.95,-0.0,126.09099350046525,60.67729281950832,76.4,73.95,,,,0.0,0.0,0.0,0.0,0.0,0.0,,0.0,0.0,0.0885,0.0663,0.0,33.1,0.4,0,False,0,False,False,True,True,1.0209301040501009,False,True,False,False,True,True,False,False,False,True,False,False,False,False,False,True,True,True,-20.0,-12.0,0.0,25.0,0.2877294013897409,False,False,True,False,False,False,False,-1,False,9,False,False,621.662053857178,,3,False,3,False,False,False,False,"ema60_gt_ema120, rsi_strong, market_above_ma60, avoid_chase, liquidity_ok, obv_uptrend, cci_momentum, mfi_strong, above_ichimoku_cloud",,
2026-08-20,9.95,10.05,9.94,10.0,516000,5155960,1217,愛之味,,0.0083940484359974,-0.0050163018161323,0.0134103502521298,9.917500727602182,9.922669709289236,10.00773791683745,57.70134574717802,12.384459742789364,0.098197203218061,506070.3,5014788.8,9.98,9.76,-0.0051009451802345,0.0172890100645475,0.0111223458038423,0.0070493454179254,9.93,0.6237053137525091,10.054512625712777,9.906000000000017,9.757487374287257,0.8164714095816672,0.0299843782985584,81.48148148148131,76.4126305792973,9.961999999999987,9.90600000000004,-8647477.0,-9458996.9,-16.12903225806472,102.54924681344164,57.40620268620523,10.005,9.785,,,,0.0,0.0,0.0,0.0,0.0,0.0,,0.0,0.0,0.0389,0.2211,0.0,8.39,-0.11,0,False,0,False,False,True,False,1.0196211870169023,False,True,False,True,True,False,False,False,False,True,False,False,False,False,False,True,True,True,-20.0,-12.0,-0.1999999999999957,25.0,0.4806989114603484,False,False,False,False,False,False,False,-1,False,7,False,False,473.9645988076932,,3,False,3,False,False,False,False,"rsi_strong, breakout_20d, market_above_ma60, avoid_chase, obv_uptrend, cci_momentum, mfi_strong",,
2026-08-20,14.3,14.95,14.3,14.9,2207000,32303700,1218,泰山,,-0.8165288466184535,-0.9324622463870456,0.1159333997685921,14.494724557141224,16.164171412173317,17.16715660286182,50.01780213043131,29.421661567403586,1.862198084310228,1610396.6,24669036.05,16.25,0.0,,,inf,0.0456140350877192,14.25,0.6049946836941643,21.49642927185532,14.667500000000018,7.838570728144718,0.5170231664983121,0.9311647208938528,94.006309148265,91.37749737118791,14.55,13.53000000000002,-33485614.0,-32979657.8,-6.583072100313473,2.8277404921701943,51.51424932227258,17.2375,17.775,,,,0.0,0.0,0.0,0.0,0.0,0.0,,0.0,0.0,-0.3693,-0.21,0.0,2.96,-0.11,0,False,0,True,True,False,False,1.3704698581703414,False,False,True,False,False,False,False,False,False,False,False,False,False,False,False,False,True,True,-20.0,0.0,9.060402684563757,0.0,-0.0408883303366307,False,False,False,False,False,False,False,-1,False,5,False,False,323.21403861766385,,3,False,3,False,False,False,False,"macd_golden_cross, market_above_ma60, hist_turn_positive, adx_trending, mfi_strong",,
2026-08-20,11.05,11.2,10.95,11.15,371000,4132500,1219,福壽,,-0.2237426416756864,-0.2924758920814243,0.0687332504057378,11.21218263736346,11.859523726719395,12.433531085012046,44.08923477771464,22.555375299142007,0.23977653227383,597198.7,6628650.7,11.85,10.65,-0.2971043523094228,-0.3004851129753982,0.009049773755656,0.0136363636363636,11.0,0.6152696439501252,11.88722638056165,11.145000000000028,10.402773619438406,0.5033682446022661,0.1331945052600484,78.57142857142856,76.48809523809541,11.13000000000002,11.00500000000002,-26429149.0,-27079035.5,-17.647058823529424,-7.8534031413615475,46.25264441913619,12.1,12.575,,,,0.0,0.0,0.0,0.0,0.0,0.0,,0.0,0.0,-0.201,-0.2003,0.0,6.14,0.08,0,False,0,False,False,False,False,0.6212337702677518,False,False,True,False,True,False,False,False,True,True,False,False,False,False,False,False,False,True,-10.0,0.0,6.27802690582959,0.0,0.1231225070777378,False,False,False,False,False,False,False,-1,False,5,False,False,312.6898077876104,,5,False,3,False,True,False,True,"market_above_ma60, avoid_chase, adx_trending, kd_golden_cross, obv_uptrend",,close_below_ema20
2026-08-20,11.0,11.0,10.9,11.0,47000,514700,1220,台榮,,-0.1359221882503352,-0.1306675097080923,-0.0052546785422428,11.124576586798089,11.460606348556134,11.830395208920228,36.05733767569858,35.73529627269867,0.126319475792859,95021.05,1052762.5,11.4,10.9,-0.1902682334439715,-0.1292675266331066,-0.0045248868778281,0.0091743119266054,10.9,1.0927392727039718,11.39570144376518,11.132500000000029,10.869298556234874,0.2482916542846687,0.0472852357988147,50.0,35.185185185185524,10.95,11.030000000000063,-1539631.0,-1407898.05,-60.00000000000014,-97.5232198142406,35.812352317469376,11.6,11.95,,,,0.0,0.0,0.0,0.0,0.0,0.0,,0.0,0.0,0.0138,0.021,0.0,6.98,-0.06,0,False,0,False,False,False,False,0.4946272431213925,False,False,True,False,True,False,False,False,False,False,False,False,False,False,False,False,False,False,0.0,0.0,3.63636363636364,0.0,-0.2850607869049371,False,False,False,False,False,False,False,-1,False,3,False,False,226.52554298835463,,5,False,3,False,True,False,True,"market_above_ma60, avoid_chase, adx_trending",,close_below_ema20
2026-08-20,24.0,24.5,24.0,24.5,41000,994450,1225,福懋油,,-0.8225742395482634,-0.9165116473289652,0.0939374077807019,25.14694772889221,27.171048447525067,28.570992511232205,39.41762170932687,32.552838476948374,0.6560821777340423,166503.75,4215751.6,27.2,23.7,-0.504404405777185,-0.4486952070557277,-0.0120967741935483,0.0208333333333332,24.0,0.3358315723940593,27.154463786144277,25.079999999999927,23.00553621385558,0.3602048385048141,0.1654277341422928,39.28571428571428,32.19246031745994,24.45999999999985,24.579999999999927,-3738787.0,-3329958.9,-57.7777777777778,-59.76250729998067,33.89304515772962,28.5125,29.675,,,,0.0,0.0,0.0,0.0,0.0,0.0,,0.0,0.0,-0.1026,-0.1027,0.0,1.12,-0.01,0,False,0,False,False,False,False,0.2462407002845281,False,False,True,False,True,False,False,False,True,False,False,False,False,False,False,False,False,False,0.0,0.0,11.020408163265303,0.0,-0.4837561960918118,False,False,False,False,False,False,False,-1,False,4,False,False,236.65733264974355,,10,False,3,False,True,False,True,"market_above_ma60, avoid_chase, adx_trending, kd_golden_cross",,close_below_ema20
2026-08-20,29.1,29.2,29.0,29.15,528000,15369800,1227,佳格,,-0.1390245563051628,-0.1461161217469962,0.0070915654418334,29.080748226008748,29.2170462304165,29.40439764076336,50.2487678645554,15.090237609391714,0.427575683592424,1201726.45,35110549.0,29.95,28.6,-0.1101683300790696,0.04494870737795,0.0086505190311418,0.0086505190311418,28.9,0.483789753365261,29.76854238376944,29.07250000000004,28.37645761623064,0.5556718971481753,0.0478832149811263,82.35294117647037,66.66666666666606,28.9,28.93500000000004,-12113320.0,-12499913.9,-17.647058823529633,11.734287987271648,49.32932240826513,29.625,29.25,,,,0.0,0.0,0.0,0.0,0.0,0.0,,0.0,0.0,0.0774,0.0659,0.0,7.26,-0.04,0,False,0,True,True,False,False,0.4393678777728492,False,False,False,False,True,False,False,False,False,True,False,False,False,False,False,False,False,False,-20.0,0.0,2.7444253859348224,8.0,0.079042255495532,False,False,False,False,False,False,False,-1,False,5,False,False,323.3421858436749,,3,False,3,False,False,False,False,"macd_golden_cross, market_above_ma60, avoid_chase, hist_turn_positive, obv_uptrend",,
2026-08-20,41.45,42.3,41.35,42.05,2978000,125194100,1229,聯華,,0.070965795759136,-0.0679693760081337,0.1389351717672697,41.13506612487267,41.41938666812649,42.3002778591632,57.84351062824828,13.055397003379216,0.8695940553461076,2223690.65,91259717.85,42.5,40.6,0.0728760804327716,-0.0375017084464794,0.0181598062953995,0.0144752714113387,41.45,0.9044322550681824,42.13550418275575,40.97000000000007,39.80449581724439,0.9633188005582304,0.0568954934222934,86.48648648648644,66.16753850624809,41.27999999999993,41.24499999999989,-42857490.0,-46341732.0,-10.416666666666671,136.891524586113,50.76384714040806,41.95,41.45,,,,0.0,0.0,0.0,0.0,0.0,0.0,,0.0,0.0,1.1498,1.0493,0.0,8.8,-0.14,0,False,0,False,False,True,False,1.3392150567346228,False,True,False,False,True,True,False,False,False,True,False,False,False,False,False,True,True,True,-20.0,-25.0,1.070154577883479,15.0,0.3811792226510649,False,False,True,False,False,False,False,-1,False,8,False,False,552.966301239159,,3,False,3,False,False,False,False,"rsi_strong, market_above_ma60, avoid_chase, liquidity_ok, obv_uptrend, cci_momentum, mfi_strong, above_ichimoku_cloud",,
2026-08-20,83.9,83.9,82.4,82.4,289000,23968800,1231,聯華食,,-1.5087364416724398,-1.783529359134067,0.2747929174616272,83.04119481221467,85.67101780222512,89.046780573759,45.14330990117192,20.60978447604169,1.8870760805758664,507789.5,42522865.35,92.0,79.9,-0.5122300055607726,-0.1094746618650237,0.0210656753407683,-0.0178784266984505,83.9,1.2023011534857897,91.48403244266343,83.10000000000018,74.71596755733691,0.4582539783339739,0.2017817675731227,56.81818181818193,79.24242424242463,81.78000000000029,81.31000000000022,-28682704.0,-28524185.6,-35.84905660377344,-5.543162306496451,50.3425807307196,87.5,87.0,,,,0.0,0.0,0.0,0.0,0.0,0.0,,0.0,0.0,0.0353,0.1502,0.0,3.02,0.13,0,False,0,False,False,False,False,0.5691334696759188,False,False,True,False,True,False,False,False,False,False,False,False,False,False,False,False,True,True,0.0,0.0,11.650485436893195,0.0,-0.0963573007390208,False,False,False,False,False,False,False,-1,False,4,False,False,284.535047087891,,5,False,3,False,True,False,True,"market_above_ma60, avoid_chase, adx_trending, mfi_strong",,close_below_ema20
2026-08-20,155.5,157.0,155.0,156.5,88000,13755000,1232,大統益,,0.8917289405338238,1.051055603197019,-0.1593266626631952,154.35779336955224,151.81427130584632,150.24410048272586,56.350440743191136,25.020714464133015,3.3175242302681287,248221.75,38354259.65,156.5,152.5,0.0299849050625335,0.1373947097894564,0.0129449838187702,0.0096774193548387,155.0,0.7149739962229588,157.30843313194032,154.525,151.7415668680597,0.8547776983281137,0.0360256674575675,60.0,46.66666666666666,154.6,154.95,3823662.0,4037259.25,-33.333333333333336,85.9496771320412,50.51377190527854,147.875,147.25,,,,0.0,0.0,0.0,0.0,0.0,0.0,,0.0,0.0,0.4152,0.3337,0.0,2.89,0.04,0,False,0,False,False,True,True,0.3545217129441719,False,True,True,False,True,False,False,False,False,False,False,False,False,False,False,False,True,False,0.0,-12.0,0.0,25.0,-0.0831958207846414,False,False,True,False,False,False,False,-1,False,7,False,False,515.5468672800259,,5,False,3,False,False,False,False,"ema60_gt_ema120, rsi_strong, market_above_ma60, avoid_chase, adx_trending, mfi_strong, above_ichimoku_cloud",,
2026-08-20,27.8,28.0,27.8,27.8,121000,3375700,1233,天仁,,-0.2294163553443553,-0.1164840021491224,-0.1129323531952329,28.196599694826,28.466968312852565,29.00361267140536,40.16771103303237,28.53496397799647,0.4346635357634805,24962.95,708240.6,29.2,27.55,-0.3240099840963819,0.0414177613389625,0.0072463768115942,0.0090744101633393,27.55,1.137919166093028,29.58261012684819,28.44749999999972,27.312389873151243,0.2147853830722842,0.0798038581139632,18.518518518518547,11.301044634377831,27.769999999999342,27.944999999999528,-448467.0,-502388.3,-83.33333333333333,-77.70693695166469,54.54915780822386,27.975,28.15,,,,0.0,0.0,0.0,0.0,0.0,0.0,,0.0,0.0,0.0406,-0.1459,0.0,5.63,-0.04,0,False,0,False,False,False,False,4.847183525985511,True,False,True,False,True,False,False,False,True,True,False,False,False,False,False,False,True,False,20.0,0.0,5.035971223021578,0.0,1.3887822420522342,False,False,False,False,False,False,False,-1,False,7,False,False,580.1372221644818,,8,False,3,False,True,False,True,"volume_break, market_above_ma60, avoid_chase, adx_trending, kd_golden_cross, obv_uptrend, mfi_strong",,close_below_ema20
2026-08-20,25.2,25.75,25.2,25.55,48000,1222150,1236,宏亞,,0.267496693260977,0.1720087021237117,0.0954879911372652,24.99378994592092,24.946761015968693,25.08828101320629,61.43856732644524,20.701597756560545,0.5749917923903838,108203.05,2703673.9,25.55,24.9,0.4527681326755719,-0.0443222129137139,0.0179282868525896,0.0078895463510848,25.35,0.4932754055621,26.21786580703002,24.782500000000077,23.347134192970127,0.7673534496366594,0.1158370468701657,80.76923076923077,68.58974358974349,25.45,25.35,4141133.0,3630143.45,-23.33333333333319,82.62731165163508,67.4217532498526,25.15,25.15,,,,0.0,0.0,0.0,0.0,0.0,0.0,,0.0,0.0,0.2344,0.5241,0.0,0.64,0.0,0,False,0,False,False,True,False,0.443610415787725,False,True,True,False,True,False,False,False,False,True,False,False,False,False,False,False,True,True,-20.0,0.0,0.0,25.0,0.8188646825340634,False,False,True,False,False,False,False,-1,False,7,False,False,534.262480348286,,5,False,3,False,False,False,False,"rsi_strong, market_above_ma60, avoid_chase, adx_trending, obv_uptrend, mfi_strong, above_ichimoku_cloud",,
2026-08-20,57.5,58.9,57.4,57.8,13568000,786407800,1301,台塑,,0.1504894519219775,0.0920764682516184,0.058412983670359,57.551370143999485,55.50751241780157,52.27784437499329,51.11795224822357,15.163133779416476,2.6646602244028035,30345920.5,1754562933.85,66.2,55.1,-0.0041472949658618,0.4207033572703815,0.0052173913043478,0.0176056338028169,56.8,0.626935050900498,61.72344223358055,57.030000000000015,52.33655776641948,0.5820293466584934,0.1645955543952492,46.66666666666666,47.11111111111131,58.51999999999971,57.32999999999993,1405040510.0,1383822961.8,-44.94382022471911,24.581374247298896,65.7863664500204,57.175,54.75,,,,0.0,0.0,0.0,0.0,0.0,0.0,,0.0,0.0,0.0477,0.0943,0.0,33.39,-0.11,0,False,0,False,False,True,True,0.4471111693580031,False,False,False,False,True,True,False,False,False,True,False,False,False,False,False,False,True,True,0.0,0.0,14.53287197231835,0.0,0.0639304153157038,False,False,True,True,False,False,False,-1,False,7,True,False,475.2382766773685,,3,True,3,False,False,False,False,"ema60_gt_ema120, market_above_ma60, avoid_chase, liquidity_ok, obv_uptrend, mfi_strong, above_ichimoku_cloud",long_upper_shadow,
2026-08-20,178.5,180.0,178.0,179.5,26000,4653500,1256,鮮活果汁-KY,,-1.743863713004572,-1.6096436889361607,-0.1342200240684112,180.3084659562506,180.67339087393688,174.72867732748315,47.68102427279745,9.378539969294126,5.63202483121973,93391.05,16670535.95,188.0,175.5,-0.0912624763181963,-0.1074854017174548,-0.005540166204986,0.0198863636363635,176.0,0.3563527134836005,186.78140387028117,179.8,172.81859612971888,0.4785143500093821,0.0776574401588557,61.11111111111112,34.722222222222626,178.2,178.75,-908135.0,-844943.95,-67.5,-16.750418760469003,42.3750902207522,190.5,190.0,,,,0.0,0.0,0.0,0.0,0.0,0.0,,0.0,0.0,0.2199,0.076,0.0,4.71,-0.04,0,False,0,False,False,False,True,0.2783992684523838,False,False,False,False,True,False,False,False,True,False,False,False,False,False,False,False,False,False,0.0,0.0,4.735376044568245,0.0,-0.1054344199146344,False,False,False,False,False,False,False,-1,False,4,False,False,271.5187796455482,,3,False,3,False,True,False,True,"ema60_gt_ema120, market_above_ma60, avoid_chase, kd_golden_cross",,close_below_ema20
2026-08-20,190.5,196.0,185.0,186.0,69154000,13081627000,1303,南亞,,6.367644286836281,6.209440925583329,0.1582033612529523,185.33069338450952,162.0406265658034,133.94423235832133,52.09492739080626,15.752076471700354,14.169773872981835,92158348.9,16651722011.2,207.5,178.5,1.313310942106417,1.196101891480886,-0.0158730158730159,-0.008,187.5,0.7666398792791158,213.0231136670288,178.4,143.77688633297123,0.6097532716596398,0.3881514985092912,31.764705882352946,44.69726352079306,196.3,192.25,5477176272.0,5503011984.5,-54.71698113207548,47.79074741795519,63.60502113234541,179.4,155.2,,,,0.0,0.0,0.0,0.0,0.0,0.0,,0.0,0.0,0.4453,0.1267,0.0,31.07,0.0,0,False,0,False,False,True,True,0.7503823671476388,False,False,False,False,True,True,False,False,False,False,False,False,False,False,False,False,True,True,0.0,0.0,11.559139784946236,0.0,-0.0623122478449411,False,False,True,False,False,False,False,-1,False,6,False,False,421.75607669733705,,3,True,3,False,False,False,False,"ema60_gt_ema120, market_above_ma60, avoid_chase, liquidity_ok, mfi_strong, above_ichimoku_cloud",,
2026-08-20,11.9,12.1,11.8,11.8,1538000,18324400,1304,台聚,,-0.2612717444038228,-0.327153453969523,0.0658817095657002,12.046711681710228,12.629562037854246,12.744708537009878,43.09671695773038,10.5800064526803,0.4284816355985058,3368538.2,39677457.45,13.45,11.55,0.1146497072708494,-0.2109200718572126,-0.0327868852459015,0.0,11.8,0.4338579400705042,12.63541416626057,11.76750000000004,10.899585833739511,0.5187230496190587,0.1475103745503338,8.333333333333456,24.572649572649727,11.870000000000072,11.95,341896707.0,341200522.3,-40.74074074074067,19.37984496124051,74.0697720648197,14.2875,13.825,,,,0.0,0.0,0.0,0.0,0.0,0.0,,0.0,0.0,-0.0495,0.1604,0.0,28.46,0.16,0,False,0,False,False,False,False,0.4565778710777274,False,False,False,False,True,False,False,False,False,True,False,False,False,False,False,False,True,False,20.0,0.0,13.983050847457616,0.0,0.0570369505378595,False,False,False,False,False,False,False,-1,False,4,False,False,260.2502221172316,,3,False,3,False,True,False,True,"market_above_ma60, avoid_chase, obv_uptrend, mfi_strong",,close_below_ema20
2026-08-20,30.5,30.8,30.5,30.75,434000,13311850,1307,三芳,,-0.5956869717941622,-0.583720436756679,-0.0119665350374832,31.21802077285755,32.20360915615743,32.53493544868368,42.30480550485892,25.12716216247917,0.7024400796943645,674275.9,20879221.2,32.6,30.3,-0.2049396874753892,-0.2209242996973254,0.006546644844517,0.0148514851485148,30.3,0.5902051178786892,32.52398271121119,31.1574999999998,29.79101728878841,0.3508945643232652,0.0877145285219545,34.21052631578942,16.434955312811024,30.44999999999964,30.809999999999672,38771306.0,40442196.0,-75.4716981132076,-57.57209114740839,42.33314867850935,34.537499999999994,34.45,,,,0.0,0.0,0.0,0.0,0.0,0.0,,0.0,0.0,0.1102,0.25,0.0,6.92,-0.16,0,False,0,False,False,False,False,0.6436534362269213,False,False,True,False,True,False,False,False,True,False,False,False,False,False,False,False,False,False,0.0,0.0,6.016260162601631,0.0,-0.3151329130729469,False,False,False,False,False,False,False,-1,False,4,False,False,312.6549394053938,,5,False,3,False,True,False,True,"market_above_ma60, avoid_chase, adx_trending, kd_golden_cross",,close_below_ema20
2026-08-20,11.75,12.0,11.75,11.8,662000,7832050,1305,華夏,,-0.1677936635507748,-0.2655916667993393,0.0977980032485644,11.824009420853288,12.41216185267066,12.693781507796796,47.30680872759127,14.66299130419291,0.4156527492723602,1727955.85,19898753.3,12.75,11.45,0.2384101470429311,-0.2399160599548566,-0.0125523012552299,0.0042553191489362,11.75,0.5345119970003073,12.355259246311515,11.547499999999967,10.73974075368842,0.6562965705146787,0.1399020127839879,56.250000000000085,60.41666666666666,11.820000000000071,11.76500000000001,-8084084.0,-11730249.75,-25.925925925925903,53.97727272727264,57.62916881601683,13.6625,13.475,,,,0.0,0.0,0.0,0.0,0.0,0.0,,0.0,0.0,-0.2455,0.0063,0.0,3.53,0.19,0,False,0,False,False,False,False,0.3831116402655773,False,False,False,False,True,False,False,False,False,True,False,False,False,False,False,False,True,True,0.0,0.0,8.050847457627112,0.0,0.5016537426591453,False,False,False,True,False,False,False,-1,False,4,True,False,229.8509613145655,,3,False,3,False,True,False,True,"market_above_ma60, avoid_chase, obv_uptrend, mfi_strong",long_upper_shadow,close_below_ema20
2026-08-20,13.4,13.6,13.4,13.5,972000,13100050,1308,亞聚,,-0.1179687482016387,-0.1788173221336823,0.0608485739320435,13.477486330257324,13.808752877064602,13.949086959289636,49.0790439300829,14.406436992457952,0.4310285969823287,1876839.75,24721116.1,14.55,13.1,0.2568038444667873,-0.0504726209455146,-0.0073529411764705,0.0112359550561798,13.35,0.4464850635528756,14.106437393243082,13.209999999999969,12.313562606756856,0.6617513962413342,0.1357210285000931,46.66666666666662,45.01984126984098,13.409999999999943,13.499999999999954,-8600401.0,-12188562.65,-25.80645161290324,45.36810649280073,75.00628863984505,15.2125,14.875,,,,0.0,0.0,0.0,0.0,0.0,0.0,,0.0,0.0,0.0773,-0.0291,0.0,4.97,0.07,0,False,0,False,False,False,False,0.5178918445221549,False,False,False,False,True,False,False,False,True,True,False,False,False,False,False,False,True,False,0.0,0.0,7.777777777777784,0.0,0.3067794639946897,False,False,False,False,False,False,False,-1,False,5,False,False,343.86027201315784,,3,False,3,False,False,False,False,"market_above_ma60, avoid_chase, kd_golden_cross, obv_uptrend, mfi_strong",,
2026-08-20,12.75,12.95,12.7,12.75,700000,8961150,1309,台達化,,-0.4333920979258892,-0.4991675985872843,0.0657755006613951,13.139886907189505,14.299988693123067,14.725130934355244,40.23501457474075,15.684320500983311,0.5140252928627063,2260007.35,30264829.0,15.4,12.7,-0.2081088852425083,-0.4256200506515453,-0.0192307692307692,0.0039370078740157,12.7,0.4316626535902201,13.990700705146963,12.919999999999982,11.849299294853,0.4206127355745763,0.1657431432116075,21.42857142857145,26.719576719576555,12.779999999999928,12.875,237745004.0,237774404.15,-50.0,-30.57525610717084,63.07336570818904,15.475,17.45,,,,0.0,0.0,0.0,0.0,0.0,0.0,,0.0,0.0,-0.1061,0.7155,0.0,2.68,-0.03,0,False,0,False,False,False,False,0.3097335059551908,False,False,False,False,True,False,False,False,False,False,False,False,False,False,False,False,True,False,10.0,0.0,20.7843137254902,0.0,-0.0029283575566458,False,False,False,False,False,False,False,-1,False,3,False,False,143.06219476887216,,3,False,3,False,True,False,True,"market_above_ma60, avoid_chase, mfi_strong",,close_below_ema20
2026-08-20,8.1,8.2,8.06,8.1,2218000,18001600,1310,台苯,,-0.3304665895319356,-0.4086096758781864,0.0781430863462507,8.338883228089834,8.916709217895654,9.12564008285082,42.32838081733949,16.646787455463432,0.3646217268620244,5968007.55,46422625.3,10.2,7.97,-0.0516796651535124,-0.1788548153756885,-0.004914004914005,0.0,8.1,0.4661699407502906,9.255222751808136,8.042999999999983,6.830777248191831,0.5235105305171822,0.3014354722884881,32.2033898305084,35.67657682689666,8.153999999999996,8.105999999999995,137681448.0,137808404.6,-29.629629629629665,14.0094940372816,72.7105508646078,10.82,10.075,,,,0.0,0.0,0.0,0.0,0.0,0.0,,0.0,0.0,-0.1452,0.1742,0.0,5.13,0.16,0,False,0,False,False,False,False,0.3716483234006633,False,False,False,False,True,False,False,False,False,False,False,False,False,False,False,False,True,True,0.0,0.0,25.925925925925924,0.0,-0.0040481962346759,False,False,False,False,False,False,False,-1,False,3,False,False,148.66790487919053,,3,False,3,False,True,False,True,"market_above_ma60, avoid_chase, mfi_strong",,close_below_ema20
2026-08-20,11.8,12.2,11.75,11.75,5245000,62489250,1312,國喬,,-0.2940164755023602,-0.3402792649421062,0.0462627894397459,12.019073798961474,12.487034603641774,12.490626880599304,42.7048379687258,11.025215198236772,0.4712136232716181,7084997.9,85026866.4,13.95,11.7,-0.0234327625147486,-0.204016799833547,0.0042735042735042,0.0,11.75,0.4030230683418078,12.71893132503099,11.792499999999997,10.866068674969,0.4770625199884227,0.1571221242367598,30.769230769230727,27.903469079939896,11.800000000000091,11.815000000000008,-70770155.0,-56786813.3,-52.00000000000002,16.52892561983484,58.54991884796266,14.075,12.89,,,,0.0,0.0,0.0,0.0,0.0,0.0,,0.0,0.0,-0.0502,0.1132,0.0,2.8,0.1,0,False,0,False,False,False,False,0.7402966202714047,False,False,False,False,True,True,False,False,True,False,False,False,False,False,False,False,True,False,0.0,0.0,18.723404255319146,0.0,-0.3565083936043126,False,False,False,True,False,False,False,-1,False,5,True,False,303.1248654794623,,3,False,3,False,True,False,True,"market_above_ma60, avoid_chase, liquidity_ok, kd_golden_cross, mfi_strong",long_upper_shadow,close_below_ema20
2026-08-20,11.5,11.7,11.5,11.55,1431000,16556750,1313,聯成,,-0.0556818166907184,-0.1173503423038762,0.0616685256131577,11.508470464520212,11.608375145560744,11.480505664096126,50.04567402017173,13.874432170263262,0.4681906056776733,3654657.6,40895377.25,12.3,11.3,0.3901666396034677,0.0320630084842921,-0.0334728033472802,0.013157894736842,11.4,0.4858404867253735,12.243792807307075,11.239999999999986,10.236207192692897,0.6544143361774343,0.1786108198055321,43.75000000000014,42.91666666666666,11.560000000000036,11.555000000000016,167074279.0,163837300.8,-24.99999999999995,50.48744270127193,70.13917930300177,12.9125,12.4,,,,0.0,0.0,0.0,0.0,0.0,0.0,,0.0,0.0,-0.0078,-0.0325,0.0,6.77,0.07,0,False,0,False,False,False,True,0.3915551486957355,False,False,False,False,True,False,False,False,True,True,False,False,False,False,False,False,True,True,0.0,0.0,6.493506493506493,0.0,0.2180113404202392,False,False,False,True,False,False,False,-1,False,6,True,False,396.5316875720002,,3,False,3,False,False,False,False,"ema60_gt_ema120, market_above_ma60, avoid_chase, kd_golden_cross, obv_uptrend, mfi_strong",long_upper_shadow,
2026-08-20,7.86,7.97,7.79,7.82,14360000,113013080,1314,中石化,,-0.1242838621095154,-0.1526137958648946,0.0283299337553791,7.877589168246846,7.981841753918147,7.925600236769395,46.36993058984266,12.298838294652295,0.2719935541204882,25278303.2,196483914.7,8.41,7.66,-0.0220234434004338,0.0398222543912138,0.0208877284595301,0.0025641025641025,7.8,0.4415370624605972,8.122328256185254,7.758500000000026,7.394671743814798,0.5845178995232633,0.0937882983012764,59.459459459459616,60.00500500500493,7.794000000000051,7.7650000000000095,-317505996.0,-309816552.0,-38.09523809523808,42.26992844067207,50.26136074482679,9.335,8.695,,,,0.0,0.0,0.0,0.0,0.0,0.0,,0.0,0.0,-0.356,0.0185,0.0,9.28,-0.46,0,False,0,False,False,False,True,0.5680761040954679,False,False,False,False,True,True,False,False,False,False,False,False,False,False,False,False,True,True,0.0,0.0,7.54475703324808,0.0,-0.035727513529874,False,False,False,True,False,False,False,-1,False,5,True,False,270.2520308785962,,3,False,3,False,True,False,True,"ema60_gt_ema120, market_above_ma60, avoid_chase, liquidity_ok, mfi_strong",long_upper_shadow,close_below_ema20
2026-08-20,66.0,66.0,65.8,66.0,16000,1055000,1315,達新,,0.5974044978524233,0.405697510605407,0.1917069872470163,64.56338132389963,63.6447375633726,63.28371360985104,64.62607711611341,31.047519188589472,0.9731385415883866,58336.15,3773066.35,65.9,63.6,0.1907436504602662,0.1024217316710948,0.0280373831775699,0.004566210045662,65.7,0.5526996496512884,66.10703691594219,64.26500000000051,62.42296308405884,0.9709460448333442,0.0573262869662074,80.64516129032273,76.2519201228879,65.68000000000029,64.89000000000051,226044.0,-66166.9,-14.999999999999885,157.13839425179535,71.49435404845623,63.1,62.65,,,,0.0,0.0,0.0,0.0,0.0,0.0,,0.0,0.0,-0.0413,0.0708,0.0,1.23,-0.08,0,False,0,False,False,True,True,0.2742724708435506,False,True,True,True,True,False,False,False,False,True,False,False,False,False,False,False,True,True,-20.0,-25.0,-0.1515151515151429,25.0,1.5261776021478473,False,False,True,False,False,False,False,-1,False,9,False,False,611.0568559342097,,5,False,3,False,False,False,False,"ema60_gt_ema120, rsi_strong, breakout_20d, market_above_ma60, avoid_chase, adx_trending, obv_uptrend, mfi_strong, above_ichimoku_cloud",,
2026-08-20,10.65,10.9,10.5,10.65,3247000,34846950,1316,上曜,,0.0634853988236319,-0.0274121814020506,0.0908975802256825,10.270321556830446,10.504076238629414,11.203814000381008,58.335020463096285,18.97616156405569,0.3066930403604046,1866096.8,18990168.3,10.8,10.0,0.3183529475634139,-0.0818357990711327,0.0649999999999999,0.0047169811320755,10.6,0.7880525370630849,10.717520350975969,10.134000000000016,9.550479649024062,0.9421439621916896,0.1151609139482833,73.11827956989247,69.11840912035284,10.5,10.290000000000054,-15304492.0,-22412638.25,-24.03846153846152,188.75227686703084,74.9976118714925,10.7125,10.925,,,,0.0,0.0,0.0,0.0,0.0,0.0,,0.0,0.0,1.0204,0.0263,0.0,4.13,-0.22,0,False,0,False,False,True,False,1.7399954814777026,True,True,False,False,False,False,False,False,True,True,False,False,False,False,False,False,True,True,-10.0,-25.0,1.4084507042253551,15.0,1.2029956071985366,False,False,False,False,False,False,False,-1,False,6,False,False,441.8359021011594,,3,False,3,False,False,False,False,"volume_break, rsi_strong, market_above_ma60, kd_golden_cross, obv_uptrend, mfi_strong",,
2026-08-20,82.2,83.0,81.8,83.0,1845000,152347900,1319,東陽,,1.5676801778596,0.3943415232974456,1.1733386545621545,78.55604489158536,79.76292618445453,83.234041693897,64.85347499336282,30.41790296185311,2.2061708582653368,3243001.1,250796133.6,83.9,76.5,0.9953596211437667,-0.4423578644926951,0.047979797979798,0.0159118727050182,81.7,0.7543775634312269,85.78048040069258,76.33500000000022,66.88951959930786,0.852814241164019,0.2474744324541123,70.0,64.83660130718938,82.82000000000043,80.56000000000022,-11465880.0,-25489650.75,-19.607843137254907,101.99840127897696,77.70462056797551,83.5,90.85,,,,0.0,0.0,0.0,0.0,0.0,0.0,,0.0,0.0,0.2266,0.127,0.0,11.26,1.12,0,False,0,False,False,True,False,0.568917475852845,False,True,True,False,True,True,False,False,True,True,False,False,False,False,False,False,True,True,-10.0,-12.0,1.0843373493975972,15.0,0.85102060701022,False,False,False,False,False,False,False,-1,False,8,False,False,618.9014220426511,,10,True,3,False,False,False,False,"rsi_strong, market_above_ma60, avoid_chase, liquidity_ok, adx_trending, kd_golden_cross, obv_uptrend, mfi_strong",,
2026-08-20,32.15,32.35,31.8,32.35,55000,1765450,1321,大洋,,0.1066859731261971,0.1387138876976493,-0.0320279145714522,31.94715136862053,31.642393069311368,31.979501009985963,57.05734035724616,11.264921803836248,0.5126067370898901,133606.0,4280853.3,32.6,31.7,-0.0435330082763446,0.1615303478892555,0.0,0.0172955974842767,31.8,0.4185579077909026,32.62787753827923,32.039999999999964,31.45212246172069,0.7636603542528753,0.0366964755480192,65.21739130434791,33.09178743961335,31.90999999999985,32.025,-5147533.0,-5305397.6,-27.58620689655164,46.11330698287304,52.41911309119951,31.225,30.6,,,,0.0,0.0,0.0,0.0,0.0,0.0,,0.0,0.0,0.0142,-0.0287,0.0,6.86,-0.08,0,False,0,False,False,True,False,0.4116581590647126,False,True,False,False,True,False,False,False,True,True,False,False,False,False,False,False,True,False,0.0,0.0,0.7727975270479135,25.0,0.2625235822741837,False,False,True,False,False,False,False,-1,False,7,False,False,507.2668645779373,,3,False,3,False,False,False,False,"rsi_strong, market_above_ma60, avoid_chase, kd_golden_cross, obv_uptrend, mfi_strong, above_ichimoku_cloud",,
2026-08-20,21.4,21.6,21.3,21.6,10000,214800,1323,永裕,,0.4218515192902856,0.3193199749718145,0.1025315443184711,20.856750629591023,20.367777038103178,20.14289361131629,67.40242896608959,25.390738354953506,0.4480225800788927,73753.4,1541366.6,21.7,19.85,0.5851252855617278,0.0823319136931901,-0.0046082949308754,0.0093457943925234,21.4,0.3124626418607509,22.270874957856872,20.602499999999964,18.93412504214305,0.7989435903789172,0.1619584960909512,71.42857142857143,69.43915343915432,21.43999999999996,21.360000000000035,1546604.0,1214602.2,-18.518518518518498,77.8583835700416,72.95509614682705,20.075,20.05,,,,0.0,0.0,0.0,0.0,0.0,0.0,,0.0,0.0,0.2899,0.0444,0.0,1.46,-0.07,0,False,0,False,False,True,True,0.1355869695498784,False,True,True,False,True,False,False,False,True,True,False,False,False,False,False,False,True,True,-10.0,0.0,0.462962962962953,25.0,0.8020037177882551,False,False,True,False,False,False,False,-1,False,9,False,False,695.9799143089579,,5,False,3,False,False,False,False,"ema60_gt_ema120, rsi_strong, market_above_ma60, avoid_chase, adx_trending, kd_golden_cross, obv_uptrend, mfi_strong, above_ichimoku_cloud",,
2026-08-20,26.25,26.55,26.2,26.35,191000,5037450,1325,恆大,,0.05976099159124,0.1321975936868469,-0.0724366020956068,26.25002632256868,26.246610479965163,26.835903407396625,51.40031446162718,26.068986861456224,0.7422071261150586,420948.3,11278069.05,28.25,25.9,-0.1789315123422918,0.0096479227629061,0.0134615384615384,0.0076481835564055,26.15,0.2181887225694154,27.613992377348143,26.482500000000027,25.35100762265191,0.4414490090023558,0.0854520817406299,32.25806451612909,16.586021505376266,26.139999999999965,26.375,10335119.0,10418204.1,-75.0,-27.934461455816077,51.76386150857195,25.1125,26.4,,,,0.0,0.0,0.0,0.0,0.0,0.0,,0.0,0.0,-0.0016,-0.0759,0.0,0.96,-0.03,0,False,0,False,False,True,False,0.453737430463551,False,False,True,False,True,False,False,False,False,False,False,False,False,False,False,False,True,False,0.0,0.0,7.210626185958248,0.0,-0.0312717572600091,False,False,False,False,False,False,False,-1,False,4,False,False,264.1621132175153,,5,False,3,False,False,False,False,"market_above_ma60, avoid_chase, adx_trending, mfi_strong",,
2026-08-20,57.3,60.1,57.3,58.4,23556000,1384313000,1326,台化,,-0.6943901732035584,-0.457940055286849,-0.2364501179167094,59.62127976365532,57.7841759625654,52.83868671446506,46.75241987406487,12.60836910645308,3.264528367719703,31839799.4,1928328663.5,71.7,56.7,-0.2822125550206638,0.3723726403737693,-0.0184873949579832,0.0299823633156965,56.7,0.6977884002710041,64.56086659514673,59.309999999999945,54.05913340485316,0.4133476366700088,0.1770651355638777,35.294117647058755,30.105375483527197,58.85999999999986,58.92999999999993,1255884556.0,1248795125.8,-53.22580645161296,-40.18162592523464,53.25484136340111,61.5875,58.325,,,,0.0,0.0,0.0,0.0,0.0,0.0,,0.0,0.0,0.3418,0.1301,0.0,37.28,-0.22,0,False,0,False,False,True,True,0.7398287817102265,False,False,False,False,True,True,False,False,True,True,False,False,False,False,False,False,True,False,0.0,0.0,22.77397260273973,0.0,0.0354690387039491,False,False,False,False,False,False,False,-1,False,7,False,False,482.82391628154966,,3,False,3,False,True,False,True,"ema60_gt_ema120, market_above_ma60, avoid_chase, liquidity_ok, kd_golden_cross, obv_uptrend, mfi_strong",,close_below_ema20
2026-08-20,10.05,10.05,10.05,10.05,5000,50250,1324,地球,,-0.0633918274843594,-0.0763978185733067,0.0130059910889472,10.104891114812023,10.27978606042195,10.44315085173564,44.50119487782135,15.708396626217786,0.1386907723971164,38658.6,388994.35,10.35,9.99,-0.0542678986178071,-0.0893307721906901,-0.0049504950495048,0.006006006006006,9.99,0.2485657795860398,10.313022441537765,10.07349999999999,9.833977558462216,0.45094405382411,0.0475549593562862,34.78260869565241,25.28467908902712,10.08799999999992,10.069000000000006,702189.0,748291.6,-45.45454545454501,-18.31501831501596,40.95939263562608,10.6125,10.55,,,,0.0,0.0,0.0,0.0,0.0,0.0,,0.0,0.0,0.0657,0.0098,0.0,0.93,-0.05,0,False,0,False,False,False,False,0.1293373272699994,False,False,False,False,True,False,False,False,True,False,False,False,False,False,False,False,False,True,0.0,0.0,2.9850746268656607,8.0,-0.2209109905021462,False,False,False,False,False,False,False,-1,False,3,False,False,211.64244138667425,,3,False,3,False,True,False,True,"market_above_ma60, avoid_chase, kd_golden_cross",,close_below_ema20
2026-08-20,14.65,14.8,14.6,14.65,62000,910950,1338,廣華-KY,,-0.4221065689651091,-0.3958298053876737,-0.0262767635774354,15.1847675400076,15.893320901991428,16.66716221400429,32.94112081005535,42.98237187845416,0.3917568818275184,105946.0,1598935.9,16.15,14.5,-0.3659209906105607,-0.2339975024038913,-0.0134680134680134,-0.0034013605442175,14.7,0.8853654269757398,15.874652694019955,15.154999999999928,14.435347305979898,0.1491363096419734,0.0949723119788891,23.809523809523835,17.46031746031743,14.61999999999989,14.889999999999963,-47127.0,423508.4,-80.0,-101.2799109627156,35.222848561613034,16.825,16.525,,,,0.0,0.0,0.0,0.0,0.0,0.0,,0.0,0.0,-0.167,-0.1719,0.0,6.32,-0.09,0,False,0,False,False,False,False,0.5852037830592943,False,False,True,False,True,False,False,False,False,False,False,False,False,False,False,False,False,False,10.0,12.0,10.23890784982934,0.0,-0.6797521300825295,False,False,False,False,False,False,False,-1,False,3,False,False,194.69501226960256,,10,False,3,False,True,False,True,"market_above_ma60, avoid_chase, adx_trending",,close_below_ema20
2026-08-20,45.8,45.8,45.0,45.2,107000,4842900,1339,昭輝,,0.3357514559448589,0.3355755048332132,0.0001759511116457,45.06655637654781,44.237861068401806,43.73181566771677,53.01245959503374,17.19763234976475,0.958450007036946,119508.15,5384610.85,46.35,45.0,0.2226487473511733,0.0605770801574461,-0.0195227765726681,-0.0055005500550054,45.45,0.7218440780829712,46.3940457530948,44.875,43.3559542469052,0.6069750530350616,0.0677012034805482,19.148936170212878,24.190844616376733,45.46000000000022,45.48500000000004,248316.0,-67117.8,-58.46153846153842,47.501194042811626,83.61199643754927,44.4875,43.5,,,,0.0,0.0,0.0,0.0,0.0,0.0,,0.0,0.0,0.0189,0.1469,0.0,1.88,-0.06,0,False,0,False,False,True,True,0.8953364268462026,False,False,False,False,True,False,False,False,False,True,False,False,False,False,False,False,True,False,20.0,0.0,2.544247787610616,8.0,0.7860922811242962,False,False,True,False,False,False,False,-1,False,6,False,False,441.3864716419536,,3,False,3,False,False,False,False,"ema60_gt_ema120, market_above_ma60, avoid_chase, obv_uptrend, mfi_strong, above_ichimoku_cloud",,
2026-08-20,58.5,59.6,58.5,59.6,2000,118100,1341,富林-KY,,0.910733019331424,0.9736976044051978,-0.0629645850737737,58.82461075272661,58.11899391996225,58.41807511515599,51.80531432943699,9.730204373887402,3.0102727790698864,8915.8,527234.1,60.7,58.4,0.1573727730597569,,-0.0181219110378912,0.0205479452054795,58.4,1.5530426970280118,60.883966932375394,59.13000000000029,57.3760330676252,0.6339820014061686,0.0593257883434835,43.33333333333348,43.28373015873027,59.90000000000036,59.64000000000051,-408505.0,-412223.2,-42.49999999999989,23.349436392913297,71.44202215569567,30.725,31.85,,,,0.0,0.0,0.0,0.0,0.0,0.0,,0.0,0.0,0.2254,0.3946,0.0,79.99,-0.01,0,False,0,False,False,True,False,0.2243208685704031,False,False,False,False,True,False,False,False,True,True,False,False,False,False,False,False,True,True,0.0,0.0,1.84563758389262,15.0,0.0674620604193439,False,False,True,False,False,False,False,-1,False,6,False,False,468.05275341073616,,3,False,3,False,False,False,False,"market_above_ma60, avoid_chase, kd_golden_cross, obv_uptrend, mfi_strong, above_ichimoku_cloud",,
2026-08-20,5.14,5.18,5.08,5.1,57000,291080,1340,勝悅-KY,,-0.0584816764596594,-0.0707213318376379,0.0122396553779785,5.167638743360938,5.397974692947821,5.741267031235684,43.0781081285088,12.462582682858796,0.1328873604223005,175644.95,903796.7,5.34,5.06,-0.0524853253966517,-0.213885376582875,-0.0173410404624279,-0.0097087378640777,5.15,1.0660375251592615,5.303790776445058,5.138999999999987,4.974209223554916,0.3816681344632568,0.0641334020023628,23.07692307692301,23.26172326172309,5.1159999999999854,5.151999999999998,-1851173.0,-1728082.5,-75.00000000000011,-24.691358024691155,62.152651114334574,5.715,5.6850000000000005,,,,0.0,0.0,0.0,0.0,0.0,0.0,,0.0,0.0,1.3888,0.3924,0.0,26.06,-0.09,0,False,0,False,False,False,False,0.3245182967116333,False,False,False,False,True,False,False,False,False,False,False,False,False,False,False,False,True,False,10.0,0.0,4.705882352941181,0.0,-0.1025257573744284,False,False,False,False,False,False,False,-1,False,3,False,False,212.0148738786232,,3,False,3,False,True,False,True,"market_above_ma60, avoid_chase, mfi_strong",,close_below_ema20
2026-08-20,102.5,104.5,102.5,104.0,147000,15215500,1342,八貫,,-1.7095836270839584,-1.973712008278983,0.2641283811950246,104.00168601698832,104.75324585387564,101.44393402441013,48.174951387903896,25.125142525933427,3.0135722716058786,408013.4,41453263.3,113.0,101.0,-0.1603950493829467,-0.0126774732397705,0.0,0.0196078431372548,102.0,0.3649351743025882,109.33231932763832,102.95,96.56768067236167,0.5822584977418023,0.123988719332459,77.77777777777777,45.0168350168351,102.3,102.85,8647347.0,8929135.4,-14.150943396226422,20.35469568722375,51.81576657723881,111.875,106.15,,,,0.0,0.0,0.0,0.0,0.0,0.0,,0.0,0.0,0.7692,0.0957,0.0,32.73,0.27,0,False,0,False,False,False,True,0.3602822848465271,False,False,True,False,True,False,False,False,False,False,False,False,False,False,False,False,True,False,-10.0,0.0,8.653846153846153,0.0,-0.1343517409931335,False,False,False,False,False,False,False,-1,False,5,False,False,351.99060195654766,,5,False,3,False,True,False,True,"ema60_gt_ema120, market_above_ma60, avoid_chase, adx_trending, mfi_strong",,close_below_ema20
2026-08-20,28.15,29.45,28.15,29.2,37607000,1092204150,1402,遠東新,,0.1650383626078024,-0.0262936176654979,0.1913319802733004,27.581205984249443,27.438896090103324,27.44820992973192,68.11853170730222,13.745113912650586,0.6964979959353421,18213542.35,499443001.45,28.0,26.95,0.1599967162745402,0.0426885799049031,0.0834879406307977,0.0428571428571429,28.0,0.7680261293292039,28.40974387044511,27.384999999999945,26.36025612955478,1.3855871463820475,0.0748397933500212,91.07142857142856,93.2692307692311,27.93000000000011,27.620000000000072,2224309.0,-81114734.95,-8.77192982456141,371.4118336262474,64.3553654597577,27.825,26.6,,,,0.0,0.0,0.0,0.0,0.0,0.0,,0.0,0.0,0.2058,0.0194,0.0,16.9,0.15,0,False,0,False,False,True,False,2.0647823074351046,True,True,False,True,False,True,False,False,False,True,False,False,True,True,False,False,True,True,-20.0,-25.0,-4.109589041095888,25.0,0.7731604257103644,False,False,True,False,False,False,False,-1,False,10,False,False,729.9257481828755,,3,False,3,False,False,False,False,"volume_break, rsi_strong, breakout_20d, market_above_ma60, liquidity_ok, obv_uptrend, bb_squeeze_breakout, breakout_volume_confirm, mfi_strong, above_ichimoku_cloud",,
2026-08-20,24.35,24.75,24.2,24.4,6031000,147162300,1409,新纖,,0.0410030879707292,-0.2060104729495598,0.2470135609202891,24.018992303525746,23.504686183736,21.55626272940236,52.14424733365523,12.595628997336352,1.160804307531032,12078439.25,279884515.6,25.25,22.5,0.9001228392444864,-0.1852232560189533,-0.0298210735586481,0.0124481327800829,24.1,0.5000777609755854,26.24681123018799,23.107500000000076,19.968188769812155,0.705857257409065,0.2717136194039085,35.89743589743588,49.98994469582734,24.5,24.394999999999985,446348528.0,442023602.0,-25.51020408163266,62.357869539198,56.8633156384272,29.0875,25.325000000000003,,,,0.0,0.0,0.0,0.0,0.0,0.0,,0.0,0.0,0.5623,0.3059,0.0,10.43,-0.34,0,False,0,False,False,True,True,0.4993194795428556,False,False,False,False,True,True,False,False,False,True,False,False,False,False,False,False,True,True,0.0,0.0,3.483606557377055,8.0,0.0581841549599328,False,False,False,True,False,False,False,-1,False,6,True,False,423.69140465494775,,3,False,3,False,False,False,False,"ema60_gt_ema120, market_above_ma60, avoid_chase, liquidity_ok, obv_uptrend, mfi_strong",long_upper_shadow,
2026-08-20,25.65,26.15,25.5,25.5,79000,2034850,1410,南染,,-0.0841575105312131,-0.0598088223016195,-0.0243486882295935,25.82628956454596,26.339396425822805,27.75557523674242,46.04014267922439,15.686715340977932,0.8751647488255754,68857.55,1780854.1,26.65,25.45,0.0375636840305963,0.0295850005685293,-0.0192307692307692,-0.0058479532163742,25.65,1.2267887776184927,26.58354347715391,25.73249999999989,24.881456522845877,0.3634029833720147,0.0661454174412919,8.333333333333432,20.38888888888929,25.720000000000077,25.83499999999985,-4920938.0,-4659934.4,-88.00000000000011,-30.40617199909286,46.71892824769125,26.0,26.575,,,,0.0,0.0,0.0,0.0,0.0,0.0,,0.0,0.0,0.3074,0.4139,0.0,19.01,0.01,0,False,0,False,False,False,False,1.147296120759452,False,False,False,False,True,False,False,False,False,False,False,False,False,False,False,False,False,False,20.0,0.0,4.509803921568622,0.0,-0.4594890384196044,False,False,False,True,False,False,False,-1,False,2,True,False,155.95909274655926,,3,False,3,False,True,False,True,"market_above_ma60, avoid_chase",long_upper_shadow,close_below_ema20
2026-08-20,9.24,9.34,9.2,9.32,59000,544520,1413,宏洲,,-0.0556492026588717,-0.0360171971820009,-0.0196320054768708,9.41994322876227,9.4687905922088,9.579709507765449,46.72087661530057,10.64528542839478,0.2754438043988109,135020.35,1364404.85,11.0,9.24,-0.4399159676503812,2.7900368012519805e-05,-0.0147991543340381,0.0086580086580085,9.24,0.1729370118288916,10.365137046865494,9.530500000000009,8.69586295313452,0.3738972821835862,0.1751507364493963,24.489795918367538,17.744970328557127,9.344000000000053,9.377,-1227076.0,-1148929.25,-46.83544303797464,-59.0591884207804,19.92045514828401,9.35,9.44,,,,0.0,0.0,0.0,0.0,0.0,0.0,,0.0,0.0,0.019,0.0424,0.0,0.5,-0.01,0,False,0,False,False,False,False,0.4369711676795386,False,False,False,False,True,False,False,False,True,False,False,False,False,False,False,False,False,False,10.0,0.0,18.02575107296137,0.0,-0.1829537039236822,False,False,False,False,False,False,False,-1,False,3,False,False,202.1742672297112,,3,False,3,False,True,False,True,"market_above_ma60, avoid_chase, kd_golden_cross",,close_below_ema20
2026-08-20,20.3,20.5,20.1,20.25,292000,5904400,1414,東和,,0.4613659995151735,0.3916741870066647,0.0696918125085088,19.41658979358841,18.51761525341168,18.11019220120068,62.352704190001205,25.605015621807752,0.7063942833192223,359857.8,6838069.55,20.4,19.05,0.5589966884398789,0.4123903879922826,0.0465116279069766,0.0124999999999999,20.0,1.3791197805438256,20.67851196335276,19.25750000000007,17.83648803664738,0.8492229571587335,0.1475801078387833,69.0476190476191,74.38672438672377,20.059999999999853,19.730000000000015,15480550.0,14335000.25,-24.999999999999964,124.77521095587234,71.71693945876675,18.475,16.85,,,,0.0,0.0,0.0,0.0,0.0,0.0,,0.0,0.0,-0.1462,-0.1416,0.0,1.36,0.12,0,False,0,False,False,True,True,0.8114316266036196,False,True,True,False,True,False,False,False,False,True,False,False,False,False,False,False,True,True,0.0,-12.0,0.7407407407407337,25.0,0.7464435036432827,False,False,True,True,False,False,False,-1,False,8,True,False,550.0716383097556,,3,False,3,False,False,False,False,"ema60_gt_ema120, rsi_strong, market_above_ma60, avoid_chase, adx_trending, obv_uptrend, mfi_strong, above_ichimoku_cloud",long_upper_shadow,
2026-08-20,11.75,11.8,11.7,11.75,223000,2615350,1416,廣豐,,0.2101218417724144,0.1152590207576143,0.0948628210148,11.330434551922531,11.199786409129436,11.278692644005222,67.302026563684,30.677384138634054,0.2277316079172657,651222.5,7371698.35,11.9,10.75,0.5712156967541463,0.0060286804530139,0.0,0.0,11.75,1.0782204216463265,12.031405569443836,11.152499999999986,10.273594430556136,0.8399113743118602,0.1576158833344722,76.1904761904762,77.70451770451776,11.789999999999964,11.504999999999972,8490178.0,3636064.6,-18.518518518518523,103.7288615297536,84.65150767054506,11.15,11.3,,,,0.0,0.0,0.0,0.0,0.0,0.0,,0.0,0.0,0.7425,-0.0852,0.0,6.76,0.36,0,False,0,False,False,True,False,0.3424328858416286,False,True,True,False,True,False,False,False,False,True,False,False,False,False,False,False,True,True,-10.0,-12.0,1.276595744680854,15.0,2.0,False,False,True,False,False,False,False,-1,False,7,False,False,560.4243288584163,,5,True,3,False,False,False,False,"rsi_strong, market_above_ma60, avoid_chase, adx_trending, obv_uptrend, mfi_strong, above_ichimoku_cloud",,
2026-08-20,17.75,17.8,17.6,17.65,18000,317700,1418,東華,,-0.1689029566889708,-0.1230038190033657,-0.0458991376856051,18.043842019626,18.28424500025243,18.573140149102635,38.50097071889039,15.994148565931804,0.3611724798788733,14899.75,270232.7,19.25,17.75,-0.2464598963714864,-0.0601583339721584,-0.0194444444444444,-0.0056338028169015,17.75,0.4869688362474755,18.705000000005157,18.11500000000001,17.524999999994865,0.1059322033932574,0.0651393872487048,9.09090909090862,9.696969696969369,17.789999999999964,17.910000000000036,-69089.0,45265.0,-95.65217391304373,-133.13008130081386,53.97630070547628,18.775,18.55,,,,0.0,0.0,0.0,0.0,0.0,0.0,,0.0,0.0,45.3333,-0.289,0.0,0.97,-0.01,0,False,0,False,False,False,False,1.2080739609724995,False,False,False,False,True,False,False,False,False,False,False,False,False,False,False,False,True,False,20.0,12.0,9.065155807365448,0.0,-1.0917758684066958,False,False,False,False,False,False,False,-1,False,3,False,False,230.97942918884465,,3,False,3,False,True,True,True,"market_above_ma60, avoid_chase, mfi_strong",,"close_below_ema20, close_below_swing_low"
2026-08-20,8.28,8.28,8.19,8.23,74000,609300,1417,嘉裕,,-0.0831581558677463,-0.0862818929080637,0.0031237370403174,8.328790506962038,8.471207239073198,8.548419959507685,40.33896724124588,16.822163171480167,0.1386759801440909,119330.4,986348.25,8.5,8.18,-0.0566352916852461,-0.0210976767139724,-0.0072376357056693,0.0061124694376528,8.18,1.0954003241648549,8.405327429465922,8.283000000000015,8.160672570534109,0.2833682918401125,0.0295369864700969,36.84210526315814,33.436532507739685,8.253999999999996,8.273000000000048,6605305.0,6788911.4,-51.9999999999996,-82.6895565092965,39.46784411143318,8.815000000000001,8.67,,,,0.0,0.0,0.0,0.0,0.0,0.0,,0.0,0.0,-0.0808,-0.1225,0.0,1.39,-0.03,0,False,0,False,False,False,False,0.6201269751882169,False,False,False,False,True,False,False,False,True,False,False,False,False,False,False,False,False,False,0.0,0.0,3.280680437424053,8.0,-0.2448372744090927,False,False,False,False,False,False,False,-1,False,3,False,False,181.26322245897305,,3,False,3,False,True,False,True,"market_above_ma60, avoid_chase, kd_golden_cross",,close_below_ema20
2026-08-20,35.9,35.9,35.5,35.75,15000,536400,1423,利華,,-0.4885013959768471,-0.5978643281275946,0.1093629321507474,35.77311927474475,37.35571928735866,38.152170809910615,45.85316921464895,10.308256781404578,0.7909795643891051,18225.1,646748.85,36.1,34.8,-0.0340357395402417,-0.4102276444998359,0.0070422535211267,0.0272988505747127,34.8,0.6415074066848194,36.09596475754084,35.56750000000011,35.03903524245938,0.6726699816740613,0.02971615983922,74.9999999999999,49.55026455026442,35.379999999999924,35.56000000000004,7176634.0,7163149.45,-25.0000000000001,43.82929642445151,49.97194649891413,39.075,40.650000000000006,,,,0.0,0.0,0.0,0.0,0.0,0.0,,0.0,0.0,0.1014,1.0635,0.0,1.16,-0.03,0,False,0,False,False,False,False,0.8230407514910756,False,False,False,False,True,False,False,False,True,True,False,False,False,False,False,False,False,False,-10.0,0.0,0.979020979020983,25.0,0.0045893997302426,False,False,False,False,True,False,False,-1,False,4,True,False,308.28548031167367,,3,False,3,False,True,False,True,"market_above_ma60, avoid_chase, kd_golden_cross, obv_uptrend",open_high_close_low,close_below_ema20
2026-08-20,64.0,65.5,63.5,64.5,151000,9757400,1419,新紡,,-0.6871659783160169,-0.4432928426158418,-0.2438731357001751,65.27544008751572,65.6481374623912,65.41766693522023,44.74677018982317,16.168179513604098,1.4834258158840294,152513.05,10201188.55,70.1,63.4,-0.4314265245334935,-0.0019157131856911,-0.0061633281972265,0.0173501577287067,63.4,0.440833573289226,69.89717330904888,65.98500000000004,62.0728266909512,0.310207794659142,0.1185776558020409,56.0000000000001,26.83333333333333,64.1,64.51000000000022,12415026.0,12713468.0,-75.00000000000003,-59.74491694576941,20.325800567502966,67.325,66.3,,,,0.0,0.0,0.0,0.0,0.0,0.0,,0.0,0.0,0.3069,0.3277,0.0,1.34,-0.06,0,False,0,False,False,False,True,0.9900792096151771,False,False,False,False,True,False,False,False,True,False,False,False,False,False,False,False,False,False,0.0,0.0,8.682170542635651,0.0,-0.8652776847342393,False,False,False,False,False,False,False,-1,False,4,False,False,269.51745987934095,,3,False,3,False,True,False,True,"ema60_gt_ema120, market_above_ma60, avoid_chase, kd_golden_cross",,close_below_ema20
2026-08-20,15.0,15.1,15.0,15.05,54000,811750,1432,大魯閣,,-0.0918057686928008,-0.1168348885771239,0.025029119884323,15.134152616861902,15.625573435873935,16.22573771307445,42.33978410075685,17.79532415708966,0.1716509039951148,132554.7,2000464.75,15.3,15.0,0.0308726300072726,-0.2613471013740985,-0.0033112582781456,0.0033333333333334,15.0,0.7610152281239773,15.26204650530482,15.0900000000001,14.91795349469538,0.3837523612314806,0.0228027177342239,12.500000000000169,8.333333333333334,15.070000000000071,15.13000000000011,-11710180.0,-11855813.35,-77.77777777777752,-43.53393085787305,44.493302886924326,15.9,16.5,,,,0.0,0.0,0.0,0.0,0.0,0.0,,0.0,0.0,-0.4061,0.0632,0.0,0.71,-0.05,0,False,0,False,False,False,False,0.40737899146541,False,False,False,False,True,False,False,False,True,True,False,False,False,False,False,False,False,False,20.0,0.0,1.661129568106312,15.0,0.2054830904177397,False,False,False,False,False,False,False,-1,False,4,False,False,256.539586999667,,3,False,3,False,True,False,True,"market_above_ma60, avoid_chase, kd_golden_cross, obv_uptrend",,close_below_ema20
2026-08-20,17.6,17.85,17.6,17.7,1028000,18228700,1434,福懋,,-0.0796525385536668,-0.069933361874359,-0.0097191766793077,17.678811881921668,17.444215177731927,17.054525107479094,50.19109869118114,23.002902913691607,0.5140978765752424,2846640.5,50730682.95,19.5,17.1,-0.1581688449988225,0.2126437299809488,0.0056818181818181,0.0114285714285713,17.5,0.2861631660669188,18.566010095580943,17.625000000000092,16.68398990441924,0.539850794562205,0.1067812874417984,66.66666666666667,56.42701525054448,17.57000000000007,17.585000000000036,9803338.0,14929749.2,-23.809523809523792,11.944755505786018,52.614880300677086,17.8875,17.175,,,,0.0,0.0,0.0,0.0,0.0,0.0,,0.0,0.0,-0.0154,0.0017,0.0,8.11,-0.02,0,False,0,False,False,True,True,0.3611274412768314,False,False,True,False,True,True,False,False,True,False,False,False,False,False,False,False,True,False,0.0,0.0,10.169491525423734,0.0,-0.216533845027523,False,False,False,False,False,False,False,-1,False,7,False,False,446.012868272438,,5,False,3,False,False,False,False,"ema60_gt_ema120, market_above_ma60, avoid_chase, liquidity_ok, adx_trending, kd_golden_cross, mfi_strong",,
2026-08-20,38.1,38.6,38.1,38.6,152000,5850600,1436,華友聯,,-1.1403695402163194,-1.651012504750133,0.5106429645338135,38.15050101776662,41.96142288035875,47.26522739302669,48.529061997895866,30.27425416878926,0.9631845691121442,396043.4,14587820.7,38.85,35.4,0.2146985602358702,-0.468467003184224,0.0376344086021505,0.0157894736842105,38.0,1.8680283788558447,38.68379009074873,36.83249999999971,34.981209909250694,0.977369810607362,0.1005248131812411,100.0,90.74074074074088,37.59999999999927,37.39999999999928,-11688416.0,-11659085.8,-0.0,139.0313390313401,80.71911494387689,45.7875,47.525000000000006,,,,0.0,0.0,0.0,0.0,0.0,0.0,,0.0,0.0,-0.9399,-0.6398,0.0,6.24,-0.06,0,False,0,False,False,False,False,0.3837963213122602,False,False,True,False,True,False,False,False,False,False,False,False,False,False,False,True,True,True,-20.0,-25.0,0.6476683937823834,25.0,-0.0155650499212009,False,False,False,False,False,False,False,-1,False,5,False,False,303.65118261406815,,10,False,3,False,False,False,False,"market_above_ma60, avoid_chase, adx_trending, cci_momentum, mfi_strong",,
2026-08-20,23.4,24.55,23.4,24.4,7000,169000,1435,中福,,0.525911989948181,0.5313178954254646,-0.0054059054772835,23.71227803745035,21.98825430973589,21.383475703886837,52.91553507807976,8.572012503734344,1.9089478514564289,37372.2,880882.8,25.5,21.2,0.3274419338725655,,-0.0431372549019608,0.002053388090349,24.35,0.236310175813429,26.035864234598485,23.619999999999937,21.20413576540139,0.6614329126673124,0.204560900474052,56.09756097560972,54.970248526723786,24.259999999999856,24.204999999999927,-417687.0,-468669.75,-33.64485981308414,34.69461510661367,74.62697272067398,22.875,16.525,,,,0.0,0.0,0.0,0.0,0.0,0.0,,0.0,0.0,0.0,0.0,0.0,0.23,0.04,0,False,0,False,False,True,True,0.1873050021138707,False,False,False,False,True,False,False,False,False,True,False,False,False,False,False,False,True,True,0.0,0.0,4.5081967213114815,0.0,0.2165649381866434,False,False,True,False,False,False,False,-1,False,6,False,False,394.4718292793784,,3,False,3,False,False,False,False,"ema60_gt_ema120, market_above_ma60, avoid_chase, obv_uptrend, mfi_strong, above_ichimoku_cloud",,
2026-08-20,22.45,22.65,22.2,22.35,30000,670900,1438,三地開發,,0.0663094079303121,0.0939123636891337,-0.0276029557588215,22.360337425899164,22.65046818219524,24.566236098811405,50.47266701478871,11.650733922642535,0.5778575311728905,48393.1,1100909.7,23.3,22.2,-0.0026625177380951,0.1371423187036608,-0.0022321428571426,-0.0044543429844097,22.45,0.4970168055522598,23.14399471957297,22.457500000000078,21.77100528042718,0.4217036949192018,0.0611372342934781,62.50000000000022,65.83333333333333,22.36000000000022,22.38500000000022,-763825.0,-759249.7,-65.51724137931033,-6.04229607250807,36.66258737074943,22.2875,22.275,,,,0.0,0.0,0.0,0.0,0.0,0.0,,0.0,0.0,0.0,34.6834,0.0,0.46,-0.1,0,False,0,False,False,False,False,0.6199230882088562,False,False,False,False,True,False,False,False,False,False,False,False,False,False,False,False,False,False,0.0,0.0,4.250559284116328,0.0,-0.0155914298463993,False,False,True,True,False,False,False,-1,False,3,True,False,176.01213372393175,,3,False,3,False,True,False,True,"market_above_ma60, avoid_chase, above_ichimoku_cloud",long_upper_shadow,close_below_ema20
2026-08-20,32.3,32.7,32.2,32.4,202000,6563000,1437,勤益控,,0.348861308374726,0.179375793233803,0.169485515140923,31.097591924102563,30.58639932588195,30.62123318858815,67.79337615422594,20.18941796513868,0.6045183265025189,728979.15,21518568.3,32.2,29.45,0.1301177272678724,0.1593159031267522,0.0285714285714284,0.0062111801242235,32.2,0.6969459589998077,32.51440628768444,30.97250000000004,29.43059371231564,0.9629010243364882,0.0995661498222228,89.99999999999987,91.90476190476208,31.779999999999927,31.11999999999989,3785264.0,11596810.6,-8.823529411764826,179.230467216333,16.197041613240827,30.4625,29.9,,,,0.0,0.0,0.0,0.0,0.0,0.0,,0.0,0.0,-0.3401,-0.083,0.0,8.86,0.19,0,False,0,False,False,True,False,0.2770998320047974,False,True,True,True,True,False,False,False,False,False,False,False,False,False,False,False,False,True,-20.0,-25.0,-0.6172839506172708,25.0,-2.0,False,False,True,True,False,False,False,-1,False,6,True,False,318.770998320048,,5,False,3,False,False,False,False,"rsi_strong, breakout_20d, market_above_ma60, avoid_chase, adx_trending, above_ichimoku_cloud",long_upper_shadow,
2026-08-20,13.35,13.6,13.35,13.55,765000,10344600,1440,南紡,,0.1423256574325986,0.0502174045274546,0.092108252905144,13.179789151438095,13.085891361199964,13.085379853039392,59.469932369259965,18.75607408191756,0.3864701478975686,2073125.95,26887911.2,13.7,12.5,0.6139310334627609,-0.0595476908210416,-0.0073260073260073,0.0149812734082397,13.35,0.7345106323801694,14.089307120984149,12.912500000000025,11.7356928790159,0.7708600197230528,0.1822740942472986,65.21739130434791,63.184122224602106,13.470000000000072,13.445000000000029,-57500022.0,-62084651.2,-20.512820512820447,72.48814803486782,68.74788682349855,14.125,13.55,,,,0.0,0.0,0.0,0.0,0.0,0.0,,0.0,0.0,0.1629,0.243,0.0,7.52,0.08,0,False,0,False,False,True,True,0.3690079707892326,False,True,False,False,True,False,False,False,True,True,False,False,False,False,False,False,True,True,0.0,0.0,1.1070110701106906,15.0,0.4616088018224672,False,False,False,False,False,False,False,-1,False,7,False,False,514.229385329762,,3,False,3,False,False,False,False,"ema60_gt_ema120, rsi_strong, market_above_ma60, avoid_chase, kd_golden_cross, obv_uptrend, mfi_strong",,
2026-08-20,29.3,29.5,28.75,29.35,31000,909850,1439,雋揚,,0.8833439654230233,0.8902900494251169,-0.0069460840020936,28.184823395483697,26.817494251253265,26.710270689393187,63.98116128154209,12.108171019046647,0.914902189373125,50953.4,1442028.8,29.3,27.4,0.4966688809993348,0.2854582257960661,0.0208695652173913,0.0017064846416381,29.3,0.8298017509929584,30.134144368136266,28.25000000000009,26.36585563186392,0.79190969083968,0.1333907517264543,92.68292682926835,89.50832365466522,29.030000000000108,28.82500000000009,1047886.0,820297.4,-11.4754098360655,85.33594899460502,65.41937693057235,24.4125,13.65,,,,0.0,0.0,0.0,0.0,0.0,0.0,,0.0,0.0,-0.8515,0.0203,0.0,1.39,-0.03,0,False,0,False,False,True,True,0.6083990469723316,False,True,False,True,True,False,False,False,False,True,False,False,False,False,False,False,True,True,-20.0,0.0,-0.1703577512776855,25.0,1.104309205483427,False,False,True,True,False,False,False,-1,False,8,True,False,504.3357009355244,,3,False,3,False,False,False,False,"ema60_gt_ema120, rsi_strong, breakout_20d, market_above_ma60, avoid_chase, obv_uptrend, mfi_strong, above_ichimoku_cloud",long_upper_shadow,
2026-08-20,8.86,8.86,8.81,8.86,10000,88450,1441,大東,,-0.0822741119345327,-0.0806328418295609,-0.0016412701049717,8.94940531938478,9.193923192522872,9.538492610996164,42.73317727382422,14.82392438125582,0.1430670408152671,15321.25,137131.7,9.1,8.8,-0.1302600115445818,-0.0893276028555433,-0.005611672278339,0.0068181818181816,8.8,0.7944958530844103,9.131334164398844,8.947499999999991,8.763665835601136,0.2620137685339389,0.0410917383400625,23.99999999999949,9.333333333333334,8.860000000000037,8.894999999999982,-792748.0,-784569.75,-80.64516129032292,-117.56034641606638,31.25001740254673,9.4325,9.6,,,,0.0,0.0,0.0,0.0,0.0,0.0,,0.0,0.0,-0.275,-0.0094,0.0,1.49,-0.02,0,False,0,False,False,False,False,0.6526882597699274,False,False,False,False,True,False,False,False,True,False,False,False,False,False,False,False,False,False,10.0,0.0,2.708803611738152,8.0,-0.0655431344795031,False,False,False,False,False,False,False,-1,False,3,False,False,163.74036498394526,,3,False,3,False,True,False,True,"market_above_ma60, avoid_chase, kd_golden_cross",,close_below_ema20
2026-08-20,29.9,30.4,29.85,30.3,287000,8665750,1442,名軒,,0.312168825240235,0.3368398365589548,-0.0246710113187197,29.66106610875281,28.86477630179794,29.592526803208266,60.1665298196012,23.69372182067465,0.6849749729829624,348901.3,10376895.5,30.35,29.5,0.0418002429947605,0.2368408956389827,0.015075376884422,0.0133779264214046,29.9,0.5567791837505666,30.56789384540753,29.74249999999993,28.917106154592325,0.8377175654397825,0.0555026541418916,85.71428571428586,56.79012345679015,29.91999999999971,29.90999999999985,-7874201.0,-7719252.55,-6.97674418604645,115.50759392486074,67.08185285656424,27.775,27.225,,,,0.0,0.0,0.0,0.0,0.0,0.0,,0.0,0.0,0.1142,0.0565,0.0,8.47,0.08,0,False,0,False,False,True,False,0.8225822030471082,False,True,True,False,True,False,False,False,False,False,False,False,False,False,False,True,True,True,-20.0,-12.0,0.1650165016501673,25.0,-0.0741544223741494,False,False,True,False,False,False,False,-1,False,7,False,False,515.3359689619814,,5,False,3,False,False,False,False,"rsi_strong, market_above_ma60, avoid_chase, adx_trending, cci_momentum, mfi_strong, above_ichimoku_cloud",,
2026-08-20,24.75,24.75,24.7,24.75,6000,148400,1443,立益,,-0.5450031936525264,-0.7895032301104051,0.2445000364578787,24.279351719771096,25.12964787426692,25.42391760890276,50.285404043942656,10.5242437383713,2.927600273705195,13671.1,350452.95,26.5,0.0,,,-0.0313111545988258,0.0248447204968944,24.15,1.2179814914577278,35.59022552610167,24.352500000000056,13.114774473898445,0.5176859631905353,0.9229217144935088,95.00959692898272,94.11388355726194,24.739999999999963,22.665000000000056,8615.0,40933.95,-7.12945590994371,10.865851158340757,27.341838521747636,26.55,24.6,,,,0.0,0.0,0.0,0.0,0.0,0.0,,0.0,0.0,-0.0516,-0.0059,0.0,0.39,-0.02,0,False,0,False,False,False,False,0.4388820211980016,False,False,False,False,True,False,False,False,False,False,False,False,False,False,False,False,False,True,-20.0,0.0,7.07070707070707,0.0,-0.4935700030113076,False,False,False,False,False,False,False,-1,False,2,False,False,83.46598017584432,,3,False,3,False,False,False,False,"market_above_ma60, avoid_chase",,
2026-08-20,7.15,7.42,7.15,7.36,1272000,9254270,1444,力麗,,-0.1437476506129984,-0.1632251375638356,0.0194774869508371,7.359692715218007,7.354792315185039,7.06452710796005,48.42274026131406,14.579665961648274,0.2808777509161947,1398399.6,10162739.05,8.1,7.13,-0.1987251948902961,0.1372885548267511,0.0193905817174515,0.0308123249299721,7.14,1.0163513022436286,7.711932730350908,7.266000000000031,6.820067269649154,0.6053970628327803,0.1227450400084984,63.265306122449054,44.21768707482988,7.226000000000022,7.226000000000022,32082003.0,30896628.0,-31.03448275862064,15.944540727903185,63.51405135616925,8.66,8.0,,,,0.0,0.0,0.0,0.0,0.0,0.0,,0.0,0.0,-0.0832,-0.2159,0.0,5.39,0.05,0,False,0,False,False,True,True,0.909611244167976,False,False,False,False,True,False,False,False,True,True,False,False,False,False,False,False,True,False,0.0,0.0,10.054347826086946,0.0,0.0598728033054254,False,False,False,False,False,False,False,-1,False,6,False,False,384.8145860813448,,3,False,3,False,False,False,False,"ema60_gt_ema120, market_above_ma60, avoid_chase, kd_golden_cross, obv_uptrend, mfi_strong",,
2026-08-20,10.3,10.45,10.2,10.35,25000,258050,1445,大宇,,-0.2532076783854506,-0.2629273353491603,0.0097196569637096,10.499920808982369,11.091682467642029,11.775652807294254,42.49891736328775,12.850201909265516,0.324800432983293,69738.3,724025.6,10.9,10.15,-0.3120525697222205,-0.2018297380401427,0.0147058823529411,0.0197044334975369,10.15,1.1190351408560948,10.92062116301503,10.462499999999954,10.00437883698488,0.3772158884130698,0.0875739379718188,34.999999999999964,23.33333333333333,10.239999999999965,10.2849999999999,2626421.0,2903641.05,-65.00000000000003,-45.977011494252686,28.14619612013206,12.1375,12.05,,,,0.0,0.0,0.0,0.0,0.0,0.0,,0.0,0.0,0.0864,0.1994,0.0,3.21,-0.03,0,False,0,True,True,False,False,0.3584830717123876,False,False,False,False,True,False,False,False,True,False,False,False,False,False,False,False,False,False,0.0,0.0,5.314009661835756,0.0,-0.7070936830452997,False,False,False,True,False,False,False,-1,False,5,True,False,330.09970652058024,,3,False,3,False,True,False,True,"macd_golden_cross, market_above_ma60, avoid_chase, hist_turn_positive, kd_golden_cross",long_upper_shadow,close_below_ema20
2026-08-20,13.65,13.7,13.6,13.65,76000,1036700,1446,宏和,,-0.3356858829155875,-0.4053474951693989,0.0696616122538113,13.985299670241906,14.88951168008838,15.743253847657336,32.35331904991372,37.52853550614401,0.2894847141909569,199128.2,2746494.7,14.05,13.6,-0.0166970832142807,-0.4346404833875433,-0.025,0.0036764705882352,13.6,0.4361028177059906,14.119483703865036,13.805000000000016,13.490516296135,0.2535643372056164,0.0455608408352073,16.666666666666618,14.39393939393934,13.729999999999928,13.84499999999998,-11460653.0,-11080328.45,-76.92307692307688,-81.85654008438914,47.56684182708565,16.125,16.125,,,,0.0,0.0,0.0,0.0,0.0,0.0,,0.0,0.0,-0.8765,-0.0568,0.0,5.94,-0.05,0,False,0,False,False,False,False,0.3816636719460126,False,False,True,False,True,False,False,False,True,False,False,False,False,False,False,False,False,False,20.0,0.0,2.930402930402933,8.0,-0.2140158056209062,False,False,False,False,False,False,False,-1,False,4,False,False,284.2484470520092,,10,False,3,False,True,False,True,"market_above_ma60, avoid_chase, adx_trending, kd_golden_cross",,close_below_ema20
2026-08-20,6.81,6.98,6.81,6.98,901000,6213570,1447,力鵬,,-0.1477267449540535,-0.1373573854856933,-0.0103693594683602,7.067683464934075,6.9491867138328045,6.52222483860526,46.99393038221429,11.244757193855024,0.296216015272741,2023276.65,14134227.65,7.68,6.75,-0.1764590830105357,0.2606377158218039,0.0101302460202605,0.0279823269513992,6.79,0.4478080129322132,7.365077311885357,6.977000000000009,6.588922688114661,0.5038652092097534,0.1112447504329503,45.09803921568638,25.339366515837657,6.862000000000035,6.948000000000024,49386147.0,48946570.55,-49.99999999999995,-27.05223880597047,57.92592969214309,8.8525,7.825,,,,0.0,0.0,0.0,0.0,0.0,0.0,,0.0,0.0,0.213,-0.6156,0.0,3.11,-0.09,0,False,0,False,False,True,True,0.4453172530805414,False,False,False,False,True,False,False,False,True,True,False,False,False,False,False,False,True,False,0.0,0.0,10.02865329512893,0.0,0.0169518986240015,False,False,False,False,False,False,False,-1,False,6,False,False,419.65659531429344,,3,False,3,False,True,False,True,"ema60_gt_ema120, market_above_ma60, avoid_chase, kd_golden_cross, obv_uptrend, mfi_strong",,close_below_ema20
2026-08-20,17.25,17.35,17.2,17.35,126000,2177300,1451,年興,,0.0285288281011588,0.070011597212196,-0.0414827691110372,17.40456986973454,17.281369988809967,17.315537993042675,48.62010479222386,15.103714948530522,0.2172970162573788,115161.1,2003687.85,17.75,17.25,-0.0227059862349311,0.1063542370748706,-0.0028735632183906,0.0057971014492754,17.25,0.6101649715690283,17.667916254144277,17.45749999999989,17.2470837458555,0.2445539546433483,0.0241061153251483,55.55555555555564,38.51851851851825,17.36999999999989,17.439999999999873,-2252287.0,-2394041.7,-66.66666666666667,-99.85632183907846,58.41884469293099,17.1125,16.950000000000003,,,,0.0,0.0,0.0,0.0,0.0,0.0,,0.0,0.0,0.1954,0.0458,0.0,5.66,-0.06,0,False,0,False,False,True,False,1.094119455267447,False,False,False,False,True,False,False,False,True,True,False,False,False,False,False,False,True,False,0.0,0.0,2.305475504322758,8.0,0.2733035169458205,False,False,True,False,False,False,False,-1,False,6,False,False,457.2208367560243,,3,False,3,False,True,False,True,"market_above_ma60, avoid_chase, kd_golden_cross, obv_uptrend, mfi_strong, above_ichimoku_cloud",,close_below_ema20
2026-08-20,11.3,11.5,11.3,11.5,104000,1194350,1452,宏益,,0.0218947317387865,0.0149197328862896,0.0069749988524969,11.416881052946955,11.344524899096042,11.380664937955126,53.29282236182632,16.19627266938091,0.2359733970965617,84371.25,957036.25,11.65,11.1,0.0204824867864806,0.1329677038395526,-0.0043290043290044,0.0176991150442478,11.3,1.0273096979956151,11.701943953674611,11.3875,11.073056046325387,0.6788872049936381,0.0552261609088231,66.66666666666667,63.92262708052173,11.489999999999965,11.440000000000008,1465495.0,1395591.75,-15.789473684210543,43.31450094161941,66.2235362562092,11.45,11.25,,,,0.0,0.0,0.0,0.0,0.0,0.0,,0.0,0.0,-0.0571,-0.1051,0.0,1.76,-0.15,0,False,0,False,False,True,False,1.2326473769204558,False,False,False,False,True,False,False,False,True,True,False,False,False,False,False,False,True,True,0.0,0.0,1.3043478260869596,15.0,0.2511509853654799,False,False,True,False,False,False,False,-1,False,6,False,False,440.3402855935903,,3,False,3,False,False,False,False,"market_above_ma60, avoid_chase, kd_golden_cross, obv_uptrend, mfi_strong, above_ichimoku_cloud",,
2026-08-20,11.15,11.3,11.15,11.25,24000,268950,1453,大將,,-0.0060425155241805,-0.024542989743136,0.0185004742189554,11.193610165953723,11.331717394546525,11.630137292426184,51.976483197980414,21.26878152348713,0.2372786416649006,56074.85,622556.8,11.4,11.0,0.0540782797454727,-0.0550325587358832,-0.0131578947368421,0.0089686098654708,11.15,0.7993557185854026,11.357115004565674,11.162500000000025,10.967884995434371,0.724802810541928,0.0348694297094111,29.41176470588237,27.73764476550908,11.21999999999998,11.194999999999984,-113889.0,-42328.8,-63.15789473684212,71.11997341309781,51.92091289044056,11.475,11.625,,,,0.0,0.0,0.0,0.0,0.0,0.0,,0.0,0.0,-0.1452,-0.1587,0.0,0.7,-0.02,0,False,0,False,False,False,False,0.427999361567619,False,False,True,False,True,False,False,False,True,False,False,False,False,False,False,False,True,True,10.0,0.0,1.3333333333333366,15.0,-0.191586992285477,False,False,False,False,False,False,False,-1,False,5,False,False,336.9809497082505,,5,False,3,False,False,False,False,"market_above_ma60, avoid_chase, adx_trending, kd_golden_cross, mfi_strong",,
2026-08-20,12.25,12.4,12.15,12.4,35000,429850,1454,台富,,-0.1044405039991804,-0.0516664523430388,-0.0527740516561416,12.663390931259944,12.818858411588057,12.980871984594078,40.17171090033287,24.32790545003163,0.2616670805239218,26653.8,334336.25,13.0,12.3,-0.1101942602341788,-0.035467393253629,-0.0236220472440944,0.0081300813008129,12.3,4.457522642238683,13.154332838766708,12.70500000000004,12.255667161233374,0.1606079350474277,0.0707332292430799,38.888888888888914,21.734892787524583,12.450000000000092,12.61000000000008,3391218.0,3409487.9,-63.15789473684212,-135.52111820115545,12.403650758115615,12.825,13.5,,,,0.0,0.0,0.0,0.0,0.0,0.0,,0.0,0.0,-0.0645,0.2239,0.0,0.46,-0.05,0,False,0,False,False,False,False,1.313133586955706,False,False,True,False,True,False,False,False,False,False,False,False,False,False,False,False,False,False,0.0,12.0,4.838709677419352,0.0,-0.2004195733961557,False,False,False,False,False,False,False,-1,False,3,False,False,197.7263009888032,,5,False,3,False,True,False,True,"market_above_ma60, avoid_chase, adx_trending",,close_below_ema20
2026-08-20,13.55,13.85,13.45,13.45,45000,611600,1456,怡華,,-0.0940918294069526,-0.0459543852684087,-0.0481374441385438,13.834194158716326,13.891474264692054,13.75837756370707,40.91995097606885,23.083996329986665,0.5747714951432434,60210.85,834794.2,14.25,13.5,-0.0830696841529649,0.0040268279783274,-0.0073800738007381,-0.0037037037037037,13.5,0.9493317373129558,14.345231424804677,13.872500000000011,13.399768575195347,0.0531289249761704,0.0681537465928511,0.0,16.15942028985531,13.7,13.810000000000036,1713230.0,1779662.1,-86.95652173913054,-134.8314606741556,22.526900403020164,14.425,13.95,,,,0.0,0.0,0.0,0.0,0.0,0.0,,0.0,0.0,-0.1813,0.6294,0.0,0.64,0.0,0,False,0,False,False,False,True,0.7473736045911991,False,False,True,False,True,False,False,False,False,False,False,False,False,False,False,False,False,False,20.0,25.0,5.947955390334577,0.0,-0.2330173951994761,False,False,False,True,False,False,False,-1,False,4,True,False,254.6775273035183,,3,False,3,False,True,True,True,"ema60_gt_ema120, market_above_ma60, avoid_chase, adx_trending",long_upper_shadow,"close_below_ema20, close_below_swing_low"
2026-08-20,10.05,10.1,9.93,10.0,1274000,12739820,1455,集盛,,0.1998021266159124,0.0874947570198499,0.1123073695960625,9.550707401347804,9.32494676279729,9.090933135926162,61.73867820674902,23.325764020093544,0.3180009279668552,1206454.25,11469908.35,10.0,8.88,0.8800742738434277,-0.0056428803090675,0.0111223458038423,0.001001001001001,9.99,1.0784834145059328,10.42686156908399,9.29549999999997,8.164138430915951,0.8113505086488009,0.2434213477669889,87.50000000000003,90.42536369386472,9.939999999999964,9.80599999999995,-9223059.0,-13258172.15,-6.134969325153357,94.048572191086,81.81216239530214,10.43,9.965,,,,0.0,0.0,0.0,0.0,0.0,0.0,,0.0,0.0,0.0165,0.0895,0.0,3.0,0.12,0,False,0,False,False,True,True,1.0559869966059634,False,True,True,False,True,False,False,False,False,True,False,False,False,False,False,False,True,True,-20.0,-12.0,0.0,25.0,0.3843411472979784,False,False,False,False,False,False,False,-1,False,7,False,False,483.1719637336354,,3,True,3,False,False,False,False,"ema60_gt_ema120, rsi_strong, market_above_ma60, avoid_chase, adx_trending, obv_uptrend, mfi_strong",,
2026-08-20,14.4,14.5,14.05,14.5,227000,3260500,1459,聯發,,0.6164755013114558,0.5224370277309083,0.0940384735805475,13.31407042496811,12.484359661997678,12.167190224589394,71.97444653922435,37.22722287042869,0.4671999462947561,201226.8,2667405.7,14.45,12.9,1.2417258313072856,0.2855224100514862,0.0320284697508896,0.0357142857142858,14.0,0.5269044198865315,15.06233489880351,13.074999999999978,11.087665101196446,0.8585203482457684,0.3039900418819939,72.49999999999997,57.59070294784578,14.05,13.934999999999992,330895.0,195967.45,-21.15384615384617,103.57002746174958,61.06874175558241,11.85,11.8,,,,0.0,0.0,0.0,0.0,0.0,0.0,,0.0,0.0,0.0511,0.2116,0.0,1.97,0.01,0,False,0,False,False,True,True,1.1280803551018057,False,True,True,True,True,False,False,False,False,True,False,False,False,False,False,True,True,True,-10.0,-12.0,-0.3448275862069014,25.0,0.3482216543605317,False,False,True,False,False,False,False,-1,False,10,False,False,738.4594634033444,,8,False,3,False,False,False,False,"ema60_gt_ema120, rsi_strong, breakout_20d, market_above_ma60, avoid_chase, adx_trending, obv_uptrend, cci_momentum, mfi_strong, above_ichimoku_cloud",,
2026-08-20,14.35,14.35,14.3,14.35,128000,1834650,1457,宜進,,0.0169874269093455,-0.0010709499905385,0.018058376899884,14.312306499388898,14.385339992454371,14.677160426281931,51.757204541776055,16.193302565750056,0.2347895226558451,120238.85,1712441.7,14.55,14.05,0.030014089269222,-0.020607286998116,-0.013745704467354,0.0,14.35,0.7948484504768012,14.538009673916749,14.292500000000157,14.04699032608356,0.6171033285217489,0.0343550357063622,50.0,54.16666666666666,14.370000000000257,14.310000000000128,-2357610.0,-2409276.05,-43.750000000000014,50.82508250825119,44.92759501800258,14.6125,14.95,,,,0.0,0.0,0.0,0.0,0.0,0.0,,0.0,0.0,-0.0164,0.013,0.0,1.97,-0.04,0,False,0,False,False,False,False,1.0645477730367514,False,False,False,False,True,False,False,False,False,True,False,False,False,False,False,False,False,True,0.0,0.0,1.393728222996523,15.0,0.1012398749741932,False,False,False,False,False,False,False,-1,False,3,False,False,206.86035623005785,,3,False,3,False,False,False,False,"market_above_ma60, avoid_chase, obv_uptrend",,
2026-08-20,6.58,6.62,6.57,6.62,153000,1008870,1460,宏遠,,-0.1231289940471622,-0.1320713196311916,0.0089423255840294,6.708924161856356,6.9043393510893685,6.883237382499676,42.40665040196615,17.65708512080914,0.156976832080115,317444.0,2120686.55,6.92,6.52,-0.1900012062150675,-0.163945926703204,-0.0104633781763826,0.0153374233128835,6.52,0.5139976424297924,6.880663188838606,6.673000000000013,6.4653368111614204,0.3723895161765821,0.0622398288142042,44.00000000000013,20.34782608695665,6.583999999999969,6.624000000000024,5356539.0,6180919.4,-59.25925925925921,-82.6618144008295,37.08927433252463,7.825000000000001,7.790000000000001,,,,0.0,0.0,0.0,0.0,0.0,0.0,,0.0,0.0,0.0772,0.1702,0.0,1.92,-0.04,0,False,0,False,False,False,True,0.481974773503358,False,False,False,False,True,False,False,False,True,False,False,False,False,False,False,False,False,False,0.0,0.0,4.531722054380662,0.0,-0.204778005089607,False,False,False,False,False,False,False,-1,False,4,False,False,252.3624116739583,,3,False,3,False,True,False,True,"ema60_gt_ema120, market_above_ma60, avoid_chase, kd_golden_cross",,close_below_ema20
2026-08-20,17.65,17.65,17.5,17.6,6000,105700,1463,強盛新,,-0.0394113460364842,-0.0083543884271767,-0.0310569576093074,17.722109915053956,17.775870124000885,17.926568757687992,45.08753800057354,15.860194096407527,0.2685874859823874,72138.5,1276114.7,17.9,17.45,-0.0668921995775577,0.0108319650123397,-0.0084507042253519,0.0085959885386821,17.45,0.8929780119566318,17.97027922828165,17.75750000000003,17.544720771718406,0.1298980843384548,0.0239649982578202,37.500000000000334,29.166666666666668,17.639999999999965,17.710000000000036,-726632.0,-805936.65,-66.66666666666615,-141.1255411255385,26.43091350905746,17.662499999999998,17.9,,,,0.0,0.0,0.0,0.0,0.0,0.0,,0.0,0.0,-0.2207,0.2482,0.0,12.0,0.03,0,False,0,False,False,False,False,0.0831733401720302,False,False,False,False,True,False,False,False,True,True,False,False,False,False,False,False,False,False,0.0,12.0,1.7045454545454382,15.0,0.3732952443006402,False,False,False,False,False,False,False,-1,False,4,False,False,247.311276333328,,3,False,3,False,True,False,True,"market_above_ma60, avoid_chase, kd_golden_cross, obv_uptrend",,close_below_ema20
2026-08-20,10.15,10.25,10.1,10.2,146000,1488200,1464,得力,,-0.0816243121763093,-0.0681094415460987,-0.0135148706302106,10.27295954582495,10.367346082696786,10.502684945572264,44.36201691544272,12.434791986289053,0.1859093963875286,339519.25,3491311.55,10.45,10.1,-0.1289734905942332,-0.016362501094441,0.0,0.0099009900990099,10.1,0.7506900740233258,10.473746069145864,10.274999999999975,10.07625393085409,0.3113170229673193,0.038685366257107,33.33333333333307,17.17171717171671,10.14999999999991,10.214999999999918,-20927339.0,-20294784.85,-72.72727272727293,-79.12772585669774,31.177198748514783,10.775,10.67,,,,0.0,0.0,0.0,0.0,0.0,0.0,,0.0,0.0,0.041,0.1636,0.0,2.01,-0.04,0,False,0,False,False,False,False,0.4300198000555196,False,False,False,False,True,False,False,False,True,False,False,False,False,False,False,False,False,False,0.0,0.0,2.450980392156863,8.0,-0.4001533801935854,False,False,False,False,False,False,False,-1,False,3,False,False,197.49835743823212,,3,False,3,False,True,False,True,"market_above_ma60, avoid_chase, kd_golden_cross",,close_below_ema20
2026-08-20,12.15,12.3,12.1,12.3,63000,768100,1465,偉全,,-0.1462489267165025,-0.1243007633368083,-0.0219481633796942,12.358220784029058,12.482106545873489,12.510939392560282,46.19707300840744,23.31324609428071,0.2994194494501808,138209.5,1697313.0,12.85,12.05,-0.2667001975585704,-0.0108707422985962,0.0123456790123457,0.0207468879668049,12.05,0.9359114511193658,12.842335134967843,12.3875,11.932664865032152,0.4038113007626551,0.0734345323863323,80.00000000000007,44.84848484848529,12.13000000000011,12.225000000000046,-2804014.0,-2345067.55,-52.941176470588175,-49.49587534372143,23.704234327563952,13.175,13.0,,,,0.0,0.0,0.0,0.0,0.0,0.0,,0.0,0.0,-0.2575,-0.1761,0.0,0.56,-0.06,0,False,0,False,False,False,False,0.4558297367402386,False,False,True,False,True,False,False,False,False,False,False,False,False,False,False,False,False,False,-20.0,0.0,4.471544715447146,0.0,-1.688122372698662,False,False,False,False,False,False,False,-1,False,3,False,False,109.30082889501844,,5,False,3,False,True,False,True,"market_above_ma60, avoid_chase, adx_trending",,close_below_ema20
2026-08-20,16.5,16.5,16.15,16.3,309000,5019550,1466,聚隆,,-0.0103478405488388,0.0087027993784578,-0.0190506399272967,16.45005470212131,16.22965446024513,16.053721470866247,48.64195216661842,14.661552791609065,0.7538203765935975,504317.05,8198768.9,17.35,15.95,0.1369071179886072,0.3347008046141189,0.0,-0.0030581039755351,16.35,0.3896830469948886,17.205958962375515,16.28000000000002,15.35404103762452,0.510799614676591,0.1137541722820019,16.666666666666618,23.171889838555824,16.48000000000011,16.530000000000108,17979007.0,18202123.25,-46.511627906976734,10.953559906969405,54.01957855713723,17.450000000000003,16.8,,,,0.0,0.0,0.0,0.0,0.0,0.0,,0.0,0.0,0.0787,0.1232,0.0,0.93,-0.01,0,False,0,False,False,True,True,0.6127098022959961,False,False,False,False,True,False,False,False,False,False,False,False,False,False,False,False,True,False,20.0,0.0,6.441717791411048,0.0,-0.0518293057959502,False,False,False,False,False,False,False,-1,False,4,False,False,265.5051463534086,,3,False,3,False,True,False,True,"ema60_gt_ema120, market_above_ma60, avoid_chase, mfi_strong",,close_below_ema20
2026-08-20,8.39,8.4,8.25,8.27,311000,2580550,1467,南緯,,-0.1614024079383433,0.0540724399821949,-0.2154748479205383,8.967296624159651,8.60323588826836,8.151665179798059,38.70237618119212,16.328223262468807,0.4360112654716044,612559.8,5877535.5,10.3,8.26,-1.0888818918493304,0.5304501909119992,-0.0559360730593607,-0.0048134777376656,8.31,0.5371997269394033,10.669571308397227,9.311000000000002,7.952428691602775,0.1168769377191833,0.2918207084947324,3.910614525139679,3.233362736449635,8.364000000000033,8.854000000000042,-8762944.0,-6938983.35,-96.74418604651162,-121.20168388825108,36.61364177591474,8.945,8.594999999999999,,,,0.0,0.0,0.0,0.0,0.0,0.0,,0.0,0.0,-0.0564,0.0544,0.0,19.45,-0.02,0,False,0,False,False,False,True,0.5077055334026164,False,False,False,False,True,False,False,False,False,False,False,False,False,False,False,False,False,False,20.0,12.0,24.546553808948023,0.0,-0.6098164717294304,False,False,False,False,False,False,False,-1,False,3,False,False,179.759257673273,,3,False,3,False,True,False,True,"ema60_gt_ema120, market_above_ma60, avoid_chase",,close_below_ema20
2026-08-20,12.95,13.1,12.8,13.1,54000,699600,1468,昶和,,0.059214297372943,0.1714336147578412,-0.1122193173848981,13.317636765847,12.920182252718144,12.68015615520376,46.83125346560715,22.688314717091234,0.4741880382071882,49523.65,662000.7,14.05,13.05,-0.107576150809957,0.2877123026513141,-0.0296296296296296,0.0038314176245208,13.05,1.1682458481157425,14.08257529664786,13.460000000000012,12.837424703352166,0.2108783452070989,0.092507473498937,49.9999999999999,43.246187363834906,13.190000000000056,13.335000000000084,-78783.0,-39149.25,-68.96551724137935,-108.52165725047097,15.435351253386528,12.4625,12.35,,,,0.0,0.0,0.0,0.0,0.0,0.0,,0.0,0.0,-0.4011,-0.1309,0.0,2.12,-0.02,0,False,0,False,False,True,True,1.090388127692527,False,False,True,False,True,False,False,False,False,False,False,False,False,False,False,False,False,False,0.0,0.0,7.251908396946573,0.0,-0.5207512219886637,False,False,True,False,False,False,False,-1,False,5,False,False,289.6548666130613,,3,False,3,False,True,False,True,"ema60_gt_ema120, market_above_ma60, avoid_chase, adx_trending, above_ichimoku_cloud",,close_below_ema20
2026-08-20,23.2,23.75,23.2,23.7,23000,535200,1470,大統新創,,0.5412903593499685,0.6126571649348321,-0.0713668055848636,23.135499996125887,21.816629406039123,20.5560421177548,54.74152050599905,9.47030408785984,1.054067424028844,13707.25,317414.55,24.0,22.7,0.2024486765537738,,-0.0125,-0.0021052631578947,23.75,1.5672604809266022,23.98348483283601,23.25,22.51651516716399,0.8067548092712978,0.0630954694912695,70.27027027027025,67.10258645742579,23.540000000000145,23.464999999999964,479276.0,422889.95,-29.729729729729744,84.67047411839386,65.37562552109183,16.975,11.725,,,,0.0,0.0,0.0,0.0,0.0,0.0,,0.0,0.0,-0.0595,-0.2363,0.0,0.39,-0.07,0,False,0,False,False,True,True,1.677944153641321,True,False,False,False,True,False,False,False,False,True,False,False,False,False,False,False,True,True,-10.0,-12.0,1.2658227848101298,15.0,0.7321044137523108,False,False,True,False,False,False,False,-1,False,7,False,False,468.56469450144095,,3,False,3,False,False,False,False,"ema60_gt_ema120, volume_break, market_above_ma60, avoid_chase, obv_uptrend, mfi_strong, above_ichimoku_cloud",,
2026-08-20,88.0,89.0,87.5,87.5,99000,8698800,1472,三洋實業,,0.7943414911618873,0.3359965236563185,0.4583449675055688,86.75121786381423,87.08857019499877,88.19804889634338,50.70225529662543,6.11564180400861,5.925430118536059,37350.6,3315698.6,89.6,87.4,,,-0.0168539325842697,0.0011441647597252,87.4,0.8255358364476206,123.1526696073426,84.40500000000029,45.65733039265796,0.5399378857020765,0.918136830930447,3.9999999999997726,24.666666666666668,88.32000000000043,88.68000000000029,4743020.0,4678348.75,-50.0,29.53586497890288,57.53295628577672,87.925,46.3,,,,0.0,0.0,0.0,0.0,0.0,0.0,,0.0,0.0,0.1657,0.0753,0.0,0.88,-0.02,0,False,0,False,False,True,False,2.650559830364171,True,False,False,False,True,False,False,False,False,True,False,False,False,False,False,False,True,False,20.0,0.0,2.399999999999993,8.0,0.0326966088632458,False,False,False,False,False,False,False,-1,False,5,False,False,389.8979576100007,,3,False,3,False,False,False,False,"volume_break, market_above_ma60, avoid_chase, obv_uptrend, mfi_strong",,
2026-08-20,19.9,20.0,19.85,20.0,20000,398850,1473,台南,,-0.0753345478309555,-0.0897787046522909,0.0144441568213354,19.97438746752868,20.422256070699348,21.422793868878745,49.43682589589798,9.29174395665962,0.3083802514900461,67510.0,1339350.15,20.3,19.7,-0.0149772300839166,-0.0835050552046183,0.0025062656641603,0.015228426395939,19.7,0.814733370774155,20.26757461857759,19.932499999999937,19.597425381422283,0.6007238332264486,0.0336209325049697,66.66666666666667,46.82539682539633,19.90999999999985,19.964999999999872,632030.0,679305.5,-28.5714285714285,24.76190476190334,32.98325433040755,20.4625,20.775,,,,0.0,0.0,0.0,0.0,0.0,0.0,,0.0,0.0,0.1231,0.0671,0.0,5.14,-0.04,0,False,0,False,False,False,False,0.2962524070508073,False,False,False,False,True,False,False,False,True,False,False,False,False,False,False,False,False,False,0.0,0.0,1.5000000000000036,15.0,-0.1068642990770707,False,False,False,False,False,False,False,-1,False,3,False,False,226.6801524815832,,3,False,3,False,False,False,False,"market_above_ma60, avoid_chase, kd_golden_cross",,
2026-08-20,25.75,26.1,25.75,26.1,12000,312000,1475,業旺,,-0.3660063819020003,-0.2262480891185952,-0.139758292783405,26.421695220796693,26.90881653247315,27.98517623945285,44.51390136333879,17.51764861820097,0.676812592257328,37355.0,977763.65,27.3,25.2,-0.3192139019353126,0.0317975699309444,0.0057803468208093,0.0215264187866928,25.55,0.7375690607734806,28.05204558033612,26.61500000000005,25.17795441966399,0.3208129209514646,0.1079876445865911,45.2830188679246,28.93081761006336,25.520000000000078,26.225,-3270217.0,-3095420.65,-54.71698113207541,-69.83750679112971,18.962743609701025,26.7125,26.2,,,,0.0,0.0,0.0,0.0,0.0,0.0,,0.0,0.0,0.1496,0.018,0.0,0.51,-0.18,0,False,0,False,False,False,False,0.3212421362602061,False,False,False,False,True,False,False,False,False,False,False,False,False,False,False,False,False,False,0.0,0.0,4.597701149425284,0.0,-1.518553857244599,False,False,False,False,False,False,False,-1,False,2,False,False,114.98977507566688,,3,False,3,False,True,False,True,"market_above_ma60, avoid_chase",,close_below_ema20
2026-08-20,10.0,10.05,9.92,10.05,42000,419950,1474,弘裕,,-0.0845656077705321,-0.0797153075375068,-0.0048503002330252,10.119453998388622,10.20168129284082,10.317187840239596,44.75715029226,17.91121258450476,0.1831993483801706,62493.0,630688.6,10.45,9.94,-0.1720437941672516,-0.0002720642851285,-0.0049504950495048,0.006006006006006,9.99,0.8611989371216422,10.390892055285084,10.116499999999997,9.84210794471491,0.3788230221700406,0.0542464400306603,77.27272727272764,55.38720538720554,10.003999999999996,10.04699999999998,234991.0,270170.05,-54.05405405405398,-56.98582586057347,31.63026157693844,10.8125,10.58,,,,0.0,0.0,0.0,0.0,0.0,0.0,,0.0,0.0,-0.0879,0.1418,0.0,0.57,-0.03,0,False,0,False,False,False,False,0.6720752724305122,False,False,False,False,True,False,False,False,True,False,False,False,False,False,False,False,False,False,-10.0,0.0,3.980099502487548,0.0,-0.1099734396022879,False,False,False,False,False,False,False,-1,False,3,False,False,165.40107144907768,,3,False,3,False,True,False,True,"market_above_ma60, avoid_chase, kd_golden_cross",,close_below_ema20
2026-08-20,193.5,201.5,193.5,201.0,1914000,380609500,1477,聚陽,,-4.832274376216276,-2.084506173084305,-2.747768203131971,213.1494721804275,220.34157336036864,232.83694579551897,36.08482978142261,20.203219894616108,6.806076497342842,2256993.0,480579873.9,226.0,192.5,-0.4187028173441386,-0.0863097017679497,-0.0842824601366742,0.044155844155844,192.5,1.9284224079377343,234.0738387609707,215.775,197.47616123902927,0.0962858574525127,0.1696103696996471,28.98550724637681,13.447157699688736,202.7,211.95,18004849.0,30229145.0,-74.02597402597402,-166.0349675999509,23.47971939033029,223.375,218.5,,,,0.0,0.0,0.0,0.0,0.0,0.0,,0.0,0.0,0.0786,0.052,0.0,14.54,-2.31,0,False,0,False,False,False,False,0.8480309863610564,False,False,True,False,True,True,False,False,True,False,False,False,False,False,False,False,False,False,10.0,25.0,12.437810945273633,0.0,-1.5155834969633546,False,False,False,False,False,False,False,-1,False,5,False,False,345.2933079000503,,3,False,3,False,True,False,True,"market_above_ma60, avoid_chase, liquidity_ok, adx_trending, kd_golden_cross",,close_below_ema20
2026-08-20,311.5,319.0,311.5,317.0,1967000,622982500,1476,儒鴻,,-6.026813080399222,-2.2650237001890403,-3.761789380210182,329.8134023475567,336.15777596751406,347.5530075853923,40.14436224743032,19.07350070422537,10.71721023632366,1778641.8,599867692.05,364.5,310.5,-0.5465603406476824,-0.0506541657021452,-0.0290964777947932,0.0176565008025681,311.5,1.2303112114841832,366.0810324563557,335.825,305.5689675436443,0.1889050137827052,0.1801892798710976,34.73684210526316,18.015414604888672,315.5,324.45,-35525362.0,-33915735.9,-75.55555555555556,-109.09507445589938,29.942484476233005,331.125,337.0,,,,0.0,0.0,0.0,0.0,0.0,0.0,,0.0,0.0,0.2326,-0.0027,0.0,29.02,-0.88,0,False,0,False,False,False,False,1.1059000187671288,False,False,False,False,True,True,False,False,False,False,False,False,False,False,False,False,False,False,0.0,12.0,14.98422712933754,0.0,-0.6132838553982478,False,False,False,False,False,False,False,-1,False,3,False,False,205.69959392289232,,3,False,3,False,True,False,True,"market_above_ma60, avoid_chase, liquidity_ok",,close_below_ema20
2026-08-20,199.5,207.5,197.0,201.5,1910000,384426500,1503,士電,,-2.991676552365135,-4.58829567912319,1.5966191267580552,200.48171820862316,207.0691302435022,205.70012708858383,49.141712817768834,22.86435329876748,7.40000114378884,1407720.55,276893207.65,211.5,193.5,0.1746402182751145,-0.3772485848069024,0.0,0.0228426395939085,197.0,0.5792596884096844,206.78459421979943,196.65,186.51540578020055,0.7392794370851477,0.1030724049814332,61.29032258064516,50.19201228878713,200.0,198.65,90412588.0,87493443.15,-35.294117647058826,81.30081300812992,55.4132422272038,224.375,225.25,,,,0.0,0.0,0.0,0.0,0.0,0.0,,0.0,0.0,0.151,-0.0442,0.0,30.43,0.1,0,False,0,False,False,False,True,1.3568033797617003,False,False,True,False,True,True,False,False,True,True,False,False,False,False,False,False,True,True,0.0,0.0,4.962779156327544,0.0,0.2908337097099451,False,False,False,True,False,False,False,-1,False,8,True,False,592.0580383141363,,3,False,3,False,False,False,False,"ema60_gt_ema120, market_above_ma60, avoid_chase, liquidity_ok, adx_trending, kd_golden_cross, obv_uptrend, mfi_strong",long_upper_shadow,
2026-08-20,72.9,74.0,71.9,73.1,16697000,1221721100,1504,東元,,1.1340430150934395,0.2463817174076504,0.8876612976857892,68.81968328255392,68.9203333459645,70.67603573607052,63.511783708352176,15.440928585375133,2.653845202506528,9276006.65,630748366.7,71.9,66.0,0.7127516690259217,-0.1998948607764737,0.0383522727272724,0.0181058495821726,71.8,1.2707019182763009,73.85996229250134,67.2300000000001,60.60003770749887,0.9426872839562834,0.1972322562100616,88.31168831168824,76.6594516594517,71.67999999999957,69.67000000000007,958312934.0,896470639.6,-8.41121495327108,146.86002737850785,86.00536966988143,68.35,75.69999999999999,,,,0.0,0.0,0.0,0.0,0.0,0.0,,0.0,0.0,0.1381,0.0477,0.0,7.55,0.56,0,False,0,False,False,True,False,1.8000202705762398,True,True,False,True,True,True,False,False,False,True,False,False,False,True,False,False,True,True,-20.0,-25.0,-1.6415868673050462,25.0,0.905346972089746,False,False,False,True,False,False,False,-1,False,9,True,False,628.8643663708393,,3,False,3,False,False,False,False,"volume_break, rsi_strong, breakout_20d, market_above_ma60, avoid_chase, liquidity_ok, obv_uptrend, breakout_volume_confirm, mfi_strong",long_upper_shadow,
2026-08-20,10.25,10.25,10.15,10.25,61000,622700,1506,正道,,-0.0805856026305154,-0.0515069298791569,-0.0290786727513584,10.34153186702943,10.461425995871789,10.728094474352485,46.2218563860597,16.016373810773377,0.2820590017259612,209619.9,2162257.7,10.8,10.1,-0.1970847392448397,0.0418965367969498,-0.0048543689320389,0.0148514851485148,10.1,1.0140053941953695,10.7406327994157,10.365000000000007,9.98936720058432,0.3469249754296011,0.0724810032640019,33.33333333333324,19.444444444444645,10.169999999999982,10.3,-1768361.0,-1038842.75,-66.66666666666677,-71.89104710872853,37.11852834804533,10.46,10.5,,,,0.0,0.0,0.0,0.0,0.0,0.0,,0.0,0.0,0.2828,0.0521,0.0,0.85,-0.06,0,False,0,False,False,False,False,0.2910029057355718,False,False,False,False,True,False,False,False,True,False,False,False,False,False,False,False,False,False,0.0,0.0,5.365853658536592,0.0,-0.7751490149441075,False,False,False,False,False,False,False,-1,False,3,False,False,203.60824087802644,,3,False,3,False,True,False,True,"market_above_ma60, avoid_chase, kd_golden_cross",,close_below_ema20
2026-08-20,6.62,6.64,6.51,6.55,22000,144290,1512,瑞利,,-0.0633814016897051,-0.0613770503205497,-0.0020043513691554,6.661876085450924,6.83356617347525,7.05856468153037,40.4304260601524,9.428183881273828,0.1806857825472063,62547.0,415788.8,6.89,6.54,-0.1661008402567168,-0.0961659951269457,-0.0281899109792285,0.0015290519877675,6.54,1.290229137234491,6.850749829930264,6.6670000000000185,6.483250170069773,0.1816323583961029,0.0551221928694299,14.28571428571425,13.333333333332726,6.60600000000004,6.616000000000031,-1864910.0,-1706941.8,-85.71428571428575,-111.23701605287933,44.82281669586858,6.965,7.08,,,,0.0,0.0,0.0,0.0,0.0,0.0,,0.0,0.0,-0.1261,0.043,0.0,5.5,0.0,0,False,0,False,False,False,False,0.3517354949078293,False,False,False,False,True,False,False,False,True,False,False,False,False,False,False,False,False,False,20.0,12.0,5.190839694656487,0.0,-0.5716404403208273,False,False,False,False,False,False,False,-1,False,3,False,False,168.65766966522835,,3,False,3,True,True,False,True,"market_above_ma60, avoid_chase, kd_golden_cross",,"macd_death_cross, close_below_ema20"
2026-08-20,100.0,101.5,100.0,101.0,836000,84419000,1514,亞力,,-2.726745579254043,-3.445991171054159,0.7192455918001159,102.5716622745808,109.39184402481762,111.82198715069156,43.47397268040777,25.1205213237204,3.5028094742879308,1422241.0,142984173.95,108.0,99.5,0.0259041687237541,-0.5394797061712562,-0.0146341463414634,0.015075376884422,99.5,0.5664605502091259,106.13225730387938,100.66000000000004,95.1877426961207,0.53106579068924,0.1087275442853038,44.44444444444442,26.72456823400232,100.7,101.17999999999992,358976511.0,358080564.8,-41.1764705882353,1.8665703275528287,63.79233422277033,118.75,128.5,,,,0.0,0.0,0.0,0.0,0.0,0.0,,0.0,0.0,0.0651,-0.2399,0.0,12.59,-0.28,0,False,0,False,False,False,False,0.5878047391405535,False,False,True,False,True,True,False,False,True,True,False,False,False,False,False,False,True,False,0.0,0.0,6.930693069306932,0.0,0.0449562207978258,False,False,False,False,False,False,False,-1,False,7,False,False,501.4175220409794,,3,False,3,False,True,False,True,"market_above_ma60, avoid_chase, liquidity_ok, adx_trending, kd_golden_cross, obv_uptrend, mfi_strong",,close_below_ema20
2026-08-20,165.0,166.5,163.0,166.0,2100000,346858000,1513,中興電,,0.8823879327538577,-0.3149500899207837,1.1973380226746415,163.7865160421001,163.90633168483402,162.56922079952338,53.02427335239802,17.829883481504517,5.542178203024797,3696631.35,601387872.4,171.0,157.5,0.574025812104903,-0.15581829861905,-0.0292397660818714,0.0121951219512195,164.0,0.599601370979079,173.6469921410826,160.35,147.0530078589174,0.7124540625448547,0.1658496057509522,43.58974358974359,42.863247863248034,167.6,165.2,513991986.0,498671013.55,-44.89795918367347,59.22865013774145,68.2596730943661,170.375,173.75,,,,0.0,0.0,0.0,0.0,0.0,0.0,,0.0,0.0,0.0383,-0.1493,0.0,12.43,1.04,0,False,0,False,False,True,True,0.5680847780506975,False,False,False,False,True,True,False,False,True,True,False,False,False,False,False,False,True,True,0.0,0.0,3.0120481927710845,8.0,0.3938970799488565,False,False,False,False,False,False,False,-1,False,7,False,False,508.4076127398933,,3,True,3,False,False,False,False,"ema60_gt_ema120, market_above_ma60, avoid_chase, liquidity_ok, kd_golden_cross, obv_uptrend, mfi_strong",,
2026-08-20,31.8,34.5,31.8,34.5,5040000,171487050,1515,力山,,-0.2229896737248324,-0.5295525657793911,0.3065628920545586,32.48672444588187,31.292195959713855,29.43098144743869,54.82327336032941,20.85440534011369,2.533556079166321,2355331.9,76209264.4,34.5,30.4,0.5147388618375922,0.6752250343115113,0.1311475409836064,0.0987261146496816,31.4,0.7848358976385651,35.06467417216292,31.07499999999991,27.085325827836904,0.9292330466353876,0.2567770987715538,67.12328767123289,41.324200913242144,33.129999999999924,32.01999999999989,52896446.0,42736704.6,-25.13089005235601,104.07272206713913,71.65846928199375,37.4,33.099999999999994,,,,0.0,0.0,0.0,0.0,0.0,0.0,,0.0,0.0,0.0461,0.0238,0.0,3.17,-1.44,0,False,0,False,False,True,True,2.13982581393306,True,False,True,False,False,True,False,False,True,True,False,False,False,False,False,True,True,True,0.0,-25.0,0.0,25.0,0.3741461778764076,False,False,False,False,False,False,False,-1,False,9,False,False,640.8880122738475,,3,True,3,False,False,False,False,"ema60_gt_ema120, volume_break, market_above_ma60, liquidity_ok, adx_trending, kd_golden_cross, obv_uptrend, cci_momentum, mfi_strong",,
2026-08-20,15.0,15.0,15.0,15.0,1000,15000,1516,川飛,,-1.3852364201469722,-1.2364118067425915,-0.1488246134043807,14.296191669404726,16.908493104230217,18.341084918825366,50.14299641739876,44.52891328545342,2.3430465884751057,46255.15,645942.05,16.05,0.0,,,0.0,0.0204081632653061,14.7,0.0311399761796958,21.25269130485875,14.52249999999999,7.792308695141228,0.535474474526102,0.926864011686523,97.0873786407767,64.07766990291263,11.85,13.424999999999908,3044363.0,2813274.4,-7.407407407407403,24.458138954481765,76.49157270732483,18.875,19.775,,,,0.0,0.0,0.0,0.0,0.0,0.0,,0.0,0.0,0.5984,-0.3388,0.0,5.83,-0.02,0,False,0,False,False,False,False,0.0216192142928949,False,False,True,False,True,False,False,False,False,True,False,False,False,False,False,False,True,False,-20.0,0.0,7.000000000000004,0.0,1.250859683916003,False,False,False,False,False,False,False,-1,False,5,False,False,385.226508349921,,8,False,3,False,False,False,False,"market_above_ma60, avoid_chase, adx_trending, obv_uptrend, mfi_strong",,
2026-08-20,11.75,11.8,11.45,11.45,285000,3295200,1517,利奇,,0.0928826629786527,0.1560339509063014,-0.0631512879276486,11.492514124669702,11.17799057888418,11.086298058847325,50.37867533354155,40.60507379937975,0.4743372118930752,935327.15,10966242.6,12.3,11.25,0.0480105598160703,0.2772822133294951,-0.017167381974249,-0.0043478260869566,11.5,0.3678350556243904,12.11236231809842,11.545000000000028,10.977637681901632,0.4162792478724748,0.0982871057771142,15.624999999999986,11.458333333333334,11.409999999999943,11.640000000000054,30828697.0,30261778.9,-79.41176470588239,-3.1695721077648207,57.97988179633849,10.7625,10.645,,,,0.0,0.0,0.0,0.0,0.0,0.0,,0.0,0.0,0.3634,0.0352,0.0,2.79,-0.12,0,False,0,False,False,True,True,0.3047062196366266,False,False,True,False,True,False,False,False,False,True,False,False,False,False,False,False,True,False,20.0,0.0,7.423580786026214,0.0,0.0784939549959211,False,False,True,False,True,False,False,-1,False,7,True,False,553.9889896563174,,8,False,3,False,True,False,True,"ema60_gt_ema120, market_above_ma60, avoid_chase, adx_trending, obv_uptrend, mfi_strong, above_ichimoku_cloud",open_high_close_low,close_below_ema20
2026-08-20,722.0,735.0,708.0,727.0,2240000,1629553000,1519,華城,,-2.092581191223985,-10.083543478697765,7.99096228747378,706.9720283618458,744.9182878659976,775.781955546218,54.205352224265376,17.542906341808205,29.49888527062649,1453298.1,1014588159.45,727.0,653.0,0.2724929496145801,-0.4450477411287401,0.0097222222222221,0.0125348189415042,718.0,0.6943800042612991,746.2454997974822,696.25,646.2545002025178,0.8075276787366826,0.1436136439424983,88.46153846153847,80.64997018485398,717.8,705.6,30472412.0,27178382.0,-10.465116279069768,84.31494110353391,62.42050903660854,740.0,826.5,,,,0.0,0.0,0.0,0.0,0.0,0.0,,0.0,0.0,-0.0832,0.1851,0.0,18.19,-0.41,0,False,0,False,False,False,False,1.541321770117225,True,False,False,False,True,True,False,False,False,True,False,False,False,False,False,False,True,True,-20.0,-12.0,0.0,25.0,0.2714399710430394,False,False,False,False,False,False,False,-1,False,6,False,False,381.6704973536887,,3,True,3,False,False,False,False,"volume_break, market_above_ma60, avoid_chase, liquidity_ok, obv_uptrend, mfi_strong",,
2026-08-20,27.9,28.05,27.75,27.85,242000,6744700,1522,堤維西,,-0.3774475390909373,-0.4220700964114321,0.0446225573204948,28.248908575815044,29.679823556348268,32.46362473015055,44.236784597919126,17.07992919496248,0.7080639769741252,548908.6,15395606.7,29.75,27.65,0.0493912278927888,-0.2805898227903186,-0.0035778175313058,0.007233273056058,27.65,0.4207338728470058,29.087895125918745,28.020000000000163,26.95210487408158,0.4204041689702765,0.0762237777243808,30.43478260869581,18.702432409526107,27.879999999999928,28.030000000000108,6100237.0,6374026.65,-84.44444444444439,-28.347996089931595,43.75430427144422,30.6625,31.55,,,,0.0,0.0,0.0,0.0,0.0,0.0,,0.0,0.0,0.0573,0.0154,0.0,2.63,0.0,0,False,0,False,False,False,False,0.440874856032498,False,False,False,False,True,False,False,False,True,False,False,False,False,False,False,False,False,False,0.0,0.0,6.822262118491916,0.0,-0.0875856933237722,False,False,False,True,False,False,False,-1,False,3,True,False,193.3577202404397,,3,False,3,False,True,False,True,"market_above_ma60, avoid_chase, kd_golden_cross",long_upper_shadow,close_below_ema20
2026-08-20,25.3,25.6,25.25,25.55,6000,152550,1521,大億,,-0.0060744336775897,-0.0707518810580044,0.0646774473804147,25.438110062656605,25.55936716109912,25.541388794280465,51.52585033420968,12.640856859280474,0.5274630450275983,22175.9,561027.65,25.9,25.0,0.1248185444034782,-0.1368392092555897,0.0,0.0059055118110236,25.4,0.4575557166153288,25.843265238213935,25.2875,24.731734761786065,0.7361608660912257,0.0439557281830103,39.28571428571438,34.84126984126973,25.609999999999854,25.459999999999944,851582.0,773880.95,-48.57142857142845,67.7506775067745,73.98460493353281,25.762500000000003,26.950000000000003,,,,0.0,0.0,0.0,0.0,0.0,0.0,,0.0,0.0,-0.0526,-0.0599,0.0,33.03,-0.02,0,False,0,False,False,False,True,0.2705639906384859,False,False,False,False,True,False,False,False,True,True,False,False,False,False,False,False,True,True,0.0,0.0,1.3698630136986218,15.0,0.5507376606069422,False,False,False,False,False,False,False,-1,False,6,False,False,414.31449183366817,,3,False,3,False,False,False,False,"ema60_gt_ema120, market_above_ma60, avoid_chase, kd_golden_cross, obv_uptrend, mfi_strong",,
2026-08-20,27.4,27.55,27.2,27.25,355000,9712700,1524,耿鼎,,-0.1333913993721793,-0.2819282055363223,0.148536806164143,27.005499315721373,27.87157694895589,28.588617269530467,51.84987875700196,22.976331990659197,0.5509116585376154,413819.5,10982126.5,27.25,26.9,0.3044749326606568,-0.3555852838324466,0.0111317254174396,0.0092592592592593,27.0,0.4689395274515994,27.794784462741305,26.6349999999999,25.47521553725849,0.7651354711833324,0.0870872508159497,64.70588235294115,49.333333333333336,27.07000000000007,27.10499999999993,89736057.0,88913294.0,-20.00000000000005,93.53431616144812,77.00782004231453,28.8375,31.0,,,,0.0,0.0,0.0,0.0,0.0,0.0,,0.0,0.0,0.1119,0.284,0.0,1.82,0.09,0,False,0,False,False,False,False,0.8578619422236023,False,False,True,False,True,False,False,False,True,True,False,False,False,False,False,False,True,False,0.0,0.0,0.0,25.0,0.1722527822203024,False,False,False,False,False,False,False,-1,False,6,False,False,475.6456528088797,,5,False,3,False,False,False,False,"market_above_ma60, avoid_chase, adx_trending, kd_golden_cross, obv_uptrend, mfi_strong",,
2026-08-20,67.0,68.1,66.2,68.1,38000,2564500,1525,江申,,0.1543942264588622,0.2901022479990407,-0.1357080215401784,67.60500208937846,66.61590849224531,65.52087149005548,54.51314078818206,28.267842734432197,1.6007112474174068,20837.75,1405408.8,68.8,67.0,-0.0125093585557443,0.0210397995208864,0.0103857566765577,0.016417910447761,67.0,2.277775191512913,69.12784436661664,67.83000000000011,66.53215563338358,0.6040186354176542,0.0382675620408824,92.68292682926804,73.57107661985658,67.47999999999956,67.67000000000007,2293402.0,2244344.9,-19.148936170212878,-16.93320790216436,57.73137275140048,66.7,65.15,,,,0.0,0.0,0.0,0.0,0.0,0.0,,0.0,0.0,0.1846,-0.0033,0.0,0.43,0.02,0,False,0,False,False,True,True,1.8236133939604804,True,False,True,False,True,False,False,False,False,True,False,False,False,False,False,False,True,False,-20.0,0.0,1.0279001468428826,15.0,0.4491155941117203,False,False,True,False,False,False,False,-1,False,8,False,False,593.6255210689454,,8,False,3,False,False,False,False,"ema60_gt_ema120, volume_break, market_above_ma60, avoid_chase, adx_trending, obv_uptrend, mfi_strong, above_ichimoku_cloud",,
2026-08-20,17.25,17.25,16.5,16.7,362000,6047150,1526,日馳,,0.2332386027538007,0.5296839211183212,-0.2964453183645205,17.314022989585368,16.53586607768789,16.557993946978847,46.87180087991419,37.17150398069565,1.0222566323519549,1616378.25,29920717.2,19.15,16.55,-0.1794198363560078,0.4562511349140476,-0.0511363636363637,-0.0176470588235294,17.0,0.2554606369493943,19.45410850679746,17.78249999999998,16.1108914932025,0.1762100708395324,0.1880060179162076,13.333333333333286,11.851851851852189,16.92999999999993,17.635000000000037,2923242.0,5412105.35,-87.30158730158735,-98.8967691095352,41.93821181114072,14.55,15.2,,,,0.0,0.0,0.0,0.0,0.0,0.0,,0.0,0.0,-0.1482,-0.0072,0.0,2.95,0.0,0,False,0,False,False,True,False,0.2239574802494403,False,False,True,False,True,False,False,False,False,False,False,False,False,False,False,False,False,False,20.0,12.0,14.670658682634729,0.0,-0.7910344999581954,False,False,True,False,False,False,False,-1,False,4,False,False,279.74716080299606,,8,False,3,False,True,False,True,"market_above_ma60, avoid_chase, adx_trending, above_ichimoku_cloud",,close_below_ema20
2026-08-20,32.75,32.9,32.7,32.9,68000,2229700,1527,鑽全,,-0.1563617939261803,-0.1789105226529578,0.0225487287267774,32.98517995064252,33.14693611619086,33.21874513621544,47.186297834630544,13.20766550996166,0.4611982755746762,220417.3,7281455.1,34.0,32.4,-0.137160826345868,-0.0173185216108481,0.0045801526717557,0.0061162079510701,32.7,0.5077968295050146,33.9814190107859,32.9875,31.99358098921409,0.4559823290175265,0.0602603416922108,47.05882352941152,49.84520123838956,32.91000000000022,32.805000000000106,6044792.0,5445092.75,-32.142857142857295,-24.74088933466992,53.30604647334469,33.7875,33.275,,,,0.0,0.0,0.0,0.0,0.0,0.0,,0.0,0.0,-0.0461,0.082,0.0,10.42,-0.01,0,False,0,False,False,False,False,0.3085057298134039,False,False,False,False,True,False,False,False,False,True,False,False,False,False,False,False,True,True,0.0,0.0,3.3434650455927097,8.0,1.715772820566165,False,False,False,False,False,False,False,-1,False,4,False,False,281.67433114492803,,3,False,3,False,True,False,True,"market_above_ma60, avoid_chase, obv_uptrend, mfi_strong",,close_below_ema20
2026-08-20,18.55,18.85,18.45,18.65,514000,9557050,1528,恩德,,-0.6270900702467586,-0.8661693944596464,0.2390793242128878,19.12870326715778,21.32931718596531,22.23694639486168,39.98637154918346,32.255223805283734,0.7376439200044295,918565.45,16671195.7,19.65,18.55,0.3961316323014428,-0.8176255385578366,-0.0386597938144329,0.0053908355795146,18.55,0.712455507749878,20.117498120298954,18.454999999999973,16.792501879700993,0.5586466828500705,0.1801677724517998,13.333333333333286,20.17025089605765,18.879999999999928,18.97499999999991,362569615.0,362275744.8,-44.06779661016952,17.53952569169977,62.13954371642021,23.4875,26.875,,,,0.0,0.0,0.0,0.0,0.0,0.0,,0.0,0.0,0.1966,0.1564,0.0,2.77,0.26,0,False,0,False,False,False,False,0.5595681831926076,False,False,True,False,True,False,False,False,False,True,False,False,False,False,False,False,True,False,20.0,0.0,5.361930294906166,0.0,0.0218672193309332,False,False,False,True,False,False,False,-1,False,5,True,False,400.8580884638973,,8,False,3,False,True,False,True,"market_above_ma60, avoid_chase, adx_trending, obv_uptrend, mfi_strong",long_upper_shadow,close_below_ema20
2026-08-20,29.2,30.3,29.15,30.0,79000,2353850,1530,亞崴,,-0.0035135920058912,-0.2084873745165026,0.2049737825106113,28.771295182159648,28.939706794574644,28.733097529818217,58.9281934630476,12.64695224289762,0.9493578494719458,61209.45,1756993.0,31.1,27.15,0.1261650740460136,-0.2619678540287007,0.0327022375215146,0.0434782608695651,28.75,0.4853887487426291,30.31698268763659,28.432499999999983,26.548017312363378,0.9158966304874556,0.1325583531266407,91.17647058823528,68.02656546489622,29.090000000000146,28.71000000000004,2897350.0,2826437.85,-8.82352941176472,123.96069538926676,67.25269239483009,29.9625,31.2,,,,0.0,0.0,0.0,0.0,0.0,0.0,,0.0,0.0,0.2806,0.4258,0.0,0.65,-0.08,0,False,0,False,False,True,True,1.2906503815995731,False,True,False,False,True,False,False,False,False,True,False,False,False,False,False,True,True,True,-20.0,-25.0,3.666666666666672,0.0,0.1336919283394531,False,False,False,False,False,False,False,-1,False,7,False,False,454.5108069560692,,3,False,3,False,False,False,False,"ema60_gt_ema120, rsi_strong, market_above_ma60, avoid_chase, obv_uptrend, cci_momentum, mfi_strong",,
2026-08-20,13.0,13.05,12.95,13.05,137000,1781850,1531,高林股,,0.0180057128542401,0.0111847563274981,0.006820956526742,12.974727888320707,12.90549504546405,12.756451405153191,55.03892516548811,8.318019785577292,0.1715365254937158,136590.35,1761574.25,13.1,12.85,0.0323126459725176,0.051669597031763,0.0,0.0038461538461538,13.0,0.8348770752640565,13.10674811556762,12.957499999999982,12.808251884432345,0.8098866597015729,0.0230365603808817,83.33333333333363,75.0,12.989999999999965,12.99499999999998,2809713.0,2406571.15,-12.499999999999725,105.71736785328628,72.36320329675577,13.025,12.675,,,,0.0,0.0,0.0,0.0,0.0,0.0,,0.0,0.0,0.0157,-0.2069,0.0,1.67,-0.03,0,False,0,False,False,True,True,1.0029991137734109,False,True,False,False,True,False,False,False,False,True,False,False,False,False,False,True,True,False,-20.0,-12.0,0.3831417624520991,25.0,0.772888647819709,False,False,True,False,False,False,False,-1,False,8,False,False,542.3046549115707,,3,False,3,False,False,False,False,"ema60_gt_ema120, rsi_strong, market_above_ma60, avoid_chase, obv_uptrend, cci_momentum, mfi_strong, above_ichimoku_cloud",,
2026-08-20,22.65,23.05,22.45,22.95,614000,14026950,1532,勤美,,-0.0560578309397996,-0.1861695075280162,0.1301116765882166,22.291119152108006,22.411866813855653,22.77272340182932,60.30951995502834,19.75995297521382,0.4723986708566827,552573.75,12281252.35,23.3,21.5,-0.0421130220666488,-0.0142252303316039,0.047945205479452,0.02,22.5,0.55703483766321,23.211615065845717,22.13499999999999,21.05838493415427,0.8785011123543004,0.0972771688137088,93.5483870967741,92.04138155751023,22.41999999999989,22.139999999999965,-10713157.0,-11838105.2,-5.000000000000071,102.06142695894953,58.25589604015553,23.0125,22.225,,,,0.0,0.0,0.0,0.0,0.0,0.0,,0.0,0.0,0.2531,-0.0455,0.0,6.79,0.06,0,False,0,False,False,True,False,1.1111638944122844,False,True,False,False,True,False,False,False,False,True,False,False,False,False,False,True,True,True,-20.0,-12.0,1.525054466230943,15.0,0.6472581474824882,False,False,False,False,False,False,False,-1,False,6,False,False,426.8787367139127,,3,False,3,False,False,False,False,"rsi_strong, market_above_ma60, avoid_chase, obv_uptrend, cci_momentum, mfi_strong",,
2026-08-20,31.35,31.45,31.05,31.3,44000,1371500,1533,車王電,,-0.8545638733654464,-0.8542039537085768,-0.0003599196568695,32.43436487426278,33.8362654995481,33.74580951005376,36.06085508730634,35.43232264990884,1.0704283729253383,128862.25,4147713.1,33.55,31.1,-0.1963759305535107,-0.426179867345639,-0.0234009360374414,0.0064308681672025,31.1,0.6692637208048502,33.728252319074095,32.23249999999989,30.73674768092568,0.1882839531289991,0.0928101958628224,14.545454545454623,13.580083961208706,31.45,32.00500000000011,7072400.0,7575055.45,-86.20689655172406,-111.428028142233,30.491536417442163,36.625,37.0,,,,0.0,0.0,0.0,0.0,0.0,0.0,,0.0,0.0,0.2821,-0.1586,0.0,6.41,-0.18,0,False,0,False,False,False,True,0.3414498815595723,False,False,True,False,True,False,False,False,True,False,False,False,False,False,False,False,False,False,20.0,12.0,7.188498402555899,0.0,-0.6965147949627174,False,False,False,False,False,False,False,-1,False,5,False,False,412.0563212760431,,8,False,3,False,True,False,True,"ema60_gt_ema120, market_above_ma60, avoid_chase, adx_trending, kd_golden_cross",,close_below_ema20
2026-08-20,45.7,46.0,45.7,46.0,19000,873150,1535,中宇,,-0.6056909628339113,-0.7470111657435481,0.1413202029096367,46.374623399978944,47.97653965741064,49.41645961091894,41.18179247901873,15.77800458983862,0.7502852104807383,58447.55,2687821.8,46.5,45.7,0.0190770174746482,-0.1977865546462596,-0.0032502708559046,0.0054644808743169,45.75,0.9673813539674028,46.42966483262286,45.94500000000007,45.46033516737728,0.5567402422229535,0.0210976094296567,42.30769230769218,35.89743589743557,45.92999999999993,46.03999999999997,-1342499.0,-1396957.2,-57.69230769230782,-57.539682539681166,44.882723781461976,50.3125,51.225,,,,0.0,0.0,0.0,0.0,0.0,0.0,,0.0,0.0,-0.3741,-0.158,0.0,0.9,-0.04,0,False,0,False,False,False,False,0.3250777834143604,False,False,False,False,True,False,False,False,True,True,False,False,False,False,False,False,False,False,0.0,0.0,1.0869565217391304,15.0,0.2188420249349985,False,False,False,False,False,False,False,-1,False,4,False,False,235.8768821333636,,3,False,3,False,True,False,True,"market_above_ma60, avoid_chase, kd_golden_cross, obv_uptrend",,close_below_ema20
2026-08-20,50.5,51.5,50.1,50.3,1009000,51165500,1536,和大,,0.1273765985986443,0.1088098203939495,0.0185667782046948,50.51501748547288,50.71548293829212,52.02052571515418,49.213985389939296,14.674008490154565,1.9689011980291076,1704189.95,84863647.1,52.0,50.2,0.3777453487284657,0.0025144381312188,-0.015655577299413,0.0019920318725097,50.2,0.5114010008760876,53.885476162067015,49.89499999999998,45.90452383793295,0.5507458237502951,0.1599549518816328,22.222222222222136,16.42061642061708,50.659999999999854,51.06000000000004,82372433.0,80742671.55,-41.89189189189192,23.87759699190753,58.92999828807273,52.1125,51.925,,,,0.0,0.0,0.0,0.0,0.0,0.0,,0.0,0.0,0.0959,0.1981,0.0,5.96,-0.05,0,False,0,False,False,False,False,0.592070150396087,False,False,False,False,True,True,False,False,True,True,False,False,False,False,False,False,True,False,10.0,0.0,3.379721669980125,8.0,0.1194675732902583,False,False,False,True,False,False,False,-1,False,6,True,False,420.354312383444,,3,False,3,False,True,False,True,"market_above_ma60, avoid_chase, liquidity_ok, kd_golden_cross, obv_uptrend, mfi_strong",long_upper_shadow,close_below_ema20
2026-08-20,122.0,122.0,120.0,120.0,169000,20351500,1537,廣隆,,-0.6389824065925325,0.0001989596706643,-0.6391813662631968,125.67321359305184,125.84146885567908,125.75432576225764,26.69769272618441,17.54061629506695,1.8152080959078665,152897.35,19232423.75,128.0,121.0,-0.1238067458614381,-0.0102871892402604,-0.0625,-0.0082644628099173,121.0,2.7878437868794497,130.3548751503546,126.25,122.1451248496454,-0.2612899017720566,0.065027725154132,0.0,26.14379084967307,124.6,125.95,-3683257.0,-3431263.85,-100.0,-306.25711035267403,58.17926246806355,126.125,125.75,,,,0.0,0.0,0.0,0.0,0.0,0.0,,0.0,0.0,0.0708,0.0624,0.0,15.61,-0.34,0,False,0,False,False,False,True,1.1053167370134276,False,False,False,False,True,False,False,False,False,False,False,False,False,False,False,False,True,False,20.0,25.0,6.666666666666667,0.0,-1.2480300300825178,False,False,False,False,False,False,False,-1,False,4,False,False,281.07680700914403,,3,False,3,False,True,True,True,"ema60_gt_ema120, market_above_ma60, avoid_chase, mfi_strong",,"close_below_ema20, close_below_swing_low"
2026-08-20,0.0,0.0,0.0,0.0,0,0,1538,正峰,,-1.1103306291044397,-1.256700276945213,0.1463696478407734,3.8333548535245434,6.6448766465800375,9.876045349880831,44.93314803615668,11.471928464752953,3.3712873877694816,2552.6,25099.9,10.2,0.0,,,-1.0,,0.0,0.0003741674773628,13.394515540421327,3.878999999999951,-5.636515540421425,0.2961749952736572,4.906169394391078,0.0,33.188405797101346,3.6719999999999344,2.755999999999949,-93611.0,-95857.15,-100.0,-55.55555555555556,76.4768723485112,5.75,6.675,,,,0.0,0.0,0.0,0.0,0.0,0.0,,0.0,0.0,-0.7551,-0.6905,0.0,0.03,0.0,0,False,0,False,False,False,False,0.0,False,False,False,False,True,False,False,False,False,True,False,False,False,False,False,False,True,True,20.0,0.0,999.0,0.0,0.1216755147643499,False,False,False,False,False,False,False,-1,False,4,False,False,241.4601061771722,,3,False,3,False,True,False,True,"market_above_ma60, avoid_chase, obv_uptrend, mfi_strong",,close_below_ema20
2026-08-20,15.75,15.9,15.7,15.9,32000,504550,1539,巨庭,,-0.0307229008636404,0.020491985303259,-0.0512148861668995,16.024058524014603,16.058265211753902,16.3448634072738,46.87218962951452,17.854762535829295,0.3115512022517296,71907.6,1157591.1,16.4,15.7,-0.0767045759413922,0.0144239252000459,-0.0124223602484472,0.0127388535031847,15.7,0.3814649716879351,16.4438681079679,16.080000000000062,15.71613189203222,0.2526576305280785,0.0452572273591839,27.272727272727344,12.121212121212617,15.879999999999928,16.05,-5467802.0,-5416005.35,-72.72727272727265,-108.00744878956876,49.04446171279605,15.975,15.975,,,,0.0,0.0,0.0,0.0,0.0,0.0,,0.0,0.0,-0.0647,0.1425,0.0,1.19,-0.09,0,False,0,False,False,False,False,0.4450155477306988,False,False,False,False,True,False,False,False,False,False,False,False,False,False,False,False,False,False,10.0,0.0,3.144654088050304,8.0,-0.1446195791578467,False,False,False,False,False,False,False,-1,False,2,False,False,110.71472052741284,,3,False,3,False,True,False,True,"market_above_ma60, avoid_chase",,close_below_ema20
2026-08-20,19.0,19.1,18.95,19.1,101000,1918100,1540,喬福,,-0.6314679884796845,-0.6073159045366154,-0.0241520839430691,19.850619717102308,20.87606745603669,21.629690606307417,35.240187130953345,23.35121181125813,0.5114806710679707,275075.05,5420903.05,21.55,18.95,-0.403127229880061,-0.2510923425319812,-0.0052083333333332,0.0052631578947368,19.0,0.4266327212488071,21.275326762497546,19.744999999999983,18.21467323750242,0.2892606939228741,0.1550090415292543,21.739130434782638,11.083911825599596,19.089999999999964,19.384999999999945,3195545.0,3614807.7,-86.11111111111109,-81.51901045232567,38.43897373028933,22.6625,22.025,,,,0.0,0.0,0.0,0.0,0.0,0.0,,0.0,0.0,-0.4121,-0.3342,0.0,1.52,-0.5,0,False,0,False,False,False,False,0.3671725225533904,False,False,True,False,True,False,False,False,False,False,False,False,False,False,False,False,False,False,10.0,0.0,12.827225130890046,0.0,-0.4365018757398422,False,False,False,False,False,False,False,-1,False,3,False,False,153.43370271665577,,5,False,3,False,True,False,True,"market_above_ma60, avoid_chase, adx_trending",,close_below_ema20
2026-08-20,21.4,21.7,21.0,21.7,20000,427300,1541,錩泰,,0.0249321117442562,0.0084151454590885,0.0165169662851676,21.715665562013744,21.923776659305613,22.62247280162391,49.84901930473863,20.222035803579672,0.7924998413788507,21353.4,458983.45,22.3,21.5,0.0978799830807652,0.0237022316452343,0.0,0.0046296296296295,21.6,0.8354039614631518,22.43833161511157,21.630000000000063,20.821668384888557,0.543299061110136,0.0747417119844204,43.74999999999992,48.22530864197506,21.800000000000185,21.75500000000011,213407.0,164954.85,-52.94117647058828,-37.403740374036985,45.65797071129142,21.4125,22.0,,,,0.0,0.0,0.0,0.0,0.0,0.0,,0.0,0.0,-0.341,0.1848,0.0,9.95,-0.03,0,False,0,False,False,False,False,0.9366189927599352,False,False,True,False,True,False,False,False,False,True,False,False,False,False,False,False,False,True,0.0,0.0,2.7649769585253523,8.0,0.7149312233259946,False,False,False,False,False,False,False,-1,False,4,False,False,260.9453646075113,,3,False,3,False,True,False,True,"market_above_ma60, avoid_chase, adx_trending, obv_uptrend",,close_below_ema20
2026-08-20,100.0,103.0,99.8,103.0,232000,23647600,1558,伸興,,2.2860908098805908,1.349024665230537,0.9370661446500536,95.7537304974139,93.45300215921948,93.48972452747816,77.63888767463196,25.677368880393907,1.8040073303480224,125837.5,11934060.6,99.7,91.5,0.6641110777336849,0.1048361183755782,0.0629514963880288,0.033099297893681,99.7,1.5263812215430983,101.93228689682697,94.17500000000037,86.41771310317378,1.068820008681762,0.1647419569275615,100.0,93.56481481481508,99.5800000000003,97.42000000000044,3179367.0,2590173.2,-0.0,160.58394160583924,84.36361090883302,91.65,91.45,,,,0.0,0.0,0.0,0.0,0.0,0.0,,0.0,0.0,0.2512,0.2048,0.0,6.99,-0.02,0,False,0,False,False,True,False,1.8436475613390284,True,True,True,True,False,False,False,False,False,True,False,False,False,True,False,False,True,True,-20.0,-25.0,-3.2038834951456283,25.0,1.0707253665116865,False,False,True,False,False,False,False,-1,False,9,False,False,681.2851800115305,,8,False,3,False,False,False,False,"volume_break, rsi_strong, breakout_20d, market_above_ma60, adx_trending, obv_uptrend, breakout_volume_confirm, mfi_strong, above_ichimoku_cloud",,
2026-08-20,715.0,717.0,690.0,698.0,1073000,750930000,1560,中砂,,8.005911950680456,3.901345565545831,4.104566385134626,695.0649281828889,673.6547873624932,617.4055998268242,50.97583249500577,9.75408882242149,37.62723659152676,1543808.8,1049954985.05,742.0,662.0,0.7233341970302416,-0.0418623523563839,-0.0127298444130127,-0.0127298444130127,707.0,0.8284697020583408,759.4834976816513,679.2,598.9165023183488,0.6170850831297094,0.2364060591332487,37.03703703703704,47.211579395487206,716.0,705.2,130625409.0,128941139.95,-44.34782608695652,49.70480293601376,68.17573170244421,699.0,655.0,,,,0.0,0.0,0.0,0.0,0.0,0.0,,0.0,0.0,0.2656,0.0641,0.0,38.18,0.73,0,False,0,False,False,True,True,0.6950342555373438,False,False,False,False,True,True,False,False,False,True,False,False,False,False,False,False,True,True,0.0,0.0,6.303724928366762,0.0,0.516117251939506,False,False,False,False,False,False,False,-1,False,6,False,False,433.1437495786475,,3,True,3,False,False,False,False,"ema60_gt_ema120, market_above_ma60, avoid_chase, liquidity_ok, obv_uptrend, mfi_strong",,
2026-08-20,61.3,63.7,61.3,63.5,805000,50313800,1563,巧新,,0.4424258735456376,-0.154340275705956,0.5967661492515937,60.974248244720016,59.29070460924214,55.60831042125034,55.41165046688526,15.687960413441632,3.2295654647936747,1350540.0,80421310.05,65.3,56.5,0.5895046743171133,-0.1558999241838282,0.0079365079365079,0.0409836065573769,61.0,0.5434212648230242,66.5215964601779,59.37999999999992,52.238403539821945,0.7884509103093035,0.2405387827611313,80.95238095238095,68.2539682539682,62.4,61.76999999999989,20052048.0,16546157.85,-15.625000000000004,77.08104143747715,62.22393846885252,66.225,56.875,,,,0.0,0.0,0.0,0.0,0.0,0.0,,0.0,0.0,0.1193,-0.1323,0.0,4.06,-0.32,0,False,0,False,False,True,True,0.5960578731470375,False,True,False,False,True,True,False,False,False,True,False,False,False,False,False,False,True,True,-20.0,0.0,2.834645669291334,8.0,0.7399677761991603,False,False,False,False,False,False,False,-1,False,7,False,False,472.8401920458603,,3,False,3,False,False,False,False,"ema60_gt_ema120, rsi_strong, market_above_ma60, avoid_chase, liquidity_ok, obv_uptrend, mfi_strong",,
2026-08-20,28.95,29.2,28.4,29.2,193000,5551600,1568,倉佑,,-0.8096691767145288,-1.2528219105777023,0.4431527338631735,29.296605072650877,31.255917911731323,30.358439823996815,46.44136335623681,15.510263871582609,1.2219396218818377,430483.5,11985447.9,30.1,27.9,0.4328315620268426,-0.9766167396029636,-0.0299003322259137,0.0209790209790208,28.6,0.6468516858305946,30.400943186412704,28.28000000000002,26.15905681358733,0.7168846402614035,0.1499959820659606,56.86274509803918,47.058823529411406,29.18000000000011,28.99000000000005,22464934.0,21772999.7,-29.72972972972977,53.80017079419316,63.635084765753184,36.6,38.7,,,,0.0,0.0,0.0,0.0,0.0,0.0,,0.0,0.0,0.182,-0.0726,0.0,4.01,-0.22,0,False,0,False,False,False,True,0.4483330952289693,False,False,False,False,True,False,False,False,True,True,False,False,False,False,False,False,True,True,0.0,0.0,3.082191780821925,8.0,0.1610475100959876,False,False,False,False,False,False,False,-1,False,6,False,False,444.4159010734416,,3,False,3,False,True,False,True,"ema60_gt_ema120, market_above_ma60, avoid_chase, kd_golden_cross, obv_uptrend, mfi_strong",,close_below_ema20
