{
  "auc": 0.5031884057971014,
  "precision": 0.2967032967032967,
  "recall": 0.2
}