{
  "auc": 0.658209281337413,
  "precision": 0.2905848413322843,
  "recall": 0.6752666328085323
}