{
  "auc": 0.6593199553224203,
  "precision": 0.39691478942213515,
  "recall": 0.16465210766886745,
  "thresholds": {
    "0.55": {
      "precision": 0.4270941054808687,
      "recall": 0.08390045708481463,
      "signals": 1934
    },
    "0.6": {
      "precision": 0.43665158371040724,
      "recall": 0.039207719654647026,
      "signals": 884
    },
    "0.65": {
      "precision": 0.44717444717444715,
      "recall": 0.018486541391569324,
      "signals": 407
    },
    "0.7": {
      "precision": 0.44565217391304346,
      "recall": 0.008329101066531234,
      "signals": 184
    }
  }
}